<?xml version="1.0" encoding="utf-8"?><kml xmlns="http://www.opengis.net/kml/2.2" xmlns:xsi="http://www.w3.org/2001/XMLSchema-instance" xmlns:kmlx="http://www.google.com/kml/ext/2.2" xmlns:atom="http://www.w3.org/2005/Atom" xmlns:gpxx="http://www.garmin.com/xmlschemas/GpxExtensions/v3"><Document><Style id="point"><IconStyle><scale>0.9</scale><Icon><href>http://maps.google.com/mapfiles/kml/shapes/placemark_circle.png</href></Icon></IconStyle></Style><Folder><name>Tracce</name><Folder><name>Barmasse-Cibrario (registrato) 001</name><Folder><name>Punti</name><Style><ListStyle><listItemType>checkHideChildren</listItemType></ListStyle></Style><Placemark><TimeSpan><begin>2023-07-09T07:26:00Z</begin><end>2023-07-09T07:26:00Z</end></TimeSpan><Style><IconStyle><scale>0.9</scale><Icon><href>http://connect.garmin.com/image/main/icons/kml/grn-play.png</href></Icon></IconStyle></Style><Point><altitudeMode>clampToGround</altitudeMode><coordinates>7.1799142844975,45.244450243189931,1560.8399999999999</coordinates></Point></Placemark><Placemark><TimeSpan><begin>2023-07-09T07:26:00Z</begin><end>2023-07-09T07:26:01Z</end></TimeSpan><styleUrl>#point</styleUrl><Point><altitudeMode>clampToGround</altitudeMode><coordinates>7.179917385801673,45.244442448019981,1561.3199999999999</coordinates></Point></Placemark><Placemark><TimeSpan><begin>2023-07-09T07:26:01Z</begin><end>2023-07-09T07:26:05Z</end></TimeSpan><styleUrl>#point</styleUrl><Point><altitudeMode>clampToGround</altitudeMode><coordinates>7.179904812946916,45.244423169642687,1560.8399999999999</coordinates></Point></Placemark><Placemark><TimeSpan><begin>2023-07-09T07:26:05Z</begin><end>2023-07-09T07:26:07Z</end></TimeSpan><styleUrl>#point</styleUrl><Point><altitudeMode>clampToGround</altitudeMode><coordinates>7.179878912866116,45.244423421099782,1560.8399999999999</coordinates></Point></Placemark><Placemark><TimeSpan><begin>2023-07-09T07:26:07Z</begin><end>2023-07-09T07:26:08Z</end></TimeSpan><styleUrl>#point</styleUrl><Point><altitudeMode>clampToGround</altitudeMode><coordinates>7.17986642383039,45.244444627314806,1560.8399999999999</coordinates></Point></Placemark><Placemark><TimeSpan><begin>2023-07-09T07:26:08Z</begin><end>2023-07-09T07:26:09Z</end></TimeSpan><styleUrl>#point</styleUrl><Point><altitudeMode>clampToGround</altitudeMode><coordinates>7.179860975593329,45.244454937055707,1560.8399999999999</coordinates></Point></Placemark><Placemark><TimeSpan><begin>2023-07-09T07:26:09Z</begin><end>2023-07-09T07:26:19Z</end></TimeSpan><styleUrl>#point</styleUrl><Point><altitudeMode>clampToGround</altitudeMode><coordinates>7.179797776043415,45.244527440518141,1559.4000000000001</coordinates></Point></Placemark><Placemark><TimeSpan><begin>2023-07-09T07:26:19Z</begin><end>2023-07-09T07:26:26Z</end></TimeSpan><styleUrl>#point</styleUrl><Point><altitudeMode>clampToGround</altitudeMode><coordinates>7.179734576493502,45.244571110233665,1558.4300000000001</coordinates></Point></Placemark><Placemark><TimeSpan><begin>2023-07-09T07:26:26Z</begin><end>2023-07-09T07:26:27Z</end></TimeSpan><styleUrl>#point</styleUrl><Point><altitudeMode>clampToGround</altitudeMode><coordinates>7.179708844050765,45.244577648118138,1558.4300000000001</coordinates></Point></Placemark><Placemark><TimeSpan><begin>2023-07-09T07:26:27Z</begin><end>2023-07-09T07:26:28Z</end></TimeSpan><styleUrl>#point</styleUrl><Point><altitudeMode>clampToGround</altitudeMode><coordinates>7.179675232619047,45.244583766907454,1558.4300000000001</coordinates></Point></Placemark><Placemark><TimeSpan><begin>2023-07-09T07:26:28Z</begin><end>2023-07-09T07:26:35Z</end></TimeSpan><styleUrl>#point</styleUrl><Point><altitudeMode>clampToGround</altitudeMode><coordinates>7.179572470486164,45.244597597047687,1556.99</coordinates></Point></Placemark><Placemark><TimeSpan><begin>2023-07-09T07:26:35Z</begin><end>2023-07-09T07:26:36Z</end></TimeSpan><styleUrl>#point</styleUrl><Point><altitudeMode>clampToGround</altitudeMode><coordinates>7.179554449394345,45.244601285085082,1556.99</coordinates></Point></Placemark><Placemark><TimeSpan><begin>2023-07-09T07:26:36Z</begin><end>2023-07-09T07:26:37Z</end></TimeSpan><styleUrl>#point</styleUrl><Point><altitudeMode>clampToGround</altitudeMode><coordinates>7.179527627304196,45.244596172124147,1556.99</coordinates></Point></Placemark><Placemark><TimeSpan><begin>2023-07-09T07:26:37Z</begin><end>2023-07-09T07:26:38Z</end></TimeSpan><styleUrl>#point</styleUrl><Point><altitudeMode>clampToGround</altitudeMode><coordinates>7.179501391947269,45.244590556249022,1556.03</coordinates></Point></Placemark><Placemark><TimeSpan><begin>2023-07-09T07:26:38Z</begin><end>2023-07-09T07:26:39Z</end></TimeSpan><styleUrl>#point</styleUrl><Point><altitudeMode>clampToGround</altitudeMode><coordinates>7.17948529869318,45.244590137153864,1556.03</coordinates></Point></Placemark><Placemark><TimeSpan><begin>2023-07-09T07:26:39Z</begin><end>2023-07-09T07:26:49Z</end></TimeSpan><styleUrl>#point</styleUrl><Point><altitudeMode>clampToGround</altitudeMode><coordinates>7.179405000060797,45.244596675038338,1556.51</coordinates></Point></Placemark><Placemark><TimeSpan><begin>2023-07-09T07:26:49Z</begin><end>2023-07-09T07:26:58Z</end></TimeSpan><styleUrl>#point</styleUrl><Point><altitudeMode>clampToGround</altitudeMode><coordinates>7.179357223212719,45.244562309235334,1556.03</coordinates></Point></Placemark><Placemark><TimeSpan><begin>2023-07-09T07:26:58Z</begin><end>2023-07-09T07:27:09Z</end></TimeSpan><styleUrl>#point</styleUrl><Point><altitudeMode>clampToGround</altitudeMode><coordinates>7.179324198514223,45.244419481605291,1555.0699999999999</coordinates></Point></Placemark><Placemark><TimeSpan><begin>2023-07-09T07:27:09Z</begin><end>2023-07-09T07:27:19Z</end></TimeSpan><styleUrl>#point</styleUrl><Point><altitudeMode>clampToGround</altitudeMode><coordinates>7.17927910387516,45.244296602904797,1553.6300000000001</coordinates></Point></Placemark><Placemark><TimeSpan><begin>2023-07-09T07:27:19Z</begin><end>2023-07-09T07:27:20Z</end></TimeSpan><styleUrl>#point</styleUrl><Point><altitudeMode>clampToGround</altitudeMode><coordinates>7.179262423887849,45.244285957887769,1553.6300000000001</coordinates></Point></Placemark><Placemark><TimeSpan><begin>2023-07-09T07:27:20Z</begin><end>2023-07-09T07:27:21Z</end></TimeSpan><styleUrl>#point</styleUrl><Point><altitudeMode>clampToGround</altitudeMode><coordinates>7.179245660081506,45.244277995079756,1553.6300000000001</coordinates></Point></Placemark><Placemark><TimeSpan><begin>2023-07-09T07:27:21Z</begin><end>2023-07-09T07:27:34Z</end></TimeSpan><styleUrl>#point</styleUrl><Point><altitudeMode>clampToGround</altitudeMode><coordinates>7.179166870191693,45.244136843830347,1553.1500000000001</coordinates></Point></Placemark><Placemark><TimeSpan><begin>2023-07-09T07:27:34Z</begin><end>2023-07-09T07:27:39Z</end></TimeSpan><styleUrl>#point</styleUrl><Point><altitudeMode>clampToGround</altitudeMode><coordinates>7.179145328700542,45.244064591825008,1552.6700000000001</coordinates></Point></Placemark><Placemark><TimeSpan><begin>2023-07-09T07:27:39Z</begin><end>2023-07-09T07:27:40Z</end></TimeSpan><styleUrl>#point</styleUrl><Point><altitudeMode>clampToGround</altitudeMode><coordinates>7.179131666198373,45.244053276255727,1552.1900000000001</coordinates></Point></Placemark><Placemark><TimeSpan><begin>2023-07-09T07:27:40Z</begin><end>2023-07-09T07:27:52Z</end></TimeSpan><styleUrl>#point</styleUrl><Point><altitudeMode>clampToGround</altitudeMode><coordinates>7.179053295403719,45.244026957079768,1550.74</coordinates></Point></Placemark><Placemark><TimeSpan><begin>2023-07-09T07:27:52Z</begin><end>2023-07-09T07:28:14Z</end></TimeSpan><styleUrl>#point</styleUrl><Point><altitudeMode>clampToGround</altitudeMode><coordinates>7.179015409201384,45.243973564356565,1550.74</coordinates></Point></Placemark><Placemark><TimeSpan><begin>2023-07-09T07:28:14Z</begin><end>2023-07-09T07:28:36Z</end></TimeSpan><styleUrl>#point</styleUrl><Point><altitudeMode>clampToGround</altitudeMode><coordinates>7.179025216028094,45.24401287548244,1550.74</coordinates></Point></Placemark><Placemark><TimeSpan><begin>2023-07-09T07:28:36Z</begin><end>2023-07-09T07:28:58Z</end></TimeSpan><styleUrl>#point</styleUrl><Point><altitudeMode>clampToGround</altitudeMode><coordinates>7.17903133481741,45.244038105010986,1550.26</coordinates></Point></Placemark><Placemark><TimeSpan><begin>2023-07-09T07:28:58Z</begin><end>2023-07-09T07:29:11Z</end></TimeSpan><styleUrl>#point</styleUrl><Point><altitudeMode>clampToGround</altitudeMode><coordinates>7.179081458598375,45.244057383388281,1550.26</coordinates></Point></Placemark><Placemark><TimeSpan><begin>2023-07-09T07:29:11Z</begin><end>2023-07-09T07:29:24Z</end></TimeSpan><styleUrl>#point</styleUrl><Point><altitudeMode>clampToGround</altitudeMode><coordinates>7.179016247391701,45.244050091132522,1550.26</coordinates></Point></Placemark><Placemark><TimeSpan><begin>2023-07-09T07:29:24Z</begin><end>2023-07-09T07:29:34Z</end></TimeSpan><styleUrl>#point</styleUrl><Point><altitudeMode>clampToGround</altitudeMode><coordinates>7.178878197446466,45.244058640673757,1549.78</coordinates></Point></Placemark><Placemark><TimeSpan><begin>2023-07-09T07:29:34Z</begin><end>2023-07-09T07:29:43Z</end></TimeSpan><styleUrl>#point</styleUrl><Point><altitudeMode>clampToGround</altitudeMode><coordinates>7.178803263232112,45.243999129161239,1551.22</coordinates></Point></Placemark><Placemark><TimeSpan><begin>2023-07-09T07:29:43Z</begin><end>2023-07-09T07:29:56Z</end></TimeSpan><styleUrl>#point</styleUrl><Point><altitudeMode>clampToGround</altitudeMode><coordinates>7.178747858852148,45.24385554715991,1551.22</coordinates></Point></Placemark><Placemark><TimeSpan><begin>2023-07-09T07:29:56Z</begin><end>2023-07-09T07:30:08Z</end></TimeSpan><styleUrl>#point</styleUrl><Point><altitudeMode>clampToGround</altitudeMode><coordinates>7.178692454472184,45.243809027597308,1552.1900000000001</coordinates></Point></Placemark><Placemark><TimeSpan><begin>2023-07-09T07:30:08Z</begin><end>2023-07-09T07:30:19Z</end></TimeSpan><styleUrl>#point</styleUrl><Point><altitudeMode>clampToGround</altitudeMode><coordinates>7.178683737292886,45.243780361488461,1552.6700000000001</coordinates></Point></Placemark><Placemark><TimeSpan><begin>2023-07-09T07:30:19Z</begin><end>2023-07-09T07:30:37Z</end></TimeSpan><styleUrl>#point</styleUrl><Point><altitudeMode>clampToGround</altitudeMode><coordinates>7.178719276562333,45.243738787248731,1553.1500000000001</coordinates></Point></Placemark><Placemark><TimeSpan><begin>2023-07-09T07:30:37Z</begin><end>2023-07-09T07:30:47Z</end></TimeSpan><styleUrl>#point</styleUrl><Point><altitudeMode>clampToGround</altitudeMode><coordinates>7.178657334297895,45.243697632104158,1553.1500000000001</coordinates></Point></Placemark><Placemark><TimeSpan><begin>2023-07-09T07:30:47Z</begin><end>2023-07-09T07:30:57Z</end></TimeSpan><styleUrl>#point</styleUrl><Point><altitudeMode>clampToGround</altitudeMode><coordinates>7.178615173324943,45.243644239380956,1555.0699999999999</coordinates></Point></Placemark><Placemark><TimeSpan><begin>2023-07-09T07:30:57Z</begin><end>2023-07-09T07:31:09Z</end></TimeSpan><styleUrl>#point</styleUrl><Point><altitudeMode>clampToGround</altitudeMode><coordinates>7.178629674017429,45.243584979325533,1556.03</coordinates></Point></Placemark><Placemark><TimeSpan><begin>2023-07-09T07:31:09Z</begin><end>2023-07-09T07:31:19Z</end></TimeSpan><styleUrl>#point</styleUrl><Point><altitudeMode>clampToGround</altitudeMode><coordinates>7.178603187203407,45.243535442277789,1557.95</coordinates></Point></Placemark><Placemark><TimeSpan><begin>2023-07-09T07:31:19Z</begin><end>2023-07-09T07:31:38Z</end></TimeSpan><styleUrl>#point</styleUrl><Point><altitudeMode>clampToGround</altitudeMode><coordinates>7.178603187203407,45.243509542196989,1557.95</coordinates></Point></Placemark><Placemark><TimeSpan><begin>2023-07-09T07:31:38Z</begin><end>2023-07-09T07:31:50Z</end></TimeSpan><styleUrl>#point</styleUrl><Point><altitudeMode>clampToGround</altitudeMode><coordinates>7.178591955453157,45.243480540812016,1558.9200000000001</coordinates></Point></Placemark><Placemark><TimeSpan><begin>2023-07-09T07:31:50Z</begin><end>2023-07-09T07:32:00Z</end></TimeSpan><styleUrl>#point</styleUrl><Point><altitudeMode>clampToGround</altitudeMode><coordinates>7.178544346243143,45.243437122553587,1561.3199999999999</coordinates></Point></Placemark><Placemark><TimeSpan><begin>2023-07-09T07:32:00Z</begin><end>2023-07-09T07:32:12Z</end></TimeSpan><styleUrl>#point</styleUrl><Point><altitudeMode>clampToGround</altitudeMode><coordinates>7.178501682356,45.243358835577965,1563.24</coordinates></Point></Placemark><Placemark><TimeSpan><begin>2023-07-09T07:32:12Z</begin><end>2023-07-09T07:32:24Z</end></TimeSpan><styleUrl>#point</styleUrl><Point><altitudeMode>clampToGround</altitudeMode><coordinates>7.178437728434801,45.243307873606682,1564.6800000000001</coordinates></Point></Placemark><Placemark><TimeSpan><begin>2023-07-09T07:32:24Z</begin><end>2023-07-09T07:32:36Z</end></TimeSpan><styleUrl>#point</styleUrl><Point><altitudeMode>clampToGround</altitudeMode><coordinates>7.17835558578372,45.24324769154191,1566.1199999999999</coordinates></Point></Placemark><Placemark><TimeSpan><begin>2023-07-09T07:32:36Z</begin><end>2023-07-09T07:32:47Z</end></TimeSpan><styleUrl>#point</styleUrl><Point><altitudeMode>clampToGround</altitudeMode><coordinates>7.178307389840484,45.243222797289491,1567.0899999999999</coordinates></Point></Placemark><Placemark><TimeSpan><begin>2023-07-09T07:32:47Z</begin><end>2023-07-09T07:32:59Z</end></TimeSpan><styleUrl>#point</styleUrl><Point><altitudeMode>clampToGround</altitudeMode><coordinates>7.178306384012103,45.243174182251096,1569.49</coordinates></Point></Placemark><Placemark><TimeSpan><begin>2023-07-09T07:32:59Z</begin><end>2023-07-09T07:33:13Z</end></TimeSpan><styleUrl>#point</styleUrl><Point><altitudeMode>clampToGround</altitudeMode><coordinates>7.178298756480217,45.243126070126891,1569.97</coordinates></Point></Placemark><Placemark><TimeSpan><begin>2023-07-09T07:33:13Z</begin><end>2023-07-09T07:33:25Z</end></TimeSpan><styleUrl>#point</styleUrl><Point><altitudeMode>clampToGround</altitudeMode><coordinates>7.178270677104592,45.243089525029063,1570.45</coordinates></Point></Placemark><Placemark><TimeSpan><begin>2023-07-09T07:33:25Z</begin><end>2023-07-09T07:33:37Z</end></TimeSpan><styleUrl>#point</styleUrl><Point><altitudeMode>clampToGround</altitudeMode><coordinates>7.178273526951671,45.243035880848765,1572.3699999999999</coordinates></Point></Placemark><Placemark><TimeSpan><begin>2023-07-09T07:33:37Z</begin><end>2023-07-09T07:33:48Z</end></TimeSpan><styleUrl>#point</styleUrl><Point><altitudeMode>clampToGround</altitudeMode><coordinates>7.178277717903256,45.242994977161288,1573.8199999999999</coordinates></Point></Placemark><Placemark><TimeSpan><begin>2023-07-09T07:33:48Z</begin><end>2023-07-09T07:34:01Z</end></TimeSpan><styleUrl>#point</styleUrl><Point><altitudeMode>clampToGround</altitudeMode><coordinates>7.178252656012774,45.242921803146601,1576.22</coordinates></Point></Placemark><Placemark><TimeSpan><begin>2023-07-09T07:34:01Z</begin><end>2023-07-09T07:34:10Z</end></TimeSpan><styleUrl>#point</styleUrl><Point><altitudeMode>clampToGround</altitudeMode><coordinates>7.178197754547,45.242884419858456,1577.1800000000001</coordinates></Point></Placemark><Placemark><TimeSpan><begin>2023-07-09T07:34:10Z</begin><end>2023-07-09T07:34:21Z</end></TimeSpan><styleUrl>#point</styleUrl><Point><altitudeMode>clampToGround</altitudeMode><coordinates>7.178110498934984,45.242833038792014,1578.6199999999999</coordinates></Point></Placemark><Placemark><TimeSpan><begin>2023-07-09T07:34:21Z</begin><end>2023-07-09T07:34:29Z</end></TimeSpan><styleUrl>#point</styleUrl><Point><altitudeMode>clampToGround</altitudeMode><coordinates>7.178100692108274,45.242809569463134,1579.0999999999999</coordinates></Point></Placemark><Placemark><TimeSpan><begin>2023-07-09T07:34:29Z</begin><end>2023-07-09T07:34:39Z</end></TimeSpan><styleUrl>#point</styleUrl><Point><altitudeMode>clampToGround</altitudeMode><coordinates>7.178086107596755,45.242746202275157,1580.0599999999999</coordinates></Point></Placemark><Placemark><TimeSpan><begin>2023-07-09T07:34:39Z</begin><end>2023-07-09T07:34:50Z</end></TimeSpan><styleUrl>#point</styleUrl><Point><altitudeMode>clampToGround</altitudeMode><coordinates>7.178072025999427,45.242691803723574,1581.51</coordinates></Point></Placemark><Placemark><TimeSpan><begin>2023-07-09T07:34:50Z</begin><end>2023-07-09T07:35:01Z</end></TimeSpan><styleUrl>#point</styleUrl><Point><altitudeMode>clampToGround</altitudeMode><coordinates>7.17797932215035,45.242625754326582,1582.95</coordinates></Point></Placemark><Placemark><TimeSpan><begin>2023-07-09T07:35:01Z</begin><end>2023-07-09T07:35:11Z</end></TimeSpan><styleUrl>#point</styleUrl><Point><altitudeMode>clampToGround</altitudeMode><coordinates>7.177962893620133,45.242579905316234,1584.3900000000001</coordinates></Point></Placemark><Placemark><TimeSpan><begin>2023-07-09T07:35:11Z</begin><end>2023-07-09T07:35:21Z</end></TimeSpan><styleUrl>#point</styleUrl><Point><altitudeMode>clampToGround</altitudeMode><coordinates>7.177922911942005,45.242520058527589,1585.8299999999999</coordinates></Point></Placemark><Placemark><TimeSpan><begin>2023-07-09T07:35:21Z</begin><end>2023-07-09T07:35:33Z</end></TimeSpan><styleUrl>#point</styleUrl><Point><altitudeMode>clampToGround</altitudeMode><coordinates>7.177900783717632,45.242435485124588,1587.27</coordinates></Point></Placemark><Placemark><TimeSpan><begin>2023-07-09T07:35:33Z</begin><end>2023-07-09T07:35:45Z</end></TimeSpan><styleUrl>#point</styleUrl><Point><altitudeMode>clampToGround</altitudeMode><coordinates>7.177825849503279,45.242347810417414,1589.2</coordinates></Point></Placemark><Placemark><TimeSpan><begin>2023-07-09T07:35:45Z</begin><end>2023-07-09T07:35:56Z</end></TimeSpan><styleUrl>#point</styleUrl><Point><altitudeMode>clampToGround</altitudeMode><coordinates>7.177774552255869,45.242265164852142,1591.1199999999999</coordinates></Point></Placemark><Placemark><TimeSpan><begin>2023-07-09T07:35:56Z</begin><end>2023-07-09T07:36:07Z</end></TimeSpan><styleUrl>#point</styleUrl><Point><altitudeMode>clampToGround</altitudeMode><coordinates>7.177715711295605,45.242203054949641,1592.5599999999999</coordinates></Point></Placemark><Placemark><TimeSpan><begin>2023-07-09T07:36:07Z</begin><end>2023-07-09T07:36:16Z</end></TimeSpan><styleUrl>#point</styleUrl><Point><altitudeMode>clampToGround</altitudeMode><coordinates>7.17770766466856,45.242163157090545,1594.48</coordinates></Point></Placemark><Placemark><TimeSpan><begin>2023-07-09T07:36:16Z</begin><end>2023-07-09T07:36:26Z</end></TimeSpan><styleUrl>#point</styleUrl><Point><altitudeMode>clampToGround</altitudeMode><coordinates>7.17773255892098,45.242076236754656,1595.9300000000001</coordinates></Point></Placemark><Placemark><TimeSpan><begin>2023-07-09T07:36:26Z</begin><end>2023-07-09T07:36:38Z</end></TimeSpan><styleUrl>#point</styleUrl><Point><altitudeMode>clampToGround</altitudeMode><coordinates>7.177722500637174,45.241973642259836,1597.8499999999999</coordinates></Point></Placemark><Placemark><TimeSpan><begin>2023-07-09T07:36:38Z</begin><end>2023-07-09T07:36:53Z</end></TimeSpan><styleUrl>#point</styleUrl><Point><altitudeMode>clampToGround</altitudeMode><coordinates>7.177725434303284,45.241880770772696,1600.73</coordinates></Point></Placemark><Placemark><TimeSpan><begin>2023-07-09T07:36:53Z</begin><end>2023-07-09T07:37:05Z</end></TimeSpan><styleUrl>#point</styleUrl><Point><altitudeMode>clampToGround</altitudeMode><coordinates>7.177707077935338,45.241793598979712,1603.1400000000001</coordinates></Point></Placemark><Placemark><TimeSpan><begin>2023-07-09T07:37:05Z</begin><end>2023-07-09T07:37:15Z</end></TimeSpan><styleUrl>#point</styleUrl><Point><altitudeMode>clampToGround</altitudeMode><coordinates>7.177719902247191,45.241724280640483,1605.0599999999999</coordinates></Point></Placemark><Placemark><TimeSpan><begin>2023-07-09T07:37:15Z</begin><end>2023-07-09T07:37:28Z</end></TimeSpan><styleUrl>#point</styleUrl><Point><altitudeMode>clampToGround</altitudeMode><coordinates>7.177725769579411,45.241689831018448,1606.02</coordinates></Point></Placemark><Placemark><TimeSpan><begin>2023-07-09T07:37:28Z</begin><end>2023-07-09T07:37:40Z</end></TimeSpan><styleUrl>#point</styleUrl><Point><altitudeMode>clampToGround</altitudeMode><coordinates>7.177707497030497,45.241664852946997,1606.02</coordinates></Point></Placemark><Placemark><TimeSpan><begin>2023-07-09T07:37:40Z</begin><end>2023-07-09T07:37:51Z</end></TimeSpan><styleUrl>#point</styleUrl><Point><altitudeMode>clampToGround</altitudeMode><coordinates>7.177678663283587,45.24158539250493,1607.9400000000001</coordinates></Point></Placemark><Placemark><TimeSpan><begin>2023-07-09T07:37:51Z</begin><end>2023-07-09T07:38:05Z</end></TimeSpan><styleUrl>#point</styleUrl><Point><altitudeMode>clampToGround</altitudeMode><coordinates>7.177676148712635,45.241563180461526,1608.9000000000001</coordinates></Point></Placemark><Placemark><TimeSpan><begin>2023-07-09T07:38:05Z</begin><end>2023-07-09T07:38:16Z</end></TimeSpan><styleUrl>#point</styleUrl><Point><altitudeMode>clampToGround</altitudeMode><coordinates>7.177636586129665,45.24148472584784,1609.8599999999999</coordinates></Point></Placemark><Placemark><TimeSpan><begin>2023-07-09T07:38:16Z</begin><end>2023-07-09T07:38:26Z</end></TimeSpan><styleUrl>#point</styleUrl><Point><altitudeMode>clampToGround</altitudeMode><coordinates>7.177618062123656,45.24143342860043,1611.79</coordinates></Point></Placemark><Placemark><TimeSpan><begin>2023-07-09T07:38:26Z</begin><end>2023-07-09T07:38:35Z</end></TimeSpan><styleUrl>#point</styleUrl><Point><altitudeMode>clampToGround</altitudeMode><coordinates>7.177609596401453,45.241371737793088,1613.23</coordinates></Point></Placemark><Placemark><TimeSpan><begin>2023-07-09T07:38:35Z</begin><end>2023-07-09T07:38:47Z</end></TimeSpan><styleUrl>#point</styleUrl><Point><altitudeMode>clampToGround</altitudeMode><coordinates>7.177638346329331,45.241303173825145,1615.1500000000001</coordinates></Point></Placemark><Placemark><TimeSpan><begin>2023-07-09T07:38:47Z</begin><end>2023-07-09T07:38:58Z</end></TimeSpan><styleUrl>#point</styleUrl><Point><altitudeMode>clampToGround</altitudeMode><coordinates>7.17764706350863,45.241229413077235,1617.0699999999999</coordinates></Point></Placemark><Placemark><TimeSpan><begin>2023-07-09T07:38:58Z</begin><end>2023-07-09T07:39:09Z</end></TimeSpan><styleUrl>#point</styleUrl><Point><altitudeMode>clampToGround</altitudeMode><coordinates>7.177610350772739,45.241164956241846,1619</coordinates></Point></Placemark><Placemark><TimeSpan><begin>2023-07-09T07:39:09Z</begin><end>2023-07-09T07:39:21Z</end></TimeSpan><styleUrl>#point</styleUrl><Point><altitudeMode>clampToGround</altitudeMode><coordinates>7.17755863443017,45.241101505234838,1620.9200000000001</coordinates></Point></Placemark><Placemark><TimeSpan><begin>2023-07-09T07:39:21Z</begin><end>2023-07-09T07:39:32Z</end></TimeSpan><styleUrl>#point</styleUrl><Point><altitudeMode>clampToGround</altitudeMode><coordinates>7.177550671622157,45.241009136661887,1622.3599999999999</coordinates></Point></Placemark><Placemark><TimeSpan><begin>2023-07-09T07:39:32Z</begin><end>2023-07-09T07:39:41Z</end></TimeSpan><styleUrl>#point</styleUrl><Point><altitudeMode>clampToGround</altitudeMode><coordinates>7.177539356052876,45.240947948768735,1624.28</coordinates></Point></Placemark><Placemark><TimeSpan><begin>2023-07-09T07:39:41Z</begin><end>2023-07-09T07:39:51Z</end></TimeSpan><styleUrl>#point</styleUrl><Point><altitudeMode>clampToGround</altitudeMode><coordinates>7.177500128746033,45.24088223464787,1625.73</coordinates></Point></Placemark><Placemark><TimeSpan><begin>2023-07-09T07:39:51Z</begin><end>2023-07-09T07:39:52Z</end></TimeSpan><styleUrl>#point</styleUrl><Point><altitudeMode>clampToGround</altitudeMode><coordinates>7.177495267242193,45.240872595459223,1625.73</coordinates></Point></Placemark><Placemark><TimeSpan><begin>2023-07-09T07:39:52Z</begin><end>2023-07-09T07:40:03Z</end></TimeSpan><styleUrl>#point</styleUrl><Point><altitudeMode>clampToGround</altitudeMode><coordinates>7.177543882280588,45.24079673923552,1626.6900000000001</coordinates></Point></Placemark><Placemark><TimeSpan><begin>2023-07-09T07:40:03Z</begin><end>2023-07-09T07:40:16Z</end></TimeSpan><styleUrl>#point</styleUrl><Point><altitudeMode>clampToGround</altitudeMode><coordinates>7.177634406834841,45.240811826661229,1627.6500000000001</coordinates></Point></Placemark><Placemark><TimeSpan><begin>2023-07-09T07:40:16Z</begin><end>2023-07-09T07:40:27Z</end></TimeSpan><styleUrl>#point</styleUrl><Point><altitudeMode>clampToGround</altitudeMode><coordinates>7.177719399333,45.240834709256887,1626.21</coordinates></Point></Placemark><Placemark><TimeSpan><begin>2023-07-09T07:40:27Z</begin><end>2023-07-09T07:40:38Z</end></TimeSpan><styleUrl>#point</styleUrl><Point><altitudeMode>clampToGround</altitudeMode><coordinates>7.177785867825151,45.240822220221162,1627.1700000000001</coordinates></Point></Placemark><Placemark><TimeSpan><begin>2023-07-09T07:40:38Z</begin><end>2023-07-09T07:40:49Z</end></TimeSpan><styleUrl>#point</styleUrl><Point><altitudeMode>clampToGround</altitudeMode><coordinates>7.177839512005448,45.240817023441195,1627.1700000000001</coordinates></Point></Placemark><Placemark><TimeSpan><begin>2023-07-09T07:40:49Z</begin><end>2023-07-09T07:41:01Z</end></TimeSpan><styleUrl>#point</styleUrl><Point><altitudeMode>clampToGround</altitudeMode><coordinates>7.177892820909619,45.24079623632133,1625.73</coordinates></Point></Placemark><Placemark><TimeSpan><begin>2023-07-09T07:41:01Z</begin><end>2023-07-09T07:41:13Z</end></TimeSpan><styleUrl>#point</styleUrl><Point><altitudeMode>clampToGround</altitudeMode><coordinates>7.177921989932656,45.240774862468243,1625.25</coordinates></Point></Placemark><Placemark><TimeSpan><begin>2023-07-09T07:41:13Z</begin><end>2023-07-09T07:41:25Z</end></TimeSpan><styleUrl>#point</styleUrl><Point><altitudeMode>clampToGround</altitudeMode><coordinates>7.178005976602435,45.240799086168408,1625.25</coordinates></Point></Placemark><Placemark><TimeSpan><begin>2023-07-09T07:41:25Z</begin><end>2023-07-09T07:41:38Z</end></TimeSpan><styleUrl>#point</styleUrl><Point><altitudeMode>clampToGround</altitudeMode><coordinates>7.178075714036822,45.240745358169079,1625.25</coordinates></Point></Placemark><Placemark><TimeSpan><begin>2023-07-09T07:41:38Z</begin><end>2023-07-09T07:41:52Z</end></TimeSpan><styleUrl>#point</styleUrl><Point><altitudeMode>clampToGround</altitudeMode><coordinates>7.178236143663526,45.240698754787445,1625.25</coordinates></Point></Placemark><Placemark><TimeSpan><begin>2023-07-09T07:41:52Z</begin><end>2023-07-09T07:42:08Z</end></TimeSpan><styleUrl>#point</styleUrl><Point><altitudeMode>clampToGround</altitudeMode><coordinates>7.178417863324285,45.240659443661571,1624.77</coordinates></Point></Placemark><Placemark><TimeSpan><begin>2023-07-09T07:42:08Z</begin><end>2023-07-09T07:42:23Z</end></TimeSpan><styleUrl>#point</styleUrl><Point><altitudeMode>clampToGround</altitudeMode><coordinates>7.178635038435459,45.240600183606148,1627.1700000000001</coordinates></Point></Placemark><Placemark><TimeSpan><begin>2023-07-09T07:42:23Z</begin><end>2023-07-09T07:42:35Z</end></TimeSpan><styleUrl>#point</styleUrl><Point><altitudeMode>clampToGround</altitudeMode><coordinates>7.178741991519928,45.240534888580441,1629.0899999999999</coordinates></Point></Placemark><Placemark><TimeSpan><begin>2023-07-09T07:42:35Z</begin><end>2023-07-09T07:42:52Z</end></TimeSpan><styleUrl>#point</styleUrl><Point><altitudeMode>clampToGround</altitudeMode><coordinates>7.178822122514248,45.240514269098639,1630.05</coordinates></Point></Placemark><Placemark><TimeSpan><begin>2023-07-09T07:42:52Z</begin><end>2023-07-09T07:43:07Z</end></TimeSpan><styleUrl>#point</styleUrl><Point><altitudeMode>clampToGround</altitudeMode><coordinates>7.178870905190706,45.240478729829192,1631.01</coordinates></Point></Placemark><Placemark><TimeSpan><begin>2023-07-09T07:43:07Z</begin><end>2023-07-09T07:43:17Z</end></TimeSpan><styleUrl>#point</styleUrl><Point><altitudeMode>clampToGround</altitudeMode><coordinates>7.17896687798202,45.240447968244553,1632.9400000000001</coordinates></Point></Placemark><Placemark><TimeSpan><begin>2023-07-09T07:43:17Z</begin><end>2023-07-09T07:43:29Z</end></TimeSpan><styleUrl>#point</styleUrl><Point><altitudeMode>clampToGround</altitudeMode><coordinates>7.179070143029094,45.240375380963087,1635.3399999999999</coordinates></Point></Placemark><Placemark><TimeSpan><begin>2023-07-09T07:43:29Z</begin><end>2023-07-09T07:43:38Z</end></TimeSpan><styleUrl>#point</styleUrl><Point><altitudeMode>clampToGround</altitudeMode><coordinates>7.179155889898539,45.240343445912004,1636.78</coordinates></Point></Placemark><Placemark><TimeSpan><begin>2023-07-09T07:43:38Z</begin><end>2023-07-09T07:43:52Z</end></TimeSpan><styleUrl>#point</styleUrl><Point><altitudeMode>clampToGround</altitudeMode><coordinates>7.179269548505545,45.240307487547398,1637.26</coordinates></Point></Placemark><Placemark><TimeSpan><begin>2023-07-09T07:43:52Z</begin><end>2023-07-09T07:44:06Z</end></TimeSpan><styleUrl>#point</styleUrl><Point><altitudeMode>clampToGround</altitudeMode><coordinates>7.179400054737926,45.240236995741725,1637.74</coordinates></Point></Placemark><Placemark><TimeSpan><begin>2023-07-09T07:44:06Z</begin><end>2023-07-09T07:44:17Z</end></TimeSpan><styleUrl>#point</styleUrl><Point><altitudeMode>clampToGround</altitudeMode><coordinates>7.179494267329574,45.240183435380459,1639.1900000000001</coordinates></Point></Placemark><Placemark><TimeSpan><begin>2023-07-09T07:44:17Z</begin><end>2023-07-09T07:44:30Z</end></TimeSpan><styleUrl>#point</styleUrl><Point><altitudeMode>clampToGround</altitudeMode><coordinates>7.179597616195679,45.240153511986136,1640.6300000000001</coordinates></Point></Placemark><Placemark><TimeSpan><begin>2023-07-09T07:44:30Z</begin><end>2023-07-09T07:44:43Z</end></TimeSpan><styleUrl>#point</styleUrl><Point><altitudeMode>clampToGround</altitudeMode><coordinates>7.179736420512199,45.2401502430439,1641.5899999999999</coordinates></Point></Placemark><Placemark><TimeSpan><begin>2023-07-09T07:44:43Z</begin><end>2023-07-09T07:44:55Z</end></TimeSpan><styleUrl>#point</styleUrl><Point><altitudeMode>clampToGround</altitudeMode><coordinates>7.179835913702846,45.240111770108342,1643.03</coordinates></Point></Placemark><Placemark><TimeSpan><begin>2023-07-09T07:44:55Z</begin><end>2023-07-09T07:45:06Z</end></TimeSpan><styleUrl>#point</styleUrl><Point><altitudeMode>clampToGround</altitudeMode><coordinates>7.179877990856767,45.240061478689313,1643.99</coordinates></Point></Placemark><Placemark><TimeSpan><begin>2023-07-09T07:45:06Z</begin><end>2023-07-09T07:45:21Z</end></TimeSpan><styleUrl>#point</styleUrl><Point><altitudeMode>clampToGround</altitudeMode><coordinates>7.179955774918199,45.240045888349414,1644.47</coordinates></Point></Placemark><Placemark><TimeSpan><begin>2023-07-09T07:45:21Z</begin><end>2023-07-09T07:45:41Z</end></TimeSpan><styleUrl>#point</styleUrl><Point><altitudeMode>clampToGround</altitudeMode><coordinates>7.179985949769616,45.239973636344075,1644.95</coordinates></Point></Placemark><Placemark><TimeSpan><begin>2023-07-09T07:45:41Z</begin><end>2023-07-09T07:45:52Z</end></TimeSpan><styleUrl>#point</styleUrl><Point><altitudeMode>clampToGround</altitudeMode><coordinates>7.180054429918528,45.239930134266615,1646.4000000000001</coordinates></Point></Placemark><Placemark><TimeSpan><begin>2023-07-09T07:45:52Z</begin><end>2023-07-09T07:46:04Z</end></TimeSpan><styleUrl>#point</styleUrl><Point><altitudeMode>clampToGround</altitudeMode><coordinates>7.180150989443064,45.239930134266615,1648.8</coordinates></Point></Placemark><Placemark><TimeSpan><begin>2023-07-09T07:46:04Z</begin><end>2023-07-09T07:46:18Z</end></TimeSpan><styleUrl>#point</styleUrl><Point><altitudeMode>clampToGround</altitudeMode><coordinates>7.180248806253076,45.239917226135731,1650.72</coordinates></Point></Placemark><Placemark><TimeSpan><begin>2023-07-09T07:46:18Z</begin><end>2023-07-09T07:46:28Z</end></TimeSpan><styleUrl>#point</styleUrl><Point><altitudeMode>clampToGround</altitudeMode><coordinates>7.180314939469099,45.239934660494328,1652.6400000000001</coordinates></Point></Placemark><Placemark><TimeSpan><begin>2023-07-09T07:46:28Z</begin><end>2023-07-09T07:46:40Z</end></TimeSpan><styleUrl>#point</styleUrl><Point><altitudeMode>clampToGround</altitudeMode><coordinates>7.180378474295139,45.239907754585147,1654.5699999999999</coordinates></Point></Placemark><Placemark><TimeSpan><begin>2023-07-09T07:46:40Z</begin><end>2023-07-09T07:46:53Z</end></TimeSpan><styleUrl>#point</styleUrl><Point><altitudeMode>clampToGround</altitudeMode><coordinates>7.180442931130529,45.239859726279974,1656.01</coordinates></Point></Placemark><Placemark><TimeSpan><begin>2023-07-09T07:46:53Z</begin><end>2023-07-09T07:47:05Z</end></TimeSpan><styleUrl>#point</styleUrl><Point><altitudeMode>clampToGround</altitudeMode><coordinates>7.180521553382278,45.239802226424217,1657.9300000000001</coordinates></Point></Placemark><Placemark><TimeSpan><begin>2023-07-09T07:47:05Z</begin><end>2023-07-09T07:47:19Z</end></TimeSpan><styleUrl>#point</styleUrl><Point><altitudeMode>clampToGround</altitudeMode><coordinates>7.180538233369589,45.239715976640582,1659.8499999999999</coordinates></Point></Placemark><Placemark><TimeSpan><begin>2023-07-09T07:47:19Z</begin><end>2023-07-09T07:47:30Z</end></TimeSpan><styleUrl>#point</styleUrl><Point><altitudeMode>clampToGround</altitudeMode><coordinates>7.180532617494464,45.239657303318381,1661.3</coordinates></Point></Placemark><Placemark><TimeSpan><begin>2023-07-09T07:47:30Z</begin><end>2023-07-09T07:47:42Z</end></TimeSpan><styleUrl>#point</styleUrl><Point><altitudeMode>clampToGround</altitudeMode><coordinates>7.180576287209988,45.239612124860287,1663.7</coordinates></Point></Placemark><Placemark><TimeSpan><begin>2023-07-09T07:47:42Z</begin><end>2023-07-09T07:47:55Z</end></TimeSpan><styleUrl>#point</styleUrl><Point><altitudeMode>clampToGround</altitudeMode><coordinates>7.18061207793653,45.239547919481993,1665.6199999999999</coordinates></Point></Placemark><Placemark><TimeSpan><begin>2023-07-09T07:47:55Z</begin><end>2023-07-09T07:48:08Z</end></TimeSpan><styleUrl>#point</styleUrl><Point><altitudeMode>clampToGround</altitudeMode><coordinates>7.180635714903474,45.23947449401021,1667.54</coordinates></Point></Placemark><Placemark><TimeSpan><begin>2023-07-09T07:48:08Z</begin><end>2023-07-09T07:48:23Z</end></TimeSpan><styleUrl>#point</styleUrl><Point><altitudeMode>clampToGround</altitudeMode><coordinates>7.180684832856059,45.239418670535088,1668.99</coordinates></Point></Placemark><Placemark><TimeSpan><begin>2023-07-09T07:48:23Z</begin><end>2023-07-09T07:48:36Z</end></TimeSpan><styleUrl>#point</styleUrl><Point><altitudeMode>clampToGround</altitudeMode><coordinates>7.180701931938529,45.239388411864638,1671.3900000000001</coordinates></Point></Placemark><Placemark><TimeSpan><begin>2023-07-09T07:48:36Z</begin><end>2023-07-09T07:48:54Z</end></TimeSpan><styleUrl>#point</styleUrl><Point><altitudeMode>clampToGround</altitudeMode><coordinates>7.180741913616657,45.239315154030919,1674.27</coordinates></Point></Placemark><Placemark><TimeSpan><begin>2023-07-09T07:48:54Z</begin><end>2023-07-09T07:49:06Z</end></TimeSpan><styleUrl>#point</styleUrl><Point><altitudeMode>clampToGround</altitudeMode><coordinates>7.180823553353548,45.239271903410554,1675.72</coordinates></Point></Placemark><Placemark><TimeSpan><begin>2023-07-09T07:49:06Z</begin><end>2023-07-09T07:49:21Z</end></TimeSpan><styleUrl>#point</styleUrl><Point><altitudeMode>clampToGround</altitudeMode><coordinates>7.180837215855718,45.239216163754463,1678.5999999999999</coordinates></Point></Placemark><Placemark><TimeSpan><begin>2023-07-09T07:49:21Z</begin><end>2023-07-09T07:49:36Z</end></TimeSpan><styleUrl>#point</styleUrl><Point><altitudeMode>clampToGround</altitudeMode><coordinates>7.180720875039697,45.239199819043279,1680.52</coordinates></Point></Placemark><Placemark><TimeSpan><begin>2023-07-09T07:49:36Z</begin><end>2023-07-09T07:49:50Z</end></TimeSpan><styleUrl>#point</styleUrl><Point><altitudeMode>clampToGround</altitudeMode><coordinates>7.180612497031689,45.239179199561477,1682.4400000000001</coordinates></Point></Placemark><Placemark><TimeSpan><begin>2023-07-09T07:49:50Z</begin><end>2023-07-09T07:50:01Z</end></TimeSpan><styleUrl>#point</styleUrl><Point><altitudeMode>clampToGround</altitudeMode><coordinates>7.180532198399305,45.23915690369904,1683.8900000000001</coordinates></Point></Placemark><Placemark><TimeSpan><begin>2023-07-09T07:50:01Z</begin><end>2023-07-09T07:50:15Z</end></TimeSpan><styleUrl>#point</styleUrl><Point><altitudeMode>clampToGround</altitudeMode><coordinates>7.180423066020012,45.239123040810227,1686.29</coordinates></Point></Placemark><Placemark><TimeSpan><begin>2023-07-09T07:50:15Z</begin><end>2023-07-09T07:50:33Z</end></TimeSpan><styleUrl>#point</styleUrl><Point><altitudeMode>clampToGround</altitudeMode><coordinates>7.180379647761583,45.239071575924754,1687.25</coordinates></Point></Placemark><Placemark><TimeSpan><begin>2023-07-09T07:50:33Z</begin><end>2023-07-09T07:50:53Z</end></TimeSpan><styleUrl>#point</styleUrl><Point><altitudeMode>clampToGround</altitudeMode><coordinates>7.180366739630699,45.23906453512609,1687.25</coordinates></Point></Placemark><Placemark><TimeSpan><begin>2023-07-09T07:50:53Z</begin><end>2023-07-09T07:51:08Z</end></TimeSpan><styleUrl>#point</styleUrl><Point><altitudeMode>clampToGround</altitudeMode><coordinates>7.180291134864092,45.239079119637609,1690.1400000000001</coordinates></Point></Placemark><Placemark><TimeSpan><begin>2023-07-09T07:51:08Z</begin><end>2023-07-09T07:51:20Z</end></TimeSpan><styleUrl>#point</styleUrl><Point><altitudeMode>clampToGround</altitudeMode><coordinates>7.180247297510505,45.23910216987133,1692.0599999999999</coordinates></Point></Placemark><Placemark><TimeSpan><begin>2023-07-09T07:51:20Z</begin><end>2023-07-09T07:51:34Z</end></TimeSpan><styleUrl>#point</styleUrl><Point><altitudeMode>clampToGround</altitudeMode><coordinates>7.180157778784633,45.239089010283351,1695.4200000000001</coordinates></Point></Placemark><Placemark><TimeSpan><begin>2023-07-09T07:51:34Z</begin><end>2023-07-09T07:51:46Z</end></TimeSpan><styleUrl>#point</styleUrl><Point><altitudeMode>clampToGround</altitudeMode><coordinates>7.180089130997658,45.239074593409896,1696.3800000000001</coordinates></Point></Placemark><Placemark><TimeSpan><begin>2023-07-09T07:51:46Z</begin><end>2023-07-09T07:51:58Z</end></TimeSpan><styleUrl>#point</styleUrl><Point><altitudeMode>clampToGround</altitudeMode><coordinates>7.179982932284474,45.239080796018243,1698.3099999999999</coordinates></Point></Placemark><Placemark><TimeSpan><begin>2023-07-09T07:51:58Z</begin><end>2023-07-09T07:52:08Z</end></TimeSpan><styleUrl>#point</styleUrl><Point><altitudeMode>clampToGround</altitudeMode><coordinates>7.17989819124341,45.239083897322416,1700.71</coordinates></Point></Placemark><Placemark><TimeSpan><begin>2023-07-09T07:52:08Z</begin><end>2023-07-09T07:52:20Z</end></TimeSpan><styleUrl>#point</styleUrl><Point><altitudeMode>clampToGround</altitudeMode><coordinates>7.179773887619376,45.239086076617241,1701.1900000000001</coordinates></Point></Placemark><Placemark><TimeSpan><begin>2023-07-09T07:52:20Z</begin><end>2023-07-09T07:52:32Z</end></TimeSpan><styleUrl>#point</styleUrl><Point><altitudeMode>clampToGround</altitudeMode><coordinates>7.179660396650434,45.239054979756474,1702.1500000000001</coordinates></Point></Placemark><Placemark><TimeSpan><begin>2023-07-09T07:52:32Z</begin><end>2023-07-09T07:52:46Z</end></TimeSpan><styleUrl>#point</styleUrl><Point><altitudeMode>clampToGround</altitudeMode><coordinates>7.179495356976986,45.239033941179514,1702.1500000000001</coordinates></Point></Placemark><Placemark><TimeSpan><begin>2023-07-09T07:52:46Z</begin><end>2023-07-09T07:52:59Z</end></TimeSpan><styleUrl>#point</styleUrl><Point><altitudeMode>clampToGround</altitudeMode><coordinates>7.179340962320566,45.239033354446292,1702.6300000000001</coordinates></Point></Placemark><Placemark><TimeSpan><begin>2023-07-09T07:52:59Z</begin><end>2023-07-09T07:53:09Z</end></TimeSpan><styleUrl>#point</styleUrl><Point><altitudeMode>clampToGround</altitudeMode><coordinates>7.179181454703212,45.239013908430934,1704.0699999999999</coordinates></Point></Placemark><Placemark><TimeSpan><begin>2023-07-09T07:53:09Z</begin><end>2023-07-09T07:53:21Z</end></TimeSpan><styleUrl>#point</styleUrl><Point><altitudeMode>clampToGround</altitudeMode><coordinates>7.179042566567659,45.238984236493707,1706</coordinates></Point></Placemark><Placemark><TimeSpan><begin>2023-07-09T07:53:21Z</begin><end>2023-07-09T07:53:32Z</end></TimeSpan><styleUrl>#point</styleUrl><Point><altitudeMode>clampToGround</altitudeMode><coordinates>7.178934691473842,45.238979626446962,1706.96</coordinates></Point></Placemark><Placemark><TimeSpan><begin>2023-07-09T07:53:32Z</begin><end>2023-07-09T07:53:45Z</end></TimeSpan><styleUrl>#point</styleUrl><Point><altitudeMode>clampToGround</altitudeMode><coordinates>7.178803095594049,45.238939644768834,1709.3599999999999</coordinates></Point></Placemark><Placemark><TimeSpan><begin>2023-07-09T07:53:45Z</begin><end>2023-07-09T07:53:57Z</end></TimeSpan><styleUrl>#point</styleUrl><Point><altitudeMode>clampToGround</altitudeMode><coordinates>7.178707541897893,45.238889437168837,1711.28</coordinates></Point></Placemark><Placemark><TimeSpan><begin>2023-07-09T07:53:57Z</begin><end>2023-07-09T07:54:10Z</end></TimeSpan><styleUrl>#point</styleUrl><Point><altitudeMode>clampToGround</altitudeMode><coordinates>7.178634619340301,45.238854987546802,1713.6900000000001</coordinates></Point></Placemark><Placemark><TimeSpan><begin>2023-07-09T07:54:10Z</begin><end>2023-07-09T07:54:23Z</end></TimeSpan><styleUrl>#point</styleUrl><Point><altitudeMode>clampToGround</altitudeMode><coordinates>7.178554320707917,45.238790446892381,1716.5699999999999</coordinates></Point></Placemark><Placemark><TimeSpan><begin>2023-07-09T07:54:23Z</begin><end>2023-07-09T07:54:36Z</end></TimeSpan><styleUrl>#point</styleUrl><Point><altitudeMode>clampToGround</altitudeMode><coordinates>7.178499838337302,45.238726660609245,1718.97</coordinates></Point></Placemark><Placemark><TimeSpan><begin>2023-07-09T07:54:36Z</begin><end>2023-07-09T07:54:47Z</end></TimeSpan><styleUrl>#point</styleUrl><Point><altitudeMode>clampToGround</altitudeMode><coordinates>7.178468490019441,45.238667316734791,1720.4200000000001</coordinates></Point></Placemark><Placemark><TimeSpan><begin>2023-07-09T07:54:47Z</begin><end>2023-07-09T07:54:59Z</end></TimeSpan><styleUrl>#point</styleUrl><Point><altitudeMode>clampToGround</altitudeMode><coordinates>7.178416103124619,45.238628005608916,1722.3399999999999</coordinates></Point></Placemark><Placemark><TimeSpan><begin>2023-07-09T07:54:59Z</begin><end>2023-07-09T07:55:16Z</end></TimeSpan><styleUrl>#point</styleUrl><Point><altitudeMode>clampToGround</altitudeMode><coordinates>7.178347622975707,45.238599674776196,1724.26</coordinates></Point></Placemark><Placemark><TimeSpan><begin>2023-07-09T07:55:16Z</begin><end>2023-07-09T07:55:30Z</end></TimeSpan><styleUrl>#point</styleUrl><Point><altitudeMode>clampToGround</altitudeMode><coordinates>7.178278220817447,45.23853924125433,1725.7</coordinates></Point></Placemark><Placemark><TimeSpan><begin>2023-07-09T07:55:30Z</begin><end>2023-07-09T07:55:45Z</end></TimeSpan><styleUrl>#point</styleUrl><Point><altitudeMode>clampToGround</altitudeMode><coordinates>7.178262630477548,45.238527422770858,1726.1800000000001</coordinates></Point></Placemark><Placemark><TimeSpan><begin>2023-07-09T07:55:45Z</begin><end>2023-07-09T07:55:59Z</end></TimeSpan><styleUrl>#point</styleUrl><Point><altitudeMode>clampToGround</altitudeMode><coordinates>7.178210495039821,45.238476376980543,1728.5899999999999</coordinates></Point></Placemark><Placemark><TimeSpan><begin>2023-07-09T07:55:59Z</begin><end>2023-07-09T07:56:13Z</end></TimeSpan><styleUrl>#point</styleUrl><Point><altitudeMode>clampToGround</altitudeMode><coordinates>7.178106810897589,45.238435389474034,1730.99</coordinates></Point></Placemark><Placemark><TimeSpan><begin>2023-07-09T07:56:13Z</begin><end>2023-07-09T07:56:23Z</end></TimeSpan><styleUrl>#point</styleUrl><Point><altitudeMode>clampToGround</altitudeMode><coordinates>7.178064649924636,45.238389791920781,1732.9100000000001</coordinates></Point></Placemark><Placemark><TimeSpan><begin>2023-07-09T07:56:23Z</begin><end>2023-07-09T07:56:35Z</end></TimeSpan><styleUrl>#point</styleUrl><Point><altitudeMode>clampToGround</altitudeMode><coordinates>7.178024249151349,45.238318629562855,1734.8399999999999</coordinates></Point></Placemark><Placemark><TimeSpan><begin>2023-07-09T07:56:35Z</begin><end>2023-07-09T07:56:45Z</end></TimeSpan><styleUrl>#point</styleUrl><Point><altitudeMode>clampToGround</altitudeMode><coordinates>7.178099183365703,45.238322988152504,1737.24</coordinates></Point></Placemark><Placemark><TimeSpan><begin>2023-07-09T07:56:45Z</begin><end>2023-07-09T07:56:57Z</end></TimeSpan><styleUrl>#point</styleUrl><Point><altitudeMode>clampToGround</altitudeMode><coordinates>7.178219128400087,45.238299854099751,1738.6800000000001</coordinates></Point></Placemark><Placemark><TimeSpan><begin>2023-07-09T07:56:57Z</begin><end>2023-07-09T07:57:09Z</end></TimeSpan><styleUrl>#point</styleUrl><Point><altitudeMode>clampToGround</altitudeMode><coordinates>7.178325578570366,45.238281581550837,1740.5999999999999</coordinates></Point></Placemark><Placemark><TimeSpan><begin>2023-07-09T07:57:09Z</begin><end>2023-07-09T07:57:21Z</end></TimeSpan><styleUrl>#point</styleUrl><Point><altitudeMode>clampToGround</altitudeMode><coordinates>7.178421216085553,45.238244365900755,1742.53</coordinates></Point></Placemark><Placemark><TimeSpan><begin>2023-07-09T07:57:21Z</begin><end>2023-07-09T07:57:33Z</end></TimeSpan><styleUrl>#point</styleUrl><Point><altitudeMode>clampToGround</altitudeMode><coordinates>7.178464801982045,45.238217627629638,1745.4100000000001</coordinates></Point></Placemark><Placemark><TimeSpan><begin>2023-07-09T07:57:33Z</begin><end>2023-07-09T07:57:45Z</end></TimeSpan><styleUrl>#point</styleUrl><Point><altitudeMode>clampToGround</altitudeMode><coordinates>7.178414259105921,45.238195667043328,1747.8099999999999</coordinates></Point></Placemark><Placemark><TimeSpan><begin>2023-07-09T07:57:45Z</begin><end>2023-07-09T07:57:56Z</end></TimeSpan><styleUrl>#point</styleUrl><Point><altitudeMode>clampToGround</altitudeMode><coordinates>7.178391879424453,45.238151159137487,1749.74</coordinates></Point></Placemark><Placemark><TimeSpan><begin>2023-07-09T07:57:56Z</begin><end>2023-07-09T07:58:09Z</end></TimeSpan><styleUrl>#point</styleUrl><Point><altitudeMode>clampToGround</altitudeMode><coordinates>7.17840638011694,45.238113440573215,1752.1400000000001</coordinates></Point></Placemark><Placemark><TimeSpan><begin>2023-07-09T07:58:09Z</begin><end>2023-07-09T07:58:22Z</end></TimeSpan><styleUrl>#point</styleUrl><Point><altitudeMode>clampToGround</altitudeMode><coordinates>7.17846404761076,45.238094916567206,1754.0599999999999</coordinates></Point></Placemark><Placemark><TimeSpan><begin>2023-07-09T07:58:22Z</begin><end>2023-07-09T07:58:35Z</end></TimeSpan><styleUrl>#point</styleUrl><Point><altitudeMode>clampToGround</altitudeMode><coordinates>7.178445439785719,45.238046385347843,1756.47</coordinates></Point></Placemark><Placemark><TimeSpan><begin>2023-07-09T07:58:35Z</begin><end>2023-07-09T07:58:47Z</end></TimeSpan><styleUrl>#point</styleUrl><Point><altitudeMode>clampToGround</altitudeMode><coordinates>7.178416354581714,45.238017132505774,1758.3900000000001</coordinates></Point></Placemark><Placemark><TimeSpan><begin>2023-07-09T07:58:47Z</begin><end>2023-07-09T07:58:59Z</end></TimeSpan><styleUrl>#point</styleUrl><Point><altitudeMode>clampToGround</altitudeMode><coordinates>7.178413756191731,45.2379743847996,1760.3099999999999</coordinates></Point></Placemark><Placemark><TimeSpan><begin>2023-07-09T07:58:59Z</begin><end>2023-07-09T07:59:09Z</end></TimeSpan><styleUrl>#point</styleUrl><Point><altitudeMode>clampToGround</altitudeMode><coordinates>7.178451307117939,45.23794362321496,1762.23</coordinates></Point></Placemark><Placemark><TimeSpan><begin>2023-07-09T07:59:09Z</begin><end>2023-07-09T07:59:20Z</end></TimeSpan><styleUrl>#point</styleUrl><Point><altitudeMode>clampToGround</altitudeMode><coordinates>7.178391376510263,45.237925937399268,1764.1600000000001</coordinates></Point></Placemark><Placemark><TimeSpan><begin>2023-07-09T07:59:20Z</begin><end>2023-07-09T07:59:30Z</end></TimeSpan><styleUrl>#point</styleUrl><Point><altitudeMode>clampToGround</altitudeMode><coordinates>7.178384084254503,45.237886542454362,1765.1199999999999</coordinates></Point></Placemark><Placemark><TimeSpan><begin>2023-07-09T07:59:30Z</begin><end>2023-07-09T07:59:44Z</end></TimeSpan><styleUrl>#point</styleUrl><Point><altitudeMode>clampToGround</altitudeMode><coordinates>7.178438398987055,45.23786642588675,1767.52</coordinates></Point></Placemark><Placemark><TimeSpan><begin>2023-07-09T07:59:44Z</begin><end>2023-07-09T07:59:57Z</end></TimeSpan><styleUrl>#point</styleUrl><Point><altitudeMode>clampToGround</altitudeMode><coordinates>7.178499419242144,45.237859217450023,1769.4400000000001</coordinates></Point></Placemark><Placemark><TimeSpan><begin>2023-07-09T07:59:57Z</begin><end>2023-07-09T08:00:18Z</end></TimeSpan><styleUrl>#point</styleUrl><Point><altitudeMode>clampToGround</altitudeMode><coordinates>7.178491624072194,45.23783222772181,1769.4400000000001</coordinates></Point></Placemark><Placemark><TimeSpan><begin>2023-07-09T08:00:18Z</begin><end>2023-07-09T08:00:33Z</end></TimeSpan><styleUrl>#point</styleUrl><Point><altitudeMode>clampToGround</altitudeMode><coordinates>7.178573431447148,45.237852763384581,1769.9200000000001</coordinates></Point></Placemark><Placemark><TimeSpan><begin>2023-07-09T08:00:33Z</begin><end>2023-07-09T08:00:45Z</end></TimeSpan><styleUrl>#point</styleUrl><Point><altitudeMode>clampToGround</altitudeMode><coordinates>7.178699243813753,45.237887715920806,1770.8900000000001</coordinates></Point></Placemark><Placemark><TimeSpan><begin>2023-07-09T08:00:45Z</begin><end>2023-07-09T08:00:58Z</end></TimeSpan><styleUrl>#point</styleUrl><Point><altitudeMode>clampToGround</altitudeMode><coordinates>7.178818685933948,45.23788939230144,1773.29</coordinates></Point></Placemark><Placemark><TimeSpan><begin>2023-07-09T08:00:58Z</begin><end>2023-07-09T08:01:08Z</end></TimeSpan><styleUrl>#point</styleUrl><Point><altitudeMode>clampToGround</altitudeMode><coordinates>7.178851878270507,45.237886542454362,1774.25</coordinates></Point></Placemark><Placemark><TimeSpan><begin>2023-07-09T08:01:08Z</begin><end>2023-07-09T08:01:24Z</end></TimeSpan><styleUrl>#point</styleUrl><Point><altitudeMode>clampToGround</altitudeMode><coordinates>7.178898984566331,45.237892409786582,1774.25</coordinates></Point></Placemark><Placemark><TimeSpan><begin>2023-07-09T08:01:24Z</begin><end>2023-07-09T08:01:28Z</end></TimeSpan><styleUrl>#point</styleUrl><Point><altitudeMode>clampToGround</altitudeMode><coordinates>7.178947096690536,45.237895846366882,1775.21</coordinates></Point></Placemark><Placemark><TimeSpan><begin>2023-07-09T08:01:28Z</begin><end>2023-07-09T08:01:43Z</end></TimeSpan><styleUrl>#point</styleUrl><Point><altitudeMode>clampToGround</altitudeMode><coordinates>7.179167373105884,45.237870449200273,1775.6900000000001</coordinates></Point></Placemark><Placemark><TimeSpan><begin>2023-07-09T08:01:43Z</begin><end>2023-07-09T08:01:57Z</end></TimeSpan><styleUrl>#point</styleUrl><Point><altitudeMode>clampToGround</altitudeMode><coordinates>7.179320007562637,45.2378292940557,1776.1700000000001</coordinates></Point></Placemark><Placemark><TimeSpan><begin>2023-07-09T08:01:57Z</begin><end>2023-07-09T08:02:12Z</end></TimeSpan><styleUrl>#point</styleUrl><Point><altitudeMode>clampToGround</altitudeMode><coordinates>7.179368706420064,45.23780289106071,1776.1700000000001</coordinates></Point></Placemark><Placemark><TimeSpan><begin>2023-07-09T08:02:12Z</begin><end>2023-07-09T08:02:25Z</end></TimeSpan><styleUrl>#point</styleUrl><Point><altitudeMode>clampToGround</altitudeMode><coordinates>7.17941589653492,45.237741367891431,1778.0999999999999</coordinates></Point></Placemark><Placemark><TimeSpan><begin>2023-07-09T08:02:25Z</begin><end>2023-07-09T08:02:36Z</end></TimeSpan><styleUrl>#point</styleUrl><Point><altitudeMode>clampToGround</altitudeMode><coordinates>7.179409526288509,45.237706331536174,1780.02</coordinates></Point></Placemark><Placemark><TimeSpan><begin>2023-07-09T08:02:36Z</begin><end>2023-07-09T08:02:48Z</end></TimeSpan><styleUrl>#point</styleUrl><Point><altitudeMode>clampToGround</altitudeMode><coordinates>7.17945990152657,45.237675737589598,1782.4200000000001</coordinates></Point></Placemark><Placemark><TimeSpan><begin>2023-07-09T08:02:48Z</begin><end>2023-07-09T08:02:59Z</end></TimeSpan><styleUrl>#point</styleUrl><Point><altitudeMode>clampToGround</altitudeMode><coordinates>7.179500637575984,45.237647825852036,1783.8599999999999</coordinates></Point></Placemark><Placemark><TimeSpan><begin>2023-07-09T08:02:59Z</begin><end>2023-07-09T08:03:10Z</end></TimeSpan><styleUrl>#point</styleUrl><Point><altitudeMode>clampToGround</altitudeMode><coordinates>7.179520251229405,45.237614046782255,1786.27</coordinates></Point></Placemark><Placemark><TimeSpan><begin>2023-07-09T08:03:10Z</begin><end>2023-07-09T08:03:21Z</end></TimeSpan><styleUrl>#point</styleUrl><Point><altitudeMode>clampToGround</altitudeMode><coordinates>7.179569033905864,45.237564090639353,1788.1900000000001</coordinates></Point></Placemark><Placemark><TimeSpan><begin>2023-07-09T08:03:21Z</begin><end>2023-07-09T08:03:34Z</end></TimeSpan><styleUrl>#point</styleUrl><Point><altitudeMode>clampToGround</altitudeMode><coordinates>7.179448334500194,45.237506423145533,1789.6300000000001</coordinates></Point></Placemark><Placemark><TimeSpan><begin>2023-07-09T08:03:34Z</begin><end>2023-07-09T08:03:47Z</end></TimeSpan><styleUrl>#point</styleUrl><Point><altitudeMode>clampToGround</altitudeMode><coordinates>7.179339453577995,45.237445319071412,1790.1099999999999</coordinates></Point></Placemark><Placemark><TimeSpan><begin>2023-07-09T08:03:47Z</begin><end>2023-07-09T08:04:01Z</end></TimeSpan><styleUrl>#point</styleUrl><Point><altitudeMode>clampToGround</altitudeMode><coordinates>7.17930793762207,45.237431321293116,1790.1099999999999</coordinates></Point></Placemark><Placemark><TimeSpan><begin>2023-07-09T08:04:01Z</begin><end>2023-07-09T08:04:24Z</end></TimeSpan><styleUrl>#point</styleUrl><Point><altitudeMode>clampToGround</altitudeMode><coordinates>7.179321432486177,45.237491335719824,1790.5899999999999</coordinates></Point></Placemark><Placemark><TimeSpan><begin>2023-07-09T08:04:24Z</begin><end>2023-07-09T08:04:45Z</end></TimeSpan><styleUrl>#point</styleUrl><Point><altitudeMode>clampToGround</altitudeMode><coordinates>7.179327551275492,45.237477170303464,1790.5899999999999</coordinates></Point></Placemark><Placemark><TimeSpan><begin>2023-07-09T08:04:45Z</begin><end>2023-07-09T08:05:02Z</end></TimeSpan><styleUrl>#point</styleUrl><Point><altitudeMode>clampToGround</altitudeMode><coordinates>7.179340291768313,45.237452695146203,1790.5899999999999</coordinates></Point></Placemark><Placemark><TimeSpan><begin>2023-07-09T08:05:02Z</begin><end>2023-07-09T08:05:23Z</end></TimeSpan><styleUrl>#point</styleUrl><Point><altitudeMode>clampToGround</altitudeMode><coordinates>7.179301399737597,45.237437859177589,1791.0699999999999</coordinates></Point></Placemark><Placemark><TimeSpan><begin>2023-07-09T08:05:23Z</begin><end>2023-07-09T08:05:35Z</end></TimeSpan><styleUrl>#point</styleUrl><Point><altitudeMode>clampToGround</altitudeMode><coordinates>7.179185142740607,45.237389160320163,1791.55</coordinates></Point></Placemark><Placemark><TimeSpan><begin>2023-07-09T08:05:35Z</begin><end>2023-07-09T08:05:50Z</end></TimeSpan><styleUrl>#point</styleUrl><Point><altitudeMode>clampToGround</altitudeMode><coordinates>7.179105179384351,45.23734456859529,1793.48</coordinates></Point></Placemark><Placemark><TimeSpan><begin>2023-07-09T08:05:50Z</begin><end>2023-07-09T08:06:05Z</end></TimeSpan><styleUrl>#point</styleUrl><Point><altitudeMode>clampToGround</altitudeMode><coordinates>7.17890091240406,45.237313220277429,1796.8399999999999</coordinates></Point></Placemark><Placemark><TimeSpan><begin>2023-07-09T08:06:05Z</begin><end>2023-07-09T08:06:17Z</end></TimeSpan><styleUrl>#point</styleUrl><Point><altitudeMode>clampToGround</altitudeMode><coordinates>7.178898146376014,45.237266030162573,1798.76</coordinates></Point></Placemark><Placemark><TimeSpan><begin>2023-07-09T08:06:17Z</begin><end>2023-07-09T08:06:29Z</end></TimeSpan><styleUrl>#point</styleUrl><Point><altitudeMode>clampToGround</altitudeMode><coordinates>7.178987497463822,45.237208446487784,1800.6900000000001</coordinates></Point></Placemark><Placemark><TimeSpan><begin>2023-07-09T08:06:29Z</begin><end>2023-07-09T08:06:40Z</end></TimeSpan><styleUrl>#point</styleUrl><Point><altitudeMode>clampToGround</altitudeMode><coordinates>7.178961765021086,45.237111719325185,1802.6099999999999</coordinates></Point></Placemark><Placemark><TimeSpan><begin>2023-07-09T08:06:40Z</begin><end>2023-07-09T08:06:55Z</end></TimeSpan><styleUrl>#point</styleUrl><Point><altitudeMode>clampToGround</altitudeMode><coordinates>7.178869647905231,45.237035360187292,1805.49</coordinates></Point></Placemark><Placemark><TimeSpan><begin>2023-07-09T08:06:55Z</begin><end>2023-07-09T08:07:05Z</end></TimeSpan><styleUrl>#point</styleUrl><Point><altitudeMode>clampToGround</altitudeMode><coordinates>7.178814494982362,45.236975429579616,1806.9400000000001</coordinates></Point></Placemark><Placemark><TimeSpan><begin>2023-07-09T08:07:05Z</begin><end>2023-07-09T08:07:17Z</end></TimeSpan><styleUrl>#point</styleUrl><Point><altitudeMode>clampToGround</altitudeMode><coordinates>7.178743751719594,45.236924802884459,1808.3800000000001</coordinates></Point></Placemark><Placemark><TimeSpan><begin>2023-07-09T08:07:17Z</begin><end>2023-07-09T08:07:30Z</end></TimeSpan><styleUrl>#point</styleUrl><Point><altitudeMode>clampToGround</altitudeMode><coordinates>7.178682647645474,45.236844420433044,1811.26</coordinates></Point></Placemark><Placemark><TimeSpan><begin>2023-07-09T08:07:30Z</begin><end>2023-07-09T08:07:42Z</end></TimeSpan><styleUrl>#point</styleUrl><Point><altitudeMode>clampToGround</altitudeMode><coordinates>7.17861550860107,45.236787255853415,1814.1500000000001</coordinates></Point></Placemark><Placemark><TimeSpan><begin>2023-07-09T08:07:42Z</begin><end>2023-07-09T08:07:55Z</end></TimeSpan><styleUrl>#point</styleUrl><Point><altitudeMode>clampToGround</altitudeMode><coordinates>7.178483745083213,45.236744675785303,1815.5899999999999</coordinates></Point></Placemark><Placemark><TimeSpan><begin>2023-07-09T08:07:55Z</begin><end>2023-07-09T08:08:07Z</end></TimeSpan><styleUrl>#point</styleUrl><Point><altitudeMode>clampToGround</altitudeMode><coordinates>7.178382659330964,45.236723553389311,1816.55</coordinates></Point></Placemark><Placemark><TimeSpan><begin>2023-07-09T08:08:07Z</begin><end>2023-07-09T08:08:21Z</end></TimeSpan><styleUrl>#point</styleUrl><Point><altitudeMode>clampToGround</altitudeMode><coordinates>7.178278975188732,45.236693378537893,1817.51</coordinates></Point></Placemark><Placemark><TimeSpan><begin>2023-07-09T08:08:21Z</begin><end>2023-07-09T08:08:35Z</end></TimeSpan><styleUrl>#point</styleUrl><Point><altitudeMode>clampToGround</altitudeMode><coordinates>7.178097339347005,45.236672339960933,1817.99</coordinates></Point></Placemark><Placemark><TimeSpan><begin>2023-07-09T08:08:35Z</begin><end>2023-07-09T08:08:45Z</end></TimeSpan><styleUrl>#point</styleUrl><Point><altitudeMode>clampToGround</altitudeMode><coordinates>7.177942022681236,45.236642584204674,1817.99</coordinates></Point></Placemark><Placemark><TimeSpan><begin>2023-07-09T08:08:45Z</begin><end>2023-07-09T08:08:48Z</end></TimeSpan><styleUrl>#point</styleUrl><Point><altitudeMode>clampToGround</altitudeMode><coordinates>7.177896508947015,45.236625904217362,1817.99</coordinates></Point></Placemark><Placemark><TimeSpan><begin>2023-07-09T08:08:48Z</begin><end>2023-07-09T08:09:03Z</end></TimeSpan><styleUrl>#point</styleUrl><Point><altitudeMode>clampToGround</altitudeMode><coordinates>7.177719566971064,45.236516101285815,1817.99</coordinates></Point></Placemark><Placemark><TimeSpan><begin>2023-07-09T08:09:03Z</begin><end>2023-07-09T08:09:15Z</end></TimeSpan><styleUrl>#point</styleUrl><Point><altitudeMode>clampToGround</altitudeMode><coordinates>7.177632311359048,45.236442927271128,1817.99</coordinates></Point></Placemark><Placemark><TimeSpan><begin>2023-07-09T08:09:15Z</begin><end>2023-07-09T08:09:28Z</end></TimeSpan><styleUrl>#point</styleUrl><Point><altitudeMode>clampToGround</altitudeMode><coordinates>7.177528291940689,45.236358186230063,1817.99</coordinates></Point></Placemark><Placemark><TimeSpan><begin>2023-07-09T08:09:28Z</begin><end>2023-07-09T08:09:40Z</end></TimeSpan><styleUrl>#point</styleUrl><Point><altitudeMode>clampToGround</altitudeMode><coordinates>7.177383787930012,45.236345864832401,1817.99</coordinates></Point></Placemark><Placemark><TimeSpan><begin>2023-07-09T08:09:40Z</begin><end>2023-07-09T08:09:51Z</end></TimeSpan><styleUrl>#point</styleUrl><Point><altitudeMode>clampToGround</altitudeMode><coordinates>7.177207097411156,45.236343182623386,1817.99</coordinates></Point></Placemark><Placemark><TimeSpan><begin>2023-07-09T08:09:51Z</begin><end>2023-07-09T08:10:05Z</end></TimeSpan><styleUrl>#point</styleUrl><Point><altitudeMode>clampToGround</altitudeMode><coordinates>7.177020516246557,45.236358353868127,1817.99</coordinates></Point></Placemark><Placemark><TimeSpan><begin>2023-07-09T08:10:05Z</begin><end>2023-07-09T08:10:18Z</end></TimeSpan><styleUrl>#point</styleUrl><Point><altitudeMode>clampToGround</altitudeMode><coordinates>7.176946755498648,45.236381990835071,1818.47</coordinates></Point></Placemark><Placemark><TimeSpan><begin>2023-07-09T08:10:18Z</begin><end>2023-07-09T08:10:33Z</end></TimeSpan><styleUrl>#point</styleUrl><Point><altitudeMode>clampToGround</altitudeMode><coordinates>7.176867797970772,45.236391965299845,1818.47</coordinates></Point></Placemark><Placemark><TimeSpan><begin>2023-07-09T08:10:33Z</begin><end>2023-07-09T08:10:42Z</end></TimeSpan><styleUrl>#point</styleUrl><Point><altitudeMode>clampToGround</altitudeMode><coordinates>7.176788588985801,45.236376626417041,1819.9100000000001</coordinates></Point></Placemark><Placemark><TimeSpan><begin>2023-07-09T08:10:42Z</begin><end>2023-07-09T08:10:53Z</end></TimeSpan><styleUrl>#point</styleUrl><Point><altitudeMode>clampToGround</altitudeMode><coordinates>7.176697812974453,45.236357599496841,1821.8399999999999</coordinates></Point></Placemark><Placemark><TimeSpan><begin>2023-07-09T08:10:53Z</begin><end>2023-07-09T08:11:03Z</end></TimeSpan><styleUrl>#point</styleUrl><Point><altitudeMode>clampToGround</altitudeMode><coordinates>7.176647773012519,45.236329436302185,1823.76</coordinates></Point></Placemark><Placemark><TimeSpan><begin>2023-07-09T08:11:03Z</begin><end>2023-07-09T08:11:13Z</end></TimeSpan><styleUrl>#point</styleUrl><Point><altitudeMode>clampToGround</altitudeMode><coordinates>7.176584908738732,45.23630085401237,1825.2</coordinates></Point></Placemark><Placemark><TimeSpan><begin>2023-07-09T08:11:13Z</begin><end>2023-07-09T08:11:26Z</end></TimeSpan><styleUrl>#point</styleUrl><Point><altitudeMode>clampToGround</altitudeMode><coordinates>7.17649974860251,45.236282246187329,1827.5999999999999</coordinates></Point></Placemark><Placemark><TimeSpan><begin>2023-07-09T08:11:26Z</begin><end>2023-07-09T08:11:38Z</end></TimeSpan><styleUrl>#point</styleUrl><Point><altitudeMode>clampToGround</altitudeMode><coordinates>7.176427999511361,45.236294148489833,1830.01</coordinates></Point></Placemark><Placemark><TimeSpan><begin>2023-07-09T08:11:38Z</begin><end>2023-07-09T08:11:50Z</end></TimeSpan><styleUrl>#point</styleUrl><Point><altitudeMode>clampToGround</altitudeMode><coordinates>7.176368068903685,45.236281743273139,1831.9300000000001</coordinates></Point></Placemark><Placemark><TimeSpan><begin>2023-07-09T08:11:50Z</begin><end>2023-07-09T08:12:02Z</end></TimeSpan><styleUrl>#point</styleUrl><Point><altitudeMode>clampToGround</altitudeMode><coordinates>7.176340995356441,45.236283419653773,1833.3699999999999</coordinates></Point></Placemark><Placemark><TimeSpan><begin>2023-07-09T08:12:02Z</begin><end>2023-07-09T08:12:14Z</end></TimeSpan><styleUrl>#point</styleUrl><Point><altitudeMode>clampToGround</altitudeMode><coordinates>7.176273856312037,45.236272774636745,1835.29</coordinates></Point></Placemark><Placemark><TimeSpan><begin>2023-07-09T08:12:14Z</begin><end>2023-07-09T08:12:25Z</end></TimeSpan><styleUrl>#point</styleUrl><Point><altitudeMode>clampToGround</altitudeMode><coordinates>7.176265306770802,45.236234217882156,1837.7</coordinates></Point></Placemark><Placemark><TimeSpan><begin>2023-07-09T08:12:25Z</begin><end>2023-07-09T08:12:36Z</end></TimeSpan><styleUrl>#point</styleUrl><Point><altitudeMode>clampToGround</altitudeMode><coordinates>7.176210237666965,45.23621778935194,1839.1400000000001</coordinates></Point></Placemark><Placemark><TimeSpan><begin>2023-07-09T08:12:36Z</begin><end>2023-07-09T08:12:47Z</end></TimeSpan><styleUrl>#point</styleUrl><Point><altitudeMode>clampToGround</altitudeMode><coordinates>7.176167909055948,45.23618258535862,1841.54</coordinates></Point></Placemark><Placemark><TimeSpan><begin>2023-07-09T08:12:47Z</begin><end>2023-07-09T08:12:58Z</end></TimeSpan><styleUrl>#point</styleUrl><Point><altitudeMode>clampToGround</altitudeMode><coordinates>7.176146619021893,45.236140508204699,1842.98</coordinates></Point></Placemark><Placemark><TimeSpan><begin>2023-07-09T08:12:58Z</begin><end>2023-07-09T08:13:12Z</end></TimeSpan><styleUrl>#point</styleUrl><Point><altitudeMode>clampToGround</altitudeMode><coordinates>7.176065985113382,45.236127180978656,1845.3900000000001</coordinates></Point></Placemark><Placemark><TimeSpan><begin>2023-07-09T08:13:12Z</begin><end>2023-07-09T08:13:25Z</end></TimeSpan><styleUrl>#point</styleUrl><Point><altitudeMode>clampToGround</altitudeMode><coordinates>7.176008820533752,45.236128019168973,1846.8299999999999</coordinates></Point></Placemark><Placemark><TimeSpan><begin>2023-07-09T08:13:25Z</begin><end>2023-07-09T08:13:35Z</end></TimeSpan><styleUrl>#point</styleUrl><Point><altitudeMode>clampToGround</altitudeMode><coordinates>7.175964061170816,45.236120475456119,1848.27</coordinates></Point></Placemark><Placemark><TimeSpan><begin>2023-07-09T08:13:35Z</begin><end>2023-07-09T08:13:48Z</end></TimeSpan><styleUrl>#point</styleUrl><Point><altitudeMode>clampToGround</altitudeMode><coordinates>7.175921397283673,45.236104549840093,1850.1900000000001</coordinates></Point></Placemark><Placemark><TimeSpan><begin>2023-07-09T08:13:48Z</begin><end>2023-07-09T08:14:00Z</end></TimeSpan><styleUrl>#point</styleUrl><Point><altitudeMode>clampToGround</altitudeMode><coordinates>7.1758992690593,45.236058784648776,1852.1199999999999</coordinates></Point></Placemark><Placemark><TimeSpan><begin>2023-07-09T08:14:00Z</begin><end>2023-07-09T08:14:12Z</end></TimeSpan><styleUrl>#point</styleUrl><Point><altitudeMode>clampToGround</altitudeMode><coordinates>7.175850654020906,45.236051576212049,1854.04</coordinates></Point></Placemark><Placemark><TimeSpan><begin>2023-07-09T08:14:12Z</begin><end>2023-07-09T08:14:22Z</end></TimeSpan><styleUrl>#point</styleUrl><Point><altitudeMode>clampToGround</altitudeMode><coordinates>7.175818551331759,45.236056437715888,1855</coordinates></Point></Placemark><Placemark><TimeSpan><begin>2023-07-09T08:14:22Z</begin><end>2023-07-09T08:14:33Z</end></TimeSpan><styleUrl>#point</styleUrl><Point><altitudeMode>clampToGround</altitudeMode><coordinates>7.17576147057116,45.236032884567976,1856.4400000000001</coordinates></Point></Placemark><Placemark><TimeSpan><begin>2023-07-09T08:14:33Z</begin><end>2023-07-09T08:14:49Z</end></TimeSpan><styleUrl>#point</styleUrl><Point><altitudeMode>clampToGround</altitudeMode><coordinates>7.175738252699375,45.236058281734586,1858.8499999999999</coordinates></Point></Placemark><Placemark><TimeSpan><begin>2023-07-09T08:14:49Z</begin><end>2023-07-09T08:15:04Z</end></TimeSpan><styleUrl>#point</styleUrl><Point><altitudeMode>clampToGround</altitudeMode><coordinates>7.175716543570161,45.236107399687171,1860.77</coordinates></Point></Placemark><Placemark><TimeSpan><begin>2023-07-09T08:15:04Z</begin><end>2023-07-09T08:15:17Z</end></TimeSpan><styleUrl>#point</styleUrl><Point><altitudeMode>clampToGround</altitudeMode><coordinates>7.175711179152131,45.236123828217387,1862.6900000000001</coordinates></Point></Placemark><Placemark><TimeSpan><begin>2023-07-09T08:15:17Z</begin><end>2023-07-09T08:15:31Z</end></TimeSpan><styleUrl>#point</styleUrl><Point><altitudeMode>clampToGround</altitudeMode><coordinates>7.175701037049294,45.236171605065465,1865.5799999999999</coordinates></Point></Placemark><Placemark><TimeSpan><begin>2023-07-09T08:15:31Z</begin><end>2023-07-09T08:15:47Z</end></TimeSpan><styleUrl>#point</styleUrl><Point><altitudeMode>clampToGround</altitudeMode><coordinates>7.175714028999209,45.236176298931241,1866.54</coordinates></Point></Placemark><Placemark><TimeSpan><begin>2023-07-09T08:15:47Z</begin><end>2023-07-09T08:16:04Z</end></TimeSpan><styleUrl>#point</styleUrl><Point><altitudeMode>clampToGround</altitudeMode><coordinates>7.175712352618575,45.236180406063795,1866.54</coordinates></Point></Placemark><Placemark><TimeSpan><begin>2023-07-09T08:16:04Z</begin><end>2023-07-09T08:16:22Z</end></TimeSpan><styleUrl>#point</styleUrl><Point><altitudeMode>clampToGround</altitudeMode><coordinates>7.175714280456305,45.236186943948269,1866.54</coordinates></Point></Placemark><Placemark><TimeSpan><begin>2023-07-09T08:16:22Z</begin><end>2023-07-09T08:16:33Z</end></TimeSpan><styleUrl>#point</styleUrl><Point><altitudeMode>clampToGround</altitudeMode><coordinates>7.175691146403551,45.236190129071474,1866.54</coordinates></Point></Placemark><Placemark><TimeSpan><begin>2023-07-09T08:16:33Z</begin><end>2023-07-09T08:16:45Z</end></TimeSpan><styleUrl>#point</styleUrl><Point><altitudeMode>clampToGround</altitudeMode><coordinates>7.175596430897713,45.236197924241424,1869.9000000000001</coordinates></Point></Placemark><Placemark><TimeSpan><begin>2023-07-09T08:16:45Z</begin><end>2023-07-09T08:16:55Z</end></TimeSpan><styleUrl>#point</styleUrl><Point><altitudeMode>clampToGround</altitudeMode><coordinates>7.175535662099719,45.236200774088502,1871.8199999999999</coordinates></Point></Placemark><Placemark><TimeSpan><begin>2023-07-09T08:16:55Z</begin><end>2023-07-09T08:17:06Z</end></TimeSpan><styleUrl>#point</styleUrl><Point><altitudeMode>clampToGround</altitudeMode><coordinates>7.175463074818254,45.236220890656114,1874.23</coordinates></Point></Placemark><Placemark><TimeSpan><begin>2023-07-09T08:17:06Z</begin><end>2023-07-09T08:17:17Z</end></TimeSpan><styleUrl>#point</styleUrl><Point><altitudeMode>clampToGround</altitudeMode><coordinates>7.175387134775519,45.236259447410703,1875.6700000000001</coordinates></Point></Placemark><Placemark><TimeSpan><begin>2023-07-09T08:17:17Z</begin><end>2023-07-09T08:17:29Z</end></TimeSpan><styleUrl>#point</styleUrl><Point><altitudeMode>clampToGround</altitudeMode><coordinates>7.175277248024941,45.236309403553605,1877.5899999999999</coordinates></Point></Placemark><Placemark><TimeSpan><begin>2023-07-09T08:17:29Z</begin><end>2023-07-09T08:17:43Z</end></TimeSpan><styleUrl>#point</styleUrl><Point><altitudeMode>clampToGround</altitudeMode><coordinates>7.175148669630289,45.236351983621716,1879.51</coordinates></Point></Placemark><Placemark><TimeSpan><begin>2023-07-09T08:17:43Z</begin><end>2023-07-09T08:17:55Z</end></TimeSpan><styleUrl>#point</styleUrl><Point><altitudeMode>clampToGround</altitudeMode><coordinates>7.175041297450662,45.236369669437408,1881.4400000000001</coordinates></Point></Placemark><Placemark><TimeSpan><begin>2023-07-09T08:17:55Z</begin><end>2023-07-09T08:18:08Z</end></TimeSpan><styleUrl>#point</styleUrl><Point><altitudeMode>clampToGround</altitudeMode><coordinates>7.174932835623622,45.236380901187658,1883.8399999999999</coordinates></Point></Placemark><Placemark><TimeSpan><begin>2023-07-09T08:18:08Z</begin><end>2023-07-09T08:18:21Z</end></TimeSpan><styleUrl>#point</styleUrl><Point><altitudeMode>clampToGround</altitudeMode><coordinates>7.174852034077048,45.236385762691498,1885.76</coordinates></Point></Placemark><Placemark><TimeSpan><begin>2023-07-09T08:18:21Z</begin><end>2023-07-09T08:18:35Z</end></TimeSpan><styleUrl>#point</styleUrl><Point><altitudeMode>clampToGround</altitudeMode><coordinates>7.17477441765368,45.236411914229393,1888.1700000000001</coordinates></Point></Placemark><Placemark><TimeSpan><begin>2023-07-09T08:18:35Z</begin><end>2023-07-09T08:18:48Z</end></TimeSpan><styleUrl>#point</styleUrl><Point><altitudeMode>clampToGround</altitudeMode><coordinates>7.174707781523466,45.236431192606688,1890.0899999999999</coordinates></Point></Placemark><Placemark><TimeSpan><begin>2023-07-09T08:18:48Z</begin><end>2023-07-09T08:19:01Z</end></TimeSpan><styleUrl>#point</styleUrl><Point><altitudeMode>clampToGround</altitudeMode><coordinates>7.174610551446676,45.236411495134234,1892.01</coordinates></Point></Placemark><Placemark><TimeSpan><begin>2023-07-09T08:19:01Z</begin><end>2023-07-09T08:19:13Z</end></TimeSpan><styleUrl>#point</styleUrl><Point><altitudeMode>clampToGround</altitudeMode><coordinates>7.174570485949516,45.236434461548924,1893.45</coordinates></Point></Placemark><Placemark><TimeSpan><begin>2023-07-09T08:19:13Z</begin><end>2023-07-09T08:19:25Z</end></TimeSpan><styleUrl>#point</styleUrl><Point><altitudeMode>clampToGround</altitudeMode><coordinates>7.174515752121806,45.236440664157271,1895.8599999999999</coordinates></Point></Placemark><Placemark><TimeSpan><begin>2023-07-09T08:19:25Z</begin><end>2023-07-09T08:19:41Z</end></TimeSpan><styleUrl>#point</styleUrl><Point><altitudeMode>clampToGround</altitudeMode><coordinates>7.174454480409622,45.236445609480143,1897.78</coordinates></Point></Placemark><Placemark><TimeSpan><begin>2023-07-09T08:19:41Z</begin><end>2023-07-09T08:19:56Z</end></TimeSpan><styleUrl>#point</styleUrl><Point><altitudeMode>clampToGround</altitudeMode><coordinates>7.174407877027988,45.236441250890493,1898.26</coordinates></Point></Placemark><Placemark><TimeSpan><begin>2023-07-09T08:19:56Z</begin><end>2023-07-09T08:20:08Z</end></TimeSpan><styleUrl>#point</styleUrl><Point><altitudeMode>clampToGround</altitudeMode><coordinates>7.174288686364889,45.236477460712194,1900.6600000000001</coordinates></Point></Placemark><Placemark><TimeSpan><begin>2023-07-09T08:20:08Z</begin><end>2023-07-09T08:20:19Z</end></TimeSpan><styleUrl>#point</styleUrl><Point><altitudeMode>clampToGround</altitudeMode><coordinates>7.174165807664394,45.236490620300174,1903.0699999999999</coordinates></Point></Placemark><Placemark><TimeSpan><begin>2023-07-09T08:20:19Z</begin><end>2023-07-09T08:20:31Z</end></TimeSpan><styleUrl>#point</styleUrl><Point><altitudeMode>clampToGround</altitudeMode><coordinates>7.174049634486437,45.236506294459105,1904.99</coordinates></Point></Placemark><Placemark><TimeSpan><begin>2023-07-09T08:20:31Z</begin><end>2023-07-09T08:20:45Z</end></TimeSpan><styleUrl>#point</styleUrl><Point><altitudeMode>clampToGround</altitudeMode><coordinates>7.173895239830017,45.236537558957934,1906.9100000000001</coordinates></Point></Placemark><Placemark><TimeSpan><begin>2023-07-09T08:20:45Z</begin><end>2023-07-09T08:20:59Z</end></TimeSpan><styleUrl>#point</styleUrl><Point><altitudeMode>clampToGround</altitudeMode><coordinates>7.173744197934866,45.236529847607017,1909.3199999999999</coordinates></Point></Placemark><Placemark><TimeSpan><begin>2023-07-09T08:20:59Z</begin><end>2023-07-09T08:21:11Z</end></TimeSpan><styleUrl>#point</styleUrl><Point><altitudeMode>clampToGround</altitudeMode><coordinates>7.173611763864756,45.236542504280806,1911.24</coordinates></Point></Placemark><Placemark><TimeSpan><begin>2023-07-09T08:21:11Z</begin><end>2023-07-09T08:21:22Z</end></TimeSpan><styleUrl>#point</styleUrl><Point><altitudeMode>clampToGround</altitudeMode><coordinates>7.173525514081121,45.236549461260438,1912.6800000000001</coordinates></Point></Placemark><Placemark><TimeSpan><begin>2023-07-09T08:21:22Z</begin><end>2023-07-09T08:21:35Z</end></TimeSpan><styleUrl>#point</styleUrl><Point><altitudeMode>clampToGround</altitudeMode><coordinates>7.173439096659422,45.236579636111856,1914.1199999999999</coordinates></Point></Placemark><Placemark><TimeSpan><begin>2023-07-09T08:21:35Z</begin><end>2023-07-09T08:21:49Z</end></TimeSpan><styleUrl>#point</styleUrl><Point><altitudeMode>clampToGround</altitudeMode><coordinates>7.173413950949907,45.236592879518867,1914.1199999999999</coordinates></Point></Placemark><Placemark><TimeSpan><begin>2023-07-09T08:21:49Z</begin><end>2023-07-09T08:22:08Z</end></TimeSpan><styleUrl>#point</styleUrl><Point><altitudeMode>clampToGround</altitudeMode><coordinates>7.173375813290477,45.236612912267447,1915.0799999999999</coordinates></Point></Placemark><Placemark><TimeSpan><begin>2023-07-09T08:22:08Z</begin><end>2023-07-09T08:22:19Z</end></TimeSpan><styleUrl>#point</styleUrl><Point><altitudeMode>clampToGround</altitudeMode><coordinates>7.173338178545237,45.236632274463773,1915.5599999999999</coordinates></Point></Placemark><Placemark><TimeSpan><begin>2023-07-09T08:22:19Z</begin><end>2023-07-09T08:22:35Z</end></TimeSpan><styleUrl>#point</styleUrl><Point><altitudeMode>clampToGround</altitudeMode><coordinates>7.173296855762601,45.23666731081903,1916.53</coordinates></Point></Placemark><Placemark><TimeSpan><begin>2023-07-09T08:22:35Z</begin><end>2023-07-09T08:22:45Z</end></TimeSpan><styleUrl>#point</styleUrl><Point><altitudeMode>clampToGround</altitudeMode><coordinates>7.173206834122539,45.236690444871783,1918.45</coordinates></Point></Placemark><Placemark><TimeSpan><begin>2023-07-09T08:22:45Z</begin><end>2023-07-09T08:22:56Z</end></TimeSpan><styleUrl>#point</styleUrl><Point><altitudeMode>clampToGround</altitudeMode><coordinates>7.173095103353262,45.236648032441735,1919.8900000000001</coordinates></Point></Placemark><Placemark><TimeSpan><begin>2023-07-09T08:22:56Z</begin><end>2023-07-09T08:23:09Z</end></TimeSpan><styleUrl>#point</styleUrl><Point><altitudeMode>clampToGround</altitudeMode><coordinates>7.172950180247426,45.236623054370284,1922.29</coordinates></Point></Placemark><Placemark><TimeSpan><begin>2023-07-09T08:23:09Z</begin><end>2023-07-09T08:23:19Z</end></TimeSpan><styleUrl>#point</styleUrl><Point><altitudeMode>clampToGround</altitudeMode><coordinates>7.172937858849764,45.23665658198297,1922.29</coordinates></Point></Placemark><Placemark><TimeSpan><begin>2023-07-09T08:23:19Z</begin><end>2023-07-09T08:23:30Z</end></TimeSpan><styleUrl>#point</styleUrl><Point><altitudeMode>clampToGround</altitudeMode><coordinates>7.172922100871801,45.236691115424037,1923.74</coordinates></Point></Placemark><Placemark><TimeSpan><begin>2023-07-09T08:23:30Z</begin><end>2023-07-09T08:23:41Z</end></TimeSpan><styleUrl>#point</styleUrl><Point><altitudeMode>clampToGround</altitudeMode><coordinates>7.17288295738399,45.236739981919527,1925.6600000000001</coordinates></Point></Placemark><Placemark><TimeSpan><begin>2023-07-09T08:23:41Z</begin><end>2023-07-09T08:23:55Z</end></TimeSpan><styleUrl>#point</styleUrl><Point><altitudeMode>clampToGround</altitudeMode><coordinates>7.172812381759286,45.236780801787972,1928.0599999999999</coordinates></Point></Placemark><Placemark><TimeSpan><begin>2023-07-09T08:23:55Z</begin><end>2023-07-09T08:24:06Z</end></TimeSpan><styleUrl>#point</styleUrl><Point><altitudeMode>clampToGround</altitudeMode><coordinates>7.172733005136251,45.236795302480459,1929.98</coordinates></Point></Placemark><Placemark><TimeSpan><begin>2023-07-09T08:24:06Z</begin><end>2023-07-09T08:24:17Z</end></TimeSpan><styleUrl>#point</styleUrl><Point><altitudeMode>clampToGround</altitudeMode><coordinates>7.172670727595687,45.236781304702163,1931.9100000000001</coordinates></Point></Placemark><Placemark><TimeSpan><begin>2023-07-09T08:24:17Z</begin><end>2023-07-09T08:24:31Z</end></TimeSpan><styleUrl>#point</styleUrl><Point><altitudeMode>clampToGround</altitudeMode><coordinates>7.172573497518897,45.236826064065099,1934.3099999999999</coordinates></Point></Placemark><Placemark><TimeSpan><begin>2023-07-09T08:24:31Z</begin><end>2023-07-09T08:24:44Z</end></TimeSpan><styleUrl>#point</styleUrl><Point><altitudeMode>clampToGround</altitudeMode><coordinates>7.172484649345279,45.236802594736218,1936.23</coordinates></Point></Placemark><Placemark><TimeSpan><begin>2023-07-09T08:24:44Z</begin><end>2023-07-09T08:24:56Z</end></TimeSpan><styleUrl>#point</styleUrl><Point><altitudeMode>clampToGround</altitudeMode><coordinates>7.172406278550625,45.236837798729539,1937.6700000000001</coordinates></Point></Placemark><Placemark><TimeSpan><begin>2023-07-09T08:24:56Z</begin><end>2023-07-09T08:25:08Z</end></TimeSpan><styleUrl>#point</styleUrl><Point><altitudeMode>clampToGround</altitudeMode><coordinates>7.172342743724585,45.236870655789971,1940.5599999999999</coordinates></Point></Placemark><Placemark><TimeSpan><begin>2023-07-09T08:25:08Z</begin><end>2023-07-09T08:25:17Z</end></TimeSpan><styleUrl>#point</styleUrl><Point><altitudeMode>clampToGround</altitudeMode><coordinates>7.172284824773669,45.236815670505166,1942</coordinates></Point></Placemark><Placemark><TimeSpan><begin>2023-07-09T08:25:17Z</begin><end>2023-07-09T08:25:30Z</end></TimeSpan><styleUrl>#point</styleUrl><Point><altitudeMode>clampToGround</altitudeMode><coordinates>7.172257332131267,45.236795637756586,1944.8800000000001</coordinates></Point></Placemark><Placemark><TimeSpan><begin>2023-07-09T08:25:30Z</begin><end>2023-07-09T08:25:41Z</end></TimeSpan><styleUrl>#point</styleUrl><Point><altitudeMode>clampToGround</altitudeMode><coordinates>7.172224642708898,45.236831093207002,1946.8099999999999</coordinates></Point></Placemark><Placemark><TimeSpan><begin>2023-07-09T08:25:41Z</begin><end>2023-07-09T08:25:55Z</end></TimeSpan><styleUrl>#point</styleUrl><Point><altitudeMode>clampToGround</altitudeMode><coordinates>7.172169405966997,45.236830087378621,1949.21</coordinates></Point></Placemark><Placemark><TimeSpan><begin>2023-07-09T08:25:55Z</begin><end>2023-07-09T08:26:08Z</end></TimeSpan><styleUrl>#point</styleUrl><Point><altitudeMode>clampToGround</altitudeMode><coordinates>7.172090532258153,45.236855484545231,1951.6099999999999</coordinates></Point></Placemark><Placemark><TimeSpan><begin>2023-07-09T08:26:08Z</begin><end>2023-07-09T08:26:23Z</end></TimeSpan><styleUrl>#point</styleUrl><Point><altitudeMode>clampToGround</altitudeMode><coordinates>7.172014592215419,45.236828327178955,1954.5</coordinates></Point></Placemark><Placemark><TimeSpan><begin>2023-07-09T08:26:23Z</begin><end>2023-07-09T08:26:36Z</end></TimeSpan><styleUrl>#point</styleUrl><Point><altitudeMode>clampToGround</altitudeMode><coordinates>7.171967150643468,45.236804438754916,1955.9400000000001</coordinates></Point></Placemark><Placemark><TimeSpan><begin>2023-07-09T08:26:36Z</begin><end>2023-07-09T08:26:49Z</end></TimeSpan><styleUrl>#point</styleUrl><Point><altitudeMode>clampToGround</altitudeMode><coordinates>7.17190227471292,45.236795889213681,1957.8599999999999</coordinates></Point></Placemark><Placemark><TimeSpan><begin>2023-07-09T08:26:49Z</begin><end>2023-07-09T08:27:03Z</end></TimeSpan><styleUrl>#point</styleUrl><Point><altitudeMode>clampToGround</altitudeMode><coordinates>7.171879643574357,45.236776443198323,1959.78</coordinates></Point></Placemark><Placemark><TimeSpan><begin>2023-07-09T08:27:03Z</begin><end>2023-07-09T08:27:15Z</end></TimeSpan><styleUrl>#point</styleUrl><Point><altitudeMode>clampToGround</altitudeMode><coordinates>7.171868830919266,45.236748615279794,1961.23</coordinates></Point></Placemark><Placemark><TimeSpan><begin>2023-07-09T08:27:15Z</begin><end>2023-07-09T08:27:27Z</end></TimeSpan><styleUrl>#point</styleUrl><Point><altitudeMode>clampToGround</altitudeMode><coordinates>7.171906549483538,45.236720871180296,1963.1500000000001</coordinates></Point></Placemark><Placemark><TimeSpan><begin>2023-07-09T08:27:27Z</begin><end>2023-07-09T08:27:40Z</end></TimeSpan><styleUrl>#point</styleUrl><Point><altitudeMode>clampToGround</altitudeMode><coordinates>7.171954158693552,45.236670998856425,1964.1099999999999</coordinates></Point></Placemark><Placemark><TimeSpan><begin>2023-07-09T08:27:40Z</begin><end>2023-07-09T08:27:52Z</end></TimeSpan><styleUrl>#point</styleUrl><Point><altitudeMode>clampToGround</altitudeMode><coordinates>7.171986093744636,45.236602602526546,1966.03</coordinates></Point></Placemark><Placemark><TimeSpan><begin>2023-07-09T08:27:52Z</begin><end>2023-07-09T08:28:05Z</end></TimeSpan><styleUrl>#point</styleUrl><Point><altitudeMode>clampToGround</altitudeMode><coordinates>7.171962792053819,45.236560860648751,1967.96</coordinates></Point></Placemark><Placemark><TimeSpan><begin>2023-07-09T08:28:05Z</begin><end>2023-07-09T08:28:18Z</end></TimeSpan><styleUrl>#point</styleUrl><Point><altitudeMode>clampToGround</altitudeMode><coordinates>7.171868579462171,45.236577708274126,1970.8399999999999</coordinates></Point></Placemark><Placemark><TimeSpan><begin>2023-07-09T08:28:18Z</begin><end>2023-07-09T08:28:31Z</end></TimeSpan><styleUrl>#point</styleUrl><Point><altitudeMode>clampToGround</altitudeMode><coordinates>7.171770008280873,45.236591957509518,1972.76</coordinates></Point></Placemark><Placemark><TimeSpan><begin>2023-07-09T08:28:31Z</begin><end>2023-07-09T08:28:43Z</end></TimeSpan><styleUrl>#point</styleUrl><Point><altitudeMode>clampToGround</altitudeMode><coordinates>7.171665905043483,45.2365617826581,1974.6900000000001</coordinates></Point></Placemark><Placemark><TimeSpan><begin>2023-07-09T08:28:43Z</begin><end>2023-07-09T08:28:55Z</end></TimeSpan><styleUrl>#point</styleUrl><Point><altitudeMode>clampToGround</altitudeMode><coordinates>7.171612260863185,45.236543510109186,1976.6099999999999</coordinates></Point></Placemark><Placemark><TimeSpan><begin>2023-07-09T08:28:55Z</begin><end>2023-07-09T08:29:07Z</end></TimeSpan><styleUrl>#point</styleUrl><Point><altitudeMode>clampToGround</altitudeMode><coordinates>7.1715665794909,45.236558010801673,1978.53</coordinates></Point></Placemark><Placemark><TimeSpan><begin>2023-07-09T08:29:07Z</begin><end>2023-07-09T08:29:22Z</end></TimeSpan><styleUrl>#point</styleUrl><Point><altitudeMode>clampToGround</altitudeMode><coordinates>7.171577224507928,45.23656957782805,1979.97</coordinates></Point></Placemark><Placemark><TimeSpan><begin>2023-07-09T08:29:22Z</begin><end>2023-07-09T08:29:32Z</end></TimeSpan><styleUrl>#point</styleUrl><Point><altitudeMode>clampToGround</altitudeMode><coordinates>7.171528525650501,45.236545605584979,1981.4100000000001</coordinates></Point></Placemark><Placemark><TimeSpan><begin>2023-07-09T08:29:32Z</begin><end>2023-07-09T08:29:45Z</end></TimeSpan><styleUrl>#point</styleUrl><Point><altitudeMode>clampToGround</altitudeMode><coordinates>7.171456944197416,45.236521381884813,1983.3399999999999</coordinates></Point></Placemark><Placemark><TimeSpan><begin>2023-07-09T08:29:45Z</begin><end>2023-07-09T08:29:59Z</end></TimeSpan><styleUrl>#point</styleUrl><Point><altitudeMode>clampToGround</altitudeMode><coordinates>7.171376226469874,45.23649288341403,1985.74</coordinates></Point></Placemark><Placemark><TimeSpan><begin>2023-07-09T08:29:59Z</begin><end>2023-07-09T08:30:11Z</end></TimeSpan><styleUrl>#point</styleUrl><Point><altitudeMode>clampToGround</altitudeMode><coordinates>7.171311099082232,45.236494559794664,1987.6600000000001</coordinates></Point></Placemark><Placemark><TimeSpan><begin>2023-07-09T08:30:11Z</begin><end>2023-07-09T08:30:28Z</end></TimeSpan><styleUrl>#point</styleUrl><Point><altitudeMode>clampToGround</altitudeMode><coordinates>7.171307997778058,45.236515598371625,1987.6600000000001</coordinates></Point></Placemark><Placemark><TimeSpan><begin>2023-07-09T08:30:28Z</begin><end>2023-07-09T08:30:40Z</end></TimeSpan><styleUrl>#point</styleUrl><Point><altitudeMode>clampToGround</altitudeMode><coordinates>7.171216970309615,45.236518112942576,1988.6199999999999</coordinates></Point></Placemark><Placemark><TimeSpan><begin>2023-07-09T08:30:40Z</begin><end>2023-07-09T08:30:51Z</end></TimeSpan><styleUrl>#point</styleUrl><Point><altitudeMode>clampToGround</altitudeMode><coordinates>7.171142203733325,45.236492715775967,1990.0699999999999</coordinates></Point></Placemark><Placemark><TimeSpan><begin>2023-07-09T08:30:51Z</begin><end>2023-07-09T08:31:03Z</end></TimeSpan><styleUrl>#point</styleUrl><Point><altitudeMode>clampToGround</altitudeMode><coordinates>7.171125775203109,45.236537475138903,1990.0699999999999</coordinates></Point></Placemark><Placemark><TimeSpan><begin>2023-07-09T08:31:03Z</begin><end>2023-07-09T08:31:17Z</end></TimeSpan><styleUrl>#point</styleUrl><Point><altitudeMode>clampToGround</altitudeMode><coordinates>7.17110825702548,45.236541414633393,1988.1400000000001</coordinates></Point></Placemark><Placemark><TimeSpan><begin>2023-07-09T08:31:17Z</begin><end>2023-07-09T08:31:28Z</end></TimeSpan><styleUrl>#point</styleUrl><Point><altitudeMode>clampToGround</altitudeMode><coordinates>7.171113453805447,45.236574523150921,1987.6600000000001</coordinates></Point></Placemark><Placemark><TimeSpan><begin>2023-07-09T08:31:28Z</begin><end>2023-07-09T08:31:38Z</end></TimeSpan><styleUrl>#point</styleUrl><Point><altitudeMode>clampToGround</altitudeMode><coordinates>7.171129044145346,45.236602853983641,1986.7</coordinates></Point></Placemark><Placemark><TimeSpan><begin>2023-07-09T08:31:38Z</begin><end>2023-07-09T08:31:50Z</end></TimeSpan><styleUrl>#point</styleUrl><Point><altitudeMode>clampToGround</altitudeMode><coordinates>7.171104485169053,45.23660184815526,1986.7</coordinates></Point></Placemark><Placemark><TimeSpan><begin>2023-07-09T08:31:50Z</begin><end>2023-07-09T08:32:02Z</end></TimeSpan><styleUrl>#point</styleUrl><Point><altitudeMode>clampToGround</altitudeMode><coordinates>7.171100294217467,45.236618528142571,1988.1400000000001</coordinates></Point></Placemark><Placemark><TimeSpan><begin>2023-07-09T08:32:02Z</begin><end>2023-07-09T08:32:14Z</end></TimeSpan><styleUrl>#point</styleUrl><Point><altitudeMode>clampToGround</altitudeMode><coordinates>7.171077327802777,45.236674351617694,1988.1400000000001</coordinates></Point></Placemark><Placemark><TimeSpan><begin>2023-07-09T08:32:14Z</begin><end>2023-07-09T08:32:26Z</end></TimeSpan><styleUrl>#point</styleUrl><Point><altitudeMode>clampToGround</altitudeMode><coordinates>7.171045728027821,45.236724894493818,1988.6199999999999</coordinates></Point></Placemark><Placemark><TimeSpan><begin>2023-07-09T08:32:26Z</begin><end>2023-07-09T08:32:38Z</end></TimeSpan><styleUrl>#point</styleUrl><Point><altitudeMode>clampToGround</altitudeMode><coordinates>7.171021169051528,45.23673671297729,1989.5899999999999</coordinates></Point></Placemark><Placemark><TimeSpan><begin>2023-07-09T08:32:38Z</begin><end>2023-07-09T08:32:48Z</end></TimeSpan><styleUrl>#point</styleUrl><Point><altitudeMode>clampToGround</altitudeMode><coordinates>7.171034161001444,45.23677728138864,1989.5899999999999</coordinates></Point></Placemark><Placemark><TimeSpan><begin>2023-07-09T08:32:48Z</begin><end>2023-07-09T08:32:58Z</end></TimeSpan><styleUrl>#point</styleUrl><Point><altitudeMode>clampToGround</altitudeMode><coordinates>7.171011613681912,45.236810389906168,1990.0699999999999</coordinates></Point></Placemark><Placemark><TimeSpan><begin>2023-07-09T08:32:58Z</begin><end>2023-07-09T08:33:07Z</end></TimeSpan><styleUrl>#point</styleUrl><Point><altitudeMode>clampToGround</altitudeMode><coordinates>7.170982947573066,45.236840983852744,1991.03</coordinates></Point></Placemark><Placemark><TimeSpan><begin>2023-07-09T08:33:07Z</begin><end>2023-07-09T08:33:19Z</end></TimeSpan><styleUrl>#point</styleUrl><Point><altitudeMode>clampToGround</altitudeMode><coordinates>7.17097925953567,45.236881887540221,1991.99</coordinates></Point></Placemark><Placemark><TimeSpan><begin>2023-07-09T08:33:19Z</begin><end>2023-07-09T08:33:35Z</end></TimeSpan><styleUrl>#point</styleUrl><Point><altitudeMode>clampToGround</altitudeMode><coordinates>7.170998034998775,45.236911978572607,1991.99</coordinates></Point></Placemark><Placemark><TimeSpan><begin>2023-07-09T08:33:35Z</begin><end>2023-07-09T08:33:50Z</end></TimeSpan><styleUrl>#point</styleUrl><Point><altitudeMode>clampToGround</altitudeMode><coordinates>7.171018738299608,45.237021781504154,1992.95</coordinates></Point></Placemark><Placemark><TimeSpan><begin>2023-07-09T08:33:50Z</begin><end>2023-07-09T08:34:02Z</end></TimeSpan><styleUrl>#point</styleUrl><Point><altitudeMode>clampToGround</altitudeMode><coordinates>7.171008931472898,45.237110545858741,1992.95</coordinates></Point></Placemark><Placemark><TimeSpan><begin>2023-07-09T08:34:02Z</begin><end>2023-07-09T08:34:16Z</end></TimeSpan><styleUrl>#point</styleUrl><Point><altitudeMode>clampToGround</altitudeMode><coordinates>7.170991497114301,45.237166453152895,1991.51</coordinates></Point></Placemark><Placemark><TimeSpan><begin>2023-07-09T08:34:16Z</begin><end>2023-07-09T08:34:26Z</end></TimeSpan><styleUrl>#point</styleUrl><Point><altitudeMode>clampToGround</altitudeMode><coordinates>7.170974900946021,45.237242057919502,1992.95</coordinates></Point></Placemark><Placemark><TimeSpan><begin>2023-07-09T08:34:26Z</begin><end>2023-07-09T08:34:45Z</end></TimeSpan><styleUrl>#point</styleUrl><Point><altitudeMode>clampToGround</altitudeMode><coordinates>7.170992838218808,45.237245494499803,1993.4300000000001</coordinates></Point></Placemark><Placemark><TimeSpan><begin>2023-07-09T08:34:45Z</begin><end>2023-07-09T08:35:04Z</end></TimeSpan><styleUrl>#point</styleUrl><Point><altitudeMode>clampToGround</altitudeMode><coordinates>7.170981103554368,45.237254044041038,1994.3900000000001</coordinates></Point></Placemark><Placemark><TimeSpan><begin>2023-07-09T08:35:04Z</begin><end>2023-07-09T08:35:16Z</end></TimeSpan><styleUrl>#point</styleUrl><Point><altitudeMode>clampToGround</altitudeMode><coordinates>7.170941038057208,45.237318249419332,1994.3900000000001</coordinates></Point></Placemark><Placemark><TimeSpan><begin>2023-07-09T08:35:16Z</begin><end>2023-07-09T08:35:30Z</end></TimeSpan><styleUrl>#point</styleUrl><Point><altitudeMode>clampToGround</altitudeMode><coordinates>7.170911114662886,45.237443726509809,1993.4300000000001</coordinates></Point></Placemark><Placemark><TimeSpan><begin>2023-07-09T08:35:30Z</begin><end>2023-07-09T08:35:42Z</end></TimeSpan><styleUrl>#point</styleUrl><Point><altitudeMode>clampToGround</altitudeMode><coordinates>7.170929471030831,45.237544225528836,1992.47</coordinates></Point></Placemark><Placemark><TimeSpan><begin>2023-07-09T08:35:42Z</begin><end>2023-07-09T08:35:54Z</end></TimeSpan><styleUrl>#point</styleUrl><Point><altitudeMode>clampToGround</altitudeMode><coordinates>7.170957215130329,45.237630559131503,1991.51</coordinates></Point></Placemark><Placemark><TimeSpan><begin>2023-07-09T08:35:54Z</begin><end>2023-07-09T08:36:05Z</end></TimeSpan><styleUrl>#point</styleUrl><Point><altitudeMode>clampToGround</altitudeMode><coordinates>7.170960316434503,45.237678335979581,1991.03</coordinates></Point></Placemark><Placemark><TimeSpan><begin>2023-07-09T08:36:05Z</begin><end>2023-07-09T08:36:19Z</end></TimeSpan><styleUrl>#point</styleUrl><Point><altitudeMode>clampToGround</altitudeMode><coordinates>7.170979594811797,45.237736590206623,1991.03</coordinates></Point></Placemark><Placemark><TimeSpan><begin>2023-07-09T08:36:19Z</begin><end>2023-07-09T08:36:31Z</end></TimeSpan><styleUrl>#point</styleUrl><Point><altitudeMode>clampToGround</altitudeMode><coordinates>7.170988228172064,45.237774644047022,1991.03</coordinates></Point></Placemark><Placemark><TimeSpan><begin>2023-07-09T08:36:31Z</begin><end>2023-07-09T08:36:39Z</end></TimeSpan><styleUrl>#point</styleUrl><Point><altitudeMode>clampToGround</altitudeMode><coordinates>7.171000214293599,45.237808423116803,1991.99</coordinates></Point></Placemark><Placemark><TimeSpan><begin>2023-07-09T08:36:39Z</begin><end>2023-07-09T08:36:51Z</end></TimeSpan><styleUrl>#point</styleUrl><Point><altitudeMode>clampToGround</altitudeMode><coordinates>7.171010272577405,45.237872963771224,1992.95</coordinates></Point></Placemark><Placemark><TimeSpan><begin>2023-07-09T08:36:51Z</begin><end>2023-07-09T08:37:02Z</end></TimeSpan><styleUrl>#point</styleUrl><Point><altitudeMode>clampToGround</altitudeMode><coordinates>7.170993592590094,45.237956866621971,1993.9100000000001</coordinates></Point></Placemark><Placemark><TimeSpan><begin>2023-07-09T08:37:02Z</begin><end>2023-07-09T08:37:15Z</end></TimeSpan><styleUrl>#point</styleUrl><Point><altitudeMode>clampToGround</altitudeMode><coordinates>7.171013960614801,45.238051246851683,1993.9100000000001</coordinates></Point></Placemark><Placemark><TimeSpan><begin>2023-07-09T08:37:15Z</begin><end>2023-07-09T08:37:28Z</end></TimeSpan><styleUrl>#point</styleUrl><Point><altitudeMode>clampToGround</altitudeMode><coordinates>7.171071628108621,45.238121906295419,1994.3900000000001</coordinates></Point></Placemark><Placemark><TimeSpan><begin>2023-07-09T08:37:28Z</begin><end>2023-07-09T08:37:40Z</end></TimeSpan><styleUrl>#point</styleUrl><Point><altitudeMode>clampToGround</altitudeMode><coordinates>7.171110771596432,45.23819038644433,1994.8699999999999</coordinates></Point></Placemark><Placemark><TimeSpan><begin>2023-07-09T08:37:40Z</begin><end>2023-07-09T08:37:46Z</end></TimeSpan><styleUrl>#point</styleUrl><Point><altitudeMode>clampToGround</altitudeMode><coordinates>7.171147149056196,45.238219806924462,1993.4300000000001</coordinates></Point></Placemark><Placemark><TimeSpan><begin>2023-07-09T08:37:46Z</begin><end>2023-07-09T08:37:57Z</end></TimeSpan><styleUrl>#point</styleUrl><Point><altitudeMode>clampToGround</altitudeMode><coordinates>7.171219903975725,45.238272110000253,1993.4300000000001</coordinates></Point></Placemark><Placemark><TimeSpan><begin>2023-07-09T08:37:57Z</begin><end>2023-07-09T08:38:04Z</end></TimeSpan><styleUrl>#point</styleUrl><Point><altitudeMode>clampToGround</altitudeMode><coordinates>7.171265417709947,45.238312762230635,1994.3900000000001</coordinates></Point></Placemark><Placemark><TimeSpan><begin>2023-07-09T08:38:04Z</begin><end>2023-07-09T08:38:16Z</end></TimeSpan><styleUrl>#point</styleUrl><Point><altitudeMode>clampToGround</altitudeMode><coordinates>7.171318978071213,45.238395826891065,1995.8299999999999</coordinates></Point></Placemark><Placemark><TimeSpan><begin>2023-07-09T08:38:16Z</begin><end>2023-07-09T08:38:29Z</end></TimeSpan><styleUrl>#point</styleUrl><Point><altitudeMode>clampToGround</altitudeMode><coordinates>7.171275811269879,45.238471180200577,1997.76</coordinates></Point></Placemark><Placemark><TimeSpan><begin>2023-07-09T08:38:29Z</begin><end>2023-07-09T08:38:42Z</end></TimeSpan><styleUrl>#point</styleUrl><Point><altitudeMode>clampToGround</altitudeMode><coordinates>7.171247648075223,45.238536475226283,1997.76</coordinates></Point></Placemark><Placemark><TimeSpan><begin>2023-07-09T08:38:42Z</begin><end>2023-07-09T08:38:54Z</end></TimeSpan><styleUrl>#point</styleUrl><Point><altitudeMode>clampToGround</altitudeMode><coordinates>7.171221747994423,45.238574864342809,1996.3199999999999</coordinates></Point></Placemark><Placemark><TimeSpan><begin>2023-07-09T08:38:54Z</begin><end>2023-07-09T08:39:10Z</end></TimeSpan><styleUrl>#point</styleUrl><Point><altitudeMode>clampToGround</altitudeMode><coordinates>7.171118650585413,45.238653989508748,1995.8299999999999</coordinates></Point></Placemark><Placemark><TimeSpan><begin>2023-07-09T08:39:10Z</begin><end>2023-07-09T08:39:23Z</end></TimeSpan><styleUrl>#point</styleUrl><Point><altitudeMode>clampToGround</altitudeMode><coordinates>7.171024857088924,45.238727331161499,1994.8699999999999</coordinates></Point></Placemark><Placemark><TimeSpan><begin>2023-07-09T08:39:23Z</begin><end>2023-07-09T08:39:36Z</end></TimeSpan><styleUrl>#point</styleUrl><Point><altitudeMode>clampToGround</altitudeMode><coordinates>7.170911785215139,45.238797152414918,1994.3900000000001</coordinates></Point></Placemark><Placemark><TimeSpan><begin>2023-07-09T08:39:36Z</begin><end>2023-07-09T08:39:50Z</end></TimeSpan><styleUrl>#point</styleUrl><Point><altitudeMode>clampToGround</altitudeMode><coordinates>7.170793768018484,45.23887837305665,1993.9100000000001</coordinates></Point></Placemark><Placemark><TimeSpan><begin>2023-07-09T08:39:50Z</begin><end>2023-07-09T08:40:04Z</end></TimeSpan><styleUrl>#point</styleUrl><Point><altitudeMode>clampToGround</altitudeMode><coordinates>7.170716738328338,45.238923383876681,1993.4300000000001</coordinates></Point></Placemark><Placemark><TimeSpan><begin>2023-07-09T08:40:04Z</begin><end>2023-07-09T08:40:16Z</end></TimeSpan><styleUrl>#point</styleUrl><Point><altitudeMode>clampToGround</altitudeMode><coordinates>7.170591931790113,45.2389673050493,1993.4300000000001</coordinates></Point></Placemark><Placemark><TimeSpan><begin>2023-07-09T08:40:16Z</begin><end>2023-07-09T08:40:20Z</end></TimeSpan><styleUrl>#point</styleUrl><Point><altitudeMode>clampToGround</altitudeMode><coordinates>7.170560080558062,45.238973340019584,1995.3499999999999</coordinates></Point></Placemark><Placemark><TimeSpan><begin>2023-07-09T08:40:20Z</begin><end>2023-07-09T08:40:36Z</end></TimeSpan><styleUrl>#point</styleUrl><Point><altitudeMode>clampToGround</altitudeMode><coordinates>7.170416498556733,45.238983733579516,1997.28</coordinates></Point></Placemark><Placemark><TimeSpan><begin>2023-07-09T08:40:36Z</begin><end>2023-07-09T08:40:51Z</end></TimeSpan><styleUrl>#point</styleUrl><Point><altitudeMode>clampToGround</altitudeMode><coordinates>7.170362519100308,45.239043915644288,1998.24</coordinates></Point></Placemark><Placemark><TimeSpan><begin>2023-07-09T08:40:51Z</begin><end>2023-07-09T08:41:12Z</end></TimeSpan><styleUrl>#point</styleUrl><Point><altitudeMode>clampToGround</altitudeMode><coordinates>7.170376516878605,45.239061685279012,1999.2</coordinates></Point></Placemark><Placemark><TimeSpan><begin>2023-07-09T08:41:12Z</begin><end>2023-07-09T08:41:24Z</end></TimeSpan><styleUrl>#point</styleUrl><Point><altitudeMode>clampToGround</altitudeMode><coordinates>7.170291356742382,45.239087166264653,1999.6800000000001</coordinates></Point></Placemark><Placemark><TimeSpan><begin>2023-07-09T08:41:24Z</begin><end>2023-07-09T08:41:36Z</end></TimeSpan><styleUrl>#point</styleUrl><Point><altitudeMode>clampToGround</altitudeMode><coordinates>7.17012363485992,45.239128908142447,2000.6400000000001</coordinates></Point></Placemark><Placemark><TimeSpan><begin>2023-07-09T08:41:36Z</begin><end>2023-07-09T08:41:47Z</end></TimeSpan><styleUrl>#point</styleUrl><Point><altitudeMode>clampToGround</altitudeMode><coordinates>7.170047778636217,45.239155730232596,2002.5599999999999</coordinates></Point></Placemark><Placemark><TimeSpan><begin>2023-07-09T08:41:47Z</begin><end>2023-07-09T08:41:59Z</end></TimeSpan><styleUrl>#point</styleUrl><Point><altitudeMode>clampToGround</altitudeMode><coordinates>7.16992330737412,45.239178445190191,2003.52</coordinates></Point></Placemark><Placemark><TimeSpan><begin>2023-07-09T08:41:59Z</begin><end>2023-07-09T08:42:11Z</end></TimeSpan><styleUrl>#point</styleUrl><Point><altitudeMode>clampToGround</altitudeMode><coordinates>7.1698241494596,45.23921306245029,2005.9300000000001</coordinates></Point></Placemark><Placemark><TimeSpan><begin>2023-07-09T08:42:11Z</begin><end>2023-07-09T08:42:23Z</end></TimeSpan><styleUrl>#point</styleUrl><Point><altitudeMode>clampToGround</altitudeMode><coordinates>7.169742342084646,45.239257402718067,2006.8900000000001</coordinates></Point></Placemark><Placemark><TimeSpan><begin>2023-07-09T08:42:23Z</begin><end>2023-07-09T08:42:36Z</end></TimeSpan><styleUrl>#point</styleUrl><Point><altitudeMode>clampToGround</altitudeMode><coordinates>7.169637233018875,45.239252792671323,2009.77</coordinates></Point></Placemark><Placemark><TimeSpan><begin>2023-07-09T08:42:36Z</begin><end>2023-07-09T08:42:50Z</end></TimeSpan><styleUrl>#point</styleUrl><Point><altitudeMode>clampToGround</altitudeMode><coordinates>7.169541092589498,45.239265114068985,2011.22</coordinates></Point></Placemark><Placemark><TimeSpan><begin>2023-07-09T08:42:50Z</begin><end>2023-07-09T08:43:03Z</end></TimeSpan><styleUrl>#point</styleUrl><Point><altitudeMode>clampToGround</altitudeMode><coordinates>7.169479904696345,45.239299144595861,2013.1400000000001</coordinates></Point></Placemark><Placemark><TimeSpan><begin>2023-07-09T08:43:03Z</begin><end>2023-07-09T08:43:19Z</end></TimeSpan><styleUrl>#point</styleUrl><Point><altitudeMode>clampToGround</altitudeMode><coordinates>7.169371694326401,45.239378353580832,2016.5</coordinates></Point></Placemark><Placemark><TimeSpan><begin>2023-07-09T08:43:19Z</begin><end>2023-07-09T08:43:30Z</end></TimeSpan><styleUrl>#point</styleUrl><Point><altitudeMode>clampToGround</altitudeMode><coordinates>7.169269938021898,45.239364271983504,2018.4300000000001</coordinates></Point></Placemark><Placemark><TimeSpan><begin>2023-07-09T08:43:30Z</begin><end>2023-07-09T08:43:42Z</end></TimeSpan><styleUrl>#point</styleUrl><Point><altitudeMode>clampToGround</altitudeMode><coordinates>7.169168600812554,45.239342395216227,2019.8699999999999</coordinates></Point></Placemark><Placemark><TimeSpan><begin>2023-07-09T08:43:42Z</begin><end>2023-07-09T08:43:55Z</end></TimeSpan><styleUrl>#point</styleUrl><Point><altitudeMode>clampToGround</altitudeMode><coordinates>7.169095845893025,45.239328816533089,2021.3099999999999</coordinates></Point></Placemark><Placemark><TimeSpan><begin>2023-07-09T08:43:55Z</begin><end>2023-07-09T08:44:10Z</end></TimeSpan><styleUrl>#point</styleUrl><Point><altitudeMode>clampToGround</altitudeMode><coordinates>7.168996604159474,45.239363936707377,2022.75</coordinates></Point></Placemark><Placemark><TimeSpan><begin>2023-07-09T08:44:10Z</begin><end>2023-07-09T08:44:20Z</end></TimeSpan><styleUrl>#point</styleUrl><Point><altitudeMode>clampToGround</altitudeMode><coordinates>7.168958801776171,45.239336863160133,2024.6700000000001</coordinates></Point></Placemark><Placemark><TimeSpan><begin>2023-07-09T08:44:20Z</begin><end>2023-07-09T08:44:32Z</end></TimeSpan><styleUrl>#point</styleUrl><Point><altitudeMode>clampToGround</altitudeMode><coordinates>7.168972380459309,45.239291349425912,2026.5999999999999</coordinates></Point></Placemark><Placemark><TimeSpan><begin>2023-07-09T08:44:32Z</begin><end>2023-07-09T08:44:42Z</end></TimeSpan><styleUrl>#point</styleUrl><Point><altitudeMode>clampToGround</altitudeMode><coordinates>7.16901445761323,45.23925363086164,2026.1199999999999</coordinates></Point></Placemark><Placemark><TimeSpan><begin>2023-07-09T08:44:42Z</begin><end>2023-07-09T08:44:53Z</end></TimeSpan><styleUrl>#point</styleUrl><Point><altitudeMode>clampToGround</altitudeMode><coordinates>7.169096684083343,45.239209793508053,2028.52</coordinates></Point></Placemark><Placemark><TimeSpan><begin>2023-07-09T08:44:53Z</begin><end>2023-07-09T08:45:04Z</end></TimeSpan><styleUrl>#point</styleUrl><Point><altitudeMode>clampToGround</altitudeMode><coordinates>7.169110765680671,45.239141313359141,2029</coordinates></Point></Placemark><Placemark><TimeSpan><begin>2023-07-09T08:45:04Z</begin><end>2023-07-09T08:45:14Z</end></TimeSpan><styleUrl>#point</styleUrl><Point><altitudeMode>clampToGround</altitudeMode><coordinates>7.16912291944027,45.239097392186522,2029.96</coordinates></Point></Placemark><Placemark><TimeSpan><begin>2023-07-09T08:45:14Z</begin><end>2023-07-09T08:45:28Z</end></TimeSpan><styleUrl>#point</styleUrl><Point><altitudeMode>clampToGround</altitudeMode><coordinates>7.169057624414563,45.239085238426924,2032.8399999999999</coordinates></Point></Placemark><Placemark><TimeSpan><begin>2023-07-09T08:45:28Z</begin><end>2023-07-09T08:45:45Z</end></TimeSpan><styleUrl>#point</styleUrl><Point><altitudeMode>clampToGround</altitudeMode><coordinates>7.168970201164484,45.23909823037684,2035.25</coordinates></Point></Placemark><Placemark><TimeSpan><begin>2023-07-09T08:45:45Z</begin><end>2023-07-09T08:45:56Z</end></TimeSpan><styleUrl>#point</styleUrl><Point><altitudeMode>clampToGround</altitudeMode><coordinates>7.168856961652637,45.239102505147457,2036.6900000000001</coordinates></Point></Placemark><Placemark><TimeSpan><begin>2023-07-09T08:45:56Z</begin><end>2023-07-09T08:46:09Z</end></TimeSpan><styleUrl>#point</styleUrl><Point><altitudeMode>clampToGround</altitudeMode><coordinates>7.168776746839285,45.239098817110062,2038.1300000000001</coordinates></Point></Placemark><Placemark><TimeSpan><begin>2023-07-09T08:46:09Z</begin><end>2023-07-09T08:46:23Z</end></TimeSpan><styleUrl>#point</styleUrl><Point><altitudeMode>clampToGround</altitudeMode><coordinates>7.168677840381861,45.239060763269663,2040.54</coordinates></Point></Placemark><Placemark><TimeSpan><begin>2023-07-09T08:46:23Z</begin><end>2023-07-09T08:46:35Z</end></TimeSpan><styleUrl>#point</styleUrl><Point><altitudeMode>clampToGround</altitudeMode><coordinates>7.168628303334117,45.239138882607222,2042.46</coordinates></Point></Placemark><Placemark><TimeSpan><begin>2023-07-09T08:46:35Z</begin><end>2023-07-09T08:46:48Z</end></TimeSpan><styleUrl>#point</styleUrl><Point><altitudeMode>clampToGround</altitudeMode><coordinates>7.168607264757156,45.239195376634598,2042.9400000000001</coordinates></Point></Placemark><Placemark><TimeSpan><begin>2023-07-09T08:46:48Z</begin><end>2023-07-09T08:47:01Z</end></TimeSpan><styleUrl>#point</styleUrl><Point><altitudeMode>clampToGround</altitudeMode><coordinates>7.168548088520765,45.239192191511393,2044.8599999999999</coordinates></Point></Placemark><Placemark><TimeSpan><begin>2023-07-09T08:47:01Z</begin><end>2023-07-09T08:47:13Z</end></TimeSpan><styleUrl>#point</styleUrl><Point><altitudeMode>clampToGround</altitudeMode><coordinates>7.168487403541803,45.23919889703393,2046.3</coordinates></Point></Placemark><Placemark><TimeSpan><begin>2023-07-09T08:47:13Z</begin><end>2023-07-09T08:47:22Z</end></TimeSpan><styleUrl>#point</styleUrl><Point><altitudeMode>clampToGround</altitudeMode><coordinates>7.168440129607916,45.239202668890357,2047.26</coordinates></Point></Placemark><Placemark><TimeSpan><begin>2023-07-09T08:47:22Z</begin><end>2023-07-09T08:47:37Z</end></TimeSpan><styleUrl>#point</styleUrl><Point><altitudeMode>clampToGround</altitudeMode><coordinates>7.168359663337469,45.239192862063646,2049.6700000000001</coordinates></Point></Placemark><Placemark><TimeSpan><begin>2023-07-09T08:47:37Z</begin><end>2023-07-09T08:47:51Z</end></TimeSpan><styleUrl>#point</styleUrl><Point><altitudeMode>clampToGround</altitudeMode><coordinates>7.168300906196237,45.239176601171494,2051.1100000000001</coordinates></Point></Placemark><Placemark><TimeSpan><begin>2023-07-09T08:47:51Z</begin><end>2023-07-09T08:48:03Z</end></TimeSpan><styleUrl>#point</styleUrl><Point><altitudeMode>clampToGround</altitudeMode><coordinates>7.168254805728793,45.239164028316736,2053.0300000000002</coordinates></Point></Placemark><Placemark><TimeSpan><begin>2023-07-09T08:48:03Z</begin><end>2023-07-09T08:48:14Z</end></TimeSpan><styleUrl>#point</styleUrl><Point><altitudeMode>clampToGround</altitudeMode><coordinates>7.168213650584221,45.239161010831594,2054.96</coordinates></Point></Placemark><Placemark><TimeSpan><begin>2023-07-09T08:48:14Z</begin><end>2023-07-09T08:48:26Z</end></TimeSpan><styleUrl>#point</styleUrl><Point><altitudeMode>clampToGround</altitudeMode><coordinates>7.168152127414942,45.23914810270071,2055.4400000000001</coordinates></Point></Placemark><Placemark><TimeSpan><begin>2023-07-09T08:48:26Z</begin><end>2023-07-09T08:48:44Z</end></TimeSpan><styleUrl>#point</styleUrl><Point><altitudeMode>clampToGround</altitudeMode><coordinates>7.168155312538147,45.239181211218238,2056.4000000000001</coordinates></Point></Placemark><Placemark><TimeSpan><begin>2023-07-09T08:48:44Z</begin><end>2023-07-09T08:48:58Z</end></TimeSpan><styleUrl>#point</styleUrl><Point><altitudeMode>clampToGround</altitudeMode><coordinates>7.168156737461686,45.239216918125749,2056.4000000000001</coordinates></Point></Placemark><Placemark><TimeSpan><begin>2023-07-09T08:48:58Z</begin><end>2023-07-09T08:49:09Z</end></TimeSpan><styleUrl>#point</styleUrl><Point><altitudeMode>clampToGround</altitudeMode><coordinates>7.168162437155843,45.239222198724747,2056.4000000000001</coordinates></Point></Placemark><Placemark><TimeSpan><begin>2023-07-09T08:49:09Z</begin><end>2023-07-09T08:49:23Z</end></TimeSpan><styleUrl>#point</styleUrl><Point><altitudeMode>clampToGround</altitudeMode><coordinates>7.168134273961186,45.239223707467318,2056.4000000000001</coordinates></Point></Placemark><Placemark><TimeSpan><begin>2023-07-09T08:49:23Z</begin><end>2023-07-09T08:49:35Z</end></TimeSpan><styleUrl>#point</styleUrl><Point><altitudeMode>clampToGround</altitudeMode><coordinates>7.168151456862688,45.239241644740105,2056.4000000000001</coordinates></Point></Placemark><Placemark><TimeSpan><begin>2023-07-09T08:49:35Z</begin><end>2023-07-09T08:49:45Z</end></TimeSpan><styleUrl>#point</styleUrl><Point><altitudeMode>clampToGround</altitudeMode><coordinates>7.168173082172871,45.239265114068985,2055.4400000000001</coordinates></Point></Placemark><Placemark><TimeSpan><begin>2023-07-09T08:49:45Z</begin><end>2023-07-09T08:49:57Z</end></TimeSpan><styleUrl>#point</styleUrl><Point><altitudeMode>clampToGround</altitudeMode><coordinates>7.168167885392904,45.239312304183841,2056.4000000000001</coordinates></Point></Placemark><Placemark><TimeSpan><begin>2023-07-09T08:49:57Z</begin><end>2023-07-09T08:49:58Z</end></TimeSpan><styleUrl>#point</styleUrl><Point><altitudeMode>clampToGround</altitudeMode><coordinates>7.168164364993572,45.239316243678331,2056.4000000000001</coordinates></Point></Placemark><Placemark><TimeSpan><begin>2023-07-09T08:49:58Z</begin><end>2023-07-09T08:50:10Z</end></TimeSpan><styleUrl>#point</styleUrl><Point><altitudeMode>clampToGround</altitudeMode><coordinates>7.168110385537148,45.239377347752452,2057.8400000000001</coordinates></Point></Placemark><Placemark><TimeSpan><begin>2023-07-09T08:50:10Z</begin><end>2023-07-09T08:50:23Z</end></TimeSpan><styleUrl>#point</styleUrl><Point><altitudeMode>clampToGround</altitudeMode><coordinates>7.168069062754512,45.239456221461296,2059.2800000000002</coordinates></Point></Placemark><Placemark><TimeSpan><begin>2023-07-09T08:50:23Z</begin><end>2023-07-09T08:50:36Z</end></TimeSpan><styleUrl>#point</styleUrl><Point><altitudeMode>clampToGround</altitudeMode><coordinates>7.168017011135817,45.239522941410542,2061.1999999999998</coordinates></Point></Placemark><Placemark><TimeSpan><begin>2023-07-09T08:50:36Z</begin><end>2023-07-09T08:50:49Z</end></TimeSpan><styleUrl>#point</styleUrl><Point><altitudeMode>clampToGround</altitudeMode><coordinates>7.167971413582563,45.239585051313043,2063.1300000000001</coordinates></Point></Placemark><Placemark><TimeSpan><begin>2023-07-09T08:50:49Z</begin><end>2023-07-09T08:51:01Z</end></TimeSpan><styleUrl>#point</styleUrl><Point><altitudeMode>clampToGround</altitudeMode><coordinates>7.167962193489075,45.239668367430568,2064.5700000000002</coordinates></Point></Placemark><Placemark><TimeSpan><begin>2023-07-09T08:51:01Z</begin><end>2023-07-09T08:51:13Z</end></TimeSpan><styleUrl>#point</styleUrl><Point><altitudeMode>clampToGround</altitudeMode><coordinates>7.167919110506773,45.239689406007528,2066.4899999999998</coordinates></Point></Placemark><Placemark><TimeSpan><begin>2023-07-09T08:51:13Z</begin><end>2023-07-09T08:51:24Z</end></TimeSpan><styleUrl>#point</styleUrl><Point><altitudeMode>clampToGround</altitudeMode><coordinates>7.167860018089414,45.239717066287994,2068.8899999999999</coordinates></Point></Placemark><Placemark><TimeSpan><begin>2023-07-09T08:51:24Z</begin><end>2023-07-09T08:51:36Z</end></TimeSpan><styleUrl>#point</styleUrl><Point><altitudeMode>clampToGround</altitudeMode><coordinates>7.167795309796929,45.239771632477641,2069.8600000000001</coordinates></Point></Placemark><Placemark><TimeSpan><begin>2023-07-09T08:51:36Z</begin><end>2023-07-09T08:51:47Z</end></TimeSpan><styleUrl>#point</styleUrl><Point><altitudeMode>clampToGround</altitudeMode><coordinates>7.167732194066048,45.239815805107355,2071.3000000000002</coordinates></Point></Placemark><Placemark><TimeSpan><begin>2023-07-09T08:51:47Z</begin><end>2023-07-09T08:51:58Z</end></TimeSpan><styleUrl>#point</styleUrl><Point><altitudeMode>clampToGround</altitudeMode><coordinates>7.167734373360872,45.239880681037903,2071.7800000000002</coordinates></Point></Placemark><Placemark><TimeSpan><begin>2023-07-09T08:51:58Z</begin><end>2023-07-09T08:52:09Z</end></TimeSpan><styleUrl>#point</styleUrl><Point><altitudeMode>clampToGround</altitudeMode><coordinates>7.167700510472059,45.239938851445913,2073.6999999999998</coordinates></Point></Placemark><Placemark><TimeSpan><begin>2023-07-09T08:52:09Z</begin><end>2023-07-09T08:52:24Z</end></TimeSpan><styleUrl>#point</styleUrl><Point><altitudeMode>clampToGround</altitudeMode><coordinates>7.167654829099774,45.239995513111353,2075.6199999999999</coordinates></Point></Placemark><Placemark><TimeSpan><begin>2023-07-09T08:52:24Z</begin><end>2023-07-09T08:52:39Z</end></TimeSpan><styleUrl>#point</styleUrl><Point><altitudeMode>clampToGround</altitudeMode><coordinates>7.167605040594935,45.240058628842235,2077.5500000000002</coordinates></Point></Placemark><Placemark><TimeSpan><begin>2023-07-09T08:52:39Z</begin><end>2023-07-09T08:52:53Z</end></TimeSpan><styleUrl>#point</styleUrl><Point><altitudeMode>clampToGround</altitudeMode><coordinates>7.167560029774904,45.240114536136389,2079.9499999999998</coordinates></Point></Placemark><Placemark><TimeSpan><begin>2023-07-09T08:52:53Z</begin><end>2023-07-09T08:53:02Z</end></TimeSpan><styleUrl>#point</styleUrl><Point><altitudeMode>clampToGround</altitudeMode><coordinates>7.167534967884421,45.240157367661595,2080.9099999999999</coordinates></Point></Placemark><Placemark><TimeSpan><begin>2023-07-09T08:53:02Z</begin><end>2023-07-09T08:53:14Z</end></TimeSpan><styleUrl>#point</styleUrl><Point><altitudeMode>clampToGround</altitudeMode><coordinates>7.167496075853705,45.240223584696651,2082.8299999999999</coordinates></Point></Placemark><Placemark><TimeSpan><begin>2023-07-09T08:53:14Z</begin><end>2023-07-09T08:53:29Z</end></TimeSpan><styleUrl>#point</styleUrl><Point><altitudeMode>clampToGround</altitudeMode><coordinates>7.167422818019986,45.240193577483296,2085.2399999999998</coordinates></Point></Placemark><Placemark><TimeSpan><begin>2023-07-09T08:53:29Z</begin><end>2023-07-09T08:53:44Z</end></TimeSpan><styleUrl>#point</styleUrl><Point><altitudeMode>clampToGround</altitudeMode><coordinates>7.167399181053042,45.240130629390478,2087.1599999999999</coordinates></Point></Placemark><Placemark><TimeSpan><begin>2023-07-09T08:53:44Z</begin><end>2023-07-09T08:53:54Z</end></TimeSpan><styleUrl>#point</styleUrl><Point><altitudeMode>clampToGround</altitudeMode><coordinates>7.167408317327499,45.240078745409846,2088.1199999999999</coordinates></Point></Placemark><Placemark><TimeSpan><begin>2023-07-09T08:53:54Z</begin><end>2023-07-09T08:54:05Z</end></TimeSpan><styleUrl>#point</styleUrl><Point><altitudeMode>clampToGround</altitudeMode><coordinates>7.167407730594277,45.24002225138247,2089.5599999999999</coordinates></Point></Placemark><Placemark><TimeSpan><begin>2023-07-09T08:54:05Z</begin><end>2023-07-09T08:54:17Z</end></TimeSpan><styleUrl>#point</styleUrl><Point><altitudeMode>clampToGround</altitudeMode><coordinates>7.167394990101457,45.239981766790152,2090.52</coordinates></Point></Placemark><Placemark><TimeSpan><begin>2023-07-09T08:54:17Z</begin><end>2023-07-09T08:54:29Z</end></TimeSpan><styleUrl>#point</styleUrl><Point><altitudeMode>clampToGround</altitudeMode><coordinates>7.167385686188936,45.239919824525714,2092.9299999999998</coordinates></Point></Placemark><Placemark><TimeSpan><begin>2023-07-09T08:54:29Z</begin><end>2023-07-09T08:54:40Z</end></TimeSpan><styleUrl>#point</styleUrl><Point><altitudeMode>clampToGround</altitudeMode><coordinates>7.167372107505798,45.239888057112694,2093.8899999999999</coordinates></Point></Placemark><Placemark><TimeSpan><begin>2023-07-09T08:54:40Z</begin><end>2023-07-09T08:54:52Z</end></TimeSpan><styleUrl>#point</styleUrl><Point><altitudeMode>clampToGround</altitudeMode><coordinates>7.167323995381594,45.23991622030735,2095.8099999999999</coordinates></Point></Placemark><Placemark><TimeSpan><begin>2023-07-09T08:54:52Z</begin><end>2023-07-09T08:55:04Z</end></TimeSpan><styleUrl>#point</styleUrl><Point><altitudeMode>clampToGround</altitudeMode><coordinates>7.167292395606637,45.239960560575128,2097.25</coordinates></Point></Placemark><Placemark><TimeSpan><begin>2023-07-09T08:55:04Z</begin><end>2023-07-09T08:55:15Z</end></TimeSpan><styleUrl>#point</styleUrl><Point><altitudeMode>clampToGround</altitudeMode><coordinates>7.16725442558527,45.239913202822208,2099.1799999999998</coordinates></Point></Placemark><Placemark><TimeSpan><begin>2023-07-09T08:55:15Z</begin><end>2023-07-09T08:55:26Z</end></TimeSpan><styleUrl>#point</styleUrl><Point><altitudeMode>clampToGround</altitudeMode><coordinates>7.167235566303134,45.239853523671627,2100.6199999999999</coordinates></Point></Placemark><Placemark><TimeSpan><begin>2023-07-09T08:55:26Z</begin><end>2023-07-09T08:55:36Z</end></TimeSpan><styleUrl>#point</styleUrl><Point><altitudeMode>clampToGround</altitudeMode><coordinates>7.167234309017658,45.239830557256937,2101.5799999999999</coordinates></Point></Placemark><Placemark><TimeSpan><begin>2023-07-09T08:55:36Z</begin><end>2023-07-09T08:55:59Z</end></TimeSpan><styleUrl>#point</styleUrl><Point><altitudeMode>clampToGround</altitudeMode><coordinates>7.167252833023667,45.239827539771795,2101.5799999999999</coordinates></Point></Placemark><Placemark><TimeSpan><begin>2023-07-09T08:55:59Z</begin><end>2023-07-09T08:56:20Z</end></TimeSpan><styleUrl>#point</styleUrl><Point><altitudeMode>clampToGround</altitudeMode><coordinates>7.167251911014319,45.239834245294333,2101.5799999999999</coordinates></Point></Placemark><Placemark><TimeSpan><begin>2023-07-09T08:56:20Z</begin><end>2023-07-09T08:56:38Z</end></TimeSpan><styleUrl>#point</styleUrl><Point><altitudeMode>clampToGround</altitudeMode><coordinates>7.167254593223333,45.239832988008857,2101.5799999999999</coordinates></Point></Placemark><Placemark><TimeSpan><begin>2023-07-09T08:56:38Z</begin><end>2023-07-09T08:56:55Z</end></TimeSpan><styleUrl>#point</styleUrl><Point><altitudeMode>clampToGround</altitudeMode><coordinates>7.167272530496121,45.239771129563451,2102.54</coordinates></Point></Placemark><Placemark><TimeSpan><begin>2023-07-09T08:56:55Z</begin><end>2023-07-09T08:57:07Z</end></TimeSpan><styleUrl>#point</styleUrl><Point><altitudeMode>clampToGround</altitudeMode><coordinates>7.167218299582601,45.239705415442586,2104.46</coordinates></Point></Placemark><Placemark><TimeSpan><begin>2023-07-09T08:57:07Z</begin><end>2023-07-09T08:57:17Z</end></TimeSpan><styleUrl>#point</styleUrl><Point><altitudeMode>clampToGround</altitudeMode><coordinates>7.167161889374256,45.239705415442586,2105.9099999999999</coordinates></Point></Placemark><Placemark><TimeSpan><begin>2023-07-09T08:57:17Z</begin><end>2023-07-09T08:57:30Z</end></TimeSpan><styleUrl>#point</styleUrl><Point><altitudeMode>clampToGround</altitudeMode><coordinates>7.167130457237363,45.239736177027225,2108.79</coordinates></Point></Placemark><Placemark><TimeSpan><begin>2023-07-09T08:57:30Z</begin><end>2023-07-09T08:57:41Z</end></TimeSpan><styleUrl>#point</styleUrl><Point><altitudeMode>clampToGround</altitudeMode><coordinates>7.167085194960237,45.239785630255938,2110.23</coordinates></Point></Placemark><Placemark><TimeSpan><begin>2023-07-09T08:57:41Z</begin><end>2023-07-09T08:57:54Z</end></TimeSpan><styleUrl>#point</styleUrl><Point><altitudeMode>clampToGround</altitudeMode><coordinates>7.167067928239703,45.239840447902679,2112.6300000000001</coordinates></Point></Placemark><Placemark><TimeSpan><begin>2023-07-09T08:57:54Z</begin><end>2023-07-09T08:58:08Z</end></TimeSpan><styleUrl>#point</styleUrl><Point><altitudeMode>clampToGround</altitudeMode><coordinates>7.16704722493887,45.239894511178136,2114.0799999999999</coordinates></Point></Placemark><Placemark><TimeSpan><begin>2023-07-09T08:58:08Z</begin><end>2023-07-09T08:58:21Z</end></TimeSpan><styleUrl>#point</styleUrl><Point><altitudeMode>clampToGround</altitudeMode><coordinates>7.167020486667752,45.239938097074628,2116</coordinates></Point></Placemark><Placemark><TimeSpan><begin>2023-07-09T08:58:21Z</begin><end>2023-07-09T08:58:34Z</end></TimeSpan><styleUrl>#point</styleUrl><Point><altitudeMode>clampToGround</altitudeMode><coordinates>7.16699056327343,45.240005487576127,2118.4000000000001</coordinates></Point></Placemark><Placemark><TimeSpan><begin>2023-07-09T08:58:34Z</begin><end>2023-07-09T08:58:46Z</end></TimeSpan><styleUrl>#point</styleUrl><Point><altitudeMode>clampToGround</altitudeMode><coordinates>7.166952425613999,45.240039937198162,2120.3200000000002</coordinates></Point></Placemark><Placemark><TimeSpan><begin>2023-07-09T08:58:46Z</begin><end>2023-07-09T08:59:01Z</end></TimeSpan><styleUrl>#point</styleUrl><Point><altitudeMode>clampToGround</altitudeMode><coordinates>7.166879335418344,45.240050498396158,2122.25</coordinates></Point></Placemark><Placemark><TimeSpan><begin>2023-07-09T08:59:01Z</begin><end>2023-07-09T08:59:14Z</end></TimeSpan><styleUrl>#point</styleUrl><Point><altitudeMode>clampToGround</altitudeMode><coordinates>7.166851339861751,45.239999871701002,2124.1700000000001</coordinates></Point></Placemark><Placemark><TimeSpan><begin>2023-07-09T08:59:14Z</begin><end>2023-07-09T08:59:24Z</end></TimeSpan><styleUrl>#point</styleUrl><Point><altitudeMode>clampToGround</altitudeMode><coordinates>7.166843712329865,45.239971205592155,2125.6100000000001</coordinates></Point></Placemark><Placemark><TimeSpan><begin>2023-07-09T08:59:24Z</begin><end>2023-07-09T08:59:36Z</end></TimeSpan><styleUrl>#point</styleUrl><Point><altitudeMode>clampToGround</altitudeMode><coordinates>7.16679803095758,45.239992076531053,2127.5300000000002</coordinates></Point></Placemark><Placemark><TimeSpan><begin>2023-07-09T08:59:36Z</begin><end>2023-07-09T08:59:48Z</end></TimeSpan><styleUrl>#point</styleUrl><Point><altitudeMode>clampToGround</altitudeMode><coordinates>7.166755618527532,45.240004900842905,2128.98</coordinates></Point></Placemark><Placemark><TimeSpan><begin>2023-07-09T08:59:48Z</begin><end>2023-07-09T09:00:02Z</end></TimeSpan><styleUrl>#point</styleUrl><Point><altitudeMode>clampToGround</altitudeMode><coordinates>7.166704405099154,45.240038176998496,2130.9000000000001</coordinates></Point></Placemark><Placemark><TimeSpan><begin>2023-07-09T09:00:02Z</begin><end>2023-07-09T09:00:14Z</end></TimeSpan><styleUrl>#point</styleUrl><Point><altitudeMode>clampToGround</altitudeMode><coordinates>7.166650425642729,45.24005108512938,2132.3400000000001</coordinates></Point></Placemark><Placemark><TimeSpan><begin>2023-07-09T09:00:14Z</begin><end>2023-07-09T09:00:24Z</end></TimeSpan><styleUrl>#point</styleUrl><Point><altitudeMode>clampToGround</altitudeMode><coordinates>7.166650258004665,45.240042116492987,2133.7800000000002</coordinates></Point></Placemark><Placemark><TimeSpan><begin>2023-07-09T09:00:24Z</begin><end>2023-07-09T09:00:38Z</end></TimeSpan><styleUrl>#point</styleUrl><Point><altitudeMode>clampToGround</altitudeMode><coordinates>7.166604995727539,45.240018730983138,2135.23</coordinates></Point></Placemark><Placemark><TimeSpan><begin>2023-07-09T09:00:38Z</begin><end>2023-07-09T09:00:51Z</end></TimeSpan><styleUrl>#point</styleUrl><Point><altitudeMode>clampToGround</altitudeMode><coordinates>7.166547076776624,45.240051839500666,2138.1100000000001</coordinates></Point></Placemark><Placemark><TimeSpan><begin>2023-07-09T09:00:51Z</begin><end>2023-07-09T09:01:07Z</end></TimeSpan><styleUrl>#point</styleUrl><Point><altitudeMode>clampToGround</altitudeMode><coordinates>7.166503155604005,45.240109842270613,2139.5500000000002</coordinates></Point></Placemark><Placemark><TimeSpan><begin>2023-07-09T09:01:07Z</begin><end>2023-07-09T09:01:32Z</end></TimeSpan><styleUrl>#point</styleUrl><Point><altitudeMode>clampToGround</altitudeMode><coordinates>7.166487146168947,45.240108584985137,2139.5500000000002</coordinates></Point></Placemark><Placemark><TimeSpan><begin>2023-07-09T09:01:32Z</begin><end>2023-07-09T09:01:52Z</end></TimeSpan><styleUrl>#point</styleUrl><Point><altitudeMode>clampToGround</altitudeMode><coordinates>7.166486056521535,45.240153092890978,2139.5500000000002</coordinates></Point></Placemark><Placemark><TimeSpan><begin>2023-07-09T09:01:52Z</begin><end>2023-07-09T09:02:08Z</end></TimeSpan><styleUrl>#point</styleUrl><Point><altitudeMode>clampToGround</altitudeMode><coordinates>7.166496869176626,45.24013414978981,2139.5500000000002</coordinates></Point></Placemark><Placemark><TimeSpan><begin>2023-07-09T09:02:08Z</begin><end>2023-07-09T09:02:21Z</end></TimeSpan><styleUrl>#point</styleUrl><Point><altitudeMode>clampToGround</altitudeMode><coordinates>7.166468454524875,45.240114284679294,2139.5500000000002</coordinates></Point></Placemark><Placemark><TimeSpan><begin>2023-07-09T09:02:21Z</begin><end>2023-07-09T09:02:35Z</end></TimeSpan><styleUrl>#point</styleUrl><Point><altitudeMode>clampToGround</altitudeMode><coordinates>7.166396621614695,45.240103472024202,2140.9899999999998</coordinates></Point></Placemark><Placemark><TimeSpan><begin>2023-07-09T09:02:35Z</begin><end>2023-07-09T09:02:48Z</end></TimeSpan><styleUrl>#point</styleUrl><Point><altitudeMode>clampToGround</altitudeMode><coordinates>7.166333924978972,45.240106740966439,2142.9200000000001</coordinates></Point></Placemark><Placemark><TimeSpan><begin>2023-07-09T09:02:48Z</begin><end>2023-07-09T09:03:01Z</end></TimeSpan><styleUrl>#point</styleUrl><Point><altitudeMode>clampToGround</altitudeMode><coordinates>7.16624733991921,45.24010774679482,2144.8400000000001</coordinates></Point></Placemark><Placemark><TimeSpan><begin>2023-07-09T09:03:01Z</begin><end>2023-07-09T09:03:15Z</end></TimeSpan><styleUrl>#point</styleUrl><Point><altitudeMode>clampToGround</altitudeMode><coordinates>7.166174333542585,45.240126103162766,2146.7600000000002</coordinates></Point></Placemark><Placemark><TimeSpan><begin>2023-07-09T09:03:15Z</begin><end>2023-07-09T09:03:26Z</end></TimeSpan><styleUrl>#point</styleUrl><Point><altitudeMode>clampToGround</altitudeMode><coordinates>7.166122198104858,45.24016491137445,2148.6799999999998</coordinates></Point></Placemark><Placemark><TimeSpan><begin>2023-07-09T09:03:26Z</begin><end>2023-07-09T09:03:39Z</end></TimeSpan><styleUrl>#point</styleUrl><Point><altitudeMode>clampToGround</altitudeMode><coordinates>7.166041480377317,45.240173377096653,2150.6100000000001</coordinates></Point></Placemark><Placemark><TimeSpan><begin>2023-07-09T09:03:39Z</begin><end>2023-07-09T09:03:50Z</end></TimeSpan><styleUrl>#point</styleUrl><Point><altitudeMode>clampToGround</altitudeMode><coordinates>7.165944501757622,45.240154098719358,2152.0500000000002</coordinates></Point></Placemark><Placemark><TimeSpan><begin>2023-07-09T09:03:50Z</begin><end>2023-07-09T09:04:02Z</end></TimeSpan><styleUrl>#point</styleUrl><Point><altitudeMode>clampToGround</altitudeMode><coordinates>7.165872249752283,45.240186369046569,2153.4899999999998</coordinates></Point></Placemark><Placemark><TimeSpan><begin>2023-07-09T09:04:02Z</begin><end>2023-07-09T09:04:15Z</end></TimeSpan><styleUrl>#point</styleUrl><Point><altitudeMode>clampToGround</altitudeMode><coordinates>7.165798991918564,45.24017371237278,2155.8899999999999</coordinates></Point></Placemark><Placemark><TimeSpan><begin>2023-07-09T09:04:15Z</begin><end>2023-07-09T09:04:26Z</end></TimeSpan><styleUrl>#point</styleUrl><Point><altitudeMode>clampToGround</altitudeMode><coordinates>7.165744006633759,45.240169856697321,2156.8600000000001</coordinates></Point></Placemark><Placemark><TimeSpan><begin>2023-07-09T09:04:26Z</begin><end>2023-07-09T09:04:36Z</end></TimeSpan><styleUrl>#point</styleUrl><Point><altitudeMode>clampToGround</altitudeMode><coordinates>7.165690194815397,45.240148399025202,2158.3000000000002</coordinates></Point></Placemark><Placemark><TimeSpan><begin>2023-07-09T09:04:36Z</begin><end>2023-07-09T09:04:47Z</end></TimeSpan><styleUrl>#point</styleUrl><Point><altitudeMode>clampToGround</altitudeMode><coordinates>7.165615847334266,45.240148063749075,2159.7399999999998</coordinates></Point></Placemark><Placemark><TimeSpan><begin>2023-07-09T09:04:47Z</begin><end>2023-07-09T09:04:58Z</end></TimeSpan><styleUrl>#point</styleUrl><Point><altitudeMode>clampToGround</altitudeMode><coordinates>7.16552616097033,45.240154517814517,2160.2199999999998</coordinates></Point></Placemark><Placemark><TimeSpan><begin>2023-07-09T09:04:58Z</begin><end>2023-07-09T09:05:09Z</end></TimeSpan><styleUrl>#point</styleUrl><Point><altitudeMode>clampToGround</altitudeMode><coordinates>7.165435552597046,45.240171700716019,2160.6999999999998</coordinates></Point></Placemark><Placemark><TimeSpan><begin>2023-07-09T09:05:09Z</begin><end>2023-07-09T09:05:21Z</end></TimeSpan><styleUrl>#point</styleUrl><Point><altitudeMode>clampToGround</altitudeMode><coordinates>7.165364138782024,45.240181926637888,2162.1399999999999</coordinates></Point></Placemark><Placemark><TimeSpan><begin>2023-07-09T09:05:21Z</begin><end>2023-07-09T09:05:34Z</end></TimeSpan><styleUrl>#point</styleUrl><Point><altitudeMode>clampToGround</altitudeMode><coordinates>7.165276547893882,45.240207072347403,2164.5500000000002</coordinates></Point></Placemark><Placemark><TimeSpan><begin>2023-07-09T09:05:34Z</begin><end>2023-07-09T09:05:44Z</end></TimeSpan><styleUrl>#point</styleUrl><Point><altitudeMode>clampToGround</altitudeMode><coordinates>7.165195913985372,45.240218136459589,2165.5100000000002</coordinates></Point></Placemark><Placemark><TimeSpan><begin>2023-07-09T09:05:44Z</begin><end>2023-07-09T09:06:02Z</end></TimeSpan><styleUrl>#point</styleUrl><Point><altitudeMode>clampToGround</altitudeMode><coordinates>7.165182670578361,45.240219058468938,2165.9899999999998</coordinates></Point></Placemark><Placemark><TimeSpan><begin>2023-07-09T09:06:02Z</begin><end>2023-07-09T09:06:16Z</end></TimeSpan><styleUrl>#point</styleUrl><Point><altitudeMode>clampToGround</altitudeMode><coordinates>7.1651357319206,45.240223500877619,2167.4299999999998</coordinates></Point></Placemark><Placemark><TimeSpan><begin>2023-07-09T09:06:16Z</begin><end>2023-07-09T09:06:27Z</end></TimeSpan><styleUrl>#point</styleUrl><Point><altitudeMode>clampToGround</altitudeMode><coordinates>7.165091307833791,45.240206653252244,2168.8699999999999</coordinates></Point></Placemark><Placemark><TimeSpan><begin>2023-07-09T09:06:27Z</begin><end>2023-07-09T09:06:38Z</end></TimeSpan><styleUrl>#point</styleUrl><Point><altitudeMode>clampToGround</altitudeMode><coordinates>7.165039423853159,45.240212352946401,2170.79</coordinates></Point></Placemark><Placemark><TimeSpan><begin>2023-07-09T09:06:38Z</begin><end>2023-07-09T09:06:51Z</end></TimeSpan><styleUrl>#point</styleUrl><Point><altitudeMode>clampToGround</altitudeMode><coordinates>7.165019810199738,45.24023674428463,2171.27</coordinates></Point></Placemark><Placemark><TimeSpan><begin>2023-07-09T09:06:51Z</begin><end>2023-07-09T09:07:08Z</end></TimeSpan><styleUrl>#point</styleUrl><Point><altitudeMode>clampToGround</altitudeMode><coordinates>7.164990054443479,45.240269768983126,2173.1999999999998</coordinates></Point></Placemark><Placemark><TimeSpan><begin>2023-07-09T09:07:08Z</begin><end>2023-07-09T09:07:22Z</end></TimeSpan><styleUrl>#point</styleUrl><Point><altitudeMode>clampToGround</altitudeMode><coordinates>7.16498670168221,45.240306314080954,2174.1599999999999</coordinates></Point></Placemark><Placemark><TimeSpan><begin>2023-07-09T09:07:22Z</begin><end>2023-07-09T09:07:38Z</end></TimeSpan><styleUrl>#point</styleUrl><Point><altitudeMode>clampToGround</altitudeMode><coordinates>7.164957616478205,45.240362640470266,2175.1199999999999</coordinates></Point></Placemark><Placemark><TimeSpan><begin>2023-07-09T09:07:38Z</begin><end>2023-07-09T09:07:56Z</end></TimeSpan><styleUrl>#point</styleUrl><Point><altitudeMode>clampToGround</altitudeMode><coordinates>7.164923250675201,45.240330370143056,2175.5999999999999</coordinates></Point></Placemark><Placemark><TimeSpan><begin>2023-07-09T09:07:56Z</begin><end>2023-07-09T09:08:10Z</end></TimeSpan><styleUrl>#point</styleUrl><Point><altitudeMode>clampToGround</altitudeMode><coordinates>7.164877066388726,45.240386864170432,2178.48</coordinates></Point></Placemark><Placemark><TimeSpan><begin>2023-07-09T09:08:10Z</begin><end>2023-07-09T09:08:20Z</end></TimeSpan><styleUrl>#point</styleUrl><Point><altitudeMode>clampToGround</altitudeMode><coordinates>7.16484010219574,45.240400023758411,2178.9699999999998</coordinates></Point></Placemark><Placemark><TimeSpan><begin>2023-07-09T09:08:20Z</begin><end>2023-07-09T09:08:40Z</end></TimeSpan><styleUrl>#point</styleUrl><Point><altitudeMode>clampToGround</altitudeMode><coordinates>7.164810681715608,45.240380493924022,2180.4099999999999</coordinates></Point></Placemark><Placemark><TimeSpan><begin>2023-07-09T09:08:40Z</begin><end>2023-07-09T09:08:50Z</end></TimeSpan><styleUrl>#point</styleUrl><Point><altitudeMode>clampToGround</altitudeMode><coordinates>7.164798947051168,45.240343697369099,2182.8099999999999</coordinates></Point></Placemark><Placemark><TimeSpan><begin>2023-07-09T09:08:50Z</begin><end>2023-07-09T09:09:00Z</end></TimeSpan><styleUrl>#point</styleUrl><Point><altitudeMode>clampToGround</altitudeMode><coordinates>7.164786625653505,45.240317294374108,2184.25</coordinates></Point></Placemark><Placemark><TimeSpan><begin>2023-07-09T09:09:00Z</begin><end>2023-07-09T09:09:14Z</end></TimeSpan><styleUrl>#point</styleUrl><Point><altitudeMode>clampToGround</altitudeMode><coordinates>7.164751337841153,45.240272283554077,2186.6599999999999</coordinates></Point></Placemark><Placemark><TimeSpan><begin>2023-07-09T09:09:14Z</begin><end>2023-07-09T09:09:26Z</end></TimeSpan><styleUrl>#point</styleUrl><Point><altitudeMode>clampToGround</altitudeMode><coordinates>7.164719821885228,45.240224255248904,2189.0599999999999</coordinates></Point></Placemark><Placemark><TimeSpan><begin>2023-07-09T09:09:26Z</begin><end>2023-07-09T09:09:39Z</end></TimeSpan><styleUrl>#point</styleUrl><Point><altitudeMode>clampToGround</altitudeMode><coordinates>7.164694927632809,45.240228362381458,2190.02</coordinates></Point></Placemark><Placemark><TimeSpan><begin>2023-07-09T09:09:39Z</begin><end>2023-07-09T09:09:51Z</end></TimeSpan><styleUrl>#point</styleUrl><Point><altitudeMode>clampToGround</altitudeMode><coordinates>7.164671877399087,45.240246299654245,2191.46</coordinates></Point></Placemark><Placemark><TimeSpan><begin>2023-07-09T09:09:51Z</begin><end>2023-07-09T09:10:04Z</end></TimeSpan><styleUrl>#point</styleUrl><Point><altitudeMode>clampToGround</altitudeMode><coordinates>7.164658214896917,45.240288209170103,2192.9000000000001</coordinates></Point></Placemark><Placemark><TimeSpan><begin>2023-07-09T09:10:04Z</begin><end>2023-07-09T09:10:21Z</end></TimeSpan><styleUrl>#point</styleUrl><Point><altitudeMode>clampToGround</altitudeMode><coordinates>7.164632398635149,45.240303128957748,2192.9000000000001</coordinates></Point></Placemark><Placemark><TimeSpan><begin>2023-07-09T09:10:21Z</begin><end>2023-07-09T09:10:41Z</end></TimeSpan><styleUrl>#point</styleUrl><Point><altitudeMode>clampToGround</altitudeMode><coordinates>7.164629213511944,45.240301787853241,2192.9000000000001</coordinates></Point></Placemark><Placemark><TimeSpan><begin>2023-07-09T09:10:41Z</begin><end>2023-07-09T09:10:56Z</end></TimeSpan><styleUrl>#point</styleUrl><Point><altitudeMode>clampToGround</altitudeMode><coordinates>7.164621753618121,45.240322826430202,2193.8699999999999</coordinates></Point></Placemark><Placemark><TimeSpan><begin>2023-07-09T09:10:56Z</begin><end>2023-07-09T09:11:11Z</end></TimeSpan><styleUrl>#point</styleUrl><Point><altitudeMode>clampToGround</altitudeMode><coordinates>7.164542125537992,45.240360461175442,2196.27</coordinates></Point></Placemark><Placemark><TimeSpan><begin>2023-07-09T09:11:11Z</begin><end>2023-07-09T09:11:24Z</end></TimeSpan><styleUrl>#point</styleUrl><Point><altitudeMode>clampToGround</altitudeMode><coordinates>7.164479428902268,45.240373788401484,2198.1900000000001</coordinates></Point></Placemark><Placemark><TimeSpan><begin>2023-07-09T09:11:24Z</begin><end>2023-07-09T09:11:35Z</end></TimeSpan><styleUrl>#point</styleUrl><Point><altitudeMode>clampToGround</altitudeMode><coordinates>7.164423689246178,45.240393234416842,2199.6300000000001</coordinates></Point></Placemark><Placemark><TimeSpan><begin>2023-07-09T09:11:35Z</begin><end>2023-07-09T09:11:45Z</end></TimeSpan><styleUrl>#point</styleUrl><Point><altitudeMode>clampToGround</altitudeMode><coordinates>7.164382115006447,45.240407483652234,2201.0799999999999</coordinates></Point></Placemark><Placemark><TimeSpan><begin>2023-07-09T09:11:45Z</begin><end>2023-07-09T09:11:55Z</end></TimeSpan><styleUrl>#point</styleUrl><Point><altitudeMode>clampToGround</altitudeMode><coordinates>7.164361411705613,45.240415530279279,2202.52</coordinates></Point></Placemark><Placemark><TimeSpan><begin>2023-07-09T09:11:55Z</begin><end>2023-07-09T09:12:08Z</end></TimeSpan><styleUrl>#point</styleUrl><Point><altitudeMode>clampToGround</altitudeMode><coordinates>7.164330063387752,45.24037697352469,2204.9200000000001</coordinates></Point></Placemark><Placemark><TimeSpan><begin>2023-07-09T09:12:08Z</begin><end>2023-07-09T09:12:22Z</end></TimeSpan><styleUrl>#point</styleUrl><Point><altitudeMode>clampToGround</altitudeMode><coordinates>7.164365099743009,45.240346295759082,2205.8800000000001</coordinates></Point></Placemark><Placemark><TimeSpan><begin>2023-07-09T09:12:22Z</begin><end>2023-07-09T09:12:34Z</end></TimeSpan><styleUrl>#point</styleUrl><Point><altitudeMode>clampToGround</altitudeMode><coordinates>7.164331320673227,45.240337746217847,2206.8400000000001</coordinates></Point></Placemark><Placemark><TimeSpan><begin>2023-07-09T09:12:34Z</begin><end>2023-07-09T09:12:44Z</end></TimeSpan><styleUrl>#point</styleUrl><Point><altitudeMode>clampToGround</altitudeMode><coordinates>7.16428354382515,45.240345876663923,2208.77</coordinates></Point></Placemark><Placemark><TimeSpan><begin>2023-07-09T09:12:44Z</begin><end>2023-07-09T09:12:57Z</end></TimeSpan><styleUrl>#point</styleUrl><Point><altitudeMode>clampToGround</altitudeMode><coordinates>7.164217745885253,45.240378482267261,2210.6900000000001</coordinates></Point></Placemark><Placemark><TimeSpan><begin>2023-07-09T09:12:57Z</begin><end>2023-07-09T09:13:07Z</end></TimeSpan><styleUrl>#point</styleUrl><Point><altitudeMode>clampToGround</altitudeMode><coordinates>7.164178686216474,45.240391558036208,2212.6100000000001</coordinates></Point></Placemark><Placemark><TimeSpan><begin>2023-07-09T09:13:07Z</begin><end>2023-07-09T09:13:20Z</end></TimeSpan><styleUrl>#point</styleUrl><Point><altitudeMode>clampToGround</altitudeMode><coordinates>7.164144152775407,45.240416033193469,2213.5700000000002</coordinates></Point></Placemark><Placemark><TimeSpan><begin>2023-07-09T09:13:20Z</begin><end>2023-07-09T09:13:32Z</end></TimeSpan><styleUrl>#point</styleUrl><Point><altitudeMode>clampToGround</altitudeMode><coordinates>7.164100902155042,45.240421900525689,2215.5</coordinates></Point></Placemark><Placemark><TimeSpan><begin>2023-07-09T09:13:32Z</begin><end>2023-07-09T09:13:41Z</end></TimeSpan><styleUrl>#point</styleUrl><Point><altitudeMode>clampToGround</altitudeMode><coordinates>7.164065949618816,45.240460960194468,2216.46</coordinates></Point></Placemark><Placemark><TimeSpan><begin>2023-07-09T09:13:41Z</begin><end>2023-07-09T09:13:51Z</end></TimeSpan><styleUrl>#point</styleUrl><Point><altitudeMode>clampToGround</altitudeMode><coordinates>7.164053712040186,45.240499097853899,2218.3800000000001</coordinates></Point></Placemark><Placemark><TimeSpan><begin>2023-07-09T09:13:51Z</begin><end>2023-07-09T09:14:01Z</end></TimeSpan><styleUrl>#point</styleUrl><Point><altitudeMode>clampToGround</altitudeMode><coordinates>7.16404709033668,45.240553496405482,2219.3400000000001</coordinates></Point></Placemark><Placemark><TimeSpan><begin>2023-07-09T09:14:01Z</begin><end>2023-07-09T09:14:11Z</end></TimeSpan><styleUrl>#point</styleUrl><Point><altitudeMode>clampToGround</altitudeMode><coordinates>7.164081623777747,45.240591550245881,2220.3000000000002</coordinates></Point></Placemark><Placemark><TimeSpan><begin>2023-07-09T09:14:11Z</begin><end>2023-07-09T09:14:24Z</end></TimeSpan><styleUrl>#point</styleUrl><Point><altitudeMode>clampToGround</altitudeMode><coordinates>7.164073325693607,45.240657934919,2222.71</coordinates></Point></Placemark><Placemark><TimeSpan><begin>2023-07-09T09:14:24Z</begin><end>2023-07-09T09:14:36Z</end></TimeSpan><styleUrl>#point</styleUrl><Point><altitudeMode>clampToGround</altitudeMode><coordinates>7.164020771160722,45.240723649039865,2224.1500000000001</coordinates></Point></Placemark><Placemark><TimeSpan><begin>2023-07-09T09:14:36Z</begin><end>2023-07-09T09:14:47Z</end></TimeSpan><styleUrl>#point</styleUrl><Point><altitudeMode>clampToGround</altitudeMode><coordinates>7.16398841701448,45.240768492221832,2225.1100000000001</coordinates></Point></Placemark><Placemark><TimeSpan><begin>2023-07-09T09:14:47Z</begin><end>2023-07-09T09:14:59Z</end></TimeSpan><styleUrl>#point</styleUrl><Point><altitudeMode>clampToGround</altitudeMode><coordinates>7.163922535255551,45.240792632102966,2227.0300000000002</coordinates></Point></Placemark><Placemark><TimeSpan><begin>2023-07-09T09:14:59Z</begin><end>2023-07-09T09:15:11Z</end></TimeSpan><styleUrl>#point</styleUrl><Point><altitudeMode>clampToGround</altitudeMode><coordinates>7.163876183331013,45.240802438929677,2228.4699999999998</coordinates></Point></Placemark><Placemark><TimeSpan><begin>2023-07-09T09:15:11Z</begin><end>2023-07-09T09:15:25Z</end></TimeSpan><styleUrl>#point</styleUrl><Point><altitudeMode>clampToGround</altitudeMode><coordinates>7.163822455331683,45.240823142230511,2230.4000000000001</coordinates></Point></Placemark><Placemark><TimeSpan><begin>2023-07-09T09:15:25Z</begin><end>2023-07-09T09:15:38Z</end></TimeSpan><styleUrl>#point</styleUrl><Point><altitudeMode>clampToGround</altitudeMode><coordinates>7.163749784231186,45.240838648751378,2231.8400000000001</coordinates></Point></Placemark><Placemark><TimeSpan><begin>2023-07-09T09:15:38Z</begin><end>2023-07-09T09:15:53Z</end></TimeSpan><styleUrl>#point</styleUrl><Point><altitudeMode>clampToGround</altitudeMode><coordinates>7.163703851401806,45.240860441699624,2233.2800000000002</coordinates></Point></Placemark><Placemark><TimeSpan><begin>2023-07-09T09:15:53Z</begin><end>2023-07-09T09:16:03Z</end></TimeSpan><styleUrl>#point</styleUrl><Point><altitudeMode>clampToGround</altitudeMode><coordinates>7.163654565811157,45.240853819996119,2234.7199999999998</coordinates></Point></Placemark><Placemark><TimeSpan><begin>2023-07-09T09:16:03Z</begin><end>2023-07-09T09:16:14Z</end></TimeSpan><styleUrl>#point</styleUrl><Point><altitudeMode>clampToGround</altitudeMode><coordinates>7.163613745942712,45.240888437256217,2236.1599999999999</coordinates></Point></Placemark><Placemark><TimeSpan><begin>2023-07-09T09:16:14Z</begin><end>2023-07-09T09:16:27Z</end></TimeSpan><styleUrl>#point</styleUrl><Point><altitudeMode>clampToGround</altitudeMode><coordinates>7.163575608283281,45.240896735340357,2238.0900000000001</coordinates></Point></Placemark><Placemark><TimeSpan><begin>2023-07-09T09:16:27Z</begin><end>2023-07-09T09:16:39Z</end></TimeSpan><styleUrl>#point</styleUrl><Point><altitudeMode>clampToGround</altitudeMode><coordinates>7.163527999073267,45.240946188569069,2239.5300000000002</coordinates></Point></Placemark><Placemark><TimeSpan><begin>2023-07-09T09:16:39Z</begin><end>2023-07-09T09:16:53Z</end></TimeSpan><styleUrl>#point</styleUrl><Point><altitudeMode>clampToGround</altitudeMode><coordinates>7.163491537794471,45.240943925455213,2241.4499999999998</coordinates></Point></Placemark><Placemark><TimeSpan><begin>2023-07-09T09:16:53Z</begin><end>2023-07-09T09:17:03Z</end></TimeSpan><styleUrl>#point</styleUrl><Point><altitudeMode>clampToGround</altitudeMode><coordinates>7.163442671298981,45.240940069779754,2241.9299999999998</coordinates></Point></Placemark><Placemark><TimeSpan><begin>2023-07-09T09:17:03Z</begin><end>2023-07-09T09:17:15Z</end></TimeSpan><styleUrl>#point</styleUrl><Point><altitudeMode>clampToGround</altitudeMode><coordinates>7.163361199200153,45.240959683433175,2243.8499999999999</coordinates></Point></Placemark><Placemark><TimeSpan><begin>2023-07-09T09:17:15Z</begin><end>2023-07-09T09:17:26Z</end></TimeSpan><styleUrl>#point</styleUrl><Point><altitudeMode>clampToGround</altitudeMode><coordinates>7.16330043040216,45.240983320400119,2245.3000000000002</coordinates></Point></Placemark><Placemark><TimeSpan><begin>2023-07-09T09:17:26Z</begin><end>2023-07-09T09:17:37Z</end></TimeSpan><styleUrl>#point</styleUrl><Point><altitudeMode>clampToGround</altitudeMode><coordinates>7.163257766515017,45.240992372855544,2246.7399999999998</coordinates></Point></Placemark><Placemark><TimeSpan><begin>2023-07-09T09:17:37Z</begin><end>2023-07-09T09:17:48Z</end></TimeSpan><styleUrl>#point</styleUrl><Point><altitudeMode>clampToGround</altitudeMode><coordinates>7.163201943039894,45.24099069647491,2248.1799999999998</coordinates></Point></Placemark><Placemark><TimeSpan><begin>2023-07-09T09:17:48Z</begin><end>2023-07-09T09:18:01Z</end></TimeSpan><styleUrl>#point</styleUrl><Point><altitudeMode>clampToGround</altitudeMode><coordinates>7.163137067109346,45.241009974852204,2249.6199999999999</coordinates></Point></Placemark><Placemark><TimeSpan><begin>2023-07-09T09:18:01Z</begin><end>2023-07-09T09:18:12Z</end></TimeSpan><styleUrl>#point</styleUrl><Point><altitudeMode>clampToGround</altitudeMode><coordinates>7.163100522011519,45.241103433072567,2251.0599999999999</coordinates></Point></Placemark><Placemark><TimeSpan><begin>2023-07-09T09:18:12Z</begin><end>2023-07-09T09:18:24Z</end></TimeSpan><styleUrl>#point</styleUrl><Point><altitudeMode>clampToGround</altitudeMode><coordinates>7.163057271391153,45.24114802479744,2252.5100000000002</coordinates></Point></Placemark><Placemark><TimeSpan><begin>2023-07-09T09:18:24Z</begin><end>2023-07-09T09:18:36Z</end></TimeSpan><styleUrl>#point</styleUrl><Point><altitudeMode>clampToGround</altitudeMode><coordinates>7.162994239479303,45.241177445277572,2253.9499999999998</coordinates></Point></Placemark><Placemark><TimeSpan><begin>2023-07-09T09:18:36Z</begin><end>2023-07-09T09:18:48Z</end></TimeSpan><styleUrl>#point</styleUrl><Point><altitudeMode>clampToGround</altitudeMode><coordinates>7.162953000515699,45.241180714219809,2255.3899999999999</coordinates></Point></Placemark><Placemark><TimeSpan><begin>2023-07-09T09:18:48Z</begin><end>2023-07-09T09:18:59Z</end></TimeSpan><styleUrl>#point</styleUrl><Point><altitudeMode>clampToGround</altitudeMode><coordinates>7.162901284173131,45.241183396428823,2257.3099999999999</coordinates></Point></Placemark><Placemark><TimeSpan><begin>2023-07-09T09:18:59Z</begin><end>2023-07-09T09:19:13Z</end></TimeSpan><styleUrl>#point</styleUrl><Point><altitudeMode>clampToGround</altitudeMode><coordinates>7.162848142907023,45.241201836615801,2258.27</coordinates></Point></Placemark><Placemark><TimeSpan><begin>2023-07-09T09:19:13Z</begin><end>2023-07-09T09:19:34Z</end></TimeSpan><styleUrl>#point</styleUrl><Point><altitudeMode>clampToGround</altitudeMode><coordinates>7.162816543132067,45.241268808022141,2258.27</coordinates></Point></Placemark><Placemark><TimeSpan><begin>2023-07-09T09:19:34Z</begin><end>2023-07-09T09:19:53Z</end></TimeSpan><styleUrl>#point</styleUrl><Point><altitudeMode>clampToGround</altitudeMode><coordinates>7.162818470969796,45.241263108327985,2258.27</coordinates></Point></Placemark><Placemark><TimeSpan><begin>2023-07-09T09:19:53Z</begin><end>2023-07-09T09:20:12Z</end></TimeSpan><styleUrl>#point</styleUrl><Point><altitudeMode>clampToGround</altitudeMode><coordinates>7.162809586152434,45.241274842992425,2258.75</coordinates></Point></Placemark><Placemark><TimeSpan><begin>2023-07-09T09:20:12Z</begin><end>2023-07-09T09:20:27Z</end></TimeSpan><styleUrl>#point</styleUrl><Point><altitudeMode>clampToGround</altitudeMode><coordinates>7.162734987214208,45.241297306492925,2261.1599999999999</coordinates></Point></Placemark><Placemark><TimeSpan><begin>2023-07-09T09:20:27Z</begin><end>2023-07-09T09:20:39Z</end></TimeSpan><styleUrl>#point</styleUrl><Point><altitudeMode>clampToGround</altitudeMode><coordinates>7.162626357749105,45.241332007572055,2263.0799999999999</coordinates></Point></Placemark><Placemark><TimeSpan><begin>2023-07-09T09:20:39Z</begin><end>2023-07-09T09:20:50Z</end></TimeSpan><styleUrl>#point</styleUrl><Point><altitudeMode>clampToGround</altitudeMode><coordinates>7.162565169855952,45.2413728274405,2265</coordinates></Point></Placemark><Placemark><TimeSpan><begin>2023-07-09T09:20:50Z</begin><end>2023-07-09T09:20:59Z</end></TimeSpan><styleUrl>#point</styleUrl><Point><altitudeMode>clampToGround</altitudeMode><coordinates>7.162566594779491,45.241390010342002,2265.96</coordinates></Point></Placemark><Placemark><TimeSpan><begin>2023-07-09T09:20:59Z</begin><end>2023-07-09T09:21:09Z</end></TimeSpan><styleUrl>#point</styleUrl><Point><altitudeMode>clampToGround</altitudeMode><coordinates>7.162573048844934,45.241438457742333,2267.4099999999999</coordinates></Point></Placemark><Placemark><TimeSpan><begin>2023-07-09T09:21:09Z</begin><end>2023-07-09T09:21:22Z</end></TimeSpan><styleUrl>#point</styleUrl><Point><altitudeMode>clampToGround</altitudeMode><coordinates>7.162519739940763,45.241508111357689,2268.3699999999999</coordinates></Point></Placemark><Placemark><TimeSpan><begin>2023-07-09T09:21:22Z</begin><end>2023-07-09T09:21:34Z</end></TimeSpan><styleUrl>#point</styleUrl><Point><altitudeMode>clampToGround</altitudeMode><coordinates>7.162504820153117,45.241591343656182,2269.3299999999999</coordinates></Point></Placemark><Placemark><TimeSpan><begin>2023-07-09T09:21:34Z</begin><end>2023-07-09T09:21:46Z</end></TimeSpan><styleUrl>#point</styleUrl><Point><altitudeMode>clampToGround</altitudeMode><coordinates>7.162493672221899,45.241661667823792,2270.29</coordinates></Point></Placemark><Placemark><TimeSpan><begin>2023-07-09T09:21:46Z</begin><end>2023-07-09T09:21:56Z</end></TimeSpan><styleUrl>#point</styleUrl><Point><altitudeMode>clampToGround</altitudeMode><coordinates>7.162475567311049,45.241734255105257,2272.21</coordinates></Point></Placemark><Placemark><TimeSpan><begin>2023-07-09T09:21:56Z</begin><end>2023-07-09T09:22:05Z</end></TimeSpan><styleUrl>#point</styleUrl><Point><altitudeMode>clampToGround</altitudeMode><coordinates>7.162434915080667,45.241771973669529,2273.1700000000001</coordinates></Point></Placemark><Placemark><TimeSpan><begin>2023-07-09T09:22:05Z</begin><end>2023-07-09T09:22:15Z</end></TimeSpan><styleUrl>#point</styleUrl><Point><altitudeMode>clampToGround</altitudeMode><coordinates>7.16242871247232,45.241820085793734,2275.0999999999999</coordinates></Point></Placemark><Placemark><TimeSpan><begin>2023-07-09T09:22:15Z</begin><end>2023-07-09T09:22:24Z</end></TimeSpan><styleUrl>#point</styleUrl><Point><altitudeMode>clampToGround</altitudeMode><coordinates>7.162420498207212,45.241854703053832,2276.54</coordinates></Point></Placemark><Placemark><TimeSpan><begin>2023-07-09T09:22:24Z</begin><end>2023-07-09T09:22:35Z</end></TimeSpan><styleUrl>#point</styleUrl><Point><altitudeMode>clampToGround</altitudeMode><coordinates>7.162388395518065,45.241893092170358,2277.5</coordinates></Point></Placemark><Placemark><TimeSpan><begin>2023-07-09T09:22:35Z</begin><end>2023-07-09T09:22:45Z</end></TimeSpan><styleUrl>#point</styleUrl><Point><altitudeMode>clampToGround</altitudeMode><coordinates>7.162333410233259,45.241926787421107,2278.46</coordinates></Point></Placemark><Placemark><TimeSpan><begin>2023-07-09T09:22:45Z</begin><end>2023-07-09T09:22:56Z</end></TimeSpan><styleUrl>#point</styleUrl><Point><altitudeMode>clampToGround</altitudeMode><coordinates>7.162263756617904,45.241962829604745,2279.9000000000001</coordinates></Point></Placemark><Placemark><TimeSpan><begin>2023-07-09T09:22:56Z</begin><end>2023-07-09T09:23:08Z</end></TimeSpan><styleUrl>#point</styleUrl><Point><altitudeMode>clampToGround</altitudeMode><coordinates>7.162216063588858,45.241975570097566,2281.3499999999999</coordinates></Point></Placemark><Placemark><TimeSpan><begin>2023-07-09T09:23:08Z</begin><end>2023-07-09T09:23:20Z</end></TimeSpan><styleUrl>#point</styleUrl><Point><altitudeMode>clampToGround</altitudeMode><coordinates>7.16221178881824,45.241931732743979,2282.79</coordinates></Point></Placemark><Placemark><TimeSpan><begin>2023-07-09T09:23:20Z</begin><end>2023-07-09T09:23:28Z</end></TimeSpan><styleUrl>#point</styleUrl><Point><altitudeMode>clampToGround</altitudeMode><coordinates>7.162202233448625,45.241918908432126,2284.23</coordinates></Point></Placemark><Placemark><TimeSpan><begin>2023-07-09T09:23:28Z</begin><end>2023-07-09T09:23:40Z</end></TimeSpan><styleUrl>#point</styleUrl><Point><altitudeMode>clampToGround</altitudeMode><coordinates>7.162157976999879,45.24192645214498,2285.1900000000001</coordinates></Point></Placemark><Placemark><TimeSpan><begin>2023-07-09T09:23:40Z</begin><end>2023-07-09T09:23:54Z</end></TimeSpan><styleUrl>#point</styleUrl><Point><altitudeMode>clampToGround</altitudeMode><coordinates>7.162084551528096,45.241949837654829,2286.6300000000001</coordinates></Point></Placemark><Placemark><TimeSpan><begin>2023-07-09T09:23:54Z</begin><end>2023-07-09T09:24:03Z</end></TimeSpan><styleUrl>#point</styleUrl><Point><altitudeMode>clampToGround</altitudeMode><coordinates>7.16202462092042,45.241954363882542,2287.1100000000001</coordinates></Point></Placemark><Placemark><TimeSpan><begin>2023-07-09T09:24:03Z</begin><end>2023-07-09T09:24:13Z</end></TimeSpan><styleUrl>#point</styleUrl><Point><altitudeMode>clampToGround</altitudeMode><coordinates>7.161966199055314,45.241992166265845,2288.0799999999999</coordinates></Point></Placemark><Placemark><TimeSpan><begin>2023-07-09T09:24:13Z</begin><end>2023-07-09T09:24:24Z</end></TimeSpan><styleUrl>#point</styleUrl><Point><altitudeMode>clampToGround</altitudeMode><coordinates>7.161915237084031,45.242022341117263,2289.52</coordinates></Point></Placemark><Placemark><TimeSpan><begin>2023-07-09T09:24:24Z</begin><end>2023-07-09T09:24:34Z</end></TimeSpan><styleUrl>#point</styleUrl><Point><altitudeMode>clampToGround</altitudeMode><coordinates>7.161847511306405,45.242074895650148,2290.48</coordinates></Point></Placemark><Placemark><TimeSpan><begin>2023-07-09T09:24:34Z</begin><end>2023-07-09T09:24:43Z</end></TimeSpan><styleUrl>#point</styleUrl><Point><altitudeMode>clampToGround</altitudeMode><coordinates>7.161800321191549,45.242099286988378,2292.4000000000001</coordinates></Point></Placemark><Placemark><TimeSpan><begin>2023-07-09T09:24:43Z</begin><end>2023-07-09T09:24:53Z</end></TimeSpan><styleUrl>#point</styleUrl><Point><altitudeMode>clampToGround</altitudeMode><coordinates>7.161758663132787,45.242107668891549,2292.8800000000001</coordinates></Point></Placemark><Placemark><TimeSpan><begin>2023-07-09T09:24:53Z</begin><end>2023-07-09T09:25:05Z</end></TimeSpan><styleUrl>#point</styleUrl><Point><altitudeMode>clampToGround</altitudeMode><coordinates>7.161696134135127,45.242130383849144,2293.3600000000001</coordinates></Point></Placemark><Placemark><TimeSpan><begin>2023-07-09T09:25:05Z</begin><end>2023-07-09T09:25:19Z</end></TimeSpan><styleUrl>#point</styleUrl><Point><altitudeMode>clampToGround</altitudeMode><coordinates>7.161613237112761,45.242174053564668,2294.3200000000002</coordinates></Point></Placemark><Placemark><TimeSpan><begin>2023-07-09T09:25:19Z</begin><end>2023-07-09T09:25:38Z</end></TimeSpan><styleUrl>#point</styleUrl><Point><altitudeMode>clampToGround</altitudeMode><coordinates>7.161596305668354,45.242212861776352,2294.3200000000002</coordinates></Point></Placemark><Placemark><TimeSpan><begin>2023-07-09T09:25:38Z</begin><end>2023-07-09T09:26:00Z</end></TimeSpan><styleUrl>#point</styleUrl><Point><altitudeMode>clampToGround</altitudeMode><coordinates>7.161505026742816,45.242242701351643,2294.3200000000002</coordinates></Point></Placemark><Placemark><TimeSpan><begin>2023-07-09T09:26:00Z</begin><end>2023-07-09T09:26:20Z</end></TimeSpan><styleUrl>#point</styleUrl><Point><altitudeMode>clampToGround</altitudeMode><coordinates>7.161467391997576,45.242245299741626,2294.3200000000002</coordinates></Point></Placemark><Placemark><TimeSpan><begin>2023-07-09T09:26:20Z</begin><end>2023-07-09T09:26:39Z</end></TimeSpan><styleUrl>#point</styleUrl><Point><altitudeMode>clampToGround</altitudeMode><coordinates>7.161489520221949,45.242221243679523,2295.2800000000002</coordinates></Point></Placemark><Placemark><TimeSpan><begin>2023-07-09T09:26:39Z</begin><end>2023-07-09T09:26:41Z</end></TimeSpan><styleUrl>#point</styleUrl><Point><altitudeMode>clampToGround</altitudeMode><coordinates>7.161487424746156,45.242220824584365,2293.8400000000001</coordinates></Point></Placemark><Placemark><TimeSpan><begin>2023-07-09T09:26:41Z</begin><end>2023-07-09T09:26:52Z</end></TimeSpan><styleUrl>#point</styleUrl><Point><altitudeMode>clampToGround</altitudeMode><coordinates>7.161421962082386,45.242255693301558,2293.8400000000001</coordinates></Point></Placemark><Placemark><TimeSpan><begin>2023-07-09T09:26:52Z</begin><end>2023-07-09T09:27:03Z</end></TimeSpan><styleUrl>#point</styleUrl><Point><altitudeMode>clampToGround</altitudeMode><coordinates>7.161386841908097,45.242286706343293,2296.25</coordinates></Point></Placemark><Placemark><TimeSpan><begin>2023-07-09T09:27:03Z</begin><end>2023-07-09T09:27:13Z</end></TimeSpan><styleUrl>#point</styleUrl><Point><altitudeMode>clampToGround</altitudeMode><coordinates>7.161347530782223,45.242324844002724,2297.6900000000001</coordinates></Point></Placemark><Placemark><TimeSpan><begin>2023-07-09T09:27:13Z</begin><end>2023-07-09T09:27:25Z</end></TimeSpan><styleUrl>#point</styleUrl><Point><altitudeMode>clampToGround</altitudeMode><coordinates>7.161291036754847,45.242381924763322,2299.6100000000001</coordinates></Point></Placemark><Placemark><TimeSpan><begin>2023-07-09T09:27:25Z</begin><end>2023-07-09T09:27:35Z</end></TimeSpan><styleUrl>#point</styleUrl><Point><altitudeMode>clampToGround</altitudeMode><coordinates>7.161247031763196,45.24240137077868,2301.0500000000002</coordinates></Point></Placemark><Placemark><TimeSpan><begin>2023-07-09T09:27:35Z</begin><end>2023-07-09T09:27:47Z</end></TimeSpan><styleUrl>#point</styleUrl><Point><altitudeMode>clampToGround</altitudeMode><coordinates>7.161200176924467,45.242449818179011,2302.98</coordinates></Point></Placemark><Placemark><TimeSpan><begin>2023-07-09T09:27:47Z</begin><end>2023-07-09T09:27:56Z</end></TimeSpan><styleUrl>#point</styleUrl><Point><altitudeMode>clampToGround</altitudeMode><coordinates>7.161196656525135,45.242501869797707,2302.98</coordinates></Point></Placemark><Placemark><TimeSpan><begin>2023-07-09T09:27:56Z</begin><end>2023-07-09T09:28:06Z</end></TimeSpan><styleUrl>#point</styleUrl><Point><altitudeMode>clampToGround</altitudeMode><coordinates>7.161205038428307,45.242554256692529,2303.9400000000001</coordinates></Point></Placemark><Placemark><TimeSpan><begin>2023-07-09T09:28:06Z</begin><end>2023-07-09T09:28:17Z</end></TimeSpan><styleUrl>#point</styleUrl><Point><altitudeMode>clampToGround</altitudeMode><coordinates>7.161172851920128,45.242642685770988,2304.9000000000001</coordinates></Point></Placemark><Placemark><TimeSpan><begin>2023-07-09T09:28:17Z</begin><end>2023-07-09T09:28:28Z</end></TimeSpan><styleUrl>#point</styleUrl><Point><altitudeMode>clampToGround</altitudeMode><coordinates>7.161161955446005,45.242720134556293,2306.8200000000002</coordinates></Point></Placemark><Placemark><TimeSpan><begin>2023-07-09T09:28:28Z</begin><end>2023-07-09T09:28:40Z</end></TimeSpan><styleUrl>#point</styleUrl><Point><altitudeMode>clampToGround</altitudeMode><coordinates>7.161143766716123,45.242813257500529,2308.2600000000002</coordinates></Point></Placemark><Placemark><TimeSpan><begin>2023-07-09T09:28:40Z</begin><end>2023-07-09T09:28:52Z</end></TimeSpan><styleUrl>#point</styleUrl><Point><altitudeMode>clampToGround</altitudeMode><coordinates>7.161079309880734,45.242835721001029,2309.2199999999998</coordinates></Point></Placemark><Placemark><TimeSpan><begin>2023-07-09T09:28:52Z</begin><end>2023-07-09T09:29:04Z</end></TimeSpan><styleUrl>#point</styleUrl><Point><altitudeMode>clampToGround</altitudeMode><coordinates>7.161023402586579,45.242820465937257,2309.2199999999998</coordinates></Point></Placemark><Placemark><TimeSpan><begin>2023-07-09T09:29:04Z</begin><end>2023-07-09T09:29:15Z</end></TimeSpan><styleUrl>#point</styleUrl><Point><altitudeMode>clampToGround</altitudeMode><coordinates>7.161003202199936,45.242871092632413,2309.2199999999998</coordinates></Point></Placemark><Placemark><TimeSpan><begin>2023-07-09T09:29:15Z</begin><end>2023-07-09T09:29:18Z</end></TimeSpan><styleUrl>#point</styleUrl><Point><altitudeMode>clampToGround</altitudeMode><coordinates>7.161006135866046,45.242894059047103,2307.7800000000002</coordinates></Point></Placemark><Placemark><TimeSpan><begin>2023-07-09T09:29:18Z</begin><end>2023-07-09T09:29:29Z</end></TimeSpan><styleUrl>#point</styleUrl><Point><altitudeMode>clampToGround</altitudeMode><coordinates>7.161011081188917,45.242951810359955,2306.8200000000002</coordinates></Point></Placemark><Placemark><TimeSpan><begin>2023-07-09T09:29:29Z</begin><end>2023-07-09T09:29:38Z</end></TimeSpan><styleUrl>#point</styleUrl><Point><altitudeMode>clampToGround</altitudeMode><coordinates>7.161042094230652,45.242949379608035,2305.8600000000001</coordinates></Point></Placemark><Placemark><TimeSpan><begin>2023-07-09T09:29:38Z</begin><end>2023-07-09T09:29:50Z</end></TimeSpan><styleUrl>#point</styleUrl><Point><altitudeMode>clampToGround</altitudeMode><coordinates>7.161038322374225,45.242988942191005,2304.4200000000001</coordinates></Point></Placemark><Placemark><TimeSpan><begin>2023-07-09T09:29:50Z</begin><end>2023-07-09T09:30:00Z</end></TimeSpan><styleUrl>#point</styleUrl><Point><altitudeMode>clampToGround</altitudeMode><coordinates>7.161077465862036,45.243021715432405,2303.46</coordinates></Point></Placemark><Placemark><TimeSpan><begin>2023-07-09T09:30:00Z</begin><end>2023-07-09T09:30:13Z</end></TimeSpan><styleUrl>#point</styleUrl><Point><altitudeMode>clampToGround</altitudeMode><coordinates>7.161156926304102,45.243048034608364,2302.98</coordinates></Point></Placemark><Placemark><TimeSpan><begin>2023-07-09T09:30:13Z</begin><end>2023-07-09T09:30:31Z</end></TimeSpan><styleUrl>#point</styleUrl><Point><altitudeMode>clampToGround</altitudeMode><coordinates>7.161162290722132,45.243045268580317,2302.4899999999998</coordinates></Point></Placemark><Placemark><TimeSpan><begin>2023-07-09T09:30:31Z</begin><end>2023-07-09T09:30:43Z</end></TimeSpan><styleUrl>#point</styleUrl><Point><altitudeMode>clampToGround</altitudeMode><coordinates>7.161202356219292,45.243034875020385,2302.0100000000002</coordinates></Point></Placemark><Placemark><TimeSpan><begin>2023-07-09T09:30:43Z</begin><end>2023-07-09T09:30:54Z</end></TimeSpan><styleUrl>#point</styleUrl><Point><altitudeMode>clampToGround</altitudeMode><coordinates>7.161243930459023,45.243045939132571,2301.5300000000002</coordinates></Point></Placemark><Placemark><TimeSpan><begin>2023-07-09T09:30:54Z</begin><end>2023-07-09T09:31:04Z</end></TimeSpan><styleUrl>#point</styleUrl><Point><altitudeMode>clampToGround</altitudeMode><coordinates>7.161259353160858,45.243059098720551,2301.5300000000002</coordinates></Point></Placemark><Placemark><TimeSpan><begin>2023-07-09T09:31:04Z</begin><end>2023-07-09T09:31:27Z</end></TimeSpan><styleUrl>#point</styleUrl><Point><altitudeMode>clampToGround</altitudeMode><coordinates>7.161258012056351,45.243050800636411,2301.0500000000002</coordinates></Point></Placemark><Placemark><TimeSpan><begin>2023-07-09T09:31:27Z</begin><end>2023-07-09T09:31:50Z</end></TimeSpan><styleUrl>#point</styleUrl><Point><altitudeMode>clampToGround</altitudeMode><coordinates>7.161252480000258,45.243042586371303,2301.5300000000002</coordinates></Point></Placemark><Placemark><TimeSpan><begin>2023-07-09T09:31:50Z</begin><end>2023-07-09T09:32:13Z</end></TimeSpan><styleUrl>#point</styleUrl><Point><altitudeMode>clampToGround</altitudeMode><coordinates>7.161263795569539,45.243077203631401,2301.5300000000002</coordinates></Point></Placemark><Placemark><TimeSpan><begin>2023-07-09T09:32:13Z</begin><end>2023-07-09T09:32:23Z</end></TimeSpan><styleUrl>#point</styleUrl><Point><altitudeMode>clampToGround</altitudeMode><coordinates>7.161217862740159,45.243089105933905,2303.46</coordinates></Point></Placemark><Placemark><TimeSpan><begin>2023-07-09T09:32:23Z</begin><end>2023-07-09T09:32:35Z</end></TimeSpan><styleUrl>#point</styleUrl><Point><altitudeMode>clampToGround</altitudeMode><coordinates>7.161218449473381,45.243075611069798,2303.9400000000001</coordinates></Point></Placemark><Placemark><TimeSpan><begin>2023-07-09T09:32:35Z</begin><end>2023-07-09T09:32:47Z</end></TimeSpan><styleUrl>#point</styleUrl><Point><altitudeMode>clampToGround</altitudeMode><coordinates>7.161226160824299,45.243145767599344,2303.9400000000001</coordinates></Point></Placemark><Placemark><TimeSpan><begin>2023-07-09T09:32:47Z</begin><end>2023-07-09T09:32:58Z</end></TimeSpan><styleUrl>#point</styleUrl><Point><altitudeMode>clampToGround</altitudeMode><coordinates>7.161138653755188,45.243179127573967,2304.9000000000001</coordinates></Point></Placemark><Placemark><TimeSpan><begin>2023-07-09T09:32:58Z</begin><end>2023-07-09T09:33:07Z</end></TimeSpan><styleUrl>#point</styleUrl><Point><altitudeMode>clampToGround</altitudeMode><coordinates>7.161084590479732,45.243221875280142,2305.3800000000001</coordinates></Point></Placemark><Placemark><TimeSpan><begin>2023-07-09T09:33:07Z</begin><end>2023-07-09T09:33:17Z</end></TimeSpan><styleUrl>#point</styleUrl><Point><altitudeMode>clampToGround</altitudeMode><coordinates>7.161054583266377,45.243260432034731,2307.3000000000002</coordinates></Point></Placemark><Placemark><TimeSpan><begin>2023-07-09T09:33:17Z</begin><end>2023-07-09T09:33:29Z</end></TimeSpan><styleUrl>#point</styleUrl><Point><altitudeMode>clampToGround</altitudeMode><coordinates>7.160952491685748,45.24325255304575,2308.2600000000002</coordinates></Point></Placemark><Placemark><TimeSpan><begin>2023-07-09T09:33:29Z</begin><end>2023-07-09T09:33:41Z</end></TimeSpan><styleUrl>#point</styleUrl><Point><altitudeMode>clampToGround</altitudeMode><coordinates>7.160886693745852,45.24330242536962,2310.1900000000001</coordinates></Point></Placemark><Placemark><TimeSpan><begin>2023-07-09T09:33:41Z</begin><end>2023-07-09T09:33:51Z</end></TimeSpan><styleUrl>#point</styleUrl><Point><altitudeMode>clampToGround</altitudeMode><coordinates>7.160823494195938,45.243357829749584,2311.6300000000001</coordinates></Point></Placemark><Placemark><TimeSpan><begin>2023-07-09T09:33:51Z</begin><end>2023-07-09T09:34:02Z</end></TimeSpan><styleUrl>#point</styleUrl><Point><altitudeMode>clampToGround</altitudeMode><coordinates>7.160761719569564,45.243367301300168,2313.0700000000002</coordinates></Point></Placemark><Placemark><TimeSpan><begin>2023-07-09T09:34:02Z</begin><end>2023-07-09T09:34:16Z</end></TimeSpan><styleUrl>#point</styleUrl><Point><altitudeMode>clampToGround</altitudeMode><coordinates>7.160751828923821,45.243430668488145,2314.0300000000002</coordinates></Point></Placemark><Placemark><TimeSpan><begin>2023-07-09T09:34:16Z</begin><end>2023-07-09T09:34:30Z</end></TimeSpan><styleUrl>#point</styleUrl><Point><altitudeMode>clampToGround</altitudeMode><coordinates>7.160732382908464,45.24348272010684,2315.9499999999998</coordinates></Point></Placemark><Placemark><TimeSpan><begin>2023-07-09T09:34:30Z</begin><end>2023-07-09T09:34:41Z</end></TimeSpan><styleUrl>#point</styleUrl><Point><altitudeMode>clampToGround</altitudeMode><coordinates>7.160785272717476,45.243512978777289,2316.9099999999999</coordinates></Point></Placemark><Placemark><TimeSpan><begin>2023-07-09T09:34:41Z</begin><end>2023-07-09T09:34:51Z</end></TimeSpan><styleUrl>#point</styleUrl><Point><altitudeMode>clampToGround</altitudeMode><coordinates>7.160842102020979,45.243551954627037,2318.8400000000001</coordinates></Point></Placemark><Placemark><TimeSpan><begin>2023-07-09T09:34:51Z</begin><end>2023-07-09T09:35:00Z</end></TimeSpan><styleUrl>#point</styleUrl><Point><altitudeMode>clampToGround</altitudeMode><coordinates>7.160883089527488,45.243573160842061,2319.8000000000002</coordinates></Point></Placemark><Placemark><TimeSpan><begin>2023-07-09T09:35:00Z</begin><end>2023-07-09T09:35:08Z</end></TimeSpan><styleUrl>#point</styleUrl><Point><altitudeMode>clampToGround</altitudeMode><coordinates>7.160929273813963,45.243596713989973,2320.7600000000002</coordinates></Point></Placemark><Placemark><TimeSpan><begin>2023-07-09T09:35:08Z</begin><end>2023-07-09T09:35:17Z</end></TimeSpan><styleUrl>#point</styleUrl><Point><altitudeMode>clampToGround</altitudeMode><coordinates>7.160976631566882,45.243618842214346,2322.1999999999998</coordinates></Point></Placemark><Placemark><TimeSpan><begin>2023-07-09T09:35:17Z</begin><end>2023-07-09T09:35:29Z</end></TimeSpan><styleUrl>#point</styleUrl><Point><altitudeMode>clampToGround</altitudeMode><coordinates>7.16105667874217,45.243661925196648,2323.6399999999999</coordinates></Point></Placemark><Placemark><TimeSpan><begin>2023-07-09T09:35:29Z</begin><end>2023-07-09T09:35:38Z</end></TimeSpan><styleUrl>#point</styleUrl><Point><altitudeMode>clampToGround</altitudeMode><coordinates>7.161114346235991,45.243690088391304,2325.5700000000002</coordinates></Point></Placemark><Placemark><TimeSpan><begin>2023-07-09T09:35:38Z</begin><end>2023-07-09T09:35:48Z</end></TimeSpan><styleUrl>#point</styleUrl><Point><altitudeMode>clampToGround</altitudeMode><coordinates>7.161177294328809,45.243722945451736,2326.5300000000002</coordinates></Point></Placemark><Placemark><TimeSpan><begin>2023-07-09T09:35:48Z</begin><end>2023-07-09T09:35:59Z</end></TimeSpan><styleUrl>#point</styleUrl><Point><altitudeMode>clampToGround</altitudeMode><coordinates>7.161185005679727,45.243748426437378,2327.9699999999998</coordinates></Point></Placemark><Placemark><TimeSpan><begin>2023-07-09T09:35:59Z</begin><end>2023-07-09T09:36:12Z</end></TimeSpan><styleUrl>#point</styleUrl><Point><altitudeMode>clampToGround</altitudeMode><coordinates>7.161088110879064,45.243716994300485,2329.8899999999999</coordinates></Point></Placemark><Placemark><TimeSpan><begin>2023-07-09T09:36:12Z</begin><end>2023-07-09T09:36:23Z</end></TimeSpan><styleUrl>#point</styleUrl><Point><altitudeMode>clampToGround</altitudeMode><coordinates>7.16099264100194,45.243722358718514,2331.3299999999999</coordinates></Point></Placemark><Placemark><TimeSpan><begin>2023-07-09T09:36:23Z</begin><end>2023-07-09T09:36:32Z</end></TimeSpan><styleUrl>#point</styleUrl><Point><altitudeMode>clampToGround</altitudeMode><coordinates>7.160889208316803,45.243709199130535,2331.8099999999999</coordinates></Point></Placemark><Placemark><TimeSpan><begin>2023-07-09T09:36:32Z</begin><end>2023-07-09T09:36:48Z</end></TimeSpan><styleUrl>#point</styleUrl><Point><altitudeMode>clampToGround</altitudeMode><coordinates>7.160707656294107,45.243623116984963,2332.7800000000002</coordinates></Point></Placemark><Placemark><TimeSpan><begin>2023-07-09T09:36:48Z</begin><end>2023-07-09T09:37:05Z</end></TimeSpan><styleUrl>#point</styleUrl><Point><altitudeMode>clampToGround</altitudeMode><coordinates>7.160490732640028,45.243535107001662,2335.1799999999998</coordinates></Point></Placemark><Placemark><TimeSpan><begin>2023-07-09T09:37:05Z</begin><end>2023-07-09T09:37:19Z</end></TimeSpan><styleUrl>#point</styleUrl><Point><altitudeMode>clampToGround</altitudeMode><coordinates>7.160370871424675,45.243492526933551,2336.1399999999999</coordinates></Point></Placemark><Placemark><TimeSpan><begin>2023-07-09T09:37:19Z</begin><end>2023-07-09T09:37:31Z</end></TimeSpan><styleUrl>#point</styleUrl><Point><altitudeMode>clampToGround</altitudeMode><coordinates>7.160200467333198,45.243410049006343,2336.6199999999999</coordinates></Point></Placemark><Placemark><TimeSpan><begin>2023-07-09T09:37:31Z</begin><end>2023-07-09T09:37:45Z</end></TimeSpan><styleUrl>#point</styleUrl><Point><altitudeMode>clampToGround</altitudeMode><coordinates>7.160073146224022,45.243316926062107,2337.5799999999999</coordinates></Point></Placemark><Placemark><TimeSpan><begin>2023-07-09T09:37:45Z</begin><end>2023-07-09T09:37:58Z</end></TimeSpan><styleUrl>#point</styleUrl><Point><altitudeMode>clampToGround</altitudeMode><coordinates>7.159925037994981,45.243329079821706,2338.0599999999999</coordinates></Point></Placemark><Placemark><TimeSpan><begin>2023-07-09T09:37:58Z</begin><end>2023-07-09T09:38:12Z</end></TimeSpan><styleUrl>#point</styleUrl><Point><altitudeMode>clampToGround</altitudeMode><coordinates>7.159823700785637,45.243276776745915,2339.9899999999998</coordinates></Point></Placemark><Placemark><TimeSpan><begin>2023-07-09T09:38:12Z</begin><end>2023-07-09T09:38:24Z</end></TimeSpan><styleUrl>#point</styleUrl><Point><altitudeMode>clampToGround</altitudeMode><coordinates>7.15965723618865,45.243216929957271,2339.5100000000002</coordinates></Point></Placemark><Placemark><TimeSpan><begin>2023-07-09T09:38:24Z</begin><end>2023-07-09T09:38:37Z</end></TimeSpan><styleUrl>#point</styleUrl><Point><altitudeMode>clampToGround</altitudeMode><coordinates>7.15956193394959,45.243236208334565,2340.9499999999998</coordinates></Point></Placemark><Placemark><TimeSpan><begin>2023-07-09T09:38:37Z</begin><end>2023-07-09T09:38:57Z</end></TimeSpan><styleUrl>#point</styleUrl><Point><altitudeMode>clampToGround</altitudeMode><coordinates>7.159609794616699,45.243501830846071,2340.4699999999998</coordinates></Point></Placemark><Placemark><TimeSpan><begin>2023-07-09T09:38:57Z</begin><end>2023-07-09T09:39:17Z</end></TimeSpan><styleUrl>#point</styleUrl><Point><altitudeMode>clampToGround</altitudeMode><coordinates>7.15963326394558,45.243614735081792,2341.4299999999998</coordinates></Point></Placemark><Placemark><TimeSpan><begin>2023-07-09T09:39:17Z</begin><end>2023-07-09T09:39:30Z</end></TimeSpan><styleUrl>#point</styleUrl><Point><altitudeMode>clampToGround</altitudeMode><coordinates>7.159583894535899,45.243671396747231,2343.3499999999999</coordinates></Point></Placemark><Placemark><TimeSpan><begin>2023-07-09T09:39:30Z</begin><end>2023-07-09T09:39:43Z</end></TimeSpan><styleUrl>#point</styleUrl><Point><altitudeMode>clampToGround</altitudeMode><coordinates>7.159560509026051,45.243719341233373,2344.3099999999999</coordinates></Point></Placemark><Placemark><TimeSpan><begin>2023-07-09T09:39:43Z</begin><end>2023-07-09T09:39:59Z</end></TimeSpan><styleUrl>#point</styleUrl><Point><altitudeMode>clampToGround</altitudeMode><coordinates>7.159530250355601,45.243779774755239,2345.75</coordinates></Point></Placemark><Placemark><TimeSpan><begin>2023-07-09T09:39:59Z</begin><end>2023-07-09T09:40:10Z</end></TimeSpan><styleUrl>#point</styleUrl><Point><altitudeMode>clampToGround</altitudeMode><coordinates>7.159476522356272,45.24378321133554,2346.7199999999998</coordinates></Point></Placemark><Placemark><TimeSpan><begin>2023-07-09T09:40:10Z</begin><end>2023-07-09T09:40:23Z</end></TimeSpan><styleUrl>#point</styleUrl><Point><altitudeMode>clampToGround</altitudeMode><coordinates>7.159360768273473,45.243823193013668,2348.1599999999999</coordinates></Point></Placemark><Placemark><TimeSpan><begin>2023-07-09T09:40:23Z</begin><end>2023-07-09T09:40:33Z</end></TimeSpan><styleUrl>#point</styleUrl><Point><altitudeMode>clampToGround</altitudeMode><coordinates>7.159294132143259,45.243851942941546,2349.1199999999999</coordinates></Point></Placemark><Placemark><TimeSpan><begin>2023-07-09T09:40:33Z</begin><end>2023-07-09T09:40:45Z</end></TimeSpan><styleUrl>#point</styleUrl><Point><altitudeMode>clampToGround</altitudeMode><coordinates>7.159189777448773,45.243865437805653,2350.5599999999999</coordinates></Point></Placemark><Placemark><TimeSpan><begin>2023-07-09T09:40:45Z</begin><end>2023-07-09T09:40:57Z</end></TimeSpan><styleUrl>#point</styleUrl><Point><altitudeMode>clampToGround</altitudeMode><coordinates>7.159139821305871,45.243891589343548,2352</coordinates></Point></Placemark><Placemark><TimeSpan><begin>2023-07-09T09:40:57Z</begin><end>2023-07-09T09:41:09Z</end></TimeSpan><styleUrl>#point</styleUrl><Point><altitudeMode>clampToGround</altitudeMode><coordinates>7.159088021144271,45.243925284594297,2353.4400000000001</coordinates></Point></Placemark><Placemark><TimeSpan><begin>2023-07-09T09:41:09Z</begin><end>2023-07-09T09:41:22Z</end></TimeSpan><styleUrl>#point</styleUrl><Point><altitudeMode>clampToGround</altitudeMode><coordinates>7.159000681713224,45.243960823863745,2354.8899999999999</coordinates></Point></Placemark><Placemark><TimeSpan><begin>2023-07-09T09:41:22Z</begin><end>2023-07-09T09:41:31Z</end></TimeSpan><styleUrl>#point</styleUrl><Point><altitudeMode>clampToGround</altitudeMode><coordinates>7.158954162150621,45.243985215201974,2355.8499999999999</coordinates></Point></Placemark><Placemark><TimeSpan><begin>2023-07-09T09:41:31Z</begin><end>2023-07-09T09:41:42Z</end></TimeSpan><styleUrl>#point</styleUrl><Point><altitudeMode>clampToGround</altitudeMode><coordinates>7.158874198794365,45.244002733379602,2357.29</coordinates></Point></Placemark><Placemark><TimeSpan><begin>2023-07-09T09:41:42Z</begin><end>2023-07-09T09:41:53Z</end></TimeSpan><styleUrl>#point</styleUrl><Point><altitudeMode>clampToGround</altitudeMode><coordinates>7.158757606521249,45.244009606540203,2358.25</coordinates></Point></Placemark><Placemark><TimeSpan><begin>2023-07-09T09:41:53Z</begin><end>2023-07-09T09:42:05Z</end></TimeSpan><styleUrl>#point</styleUrl><Point><altitudeMode>clampToGround</altitudeMode><coordinates>7.158620813861489,45.244021089747548,2358.73</coordinates></Point></Placemark><Placemark><TimeSpan><begin>2023-07-09T09:42:05Z</begin><end>2023-07-09T09:42:16Z</end></TimeSpan><styleUrl>#point</styleUrl><Point><altitudeMode>clampToGround</altitudeMode><coordinates>7.158536994829774,45.244025783613324,2360.1700000000001</coordinates></Point></Placemark><Placemark><TimeSpan><begin>2023-07-09T09:42:16Z</begin><end>2023-07-09T09:42:28Z</end></TimeSpan><styleUrl>#point</styleUrl><Point><altitudeMode>clampToGround</altitudeMode><coordinates>7.158446218818426,45.244028298184276,2361.1399999999999</coordinates></Point></Placemark><Placemark><TimeSpan><begin>2023-07-09T09:42:28Z</begin><end>2023-07-09T09:42:39Z</end></TimeSpan><styleUrl>#point</styleUrl><Point><altitudeMode>clampToGround</altitudeMode><coordinates>7.158379331231117,45.244043804705143,2362.0999999999999</coordinates></Point></Placemark><Placemark><TimeSpan><begin>2023-07-09T09:42:39Z</begin><end>2023-07-09T09:42:50Z</end></TimeSpan><styleUrl>#point</styleUrl><Point><altitudeMode>clampToGround</altitudeMode><coordinates>7.158371200785041,45.244067441672087,2363.54</coordinates></Point></Placemark><Placemark><TimeSpan><begin>2023-07-09T09:42:50Z</begin><end>2023-07-09T09:43:01Z</end></TimeSpan><styleUrl>#point</styleUrl><Point><altitudeMode>clampToGround</altitudeMode><coordinates>7.158458372578025,45.244069620966911,2364.98</coordinates></Point></Placemark><Placemark><TimeSpan><begin>2023-07-09T09:43:01Z</begin><end>2023-07-09T09:43:12Z</end></TimeSpan><styleUrl>#point</styleUrl><Point><altitudeMode>clampToGround</altitudeMode><coordinates>7.158556859940291,45.244116056710482,2366.4200000000001</coordinates></Point></Placemark><Placemark><TimeSpan><begin>2023-07-09T09:43:12Z</begin><end>2023-07-09T09:43:23Z</end></TimeSpan><styleUrl>#point</styleUrl><Point><altitudeMode>clampToGround</altitudeMode><coordinates>7.15857052244246,45.244143381714821,2367.8600000000001</coordinates></Point></Placemark><Placemark><TimeSpan><begin>2023-07-09T09:43:23Z</begin><end>2023-07-09T09:43:32Z</end></TimeSpan><styleUrl>#point</styleUrl><Point><altitudeMode>clampToGround</altitudeMode><coordinates>7.158536156639457,45.244158133864403,2369.3099999999999</coordinates></Point></Placemark><Placemark><TimeSpan><begin>2023-07-09T09:43:32Z</begin><end>2023-07-09T09:43:44Z</end></TimeSpan><styleUrl>#point</styleUrl><Point><altitudeMode>clampToGround</altitudeMode><coordinates>7.158501874655485,45.244159977883101,2370.27</coordinates></Point></Placemark><Placemark><TimeSpan><begin>2023-07-09T09:43:44Z</begin><end>2023-07-09T09:43:55Z</end></TimeSpan><styleUrl>#point</styleUrl><Point><altitudeMode>clampToGround</altitudeMode><coordinates>7.158426018431783,45.244162240996957,2371.23</coordinates></Point></Placemark><Placemark><TimeSpan><begin>2023-07-09T09:43:55Z</begin><end>2023-07-09T09:44:06Z</end></TimeSpan><styleUrl>#point</styleUrl><Point><altitudeMode>clampToGround</altitudeMode><coordinates>7.158350246027112,45.244186297059059,2372.1900000000001</coordinates></Point></Placemark><Placemark><TimeSpan><begin>2023-07-09T09:44:06Z</begin><end>2023-07-09T09:44:15Z</end></TimeSpan><styleUrl>#point</styleUrl><Point><altitudeMode>clampToGround</altitudeMode><coordinates>7.158274054527283,45.244201635941863,2373.6300000000001</coordinates></Point></Placemark><Placemark><TimeSpan><begin>2023-07-09T09:44:15Z</begin><end>2023-07-09T09:44:24Z</end></TimeSpan><styleUrl>#point</styleUrl><Point><altitudeMode>clampToGround</altitudeMode><coordinates>7.158218733966351,45.244235247373581,2374.1100000000001</coordinates></Point></Placemark><Placemark><TimeSpan><begin>2023-07-09T09:44:24Z</begin><end>2023-07-09T09:44:35Z</end></TimeSpan><styleUrl>#point</styleUrl><Point><altitudeMode>clampToGround</altitudeMode><coordinates>7.158159222453833,45.244255531579256,2376.04</coordinates></Point></Placemark><Placemark><TimeSpan><begin>2023-07-09T09:44:35Z</begin><end>2023-07-09T09:44:46Z</end></TimeSpan><styleUrl>#point</styleUrl><Point><altitudeMode>clampToGround</altitudeMode><coordinates>7.158076241612434,45.244274223223329,2377.48</coordinates></Point></Placemark><Placemark><TimeSpan><begin>2023-07-09T09:44:46Z</begin><end>2023-07-09T09:44:54Z</end></TimeSpan><styleUrl>#point</styleUrl><Point><altitudeMode>clampToGround</altitudeMode><coordinates>7.158011700958014,45.244290065020323,2378.4400000000001</coordinates></Point></Placemark><Placemark><TimeSpan><begin>2023-07-09T09:44:54Z</begin><end>2023-07-09T09:45:07Z</end></TimeSpan><styleUrl>#point</styleUrl><Point><altitudeMode>clampToGround</altitudeMode><coordinates>7.157920841127634,45.244311690330505,2379.8800000000001</coordinates></Point></Placemark><Placemark><TimeSpan><begin>2023-07-09T09:45:07Z</begin><end>2023-07-09T09:45:32Z</end></TimeSpan><styleUrl>#point</styleUrl><Point><altitudeMode>clampToGround</altitudeMode><coordinates>7.15777700766921,45.244327951222658,2380.8400000000001</coordinates></Point></Placemark><Placemark><TimeSpan><begin>2023-07-09T09:45:32Z</begin><end>2023-07-09T09:45:51Z</end></TimeSpan><styleUrl>#point</styleUrl><Point><altitudeMode>clampToGround</altitudeMode><coordinates>7.157777091488242,45.244360892102122,2381.3200000000002</coordinates></Point></Placemark><Placemark><TimeSpan><begin>2023-07-09T09:45:51Z</begin><end>2023-07-09T09:46:01Z</end></TimeSpan><styleUrl>#point</styleUrl><Point><altitudeMode>clampToGround</altitudeMode><coordinates>7.157708862796426,45.244353683665395,2382.2800000000002</coordinates></Point></Placemark><Placemark><TimeSpan><begin>2023-07-09T09:46:01Z</begin><end>2023-07-09T09:46:12Z</end></TimeSpan><styleUrl>#point</styleUrl><Point><altitudeMode>clampToGround</altitudeMode><coordinates>7.157627977430821,45.244344882667065,2383.73</coordinates></Point></Placemark><Placemark><TimeSpan><begin>2023-07-09T09:46:12Z</begin><end>2023-07-09T09:46:25Z</end></TimeSpan><styleUrl>#point</styleUrl><Point><altitudeMode>clampToGround</altitudeMode><coordinates>7.157531753182411,45.244378997012973,2384.6900000000001</coordinates></Point></Placemark><Placemark><TimeSpan><begin>2023-07-09T09:46:25Z</begin><end>2023-07-09T09:46:37Z</end></TimeSpan><styleUrl>#point</styleUrl><Point><altitudeMode>clampToGround</altitudeMode><coordinates>7.157452208921313,45.244404897093773,2385.6500000000001</coordinates></Point></Placemark><Placemark><TimeSpan><begin>2023-07-09T09:46:37Z</begin><end>2023-07-09T09:46:46Z</end></TimeSpan><styleUrl>#point</styleUrl><Point><altitudeMode>clampToGround</altitudeMode><coordinates>7.157403426244855,45.244437251240015,2386.6100000000001</coordinates></Point></Placemark><Placemark><TimeSpan><begin>2023-07-09T09:46:46Z</begin><end>2023-07-09T09:46:57Z</end></TimeSpan><styleUrl>#point</styleUrl><Point><altitudeMode>clampToGround</altitudeMode><coordinates>7.157299323007464,45.244468096643686,2387.5700000000002</coordinates></Point></Placemark><Placemark><TimeSpan><begin>2023-07-09T09:46:57Z</begin><end>2023-07-09T09:47:08Z</end></TimeSpan><styleUrl>#point</styleUrl><Point><altitudeMode>clampToGround</altitudeMode><coordinates>7.157196225598455,45.244499361142516,2388.5300000000002</coordinates></Point></Placemark><Placemark><TimeSpan><begin>2023-07-09T09:47:08Z</begin><end>2023-07-09T09:47:19Z</end></TimeSpan><styleUrl>#point</styleUrl><Point><altitudeMode>clampToGround</altitudeMode><coordinates>7.157114837318659,45.244514532387257,2389.4899999999998</coordinates></Point></Placemark><Placemark><TimeSpan><begin>2023-07-09T09:47:19Z</begin><end>2023-07-09T09:47:30Z</end></TimeSpan><styleUrl>#point</styleUrl><Point><altitudeMode>clampToGround</altitudeMode><coordinates>7.156990533694625,45.244557783007622,2390.9400000000001</coordinates></Point></Placemark><Placemark><TimeSpan><begin>2023-07-09T09:47:30Z</begin><end>2023-07-09T09:47:41Z</end></TimeSpan><styleUrl>#point</styleUrl><Point><altitudeMode>clampToGround</altitudeMode><coordinates>7.156882910057902,45.244612684473395,2391.9000000000001</coordinates></Point></Placemark><Placemark><TimeSpan><begin>2023-07-09T09:47:41Z</begin><end>2023-07-09T09:47:51Z</end></TimeSpan><styleUrl>#point</styleUrl><Point><altitudeMode>clampToGround</altitudeMode><coordinates>7.156768161803484,45.244609247893095,2392.8600000000001</coordinates></Point></Placemark><Placemark><TimeSpan><begin>2023-07-09T09:47:51Z</begin><end>2023-07-09T09:48:05Z</end></TimeSpan><styleUrl>#point</styleUrl><Point><altitudeMode>clampToGround</altitudeMode><coordinates>7.156635727733374,45.244662472978234,2394.3000000000002</coordinates></Point></Placemark><Placemark><TimeSpan><begin>2023-07-09T09:48:05Z</begin><end>2023-07-09T09:48:15Z</end></TimeSpan><styleUrl>#point</styleUrl><Point><altitudeMode>clampToGround</altitudeMode><coordinates>7.156562050804496,45.24468912743032,2394.7800000000002</coordinates></Point></Placemark><Placemark><TimeSpan><begin>2023-07-09T09:48:15Z</begin><end>2023-07-09T09:48:27Z</end></TimeSpan><styleUrl>#point</styleUrl><Point><altitudeMode>clampToGround</altitudeMode><coordinates>7.156462641432881,45.244754422456026,2396.6999999999998</coordinates></Point></Placemark><Placemark><TimeSpan><begin>2023-07-09T09:48:27Z</begin><end>2023-07-09T09:48:39Z</end></TimeSpan><styleUrl>#point</styleUrl><Point><altitudeMode>clampToGround</altitudeMode><coordinates>7.156345378607512,45.244764313101768,2398.1500000000001</coordinates></Point></Placemark><Placemark><TimeSpan><begin>2023-07-09T09:48:39Z</begin><end>2023-07-09T09:48:52Z</end></TimeSpan><styleUrl>#point</styleUrl><Point><altitudeMode>clampToGround</altitudeMode><coordinates>7.156246891245246,45.244808150455356,2399.5900000000001</coordinates></Point></Placemark><Placemark><TimeSpan><begin>2023-07-09T09:48:52Z</begin><end>2023-07-09T09:49:04Z</end></TimeSpan><styleUrl>#point</styleUrl><Point><altitudeMode>clampToGround</altitudeMode><coordinates>7.156164413318038,45.24483279325068,2401.5100000000002</coordinates></Point></Placemark><Placemark><TimeSpan><begin>2023-07-09T09:49:04Z</begin><end>2023-07-09T09:49:15Z</end></TimeSpan><styleUrl>#point</styleUrl><Point><altitudeMode>clampToGround</altitudeMode><coordinates>7.156086293980479,45.244851568713784,2402.9499999999998</coordinates></Point></Placemark><Placemark><TimeSpan><begin>2023-07-09T09:49:15Z</begin><end>2023-07-09T09:49:27Z</end></TimeSpan><styleUrl>#point</styleUrl><Point><altitudeMode>clampToGround</altitudeMode><coordinates>7.155987052246928,45.244851233437657,2404.8800000000001</coordinates></Point></Placemark><Placemark><TimeSpan><begin>2023-07-09T09:49:27Z</begin><end>2023-07-09T09:49:37Z</end></TimeSpan><styleUrl>#point</styleUrl><Point><altitudeMode>clampToGround</altitudeMode><coordinates>7.155905161052942,45.244859531521797,2405.8400000000001</coordinates></Point></Placemark><Placemark><TimeSpan><begin>2023-07-09T09:49:37Z</begin><end>2023-07-09T09:49:49Z</end></TimeSpan><styleUrl>#point</styleUrl><Point><altitudeMode>clampToGround</altitudeMode><coordinates>7.155803488567472,45.244823070243001,2407.7600000000002</coordinates></Point></Placemark><Placemark><TimeSpan><begin>2023-07-09T09:49:49Z</begin><end>2023-07-09T09:50:00Z</end></TimeSpan><styleUrl>#point</styleUrl><Point><altitudeMode>clampToGround</altitudeMode><coordinates>7.155728470534086,45.244823405519128,2409.1999999999998</coordinates></Point></Placemark><Placemark><TimeSpan><begin>2023-07-09T09:50:00Z</begin><end>2023-07-09T09:50:12Z</end></TimeSpan><styleUrl>#point</styleUrl><Point><altitudeMode>clampToGround</altitudeMode><coordinates>7.155679184943438,45.244824243709445,2411.1199999999999</coordinates></Point></Placemark><Placemark><TimeSpan><begin>2023-07-09T09:50:12Z</begin><end>2023-07-09T09:50:23Z</end></TimeSpan><styleUrl>#point</styleUrl><Point><altitudeMode>clampToGround</altitudeMode><coordinates>7.155631072819233,45.244800774380565,2412.5700000000002</coordinates></Point></Placemark><Placemark><TimeSpan><begin>2023-07-09T09:50:23Z</begin><end>2023-07-09T09:50:35Z</end></TimeSpan><styleUrl>#point</styleUrl><Point><altitudeMode>clampToGround</altitudeMode><coordinates>7.155581954866648,45.244783507660031,2414.4899999999998</coordinates></Point></Placemark><Placemark><TimeSpan><begin>2023-07-09T09:50:35Z</begin><end>2023-07-09T09:50:46Z</end></TimeSpan><styleUrl>#point</styleUrl><Point><altitudeMode>clampToGround</altitudeMode><coordinates>7.15555714443326,45.244761211797595,2415.9299999999998</coordinates></Point></Placemark><Placemark><TimeSpan><begin>2023-07-09T09:50:46Z</begin><end>2023-07-09T09:50:57Z</end></TimeSpan><styleUrl>#point</styleUrl><Point><altitudeMode>clampToGround</altitudeMode><coordinates>7.155518839135766,45.244754003360868,2417.8499999999999</coordinates></Point></Placemark><Placemark><TimeSpan><begin>2023-07-09T09:50:57Z</begin><end>2023-07-09T09:51:09Z</end></TimeSpan><styleUrl>#point</styleUrl><Point><altitudeMode>clampToGround</altitudeMode><coordinates>7.155489334836602,45.244781915098429,2418.3299999999999</coordinates></Point></Placemark><Placemark><TimeSpan><begin>2023-07-09T09:51:09Z</begin><end>2023-07-09T09:51:21Z</end></TimeSpan><styleUrl>#point</styleUrl><Point><altitudeMode>clampToGround</altitudeMode><coordinates>7.15543401427567,45.244787866249681,2420.2600000000002</coordinates></Point></Placemark><Placemark><TimeSpan><begin>2023-07-09T09:51:21Z</begin><end>2023-07-09T09:51:33Z</end></TimeSpan><styleUrl>#point</styleUrl><Point><altitudeMode>clampToGround</altitudeMode><coordinates>7.155377771705389,45.244801277294755,2421.6999999999998</coordinates></Point></Placemark><Placemark><TimeSpan><begin>2023-07-09T09:51:33Z</begin><end>2023-07-09T09:51:44Z</end></TimeSpan><styleUrl>#point</styleUrl><Point><altitudeMode>clampToGround</altitudeMode><coordinates>7.155309123918414,45.244812089949846,2423.6199999999999</coordinates></Point></Placemark><Placemark><TimeSpan><begin>2023-07-09T09:51:44Z</begin><end>2023-07-09T09:51:55Z</end></TimeSpan><styleUrl>#point</styleUrl><Point><altitudeMode>clampToGround</altitudeMode><coordinates>7.155269645154476,45.244857100769877,2425.54</coordinates></Point></Placemark><Placemark><TimeSpan><begin>2023-07-09T09:51:55Z</begin><end>2023-07-09T09:52:05Z</end></TimeSpan><styleUrl>#point</styleUrl><Point><altitudeMode>clampToGround</altitudeMode><coordinates>7.155250115320087,45.244863890111446,2427.4699999999998</coordinates></Point></Placemark><Placemark><TimeSpan><begin>2023-07-09T09:52:05Z</begin><end>2023-07-09T09:52:17Z</end></TimeSpan><styleUrl>#point</styleUrl><Point><altitudeMode>clampToGround</altitudeMode><coordinates>7.155194208025932,45.244871936738491,2428.4299999999998</coordinates></Point></Placemark><Placemark><TimeSpan><begin>2023-07-09T09:52:17Z</begin><end>2023-07-09T09:52:29Z</end></TimeSpan><styleUrl>#point</styleUrl><Point><altitudeMode>clampToGround</altitudeMode><coordinates>7.155154729261994,45.244880151003599,2430.3499999999999</coordinates></Point></Placemark><Placemark><TimeSpan><begin>2023-07-09T09:52:29Z</begin><end>2023-07-09T09:52:45Z</end></TimeSpan><styleUrl>#point</styleUrl><Point><altitudeMode>clampToGround</altitudeMode><coordinates>7.155109383165836,45.244863051921129,2431.79</coordinates></Point></Placemark><Placemark><TimeSpan><begin>2023-07-09T09:52:45Z</begin><end>2023-07-09T09:52:55Z</end></TimeSpan><styleUrl>#point</styleUrl><Point><altitudeMode>clampToGround</altitudeMode><coordinates>7.155057834461331,45.244930190965533,2433.71</coordinates></Point></Placemark><Placemark><TimeSpan><begin>2023-07-09T09:52:55Z</begin><end>2023-07-09T09:53:06Z</end></TimeSpan><styleUrl>#point</styleUrl><Point><altitudeMode>clampToGround</altitudeMode><coordinates>7.155018774792552,45.244917785748839,2435.1599999999999</coordinates></Point></Placemark><Placemark><TimeSpan><begin>2023-07-09T09:53:06Z</begin><end>2023-07-09T09:53:19Z</end></TimeSpan><styleUrl>#point</styleUrl><Point><altitudeMode>clampToGround</altitudeMode><coordinates>7.154975021257997,45.244866320863366,2436.1199999999999</coordinates></Point></Placemark><Placemark><TimeSpan><begin>2023-07-09T09:53:19Z</begin><end>2023-07-09T09:53:32Z</end></TimeSpan><styleUrl>#point</styleUrl><Point><altitudeMode>clampToGround</altitudeMode><coordinates>7.154894974082708,45.244834218174219,2437.0799999999999</coordinates></Point></Placemark><Placemark><TimeSpan><begin>2023-07-09T09:53:32Z</begin><end>2023-07-09T09:53:51Z</end></TimeSpan><styleUrl>#point</styleUrl><Point><altitudeMode>clampToGround</altitudeMode><coordinates>7.154932608827949,45.244885850697756,2437.0799999999999</coordinates></Point></Placemark><Placemark><TimeSpan><begin>2023-07-09T09:53:51Z</begin><end>2023-07-09T09:54:21Z</end></TimeSpan><styleUrl>#point</styleUrl><Point><altitudeMode>clampToGround</altitudeMode><coordinates>7.154868151992559,45.244730785489082,2437.5599999999999</coordinates></Point></Placemark><Placemark><TimeSpan><begin>2023-07-09T09:54:21Z</begin><end>2023-07-09T09:54:44Z</end></TimeSpan><styleUrl>#point</styleUrl><Point><altitudeMode>clampToGround</altitudeMode><coordinates>7.154872426763177,45.244769509881735,2437.5599999999999</coordinates></Point></Placemark><Placemark><TimeSpan><begin>2023-07-09T09:54:44Z</begin><end>2023-07-09T09:54:46Z</end></TimeSpan><styleUrl>#point</styleUrl><Point><altitudeMode>clampToGround</altitudeMode><coordinates>7.154880305752158,45.244772108271718,2438.52</coordinates></Point></Placemark><Placemark><TimeSpan><begin>2023-07-09T09:54:46Z</begin><end>2023-07-09T09:55:00Z</end></TimeSpan><styleUrl>#point</styleUrl><Point><altitudeMode>clampToGround</altitudeMode><coordinates>7.154833870008588,45.244741095229983,2437.5599999999999</coordinates></Point></Placemark><Placemark><TimeSpan><begin>2023-07-09T09:55:00Z</begin><end>2023-07-09T09:55:12Z</end></TimeSpan><styleUrl>#point</styleUrl><Point><altitudeMode>clampToGround</altitudeMode><coordinates>7.154756337404251,45.24475459009409,2439.48</coordinates></Point></Placemark><Placemark><TimeSpan><begin>2023-07-09T09:55:12Z</begin><end>2023-07-09T09:55:25Z</end></TimeSpan><styleUrl>#point</styleUrl><Point><altitudeMode>clampToGround</altitudeMode><coordinates>7.154692634940147,45.244768084958196,2441.8899999999999</coordinates></Point></Placemark><Placemark><TimeSpan><begin>2023-07-09T09:55:25Z</begin><end>2023-07-09T09:55:36Z</end></TimeSpan><styleUrl>#point</styleUrl><Point><altitudeMode>clampToGround</altitudeMode><coordinates>7.154693054035306,45.244821812957525,2443.8099999999999</coordinates></Point></Placemark><Placemark><TimeSpan><begin>2023-07-09T09:55:36Z</begin><end>2023-07-09T09:55:50Z</end></TimeSpan><styleUrl>#point</styleUrl><Point><altitudeMode>clampToGround</altitudeMode><coordinates>7.154718283563852,45.244868751615286,2445.25</coordinates></Point></Placemark><Placemark><TimeSpan><begin>2023-07-09T09:55:50Z</begin><end>2023-07-09T09:55:55Z</end></TimeSpan><styleUrl>#point</styleUrl><Point><altitudeMode>clampToGround</altitudeMode><coordinates>7.154741417616606,45.244870260357857,2446.6900000000001</coordinates></Point></Placemark><Placemark><TimeSpan><begin>2023-07-09T09:55:55Z</begin><end>2023-07-09T09:56:06Z</end></TimeSpan><styleUrl>#point</styleUrl><Point><altitudeMode>clampToGround</altitudeMode><coordinates>7.154799001291394,45.244913091883063,2448.1300000000001</coordinates></Point></Placemark><Placemark><TimeSpan><begin>2023-07-09T09:56:06Z</begin><end>2023-07-09T09:56:16Z</end></TimeSpan><styleUrl>#point</styleUrl><Point><altitudeMode>clampToGround</altitudeMode><coordinates>7.154802270233631,45.244968412443995,2449.5799999999999</coordinates></Point></Placemark><Placemark><TimeSpan><begin>2023-07-09T09:56:16Z</begin><end>2023-07-09T09:56:28Z</end></TimeSpan><styleUrl>#point</styleUrl><Point><altitudeMode>clampToGround</altitudeMode><coordinates>7.154751643538475,45.244981488212943,2451.98</coordinates></Point></Placemark><Placemark><TimeSpan><begin>2023-07-09T09:56:28Z</begin><end>2023-07-09T09:56:37Z</end></TimeSpan><styleUrl>#point</styleUrl><Point><altitudeMode>clampToGround</altitudeMode><coordinates>7.154740998521447,45.244996575638652,2452.9400000000001</coordinates></Point></Placemark><Placemark><TimeSpan><begin>2023-07-09T09:56:37Z</begin><end>2023-07-09T09:56:49Z</end></TimeSpan><styleUrl>#point</styleUrl><Point><altitudeMode>clampToGround</altitudeMode><coordinates>7.154773687943816,45.245032198727131,2455.3400000000001</coordinates></Point></Placemark><Placemark><TimeSpan><begin>2023-07-09T09:56:49Z</begin><end>2023-07-09T09:56:58Z</end></TimeSpan><styleUrl>#point</styleUrl><Point><altitudeMode>clampToGround</altitudeMode><coordinates>7.15481149032712,45.245051393285394,2456.79</coordinates></Point></Placemark><Placemark><TimeSpan><begin>2023-07-09T09:56:58Z</begin><end>2023-07-09T09:57:09Z</end></TimeSpan><styleUrl>#point</styleUrl><Point><altitudeMode>clampToGround</altitudeMode><coordinates>7.154856668785214,45.245063463225961,2458.71</coordinates></Point></Placemark><Placemark><TimeSpan><begin>2023-07-09T09:57:09Z</begin><end>2023-07-09T09:57:17Z</end></TimeSpan><styleUrl>#point</styleUrl><Point><altitudeMode>clampToGround</altitudeMode><coordinates>7.154867565259337,45.24508005939424,2459.1900000000001</coordinates></Point></Placemark><Placemark><TimeSpan><begin>2023-07-09T09:57:17Z</begin><end>2023-07-09T09:57:33Z</end></TimeSpan><styleUrl>#point</styleUrl><Point><altitudeMode>clampToGround</altitudeMode><coordinates>7.154881646856666,45.245044436305761,2459.6700000000001</coordinates></Point></Placemark><Placemark><TimeSpan><begin>2023-07-09T09:57:33Z</begin><end>2023-07-09T09:57:37Z</end></TimeSpan><styleUrl>#point</styleUrl><Point><altitudeMode>clampToGround</altitudeMode><coordinates>7.154896818101406,45.245042089372873,2459.6700000000001</coordinates></Point></Placemark><Placemark><TimeSpan><begin>2023-07-09T09:57:37Z</begin><end>2023-07-09T09:57:50Z</end></TimeSpan><styleUrl>#point</styleUrl><Point><altitudeMode>clampToGround</altitudeMode><coordinates>7.154878880828619,45.245102774351835,2460.6300000000001</coordinates></Point></Placemark><Placemark><TimeSpan><begin>2023-07-09T09:57:50Z</begin><end>2023-07-09T09:58:10Z</end></TimeSpan><styleUrl>#point</styleUrl><Point><altitudeMode>clampToGround</altitudeMode><coordinates>7.154913581907749,45.245112497359514,2460.6300000000001</coordinates></Point></Placemark><Placemark><TimeSpan><begin>2023-07-09T09:58:10Z</begin><end>2023-07-09T09:58:19Z</end></TimeSpan><styleUrl>#point</styleUrl><Point><altitudeMode>clampToGround</altitudeMode><coordinates>7.154953228309751,45.245131272822618,2462.0700000000002</coordinates></Point></Placemark><Placemark><TimeSpan><begin>2023-07-09T09:58:19Z</begin><end>2023-07-09T09:58:29Z</end></TimeSpan><styleUrl>#point</styleUrl><Point><altitudeMode>clampToGround</altitudeMode><coordinates>7.154933027923107,45.24514309130609,2464</coordinates></Point></Placemark><Placemark><TimeSpan><begin>2023-07-09T09:58:29Z</begin><end>2023-07-09T09:58:41Z</end></TimeSpan><styleUrl>#point</styleUrl><Point><altitudeMode>clampToGround</altitudeMode><coordinates>7.15482858940959,45.245167315006256,2465.4400000000001</coordinates></Point></Placemark><Placemark><TimeSpan><begin>2023-07-09T09:58:41Z</begin><end>2023-07-09T09:58:53Z</end></TimeSpan><styleUrl>#point</styleUrl><Point><altitudeMode>clampToGround</altitudeMode><coordinates>7.154754744842649,45.245176702737808,2466.4000000000001</coordinates></Point></Placemark><Placemark><TimeSpan><begin>2023-07-09T09:58:53Z</begin><end>2023-07-09T09:59:04Z</end></TimeSpan><styleUrl>#point</styleUrl><Point><altitudeMode>clampToGround</altitudeMode><coordinates>7.154665812849999,45.245201345533133,2467.8400000000001</coordinates></Point></Placemark><Placemark><TimeSpan><begin>2023-07-09T09:59:04Z</begin><end>2023-07-09T09:59:16Z</end></TimeSpan><styleUrl>#point</styleUrl><Point><altitudeMode>clampToGround</altitudeMode><coordinates>7.154585681855679,45.245200674980879,2469.7600000000002</coordinates></Point></Placemark><Placemark><TimeSpan><begin>2023-07-09T09:59:16Z</begin><end>2023-07-09T09:59:26Z</end></TimeSpan><styleUrl>#point</styleUrl><Point><altitudeMode>clampToGround</altitudeMode><coordinates>7.154521560296416,45.24518508464098,2471.21</coordinates></Point></Placemark><Placemark><TimeSpan><begin>2023-07-09T09:59:26Z</begin><end>2023-07-09T09:59:37Z</end></TimeSpan><styleUrl>#point</styleUrl><Point><altitudeMode>clampToGround</altitudeMode><coordinates>7.154442854225636,45.245141582563519,2472.6500000000001</coordinates></Point></Placemark><Placemark><TimeSpan><begin>2023-07-09T09:59:37Z</begin><end>2023-07-09T09:59:49Z</end></TimeSpan><styleUrl>#point</styleUrl><Point><altitudeMode>clampToGround</altitudeMode><coordinates>7.154361046850681,45.245129428803921,2475.0500000000002</coordinates></Point></Placemark><Placemark><TimeSpan><begin>2023-07-09T09:59:49Z</begin><end>2023-07-09T09:59:59Z</end></TimeSpan><styleUrl>#point</styleUrl><Point><altitudeMode>clampToGround</altitudeMode><coordinates>7.154310587793589,45.245133703574538,2476.0100000000002</coordinates></Point></Placemark><Placemark><TimeSpan><begin>2023-07-09T09:59:59Z</begin><end>2023-07-09T10:00:11Z</end></TimeSpan><styleUrl>#point</styleUrl><Point><altitudeMode>clampToGround</altitudeMode><coordinates>7.154300110414624,45.245139738544822,2477.9400000000001</coordinates></Point></Placemark><Placemark><TimeSpan><begin>2023-07-09T10:00:11Z</begin><end>2023-07-09T10:00:21Z</end></TimeSpan><styleUrl>#point</styleUrl><Point><altitudeMode>clampToGround</altitudeMode><coordinates>7.154298517853022,45.245169913396239,2479.3800000000001</coordinates></Point></Placemark><Placemark><TimeSpan><begin>2023-07-09T10:00:21Z</begin><end>2023-07-09T10:00:31Z</end></TimeSpan><styleUrl>#point</styleUrl><Point><altitudeMode>clampToGround</altitudeMode><coordinates>7.154307570308447,45.245203357189894,2480.8200000000002</coordinates></Point></Placemark><Placemark><TimeSpan><begin>2023-07-09T10:00:31Z</begin><end>2023-07-09T10:00:43Z</end></TimeSpan><styleUrl>#point</styleUrl><Point><altitudeMode>clampToGround</altitudeMode><coordinates>7.154355347156525,45.245236633345485,2482.7399999999998</coordinates></Point></Placemark><Placemark><TimeSpan><begin>2023-07-09T10:00:43Z</begin><end>2023-07-09T10:00:54Z</end></TimeSpan><styleUrl>#point</styleUrl><Point><altitudeMode>clampToGround</altitudeMode><coordinates>7.154369428753853,45.245235376060009,2483.2199999999998</coordinates></Point></Placemark><Placemark><TimeSpan><begin>2023-07-09T10:00:54Z</begin><end>2023-07-09T10:01:05Z</end></TimeSpan><styleUrl>#point</styleUrl><Point><altitudeMode>clampToGround</altitudeMode><coordinates>7.154291812330484,45.245267143473029,2485.6300000000001</coordinates></Point></Placemark><Placemark><TimeSpan><begin>2023-07-09T10:01:05Z</begin><end>2023-07-09T10:01:18Z</end></TimeSpan><styleUrl>#point</styleUrl><Point><altitudeMode>clampToGround</altitudeMode><coordinates>7.154236240312457,45.245252391323447,2486.5900000000001</coordinates></Point></Placemark><Placemark><TimeSpan><begin>2023-07-09T10:01:18Z</begin><end>2023-07-09T10:01:30Z</end></TimeSpan><styleUrl>#point</styleUrl><Point><altitudeMode>clampToGround</altitudeMode><coordinates>7.154175387695432,45.24523152038455,2488.5100000000002</coordinates></Point></Placemark><Placemark><TimeSpan><begin>2023-07-09T10:01:30Z</begin><end>2023-07-09T10:01:42Z</end></TimeSpan><styleUrl>#point</styleUrl><Point><altitudeMode>clampToGround</altitudeMode><coordinates>7.154128281399608,45.245216181501746,2489.9499999999998</coordinates></Point></Placemark><Placemark><TimeSpan><begin>2023-07-09T10:01:42Z</begin><end>2023-07-09T10:01:53Z</end></TimeSpan><styleUrl>#point</styleUrl><Point><altitudeMode>clampToGround</altitudeMode><coordinates>7.154069691896439,45.245180306956172,2491.3899999999999</coordinates></Point></Placemark><Placemark><TimeSpan><begin>2023-07-09T10:01:53Z</begin><end>2023-07-09T10:02:03Z</end></TimeSpan><styleUrl>#point</styleUrl><Point><altitudeMode>clampToGround</altitudeMode><coordinates>7.15399794280529,45.245121885091066,2492.8400000000001</coordinates></Point></Placemark><Placemark><TimeSpan><begin>2023-07-09T10:02:03Z</begin><end>2023-07-09T10:02:13Z</end></TimeSpan><styleUrl>#point</styleUrl><Point><altitudeMode>clampToGround</altitudeMode><coordinates>7.153926445171237,45.245066480711102,2493.8000000000002</coordinates></Point></Placemark><Placemark><TimeSpan><begin>2023-07-09T10:02:13Z</begin><end>2023-07-09T10:02:24Z</end></TimeSpan><styleUrl>#point</styleUrl><Point><altitudeMode>clampToGround</altitudeMode><coordinates>7.153915213420987,45.24508005939424,2495.2399999999998</coordinates></Point></Placemark><Placemark><TimeSpan><begin>2023-07-09T10:02:24Z</begin><end>2023-07-09T10:02:35Z</end></TimeSpan><styleUrl>#point</styleUrl><Point><altitudeMode>clampToGround</altitudeMode><coordinates>7.153899623081088,45.245103696361184,2497.1599999999999</coordinates></Point></Placemark><Placemark><TimeSpan><begin>2023-07-09T10:02:35Z</begin><end>2023-07-09T10:02:47Z</end></TimeSpan><styleUrl>#point</styleUrl><Point><altitudeMode>clampToGround</altitudeMode><coordinates>7.15383424423635,45.245092883706093,2499.5700000000002</coordinates></Point></Placemark><Placemark><TimeSpan><begin>2023-07-09T10:02:47Z</begin><end>2023-07-09T10:02:59Z</end></TimeSpan><styleUrl>#point</styleUrl><Point><altitudeMode>clampToGround</altitudeMode><coordinates>7.15378001332283,45.245082322508097,2500.5300000000002</coordinates></Point></Placemark><Placemark><TimeSpan><begin>2023-07-09T10:02:59Z</begin><end>2023-07-09T10:03:13Z</end></TimeSpan><styleUrl>#point</styleUrl><Point><altitudeMode>clampToGround</altitudeMode><coordinates>7.153706336393952,45.245025577023625,2501.9699999999998</coordinates></Point></Placemark><Placemark><TimeSpan><begin>2023-07-09T10:03:13Z</begin><end>2023-07-09T10:03:24Z</end></TimeSpan><styleUrl>#point</styleUrl><Point><altitudeMode>clampToGround</altitudeMode><coordinates>7.153637185692787,45.244979811832309,2502.9299999999998</coordinates></Point></Placemark><Placemark><TimeSpan><begin>2023-07-09T10:03:24Z</begin><end>2023-07-09T10:03:35Z</end></TimeSpan><styleUrl>#point</styleUrl><Point><altitudeMode>clampToGround</altitudeMode><coordinates>7.153565352782607,45.244932118803263,2504.3699999999999</coordinates></Point></Placemark><Placemark><TimeSpan><begin>2023-07-09T10:03:35Z</begin><end>2023-07-09T10:03:47Z</end></TimeSpan><styleUrl>#point</styleUrl><Point><altitudeMode>clampToGround</altitudeMode><coordinates>7.15345798060298,45.244913175702095,2505.8099999999999</coordinates></Point></Placemark><Placemark><TimeSpan><begin>2023-07-09T10:03:47Z</begin><end>2023-07-09T10:03:59Z</end></TimeSpan><styleUrl>#point</styleUrl><Point><altitudeMode>clampToGround</altitudeMode><coordinates>7.153357565402985,45.244923904538155,2507.2600000000002</coordinates></Point></Placemark><Placemark><TimeSpan><begin>2023-07-09T10:03:59Z</begin><end>2023-07-09T10:04:12Z</end></TimeSpan><styleUrl>#point</styleUrl><Point><altitudeMode>clampToGround</altitudeMode><coordinates>7.153255306184292,45.244932034984231,2508.2199999999998</coordinates></Point></Placemark><Placemark><TimeSpan><begin>2023-07-09T10:04:12Z</begin><end>2023-07-09T10:04:23Z</end></TimeSpan><styleUrl>#point</styleUrl><Point><altitudeMode>clampToGround</altitudeMode><coordinates>7.153162937611342,45.244948966428638,2509.6599999999999</coordinates></Point></Placemark><Placemark><TimeSpan><begin>2023-07-09T10:04:23Z</begin><end>2023-07-09T10:04:35Z</end></TimeSpan><styleUrl>#point</styleUrl><Point><altitudeMode>clampToGround</altitudeMode><coordinates>7.153077190741897,45.244957264512777,2511.5799999999999</coordinates></Point></Placemark><Placemark><TimeSpan><begin>2023-07-09T10:04:35Z</begin><end>2023-07-09T10:04:47Z</end></TimeSpan><styleUrl>#point</styleUrl><Point><altitudeMode>clampToGround</altitudeMode><coordinates>7.152980715036392,45.244933124631643,2513.02</coordinates></Point></Placemark><Placemark><TimeSpan><begin>2023-07-09T10:04:47Z</begin><end>2023-07-09T10:04:59Z</end></TimeSpan><styleUrl>#point</styleUrl><Point><altitudeMode>clampToGround</altitudeMode><coordinates>7.152896393090487,45.244957264512777,2514.4699999999998</coordinates></Point></Placemark><Placemark><TimeSpan><begin>2023-07-09T10:04:59Z</begin><end>2023-07-09T10:05:17Z</end></TimeSpan><styleUrl>#point</styleUrl><Point><altitudeMode>clampToGround</altitudeMode><coordinates>7.152898404747248,45.244944943115115,2514.9499999999998</coordinates></Point></Placemark><Placemark><TimeSpan><begin>2023-07-09T10:05:17Z</begin><end>2023-07-09T10:05:23Z</end></TimeSpan><styleUrl>#point</styleUrl><Point><altitudeMode>clampToGround</altitudeMode><coordinates>7.152907121926546,45.24493932723999,2513.98</coordinates></Point></Placemark><Placemark><TimeSpan><begin>2023-07-09T10:05:23Z</begin><end>2023-07-09T10:05:49Z</end></TimeSpan><styleUrl>#point</styleUrl><Point><altitudeMode>clampToGround</altitudeMode><coordinates>7.152881892398,45.244906637817621,2514.4699999999998</coordinates></Point></Placemark><Placemark><TimeSpan><begin>2023-07-09T10:05:49Z</begin><end>2023-07-09T10:05:59Z</end></TimeSpan><styleUrl>#point</styleUrl><Point><altitudeMode>clampToGround</altitudeMode><coordinates>7.152818525210023,45.244900854304433,2515.4299999999998</coordinates></Point></Placemark><Placemark><TimeSpan><begin>2023-07-09T10:05:59Z</begin><end>2023-07-09T10:06:12Z</end></TimeSpan><styleUrl>#point</styleUrl><Point><altitudeMode>clampToGround</altitudeMode><coordinates>7.152696736156941,45.244899932295084,2517.8299999999999</coordinates></Point></Placemark><Placemark><TimeSpan><begin>2023-07-09T10:06:12Z</begin><end>2023-07-09T10:06:23Z</end></TimeSpan><styleUrl>#point</styleUrl><Point><altitudeMode>clampToGround</altitudeMode><coordinates>7.152628842741251,45.244877887889743,2519.27</coordinates></Point></Placemark><Placemark><TimeSpan><begin>2023-07-09T10:06:23Z</begin><end>2023-07-09T10:06:34Z</end></TimeSpan><styleUrl>#point</styleUrl><Point><altitudeMode>clampToGround</altitudeMode><coordinates>7.152574276551604,45.244858274236321,2520.71</coordinates></Point></Placemark><Placemark><TimeSpan><begin>2023-07-09T10:06:34Z</begin><end>2023-07-09T10:06:46Z</end></TimeSpan><styleUrl>#point</styleUrl><Point><altitudeMode>clampToGround</altitudeMode><coordinates>7.152518117800355,45.244871433824301,2523.1199999999999</coordinates></Point></Placemark><Placemark><TimeSpan><begin>2023-07-09T10:06:46Z</begin><end>2023-07-09T10:06:58Z</end></TimeSpan><styleUrl>#point</styleUrl><Point><altitudeMode>clampToGround</altitudeMode><coordinates>7.152472184970975,45.244870176538825,2525.04</coordinates></Point></Placemark><Placemark><TimeSpan><begin>2023-07-09T10:06:58Z</begin><end>2023-07-09T10:07:08Z</end></TimeSpan><styleUrl>#point</styleUrl><Point><altitudeMode>clampToGround</altitudeMode><coordinates>7.152431784197688,45.2448611240834,2526</coordinates></Point></Placemark><Placemark><TimeSpan><begin>2023-07-09T10:07:08Z</begin><end>2023-07-09T10:07:21Z</end></TimeSpan><styleUrl>#point</styleUrl><Point><altitudeMode>clampToGround</altitudeMode><coordinates>7.152369506657124,45.244871014729142,2527.4400000000001</coordinates></Point></Placemark><Placemark><TimeSpan><begin>2023-07-09T10:07:21Z</begin><end>2023-07-09T10:07:29Z</end></TimeSpan><styleUrl>#point</styleUrl><Point><altitudeMode>clampToGround</altitudeMode><coordinates>7.152310330420733,45.244868164882064,2529.3699999999999</coordinates></Point></Placemark><Placemark><TimeSpan><begin>2023-07-09T10:07:29Z</begin><end>2023-07-09T10:07:39Z</end></TimeSpan><styleUrl>#point</styleUrl><Point><altitudeMode>clampToGround</altitudeMode><coordinates>7.152255931869149,45.24489289149642,2530.3299999999999</coordinates></Point></Placemark><Placemark><TimeSpan><begin>2023-07-09T10:07:39Z</begin><end>2023-07-09T10:07:51Z</end></TimeSpan><styleUrl>#point</styleUrl><Point><altitudeMode>clampToGround</altitudeMode><coordinates>7.152244364842773,45.244895741343498,2531.29</coordinates></Point></Placemark><Placemark><TimeSpan><begin>2023-07-09T10:07:51Z</begin><end>2023-07-09T10:08:03Z</end></TimeSpan><styleUrl>#point</styleUrl><Point><altitudeMode>clampToGround</altitudeMode><coordinates>7.152236150577664,45.244912337511778,2533.21</coordinates></Point></Placemark><Placemark><TimeSpan><begin>2023-07-09T10:08:03Z</begin><end>2023-07-09T10:08:15Z</end></TimeSpan><styleUrl>#point</styleUrl><Point><altitudeMode>clampToGround</altitudeMode><coordinates>7.15218904428184,45.244907895103097,2535.1300000000001</coordinates></Point></Placemark><Placemark><TimeSpan><begin>2023-07-09T10:08:15Z</begin><end>2023-07-09T10:08:27Z</end></TimeSpan><styleUrl>#point</styleUrl><Point><altitudeMode>clampToGround</altitudeMode><coordinates>7.152207316830754,45.244934884831309,2536.0999999999999</coordinates></Point></Placemark><Placemark><TimeSpan><begin>2023-07-09T10:08:27Z</begin><end>2023-07-09T10:08:39Z</end></TimeSpan><styleUrl>#point</styleUrl><Point><altitudeMode>clampToGround</altitudeMode><coordinates>7.152212178334594,45.244937567040324,2538.02</coordinates></Point></Placemark><Placemark><TimeSpan><begin>2023-07-09T10:08:39Z</begin><end>2023-07-09T10:08:50Z</end></TimeSpan><styleUrl>#point</styleUrl><Point><altitudeMode>clampToGround</altitudeMode><coordinates>7.152231372892857,45.244969837367535,2539.46</coordinates></Point></Placemark><Placemark><TimeSpan><begin>2023-07-09T10:08:50Z</begin><end>2023-07-09T10:09:03Z</end></TimeSpan><styleUrl>#point</styleUrl><Point><altitudeMode>clampToGround</altitudeMode><coordinates>7.152263894677162,45.244974279776216,2540.9000000000001</coordinates></Point></Placemark><Placemark><TimeSpan><begin>2023-07-09T10:09:03Z</begin><end>2023-07-09T10:09:20Z</end></TimeSpan><styleUrl>#point</styleUrl><Point><altitudeMode>clampToGround</altitudeMode><coordinates>7.152278646826744,45.2449906244874,2541.3800000000001</coordinates></Point></Placemark><Placemark><TimeSpan><begin>2023-07-09T10:09:20Z</begin><end>2023-07-09T10:09:30Z</end></TimeSpan><styleUrl>#point</styleUrl><Point><altitudeMode>clampToGround</altitudeMode><coordinates>7.15230530127883,45.245003867894411,2542.8200000000002</coordinates></Point></Placemark><Placemark><TimeSpan><begin>2023-07-09T10:09:30Z</begin><end>2023-07-09T10:09:44Z</end></TimeSpan><styleUrl>#point</styleUrl><Point><altitudeMode>clampToGround</altitudeMode><coordinates>7.152278898283839,45.2450199611485,2543.79</coordinates></Point></Placemark><Placemark><TimeSpan><begin>2023-07-09T10:09:44Z</begin><end>2023-07-09T10:09:54Z</end></TimeSpan><styleUrl>#point</styleUrl><Point><altitudeMode>clampToGround</altitudeMode><coordinates>7.15231460519135,45.245053237304091,2545.71</coordinates></Point></Placemark><Placemark><TimeSpan><begin>2023-07-09T10:09:54Z</begin><end>2023-07-09T10:10:06Z</end></TimeSpan><styleUrl>#point</styleUrl><Point><altitudeMode>clampToGround</altitudeMode><coordinates>7.152286693453789,45.245058853179216,2547.6300000000001</coordinates></Point></Placemark><Placemark><TimeSpan><begin>2023-07-09T10:10:06Z</begin><end>2023-07-09T10:10:21Z</end></TimeSpan><styleUrl>#point</styleUrl><Point><altitudeMode>clampToGround</altitudeMode><coordinates>7.15221444144845,45.24507855065167,2549.5500000000002</coordinates></Point></Placemark><Placemark><TimeSpan><begin>2023-07-09T10:10:21Z</begin><end>2023-07-09T10:10:34Z</end></TimeSpan><styleUrl>#point</styleUrl><Point><altitudeMode>clampToGround</altitudeMode><coordinates>7.152159539982677,45.245089782401919,2551</coordinates></Point></Placemark><Placemark><TimeSpan><begin>2023-07-09T10:10:34Z</begin><end>2023-07-09T10:10:46Z</end></TimeSpan><styleUrl>#point</styleUrl><Point><altitudeMode>clampToGround</altitudeMode><coordinates>7.152090054005384,45.245082238689065,2552.4400000000001</coordinates></Point></Placemark><Placemark><TimeSpan><begin>2023-07-09T10:10:46Z</begin><end>2023-07-09T10:10:57Z</end></TimeSpan><styleUrl>#point</styleUrl><Point><altitudeMode>clampToGround</altitudeMode><coordinates>7.152044037356973,45.245097577571869,2554.3600000000001</coordinates></Point></Placemark><Placemark><TimeSpan><begin>2023-07-09T10:10:57Z</begin><end>2023-07-09T10:11:10Z</end></TimeSpan><styleUrl>#point</styleUrl><Point><altitudeMode>clampToGround</altitudeMode><coordinates>7.152001038193703,45.24510445073247,2555.3200000000002</coordinates></Point></Placemark><Placemark><TimeSpan><begin>2023-07-09T10:11:10Z</begin><end>2023-07-09T10:11:20Z</end></TimeSpan><styleUrl>#point</styleUrl><Point><altitudeMode>clampToGround</altitudeMode><coordinates>7.151947310194373,45.24510595947504,2556.7600000000002</coordinates></Point></Placemark><Placemark><TimeSpan><begin>2023-07-09T10:11:20Z</begin><end>2023-07-09T10:11:32Z</end></TimeSpan><styleUrl>#point</styleUrl><Point><altitudeMode>clampToGround</altitudeMode><coordinates>7.151897605508566,45.245119202882051,2558.6900000000001</coordinates></Point></Placemark><Placemark><TimeSpan><begin>2023-07-09T10:11:32Z</begin><end>2023-07-09T10:11:45Z</end></TimeSpan><styleUrl>#point</styleUrl><Point><altitudeMode>clampToGround</altitudeMode><coordinates>7.151802303269506,45.245098834857345,2560.1300000000001</coordinates></Point></Placemark><Placemark><TimeSpan><begin>2023-07-09T10:11:45Z</begin><end>2023-07-09T10:11:54Z</end></TimeSpan><styleUrl>#point</styleUrl><Point><altitudeMode>clampToGround</altitudeMode><coordinates>7.151714628562331,45.2450907882303,2560.6100000000001</coordinates></Point></Placemark><Placemark><TimeSpan><begin>2023-07-09T10:11:54Z</begin><end>2023-07-09T10:12:05Z</end></TimeSpan><styleUrl>#point</styleUrl><Point><altitudeMode>clampToGround</altitudeMode><coordinates>7.151593007147312,45.245107216760516,2561.0900000000001</coordinates></Point></Placemark><Placemark><TimeSpan><begin>2023-07-09T10:12:05Z</begin><end>2023-07-09T10:12:16Z</end></TimeSpan><styleUrl>#point</styleUrl><Point><altitudeMode>clampToGround</altitudeMode><coordinates>7.15151815675199,45.245154406875372,2562.0500000000002</coordinates></Point></Placemark><Placemark><TimeSpan><begin>2023-07-09T10:12:16Z</begin><end>2023-07-09T10:12:28Z</end></TimeSpan><styleUrl>#point</styleUrl><Point><altitudeMode>clampToGround</altitudeMode><coordinates>7.15140332467854,45.245136301964521,2563.9699999999998</coordinates></Point></Placemark><Placemark><TimeSpan><begin>2023-07-09T10:12:28Z</begin><end>2023-07-09T10:12:39Z</end></TimeSpan><styleUrl>#point</styleUrl><Point><altitudeMode>clampToGround</altitudeMode><coordinates>7.151336940005422,45.245140660554171,2564.9299999999998</coordinates></Point></Placemark><Placemark><TimeSpan><begin>2023-07-09T10:12:39Z</begin><end>2023-07-09T10:12:52Z</end></TimeSpan><styleUrl>#point</styleUrl><Point><altitudeMode>clampToGround</altitudeMode><coordinates>7.15128748677671,45.245129428803921,2566.8600000000001</coordinates></Point></Placemark><Placemark><TimeSpan><begin>2023-07-09T10:12:52Z</begin><end>2023-07-09T10:13:04Z</end></TimeSpan><styleUrl>#point</styleUrl><Point><altitudeMode>clampToGround</altitudeMode><coordinates>7.151237949728966,45.245150048285723,2568.3000000000002</coordinates></Point></Placemark><Placemark><TimeSpan><begin>2023-07-09T10:13:04Z</begin><end>2023-07-09T10:13:17Z</end></TimeSpan><styleUrl>#point</styleUrl><Point><altitudeMode>clampToGround</altitudeMode><coordinates>7.151182126253843,45.245139906182885,2569.2600000000002</coordinates></Point></Placemark><Placemark><TimeSpan><begin>2023-07-09T10:13:17Z</begin><end>2023-07-09T10:13:30Z</end></TimeSpan><styleUrl>#point</styleUrl><Point><altitudeMode>clampToGround</altitudeMode><coordinates>7.151122782379389,45.245147617533803,2572.1399999999999</coordinates></Point></Placemark><Placemark><TimeSpan><begin>2023-07-09T10:13:30Z</begin><end>2023-07-09T10:13:41Z</end></TimeSpan><styleUrl>#point</styleUrl><Point><altitudeMode>clampToGround</altitudeMode><coordinates>7.151026809588075,45.245199669152498,2573.1100000000001</coordinates></Point></Placemark><Placemark><TimeSpan><begin>2023-07-09T10:13:41Z</begin><end>2023-07-09T10:13:52Z</end></TimeSpan><styleUrl>#point</styleUrl><Point><altitudeMode>clampToGround</altitudeMode><coordinates>7.150949947535992,45.24525934830308,2574.5500000000002</coordinates></Point></Placemark><Placemark><TimeSpan><begin>2023-07-09T10:13:52Z</begin><end>2023-07-09T10:14:03Z</end></TimeSpan><styleUrl>#point</styleUrl><Point><altitudeMode>clampToGround</altitudeMode><coordinates>7.150872079655528,45.245275609195232,2575.9899999999998</coordinates></Point></Placemark><Placemark><TimeSpan><begin>2023-07-09T10:14:03Z</begin><end>2023-07-09T10:14:15Z</end></TimeSpan><styleUrl>#point</styleUrl><Point><altitudeMode>clampToGround</altitudeMode><coordinates>7.150852382183075,45.245298072695732,2577.9099999999999</coordinates></Point></Placemark><Placemark><TimeSpan><begin>2023-07-09T10:14:15Z</begin><end>2023-07-09T10:14:27Z</end></TimeSpan><styleUrl>#point</styleUrl><Point><altitudeMode>clampToGround</altitudeMode><coordinates>7.150947516784072,45.24530335329473,2578.8699999999999</coordinates></Point></Placemark><Placemark><TimeSpan><begin>2023-07-09T10:14:27Z</begin><end>2023-07-09T10:14:39Z</end></TimeSpan><styleUrl>#point</styleUrl><Point><altitudeMode>clampToGround</altitudeMode><coordinates>7.151029156520963,45.245323134586215,2580.3200000000002</coordinates></Point></Placemark><Placemark><TimeSpan><begin>2023-07-09T10:14:39Z</begin><end>2023-07-09T10:14:47Z</end></TimeSpan><styleUrl>#point</styleUrl><Point><altitudeMode>clampToGround</altitudeMode><coordinates>7.151019014418125,45.245336126536131,2581.7600000000002</coordinates></Point></Placemark><Placemark><TimeSpan><begin>2023-07-09T10:14:47Z</begin><end>2023-07-09T10:14:57Z</end></TimeSpan><styleUrl>#point</styleUrl><Point><altitudeMode>clampToGround</altitudeMode><coordinates>7.150973668321967,45.245351633056998,2583.1999999999998</coordinates></Point></Placemark><Placemark><TimeSpan><begin>2023-07-09T10:14:57Z</begin><end>2023-07-09T10:15:09Z</end></TimeSpan><styleUrl>#point</styleUrl><Point><altitudeMode>clampToGround</altitudeMode><coordinates>7.150872582569718,45.24540888145566,2585.1199999999999</coordinates></Point></Placemark><Placemark><TimeSpan><begin>2023-07-09T10:15:09Z</begin><end>2023-07-09T10:15:19Z</end></TimeSpan><styleUrl>#point</styleUrl><Point><altitudeMode>clampToGround</altitudeMode><coordinates>7.150813909247518,45.245432183146477,2586.5599999999999</coordinates></Point></Placemark><Placemark><TimeSpan><begin>2023-07-09T10:15:19Z</begin><end>2023-07-09T10:15:30Z</end></TimeSpan><styleUrl>#point</styleUrl><Point><altitudeMode>clampToGround</altitudeMode><coordinates>7.150760935619474,45.245461519807577,2587.5300000000002</coordinates></Point></Placemark><Placemark><TimeSpan><begin>2023-07-09T10:15:30Z</begin><end>2023-07-09T10:15:43Z</end></TimeSpan><styleUrl>#point</styleUrl><Point><altitudeMode>clampToGround</altitudeMode><coordinates>7.150770910084248,45.245502172037959,2588.9699999999998</coordinates></Point></Placemark><Placemark><TimeSpan><begin>2023-07-09T10:15:43Z</begin><end>2023-07-09T10:15:54Z</end></TimeSpan><styleUrl>#point</styleUrl><Point><altitudeMode>clampToGround</altitudeMode><coordinates>7.150831427425146,45.245509129017591,2590.8899999999999</coordinates></Point></Placemark><Placemark><TimeSpan><begin>2023-07-09T10:15:54Z</begin><end>2023-07-09T10:16:03Z</end></TimeSpan><styleUrl>#point</styleUrl><Point><altitudeMode>clampToGround</altitudeMode><coordinates>7.15086679905653,45.245533604174852,2591.3699999999999</coordinates></Point></Placemark><Placemark><TimeSpan><begin>2023-07-09T10:16:03Z</begin><end>2023-07-09T10:16:14Z</end></TimeSpan><styleUrl>#point</styleUrl><Point><altitudeMode>clampToGround</altitudeMode><coordinates>7.150845592841506,45.245606610551476,2593.29</coordinates></Point></Placemark><Placemark><TimeSpan><begin>2023-07-09T10:16:14Z</begin><end>2023-07-09T10:16:27Z</end></TimeSpan><styleUrl>#point</styleUrl><Point><altitudeMode>clampToGround</altitudeMode><coordinates>7.150780633091927,45.24565857835114,2595.6999999999998</coordinates></Point></Placemark><Placemark><TimeSpan><begin>2023-07-09T10:16:27Z</begin><end>2023-07-09T10:16:38Z</end></TimeSpan><styleUrl>#point</styleUrl><Point><altitudeMode>clampToGround</altitudeMode><coordinates>7.150739897042513,45.245682299137115,2596.1799999999998</coordinates></Point></Placemark><Placemark><TimeSpan><begin>2023-07-09T10:16:38Z</begin><end>2023-07-09T10:16:48Z</end></TimeSpan><styleUrl>#point</styleUrl><Point><altitudeMode>clampToGround</altitudeMode><coordinates>7.150699328631163,45.245723957195878,2596.1799999999998</coordinates></Point></Placemark><Placemark><TimeSpan><begin>2023-07-09T10:16:48Z</begin><end>2023-07-09T10:16:54Z</end></TimeSpan><styleUrl>#point</styleUrl><Point><altitudeMode>clampToGround</altitudeMode><coordinates>7.150700753554702,45.24573820643127,2595.2199999999998</coordinates></Point></Placemark><Placemark><TimeSpan><begin>2023-07-09T10:16:54Z</begin><end>2023-07-09T10:17:04Z</end></TimeSpan><styleUrl>#point</styleUrl><Point><altitudeMode>clampToGround</altitudeMode><coordinates>7.150665801018477,45.245776679366827,2594.25</coordinates></Point></Placemark><Placemark><TimeSpan><begin>2023-07-09T10:17:04Z</begin><end>2023-07-09T10:17:15Z</end></TimeSpan><styleUrl>#point</styleUrl><Point><altitudeMode>clampToGround</altitudeMode><coordinates>7.150584580376744,45.245820684358478,2592.8099999999999</coordinates></Point></Placemark><Placemark><TimeSpan><begin>2023-07-09T10:17:15Z</begin><end>2023-07-09T10:17:27Z</end></TimeSpan><styleUrl>#point</styleUrl><Point><altitudeMode>clampToGround</altitudeMode><coordinates>7.15050277300179,45.245891343802214,2591.8499999999999</coordinates></Point></Placemark><Placemark><TimeSpan><begin>2023-07-09T10:17:27Z</begin><end>2023-07-09T10:17:38Z</end></TimeSpan><styleUrl>#point</styleUrl><Point><altitudeMode>clampToGround</altitudeMode><coordinates>7.150430185720325,45.245952783152461,2591.3699999999999</coordinates></Point></Placemark><Placemark><TimeSpan><begin>2023-07-09T10:17:38Z</begin><end>2023-07-09T10:17:51Z</end></TimeSpan><styleUrl>#point</styleUrl><Point><altitudeMode>clampToGround</altitudeMode><coordinates>7.150292135775089,45.246030567213893,2590.4099999999999</coordinates></Point></Placemark><Placemark><TimeSpan><begin>2023-07-09T10:17:51Z</begin><end>2023-07-09T10:18:02Z</end></TimeSpan><styleUrl>#point</styleUrl><Point><altitudeMode>clampToGround</altitudeMode><coordinates>7.150231869891286,45.246093096211553,2589.9299999999998</coordinates></Point></Placemark><Placemark><TimeSpan><begin>2023-07-09T10:18:02Z</begin><end>2023-07-09T10:18:17Z</end></TimeSpan><styleUrl>#point</styleUrl><Point><altitudeMode>clampToGround</altitudeMode><coordinates>7.150111338123679,45.246164593845606,2588.9699999999998</coordinates></Point></Placemark><Placemark><TimeSpan><begin>2023-07-09T10:18:17Z</begin><end>2023-07-09T10:18:28Z</end></TimeSpan><styleUrl>#point</styleUrl><Point><altitudeMode>clampToGround</altitudeMode><coordinates>7.150076637044549,45.246187727898359,2588.4899999999998</coordinates></Point></Placemark><Placemark><TimeSpan><begin>2023-07-09T10:18:28Z</begin><end>2023-07-09T10:18:40Z</end></TimeSpan><styleUrl>#point</styleUrl><Point><altitudeMode>clampToGround</altitudeMode><coordinates>7.149971360340715,45.246232571080327,2588.0100000000002</coordinates></Point></Placemark><Placemark><TimeSpan><begin>2023-07-09T10:18:40Z</begin><end>2023-07-09T10:18:55Z</end></TimeSpan><styleUrl>#point</styleUrl><Point><altitudeMode>clampToGround</altitudeMode><coordinates>7.149927439168096,45.24626987054944,2588.4899999999998</coordinates></Point></Placemark><Placemark><TimeSpan><begin>2023-07-09T10:18:55Z</begin><end>2023-07-09T10:19:10Z</end></TimeSpan><styleUrl>#point</styleUrl><Point><altitudeMode>clampToGround</altitudeMode><coordinates>7.149898605421186,45.246285460889339,2588.4899999999998</coordinates></Point></Placemark><Placemark><TimeSpan><begin>2023-07-09T10:19:10Z</begin><end>2023-07-09T10:19:24Z</end></TimeSpan><styleUrl>#point</styleUrl><Point><altitudeMode>clampToGround</altitudeMode><coordinates>7.149804979562759,45.24634656496346,2588.4899999999998</coordinates></Point></Placemark><Placemark><TimeSpan><begin>2023-07-09T10:19:24Z</begin><end>2023-07-09T10:19:28Z</end></TimeSpan><styleUrl>#point</styleUrl><Point><altitudeMode>clampToGround</altitudeMode><coordinates>7.149779917672277,45.246362071484327,2589.9299999999998</coordinates></Point></Placemark><Placemark><TimeSpan><begin>2023-07-09T10:19:28Z</begin><end>2023-07-09T10:19:40Z</end></TimeSpan><styleUrl>#point</styleUrl><Point><altitudeMode>clampToGround</altitudeMode><coordinates>7.149691991508007,45.246397778391838,2591.3699999999999</coordinates></Point></Placemark><Placemark><TimeSpan><begin>2023-07-09T10:19:40Z</begin><end>2023-07-09T10:19:51Z</end></TimeSpan><styleUrl>#point</styleUrl><Point><altitudeMode>clampToGround</altitudeMode><coordinates>7.149593587964773,45.246440442278981,2593.29</coordinates></Point></Placemark><Placemark><TimeSpan><begin>2023-07-09T10:19:51Z</begin><end>2023-07-09T10:20:02Z</end></TimeSpan><styleUrl>#point</styleUrl><Point><altitudeMode>clampToGround</altitudeMode><coordinates>7.149452436715365,45.246477909386158,2593.29</coordinates></Point></Placemark><Placemark><TimeSpan><begin>2023-07-09T10:20:02Z</begin><end>2023-07-09T10:20:14Z</end></TimeSpan><styleUrl>#point</styleUrl><Point><altitudeMode>clampToGround</altitudeMode><coordinates>7.149276081472635,45.246528955176473,2593.29</coordinates></Point></Placemark><Placemark><TimeSpan><begin>2023-07-09T10:20:14Z</begin><end>2023-07-09T10:20:25Z</end></TimeSpan><styleUrl>#point</styleUrl><Point><altitudeMode>clampToGround</altitudeMode><coordinates>7.149135181680322,45.246564326807857,2594.25</coordinates></Point></Placemark><Placemark><TimeSpan><begin>2023-07-09T10:20:25Z</begin><end>2023-07-09T10:20:37Z</end></TimeSpan><styleUrl>#point</styleUrl><Point><altitudeMode>clampToGround</altitudeMode><coordinates>7.149008195847273,45.246594501659274,2594.7399999999998</coordinates></Point></Placemark><Placemark><TimeSpan><begin>2023-07-09T10:20:37Z</begin><end>2023-07-09T10:20:46Z</end></TimeSpan><styleUrl>#point</styleUrl><Point><altitudeMode>clampToGround</altitudeMode><coordinates>7.148890011012554,45.246626520529389,2595.6999999999998</coordinates></Point></Placemark><Placemark><TimeSpan><begin>2023-07-09T10:20:46Z</begin><end>2023-07-09T10:20:56Z</end></TimeSpan><styleUrl>#point</styleUrl><Point><altitudeMode>clampToGround</altitudeMode><coordinates>7.148727150633931,45.246656024828553,2595.6999999999998</coordinates></Point></Placemark><Placemark><TimeSpan><begin>2023-07-09T10:20:56Z</begin><end>2023-07-09T10:20:58Z</end></TimeSpan><styleUrl>#point</styleUrl><Point><altitudeMode>clampToGround</altitudeMode><coordinates>7.148692701011896,45.24666273035109,2595.6999999999998</coordinates></Point></Placemark><Placemark><TimeSpan><begin>2023-07-09T10:20:58Z</begin><end>2023-07-09T10:21:09Z</end></TimeSpan><styleUrl>#point</styleUrl><Point><altitudeMode>clampToGround</altitudeMode><coordinates>7.148556159809232,45.246712854132056,2596.1799999999998</coordinates></Point></Placemark><Placemark><TimeSpan><begin>2023-07-09T10:21:09Z</begin><end>2023-07-09T10:21:20Z</end></TimeSpan><styleUrl>#point</styleUrl><Point><altitudeMode>clampToGround</altitudeMode><coordinates>7.148449122905731,45.246751997619867,2597.6199999999999</coordinates></Point></Placemark><Placemark><TimeSpan><begin>2023-07-09T10:21:20Z</begin><end>2023-07-09T10:21:30Z</end></TimeSpan><styleUrl>#point</styleUrl><Point><altitudeMode>clampToGround</altitudeMode><coordinates>7.148321466520429,45.246774796396494,2599.54</coordinates></Point></Placemark><Placemark><TimeSpan><begin>2023-07-09T10:21:30Z</begin><end>2023-07-09T10:21:41Z</end></TimeSpan><styleUrl>#point</styleUrl><Point><altitudeMode>clampToGround</altitudeMode><coordinates>7.1482228115201,45.246806899085641,2599.54</coordinates></Point></Placemark><Placemark><TimeSpan><begin>2023-07-09T10:21:41Z</begin><end>2023-07-09T10:21:56Z</end></TimeSpan><styleUrl>#point</styleUrl><Point><altitudeMode>clampToGround</altitudeMode><coordinates>7.148163300007582,45.246769096702337,2599.54</coordinates></Point></Placemark><Placemark><TimeSpan><begin>2023-07-09T10:21:56Z</begin><end>2023-07-09T10:22:04Z</end></TimeSpan><styleUrl>#point</styleUrl><Point><altitudeMode>clampToGround</altitudeMode><coordinates>7.14810797944665,45.246734563261271,2599.54</coordinates></Point></Placemark><Placemark><TimeSpan><begin>2023-07-09T10:22:04Z</begin><end>2023-07-09T10:22:10Z</end></TimeSpan><styleUrl>#point</styleUrl><Point><altitudeMode>clampToGround</altitudeMode><coordinates>7.148038409650326,45.246744118630886,2599.54</coordinates></Point></Placemark><Placemark><TimeSpan><begin>2023-07-09T10:22:10Z</begin><end>2023-07-09T10:22:22Z</end></TimeSpan><styleUrl>#point</styleUrl><Point><altitudeMode>clampToGround</altitudeMode><coordinates>7.147897593677044,45.246729785576463,2600.02</coordinates></Point></Placemark><Placemark><TimeSpan><begin>2023-07-09T10:22:22Z</begin><end>2023-07-09T10:22:36Z</end></TimeSpan><styleUrl>#point</styleUrl><Point><altitudeMode>clampToGround</altitudeMode><coordinates>7.147819474339485,45.246707489714026,2600.02</coordinates></Point></Placemark><Placemark><TimeSpan><begin>2023-07-09T10:22:36Z</begin><end>2023-07-09T10:22:55Z</end></TimeSpan><styleUrl>#point</styleUrl><Point><altitudeMode>clampToGround</altitudeMode><coordinates>7.147722663357854,45.246729953214526,2600.02</coordinates></Point></Placemark><Placemark><TimeSpan><begin>2023-07-09T10:22:55Z</begin><end>2023-07-09T10:23:05Z</end></TimeSpan><styleUrl>#point</styleUrl><Point><altitudeMode>clampToGround</altitudeMode><coordinates>7.147632725536823,45.246736826375127,2600.98</coordinates></Point></Placemark><Placemark><TimeSpan><begin>2023-07-09T10:23:05Z</begin><end>2023-07-09T10:23:07Z</end></TimeSpan><styleUrl>#point</styleUrl><Point><altitudeMode>clampToGround</altitudeMode><coordinates>7.147610764950514,45.246736407279968,2600.98</coordinates></Point></Placemark><Placemark><TimeSpan><begin>2023-07-09T10:23:07Z</begin><end>2023-07-09T10:23:16Z</end></TimeSpan><styleUrl>#point</styleUrl><Point><altitudeMode>clampToGround</altitudeMode><coordinates>7.147492161020637,45.246769851073623,2601.9499999999998</coordinates></Point></Placemark><Placemark><TimeSpan><begin>2023-07-09T10:23:16Z</begin><end>2023-07-09T10:23:26Z</end></TimeSpan><styleUrl>#point</styleUrl><Point><altitudeMode>clampToGround</altitudeMode><coordinates>7.14732913300395,45.246755853295326,2602.4299999999998</coordinates></Point></Placemark><Placemark><TimeSpan><begin>2023-07-09T10:23:26Z</begin><end>2023-07-09T10:23:38Z</end></TimeSpan><styleUrl>#point</styleUrl><Point><altitudeMode>clampToGround</altitudeMode><coordinates>7.14725436642766,45.246754512190819,2603.3899999999999</coordinates></Point></Placemark><Placemark><TimeSpan><begin>2023-07-09T10:23:38Z</begin><end>2023-07-09T10:23:50Z</end></TimeSpan><styleUrl>#point</styleUrl><Point><altitudeMode>clampToGround</altitudeMode><coordinates>7.14720256626606,45.246725343167782,2603.8699999999999</coordinates></Point></Placemark><Placemark><TimeSpan><begin>2023-07-09T10:23:50Z</begin><end>2023-07-09T10:24:04Z</end></TimeSpan><styleUrl>#point</styleUrl><Point><altitudeMode>clampToGround</altitudeMode><coordinates>7.147249924018979,45.246770940721035,2603.8699999999999</coordinates></Point></Placemark><Placemark><TimeSpan><begin>2023-07-09T10:24:04Z</begin><end>2023-07-09T10:24:18Z</end></TimeSpan><styleUrl>#point</styleUrl><Point><altitudeMode>clampToGround</altitudeMode><coordinates>7.147224359214306,45.246728779748082,2603.8699999999999</coordinates></Point></Placemark><Placemark><TimeSpan><begin>2023-07-09T10:24:18Z</begin><end>2023-07-09T10:24:19Z</end></TimeSpan><styleUrl>#point</styleUrl><Point><altitudeMode>clampToGround</altitudeMode><coordinates>7.147224275395274,45.246730539947748,2603.8699999999999</coordinates></Point></Placemark><Placemark><TimeSpan><begin>2023-07-09T10:24:19Z</begin><end>2023-07-09T10:24:28Z</end></TimeSpan><styleUrl>#point</styleUrl><Point><altitudeMode>clampToGround</altitudeMode><coordinates>7.147211115807295,45.24673892185092,2603.8699999999999</coordinates></Point></Placemark><Placemark><TimeSpan><begin>2023-07-09T10:24:28Z</begin><end>2023-07-09T10:24:31Z</end></TimeSpan><styleUrl>#point</styleUrl><Point><altitudeMode>clampToGround</altitudeMode><coordinates>7.147230226546526,45.246753254905343,2603.8699999999999</coordinates></Point></Placemark><Placemark><TimeSpan><begin>2023-07-09T10:24:31Z</begin><end>2023-07-09T10:24:37Z</end></TimeSpan><styleUrl>#point</styleUrl><Point><altitudeMode>clampToGround</altitudeMode><coordinates>7.147288313135505,45.246781250461936,2602.9099999999999</coordinates></Point></Placemark><Placemark><TimeSpan><begin>2023-07-09T10:24:37Z</begin><end>2023-07-09T10:24:39Z</end></TimeSpan><styleUrl>#point</styleUrl><Point><altitudeMode>clampToGround</altitudeMode><coordinates>7.147284625098109,45.246818298473954,2602.9099999999999</coordinates></Point></Placemark><Placemark><TimeSpan><begin>2023-07-09T10:24:39Z</begin><end>2023-07-09T10:24:47Z</end></TimeSpan><styleUrl>#point</styleUrl><Point><altitudeMode>clampToGround</altitudeMode><coordinates>7.147292336449027,45.246867416426539,2602.9099999999999</coordinates></Point></Placemark><Placemark><TimeSpan><begin>2023-07-09T10:24:47Z</begin><end>2023-07-09T10:24:49Z</end></TimeSpan><styleUrl>#point</styleUrl><Point><altitudeMode>clampToGround</altitudeMode><coordinates>7.14729736559093,45.246845372021198,2602.9099999999999</coordinates></Point></Placemark><Placemark><TimeSpan><begin>2023-07-09T10:24:49Z</begin><end>2023-07-09T10:24:50Z</end></TimeSpan><styleUrl>#point</styleUrl><Point><altitudeMode>clampToGround</altitudeMode><coordinates>7.147298790514469,45.246829446405172,2602.9099999999999</coordinates></Point></Placemark><Placemark><TimeSpan><begin>2023-07-09T10:24:50Z</begin><end>2023-07-09T10:24:55Z</end></TimeSpan><styleUrl>#point</styleUrl><Point><altitudeMode>clampToGround</altitudeMode><coordinates>7.147293090820313,45.246791476383805,2602.9099999999999</coordinates></Point></Placemark><Placemark><TimeSpan><begin>2023-07-09T10:24:55Z</begin><end>2023-07-09T10:24:56Z</end></TimeSpan><styleUrl>#point</styleUrl><Point><altitudeMode>clampToGround</altitudeMode><coordinates>7.147272638976574,45.246782172471285,2602.9099999999999</coordinates></Point></Placemark><Placemark><TimeSpan><begin>2023-07-09T10:24:56Z</begin><end>2023-07-09T10:25:03Z</end></TimeSpan><styleUrl>#point</styleUrl><Point><altitudeMode>clampToGround</altitudeMode><coordinates>7.147248834371567,45.246782004833221,2602.9099999999999</coordinates></Point></Placemark><Placemark><TimeSpan><begin>2023-07-09T10:25:03Z</begin><end>2023-07-09T10:25:25Z</end></TimeSpan><styleUrl>#point</styleUrl><Point><altitudeMode>clampToGround</altitudeMode><coordinates>7.147265179082751,45.246806144714355,2603.3899999999999</coordinates></Point></Placemark><Placemark><TimeSpan><begin>2023-07-09T10:25:25Z</begin><end>2023-07-09T10:25:48Z</end></TimeSpan><styleUrl>#point</styleUrl><Point><altitudeMode>clampToGround</altitudeMode><coordinates>7.147272555157542,45.246827434748411,2603.3899999999999</coordinates></Point></Placemark><Placemark><TimeSpan><begin>2023-07-09T10:25:48Z</begin><end>2023-07-09T10:26:05Z</end></TimeSpan><styleUrl>#point</styleUrl><Point><altitudeMode>clampToGround</altitudeMode><coordinates>7.147275907918811,45.2468332182616,2602.9099999999999</coordinates></Point></Placemark><Placemark><TimeSpan><begin>2023-07-09T10:26:05Z</begin><end>2023-07-09T10:26:25Z</end></TimeSpan><styleUrl>#point</styleUrl><Point><altitudeMode>clampToGround</altitudeMode><coordinates>7.147275824099779,45.246844450011849,2602.9099999999999</coordinates></Point></Placemark><Placemark><TimeSpan><begin>2023-07-09T10:26:25Z</begin><end>2023-07-09T10:26:45Z</end></TimeSpan><styleUrl>#point</styleUrl><Point><altitudeMode>clampToGround</altitudeMode><coordinates>7.147311782464385,45.246851239353418,2603.3899999999999</coordinates></Point></Placemark><Placemark><TimeSpan><begin>2023-07-09T10:26:45Z</begin><end>2023-07-09T10:26:59Z</end></TimeSpan><styleUrl>#point</styleUrl><Point><altitudeMode>clampToGround</altitudeMode><coordinates>7.147310441359878,45.246864566579461,2603.3899999999999</coordinates></Point></Placemark><Placemark><TimeSpan><begin>2023-07-09T10:26:59Z</begin><end>2023-07-09T10:27:17Z</end></TimeSpan><styleUrl>#point</styleUrl><Point><altitudeMode>clampToGround</altitudeMode><coordinates>7.147319996729493,45.246875211596489,2603.8699999999999</coordinates></Point></Placemark><Placemark><TimeSpan><begin>2023-07-09T10:27:17Z</begin><end>2023-07-09T10:27:34Z</end></TimeSpan><styleUrl>#point</styleUrl><Point><altitudeMode>clampToGround</altitudeMode><coordinates>7.147349417209625,45.246868170797825,2603.8699999999999</coordinates></Point></Placemark><Placemark><TimeSpan><begin>2023-07-09T10:27:34Z</begin><end>2023-07-09T10:27:59Z</end></TimeSpan><styleUrl>#point</styleUrl><Point><altitudeMode>clampToGround</altitudeMode><coordinates>7.147338688373566,45.246862806379795,2604.3499999999999</coordinates></Point></Placemark><Placemark><TimeSpan><begin>2023-07-09T10:27:59Z</begin><end>2023-07-09T10:28:20Z</end></TimeSpan><styleUrl>#point</styleUrl><Point><altitudeMode>clampToGround</altitudeMode><coordinates>7.147337766364217,45.246865153312683,2604.3499999999999</coordinates></Point></Placemark><Placemark><TimeSpan><begin>2023-07-09T10:28:20Z</begin><end>2023-07-09T10:28:37Z</end></TimeSpan><styleUrl>#point</styleUrl><Point><altitudeMode>clampToGround</altitudeMode><coordinates>7.147321086376905,45.2468591183424,2604.8299999999999</coordinates></Point></Placemark><Placemark><TimeSpan><begin>2023-07-09T10:28:37Z</begin><end>2023-07-09T10:28:55Z</end></TimeSpan><styleUrl>#point</styleUrl><Point><altitudeMode>clampToGround</altitudeMode><coordinates>7.147320583462715,45.246851993724704,2604.8299999999999</coordinates></Point></Placemark><Placemark><TimeSpan><begin>2023-07-09T10:28:55Z</begin><end>2023-07-09T10:29:17Z</end></TimeSpan><styleUrl>#point</styleUrl><Point><altitudeMode>clampToGround</altitudeMode><coordinates>7.147322678938508,45.246838582679629,2605.3099999999999</coordinates></Point></Placemark><Placemark><TimeSpan><begin>2023-07-09T10:29:17Z</begin><end>2023-07-09T10:29:39Z</end></TimeSpan><styleUrl>#point</styleUrl><Point><altitudeMode>clampToGround</altitudeMode><coordinates>7.147317985072732,45.246844869107008,2605.3099999999999</coordinates></Point></Placemark><Placemark><TimeSpan><begin>2023-07-09T10:29:39Z</begin><end>2023-07-09T10:29:57Z</end></TimeSpan><styleUrl>#point</styleUrl><Point><altitudeMode>clampToGround</altitudeMode><coordinates>7.147320667281747,45.246845036745071,2604.8299999999999</coordinates></Point></Placemark><Placemark><TimeSpan><begin>2023-07-09T10:29:57Z</begin><end>2023-07-09T10:30:22Z</end></TimeSpan><styleUrl>#point</styleUrl><Point><altitudeMode>clampToGround</altitudeMode><coordinates>7.14730859734118,45.246832882985473,2605.3099999999999</coordinates></Point></Placemark><Placemark><TimeSpan><begin>2023-07-09T10:30:22Z</begin><end>2023-07-09T10:30:44Z</end></TimeSpan><styleUrl>#point</styleUrl><Point><altitudeMode>clampToGround</altitudeMode><coordinates>7.14729786850512,45.246825590729713,2605.79</coordinates></Point></Placemark><Placemark><TimeSpan><begin>2023-07-09T10:30:44Z</begin><end>2023-07-09T10:31:04Z</end></TimeSpan><styleUrl>#point</styleUrl><Point><altitudeMode>clampToGround</altitudeMode><coordinates>7.147289235144854,45.246829697862267,2605.79</coordinates></Point></Placemark><Placemark><TimeSpan><begin>2023-07-09T10:31:04Z</begin><end>2023-07-09T10:31:30Z</end></TimeSpan><styleUrl>#point</styleUrl><Point><altitudeMode>clampToGround</altitudeMode><coordinates>7.147281439974904,45.246837409213185,2606.27</coordinates></Point></Placemark><Placemark><TimeSpan><begin>2023-07-09T10:31:30Z</begin><end>2023-07-09T10:31:51Z</end></TimeSpan><styleUrl>#point</styleUrl><Point><altitudeMode>clampToGround</altitudeMode><coordinates>7.147280015051365,45.246827686205506,2606.27</coordinates></Point></Placemark><Placemark><TimeSpan><begin>2023-07-09T10:31:51Z</begin><end>2023-07-09T10:32:08Z</end></TimeSpan><styleUrl>#point</styleUrl><Point><altitudeMode>clampToGround</altitudeMode><coordinates>7.147310525178909,45.24682299233973,2606.27</coordinates></Point></Placemark><Placemark><TimeSpan><begin>2023-07-09T10:32:08Z</begin><end>2023-07-09T10:32:26Z</end></TimeSpan><styleUrl>#point</styleUrl><Point><altitudeMode>clampToGround</altitudeMode><coordinates>7.147297030314803,45.24683129042387,2606.75</coordinates></Point></Placemark><Placemark><TimeSpan><begin>2023-07-09T10:32:26Z</begin><end>2023-07-09T10:32:45Z</end></TimeSpan><styleUrl>#point</styleUrl><Point><altitudeMode>clampToGround</altitudeMode><coordinates>7.147289738059044,45.246837576851249,2606.75</coordinates></Point></Placemark><Placemark><TimeSpan><begin>2023-07-09T10:32:45Z</begin><end>2023-07-09T10:33:07Z</end></TimeSpan><styleUrl>#point</styleUrl><Point><altitudeMode>clampToGround</altitudeMode><coordinates>7.147295353934169,45.24684252217412,2606.75</coordinates></Point></Placemark><Placemark><TimeSpan><begin>2023-07-09T10:33:07Z</begin><end>2023-07-09T10:33:20Z</end></TimeSpan><styleUrl>#point</styleUrl><Point><altitudeMode>clampToGround</altitudeMode><coordinates>7.147294851019979,45.246831206604838,2607.23</coordinates></Point></Placemark><Placemark><TimeSpan><begin>2023-07-09T10:33:20Z</begin><end>2023-07-09T10:33:37Z</end></TimeSpan><styleUrl>#point</styleUrl><Point><altitudeMode>clampToGround</altitudeMode><coordinates>7.147328378632665,45.246844785287976,2607.23</coordinates></Point></Placemark><Placemark><TimeSpan><begin>2023-07-09T10:33:37Z</begin><end>2023-07-09T10:33:55Z</end></TimeSpan><styleUrl>#point</styleUrl><Point><altitudeMode>clampToGround</altitudeMode><coordinates>7.147342963144183,45.24685325101018,2607.23</coordinates></Point></Placemark><Placemark><TimeSpan><begin>2023-07-09T10:33:55Z</begin><end>2023-07-09T10:34:18Z</end></TimeSpan><styleUrl>#point</styleUrl><Point><altitudeMode>clampToGround</altitudeMode><coordinates>7.147357882931829,45.24686892516911,2607.71</coordinates></Point></Placemark><Placemark><TimeSpan><begin>2023-07-09T10:34:18Z</begin><end>2023-07-09T10:34:35Z</end></TimeSpan><styleUrl>#point</styleUrl><Point><altitudeMode>clampToGround</altitudeMode><coordinates>7.147340616211295,45.246830116957426,2607.71</coordinates></Point></Placemark><Placemark><TimeSpan><begin>2023-07-09T10:34:35Z</begin><end>2023-07-09T10:34:57Z</end></TimeSpan><styleUrl>#point</styleUrl><Point><altitudeMode>clampToGround</altitudeMode><coordinates>7.147323936223984,45.246829194948077,2608.1900000000001</coordinates></Point></Placemark><Placemark><TimeSpan><begin>2023-07-09T10:34:57Z</begin><end>2023-07-09T10:35:13Z</end></TimeSpan><styleUrl>#point</styleUrl><Point><altitudeMode>clampToGround</altitudeMode><coordinates>7.147324271500111,45.246826764196157,2608.1900000000001</coordinates></Point></Placemark><Placemark><TimeSpan><begin>2023-07-09T10:35:13Z</begin><end>2023-07-09T10:35:26Z</end></TimeSpan><styleUrl>#point</styleUrl><Point><altitudeMode>clampToGround</altitudeMode><coordinates>7.14733156375587,45.246824836358428,2608.6700000000001</coordinates></Point></Placemark><Placemark><TimeSpan><begin>2023-07-09T10:35:26Z</begin><end>2023-07-09T10:35:50Z</end></TimeSpan><styleUrl>#point</styleUrl><Point><altitudeMode>clampToGround</altitudeMode><coordinates>7.147309938445687,45.246805055066943,2608.6700000000001</coordinates></Point></Placemark><Placemark><TimeSpan><begin>2023-07-09T10:35:50Z</begin><end>2023-07-09T10:36:13Z</end></TimeSpan><styleUrl>#point</styleUrl><Point><altitudeMode>clampToGround</altitudeMode><coordinates>7.14729392901063,45.246804216876626,2609.1599999999999</coordinates></Point></Placemark><Placemark><TimeSpan><begin>2023-07-09T10:36:13Z</begin><end>2023-07-09T10:36:32Z</end></TimeSpan><styleUrl>#point</styleUrl><Point><altitudeMode>clampToGround</altitudeMode><coordinates>7.147303316742182,45.246800445020199,2609.1599999999999</coordinates></Point></Placemark><Placemark><TimeSpan><begin>2023-07-09T10:36:32Z</begin><end>2023-07-09T10:36:56Z</end></TimeSpan><styleUrl>#point</styleUrl><Point><altitudeMode>clampToGround</altitudeMode><coordinates>7.147269118577242,45.246790302917361,2609.1599999999999</coordinates></Point></Placemark><Placemark><TimeSpan><begin>2023-07-09T10:36:56Z</begin><end>2023-07-09T10:37:18Z</end></TimeSpan><styleUrl>#point</styleUrl><Point><altitudeMode>clampToGround</altitudeMode><coordinates>7.147258054465056,45.246790135279298,2609.6399999999999</coordinates></Point></Placemark><Placemark><TimeSpan><begin>2023-07-09T10:37:18Z</begin><end>2023-07-09T10:37:37Z</end></TimeSpan><styleUrl>#point</styleUrl><Point><altitudeMode>clampToGround</altitudeMode><coordinates>7.147280434146524,45.246801869943738,2609.6399999999999</coordinates></Point></Placemark><Placemark><TimeSpan><begin>2023-07-09T10:37:37Z</begin><end>2023-07-09T10:38:01Z</end></TimeSpan><styleUrl>#point</styleUrl><Point><altitudeMode>clampToGround</altitudeMode><coordinates>7.147282864898443,45.246809748932719,2609.6399999999999</coordinates></Point></Placemark><Placemark><TimeSpan><begin>2023-07-09T10:38:01Z</begin><end>2023-07-09T10:38:21Z</end></TimeSpan><styleUrl>#point</styleUrl><Point><altitudeMode>clampToGround</altitudeMode><coordinates>7.147331144660711,45.246831960976124,2610.1199999999999</coordinates></Point></Placemark><Placemark><TimeSpan><begin>2023-07-09T10:38:21Z</begin><end>2023-07-09T10:38:48Z</end></TimeSpan><styleUrl>#point</styleUrl><Point><altitudeMode>clampToGround</altitudeMode><coordinates>7.147305076941848,45.246827518567443,2610.1199999999999</coordinates></Point></Placemark><Placemark><TimeSpan><begin>2023-07-09T10:38:48Z</begin><end>2023-07-09T10:39:06Z</end></TimeSpan><styleUrl>#point</styleUrl><Point><altitudeMode>clampToGround</altitudeMode><coordinates>7.147320667281747,45.246826764196157,2610.5999999999999</coordinates></Point></Placemark><Placemark><TimeSpan><begin>2023-07-09T10:39:06Z</begin><end>2023-07-09T10:39:27Z</end></TimeSpan><styleUrl>#point</styleUrl><Point><altitudeMode>clampToGround</altitudeMode><coordinates>7.147341705858707,45.246846461668611,2610.5999999999999</coordinates></Point></Placemark><Placemark><TimeSpan><begin>2023-07-09T10:39:27Z</begin><end>2023-07-09T10:39:35Z</end></TimeSpan><styleUrl>#point</styleUrl><Point><altitudeMode>clampToGround</altitudeMode><coordinates>7.147299377247691,45.246818801388144,2610.5999999999999</coordinates></Point></Placemark><Placemark><TimeSpan><begin>2023-07-09T10:39:35Z</begin><end>2023-07-09T10:39:55Z</end></TimeSpan><styleUrl>#point</styleUrl><Point><altitudeMode>clampToGround</altitudeMode><coordinates>7.147275405004621,45.246807066723704,2612.04</coordinates></Point></Placemark><Placemark><TimeSpan><begin>2023-07-09T10:39:55Z</begin><end>2023-07-09T10:40:16Z</end></TimeSpan><styleUrl>#point</styleUrl><Point><altitudeMode>clampToGround</altitudeMode><coordinates>7.147264759987593,45.246800361201167,2612.52</coordinates></Point></Placemark><Placemark><TimeSpan><begin>2023-07-09T10:40:16Z</begin><end>2023-07-09T10:40:36Z</end></TimeSpan><styleUrl>#point</styleUrl><Point><altitudeMode>clampToGround</altitudeMode><coordinates>7.147260317578912,45.24678728543222,2612.52</coordinates></Point></Placemark><Placemark><TimeSpan><begin>2023-07-09T10:40:36Z</begin><end>2023-07-09T10:40:51Z</end></TimeSpan><styleUrl>#point</styleUrl><Point><altitudeMode>clampToGround</altitudeMode><coordinates>7.14727976359427,45.246810419484973,2613</coordinates></Point></Placemark><Placemark><TimeSpan><begin>2023-07-09T10:40:51Z</begin><end>2023-07-09T10:41:24Z</end></TimeSpan><styleUrl>#point</styleUrl><Point><altitudeMode>clampToGround</altitudeMode><coordinates>7.14723726734519,45.246782759204507,2613</coordinates></Point></Placemark><Placemark><TimeSpan><begin>2023-07-09T10:41:24Z</begin><end>2023-07-09T10:41:51Z</end></TimeSpan><styleUrl>#point</styleUrl><Point><altitudeMode>clampToGround</altitudeMode><coordinates>7.147220419719815,45.246711010113358,2613.48</coordinates></Point></Placemark><Placemark><TimeSpan><begin>2023-07-09T10:41:51Z</begin><end>2023-07-09T10:42:18Z</end></TimeSpan><styleUrl>#point</styleUrl><Point><altitudeMode>clampToGround</altitudeMode><coordinates>7.147282110527158,45.246784435585141,2613.48</coordinates></Point></Placemark></Folder><Placemark><name>Barmasse-Cibrario (registrato) 001</name><Style><LineStyle><color>ffffff00</color><width>4</width></LineStyle></Style><MultiGeometry><LineString><coordinates>7.1799142844975,45.244450243189931,1560.8399999999999 7.179917385801673,45.244442448019981,1561.3199999999999 7.179904812946916,45.244423169642687,1560.8399999999999 7.179878912866116,45.244423421099782,1560.8399999999999 7.17986642383039,45.244444627314806,1560.8399999999999 7.179860975593329,45.244454937055707,1560.8399999999999 7.179797776043415,45.244527440518141,1559.4000000000001 7.179734576493502,45.244571110233665,1558.4300000000001 7.179708844050765,45.244577648118138,1558.4300000000001 7.179675232619047,45.244583766907454,1558.4300000000001 7.179572470486164,45.244597597047687,1556.99 7.179554449394345,45.244601285085082,1556.99 7.179527627304196,45.244596172124147,1556.99 7.179501391947269,45.244590556249022,1556.03 7.17948529869318,45.244590137153864,1556.03 7.179405000060797,45.244596675038338,1556.51 7.179357223212719,45.244562309235334,1556.03 7.179324198514223,45.244419481605291,1555.0699999999999 7.17927910387516,45.244296602904797,1553.6300000000001 7.179262423887849,45.244285957887769,1553.6300000000001 7.179245660081506,45.244277995079756,1553.6300000000001 7.179166870191693,45.244136843830347,1553.1500000000001 7.179145328700542,45.244064591825008,1552.6700000000001 7.179131666198373,45.244053276255727,1552.1900000000001 7.179053295403719,45.244026957079768,1550.74 7.179015409201384,45.243973564356565,1550.74 7.179025216028094,45.24401287548244,1550.74 7.17903133481741,45.244038105010986,1550.26 7.179081458598375,45.244057383388281,1550.26 7.179016247391701,45.244050091132522,1550.26 7.178878197446466,45.244058640673757,1549.78 7.178803263232112,45.243999129161239,1551.22 7.178747858852148,45.24385554715991,1551.22 7.178692454472184,45.243809027597308,1552.1900000000001 7.178683737292886,45.243780361488461,1552.6700000000001 7.178719276562333,45.243738787248731,1553.1500000000001 7.178657334297895,45.243697632104158,1553.1500000000001 7.178615173324943,45.243644239380956,1555.0699999999999 7.178629674017429,45.243584979325533,1556.03 7.178603187203407,45.243535442277789,1557.95 7.178603187203407,45.243509542196989,1557.95 7.178591955453157,45.243480540812016,1558.9200000000001 7.178544346243143,45.243437122553587,1561.3199999999999 7.178501682356,45.243358835577965,1563.24 7.178437728434801,45.243307873606682,1564.6800000000001 7.17835558578372,45.24324769154191,1566.1199999999999 7.178307389840484,45.243222797289491,1567.0899999999999 7.178306384012103,45.243174182251096,1569.49 7.178298756480217,45.243126070126891,1569.97 7.178270677104592,45.243089525029063,1570.45 7.178273526951671,45.243035880848765,1572.3699999999999 7.178277717903256,45.242994977161288,1573.8199999999999 7.178252656012774,45.242921803146601,1576.22 7.178197754547,45.242884419858456,1577.1800000000001 7.178110498934984,45.242833038792014,1578.6199999999999 7.178100692108274,45.242809569463134,1579.0999999999999 7.178086107596755,45.242746202275157,1580.0599999999999 7.178072025999427,45.242691803723574,1581.51 7.17797932215035,45.242625754326582,1582.95 7.177962893620133,45.242579905316234,1584.3900000000001 7.177922911942005,45.242520058527589,1585.8299999999999 7.177900783717632,45.242435485124588,1587.27 7.177825849503279,45.242347810417414,1589.2 7.177774552255869,45.242265164852142,1591.1199999999999 7.177715711295605,45.242203054949641,1592.5599999999999 7.17770766466856,45.242163157090545,1594.48 7.17773255892098,45.242076236754656,1595.9300000000001 7.177722500637174,45.241973642259836,1597.8499999999999 7.177725434303284,45.241880770772696,1600.73 7.177707077935338,45.241793598979712,1603.1400000000001 7.177719902247191,45.241724280640483,1605.0599999999999 7.177725769579411,45.241689831018448,1606.02 7.177707497030497,45.241664852946997,1606.02 7.177678663283587,45.24158539250493,1607.9400000000001 7.177676148712635,45.241563180461526,1608.9000000000001 7.177636586129665,45.24148472584784,1609.8599999999999 7.177618062123656,45.24143342860043,1611.79 7.177609596401453,45.241371737793088,1613.23 7.177638346329331,45.241303173825145,1615.1500000000001 7.17764706350863,45.241229413077235,1617.0699999999999 7.177610350772739,45.241164956241846,1619 7.17755863443017,45.241101505234838,1620.9200000000001 7.177550671622157,45.241009136661887,1622.3599999999999 7.177539356052876,45.240947948768735,1624.28 7.177500128746033,45.24088223464787,1625.73 7.177495267242193,45.240872595459223,1625.73 7.177543882280588,45.24079673923552,1626.6900000000001 7.177634406834841,45.240811826661229,1627.6500000000001 7.177719399333,45.240834709256887,1626.21 7.177785867825151,45.240822220221162,1627.1700000000001 7.177839512005448,45.240817023441195,1627.1700000000001 7.177892820909619,45.24079623632133,1625.73 7.177921989932656,45.240774862468243,1625.25 7.178005976602435,45.240799086168408,1625.25 7.178075714036822,45.240745358169079,1625.25 7.178236143663526,45.240698754787445,1625.25 7.178417863324285,45.240659443661571,1624.77 7.178635038435459,45.240600183606148,1627.1700000000001 7.178741991519928,45.240534888580441,1629.0899999999999 7.178822122514248,45.240514269098639,1630.05 7.178870905190706,45.240478729829192,1631.01 7.17896687798202,45.240447968244553,1632.9400000000001 7.179070143029094,45.240375380963087,1635.3399999999999 7.179155889898539,45.240343445912004,1636.78 7.179269548505545,45.240307487547398,1637.26 7.179400054737926,45.240236995741725,1637.74 7.179494267329574,45.240183435380459,1639.1900000000001 7.179597616195679,45.240153511986136,1640.6300000000001 7.179736420512199,45.2401502430439,1641.5899999999999 7.179835913702846,45.240111770108342,1643.03 7.179877990856767,45.240061478689313,1643.99 7.179955774918199,45.240045888349414,1644.47 7.179985949769616,45.239973636344075,1644.95 7.180054429918528,45.239930134266615,1646.4000000000001 7.180150989443064,45.239930134266615,1648.8 7.180248806253076,45.239917226135731,1650.72 7.180314939469099,45.239934660494328,1652.6400000000001 7.180378474295139,45.239907754585147,1654.5699999999999 7.180442931130529,45.239859726279974,1656.01 7.180521553382278,45.239802226424217,1657.9300000000001 7.180538233369589,45.239715976640582,1659.8499999999999 7.180532617494464,45.239657303318381,1661.3 7.180576287209988,45.239612124860287,1663.7 7.18061207793653,45.239547919481993,1665.6199999999999 7.180635714903474,45.23947449401021,1667.54 7.180684832856059,45.239418670535088,1668.99 7.180701931938529,45.239388411864638,1671.3900000000001 7.180741913616657,45.239315154030919,1674.27 7.180823553353548,45.239271903410554,1675.72 7.180837215855718,45.239216163754463,1678.5999999999999 7.180720875039697,45.239199819043279,1680.52 7.180612497031689,45.239179199561477,1682.4400000000001 7.180532198399305,45.23915690369904,1683.8900000000001 7.180423066020012,45.239123040810227,1686.29 7.180379647761583,45.239071575924754,1687.25 7.180366739630699,45.23906453512609,1687.25 7.180291134864092,45.239079119637609,1690.1400000000001 7.180247297510505,45.23910216987133,1692.0599999999999 7.180157778784633,45.239089010283351,1695.4200000000001 7.180089130997658,45.239074593409896,1696.3800000000001 7.179982932284474,45.239080796018243,1698.3099999999999 7.17989819124341,45.239083897322416,1700.71 7.179773887619376,45.239086076617241,1701.1900000000001 7.179660396650434,45.239054979756474,1702.1500000000001 7.179495356976986,45.239033941179514,1702.1500000000001 7.179340962320566,45.239033354446292,1702.6300000000001 7.179181454703212,45.239013908430934,1704.0699999999999 7.179042566567659,45.238984236493707,1706 7.178934691473842,45.238979626446962,1706.96 7.178803095594049,45.238939644768834,1709.3599999999999 7.178707541897893,45.238889437168837,1711.28 7.178634619340301,45.238854987546802,1713.6900000000001 7.178554320707917,45.238790446892381,1716.5699999999999 7.178499838337302,45.238726660609245,1718.97 7.178468490019441,45.238667316734791,1720.4200000000001 7.178416103124619,45.238628005608916,1722.3399999999999 7.178347622975707,45.238599674776196,1724.26 7.178278220817447,45.23853924125433,1725.7 7.178262630477548,45.238527422770858,1726.1800000000001 7.178210495039821,45.238476376980543,1728.5899999999999 7.178106810897589,45.238435389474034,1730.99 7.178064649924636,45.238389791920781,1732.9100000000001 7.178024249151349,45.238318629562855,1734.8399999999999 7.178099183365703,45.238322988152504,1737.24 7.178219128400087,45.238299854099751,1738.6800000000001 7.178325578570366,45.238281581550837,1740.5999999999999 7.178421216085553,45.238244365900755,1742.53 7.178464801982045,45.238217627629638,1745.4100000000001 7.178414259105921,45.238195667043328,1747.8099999999999 7.178391879424453,45.238151159137487,1749.74 7.17840638011694,45.238113440573215,1752.1400000000001 7.17846404761076,45.238094916567206,1754.0599999999999 7.178445439785719,45.238046385347843,1756.47 7.178416354581714,45.238017132505774,1758.3900000000001 7.178413756191731,45.2379743847996,1760.3099999999999 7.178451307117939,45.23794362321496,1762.23 7.178391376510263,45.237925937399268,1764.1600000000001 7.178384084254503,45.237886542454362,1765.1199999999999 7.178438398987055,45.23786642588675,1767.52 7.178499419242144,45.237859217450023,1769.4400000000001 7.178491624072194,45.23783222772181,1769.4400000000001 7.178573431447148,45.237852763384581,1769.9200000000001 7.178699243813753,45.237887715920806,1770.8900000000001 7.178818685933948,45.23788939230144,1773.29 7.178851878270507,45.237886542454362,1774.25 7.178898984566331,45.237892409786582,1774.25 7.178947096690536,45.237895846366882,1775.21 7.179167373105884,45.237870449200273,1775.6900000000001 7.179320007562637,45.2378292940557,1776.1700000000001 7.179368706420064,45.23780289106071,1776.1700000000001 7.17941589653492,45.237741367891431,1778.0999999999999 7.179409526288509,45.237706331536174,1780.02 7.17945990152657,45.237675737589598,1782.4200000000001 7.179500637575984,45.237647825852036,1783.8599999999999 7.179520251229405,45.237614046782255,1786.27 7.179569033905864,45.237564090639353,1788.1900000000001 7.179448334500194,45.237506423145533,1789.6300000000001 7.179339453577995,45.237445319071412,1790.1099999999999 7.17930793762207,45.237431321293116,1790.1099999999999 7.179321432486177,45.237491335719824,1790.5899999999999 7.179327551275492,45.237477170303464,1790.5899999999999 7.179340291768313,45.237452695146203,1790.5899999999999 7.179301399737597,45.237437859177589,1791.0699999999999 7.179185142740607,45.237389160320163,1791.55 7.179105179384351,45.23734456859529,1793.48 7.17890091240406,45.237313220277429,1796.8399999999999 7.178898146376014,45.237266030162573,1798.76 7.178987497463822,45.237208446487784,1800.6900000000001 7.178961765021086,45.237111719325185,1802.6099999999999 7.178869647905231,45.237035360187292,1805.49 7.178814494982362,45.236975429579616,1806.9400000000001 7.178743751719594,45.236924802884459,1808.3800000000001 7.178682647645474,45.236844420433044,1811.26 7.17861550860107,45.236787255853415,1814.1500000000001 7.178483745083213,45.236744675785303,1815.5899999999999 7.178382659330964,45.236723553389311,1816.55 7.178278975188732,45.236693378537893,1817.51 7.178097339347005,45.236672339960933,1817.99 7.177942022681236,45.236642584204674,1817.99 7.177896508947015,45.236625904217362,1817.99 7.177719566971064,45.236516101285815,1817.99 7.177632311359048,45.236442927271128,1817.99 7.177528291940689,45.236358186230063,1817.99 7.177383787930012,45.236345864832401,1817.99 7.177207097411156,45.236343182623386,1817.99 7.177020516246557,45.236358353868127,1817.99 7.176946755498648,45.236381990835071,1818.47 7.176867797970772,45.236391965299845,1818.47 7.176788588985801,45.236376626417041,1819.9100000000001 7.176697812974453,45.236357599496841,1821.8399999999999 7.176647773012519,45.236329436302185,1823.76 7.176584908738732,45.23630085401237,1825.2 7.17649974860251,45.236282246187329,1827.5999999999999 7.176427999511361,45.236294148489833,1830.01 7.176368068903685,45.236281743273139,1831.9300000000001 7.176340995356441,45.236283419653773,1833.3699999999999 7.176273856312037,45.236272774636745,1835.29 7.176265306770802,45.236234217882156,1837.7 7.176210237666965,45.23621778935194,1839.1400000000001 7.176167909055948,45.23618258535862,1841.54 7.176146619021893,45.236140508204699,1842.98 7.176065985113382,45.236127180978656,1845.3900000000001 7.176008820533752,45.236128019168973,1846.8299999999999 7.175964061170816,45.236120475456119,1848.27 7.175921397283673,45.236104549840093,1850.1900000000001 7.1758992690593,45.236058784648776,1852.1199999999999 7.175850654020906,45.236051576212049,1854.04 7.175818551331759,45.236056437715888,1855 7.17576147057116,45.236032884567976,1856.4400000000001 7.175738252699375,45.236058281734586,1858.8499999999999 7.175716543570161,45.236107399687171,1860.77 7.175711179152131,45.236123828217387,1862.6900000000001 7.175701037049294,45.236171605065465,1865.5799999999999 7.175714028999209,45.236176298931241,1866.54 7.175712352618575,45.236180406063795,1866.54 7.175714280456305,45.236186943948269,1866.54 7.175691146403551,45.236190129071474,1866.54 7.175596430897713,45.236197924241424,1869.9000000000001 7.175535662099719,45.236200774088502,1871.8199999999999 7.175463074818254,45.236220890656114,1874.23 7.175387134775519,45.236259447410703,1875.6700000000001 7.175277248024941,45.236309403553605,1877.5899999999999 7.175148669630289,45.236351983621716,1879.51 7.175041297450662,45.236369669437408,1881.4400000000001 7.174932835623622,45.236380901187658,1883.8399999999999 7.174852034077048,45.236385762691498,1885.76 7.17477441765368,45.236411914229393,1888.1700000000001 7.174707781523466,45.236431192606688,1890.0899999999999 7.174610551446676,45.236411495134234,1892.01 7.174570485949516,45.236434461548924,1893.45 7.174515752121806,45.236440664157271,1895.8599999999999 7.174454480409622,45.236445609480143,1897.78 7.174407877027988,45.236441250890493,1898.26 7.174288686364889,45.236477460712194,1900.6600000000001 7.174165807664394,45.236490620300174,1903.0699999999999 7.174049634486437,45.236506294459105,1904.99 7.173895239830017,45.236537558957934,1906.9100000000001 7.173744197934866,45.236529847607017,1909.3199999999999 7.173611763864756,45.236542504280806,1911.24 7.173525514081121,45.236549461260438,1912.6800000000001 7.173439096659422,45.236579636111856,1914.1199999999999 7.173413950949907,45.236592879518867,1914.1199999999999 7.173375813290477,45.236612912267447,1915.0799999999999 7.173338178545237,45.236632274463773,1915.5599999999999 7.173296855762601,45.23666731081903,1916.53 7.173206834122539,45.236690444871783,1918.45 7.173095103353262,45.236648032441735,1919.8900000000001 7.172950180247426,45.236623054370284,1922.29 7.172937858849764,45.23665658198297,1922.29 7.172922100871801,45.236691115424037,1923.74 7.17288295738399,45.236739981919527,1925.6600000000001 7.172812381759286,45.236780801787972,1928.0599999999999 7.172733005136251,45.236795302480459,1929.98 7.172670727595687,45.236781304702163,1931.9100000000001 7.172573497518897,45.236826064065099,1934.3099999999999 7.172484649345279,45.236802594736218,1936.23 7.172406278550625,45.236837798729539,1937.6700000000001 7.172342743724585,45.236870655789971,1940.5599999999999 7.172284824773669,45.236815670505166,1942 7.172257332131267,45.236795637756586,1944.8800000000001 7.172224642708898,45.236831093207002,1946.8099999999999 7.172169405966997,45.236830087378621,1949.21 7.172090532258153,45.236855484545231,1951.6099999999999 7.172014592215419,45.236828327178955,1954.5 7.171967150643468,45.236804438754916,1955.9400000000001 7.17190227471292,45.236795889213681,1957.8599999999999 7.171879643574357,45.236776443198323,1959.78 7.171868830919266,45.236748615279794,1961.23 7.171906549483538,45.236720871180296,1963.1500000000001 7.171954158693552,45.236670998856425,1964.1099999999999 7.171986093744636,45.236602602526546,1966.03 7.171962792053819,45.236560860648751,1967.96 7.171868579462171,45.236577708274126,1970.8399999999999 7.171770008280873,45.236591957509518,1972.76 7.171665905043483,45.2365617826581,1974.6900000000001 7.171612260863185,45.236543510109186,1976.6099999999999 7.1715665794909,45.236558010801673,1978.53 7.171577224507928,45.23656957782805,1979.97 7.171528525650501,45.236545605584979,1981.4100000000001 7.171456944197416,45.236521381884813,1983.3399999999999 7.171376226469874,45.23649288341403,1985.74 7.171311099082232,45.236494559794664,1987.6600000000001 7.171307997778058,45.236515598371625,1987.6600000000001 7.171216970309615,45.236518112942576,1988.6199999999999 7.171142203733325,45.236492715775967,1990.0699999999999 7.171125775203109,45.236537475138903,1990.0699999999999 7.17110825702548,45.236541414633393,1988.1400000000001 7.171113453805447,45.236574523150921,1987.6600000000001 7.171129044145346,45.236602853983641,1986.7 7.171104485169053,45.23660184815526,1986.7 7.171100294217467,45.236618528142571,1988.1400000000001 7.171077327802777,45.236674351617694,1988.1400000000001 7.171045728027821,45.236724894493818,1988.6199999999999 7.171021169051528,45.23673671297729,1989.5899999999999 7.171034161001444,45.23677728138864,1989.5899999999999 7.171011613681912,45.236810389906168,1990.0699999999999 7.170982947573066,45.236840983852744,1991.03 7.17097925953567,45.236881887540221,1991.99 7.170998034998775,45.236911978572607,1991.99 7.171018738299608,45.237021781504154,1992.95 7.171008931472898,45.237110545858741,1992.95 7.170991497114301,45.237166453152895,1991.51 7.170974900946021,45.237242057919502,1992.95 7.170992838218808,45.237245494499803,1993.4300000000001 7.170981103554368,45.237254044041038,1994.3900000000001 7.170941038057208,45.237318249419332,1994.3900000000001 7.170911114662886,45.237443726509809,1993.4300000000001 7.170929471030831,45.237544225528836,1992.47 7.170957215130329,45.237630559131503,1991.51 7.170960316434503,45.237678335979581,1991.03 7.170979594811797,45.237736590206623,1991.03 7.170988228172064,45.237774644047022,1991.03 7.171000214293599,45.237808423116803,1991.99 7.171010272577405,45.237872963771224,1992.95 7.170993592590094,45.237956866621971,1993.9100000000001 7.171013960614801,45.238051246851683,1993.9100000000001 7.171071628108621,45.238121906295419,1994.3900000000001 7.171110771596432,45.23819038644433,1994.8699999999999 7.171147149056196,45.238219806924462,1993.4300000000001 7.171219903975725,45.238272110000253,1993.4300000000001 7.171265417709947,45.238312762230635,1994.3900000000001 7.171318978071213,45.238395826891065,1995.8299999999999 7.171275811269879,45.238471180200577,1997.76 7.171247648075223,45.238536475226283,1997.76 7.171221747994423,45.238574864342809,1996.3199999999999 7.171118650585413,45.238653989508748,1995.8299999999999 7.171024857088924,45.238727331161499,1994.8699999999999 7.170911785215139,45.238797152414918,1994.3900000000001 7.170793768018484,45.23887837305665,1993.9100000000001 7.170716738328338,45.238923383876681,1993.4300000000001 7.170591931790113,45.2389673050493,1993.4300000000001 7.170560080558062,45.238973340019584,1995.3499999999999 7.170416498556733,45.238983733579516,1997.28 7.170362519100308,45.239043915644288,1998.24 7.170376516878605,45.239061685279012,1999.2 7.170291356742382,45.239087166264653,1999.6800000000001 7.17012363485992,45.239128908142447,2000.6400000000001 7.170047778636217,45.239155730232596,2002.5599999999999 7.16992330737412,45.239178445190191,2003.52 7.1698241494596,45.23921306245029,2005.9300000000001 7.169742342084646,45.239257402718067,2006.8900000000001 7.169637233018875,45.239252792671323,2009.77 7.169541092589498,45.239265114068985,2011.22 7.169479904696345,45.239299144595861,2013.1400000000001 7.169371694326401,45.239378353580832,2016.5 7.169269938021898,45.239364271983504,2018.4300000000001 7.169168600812554,45.239342395216227,2019.8699999999999 7.169095845893025,45.239328816533089,2021.3099999999999 7.168996604159474,45.239363936707377,2022.75 7.168958801776171,45.239336863160133,2024.6700000000001 7.168972380459309,45.239291349425912,2026.5999999999999 7.16901445761323,45.23925363086164,2026.1199999999999 7.169096684083343,45.239209793508053,2028.52 7.169110765680671,45.239141313359141,2029 7.16912291944027,45.239097392186522,2029.96 7.169057624414563,45.239085238426924,2032.8399999999999 7.168970201164484,45.23909823037684,2035.25 7.168856961652637,45.239102505147457,2036.6900000000001 7.168776746839285,45.239098817110062,2038.1300000000001 7.168677840381861,45.239060763269663,2040.54 7.168628303334117,45.239138882607222,2042.46 7.168607264757156,45.239195376634598,2042.9400000000001 7.168548088520765,45.239192191511393,2044.8599999999999 7.168487403541803,45.23919889703393,2046.3 7.168440129607916,45.239202668890357,2047.26 7.168359663337469,45.239192862063646,2049.6700000000001 7.168300906196237,45.239176601171494,2051.1100000000001 7.168254805728793,45.239164028316736,2053.0300000000002 7.168213650584221,45.239161010831594,2054.96 7.168152127414942,45.23914810270071,2055.4400000000001 7.168155312538147,45.239181211218238,2056.4000000000001 7.168156737461686,45.239216918125749,2056.4000000000001 7.168162437155843,45.239222198724747,2056.4000000000001 7.168134273961186,45.239223707467318,2056.4000000000001 7.168151456862688,45.239241644740105,2056.4000000000001 7.168173082172871,45.239265114068985,2055.4400000000001 7.168167885392904,45.239312304183841,2056.4000000000001 7.168164364993572,45.239316243678331,2056.4000000000001 7.168110385537148,45.239377347752452,2057.8400000000001 7.168069062754512,45.239456221461296,2059.2800000000002 7.168017011135817,45.239522941410542,2061.1999999999998 7.167971413582563,45.239585051313043,2063.1300000000001 7.167962193489075,45.239668367430568,2064.5700000000002 7.167919110506773,45.239689406007528,2066.4899999999998 7.167860018089414,45.239717066287994,2068.8899999999999 7.167795309796929,45.239771632477641,2069.8600000000001 7.167732194066048,45.239815805107355,2071.3000000000002 7.167734373360872,45.239880681037903,2071.7800000000002 7.167700510472059,45.239938851445913,2073.6999999999998 7.167654829099774,45.239995513111353,2075.6199999999999 7.167605040594935,45.240058628842235,2077.5500000000002 7.167560029774904,45.240114536136389,2079.9499999999998 7.167534967884421,45.240157367661595,2080.9099999999999 7.167496075853705,45.240223584696651,2082.8299999999999 7.167422818019986,45.240193577483296,2085.2399999999998 7.167399181053042,45.240130629390478,2087.1599999999999 7.167408317327499,45.240078745409846,2088.1199999999999 7.167407730594277,45.24002225138247,2089.5599999999999 7.167394990101457,45.239981766790152,2090.52 7.167385686188936,45.239919824525714,2092.9299999999998 7.167372107505798,45.239888057112694,2093.8899999999999 7.167323995381594,45.23991622030735,2095.8099999999999 7.167292395606637,45.239960560575128,2097.25 7.16725442558527,45.239913202822208,2099.1799999999998 7.167235566303134,45.239853523671627,2100.6199999999999 7.167234309017658,45.239830557256937,2101.5799999999999 7.167252833023667,45.239827539771795,2101.5799999999999 7.167251911014319,45.239834245294333,2101.5799999999999 7.167254593223333,45.239832988008857,2101.5799999999999 7.167272530496121,45.239771129563451,2102.54 7.167218299582601,45.239705415442586,2104.46 7.167161889374256,45.239705415442586,2105.9099999999999 7.167130457237363,45.239736177027225,2108.79 7.167085194960237,45.239785630255938,2110.23 7.167067928239703,45.239840447902679,2112.6300000000001 7.16704722493887,45.239894511178136,2114.0799999999999 7.167020486667752,45.239938097074628,2116 7.16699056327343,45.240005487576127,2118.4000000000001 7.166952425613999,45.240039937198162,2120.3200000000002 7.166879335418344,45.240050498396158,2122.25 7.166851339861751,45.239999871701002,2124.1700000000001 7.166843712329865,45.239971205592155,2125.6100000000001 7.16679803095758,45.239992076531053,2127.5300000000002 7.166755618527532,45.240004900842905,2128.98 7.166704405099154,45.240038176998496,2130.9000000000001 7.166650425642729,45.24005108512938,2132.3400000000001 7.166650258004665,45.240042116492987,2133.7800000000002 7.166604995727539,45.240018730983138,2135.23 7.166547076776624,45.240051839500666,2138.1100000000001 7.166503155604005,45.240109842270613,2139.5500000000002 7.166487146168947,45.240108584985137,2139.5500000000002 7.166486056521535,45.240153092890978,2139.5500000000002 7.166496869176626,45.24013414978981,2139.5500000000002 7.166468454524875,45.240114284679294,2139.5500000000002 7.166396621614695,45.240103472024202,2140.9899999999998 7.166333924978972,45.240106740966439,2142.9200000000001 7.16624733991921,45.24010774679482,2144.8400000000001 7.166174333542585,45.240126103162766,2146.7600000000002 7.166122198104858,45.24016491137445,2148.6799999999998 7.166041480377317,45.240173377096653,2150.6100000000001 7.165944501757622,45.240154098719358,2152.0500000000002 7.165872249752283,45.240186369046569,2153.4899999999998 7.165798991918564,45.24017371237278,2155.8899999999999 7.165744006633759,45.240169856697321,2156.8600000000001 7.165690194815397,45.240148399025202,2158.3000000000002 7.165615847334266,45.240148063749075,2159.7399999999998 7.16552616097033,45.240154517814517,2160.2199999999998 7.165435552597046,45.240171700716019,2160.6999999999998 7.165364138782024,45.240181926637888,2162.1399999999999 7.165276547893882,45.240207072347403,2164.5500000000002 7.165195913985372,45.240218136459589,2165.5100000000002 7.165182670578361,45.240219058468938,2165.9899999999998 7.1651357319206,45.240223500877619,2167.4299999999998 7.165091307833791,45.240206653252244,2168.8699999999999 7.165039423853159,45.240212352946401,2170.79 7.165019810199738,45.24023674428463,2171.27 7.164990054443479,45.240269768983126,2173.1999999999998 7.16498670168221,45.240306314080954,2174.1599999999999 7.164957616478205,45.240362640470266,2175.1199999999999 7.164923250675201,45.240330370143056,2175.5999999999999 7.164877066388726,45.240386864170432,2178.48 7.16484010219574,45.240400023758411,2178.9699999999998 7.164810681715608,45.240380493924022,2180.4099999999999 7.164798947051168,45.240343697369099,2182.8099999999999 7.164786625653505,45.240317294374108,2184.25 7.164751337841153,45.240272283554077,2186.6599999999999 7.164719821885228,45.240224255248904,2189.0599999999999 7.164694927632809,45.240228362381458,2190.02 7.164671877399087,45.240246299654245,2191.46 7.164658214896917,45.240288209170103,2192.9000000000001 7.164632398635149,45.240303128957748,2192.9000000000001 7.164629213511944,45.240301787853241,2192.9000000000001 7.164621753618121,45.240322826430202,2193.8699999999999 7.164542125537992,45.240360461175442,2196.27 7.164479428902268,45.240373788401484,2198.1900000000001 7.164423689246178,45.240393234416842,2199.6300000000001 7.164382115006447,45.240407483652234,2201.0799999999999 7.164361411705613,45.240415530279279,2202.52 7.164330063387752,45.24037697352469,2204.9200000000001 7.164365099743009,45.240346295759082,2205.8800000000001 7.164331320673227,45.240337746217847,2206.8400000000001 7.16428354382515,45.240345876663923,2208.77 7.164217745885253,45.240378482267261,2210.6900000000001 7.164178686216474,45.240391558036208,2212.6100000000001 7.164144152775407,45.240416033193469,2213.5700000000002 7.164100902155042,45.240421900525689,2215.5 7.164065949618816,45.240460960194468,2216.46 7.164053712040186,45.240499097853899,2218.3800000000001 7.16404709033668,45.240553496405482,2219.3400000000001 7.164081623777747,45.240591550245881,2220.3000000000002 7.164073325693607,45.240657934919,2222.71 7.164020771160722,45.240723649039865,2224.1500000000001 7.16398841701448,45.240768492221832,2225.1100000000001 7.163922535255551,45.240792632102966,2227.0300000000002 7.163876183331013,45.240802438929677,2228.4699999999998 7.163822455331683,45.240823142230511,2230.4000000000001 7.163749784231186,45.240838648751378,2231.8400000000001 7.163703851401806,45.240860441699624,2233.2800000000002 7.163654565811157,45.240853819996119,2234.7199999999998 7.163613745942712,45.240888437256217,2236.1599999999999 7.163575608283281,45.240896735340357,2238.0900000000001 7.163527999073267,45.240946188569069,2239.5300000000002 7.163491537794471,45.240943925455213,2241.4499999999998 7.163442671298981,45.240940069779754,2241.9299999999998 7.163361199200153,45.240959683433175,2243.8499999999999 7.16330043040216,45.240983320400119,2245.3000000000002 7.163257766515017,45.240992372855544,2246.7399999999998 7.163201943039894,45.24099069647491,2248.1799999999998 7.163137067109346,45.241009974852204,2249.6199999999999 7.163100522011519,45.241103433072567,2251.0599999999999 7.163057271391153,45.24114802479744,2252.5100000000002 7.162994239479303,45.241177445277572,2253.9499999999998 7.162953000515699,45.241180714219809,2255.3899999999999 7.162901284173131,45.241183396428823,2257.3099999999999 7.162848142907023,45.241201836615801,2258.27 7.162816543132067,45.241268808022141,2258.27 7.162818470969796,45.241263108327985,2258.27 7.162809586152434,45.241274842992425,2258.75 7.162734987214208,45.241297306492925,2261.1599999999999 7.162626357749105,45.241332007572055,2263.0799999999999 7.162565169855952,45.2413728274405,2265 7.162566594779491,45.241390010342002,2265.96 7.162573048844934,45.241438457742333,2267.4099999999999 7.162519739940763,45.241508111357689,2268.3699999999999 7.162504820153117,45.241591343656182,2269.3299999999999 7.162493672221899,45.241661667823792,2270.29 7.162475567311049,45.241734255105257,2272.21 7.162434915080667,45.241771973669529,2273.1700000000001 7.16242871247232,45.241820085793734,2275.0999999999999 7.162420498207212,45.241854703053832,2276.54 7.162388395518065,45.241893092170358,2277.5 7.162333410233259,45.241926787421107,2278.46 7.162263756617904,45.241962829604745,2279.9000000000001 7.162216063588858,45.241975570097566,2281.3499999999999 7.16221178881824,45.241931732743979,2282.79 7.162202233448625,45.241918908432126,2284.23 7.162157976999879,45.24192645214498,2285.1900000000001 7.162084551528096,45.241949837654829,2286.6300000000001 7.16202462092042,45.241954363882542,2287.1100000000001 7.161966199055314,45.241992166265845,2288.0799999999999 7.161915237084031,45.242022341117263,2289.52 7.161847511306405,45.242074895650148,2290.48 7.161800321191549,45.242099286988378,2292.4000000000001 7.161758663132787,45.242107668891549,2292.8800000000001 7.161696134135127,45.242130383849144,2293.3600000000001 7.161613237112761,45.242174053564668,2294.3200000000002 7.161596305668354,45.242212861776352,2294.3200000000002 7.161505026742816,45.242242701351643,2294.3200000000002 7.161467391997576,45.242245299741626,2294.3200000000002 7.161489520221949,45.242221243679523,2295.2800000000002 7.161487424746156,45.242220824584365,2293.8400000000001 7.161421962082386,45.242255693301558,2293.8400000000001 7.161386841908097,45.242286706343293,2296.25 7.161347530782223,45.242324844002724,2297.6900000000001 7.161291036754847,45.242381924763322,2299.6100000000001 7.161247031763196,45.24240137077868,2301.0500000000002 7.161200176924467,45.242449818179011,2302.98 7.161196656525135,45.242501869797707,2302.98 7.161205038428307,45.242554256692529,2303.9400000000001 7.161172851920128,45.242642685770988,2304.9000000000001 7.161161955446005,45.242720134556293,2306.8200000000002 7.161143766716123,45.242813257500529,2308.2600000000002 7.161079309880734,45.242835721001029,2309.2199999999998 7.161023402586579,45.242820465937257,2309.2199999999998 7.161003202199936,45.242871092632413,2309.2199999999998 7.161006135866046,45.242894059047103,2307.7800000000002 7.161011081188917,45.242951810359955,2306.8200000000002 7.161042094230652,45.242949379608035,2305.8600000000001 7.161038322374225,45.242988942191005,2304.4200000000001 7.161077465862036,45.243021715432405,2303.46 7.161156926304102,45.243048034608364,2302.98 7.161162290722132,45.243045268580317,2302.4899999999998 7.161202356219292,45.243034875020385,2302.0100000000002 7.161243930459023,45.243045939132571,2301.5300000000002 7.161259353160858,45.243059098720551,2301.5300000000002 7.161258012056351,45.243050800636411,2301.0500000000002 7.161252480000258,45.243042586371303,2301.5300000000002 7.161263795569539,45.243077203631401,2301.5300000000002 7.161217862740159,45.243089105933905,2303.46 7.161218449473381,45.243075611069798,2303.9400000000001 7.161226160824299,45.243145767599344,2303.9400000000001 7.161138653755188,45.243179127573967,2304.9000000000001 7.161084590479732,45.243221875280142,2305.3800000000001 7.161054583266377,45.243260432034731,2307.3000000000002 7.160952491685748,45.24325255304575,2308.2600000000002 7.160886693745852,45.24330242536962,2310.1900000000001 7.160823494195938,45.243357829749584,2311.6300000000001 7.160761719569564,45.243367301300168,2313.0700000000002 7.160751828923821,45.243430668488145,2314.0300000000002 7.160732382908464,45.24348272010684,2315.9499999999998 7.160785272717476,45.243512978777289,2316.9099999999999 7.160842102020979,45.243551954627037,2318.8400000000001 7.160883089527488,45.243573160842061,2319.8000000000002 7.160929273813963,45.243596713989973,2320.7600000000002 7.160976631566882,45.243618842214346,2322.1999999999998 7.16105667874217,45.243661925196648,2323.6399999999999 7.161114346235991,45.243690088391304,2325.5700000000002 7.161177294328809,45.243722945451736,2326.5300000000002 7.161185005679727,45.243748426437378,2327.9699999999998 7.161088110879064,45.243716994300485,2329.8899999999999 7.16099264100194,45.243722358718514,2331.3299999999999 7.160889208316803,45.243709199130535,2331.8099999999999 7.160707656294107,45.243623116984963,2332.7800000000002 7.160490732640028,45.243535107001662,2335.1799999999998 7.160370871424675,45.243492526933551,2336.1399999999999 7.160200467333198,45.243410049006343,2336.6199999999999 7.160073146224022,45.243316926062107,2337.5799999999999 7.159925037994981,45.243329079821706,2338.0599999999999 7.159823700785637,45.243276776745915,2339.9899999999998 7.15965723618865,45.243216929957271,2339.5100000000002 7.15956193394959,45.243236208334565,2340.9499999999998 7.159609794616699,45.243501830846071,2340.4699999999998 7.15963326394558,45.243614735081792,2341.4299999999998 7.159583894535899,45.243671396747231,2343.3499999999999 7.159560509026051,45.243719341233373,2344.3099999999999 7.159530250355601,45.243779774755239,2345.75 7.159476522356272,45.24378321133554,2346.7199999999998 7.159360768273473,45.243823193013668,2348.1599999999999 7.159294132143259,45.243851942941546,2349.1199999999999 7.159189777448773,45.243865437805653,2350.5599999999999 7.159139821305871,45.243891589343548,2352 7.159088021144271,45.243925284594297,2353.4400000000001 7.159000681713224,45.243960823863745,2354.8899999999999 7.158954162150621,45.243985215201974,2355.8499999999999 7.158874198794365,45.244002733379602,2357.29 7.158757606521249,45.244009606540203,2358.25 7.158620813861489,45.244021089747548,2358.73 7.158536994829774,45.244025783613324,2360.1700000000001 7.158446218818426,45.244028298184276,2361.1399999999999 7.158379331231117,45.244043804705143,2362.0999999999999 7.158371200785041,45.244067441672087,2363.54 7.158458372578025,45.244069620966911,2364.98 7.158556859940291,45.244116056710482,2366.4200000000001 7.15857052244246,45.244143381714821,2367.8600000000001 7.158536156639457,45.244158133864403,2369.3099999999999 7.158501874655485,45.244159977883101,2370.27 7.158426018431783,45.244162240996957,2371.23 7.158350246027112,45.244186297059059,2372.1900000000001 7.158274054527283,45.244201635941863,2373.6300000000001 7.158218733966351,45.244235247373581,2374.1100000000001 7.158159222453833,45.244255531579256,2376.04 7.158076241612434,45.244274223223329,2377.48 7.158011700958014,45.244290065020323,2378.4400000000001 7.157920841127634,45.244311690330505,2379.8800000000001 7.15777700766921,45.244327951222658,2380.8400000000001 7.157777091488242,45.244360892102122,2381.3200000000002 7.157708862796426,45.244353683665395,2382.2800000000002 7.157627977430821,45.244344882667065,2383.73 7.157531753182411,45.244378997012973,2384.6900000000001 7.157452208921313,45.244404897093773,2385.6500000000001 7.157403426244855,45.244437251240015,2386.6100000000001 7.157299323007464,45.244468096643686,2387.5700000000002 7.157196225598455,45.244499361142516,2388.5300000000002 7.157114837318659,45.244514532387257,2389.4899999999998 7.156990533694625,45.244557783007622,2390.9400000000001 7.156882910057902,45.244612684473395,2391.9000000000001 7.156768161803484,45.244609247893095,2392.8600000000001 7.156635727733374,45.244662472978234,2394.3000000000002 7.156562050804496,45.24468912743032,2394.7800000000002 7.156462641432881,45.244754422456026,2396.6999999999998 7.156345378607512,45.244764313101768,2398.1500000000001 7.156246891245246,45.244808150455356,2399.5900000000001 7.156164413318038,45.24483279325068,2401.5100000000002 7.156086293980479,45.244851568713784,2402.9499999999998 7.155987052246928,45.244851233437657,2404.8800000000001 7.155905161052942,45.244859531521797,2405.8400000000001 7.155803488567472,45.244823070243001,2407.7600000000002 7.155728470534086,45.244823405519128,2409.1999999999998 7.155679184943438,45.244824243709445,2411.1199999999999 7.155631072819233,45.244800774380565,2412.5700000000002 7.155581954866648,45.244783507660031,2414.4899999999998 7.15555714443326,45.244761211797595,2415.9299999999998 7.155518839135766,45.244754003360868,2417.8499999999999 7.155489334836602,45.244781915098429,2418.3299999999999 7.15543401427567,45.244787866249681,2420.2600000000002 7.155377771705389,45.244801277294755,2421.6999999999998 7.155309123918414,45.244812089949846,2423.6199999999999 7.155269645154476,45.244857100769877,2425.54 7.155250115320087,45.244863890111446,2427.4699999999998 7.155194208025932,45.244871936738491,2428.4299999999998 7.155154729261994,45.244880151003599,2430.3499999999999 7.155109383165836,45.244863051921129,2431.79 7.155057834461331,45.244930190965533,2433.71 7.155018774792552,45.244917785748839,2435.1599999999999 7.154975021257997,45.244866320863366,2436.1199999999999 7.154894974082708,45.244834218174219,2437.0799999999999 7.154932608827949,45.244885850697756,2437.0799999999999 7.154868151992559,45.244730785489082,2437.5599999999999 7.154872426763177,45.244769509881735,2437.5599999999999 7.154880305752158,45.244772108271718,2438.52 7.154833870008588,45.244741095229983,2437.5599999999999 7.154756337404251,45.24475459009409,2439.48 7.154692634940147,45.244768084958196,2441.8899999999999 7.154693054035306,45.244821812957525,2443.8099999999999 7.154718283563852,45.244868751615286,2445.25 7.154741417616606,45.244870260357857,2446.6900000000001 7.154799001291394,45.244913091883063,2448.1300000000001 7.154802270233631,45.244968412443995,2449.5799999999999 7.154751643538475,45.244981488212943,2451.98 7.154740998521447,45.244996575638652,2452.9400000000001 7.154773687943816,45.245032198727131,2455.3400000000001 7.15481149032712,45.245051393285394,2456.79 7.154856668785214,45.245063463225961,2458.71 7.154867565259337,45.24508005939424,2459.1900000000001 7.154881646856666,45.245044436305761,2459.6700000000001 7.154896818101406,45.245042089372873,2459.6700000000001 7.154878880828619,45.245102774351835,2460.6300000000001 7.154913581907749,45.245112497359514,2460.6300000000001 7.154953228309751,45.245131272822618,2462.0700000000002 7.154933027923107,45.24514309130609,2464 7.15482858940959,45.245167315006256,2465.4400000000001 7.154754744842649,45.245176702737808,2466.4000000000001 7.154665812849999,45.245201345533133,2467.8400000000001 7.154585681855679,45.245200674980879,2469.7600000000002 7.154521560296416,45.24518508464098,2471.21 7.154442854225636,45.245141582563519,2472.6500000000001 7.154361046850681,45.245129428803921,2475.0500000000002 7.154310587793589,45.245133703574538,2476.0100000000002 7.154300110414624,45.245139738544822,2477.9400000000001 7.154298517853022,45.245169913396239,2479.3800000000001 7.154307570308447,45.245203357189894,2480.8200000000002 7.154355347156525,45.245236633345485,2482.7399999999998 7.154369428753853,45.245235376060009,2483.2199999999998 7.154291812330484,45.245267143473029,2485.6300000000001 7.154236240312457,45.245252391323447,2486.5900000000001 7.154175387695432,45.24523152038455,2488.5100000000002 7.154128281399608,45.245216181501746,2489.9499999999998 7.154069691896439,45.245180306956172,2491.3899999999999 7.15399794280529,45.245121885091066,2492.8400000000001 7.153926445171237,45.245066480711102,2493.8000000000002 7.153915213420987,45.24508005939424,2495.2399999999998 7.153899623081088,45.245103696361184,2497.1599999999999 7.15383424423635,45.245092883706093,2499.5700000000002 7.15378001332283,45.245082322508097,2500.5300000000002 7.153706336393952,45.245025577023625,2501.9699999999998 7.153637185692787,45.244979811832309,2502.9299999999998 7.153565352782607,45.244932118803263,2504.3699999999999 7.15345798060298,45.244913175702095,2505.8099999999999 7.153357565402985,45.244923904538155,2507.2600000000002 7.153255306184292,45.244932034984231,2508.2199999999998 7.153162937611342,45.244948966428638,2509.6599999999999 7.153077190741897,45.244957264512777,2511.5799999999999 7.152980715036392,45.244933124631643,2513.02 7.152896393090487,45.244957264512777,2514.4699999999998 7.152898404747248,45.244944943115115,2514.9499999999998 7.152907121926546,45.24493932723999,2513.98 7.152881892398,45.244906637817621,2514.4699999999998 7.152818525210023,45.244900854304433,2515.4299999999998 7.152696736156941,45.244899932295084,2517.8299999999999 7.152628842741251,45.244877887889743,2519.27 7.152574276551604,45.244858274236321,2520.71 7.152518117800355,45.244871433824301,2523.1199999999999 7.152472184970975,45.244870176538825,2525.04 7.152431784197688,45.2448611240834,2526 7.152369506657124,45.244871014729142,2527.4400000000001 7.152310330420733,45.244868164882064,2529.3699999999999 7.152255931869149,45.24489289149642,2530.3299999999999 7.152244364842773,45.244895741343498,2531.29 7.152236150577664,45.244912337511778,2533.21 7.15218904428184,45.244907895103097,2535.1300000000001 7.152207316830754,45.244934884831309,2536.0999999999999 7.152212178334594,45.244937567040324,2538.02 7.152231372892857,45.244969837367535,2539.46 7.152263894677162,45.244974279776216,2540.9000000000001 7.152278646826744,45.2449906244874,2541.3800000000001 7.15230530127883,45.245003867894411,2542.8200000000002 7.152278898283839,45.2450199611485,2543.79 7.15231460519135,45.245053237304091,2545.71 7.152286693453789,45.245058853179216,2547.6300000000001 7.15221444144845,45.24507855065167,2549.5500000000002 7.152159539982677,45.245089782401919,2551 7.152090054005384,45.245082238689065,2552.4400000000001 7.152044037356973,45.245097577571869,2554.3600000000001 7.152001038193703,45.24510445073247,2555.3200000000002 7.151947310194373,45.24510595947504,2556.7600000000002 7.151897605508566,45.245119202882051,2558.6900000000001 7.151802303269506,45.245098834857345,2560.1300000000001 7.151714628562331,45.2450907882303,2560.6100000000001 7.151593007147312,45.245107216760516,2561.0900000000001 7.15151815675199,45.245154406875372,2562.0500000000002 7.15140332467854,45.245136301964521,2563.9699999999998 7.151336940005422,45.245140660554171,2564.9299999999998 7.15128748677671,45.245129428803921,2566.8600000000001 7.151237949728966,45.245150048285723,2568.3000000000002 7.151182126253843,45.245139906182885,2569.2600000000002 7.151122782379389,45.245147617533803,2572.1399999999999 7.151026809588075,45.245199669152498,2573.1100000000001 7.150949947535992,45.24525934830308,2574.5500000000002 7.150872079655528,45.245275609195232,2575.9899999999998 7.150852382183075,45.245298072695732,2577.9099999999999 7.150947516784072,45.24530335329473,2578.8699999999999 7.151029156520963,45.245323134586215,2580.3200000000002 7.151019014418125,45.245336126536131,2581.7600000000002 7.150973668321967,45.245351633056998,2583.1999999999998 7.150872582569718,45.24540888145566,2585.1199999999999 7.150813909247518,45.245432183146477,2586.5599999999999 7.150760935619474,45.245461519807577,2587.5300000000002 7.150770910084248,45.245502172037959,2588.9699999999998 7.150831427425146,45.245509129017591,2590.8899999999999 7.15086679905653,45.245533604174852,2591.3699999999999 7.150845592841506,45.245606610551476,2593.29 7.150780633091927,45.24565857835114,2595.6999999999998 7.150739897042513,45.245682299137115,2596.1799999999998 7.150699328631163,45.245723957195878,2596.1799999999998 7.150700753554702,45.24573820643127,2595.2199999999998 7.150665801018477,45.245776679366827,2594.25 7.150584580376744,45.245820684358478,2592.8099999999999 7.15050277300179,45.245891343802214,2591.8499999999999 7.150430185720325,45.245952783152461,2591.3699999999999 7.150292135775089,45.246030567213893,2590.4099999999999 7.150231869891286,45.246093096211553,2589.9299999999998 7.150111338123679,45.246164593845606,2588.9699999999998 7.150076637044549,45.246187727898359,2588.4899999999998 7.149971360340715,45.246232571080327,2588.0100000000002 7.149927439168096,45.24626987054944,2588.4899999999998 7.149898605421186,45.246285460889339,2588.4899999999998 7.149804979562759,45.24634656496346,2588.4899999999998 7.149779917672277,45.246362071484327,2589.9299999999998 7.149691991508007,45.246397778391838,2591.3699999999999 7.149593587964773,45.246440442278981,2593.29 7.149452436715365,45.246477909386158,2593.29 7.149276081472635,45.246528955176473,2593.29 7.149135181680322,45.246564326807857,2594.25 7.149008195847273,45.246594501659274,2594.7399999999998 7.148890011012554,45.246626520529389,2595.6999999999998 7.148727150633931,45.246656024828553,2595.6999999999998 7.148692701011896,45.24666273035109,2595.6999999999998 7.148556159809232,45.246712854132056,2596.1799999999998 7.148449122905731,45.246751997619867,2597.6199999999999 7.148321466520429,45.246774796396494,2599.54 7.1482228115201,45.246806899085641,2599.54 7.148163300007582,45.246769096702337,2599.54 7.14810797944665,45.246734563261271,2599.54 7.148038409650326,45.246744118630886,2599.54 7.147897593677044,45.246729785576463,2600.02 7.147819474339485,45.246707489714026,2600.02 7.147722663357854,45.246729953214526,2600.02 7.147632725536823,45.246736826375127,2600.98 7.147610764950514,45.246736407279968,2600.98 7.147492161020637,45.246769851073623,2601.9499999999998 7.14732913300395,45.246755853295326,2602.4299999999998 7.14725436642766,45.246754512190819,2603.3899999999999 7.14720256626606,45.246725343167782,2603.8699999999999 7.147249924018979,45.246770940721035,2603.8699999999999 7.147224359214306,45.246728779748082,2603.8699999999999 7.147224275395274,45.246730539947748,2603.8699999999999 7.147211115807295,45.24673892185092,2603.8699999999999 7.147230226546526,45.246753254905343,2603.8699999999999 7.147288313135505,45.246781250461936,2602.9099999999999 7.147284625098109,45.246818298473954,2602.9099999999999 7.147292336449027,45.246867416426539,2602.9099999999999 7.14729736559093,45.246845372021198,2602.9099999999999 7.147298790514469,45.246829446405172,2602.9099999999999 7.147293090820313,45.246791476383805,2602.9099999999999 7.147272638976574,45.246782172471285,2602.9099999999999 7.147248834371567,45.246782004833221,2602.9099999999999 7.147265179082751,45.246806144714355,2603.3899999999999 7.147272555157542,45.246827434748411,2603.3899999999999 7.147275907918811,45.2468332182616,2602.9099999999999 7.147275824099779,45.246844450011849,2602.9099999999999 7.147311782464385,45.246851239353418,2603.3899999999999 7.147310441359878,45.246864566579461,2603.3899999999999 7.147319996729493,45.246875211596489,2603.8699999999999 7.147349417209625,45.246868170797825,2603.8699999999999 7.147338688373566,45.246862806379795,2604.3499999999999 7.147337766364217,45.246865153312683,2604.3499999999999 7.147321086376905,45.2468591183424,2604.8299999999999 7.147320583462715,45.246851993724704,2604.8299999999999 7.147322678938508,45.246838582679629,2605.3099999999999 7.147317985072732,45.246844869107008,2605.3099999999999 7.147320667281747,45.246845036745071,2604.8299999999999 7.14730859734118,45.246832882985473,2605.3099999999999 7.14729786850512,45.246825590729713,2605.79 7.147289235144854,45.246829697862267,2605.79 7.147281439974904,45.246837409213185,2606.27 7.147280015051365,45.246827686205506,2606.27 7.147310525178909,45.24682299233973,2606.27 7.147297030314803,45.24683129042387,2606.75 7.147289738059044,45.246837576851249,2606.75 7.147295353934169,45.24684252217412,2606.75 7.147294851019979,45.246831206604838,2607.23 7.147328378632665,45.246844785287976,2607.23 7.147342963144183,45.24685325101018,2607.23 7.147357882931829,45.24686892516911,2607.71 7.147340616211295,45.246830116957426,2607.71 7.147323936223984,45.246829194948077,2608.1900000000001 7.147324271500111,45.246826764196157,2608.1900000000001 7.14733156375587,45.246824836358428,2608.6700000000001 7.147309938445687,45.246805055066943,2608.6700000000001 7.14729392901063,45.246804216876626,2609.1599999999999 7.147303316742182,45.246800445020199,2609.1599999999999 7.147269118577242,45.246790302917361,2609.1599999999999 7.147258054465056,45.246790135279298,2609.6399999999999 7.147280434146524,45.246801869943738,2609.6399999999999 7.147282864898443,45.246809748932719,2609.6399999999999 7.147331144660711,45.246831960976124,2610.1199999999999 7.147305076941848,45.246827518567443,2610.1199999999999 7.147320667281747,45.246826764196157,2610.5999999999999 7.147341705858707,45.246846461668611,2610.5999999999999 7.147299377247691,45.246818801388144,2610.5999999999999 7.147275405004621,45.246807066723704,2612.04 7.147264759987593,45.246800361201167,2612.52 7.147260317578912,45.24678728543222,2612.52 7.14727976359427,45.246810419484973,2613 7.14723726734519,45.246782759204507,2613 7.147220419719815,45.246711010113358,2613.48 7.147282110527158,45.246784435585141,2613.48 </coordinates></LineString></MultiGeometry></Placemark></Folder></Folder></Document></kml>