<?xml version="1.0" encoding="utf-8"?><kml xmlns="http://www.opengis.net/kml/2.2" xmlns:xsi="http://www.w3.org/2001/XMLSchema-instance" xmlns:kmlx="http://www.google.com/kml/ext/2.2" xmlns:atom="http://www.w3.org/2005/Atom" xmlns:gpxx="http://www.garmin.com/xmlschemas/GpxExtensions/v3"><Document><Style id="point"><IconStyle><scale>0.9</scale><Icon><href>http://maps.google.com/mapfiles/kml/shapes/placemark_circle.png</href></Icon></IconStyle></Style><Folder><name>Tracce</name><Folder><name>Capanna Alpina - Rif. Lagazuoi</name><Folder><name>Punti</name><Style><ListStyle><listItemType>checkHideChildren</listItemType></ListStyle></Style><Placemark><TimeSpan><begin>2026-08-03T05:32:28Z</begin><end>2026-08-03T05:32:28Z</end></TimeSpan><Style><IconStyle><scale>0.9</scale><Icon><href>http://connect.garmin.com/image/main/icons/kml/grn-play.png</href></Icon></IconStyle></Style><Point><altitudeMode>clampToGround</altitudeMode><coordinates>11.981351394206285,46.559792887419462,1602.1700000000001</coordinates></Point></Placemark><Placemark><TimeSpan><begin>2026-08-03T05:32:28Z</begin><end>2026-08-03T05:32:32Z</end></TimeSpan><styleUrl>#point</styleUrl><Point><altitudeMode>clampToGround</altitudeMode><coordinates>11.981255756691098,46.559789786115289,1606.5</coordinates></Point></Placemark><Placemark><TimeSpan><begin>2026-08-03T05:32:32Z</begin><end>2026-08-03T05:32:33Z</end></TimeSpan><styleUrl>#point</styleUrl><Point><altitudeMode>clampToGround</altitudeMode><coordinates>11.981248967349529,46.559797748923302,1610.8299999999999</coordinates></Point></Placemark><Placemark><TimeSpan><begin>2026-08-03T05:32:33Z</begin><end>2026-08-03T05:32:34Z</end></TimeSpan><styleUrl>#point</styleUrl><Point><altitudeMode>clampToGround</altitudeMode><coordinates>11.981246788054705,46.559801436960697,1614.6700000000001</coordinates></Point></Placemark><Placemark><TimeSpan><begin>2026-08-03T05:32:34Z</begin><end>2026-08-03T05:32:35Z</end></TimeSpan><styleUrl>#point</styleUrl><Point><altitudeMode>clampToGround</altitudeMode><coordinates>11.981245530769229,46.559801269322634,1618.04</coordinates></Point></Placemark><Placemark><TimeSpan><begin>2026-08-03T05:32:35Z</begin><end>2026-08-03T05:32:36Z</end></TimeSpan><styleUrl>#point</styleUrl><Point><altitudeMode>clampToGround</altitudeMode><coordinates>11.981228264048696,46.559813842177391,1621.8800000000001</coordinates></Point></Placemark><Placemark><TimeSpan><begin>2026-08-03T05:32:36Z</begin><end>2026-08-03T05:32:37Z</end></TimeSpan><styleUrl>#point</styleUrl><Point><altitudeMode>clampToGround</altitudeMode><coordinates>11.981215439736843,46.559821385890245,1625.25</coordinates></Point></Placemark><Placemark><TimeSpan><begin>2026-08-03T05:32:37Z</begin><end>2026-08-03T05:32:38Z</end></TimeSpan><styleUrl>#point</styleUrl><Point><altitudeMode>clampToGround</altitudeMode><coordinates>11.981210745871067,46.559822475537658,1628.6099999999999</coordinates></Point></Placemark><Placemark><TimeSpan><begin>2026-08-03T05:32:38Z</begin><end>2026-08-03T05:32:39Z</end></TimeSpan><styleUrl>#point</styleUrl><Point><altitudeMode>clampToGround</altitudeMode><coordinates>11.981216697022319,46.559820212423801,1632.46</coordinates></Point></Placemark><Placemark><TimeSpan><begin>2026-08-03T05:32:39Z</begin><end>2026-08-03T05:32:40Z</end></TimeSpan><styleUrl>#point</styleUrl><Point><altitudeMode>clampToGround</altitudeMode><coordinates>11.981218792498112,46.559816524386406,1635.8199999999999</coordinates></Point></Placemark><Placemark><TimeSpan><begin>2026-08-03T05:32:40Z</begin><end>2026-08-03T05:32:41Z</end></TimeSpan><styleUrl>#point</styleUrl><Point><altitudeMode>clampToGround</altitudeMode><coordinates>11.981225330382586,46.559804789721966,1638.7</coordinates></Point></Placemark><Placemark><TimeSpan><begin>2026-08-03T05:32:41Z</begin><end>2026-08-03T05:32:42Z</end></TimeSpan><styleUrl>#point</styleUrl><Point><altitudeMode>clampToGround</altitudeMode><coordinates>11.981235388666391,46.559796240180731,1642.0699999999999</coordinates></Point></Placemark><Placemark><TimeSpan><begin>2026-08-03T05:32:42Z</begin><end>2026-08-03T05:32:43Z</end></TimeSpan><styleUrl>#point</styleUrl><Point><altitudeMode>clampToGround</altitudeMode><coordinates>11.981247961521149,46.559787942096591,1645.4300000000001</coordinates></Point></Placemark><Placemark><TimeSpan><begin>2026-08-03T05:32:43Z</begin><end>2026-08-03T05:32:45Z</end></TimeSpan><styleUrl>#point</styleUrl><Point><altitudeMode>clampToGround</altitudeMode><coordinates>11.981250895187259,46.559787103906274,1651.2</coordinates></Point></Placemark><Placemark><TimeSpan><begin>2026-08-03T05:32:45Z</begin><end>2026-08-03T05:32:47Z</end></TimeSpan><styleUrl>#point</styleUrl><Point><altitudeMode>clampToGround</altitudeMode><coordinates>11.98124754242599,46.559792468324304,1656.49</coordinates></Point></Placemark><Placemark><TimeSpan><begin>2026-08-03T05:32:47Z</begin><end>2026-08-03T05:32:49Z</end></TimeSpan><styleUrl>#point</styleUrl><Point><altitudeMode>clampToGround</altitudeMode><coordinates>11.981243686750531,46.559796323999763,1661.78</coordinates></Point></Placemark><Placemark><TimeSpan><begin>2026-08-03T05:32:49Z</begin><end>2026-08-03T05:32:51Z</end></TimeSpan><styleUrl>#point</styleUrl><Point><altitudeMode>clampToGround</altitudeMode><coordinates>11.981245698407292,46.559790372848511,1666.5799999999999</coordinates></Point></Placemark><Placemark><TimeSpan><begin>2026-08-03T05:32:51Z</begin><end>2026-08-03T05:32:53Z</end></TimeSpan><styleUrl>#point</styleUrl><Point><altitudeMode>clampToGround</altitudeMode><coordinates>11.981251649558544,46.559784337878227,1670.9100000000001</coordinates></Point></Placemark><Placemark><TimeSpan><begin>2026-08-03T05:32:53Z</begin><end>2026-08-03T05:32:55Z</end></TimeSpan><styleUrl>#point</styleUrl><Point><altitudeMode>clampToGround</altitudeMode><coordinates>11.981260366737843,46.559779644012451,1675.23</coordinates></Point></Placemark><Placemark><TimeSpan><begin>2026-08-03T05:32:55Z</begin><end>2026-08-03T05:32:57Z</end></TimeSpan><styleUrl>#point</styleUrl><Point><altitudeMode>clampToGround</altitudeMode><coordinates>11.981272855773568,46.559772854670882,1679.5599999999999</coordinates></Point></Placemark><Placemark><TimeSpan><begin>2026-08-03T05:32:57Z</begin><end>2026-08-03T05:32:59Z</end></TimeSpan><styleUrl>#point</styleUrl><Point><altitudeMode>clampToGround</altitudeMode><coordinates>11.981275621801615,46.559774782508612,1682.9300000000001</coordinates></Point></Placemark><Placemark><TimeSpan><begin>2026-08-03T05:32:59Z</begin><end>2026-08-03T05:33:01Z</end></TimeSpan><styleUrl>#point</styleUrl><Point><altitudeMode>clampToGround</altitudeMode><coordinates>11.98126413859427,46.559780901297927,1686.77</coordinates></Point></Placemark><Placemark><TimeSpan><begin>2026-08-03T05:33:01Z</begin><end>2026-08-03T05:33:03Z</end></TimeSpan><styleUrl>#point</styleUrl><Point><altitudeMode>clampToGround</altitudeMode><coordinates>11.981256008148193,46.559782745316625,1689.6500000000001</coordinates></Point></Placemark><Placemark><TimeSpan><begin>2026-08-03T05:33:03Z</begin><end>2026-08-03T05:33:05Z</end></TimeSpan><styleUrl>#point</styleUrl><Point><altitudeMode>clampToGround</altitudeMode><coordinates>11.981251146644354,46.559783751145005,1693.02</coordinates></Point></Placemark><Placemark><TimeSpan><begin>2026-08-03T05:33:05Z</begin><end>2026-08-03T05:33:07Z</end></TimeSpan><styleUrl>#point</styleUrl><Point><altitudeMode>clampToGround</altitudeMode><coordinates>11.981243519112468,46.559779560193419,1695.9000000000001</coordinates></Point></Placemark><Placemark><TimeSpan><begin>2026-08-03T05:33:07Z</begin><end>2026-08-03T05:33:10Z</end></TimeSpan><styleUrl>#point</styleUrl><Point><altitudeMode>clampToGround</altitudeMode><coordinates>11.981229018419981,46.559769585728645,1699.27</coordinates></Point></Placemark><Placemark><TimeSpan><begin>2026-08-03T05:33:10Z</begin><end>2026-08-03T05:33:13Z</end></TimeSpan><styleUrl>#point</styleUrl><Point><altitudeMode>clampToGround</altitudeMode><coordinates>11.9812245760113,46.559745948761702,1703.1099999999999</coordinates></Point></Placemark><Placemark><TimeSpan><begin>2026-08-03T05:33:13Z</begin><end>2026-08-03T05:33:16Z</end></TimeSpan><styleUrl>#point</styleUrl><Point><altitudeMode>clampToGround</altitudeMode><coordinates>11.981224911287427,46.559732370078564,1706.48</coordinates></Point></Placemark><Placemark><TimeSpan><begin>2026-08-03T05:33:16Z</begin><end>2026-08-03T05:33:18Z</end></TimeSpan><styleUrl>#point</styleUrl><Point><altitudeMode>clampToGround</altitudeMode><coordinates>11.981240585446358,46.559734717011452,1708.4000000000001</coordinates></Point></Placemark><Placemark><TimeSpan><begin>2026-08-03T05:33:18Z</begin><end>2026-08-03T05:33:23Z</end></TimeSpan><styleUrl>#point</styleUrl><Point><altitudeMode>clampToGround</altitudeMode><coordinates>11.981345443055034,46.55976103618741,1712.73</coordinates></Point></Placemark><Placemark><TimeSpan><begin>2026-08-03T05:33:23Z</begin><end>2026-08-03T05:33:28Z</end></TimeSpan><styleUrl>#point</styleUrl><Point><altitudeMode>clampToGround</altitudeMode><coordinates>11.98141316883266,46.559820463880897,1716.0899999999999</coordinates></Point></Placemark><Placemark><TimeSpan><begin>2026-08-03T05:33:28Z</begin><end>2026-08-03T05:33:30Z</end></TimeSpan><styleUrl>#point</styleUrl><Point><altitudeMode>clampToGround</altitudeMode><coordinates>11.981436470523477,46.559843262657523,1717.53</coordinates></Point></Placemark><Placemark><TimeSpan><begin>2026-08-03T05:33:30Z</begin><end>2026-08-03T05:33:36Z</end></TimeSpan><styleUrl>#point</styleUrl><Point><altitudeMode>clampToGround</altitudeMode><coordinates>11.981526575982571,46.559859104454517,1721.3800000000001</coordinates></Point></Placemark><Placemark><TimeSpan><begin>2026-08-03T05:33:36Z</begin><end>2026-08-03T05:33:44Z</end></TimeSpan><styleUrl>#point</styleUrl><Point><altitudeMode>clampToGround</altitudeMode><coordinates>11.981654400005937,46.55986312776804,1724.74</coordinates></Point></Placemark><Placemark><TimeSpan><begin>2026-08-03T05:33:44Z</begin><end>2026-08-03T05:33:54Z</end></TimeSpan><styleUrl>#point</styleUrl><Point><altitudeMode>clampToGround</altitudeMode><coordinates>11.981826983392239,46.559854662045836,1727.6300000000001</coordinates></Point></Placemark><Placemark><TimeSpan><begin>2026-08-03T05:33:54Z</begin><end>2026-08-03T05:34:06Z</end></TimeSpan><styleUrl>#point</styleUrl><Point><altitudeMode>clampToGround</altitudeMode><coordinates>11.982069639489055,46.5598064661026,1729.0699999999999</coordinates></Point></Placemark><Placemark><TimeSpan><begin>2026-08-03T05:34:06Z</begin><end>2026-08-03T05:34:19Z</end></TimeSpan><styleUrl>#point</styleUrl><Point><altitudeMode>clampToGround</altitudeMode><coordinates>11.982307685539126,46.559843514114618,1729.55</coordinates></Point></Placemark><Placemark><TimeSpan><begin>2026-08-03T05:34:19Z</begin><end>2026-08-03T05:34:33Z</end></TimeSpan><styleUrl>#point</styleUrl><Point><altitudeMode>clampToGround</altitudeMode><coordinates>11.982562746852636,46.55992959626019,1730.51</coordinates></Point></Placemark><Placemark><TimeSpan><begin>2026-08-03T05:34:33Z</begin><end>2026-08-03T05:34:46Z</end></TimeSpan><styleUrl>#point</styleUrl><Point><altitudeMode>clampToGround</altitudeMode><coordinates>11.982740694656968,46.560016348958015,1730.99</coordinates></Point></Placemark><Placemark><TimeSpan><begin>2026-08-03T05:34:46Z</begin><end>2026-08-03T05:34:47Z</end></TimeSpan><styleUrl>#point</styleUrl><Point><altitudeMode>clampToGround</altitudeMode><coordinates>11.982753518968821,46.560014588758349,1730.99</coordinates></Point></Placemark><Placemark><TimeSpan><begin>2026-08-03T05:34:47Z</begin><end>2026-08-03T05:34:52Z</end></TimeSpan><styleUrl>#point</styleUrl><Point><altitudeMode>clampToGround</altitudeMode><coordinates>11.982830632477999,46.560025736689568,1730.99</coordinates></Point></Placemark><Placemark><TimeSpan><begin>2026-08-03T05:34:52Z</begin><end>2026-08-03T05:35:02Z</end></TimeSpan><styleUrl>#point</styleUrl><Point><altitudeMode>clampToGround</altitudeMode><coordinates>11.98297630995512,46.560075106099248,1730.99</coordinates></Point></Placemark><Placemark><TimeSpan><begin>2026-08-03T05:35:02Z</begin><end>2026-08-03T05:35:08Z</end></TimeSpan><styleUrl>#point</styleUrl><Point><altitudeMode>clampToGround</altitudeMode><coordinates>11.983049903064966,46.560111651197076,1730.99</coordinates></Point></Placemark><Placemark><TimeSpan><begin>2026-08-03T05:35:08Z</begin><end>2026-08-03T05:35:13Z</end></TimeSpan><styleUrl>#point</styleUrl><Point><altitudeMode>clampToGround</altitudeMode><coordinates>11.983106061816216,46.560123553499579,1729.55</coordinates></Point></Placemark><Placemark><TimeSpan><begin>2026-08-03T05:35:13Z</begin><end>2026-08-03T05:35:19Z</end></TimeSpan><styleUrl>#point</styleUrl><Point><altitudeMode>clampToGround</altitudeMode><coordinates>11.983167417347431,46.560118859633803,1729.0699999999999</coordinates></Point></Placemark><Placemark><TimeSpan><begin>2026-08-03T05:35:19Z</begin><end>2026-08-03T05:35:23Z</end></TimeSpan><styleUrl>#point</styleUrl><Point><altitudeMode>clampToGround</altitudeMode><coordinates>11.983232712373137,46.560104861855507,1729.0699999999999</coordinates></Point></Placemark><Placemark><TimeSpan><begin>2026-08-03T05:35:23Z</begin><end>2026-08-03T05:35:37Z</end></TimeSpan><styleUrl>#point</styleUrl><Point><altitudeMode>clampToGround</altitudeMode><coordinates>11.983451563864946,46.560009643435478,1727.6300000000001</coordinates></Point></Placemark><Placemark><TimeSpan><begin>2026-08-03T05:35:37Z</begin><end>2026-08-03T05:35:48Z</end></TimeSpan><styleUrl>#point</styleUrl><Point><altitudeMode>clampToGround</altitudeMode><coordinates>11.983561031520367,46.559981480240822,1727.6300000000001</coordinates></Point></Placemark><Placemark><TimeSpan><begin>2026-08-03T05:35:48Z</begin><end>2026-08-03T05:36:04Z</end></TimeSpan><styleUrl>#point</styleUrl><Point><altitudeMode>clampToGround</altitudeMode><coordinates>11.983556421473622,46.559995729476213,1727.6300000000001</coordinates></Point></Placemark><Placemark><TimeSpan><begin>2026-08-03T05:36:04Z</begin><end>2026-08-03T05:36:24Z</end></TimeSpan><styleUrl>#point</styleUrl><Point><altitudeMode>clampToGround</altitudeMode><coordinates>11.983567485585809,46.560004111379385,1727.6300000000001</coordinates></Point></Placemark><Placemark><TimeSpan><begin>2026-08-03T05:36:24Z</begin><end>2026-08-03T05:36:32Z</end></TimeSpan><styleUrl>#point</styleUrl><Point><altitudeMode>clampToGround</altitudeMode><coordinates>11.983561869710684,46.560018192976713,1727.6300000000001</coordinates></Point></Placemark><Placemark><TimeSpan><begin>2026-08-03T05:36:32Z</begin><end>2026-08-03T05:36:42Z</end></TimeSpan><styleUrl>#point</styleUrl><Point><altitudeMode>clampToGround</altitudeMode><coordinates>11.983531694859266,46.560097234323621,1727.6300000000001</coordinates></Point></Placemark><Placemark><TimeSpan><begin>2026-08-03T05:36:42Z</begin><end>2026-08-03T05:37:02Z</end></TimeSpan><styleUrl>#point</styleUrl><Point><altitudeMode>clampToGround</altitudeMode><coordinates>11.98353479616344,46.560100503265858,1727.6300000000001</coordinates></Point></Placemark><Placemark><TimeSpan><begin>2026-08-03T05:37:02Z</begin><end>2026-08-03T05:37:24Z</end></TimeSpan><styleUrl>#point</styleUrl><Point><altitudeMode>clampToGround</altitudeMode><coordinates>11.983558516949415,46.560096396133304,1727.6300000000001</coordinates></Point></Placemark><Placemark><TimeSpan><begin>2026-08-03T05:37:24Z</begin><end>2026-08-03T05:37:38Z</end></TimeSpan><styleUrl>#point</styleUrl><Point><altitudeMode>clampToGround</altitudeMode><coordinates>11.983573017641902,46.560115590691566,1728.1099999999999</coordinates></Point></Placemark><Placemark><TimeSpan><begin>2026-08-03T05:37:38Z</begin><end>2026-08-03T05:37:53Z</end></TimeSpan><styleUrl>#point</styleUrl><Point><altitudeMode>clampToGround</altitudeMode><coordinates>11.983539741486311,46.560108382254839,1728.1099999999999</coordinates></Point></Placemark><Placemark><TimeSpan><begin>2026-08-03T05:37:53Z</begin><end>2026-08-03T05:37:59Z</end></TimeSpan><styleUrl>#point</styleUrl><Point><altitudeMode>clampToGround</altitudeMode><coordinates>11.983385933563113,46.560114249587059,1728.1099999999999</coordinates></Point></Placemark><Placemark><TimeSpan><begin>2026-08-03T05:37:59Z</begin><end>2026-08-03T05:38:09Z</end></TimeSpan><styleUrl>#point</styleUrl><Point><altitudeMode>clampToGround</altitudeMode><coordinates>11.983155515044928,46.560159595683217,1729.55</coordinates></Point></Placemark><Placemark><TimeSpan><begin>2026-08-03T05:38:09Z</begin><end>2026-08-03T05:38:19Z</end></TimeSpan><styleUrl>#point</styleUrl><Point><altitudeMode>clampToGround</altitudeMode><coordinates>11.982949320226908,46.560144005343318,1730.99</coordinates></Point></Placemark><Placemark><TimeSpan><begin>2026-08-03T05:38:19Z</begin><end>2026-08-03T05:38:27Z</end></TimeSpan><styleUrl>#point</styleUrl><Point><altitudeMode>clampToGround</altitudeMode><coordinates>11.982894837856293,46.560128079727292,1731.47</coordinates></Point></Placemark><Placemark><TimeSpan><begin>2026-08-03T05:38:27Z</begin><end>2026-08-03T05:38:37Z</end></TimeSpan><styleUrl>#point</styleUrl><Point><altitudeMode>clampToGround</altitudeMode><coordinates>11.983121233060956,46.56014165841043,1730.03</coordinates></Point></Placemark><Placemark><TimeSpan><begin>2026-08-03T05:38:37Z</begin><end>2026-08-03T05:38:39Z</end></TimeSpan><styleUrl>#point</styleUrl><Point><altitudeMode>clampToGround</altitudeMode><coordinates>11.983168087899685,46.560136964544654,1730.03</coordinates></Point></Placemark><Placemark><TimeSpan><begin>2026-08-03T05:38:39Z</begin><end>2026-08-03T05:38:53Z</end></TimeSpan><styleUrl>#point</styleUrl><Point><altitudeMode>clampToGround</altitudeMode><coordinates>11.983467573300004,46.560041662305593,1728.1099999999999</coordinates></Point></Placemark><Placemark><TimeSpan><begin>2026-08-03T05:38:53Z</begin><end>2026-08-03T05:39:09Z</end></TimeSpan><styleUrl>#point</styleUrl><Point><altitudeMode>clampToGround</altitudeMode><coordinates>11.983729340136051,46.559952311217785,1728.1099999999999</coordinates></Point></Placemark><Placemark><TimeSpan><begin>2026-08-03T05:39:09Z</begin><end>2026-08-03T05:39:22Z</end></TimeSpan><styleUrl>#point</styleUrl><Point><altitudeMode>clampToGround</altitudeMode><coordinates>11.983932936564088,46.559858685359359,1728.1099999999999</coordinates></Point></Placemark><Placemark><TimeSpan><begin>2026-08-03T05:39:22Z</begin><end>2026-08-03T05:39:37Z</end></TimeSpan><styleUrl>#point</styleUrl><Point><altitudeMode>clampToGround</altitudeMode><coordinates>11.984174670651555,46.559770256280899,1728.1099999999999</coordinates></Point></Placemark><Placemark><TimeSpan><begin>2026-08-03T05:39:37Z</begin><end>2026-08-03T05:39:46Z</end></TimeSpan><styleUrl>#point</styleUrl><Point><altitudeMode>clampToGround</altitudeMode><coordinates>11.984270391985774,46.559721054509282,1728.1099999999999</coordinates></Point></Placemark><Placemark><TimeSpan><begin>2026-08-03T05:39:46Z</begin><end>2026-08-03T05:40:02Z</end></TimeSpan><styleUrl>#point</styleUrl><Point><altitudeMode>clampToGround</altitudeMode><coordinates>11.98449058458209,46.559622483327985,1729.55</coordinates></Point></Placemark><Placemark><TimeSpan><begin>2026-08-03T05:40:02Z</begin><end>2026-08-03T05:40:04Z</end></TimeSpan><styleUrl>#point</styleUrl><Point><altitudeMode>clampToGround</altitudeMode><coordinates>11.984488405287266,46.559608820825815,1729.55</coordinates></Point></Placemark><Placemark><TimeSpan><begin>2026-08-03T05:40:04Z</begin><end>2026-08-03T05:40:15Z</end></TimeSpan><styleUrl>#point</styleUrl><Point><altitudeMode>clampToGround</altitudeMode><coordinates>11.984505252912641,46.559562468901277,1729.55</coordinates></Point></Placemark><Placemark><TimeSpan><begin>2026-08-03T05:40:15Z</begin><end>2026-08-03T05:40:20Z</end></TimeSpan><styleUrl>#point</styleUrl><Point><altitudeMode>clampToGround</altitudeMode><coordinates>11.984504330903292,46.559566995128989,1729.55</coordinates></Point></Placemark><Placemark><TimeSpan><begin>2026-08-03T05:40:20Z</begin><end>2026-08-03T05:40:26Z</end></TimeSpan><styleUrl>#point</styleUrl><Point><altitudeMode>clampToGround</altitudeMode><coordinates>11.984606087207794,46.559563893824816,1730.03</coordinates></Point></Placemark><Placemark><TimeSpan><begin>2026-08-03T05:40:26Z</begin><end>2026-08-03T05:40:40Z</end></TimeSpan><styleUrl>#point</styleUrl><Point><altitudeMode>clampToGround</altitudeMode><coordinates>11.984863998368382,46.559463227167726,1730.51</coordinates></Point></Placemark><Placemark><TimeSpan><begin>2026-08-03T05:40:40Z</begin><end>2026-08-03T05:40:51Z</end></TimeSpan><styleUrl>#point</styleUrl><Point><altitudeMode>clampToGround</altitudeMode><coordinates>11.984996935352683,46.55937890522182,1730.99</coordinates></Point></Placemark><Placemark><TimeSpan><begin>2026-08-03T05:40:51Z</begin><end>2026-08-03T05:41:05Z</end></TimeSpan><styleUrl>#point</styleUrl><Point><altitudeMode>clampToGround</altitudeMode><coordinates>11.985201286152005,46.559291062876582,1730.99</coordinates></Point></Placemark><Placemark><TimeSpan><begin>2026-08-03T05:41:05Z</begin><end>2026-08-03T05:41:20Z</end></TimeSpan><styleUrl>#point</styleUrl><Point><altitudeMode>clampToGround</altitudeMode><coordinates>11.985396081581712,46.559157036244869,1731.95</coordinates></Point></Placemark><Placemark><TimeSpan><begin>2026-08-03T05:41:20Z</begin><end>2026-08-03T05:41:33Z</end></TimeSpan><styleUrl>#point</styleUrl><Point><altitudeMode>clampToGround</altitudeMode><coordinates>11.985468165948987,46.55900557525456,1732.9100000000001</coordinates></Point></Placemark><Placemark><TimeSpan><begin>2026-08-03T05:41:33Z</begin><end>2026-08-03T05:41:42Z</end></TimeSpan><styleUrl>#point</styleUrl><Point><altitudeMode>clampToGround</altitudeMode><coordinates>11.985472859814763,46.558996690437198,1732.4300000000001</coordinates></Point></Placemark><Placemark><TimeSpan><begin>2026-08-03T05:41:42Z</begin><end>2026-08-03T05:42:00Z</end></TimeSpan><styleUrl>#point</styleUrl><Point><altitudeMode>clampToGround</altitudeMode><coordinates>11.98546732775867,46.559002390131354,1732.9100000000001</coordinates></Point></Placemark><Placemark><TimeSpan><begin>2026-08-03T05:42:00Z</begin><end>2026-08-03T05:42:08Z</end></TimeSpan><styleUrl>#point</styleUrl><Point><altitudeMode>clampToGround</altitudeMode><coordinates>11.985475290566683,46.558962408453226,1732.9100000000001</coordinates></Point></Placemark><Placemark><TimeSpan><begin>2026-08-03T05:42:08Z</begin><end>2026-08-03T05:42:13Z</end></TimeSpan><styleUrl>#point</styleUrl><Point><altitudeMode>clampToGround</altitudeMode><coordinates>11.985505046322942,46.558902142569423,1733.3900000000001</coordinates></Point></Placemark><Placemark><TimeSpan><begin>2026-08-03T05:42:13Z</begin><end>2026-08-03T05:42:27Z</end></TimeSpan><styleUrl>#point</styleUrl><Point><altitudeMode>clampToGround</altitudeMode><coordinates>11.985605210065842,46.558736683800817,1733.3900000000001</coordinates></Point></Placemark><Placemark><TimeSpan><begin>2026-08-03T05:42:27Z</begin><end>2026-08-03T05:42:43Z</end></TimeSpan><styleUrl>#point</styleUrl><Point><altitudeMode>clampToGround</altitudeMode><coordinates>11.985776703804731,46.558534931391478,1733.3900000000001</coordinates></Point></Placemark><Placemark><TimeSpan><begin>2026-08-03T05:42:43Z</begin><end>2026-08-03T05:42:47Z</end></TimeSpan><styleUrl>#point</styleUrl><Point><altitudeMode>clampToGround</altitudeMode><coordinates>11.985828252509236,46.558490758761764,1733.3900000000001</coordinates></Point></Placemark><Placemark><TimeSpan><begin>2026-08-03T05:42:47Z</begin><end>2026-08-03T05:42:59Z</end></TimeSpan><styleUrl>#point</styleUrl><Point><altitudeMode>clampToGround</altitudeMode><coordinates>11.985996477305889,46.558358073234558,1733.3900000000001</coordinates></Point></Placemark><Placemark><TimeSpan><begin>2026-08-03T05:42:59Z</begin><end>2026-08-03T05:43:01Z</end></TimeSpan><styleUrl>#point</styleUrl><Point><altitudeMode>clampToGround</altitudeMode><coordinates>11.986027406528592,46.558340135961771,1733.3900000000001</coordinates></Point></Placemark><Placemark><TimeSpan><begin>2026-08-03T05:43:01Z</begin><end>2026-08-03T05:43:06Z</end></TimeSpan><styleUrl>#point</styleUrl><Point><altitudeMode>clampToGround</altitudeMode><coordinates>11.986085660755634,46.558300154283643,1733.3900000000001</coordinates></Point></Placemark><Placemark><TimeSpan><begin>2026-08-03T05:43:06Z</begin><end>2026-08-03T05:43:20Z</end></TimeSpan><styleUrl>#point</styleUrl><Point><altitudeMode>clampToGround</altitudeMode><coordinates>11.986306020990014,46.558228069916368,1733.3900000000001</coordinates></Point></Placemark><Placemark><TimeSpan><begin>2026-08-03T05:43:20Z</begin><end>2026-08-03T05:43:32Z</end></TimeSpan><styleUrl>#point</styleUrl><Point><altitudeMode>clampToGround</altitudeMode><coordinates>11.986524872481823,46.55823745764792,1733.8800000000001</coordinates></Point></Placemark><Placemark><TimeSpan><begin>2026-08-03T05:43:32Z</begin><end>2026-08-03T05:43:41Z</end></TimeSpan><styleUrl>#point</styleUrl><Point><altitudeMode>clampToGround</altitudeMode><coordinates>11.986664263531566,46.558231925591826,1734.3599999999999</coordinates></Point></Placemark><Placemark><TimeSpan><begin>2026-08-03T05:43:41Z</begin><end>2026-08-03T05:43:43Z</end></TimeSpan><styleUrl>#point</styleUrl><Point><altitudeMode>clampToGround</altitudeMode><coordinates>11.986693432554603,46.558228991925716,1734.8399999999999</coordinates></Point></Placemark><Placemark><TimeSpan><begin>2026-08-03T05:43:43Z</begin><end>2026-08-03T05:43:48Z</end></TimeSpan><styleUrl>#point</styleUrl><Point><altitudeMode>clampToGround</altitudeMode><coordinates>11.98677783831954,46.558239553123713,1734.8399999999999</coordinates></Point></Placemark><Placemark><TimeSpan><begin>2026-08-03T05:43:48Z</begin><end>2026-08-03T05:44:02Z</end></TimeSpan><styleUrl>#point</styleUrl><Point><altitudeMode>clampToGround</altitudeMode><coordinates>11.987022506073117,46.558238128200173,1736.28</coordinates></Point></Placemark><Placemark><TimeSpan><begin>2026-08-03T05:44:02Z</begin><end>2026-08-03T05:44:16Z</end></TimeSpan><styleUrl>#point</styleUrl><Point><altitudeMode>clampToGround</altitudeMode><coordinates>11.987281758338213,46.558231925591826,1736.76</coordinates></Point></Placemark><Placemark><TimeSpan><begin>2026-08-03T05:44:16Z</begin><end>2026-08-03T05:44:25Z</end></TimeSpan><styleUrl>#point</styleUrl><Point><altitudeMode>clampToGround</altitudeMode><coordinates>11.987376473844051,46.558234943076968,1736.76</coordinates></Point></Placemark><Placemark><TimeSpan><begin>2026-08-03T05:44:25Z</begin><end>2026-08-03T05:44:39Z</end></TimeSpan><styleUrl>#point</styleUrl><Point><altitudeMode>clampToGround</altitudeMode><coordinates>11.987612172961235,46.558239553123713,1737.72</coordinates></Point></Placemark><Placemark><TimeSpan><begin>2026-08-03T05:44:39Z</begin><end>2026-08-03T05:44:52Z</end></TimeSpan><styleUrl>#point</styleUrl><Point><altitudeMode>clampToGround</altitudeMode><coordinates>11.987823648378253,46.558233015239239,1738.2</coordinates></Point></Placemark><Placemark><TimeSpan><begin>2026-08-03T05:44:52Z</begin><end>2026-08-03T05:45:03Z</end></TimeSpan><styleUrl>#point</styleUrl><Point><altitudeMode>clampToGround</altitudeMode><coordinates>11.987999500706792,46.55819839797914,1738.6800000000001</coordinates></Point></Placemark><Placemark><TimeSpan><begin>2026-08-03T05:45:03Z</begin><end>2026-08-03T05:45:10Z</end></TimeSpan><styleUrl>#point</styleUrl><Point><altitudeMode>clampToGround</altitudeMode><coordinates>11.988089773803949,46.558176605030894,1738.6800000000001</coordinates></Point></Placemark><Placemark><TimeSpan><begin>2026-08-03T05:45:10Z</begin><end>2026-08-03T05:45:23Z</end></TimeSpan><styleUrl>#point</styleUrl><Point><altitudeMode>clampToGround</altitudeMode><coordinates>11.988235283643007,46.558084907010198,1739.6400000000001</coordinates></Point></Placemark><Placemark><TimeSpan><begin>2026-08-03T05:45:23Z</begin><end>2026-08-03T05:45:35Z</end></TimeSpan><styleUrl>#point</styleUrl><Point><altitudeMode>clampToGround</altitudeMode><coordinates>11.988327652215958,46.557996310293674,1740.5999999999999</coordinates></Point></Placemark><Placemark><TimeSpan><begin>2026-08-03T05:45:35Z</begin><end>2026-08-03T05:45:40Z</end></TimeSpan><styleUrl>#point</styleUrl><Point><altitudeMode>clampToGround</altitudeMode><coordinates>11.988373752683401,46.55795993283391,1741.0799999999999</coordinates></Point></Placemark><Placemark><TimeSpan><begin>2026-08-03T05:45:40Z</begin><end>2026-08-03T05:45:44Z</end></TimeSpan><styleUrl>#point</styleUrl><Point><altitudeMode>clampToGround</altitudeMode><coordinates>11.988401832059026,46.557928249239922,1741.0799999999999</coordinates></Point></Placemark><Placemark><TimeSpan><begin>2026-08-03T05:45:44Z</begin><end>2026-08-03T05:45:57Z</end></TimeSpan><styleUrl>#point</styleUrl><Point><altitudeMode>clampToGround</altitudeMode><coordinates>11.988524794578552,46.557815009728074,1743.49</coordinates></Point></Placemark><Placemark><TimeSpan><begin>2026-08-03T05:45:57Z</begin><end>2026-08-03T05:46:08Z</end></TimeSpan><styleUrl>#point</styleUrl><Point><altitudeMode>clampToGround</altitudeMode><coordinates>11.988612553104758,46.557752564549446,1745.4100000000001</coordinates></Point></Placemark><Placemark><TimeSpan><begin>2026-08-03T05:46:08Z</begin><end>2026-08-03T05:46:16Z</end></TimeSpan><styleUrl>#point</styleUrl><Point><altitudeMode>clampToGround</altitudeMode><coordinates>11.988640297204256,46.557752313092351,1745.4100000000001</coordinates></Point></Placemark><Placemark><TimeSpan><begin>2026-08-03T05:46:16Z</begin><end>2026-08-03T05:46:26Z</end></TimeSpan><styleUrl>#point</styleUrl><Point><altitudeMode>clampToGround</altitudeMode><coordinates>11.988664688542485,46.557707469910383,1746.8499999999999</coordinates></Point></Placemark><Placemark><TimeSpan><begin>2026-08-03T05:46:26Z</begin><end>2026-08-03T05:46:40Z</end></TimeSpan><styleUrl>#point</styleUrl><Point><altitudeMode>clampToGround</altitudeMode><coordinates>11.988723529502749,46.557683162391186,1747.3299999999999</coordinates></Point></Placemark><Placemark><TimeSpan><begin>2026-08-03T05:46:40Z</begin><end>2026-08-03T05:46:51Z</end></TimeSpan><styleUrl>#point</styleUrl><Point><altitudeMode>clampToGround</altitudeMode><coordinates>11.988797206431627,46.557597080245614,1749.74</coordinates></Point></Placemark><Placemark><TimeSpan><begin>2026-08-03T05:46:51Z</begin><end>2026-08-03T05:47:02Z</end></TimeSpan><styleUrl>#point</styleUrl><Point><altitudeMode>clampToGround</altitudeMode><coordinates>11.988851353526115,46.557539161294699,1751.6600000000001</coordinates></Point></Placemark><Placemark><TimeSpan><begin>2026-08-03T05:47:02Z</begin><end>2026-08-03T05:47:11Z</end></TimeSpan><styleUrl>#point</styleUrl><Point><altitudeMode>clampToGround</altitudeMode><coordinates>11.988841965794563,46.557510159909725,1752.1400000000001</coordinates></Point></Placemark><Placemark><TimeSpan><begin>2026-08-03T05:47:11Z</begin><end>2026-08-03T05:47:27Z</end></TimeSpan><styleUrl>#point</styleUrl><Point><altitudeMode>clampToGround</altitudeMode><coordinates>11.988840792328119,46.557502616196871,1752.1400000000001</coordinates></Point></Placemark><Placemark><TimeSpan><begin>2026-08-03T05:47:27Z</begin><end>2026-08-03T05:47:50Z</end></TimeSpan><styleUrl>#point</styleUrl><Point><altitudeMode>clampToGround</altitudeMode><coordinates>11.988863339647651,46.557503789663315,1752.1400000000001</coordinates></Point></Placemark><Placemark><TimeSpan><begin>2026-08-03T05:47:50Z</begin><end>2026-08-03T05:48:10Z</end></TimeSpan><styleUrl>#point</styleUrl><Point><altitudeMode>clampToGround</altitudeMode><coordinates>11.988870799541473,46.55749917961657,1752.1400000000001</coordinates></Point></Placemark><Placemark><TimeSpan><begin>2026-08-03T05:48:10Z</begin><end>2026-08-03T05:48:20Z</end></TimeSpan><styleUrl>#point</styleUrl><Point><altitudeMode>clampToGround</altitudeMode><coordinates>11.988889155909419,46.557462047785521,1752.6199999999999</coordinates></Point></Placemark><Placemark><TimeSpan><begin>2026-08-03T05:48:20Z</begin><end>2026-08-03T05:48:22Z</end></TimeSpan><styleUrl>#point</styleUrl><Point><altitudeMode>clampToGround</altitudeMode><coordinates>11.988894268870354,46.557442685589194,1753.5799999999999</coordinates></Point></Placemark><Placemark><TimeSpan><begin>2026-08-03T05:48:22Z</begin><end>2026-08-03T05:48:34Z</end></TimeSpan><styleUrl>#point</styleUrl><Point><altitudeMode>clampToGround</altitudeMode><coordinates>11.988946571946144,46.557343695312738,1755.99</coordinates></Point></Placemark><Placemark><TimeSpan><begin>2026-08-03T05:48:34Z</begin><end>2026-08-03T05:48:45Z</end></TimeSpan><styleUrl>#point</styleUrl><Point><altitudeMode>clampToGround</altitudeMode><coordinates>11.989003568887711,46.557242944836617,1758.3900000000001</coordinates></Point></Placemark><Placemark><TimeSpan><begin>2026-08-03T05:48:45Z</begin><end>2026-08-03T05:48:57Z</end></TimeSpan><styleUrl>#point</styleUrl><Point><altitudeMode>clampToGround</altitudeMode><coordinates>11.98907682672143,46.557134902104735,1760.3099999999999</coordinates></Point></Placemark><Placemark><TimeSpan><begin>2026-08-03T05:48:57Z</begin><end>2026-08-03T05:49:09Z</end></TimeSpan><styleUrl>#point</styleUrl><Point><altitudeMode>clampToGround</altitudeMode><coordinates>11.989174811169505,46.557055190205574,1763.2</coordinates></Point></Placemark><Placemark><TimeSpan><begin>2026-08-03T05:49:09Z</begin><end>2026-08-03T05:49:18Z</end></TimeSpan><styleUrl>#point</styleUrl><Point><altitudeMode>clampToGround</altitudeMode><coordinates>11.989242034032941,46.556992158293724,1765.1199999999999</coordinates></Point></Placemark><Placemark><TimeSpan><begin>2026-08-03T05:49:18Z</begin><end>2026-08-03T05:49:27Z</end></TimeSpan><styleUrl>#point</styleUrl><Point><altitudeMode>clampToGround</altitudeMode><coordinates>11.989336498081684,46.556943543255329,1767.04</coordinates></Point></Placemark><Placemark><TimeSpan><begin>2026-08-03T05:49:27Z</begin><end>2026-08-03T05:49:37Z</end></TimeSpan><styleUrl>#point</styleUrl><Point><altitudeMode>clampToGround</altitudeMode><coordinates>11.989424005150795,46.556876907125115,1768.96</coordinates></Point></Placemark><Placemark><TimeSpan><begin>2026-08-03T05:49:37Z</begin><end>2026-08-03T05:49:48Z</end></TimeSpan><styleUrl>#point</styleUrl><Point><altitudeMode>clampToGround</altitudeMode><coordinates>11.989409001544118,46.556797446683049,1770.4100000000001</coordinates></Point></Placemark><Placemark><TimeSpan><begin>2026-08-03T05:49:48Z</begin><end>2026-08-03T05:49:58Z</end></TimeSpan><styleUrl>#point</styleUrl><Point><altitudeMode>clampToGround</altitudeMode><coordinates>11.989404894411564,46.556723937392235,1772.3299999999999</coordinates></Point></Placemark><Placemark><TimeSpan><begin>2026-08-03T05:49:58Z</begin><end>2026-08-03T05:50:09Z</end></TimeSpan><styleUrl>#point</styleUrl><Point><altitudeMode>clampToGround</altitudeMode><coordinates>11.989440349861979,46.556655541062355,1773.29</coordinates></Point></Placemark><Placemark><TimeSpan><begin>2026-08-03T05:50:09Z</begin><end>2026-08-03T05:50:21Z</end></TimeSpan><styleUrl>#point</styleUrl><Point><altitudeMode>clampToGround</altitudeMode><coordinates>11.989491730928421,46.556577421724796,1774.73</coordinates></Point></Placemark><Placemark><TimeSpan><begin>2026-08-03T05:50:21Z</begin><end>2026-08-03T05:50:31Z</end></TimeSpan><styleUrl>#point</styleUrl><Point><altitudeMode>clampToGround</altitudeMode><coordinates>11.989537831395864,46.556507600471377,1776.1700000000001</coordinates></Point></Placemark><Placemark><TimeSpan><begin>2026-08-03T05:50:31Z</begin><end>2026-08-03T05:50:41Z</end></TimeSpan><styleUrl>#point</styleUrl><Point><altitudeMode>clampToGround</altitudeMode><coordinates>11.989577980712056,46.556448256596923,1778.0999999999999</coordinates></Point></Placemark><Placemark><TimeSpan><begin>2026-08-03T05:50:41Z</begin><end>2026-08-03T05:50:53Z</end></TimeSpan><styleUrl>#point</styleUrl><Point><altitudeMode>clampToGround</altitudeMode><coordinates>11.989627601578832,46.556374076753855,1779.54</coordinates></Point></Placemark><Placemark><TimeSpan><begin>2026-08-03T05:50:53Z</begin><end>2026-08-03T05:51:06Z</end></TimeSpan><styleUrl>#point</styleUrl><Point><altitudeMode>clampToGround</altitudeMode><coordinates>11.989679569378495,46.556303836405277,1781.46</coordinates></Point></Placemark><Placemark><TimeSpan><begin>2026-08-03T05:51:06Z</begin><end>2026-08-03T05:51:18Z</end></TimeSpan><styleUrl>#point</styleUrl><Point><altitudeMode>clampToGround</altitudeMode><coordinates>11.989761460572481,46.556244911625981,1782.9000000000001</coordinates></Point></Placemark><Placemark><TimeSpan><begin>2026-08-03T05:51:18Z</begin><end>2026-08-03T05:51:27Z</end></TimeSpan><styleUrl>#point</styleUrl><Point><altitudeMode>clampToGround</altitudeMode><coordinates>11.989792641252279,46.556201074272394,1784.3399999999999</coordinates></Point></Placemark><Placemark><TimeSpan><begin>2026-08-03T05:51:27Z</begin><end>2026-08-03T05:51:44Z</end></TimeSpan><styleUrl>#point</styleUrl><Point><altitudeMode>clampToGround</altitudeMode><coordinates>11.989768166095018,46.556213228031993,1784.3399999999999</coordinates></Point></Placemark><Placemark><TimeSpan><begin>2026-08-03T05:51:44Z</begin><end>2026-08-03T05:51:54Z</end></TimeSpan><styleUrl>#point</styleUrl><Point><altitudeMode>clampToGround</altitudeMode><coordinates>11.989787612110376,46.556201325729489,1785.3099999999999</coordinates></Point></Placemark><Placemark><TimeSpan><begin>2026-08-03T05:51:54Z</begin><end>2026-08-03T05:52:05Z</end></TimeSpan><styleUrl>#point</styleUrl><Point><altitudeMode>clampToGround</altitudeMode><coordinates>11.989823067560792,46.556143909692764,1786.27</coordinates></Point></Placemark><Placemark><TimeSpan><begin>2026-08-03T05:52:05Z</begin><end>2026-08-03T05:52:16Z</end></TimeSpan><styleUrl>#point</styleUrl><Point><altitudeMode>clampToGround</altitudeMode><coordinates>11.98987084440887,46.556070148944855,1788.6700000000001</coordinates></Point></Placemark><Placemark><TimeSpan><begin>2026-08-03T05:52:16Z</begin><end>2026-08-03T05:52:26Z</end></TimeSpan><styleUrl>#point</styleUrl><Point><altitudeMode>clampToGround</altitudeMode><coordinates>11.989919878542423,46.556016504764557,1789.6300000000001</coordinates></Point></Placemark><Placemark><TimeSpan><begin>2026-08-03T05:52:26Z</begin><end>2026-08-03T05:52:35Z</end></TimeSpan><styleUrl>#point</styleUrl><Point><altitudeMode>clampToGround</altitudeMode><coordinates>11.989960866048932,46.555962106212974,1791.55</coordinates></Point></Placemark><Placemark><TimeSpan><begin>2026-08-03T05:52:35Z</begin><end>2026-08-03T05:52:45Z</end></TimeSpan><styleUrl>#point</styleUrl><Point><altitudeMode>clampToGround</altitudeMode><coordinates>11.990048876032233,46.555896559730172,1793</coordinates></Point></Placemark><Placemark><TimeSpan><begin>2026-08-03T05:52:45Z</begin><end>2026-08-03T05:52:55Z</end></TimeSpan><styleUrl>#point</styleUrl><Point><altitudeMode>clampToGround</altitudeMode><coordinates>11.990119284018874,46.555843753740191,1794.4400000000001</coordinates></Point></Placemark><Placemark><TimeSpan><begin>2026-08-03T05:52:55Z</begin><end>2026-08-03T05:53:06Z</end></TimeSpan><styleUrl>#point</styleUrl><Point><altitudeMode>clampToGround</altitudeMode><coordinates>11.990201091393828,46.555807376280427,1796.3599999999999</coordinates></Point></Placemark><Placemark><TimeSpan><begin>2026-08-03T05:53:06Z</begin><end>2026-08-03T05:53:17Z</end></TimeSpan><styleUrl>#point</styleUrl><Point><altitudeMode>clampToGround</altitudeMode><coordinates>11.990318186581135,46.555791450664401,1798.28</coordinates></Point></Placemark><Placemark><TimeSpan><begin>2026-08-03T05:53:17Z</begin><end>2026-08-03T05:53:27Z</end></TimeSpan><styleUrl>#point</styleUrl><Point><altitudeMode>clampToGround</altitudeMode><coordinates>11.990418517962098,46.555770495906472,1800.21</coordinates></Point></Placemark><Placemark><TimeSpan><begin>2026-08-03T05:53:27Z</begin><end>2026-08-03T05:53:37Z</end></TimeSpan><styleUrl>#point</styleUrl><Point><altitudeMode>clampToGround</altitudeMode><coordinates>11.990513149648905,46.555778542533517,1801.1700000000001</coordinates></Point></Placemark><Placemark><TimeSpan><begin>2026-08-03T05:53:37Z</begin><end>2026-08-03T05:53:48Z</end></TimeSpan><styleUrl>#point</styleUrl><Point><altitudeMode>clampToGround</altitudeMode><coordinates>11.990607446059585,46.555782901123166,1803.5699999999999</coordinates></Point></Placemark><Placemark><TimeSpan><begin>2026-08-03T05:53:48Z</begin><end>2026-08-03T05:53:57Z</end></TimeSpan><styleUrl>#point</styleUrl><Point><altitudeMode>clampToGround</altitudeMode><coordinates>11.990684056654572,46.555798659101129,1805.01</coordinates></Point></Placemark><Placemark><TimeSpan><begin>2026-08-03T05:53:57Z</begin><end>2026-08-03T05:54:09Z</end></TimeSpan><styleUrl>#point</styleUrl><Point><altitudeMode>clampToGround</altitudeMode><coordinates>11.99077726341784,46.555815003812313,1807.9000000000001</coordinates></Point></Placemark><Placemark><TimeSpan><begin>2026-08-03T05:54:09Z</begin><end>2026-08-03T05:54:18Z</end></TimeSpan><styleUrl>#point</styleUrl><Point><altitudeMode>clampToGround</altitudeMode><coordinates>11.990820681676269,46.555843502283096,1808.8599999999999</coordinates></Point></Placemark><Placemark><TimeSpan><begin>2026-08-03T05:54:18Z</begin><end>2026-08-03T05:54:30Z</end></TimeSpan><styleUrl>#point</styleUrl><Point><altitudeMode>clampToGround</altitudeMode><coordinates>11.990818753838539,46.55583486892283,1808.8599999999999</coordinates></Point></Placemark><Placemark><TimeSpan><begin>2026-08-03T05:54:30Z</begin><end>2026-08-03T05:54:42Z</end></TimeSpan><styleUrl>#point</styleUrl><Point><altitudeMode>clampToGround</altitudeMode><coordinates>11.990868458524346,46.555820954963565,1809.3399999999999</coordinates></Point></Placemark><Placemark><TimeSpan><begin>2026-08-03T05:54:42Z</begin><end>2026-08-03T05:54:56Z</end></TimeSpan><styleUrl>#point</styleUrl><Point><altitudeMode>clampToGround</altitudeMode><coordinates>11.99087399058044,46.555799748748541,1809.8199999999999</coordinates></Point></Placemark><Placemark><TimeSpan><begin>2026-08-03T05:54:56Z</begin><end>2026-08-03T05:55:15Z</end></TimeSpan><styleUrl>#point</styleUrl><Point><altitudeMode>clampToGround</altitudeMode><coordinates>11.990881199017167,46.555814668536186,1810.3</coordinates></Point></Placemark><Placemark><TimeSpan><begin>2026-08-03T05:55:15Z</begin><end>2026-08-03T05:55:33Z</end></TimeSpan><styleUrl>#point</styleUrl><Point><altitudeMode>clampToGround</altitudeMode><coordinates>11.990894945338368,46.55583193525672,1810.3</coordinates></Point></Placemark><Placemark><TimeSpan><begin>2026-08-03T05:55:33Z</begin><end>2026-08-03T05:55:45Z</end></TimeSpan><styleUrl>#point</styleUrl><Point><altitudeMode>clampToGround</altitudeMode><coordinates>11.990902740508318,46.555805280804634,1810.78</coordinates></Point></Placemark><Placemark><TimeSpan><begin>2026-08-03T05:55:45Z</begin><end>2026-08-03T05:55:54Z</end></TimeSpan><styleUrl>#point</styleUrl><Point><altitudeMode>clampToGround</altitudeMode><coordinates>11.990910284221172,46.555748200044036,1812.22</coordinates></Point></Placemark><Placemark><TimeSpan><begin>2026-08-03T05:55:54Z</begin><end>2026-08-03T05:56:04Z</end></TimeSpan><styleUrl>#point</styleUrl><Point><altitudeMode>clampToGround</altitudeMode><coordinates>11.990922689437866,46.555667733773589,1813.6600000000001</coordinates></Point></Placemark><Placemark><TimeSpan><begin>2026-08-03T05:56:04Z</begin><end>2026-08-03T05:56:05Z</end></TimeSpan><styleUrl>#point</styleUrl><Point><altitudeMode>clampToGround</altitudeMode><coordinates>11.990924701094627,46.555657759308815,1814.6300000000001</coordinates></Point></Placemark><Placemark><TimeSpan><begin>2026-08-03T05:56:05Z</begin><end>2026-08-03T05:56:15Z</end></TimeSpan><styleUrl>#point</styleUrl><Point><altitudeMode>clampToGround</altitudeMode><coordinates>11.991014638915658,46.555603696033359,1816.0699999999999</coordinates></Point></Placemark><Placemark><TimeSpan><begin>2026-08-03T05:56:15Z</begin><end>2026-08-03T05:56:21Z</end></TimeSpan><styleUrl>#point</styleUrl><Point><altitudeMode>clampToGround</altitudeMode><coordinates>11.991077922284603,46.555601265281439,1816.55</coordinates></Point></Placemark><Placemark><TimeSpan><begin>2026-08-03T05:56:21Z</begin><end>2026-08-03T05:56:31Z</end></TimeSpan><styleUrl>#point</styleUrl><Point><altitudeMode>clampToGround</altitudeMode><coordinates>11.991173811256886,46.555650131776929,1817.99</coordinates></Point></Placemark><Placemark><TimeSpan><begin>2026-08-03T05:56:31Z</begin><end>2026-08-03T05:56:41Z</end></TimeSpan><styleUrl>#point</styleUrl><Point><altitudeMode>clampToGround</altitudeMode><coordinates>11.991255283355713,46.555713331326842,1819.4300000000001</coordinates></Point></Placemark><Placemark><TimeSpan><begin>2026-08-03T05:56:41Z</begin><end>2026-08-03T05:56:51Z</end></TimeSpan><styleUrl>#point</styleUrl><Point><altitudeMode>clampToGround</altitudeMode><coordinates>11.991300461813807,46.555796731263399,1821.3499999999999</coordinates></Point></Placemark><Placemark><TimeSpan><begin>2026-08-03T05:56:51Z</begin><end>2026-08-03T05:57:00Z</end></TimeSpan><styleUrl>#point</styleUrl><Point><altitudeMode>clampToGround</altitudeMode><coordinates>11.991305323317647,46.555875604972243,1822.3199999999999</coordinates></Point></Placemark><Placemark><TimeSpan><begin>2026-08-03T05:57:00Z</begin><end>2026-08-03T05:57:02Z</end></TimeSpan><styleUrl>#point</styleUrl><Point><altitudeMode>clampToGround</altitudeMode><coordinates>11.991304066032171,46.555892787873745,1822.3199999999999</coordinates></Point></Placemark><Placemark><TimeSpan><begin>2026-08-03T05:57:02Z</begin><end>2026-08-03T05:57:14Z</end></TimeSpan><styleUrl>#point</styleUrl><Point><altitudeMode>clampToGround</altitudeMode><coordinates>11.991381179541349,46.55597853474319,1824.24</coordinates></Point></Placemark><Placemark><TimeSpan><begin>2026-08-03T05:57:14Z</begin><end>2026-08-03T05:57:23Z</end></TimeSpan><styleUrl>#point</styleUrl><Point><altitudeMode>clampToGround</altitudeMode><coordinates>11.991473631933331,46.555992029607296,1825.6800000000001</coordinates></Point></Placemark><Placemark><TimeSpan><begin>2026-08-03T05:57:23Z</begin><end>2026-08-03T05:57:29Z</end></TimeSpan><styleUrl>#point</styleUrl><Point><altitudeMode>clampToGround</altitudeMode><coordinates>11.991517720744014,46.555965291336179,1826.1600000000001</coordinates></Point></Placemark><Placemark><TimeSpan><begin>2026-08-03T05:57:29Z</begin><end>2026-08-03T05:57:32Z</end></TimeSpan><styleUrl>#point</styleUrl><Point><altitudeMode>clampToGround</altitudeMode><coordinates>11.991521492600441,46.555935619398952,1826.6400000000001</coordinates></Point></Placemark><Placemark><TimeSpan><begin>2026-08-03T05:57:32Z</begin><end>2026-08-03T05:57:40Z</end></TimeSpan><styleUrl>#point</styleUrl><Point><altitudeMode>clampToGround</altitudeMode><coordinates>11.991538172587752,46.55587644316256,1828.0799999999999</coordinates></Point></Placemark><Placemark><TimeSpan><begin>2026-08-03T05:57:40Z</begin><end>2026-08-03T05:57:50Z</end></TimeSpan><styleUrl>#point</styleUrl><Point><altitudeMode>clampToGround</altitudeMode><coordinates>11.991533478721976,46.555808465927839,1828.5599999999999</coordinates></Point></Placemark><Placemark><TimeSpan><begin>2026-08-03T05:57:50Z</begin><end>2026-08-03T05:58:02Z</end></TimeSpan><styleUrl>#point</styleUrl><Point><altitudeMode>clampToGround</altitudeMode><coordinates>11.991546805948019,46.555723892524838,1830.01</coordinates></Point></Placemark><Placemark><TimeSpan><begin>2026-08-03T05:58:02Z</begin><end>2026-08-03T05:58:13Z</end></TimeSpan><styleUrl>#point</styleUrl><Point><altitudeMode>clampToGround</altitudeMode><coordinates>11.991556864231825,46.555629763752222,1831.45</coordinates></Point></Placemark><Placemark><TimeSpan><begin>2026-08-03T05:58:13Z</begin><end>2026-08-03T05:58:22Z</end></TimeSpan><styleUrl>#point</styleUrl><Point><altitudeMode>clampToGround</altitudeMode><coordinates>11.991620818153024,46.5555773768574,1832.4100000000001</coordinates></Point></Placemark><Placemark><TimeSpan><begin>2026-08-03T05:58:22Z</begin><end>2026-08-03T05:58:33Z</end></TimeSpan><styleUrl>#point</styleUrl><Point><altitudeMode>clampToGround</altitudeMode><coordinates>11.991734895855188,46.555558433756232,1834.3299999999999</coordinates></Point></Placemark><Placemark><TimeSpan><begin>2026-08-03T05:58:33Z</begin><end>2026-08-03T05:58:44Z</end></TimeSpan><styleUrl>#point</styleUrl><Point><altitudeMode>clampToGround</altitudeMode><coordinates>11.991883926093578,46.555611491203308,1835.29</coordinates></Point></Placemark><Placemark><TimeSpan><begin>2026-08-03T05:58:44Z</begin><end>2026-08-03T05:58:56Z</end></TimeSpan><styleUrl>#point</styleUrl><Point><altitudeMode>clampToGround</altitudeMode><coordinates>11.991905551403761,46.555630434304476,1835.77</coordinates></Point></Placemark><Placemark><TimeSpan><begin>2026-08-03T05:58:56Z</begin><end>2026-08-03T05:59:08Z</end></TimeSpan><styleUrl>#point</styleUrl><Point><altitudeMode>clampToGround</altitudeMode><coordinates>11.991976546123624,46.555704111233354,1837.22</coordinates></Point></Placemark><Placemark><TimeSpan><begin>2026-08-03T05:59:08Z</begin><end>2026-08-03T05:59:20Z</end></TimeSpan><styleUrl>#point</styleUrl><Point><altitudeMode>clampToGround</altitudeMode><coordinates>11.992038572207093,46.555793462321162,1840.0999999999999</coordinates></Point></Placemark><Placemark><TimeSpan><begin>2026-08-03T05:59:20Z</begin><end>2026-08-03T05:59:22Z</end></TimeSpan><styleUrl>#point</styleUrl><Point><altitudeMode>clampToGround</altitudeMode><coordinates>11.992045026272535,46.555802598595619,1840.5799999999999</coordinates></Point></Placemark><Placemark><TimeSpan><begin>2026-08-03T05:59:22Z</begin><end>2026-08-03T05:59:35Z</end></TimeSpan><styleUrl>#point</styleUrl><Point><altitudeMode>clampToGround</altitudeMode><coordinates>11.992095401510596,46.555894380435348,1842.98</coordinates></Point></Placemark><Placemark><TimeSpan><begin>2026-08-03T05:59:35Z</begin><end>2026-08-03T05:59:46Z</end></TimeSpan><styleUrl>#point</styleUrl><Point><altitudeMode>clampToGround</altitudeMode><coordinates>11.992081655189395,46.555928159505129,1843.47</coordinates></Point></Placemark><Placemark><TimeSpan><begin>2026-08-03T05:59:46Z</begin><end>2026-08-03T06:00:02Z</end></TimeSpan><styleUrl>#point</styleUrl><Point><altitudeMode>clampToGround</altitudeMode><coordinates>11.992089450359344,46.555951964110136,1843.95</coordinates></Point></Placemark><Placemark><TimeSpan><begin>2026-08-03T06:00:02Z</begin><end>2026-08-03T06:00:13Z</end></TimeSpan><styleUrl>#point</styleUrl><Point><altitudeMode>clampToGround</altitudeMode><coordinates>11.992125744000077,46.555950539186597,1844.4300000000001</coordinates></Point></Placemark><Placemark><TimeSpan><begin>2026-08-03T06:00:13Z</begin><end>2026-08-03T06:00:24Z</end></TimeSpan><styleUrl>#point</styleUrl><Point><altitudeMode>clampToGround</altitudeMode><coordinates>11.992119876667857,46.555944755673409,1844.4300000000001</coordinates></Point></Placemark><Placemark><TimeSpan><begin>2026-08-03T06:00:24Z</begin><end>2026-08-03T06:00:26Z</end></TimeSpan><styleUrl>#point</styleUrl><Point><altitudeMode>clampToGround</altitudeMode><coordinates>11.992131862789392,46.555927991867065,1844.4300000000001</coordinates></Point></Placemark><Placemark><TimeSpan><begin>2026-08-03T06:00:26Z</begin><end>2026-08-03T06:00:32Z</end></TimeSpan><styleUrl>#point</styleUrl><Point><altitudeMode>clampToGround</altitudeMode><coordinates>11.992187183350325,46.555878119543195,1844.4300000000001</coordinates></Point></Placemark><Placemark><TimeSpan><begin>2026-08-03T06:00:32Z</begin><end>2026-08-03T06:00:44Z</end></TimeSpan><styleUrl>#point</styleUrl><Point><altitudeMode>clampToGround</altitudeMode><coordinates>11.992240324616432,46.555776530876756,1846.3499999999999</coordinates></Point></Placemark><Placemark><TimeSpan><begin>2026-08-03T06:00:44Z</begin><end>2026-08-03T06:00:54Z</end></TimeSpan><styleUrl>#point</styleUrl><Point><altitudeMode>clampToGround</altitudeMode><coordinates>11.992296986281872,46.555707883089781,1847.79</coordinates></Point></Placemark><Placemark><TimeSpan><begin>2026-08-03T06:00:54Z</begin><end>2026-08-03T06:01:06Z</end></TimeSpan><styleUrl>#point</styleUrl><Point><altitudeMode>clampToGround</altitudeMode><coordinates>11.99239119887352,46.555673852562904,1849.71</coordinates></Point></Placemark><Placemark><TimeSpan><begin>2026-08-03T06:01:06Z</begin><end>2026-08-03T06:01:17Z</end></TimeSpan><styleUrl>#point</styleUrl><Point><altitudeMode>clampToGround</altitudeMode><coordinates>11.992469737306237,46.555624399334192,1852.1199999999999</coordinates></Point></Placemark><Placemark><TimeSpan><begin>2026-08-03T06:01:17Z</begin><end>2026-08-03T06:01:30Z</end></TimeSpan><styleUrl>#point</styleUrl><Point><altitudeMode>clampToGround</altitudeMode><coordinates>11.992547772824764,46.555564887821674,1854.04</coordinates></Point></Placemark><Placemark><TimeSpan><begin>2026-08-03T06:01:30Z</begin><end>2026-08-03T06:01:41Z</end></TimeSpan><styleUrl>#point</styleUrl><Point><altitudeMode>clampToGround</altitudeMode><coordinates>11.992641566321254,46.555542256683111,1856.4400000000001</coordinates></Point></Placemark><Placemark><TimeSpan><begin>2026-08-03T06:01:41Z</begin><end>2026-08-03T06:01:53Z</end></TimeSpan><styleUrl>#point</styleUrl><Point><altitudeMode>clampToGround</altitudeMode><coordinates>11.992739802226424,46.555612497031689,1857.8900000000001</coordinates></Point></Placemark><Placemark><TimeSpan><begin>2026-08-03T06:01:53Z</begin><end>2026-08-03T06:02:04Z</end></TimeSpan><styleUrl>#point</styleUrl><Point><altitudeMode>clampToGround</altitudeMode><coordinates>11.992747262120247,46.555688856169581,1859.8099999999999</coordinates></Point></Placemark><Placemark><TimeSpan><begin>2026-08-03T06:02:04Z</begin><end>2026-08-03T06:02:14Z</end></TimeSpan><styleUrl>#point</styleUrl><Point><altitudeMode>clampToGround</altitudeMode><coordinates>11.992779448628426,46.555754486471415,1861.25</coordinates></Point></Placemark><Placemark><TimeSpan><begin>2026-08-03T06:02:14Z</begin><end>2026-08-03T06:02:25Z</end></TimeSpan><styleUrl>#point</styleUrl><Point><altitudeMode>clampToGround</altitudeMode><coordinates>11.992812138050795,46.555796898901463,1863.1700000000001</coordinates></Point></Placemark><Placemark><TimeSpan><begin>2026-08-03T06:02:25Z</begin><end>2026-08-03T06:02:41Z</end></TimeSpan><styleUrl>#point</styleUrl><Point><altitudeMode>clampToGround</altitudeMode><coordinates>11.992807444185019,46.555793294683099,1863.1700000000001</coordinates></Point></Placemark><Placemark><TimeSpan><begin>2026-08-03T06:02:41Z</begin><end>2026-08-03T06:02:52Z</end></TimeSpan><styleUrl>#point</styleUrl><Point><altitudeMode>clampToGround</altitudeMode><coordinates>11.992843570187688,46.555804945528507,1863.1700000000001</coordinates></Point></Placemark><Placemark><TimeSpan><begin>2026-08-03T06:02:52Z</begin><end>2026-08-03T06:03:08Z</end></TimeSpan><styleUrl>#point</styleUrl><Point><altitudeMode>clampToGround</altitudeMode><coordinates>11.992847509682178,46.555803604424,1863.6500000000001</coordinates></Point></Placemark><Placemark><TimeSpan><begin>2026-08-03T06:03:08Z</begin><end>2026-08-03T06:03:21Z</end></TimeSpan><styleUrl>#point</styleUrl><Point><altitudeMode>clampToGround</altitudeMode><coordinates>11.992862429469824,46.555769825354218,1863.6500000000001</coordinates></Point></Placemark><Placemark><TimeSpan><begin>2026-08-03T06:03:21Z</begin><end>2026-08-03T06:03:30Z</end></TimeSpan><styleUrl>#point</styleUrl><Point><altitudeMode>clampToGround</altitudeMode><coordinates>11.992921773344278,46.555719533935189,1865.0899999999999</coordinates></Point></Placemark><Placemark><TimeSpan><begin>2026-08-03T06:03:30Z</begin><end>2026-08-03T06:03:37Z</end></TimeSpan><styleUrl>#point</styleUrl><Point><altitudeMode>clampToGround</altitudeMode><coordinates>11.992953373119235,46.555670918896794,1866.54</coordinates></Point></Placemark><Placemark><TimeSpan><begin>2026-08-03T06:03:37Z</begin><end>2026-08-03T06:03:48Z</end></TimeSpan><styleUrl>#point</styleUrl><Point><altitudeMode>clampToGround</altitudeMode><coordinates>11.993011208251119,46.555603025481105,1868.46</coordinates></Point></Placemark><Placemark><TimeSpan><begin>2026-08-03T06:03:48Z</begin><end>2026-08-03T06:03:59Z</end></TimeSpan><styleUrl>#point</styleUrl><Point><altitudeMode>clampToGround</altitudeMode><coordinates>11.993088992312551,46.555536556988955,1870.3800000000001</coordinates></Point></Placemark><Placemark><TimeSpan><begin>2026-08-03T06:03:59Z</begin><end>2026-08-03T06:04:09Z</end></TimeSpan><styleUrl>#point</styleUrl><Point><altitudeMode>clampToGround</altitudeMode><coordinates>11.993189407512546,46.55555441044271,1871.8199999999999</coordinates></Point></Placemark><Placemark><TimeSpan><begin>2026-08-03T06:04:09Z</begin><end>2026-08-03T06:04:20Z</end></TimeSpan><styleUrl>#point</styleUrl><Point><altitudeMode>clampToGround</altitudeMode><coordinates>11.993231736123562,46.555642252787948,1873.27</coordinates></Point></Placemark><Placemark><TimeSpan><begin>2026-08-03T06:04:20Z</begin><end>2026-08-03T06:04:31Z</end></TimeSpan><styleUrl>#point</styleUrl><Point><altitudeMode>clampToGround</altitudeMode><coordinates>11.99324581772089,46.555724060162902,1875.1900000000001</coordinates></Point></Placemark><Placemark><TimeSpan><begin>2026-08-03T06:04:31Z</begin><end>2026-08-03T06:04:39Z</end></TimeSpan><styleUrl>#point</styleUrl><Point><altitudeMode>clampToGround</altitudeMode><coordinates>11.993284374475479,46.555760353803635,1876.1500000000001</coordinates></Point></Placemark><Placemark><TimeSpan><begin>2026-08-03T06:04:39Z</begin><end>2026-08-03T06:04:49Z</end></TimeSpan><styleUrl>#point</styleUrl><Point><altitudeMode>clampToGround</altitudeMode><coordinates>11.993374731391668,46.555736381560564,1878.0699999999999</coordinates></Point></Placemark><Placemark><TimeSpan><begin>2026-08-03T06:04:49Z</begin><end>2026-08-03T06:05:01Z</end></TimeSpan><styleUrl>#point</styleUrl><Point><altitudeMode>clampToGround</altitudeMode><coordinates>11.99345201253891,46.555679719895124,1880.48</coordinates></Point></Placemark><Placemark><TimeSpan><begin>2026-08-03T06:05:01Z</begin><end>2026-08-03T06:05:11Z</end></TimeSpan><styleUrl>#point</styleUrl><Point><altitudeMode>clampToGround</altitudeMode><coordinates>11.993481097742915,46.555657256394625,1880.96</coordinates></Point></Placemark><Placemark><TimeSpan><begin>2026-08-03T06:05:11Z</begin><end>2026-08-03T06:05:20Z</end></TimeSpan><styleUrl>#point</styleUrl><Point><altitudeMode>clampToGround</altitudeMode><coordinates>11.993527030572295,46.555595565587282,1882.4000000000001</coordinates></Point></Placemark><Placemark><TimeSpan><begin>2026-08-03T06:05:20Z</begin><end>2026-08-03T06:05:31Z</end></TimeSpan><styleUrl>#point</styleUrl><Point><altitudeMode>clampToGround</altitudeMode><coordinates>11.993582937866449,46.555539574474096,1883.8399999999999</coordinates></Point></Placemark><Placemark><TimeSpan><begin>2026-08-03T06:05:31Z</begin><end>2026-08-03T06:05:42Z</end></TimeSpan><styleUrl>#point</styleUrl><Point><altitudeMode>clampToGround</altitudeMode><coordinates>11.993644880130887,46.555477296933532,1886.24</coordinates></Point></Placemark><Placemark><TimeSpan><begin>2026-08-03T06:05:42Z</begin><end>2026-08-03T06:05:55Z</end></TimeSpan><styleUrl>#point</styleUrl><Point><altitudeMode>clampToGround</altitudeMode><coordinates>11.993748899549246,46.55544200912118,1887.6900000000001</coordinates></Point></Placemark><Placemark><TimeSpan><begin>2026-08-03T06:05:55Z</begin><end>2026-08-03T06:06:07Z</end></TimeSpan><styleUrl>#point</styleUrl><Point><altitudeMode>clampToGround</altitudeMode><coordinates>11.993846381083131,46.555509986355901,1890.0899999999999</coordinates></Point></Placemark><Placemark><TimeSpan><begin>2026-08-03T06:06:07Z</begin><end>2026-08-03T06:06:17Z</end></TimeSpan><styleUrl>#point</styleUrl><Point><altitudeMode>clampToGround</altitudeMode><coordinates>11.993898935616016,46.555564217269421,1891.53</coordinates></Point></Placemark><Placemark><TimeSpan><begin>2026-08-03T06:06:17Z</begin><end>2026-08-03T06:06:28Z</end></TimeSpan><styleUrl>#point</styleUrl><Point><altitudeMode>clampToGround</altitudeMode><coordinates>11.993966242298484,46.55557150952518,1893.45</coordinates></Point></Placemark><Placemark><TimeSpan><begin>2026-08-03T06:06:28Z</begin><end>2026-08-03T06:06:50Z</end></TimeSpan><styleUrl>#point</styleUrl><Point><altitudeMode>clampToGround</altitudeMode><coordinates>11.993949897587299,46.555600091814995,1893.45</coordinates></Point></Placemark><Placemark><TimeSpan><begin>2026-08-03T06:06:50Z</begin><end>2026-08-03T06:07:14Z</end></TimeSpan><styleUrl>#point</styleUrl><Point><altitudeMode>clampToGround</altitudeMode><coordinates>11.993963560089469,46.555593386292458,1893.45</coordinates></Point></Placemark><Placemark><TimeSpan><begin>2026-08-03T06:07:14Z</begin><end>2026-08-03T06:07:36Z</end></TimeSpan><styleUrl>#point</styleUrl><Point><altitudeMode>clampToGround</altitudeMode><coordinates>11.993950651958585,46.555608389899135,1893.45</coordinates></Point></Placemark><Placemark><TimeSpan><begin>2026-08-03T06:07:36Z</begin><end>2026-08-03T06:07:50Z</end></TimeSpan><styleUrl>#point</styleUrl><Point><altitudeMode>clampToGround</altitudeMode><coordinates>11.993971187621355,46.555615179240704,1893.45</coordinates></Point></Placemark><Placemark><TimeSpan><begin>2026-08-03T06:07:50Z</begin><end>2026-08-03T06:08:08Z</end></TimeSpan><styleUrl>#point</styleUrl><Point><altitudeMode>clampToGround</altitudeMode><coordinates>11.993982084095478,46.55561744235456,1893.9300000000001</coordinates></Point></Placemark><Placemark><TimeSpan><begin>2026-08-03T06:08:08Z</begin><end>2026-08-03T06:08:19Z</end></TimeSpan><styleUrl>#point</styleUrl><Point><altitudeMode>clampToGround</altitudeMode><coordinates>11.994008990004659,46.555525744333863,1895.3800000000001</coordinates></Point></Placemark><Placemark><TimeSpan><begin>2026-08-03T06:08:19Z</begin><end>2026-08-03T06:08:29Z</end></TimeSpan><styleUrl>#point</styleUrl><Point><altitudeMode>clampToGround</altitudeMode><coordinates>11.994006475433707,46.555463718250394,1896.8199999999999</coordinates></Point></Placemark><Placemark><TimeSpan><begin>2026-08-03T06:08:29Z</begin><end>2026-08-03T06:08:40Z</end></TimeSpan><styleUrl>#point</styleUrl><Point><altitudeMode>clampToGround</altitudeMode><coordinates>11.994019048288465,46.555403200909495,1898.74</coordinates></Point></Placemark><Placemark><TimeSpan><begin>2026-08-03T06:08:40Z</begin><end>2026-08-03T06:08:51Z</end></TimeSpan><styleUrl>#point</styleUrl><Point><altitudeMode>clampToGround</altitudeMode><coordinates>11.99403690174222,46.55533161945641,1900.6600000000001</coordinates></Point></Placemark><Placemark><TimeSpan><begin>2026-08-03T06:08:51Z</begin><end>2026-08-03T06:09:01Z</end></TimeSpan><styleUrl>#point</styleUrl><Point><altitudeMode>clampToGround</altitudeMode><coordinates>11.994062885642052,46.555255679413676,1902.5899999999999</coordinates></Point></Placemark><Placemark><TimeSpan><begin>2026-08-03T06:09:01Z</begin><end>2026-08-03T06:09:11Z</end></TimeSpan><styleUrl>#point</styleUrl><Point><altitudeMode>clampToGround</altitudeMode><coordinates>11.994146872311831,46.555195832625031,1904.51</coordinates></Point></Placemark><Placemark><TimeSpan><begin>2026-08-03T06:09:11Z</begin><end>2026-08-03T06:09:21Z</end></TimeSpan><styleUrl>#point</styleUrl><Point><altitudeMode>clampToGround</altitudeMode><coordinates>11.994190206751227,46.555125508457422,1906.9100000000001</coordinates></Point></Placemark><Placemark><TimeSpan><begin>2026-08-03T06:09:21Z</begin><end>2026-08-03T06:09:31Z</end></TimeSpan><styleUrl>#point</styleUrl><Point><altitudeMode>clampToGround</altitudeMode><coordinates>11.99422650039196,46.555054681375623,1908.3499999999999</coordinates></Point></Placemark><Placemark><TimeSpan><begin>2026-08-03T06:09:31Z</begin><end>2026-08-03T06:09:40Z</end></TimeSpan><styleUrl>#point</styleUrl><Point><altitudeMode>clampToGround</altitudeMode><coordinates>11.994298165664077,46.555014029145241,1909.3199999999999</coordinates></Point></Placemark><Placemark><TimeSpan><begin>2026-08-03T06:09:40Z</begin><end>2026-08-03T06:09:48Z</end></TimeSpan><styleUrl>#point</styleUrl><Point><altitudeMode>clampToGround</altitudeMode><coordinates>11.994366981089115,46.555003970861435,1910.28</coordinates></Point></Placemark><Placemark><TimeSpan><begin>2026-08-03T06:09:48Z</begin><end>2026-08-03T06:10:00Z</end></TimeSpan><styleUrl>#point</styleUrl><Point><altitudeMode>clampToGround</altitudeMode><coordinates>11.994477119296789,46.555008497089148,1912.2</coordinates></Point></Placemark><Placemark><TimeSpan><begin>2026-08-03T06:10:00Z</begin><end>2026-08-03T06:10:11Z</end></TimeSpan><styleUrl>#point</styleUrl><Point><altitudeMode>clampToGround</altitudeMode><coordinates>11.994561860337853,46.554992655292153,1914.5999999999999</coordinates></Point></Placemark><Placemark><TimeSpan><begin>2026-08-03T06:10:11Z</begin><end>2026-08-03T06:10:23Z</end></TimeSpan><styleUrl>#point</styleUrl><Point><altitudeMode>clampToGround</altitudeMode><coordinates>11.994651379063725,46.554975556209683,1916.04</coordinates></Point></Placemark><Placemark><TimeSpan><begin>2026-08-03T06:10:23Z</begin><end>2026-08-03T06:10:34Z</end></TimeSpan><styleUrl>#point</styleUrl><Point><altitudeMode>clampToGround</altitudeMode><coordinates>11.994706196710467,46.554973628371954,1917.01</coordinates></Point></Placemark><Placemark><TimeSpan><begin>2026-08-03T06:10:34Z</begin><end>2026-08-03T06:10:46Z</end></TimeSpan><styleUrl>#point</styleUrl><Point><altitudeMode>clampToGround</altitudeMode><coordinates>11.994803678244352,46.554967006668448,1919.4100000000001</coordinates></Point></Placemark><Placemark><TimeSpan><begin>2026-08-03T06:10:46Z</begin><end>2026-08-03T06:10:59Z</end></TimeSpan><styleUrl>#point</styleUrl><Point><altitudeMode>clampToGround</altitudeMode><coordinates>11.994898812845349,46.554956864565611,1922.29</coordinates></Point></Placemark><Placemark><TimeSpan><begin>2026-08-03T06:10:59Z</begin><end>2026-08-03T06:11:09Z</end></TimeSpan><styleUrl>#point</styleUrl><Point><altitudeMode>clampToGround</altitudeMode><coordinates>11.994971316307783,46.554945884272456,1924.22</coordinates></Point></Placemark><Placemark><TimeSpan><begin>2026-08-03T06:11:09Z</begin><end>2026-08-03T06:11:21Z</end></TimeSpan><styleUrl>#point</styleUrl><Point><altitudeMode>clampToGround</altitudeMode><coordinates>11.995002496987581,46.554907746613026,1925.6600000000001</coordinates></Point></Placemark><Placemark><TimeSpan><begin>2026-08-03T06:11:21Z</begin><end>2026-08-03T06:11:35Z</end></TimeSpan><styleUrl>#point</styleUrl><Point><altitudeMode>clampToGround</altitudeMode><coordinates>11.995034432038665,46.554876901209354,1926.1400000000001</coordinates></Point></Placemark><Placemark><TimeSpan><begin>2026-08-03T06:11:35Z</begin><end>2026-08-03T06:11:46Z</end></TimeSpan><styleUrl>#point</styleUrl><Point><altitudeMode>clampToGround</altitudeMode><coordinates>11.995130572468042,46.554819568991661,1927.0999999999999</coordinates></Point></Placemark><Placemark><TimeSpan><begin>2026-08-03T06:11:46Z</begin><end>2026-08-03T06:11:57Z</end></TimeSpan><styleUrl>#point</styleUrl><Point><altitudeMode>clampToGround</altitudeMode><coordinates>11.995228137820959,46.55476039275527,1928.0599999999999</coordinates></Point></Placemark><Placemark><TimeSpan><begin>2026-08-03T06:11:57Z</begin><end>2026-08-03T06:12:06Z</end></TimeSpan><styleUrl>#point</styleUrl><Point><altitudeMode>clampToGround</altitudeMode><coordinates>11.995281782001257,46.554726948961616,1929.02</coordinates></Point></Placemark><Placemark><TimeSpan><begin>2026-08-03T06:12:06Z</begin><end>2026-08-03T06:12:17Z</end></TimeSpan><styleUrl>#point</styleUrl><Point><altitudeMode>clampToGround</altitudeMode><coordinates>11.995326457545161,46.554693169891834,1929.98</coordinates></Point></Placemark><Placemark><TimeSpan><begin>2026-08-03T06:12:17Z</begin><end>2026-08-03T06:12:26Z</end></TimeSpan><styleUrl>#point</styleUrl><Point><altitudeMode>clampToGround</altitudeMode><coordinates>11.99540700763464,46.554655116051435,1930.95</coordinates></Point></Placemark><Placemark><TimeSpan><begin>2026-08-03T06:12:26Z</begin><end>2026-08-03T06:12:36Z</end></TimeSpan><styleUrl>#point</styleUrl><Point><altitudeMode>clampToGround</altitudeMode><coordinates>11.995505411177874,46.554659390822053,1931.9100000000001</coordinates></Point></Placemark><Placemark><TimeSpan><begin>2026-08-03T06:12:36Z</begin><end>2026-08-03T06:12:46Z</end></TimeSpan><styleUrl>#point</styleUrl><Point><altitudeMode>clampToGround</altitudeMode><coordinates>11.995596857741475,46.554672969505191,1934.3099999999999</coordinates></Point></Placemark><Placemark><TimeSpan><begin>2026-08-03T06:12:46Z</begin><end>2026-08-03T06:12:57Z</end></TimeSpan><styleUrl>#point</styleUrl><Point><altitudeMode>clampToGround</altitudeMode><coordinates>11.995682436972857,46.554664755240083,1935.75</coordinates></Point></Placemark><Placemark><TimeSpan><begin>2026-08-03T06:12:57Z</begin><end>2026-08-03T06:13:08Z</end></TimeSpan><styleUrl>#point</styleUrl><Point><altitudeMode>clampToGround</altitudeMode><coordinates>11.995743876323104,46.5546690300107,1937.1900000000001</coordinates></Point></Placemark><Placemark><TimeSpan><begin>2026-08-03T06:13:08Z</begin><end>2026-08-03T06:13:20Z</end></TimeSpan><styleUrl>#point</styleUrl><Point><altitudeMode>clampToGround</altitudeMode><coordinates>11.995835825800896,46.554660396650434,1939.1199999999999</coordinates></Point></Placemark><Placemark><TimeSpan><begin>2026-08-03T06:13:20Z</begin><end>2026-08-03T06:13:32Z</end></TimeSpan><styleUrl>#point</styleUrl><Point><altitudeMode>clampToGround</altitudeMode><coordinates>11.995911598205566,46.55464505776763,1941.04</coordinates></Point></Placemark><Placemark><TimeSpan><begin>2026-08-03T06:13:32Z</begin><end>2026-08-03T06:13:42Z</end></TimeSpan><styleUrl>#point</styleUrl><Point><altitudeMode>clampToGround</altitudeMode><coordinates>11.995974043384194,46.554607506841421,1942.48</coordinates></Point></Placemark><Placemark><TimeSpan><begin>2026-08-03T06:13:42Z</begin><end>2026-08-03T06:13:53Z</end></TimeSpan><styleUrl>#point</styleUrl><Point><altitudeMode>clampToGround</altitudeMode><coordinates>11.996034644544125,46.554554868489504,1944.4000000000001</coordinates></Point></Placemark><Placemark><TimeSpan><begin>2026-08-03T06:13:53Z</begin><end>2026-08-03T06:14:04Z</end></TimeSpan><styleUrl>#point</styleUrl><Point><altitudeMode>clampToGround</altitudeMode><coordinates>11.996078565716743,46.554508348926902,1945.8499999999999</coordinates></Point></Placemark><Placemark><TimeSpan><begin>2026-08-03T06:14:04Z</begin><end>2026-08-03T06:14:14Z</end></TimeSpan><styleUrl>#point</styleUrl><Point><altitudeMode>clampToGround</altitudeMode><coordinates>11.996100526303053,46.554447412490845,1948.25</coordinates></Point></Placemark><Placemark><TimeSpan><begin>2026-08-03T06:14:14Z</begin><end>2026-08-03T06:14:25Z</end></TimeSpan><styleUrl>#point</styleUrl><Point><altitudeMode>clampToGround</altitudeMode><coordinates>11.996165988966823,46.554357390850782,1949.21</coordinates></Point></Placemark><Placemark><TimeSpan><begin>2026-08-03T06:14:25Z</begin><end>2026-08-03T06:14:35Z</end></TimeSpan><styleUrl>#point</styleUrl><Point><altitudeMode>clampToGround</altitudeMode><coordinates>11.996228769421577,46.554286060854793,1949.6900000000001</coordinates></Point></Placemark><Placemark><TimeSpan><begin>2026-08-03T06:14:35Z</begin><end>2026-08-03T06:14:41Z</end></TimeSpan><styleUrl>#point</styleUrl><Point><altitudeMode>clampToGround</altitudeMode><coordinates>11.996264979243279,46.55423853546381,1950.1700000000001</coordinates></Point></Placemark><Placemark><TimeSpan><begin>2026-08-03T06:14:41Z</begin><end>2026-08-03T06:14:43Z</end></TimeSpan><styleUrl>#point</styleUrl><Point><altitudeMode>clampToGround</altitudeMode><coordinates>11.996269505470991,46.554214479401708,1950.6500000000001</coordinates></Point></Placemark><Placemark><TimeSpan><begin>2026-08-03T06:14:43Z</begin><end>2026-08-03T06:14:50Z</end></TimeSpan><styleUrl>#point</styleUrl><Point><altitudeMode>clampToGround</altitudeMode><coordinates>11.9963070563972,46.554146921262145,1950.6500000000001</coordinates></Point></Placemark><Placemark><TimeSpan><begin>2026-08-03T06:14:50Z</begin><end>2026-08-03T06:15:03Z</end></TimeSpan><styleUrl>#point</styleUrl><Point><altitudeMode>clampToGround</altitudeMode><coordinates>11.996445273980498,46.554081374779344,1952.5699999999999</coordinates></Point></Placemark><Placemark><TimeSpan><begin>2026-08-03T06:15:03Z</begin><end>2026-08-03T06:15:13Z</end></TimeSpan><styleUrl>#point</styleUrl><Point><altitudeMode>clampToGround</altitudeMode><coordinates>11.99655138887465,46.554057151079178,1954.5</coordinates></Point></Placemark><Placemark><TimeSpan><begin>2026-08-03T06:15:13Z</begin><end>2026-08-03T06:15:24Z</end></TimeSpan><styleUrl>#point</styleUrl><Point><altitudeMode>clampToGround</altitudeMode><coordinates>11.996653480455279,46.554032592102885,1955.9400000000001</coordinates></Point></Placemark><Placemark><TimeSpan><begin>2026-08-03T06:15:24Z</begin><end>2026-08-03T06:15:36Z</end></TimeSpan><styleUrl>#point</styleUrl><Point><altitudeMode>clampToGround</altitudeMode><coordinates>11.996763283386827,46.554008619859815,1958.3399999999999</coordinates></Point></Placemark><Placemark><TimeSpan><begin>2026-08-03T06:15:36Z</begin><end>2026-08-03T06:15:46Z</end></TimeSpan><styleUrl>#point</styleUrl><Point><altitudeMode>clampToGround</altitudeMode><coordinates>11.996843833476305,46.55397517606616,1959.78</coordinates></Point></Placemark><Placemark><TimeSpan><begin>2026-08-03T06:15:46Z</begin><end>2026-08-03T06:15:56Z</end></TimeSpan><styleUrl>#point</styleUrl><Point><altitudeMode>clampToGround</altitudeMode><coordinates>11.996934274211526,46.55394684523344,1961.71</coordinates></Point></Placemark><Placemark><TimeSpan><begin>2026-08-03T06:15:56Z</begin><end>2026-08-03T06:16:07Z</end></TimeSpan><styleUrl>#point</styleUrl><Point><altitudeMode>clampToGround</altitudeMode><coordinates>11.99700434692204,46.553902504965663,1963.6300000000001</coordinates></Point></Placemark><Placemark><TimeSpan><begin>2026-08-03T06:16:07Z</begin><end>2026-08-03T06:16:16Z</end></TimeSpan><styleUrl>#point</styleUrl><Point><altitudeMode>clampToGround</altitudeMode><coordinates>11.997052626684308,46.553863696753979,1965.0699999999999</coordinates></Point></Placemark><Placemark><TimeSpan><begin>2026-08-03T06:16:16Z</begin><end>2026-08-03T06:16:27Z</end></TimeSpan><styleUrl>#point</styleUrl><Point><altitudeMode>clampToGround</altitudeMode><coordinates>11.997057236731052,46.553834360092878,1966.51</coordinates></Point></Placemark><Placemark><TimeSpan><begin>2026-08-03T06:16:27Z</begin><end>2026-08-03T06:16:46Z</end></TimeSpan><styleUrl>#point</styleUrl><Point><altitudeMode>clampToGround</altitudeMode><coordinates>11.997056230902672,46.553851291537285,1966.51</coordinates></Point></Placemark><Placemark><TimeSpan><begin>2026-08-03T06:16:46Z</begin><end>2026-08-03T06:17:04Z</end></TimeSpan><styleUrl>#point</styleUrl><Point><altitudeMode>clampToGround</altitudeMode><coordinates>11.997071653604507,46.553827654570341,1966.51</coordinates></Point></Placemark><Placemark><TimeSpan><begin>2026-08-03T06:17:04Z</begin><end>2026-08-03T06:17:13Z</end></TimeSpan><styleUrl>#point</styleUrl><Point><altitudeMode>clampToGround</altitudeMode><coordinates>11.997074335813522,46.553760431706905,1968.4400000000001</coordinates></Point></Placemark><Placemark><TimeSpan><begin>2026-08-03T06:17:13Z</begin><end>2026-08-03T06:17:24Z</end></TimeSpan><styleUrl>#point</styleUrl><Point><altitudeMode>clampToGround</altitudeMode><coordinates>11.99710207991302,46.553677786141634,1969.8800000000001</coordinates></Point></Placemark><Placemark><TimeSpan><begin>2026-08-03T06:17:24Z</begin><end>2026-08-03T06:17:35Z</end></TimeSpan><styleUrl>#point</styleUrl><Point><altitudeMode>clampToGround</altitudeMode><coordinates>11.99712697416544,46.553596900776029,1971.8</coordinates></Point></Placemark><Placemark><TimeSpan><begin>2026-08-03T06:17:35Z</begin><end>2026-08-03T06:17:36Z</end></TimeSpan><styleUrl>#point</styleUrl><Point><altitudeMode>clampToGround</altitudeMode><coordinates>11.997129237279296,46.553588854148984,1971.8</coordinates></Point></Placemark><Placemark><TimeSpan><begin>2026-08-03T06:17:36Z</begin><end>2026-08-03T06:17:46Z</end></TimeSpan><styleUrl>#point</styleUrl><Point><altitudeMode>clampToGround</altitudeMode><coordinates>11.997142396867275,46.553504448384047,1973.72</coordinates></Point></Placemark><Placemark><TimeSpan><begin>2026-08-03T06:17:46Z</begin><end>2026-08-03T06:17:55Z</end></TimeSpan><styleUrl>#point</styleUrl><Point><altitudeMode>clampToGround</altitudeMode><coordinates>11.997160920873284,46.553432028740644,1975.1700000000001</coordinates></Point></Placemark><Placemark><TimeSpan><begin>2026-08-03T06:17:55Z</begin><end>2026-08-03T06:18:06Z</end></TimeSpan><styleUrl>#point</styleUrl><Point><altitudeMode>clampToGround</altitudeMode><coordinates>11.997204842045903,46.553341168910265,1977.0899999999999</coordinates></Point></Placemark><Placemark><TimeSpan><begin>2026-08-03T06:18:06Z</begin><end>2026-08-03T06:18:18Z</end></TimeSpan><styleUrl>#point</styleUrl><Point><altitudeMode>clampToGround</altitudeMode><coordinates>11.997239291667938,46.553289284929633,1978.05</coordinates></Point></Placemark><Placemark><TimeSpan><begin>2026-08-03T06:18:18Z</begin><end>2026-08-03T06:18:29Z</end></TimeSpan><styleUrl>#point</styleUrl><Point><altitudeMode>clampToGround</altitudeMode><coordinates>11.997326798737049,46.553220553323627,1979.01</coordinates></Point></Placemark><Placemark><TimeSpan><begin>2026-08-03T06:18:29Z</begin><end>2026-08-03T06:18:42Z</end></TimeSpan><styleUrl>#point</styleUrl><Point><altitudeMode>clampToGround</altitudeMode><coordinates>11.997452024370432,46.553123071789742,1979.49</coordinates></Point></Placemark><Placemark><TimeSpan><begin>2026-08-03T06:18:42Z</begin><end>2026-08-03T06:18:43Z</end></TimeSpan><styleUrl>#point</styleUrl><Point><altitudeMode>clampToGround</altitudeMode><coordinates>11.997462082654238,46.553115611895919,1979.49</coordinates></Point></Placemark><Placemark><TimeSpan><begin>2026-08-03T06:18:43Z</begin><end>2026-08-03T06:18:47Z</end></TimeSpan><styleUrl>#point</styleUrl><Point><altitudeMode>clampToGround</altitudeMode><coordinates>11.997514721006155,46.553100692108274,1980.45</coordinates></Point></Placemark><Placemark><TimeSpan><begin>2026-08-03T06:18:47Z</begin><end>2026-08-03T06:19:00Z</end></TimeSpan><styleUrl>#point</styleUrl><Point><altitudeMode>clampToGround</altitudeMode><coordinates>11.99763810262084,46.553160957992077,1980.45</coordinates></Point></Placemark><Placemark><TimeSpan><begin>2026-08-03T06:19:00Z</begin><end>2026-08-03T06:19:10Z</end></TimeSpan><styleUrl>#point</styleUrl><Point><altitudeMode>clampToGround</altitudeMode><coordinates>11.997632486745715,46.553164729848504,1980.45</coordinates></Point></Placemark><Placemark><TimeSpan><begin>2026-08-03T06:19:10Z</begin><end>2026-08-03T06:19:21Z</end></TimeSpan><styleUrl>#point</styleUrl><Point><altitudeMode>clampToGround</altitudeMode><coordinates>11.997629888355732,46.553154587745667,1980.45</coordinates></Point></Placemark><Placemark><TimeSpan><begin>2026-08-03T06:19:21Z</begin><end>2026-08-03T06:19:37Z</end></TimeSpan><styleUrl>#point</styleUrl><Point><altitudeMode>clampToGround</altitudeMode><coordinates>11.997597366571426,46.553146038204432,1980.9300000000001</coordinates></Point></Placemark><Placemark><TimeSpan><begin>2026-08-03T06:19:37Z</begin><end>2026-08-03T06:19:48Z</end></TimeSpan><styleUrl>#point</styleUrl><Point><altitudeMode>clampToGround</altitudeMode><coordinates>11.997599126771092,46.553130531683564,1980.9300000000001</coordinates></Point></Placemark><Placemark><TimeSpan><begin>2026-08-03T06:19:48Z</begin><end>2026-08-03T06:20:08Z</end></TimeSpan><styleUrl>#point</styleUrl><Point><altitudeMode>clampToGround</altitudeMode><coordinates>11.997611448168755,46.553153498098254,1980.9300000000001</coordinates></Point></Placemark><Placemark><TimeSpan><begin>2026-08-03T06:20:08Z</begin><end>2026-08-03T06:20:24Z</end></TimeSpan><styleUrl>#point</styleUrl><Point><altitudeMode>clampToGround</altitudeMode><coordinates>11.997610609978437,46.553164897486567,1980.9300000000001</coordinates></Point></Placemark><Placemark><TimeSpan><begin>2026-08-03T06:20:24Z</begin><end>2026-08-03T06:20:41Z</end></TimeSpan><styleUrl>#point</styleUrl><Point><altitudeMode>clampToGround</altitudeMode><coordinates>11.997627960518003,46.553172273561358,1980.9300000000001</coordinates></Point></Placemark><Placemark><TimeSpan><begin>2026-08-03T06:20:41Z</begin><end>2026-08-03T06:21:00Z</end></TimeSpan><styleUrl>#point</styleUrl><Point><altitudeMode>clampToGround</altitudeMode><coordinates>11.997559228911996,46.553147714585066,1981.4100000000001</coordinates></Point></Placemark><Placemark><TimeSpan><begin>2026-08-03T06:21:00Z</begin><end>2026-08-03T06:21:20Z</end></TimeSpan><styleUrl>#point</styleUrl><Point><altitudeMode>clampToGround</altitudeMode><coordinates>11.997575322166085,46.553159281611443,1981.4100000000001</coordinates></Point></Placemark><Placemark><TimeSpan><begin>2026-08-03T06:21:20Z</begin><end>2026-08-03T06:21:34Z</end></TimeSpan><styleUrl>#point</styleUrl><Point><altitudeMode>clampToGround</altitudeMode><coordinates>11.99759560637176,46.553143272176385,1981.4100000000001</coordinates></Point></Placemark><Placemark><TimeSpan><begin>2026-08-03T06:21:34Z</begin><end>2026-08-03T06:21:53Z</end></TimeSpan><styleUrl>#point</styleUrl><Point><altitudeMode>clampToGround</altitudeMode><coordinates>11.997581021860242,46.55315131880343,1981.4100000000001</coordinates></Point></Placemark><Placemark><TimeSpan><begin>2026-08-03T06:21:53Z</begin><end>2026-08-03T06:22:13Z</end></TimeSpan><styleUrl>#point</styleUrl><Point><altitudeMode>clampToGround</altitudeMode><coordinates>11.997601138427854,46.553154084831476,1981.9000000000001</coordinates></Point></Placemark><Placemark><TimeSpan><begin>2026-08-03T06:22:13Z</begin><end>2026-08-03T06:22:30Z</end></TimeSpan><styleUrl>#point</styleUrl><Point><altitudeMode>clampToGround</altitudeMode><coordinates>11.997618740424514,46.553157269954681,1981.9000000000001</coordinates></Point></Placemark><Placemark><TimeSpan><begin>2026-08-03T06:22:30Z</begin><end>2026-08-03T06:22:43Z</end></TimeSpan><styleUrl>#point</styleUrl><Point><altitudeMode>clampToGround</altitudeMode><coordinates>11.997616058215499,46.553152827546,1981.9000000000001</coordinates></Point></Placemark><Placemark><TimeSpan><begin>2026-08-03T06:22:43Z</begin><end>2026-08-03T06:22:53Z</end></TimeSpan><styleUrl>#point</styleUrl><Point><altitudeMode>clampToGround</altitudeMode><coordinates>11.997604910284281,46.553126256912947,1982.3800000000001</coordinates></Point></Placemark><Placemark><TimeSpan><begin>2026-08-03T06:22:53Z</begin><end>2026-08-03T06:23:02Z</end></TimeSpan><styleUrl>#point</styleUrl><Point><altitudeMode>clampToGround</altitudeMode><coordinates>11.997617315500975,46.553113851696253,1982.3800000000001</coordinates></Point></Placemark><Placemark><TimeSpan><begin>2026-08-03T06:23:02Z</begin><end>2026-08-03T06:23:13Z</end></TimeSpan><styleUrl>#point</styleUrl><Point><altitudeMode>clampToGround</altitudeMode><coordinates>11.997643215581775,46.553068673238158,1982.3800000000001</coordinates></Point></Placemark><Placemark><TimeSpan><begin>2026-08-03T06:23:13Z</begin><end>2026-08-03T06:23:26Z</end></TimeSpan><styleUrl>#point</styleUrl><Point><altitudeMode>clampToGround</altitudeMode><coordinates>11.997773554176092,46.553057441487908,1982.3800000000001</coordinates></Point></Placemark><Placemark><TimeSpan><begin>2026-08-03T06:23:26Z</begin><end>2026-08-03T06:23:32Z</end></TimeSpan><styleUrl>#point</styleUrl><Point><altitudeMode>clampToGround</altitudeMode><coordinates>11.997851338237524,46.553051909431815,1982.8599999999999</coordinates></Point></Placemark><Placemark><TimeSpan><begin>2026-08-03T06:23:32Z</begin><end>2026-08-03T06:23:40Z</end></TimeSpan><styleUrl>#point</styleUrl><Point><altitudeMode>clampToGround</altitudeMode><coordinates>11.997979832813144,46.553060375154018,1983.3399999999999</coordinates></Point></Placemark><Placemark><TimeSpan><begin>2026-08-03T06:23:40Z</begin><end>2026-08-03T06:23:46Z</end></TimeSpan><styleUrl>#point</styleUrl><Point><altitudeMode>clampToGround</altitudeMode><coordinates>11.998064238578081,46.553049646317959,1983.8199999999999</coordinates></Point></Placemark><Placemark><TimeSpan><begin>2026-08-03T06:23:46Z</begin><end>2026-08-03T06:23:48Z</end></TimeSpan><styleUrl>#point</styleUrl><Point><altitudeMode>clampToGround</altitudeMode><coordinates>11.99808175675571,46.553035313263535,1983.8199999999999</coordinates></Point></Placemark><Placemark><TimeSpan><begin>2026-08-03T06:23:48Z</begin><end>2026-08-03T06:24:01Z</end></TimeSpan><styleUrl>#point</styleUrl><Point><altitudeMode>clampToGround</altitudeMode><coordinates>11.998252077028155,46.55295685864985,1984.3</coordinates></Point></Placemark><Placemark><TimeSpan><begin>2026-08-03T06:24:01Z</begin><end>2026-08-03T06:24:13Z</end></TimeSpan><styleUrl>#point</styleUrl><Point><altitudeMode>clampToGround</altitudeMode><coordinates>11.998391300439835,46.552871782332659,1985.26</coordinates></Point></Placemark><Placemark><TimeSpan><begin>2026-08-03T06:24:13Z</begin><end>2026-08-03T06:24:27Z</end></TimeSpan><styleUrl>#point</styleUrl><Point><altitudeMode>clampToGround</altitudeMode><coordinates>11.998529015108943,46.552740354090929,1986.22</coordinates></Point></Placemark><Placemark><TimeSpan><begin>2026-08-03T06:24:27Z</begin><end>2026-08-03T06:24:28Z</end></TimeSpan><styleUrl>#point</styleUrl><Point><altitudeMode>clampToGround</altitudeMode><coordinates>11.998539995402098,46.552733313292265,1986.22</coordinates></Point></Placemark><Placemark><TimeSpan><begin>2026-08-03T06:24:28Z</begin><end>2026-08-03T06:24:42Z</end></TimeSpan><styleUrl>#point</styleUrl><Point><altitudeMode>clampToGround</altitudeMode><coordinates>11.998636303469539,46.552612446248531,1987.6600000000001</coordinates></Point></Placemark><Placemark><TimeSpan><begin>2026-08-03T06:24:42Z</begin><end>2026-08-03T06:24:54Z</end></TimeSpan><styleUrl>#point</styleUrl><Point><altitudeMode>clampToGround</altitudeMode><coordinates>11.998699754476547,46.552503062412143,1988.1400000000001</coordinates></Point></Placemark><Placemark><TimeSpan><begin>2026-08-03T06:24:54Z</begin><end>2026-08-03T06:25:03Z</end></TimeSpan><styleUrl>#point</styleUrl><Point><altitudeMode>clampToGround</altitudeMode><coordinates>11.998725738376379,46.552425278350711,1989.5899999999999</coordinates></Point></Placemark><Placemark><TimeSpan><begin>2026-08-03T06:25:03Z</begin><end>2026-08-03T06:25:05Z</end></TimeSpan><styleUrl>#point</styleUrl><Point><altitudeMode>clampToGround</altitudeMode><coordinates>11.998747950419784,46.5524120349437,1989.5899999999999</coordinates></Point></Placemark><Placemark><TimeSpan><begin>2026-08-03T06:25:05Z</begin><end>2026-08-03T06:25:09Z</end></TimeSpan><styleUrl>#point</styleUrl><Point><altitudeMode>clampToGround</altitudeMode><coordinates>11.998773263767362,46.552372220903635,1990.0699999999999</coordinates></Point></Placemark><Placemark><TimeSpan><begin>2026-08-03T06:25:09Z</begin><end>2026-08-03T06:25:11Z</end></TimeSpan><styleUrl>#point</styleUrl><Point><altitudeMode>clampToGround</altitudeMode><coordinates>11.998784663155675,46.55234707519412,1990.0699999999999</coordinates></Point></Placemark><Placemark><TimeSpan><begin>2026-08-03T06:25:11Z</begin><end>2026-08-03T06:25:18Z</end></TimeSpan><styleUrl>#point</styleUrl><Point><altitudeMode>clampToGround</altitudeMode><coordinates>11.998829254880548,46.552287563681602,1990.55</coordinates></Point></Placemark><Placemark><TimeSpan><begin>2026-08-03T06:25:18Z</begin><end>2026-08-03T06:25:20Z</end></TimeSpan><styleUrl>#point</styleUrl><Point><altitudeMode>clampToGround</altitudeMode><coordinates>11.998832104727626,46.552267363294959,1990.55</coordinates></Point></Placemark><Placemark><TimeSpan><begin>2026-08-03T06:25:20Z</begin><end>2026-08-03T06:25:22Z</end></TimeSpan><styleUrl>#point</styleUrl><Point><altitudeMode>clampToGround</altitudeMode><coordinates>11.998845180496573,46.552251856774092,1990.55</coordinates></Point></Placemark><Placemark><TimeSpan><begin>2026-08-03T06:25:22Z</begin><end>2026-08-03T06:25:24Z</end></TimeSpan><styleUrl>#point</styleUrl><Point><altitudeMode>clampToGround</altitudeMode><coordinates>11.998851718381047,46.552226459607482,1990.55</coordinates></Point></Placemark><Placemark><TimeSpan><begin>2026-08-03T06:25:24Z</begin><end>2026-08-03T06:25:28Z</end></TimeSpan><styleUrl>#point</styleUrl><Point><altitudeMode>clampToGround</altitudeMode><coordinates>11.998879546299577,46.552184466272593,1991.51</coordinates></Point></Placemark><Placemark><TimeSpan><begin>2026-08-03T06:25:28Z</begin><end>2026-08-03T06:25:41Z</end></TimeSpan><styleUrl>#point</styleUrl><Point><altitudeMode>clampToGround</altitudeMode><coordinates>11.998987505212426,46.552097462117672,1992.95</coordinates></Point></Placemark><Placemark><TimeSpan><begin>2026-08-03T06:25:41Z</begin><end>2026-08-03T06:25:42Z</end></TimeSpan><styleUrl>#point</styleUrl><Point><altitudeMode>clampToGround</altitudeMode><coordinates>11.99899940751493,46.552090840414166,1993.4300000000001</coordinates></Point></Placemark><Placemark><TimeSpan><begin>2026-08-03T06:25:42Z</begin><end>2026-08-03T06:25:44Z</end></TimeSpan><styleUrl>#point</styleUrl><Point><altitudeMode>clampToGround</altitudeMode><coordinates>11.999023882672191,46.552072316408157,1993.4300000000001</coordinates></Point></Placemark><Placemark><TimeSpan><begin>2026-08-03T06:25:44Z</begin><end>2026-08-03T06:25:50Z</end></TimeSpan><styleUrl>#point</styleUrl><Point><altitudeMode>clampToGround</altitudeMode><coordinates>11.999078867956996,46.552029149606824,1993.9100000000001</coordinates></Point></Placemark><Placemark><TimeSpan><begin>2026-08-03T06:25:50Z</begin><end>2026-08-03T06:25:54Z</end></TimeSpan><styleUrl>#point</styleUrl><Point><altitudeMode>clampToGround</altitudeMode><coordinates>11.999105522409081,46.551994699984789,1994.3900000000001</coordinates></Point></Placemark><Placemark><TimeSpan><begin>2026-08-03T06:25:54Z</begin><end>2026-08-03T06:25:59Z</end></TimeSpan><styleUrl>#point</styleUrl><Point><altitudeMode>clampToGround</altitudeMode><coordinates>11.999166291207075,46.551969889551401,1994.8699999999999</coordinates></Point></Placemark><Placemark><TimeSpan><begin>2026-08-03T06:25:59Z</begin><end>2026-08-03T06:26:11Z</end></TimeSpan><styleUrl>#point</styleUrl><Point><altitudeMode>clampToGround</altitudeMode><coordinates>11.999239297583699,46.551896128803492,1995.3499999999999</coordinates></Point></Placemark><Placemark><TimeSpan><begin>2026-08-03T06:26:11Z</begin><end>2026-08-03T06:26:21Z</end></TimeSpan><styleUrl>#point</styleUrl><Point><altitudeMode>clampToGround</altitudeMode><coordinates>11.999160256236792,46.551874168217182,1995.8299999999999</coordinates></Point></Placemark><Placemark><TimeSpan><begin>2026-08-03T06:26:21Z</begin><end>2026-08-03T06:26:38Z</end></TimeSpan><styleUrl>#point</styleUrl><Point><altitudeMode>clampToGround</altitudeMode><coordinates>11.999149527400732,46.551912389695644,1995.8299999999999</coordinates></Point></Placemark><Placemark><TimeSpan><begin>2026-08-03T06:26:38Z</begin><end>2026-08-03T06:26:44Z</end></TimeSpan><styleUrl>#point</styleUrl><Point><altitudeMode>clampToGround</altitudeMode><coordinates>11.999149527400732,46.551909288391471,1996.3199999999999</coordinates></Point></Placemark><Placemark><TimeSpan><begin>2026-08-03T06:26:44Z</begin><end>2026-08-03T06:26:56Z</end></TimeSpan><styleUrl>#point</styleUrl><Point><altitudeMode>clampToGround</altitudeMode><coordinates>11.999054979532957,46.551852962002158,1996.3199999999999</coordinates></Point></Placemark><Placemark><TimeSpan><begin>2026-08-03T06:26:56Z</begin><end>2026-08-03T06:27:03Z</end></TimeSpan><styleUrl>#point</styleUrl><Point><altitudeMode>clampToGround</altitudeMode><coordinates>11.999043663963675,46.551792612299323,1996.3199999999999</coordinates></Point></Placemark><Placemark><TimeSpan><begin>2026-08-03T06:27:03Z</begin><end>2026-08-03T06:27:09Z</end></TimeSpan><styleUrl>#point</styleUrl><Point><altitudeMode>clampToGround</altitudeMode><coordinates>11.999014411121607,46.551732514053583,1996.3199999999999</coordinates></Point></Placemark><Placemark><TimeSpan><begin>2026-08-03T06:27:09Z</begin><end>2026-08-03T06:27:19Z</end></TimeSpan><styleUrl>#point</styleUrl><Point><altitudeMode>clampToGround</altitudeMode><coordinates>11.999008376151323,46.5516556520015,1996.3199999999999</coordinates></Point></Placemark><Placemark><TimeSpan><begin>2026-08-03T06:27:19Z</begin><end>2026-08-03T06:27:31Z</end></TimeSpan><styleUrl>#point</styleUrl><Point><altitudeMode>clampToGround</altitudeMode><coordinates>11.999028827995062,46.551537718623877,1996.3199999999999</coordinates></Point></Placemark><Placemark><TimeSpan><begin>2026-08-03T06:27:31Z</begin><end>2026-08-03T06:27:43Z</end></TimeSpan><styleUrl>#point</styleUrl><Point><altitudeMode>clampToGround</altitudeMode><coordinates>11.999049028381705,46.551423138007522,1996.3199999999999</coordinates></Point></Placemark><Placemark><TimeSpan><begin>2026-08-03T06:27:43Z</begin><end>2026-08-03T06:27:45Z</end></TimeSpan><styleUrl>#point</styleUrl><Point><altitudeMode>clampToGround</altitudeMode><coordinates>11.999039053916931,46.551416264846921,1996.3199999999999</coordinates></Point></Placemark><Placemark><TimeSpan><begin>2026-08-03T06:27:45Z</begin><end>2026-08-03T06:27:47Z</end></TimeSpan><styleUrl>#point</styleUrl><Point><altitudeMode>clampToGround</altitudeMode><coordinates>11.999022625386715,46.551402183249593,1996.8</coordinates></Point></Placemark><Placemark><TimeSpan><begin>2026-08-03T06:27:47Z</begin><end>2026-08-03T06:27:59Z</end></TimeSpan><styleUrl>#point</styleUrl><Point><altitudeMode>clampToGround</altitudeMode><coordinates>11.998967388644814,46.551303276792169,1997.76</coordinates></Point></Placemark><Placemark><TimeSpan><begin>2026-08-03T06:27:59Z</begin><end>2026-08-03T06:28:06Z</end></TimeSpan><styleUrl>#point</styleUrl><Point><altitudeMode>clampToGround</altitudeMode><coordinates>11.998942075297236,46.551233623176813,1997.76</coordinates></Point></Placemark><Placemark><TimeSpan><begin>2026-08-03T06:28:06Z</begin><end>2026-08-03T06:28:17Z</end></TimeSpan><styleUrl>#point</styleUrl><Point><altitudeMode>clampToGround</altitudeMode><coordinates>11.998877953737974,46.551169501617551,1997.76</coordinates></Point></Placemark><Placemark><TimeSpan><begin>2026-08-03T06:28:17Z</begin><end>2026-08-03T06:28:20Z</end></TimeSpan><styleUrl>#point</styleUrl><Point><altitudeMode>clampToGround</altitudeMode><coordinates>11.998863453045487,46.551148379221559,1998.24</coordinates></Point></Placemark><Placemark><TimeSpan><begin>2026-08-03T06:28:20Z</begin><end>2026-08-03T06:28:33Z</end></TimeSpan><styleUrl>#point</styleUrl><Point><altitudeMode>clampToGround</altitudeMode><coordinates>11.99877854436636,46.551056513562799,1998.24</coordinates></Point></Placemark><Placemark><TimeSpan><begin>2026-08-03T06:28:33Z</begin><end>2026-08-03T06:28:43Z</end></TimeSpan><styleUrl>#point</styleUrl><Point><altitudeMode>clampToGround</altitudeMode><coordinates>11.998665556311607,46.551007395610213,1999.2</coordinates></Point></Placemark><Placemark><TimeSpan><begin>2026-08-03T06:28:43Z</begin><end>2026-08-03T06:28:52Z</end></TimeSpan><styleUrl>#point</styleUrl><Point><altitudeMode>clampToGround</altitudeMode><coordinates>11.99856941588223,46.550975292921066,2000.6400000000001</coordinates></Point></Placemark><Placemark><TimeSpan><begin>2026-08-03T06:28:52Z</begin><end>2026-08-03T06:29:02Z</end></TimeSpan><styleUrl>#point</styleUrl><Point><altitudeMode>clampToGround</altitudeMode><coordinates>11.998479226604104,46.550924498587847,2002.0799999999999</coordinates></Point></Placemark><Placemark><TimeSpan><begin>2026-08-03T06:29:02Z</begin><end>2026-08-03T06:29:13Z</end></TimeSpan><styleUrl>#point</styleUrl><Point><altitudeMode>clampToGround</altitudeMode><coordinates>11.998375291004777,46.550856521353126,2004.01</coordinates></Point></Placemark><Placemark><TimeSpan><begin>2026-08-03T06:29:13Z</begin><end>2026-08-03T06:29:24Z</end></TimeSpan><styleUrl>#point</styleUrl><Point><altitudeMode>clampToGround</altitudeMode><coordinates>11.99828795157373,46.550804721191525,2005.45</coordinates></Point></Placemark><Placemark><TimeSpan><begin>2026-08-03T06:29:24Z</begin><end>2026-08-03T06:29:27Z</end></TimeSpan><styleUrl>#point</styleUrl><Point><altitudeMode>clampToGround</altitudeMode><coordinates>11.998275546357036,46.550788208842278,2005.9300000000001</coordinates></Point></Placemark><Placemark><TimeSpan><begin>2026-08-03T06:29:27Z</begin><end>2026-08-03T06:29:37Z</end></TimeSpan><styleUrl>#point</styleUrl><Point><altitudeMode>clampToGround</altitudeMode><coordinates>11.99820195324719,46.550744958221912,2007.8499999999999</coordinates></Point></Placemark><Placemark><TimeSpan><begin>2026-08-03T06:29:37Z</begin><end>2026-08-03T06:29:38Z</end></TimeSpan><styleUrl>#point</styleUrl><Point><altitudeMode>clampToGround</altitudeMode><coordinates>11.998194577172399,46.550740683451295,2007.8499999999999</coordinates></Point></Placemark><Placemark><TimeSpan><begin>2026-08-03T06:29:38Z</begin><end>2026-08-03T06:29:48Z</end></TimeSpan><styleUrl>#point</styleUrl><Point><altitudeMode>clampToGround</altitudeMode><coordinates>11.998156942427158,46.550684524700046,2009.29</coordinates></Point></Placemark><Placemark><TimeSpan><begin>2026-08-03T06:29:48Z</begin><end>2026-08-03T06:29:54Z</end></TimeSpan><styleUrl>#point</styleUrl><Point><altitudeMode>clampToGround</altitudeMode><coordinates>11.99810765683651,46.55066373758018,2010.73</coordinates></Point></Placemark><Placemark><TimeSpan><begin>2026-08-03T06:29:54Z</begin><end>2026-08-03T06:30:02Z</end></TimeSpan><styleUrl>#point</styleUrl><Point><altitudeMode>clampToGround</altitudeMode><coordinates>11.998075302690268,46.550616715103388,2012.1800000000001</coordinates></Point></Placemark><Placemark><TimeSpan><begin>2026-08-03T06:30:02Z</begin><end>2026-08-03T06:30:10Z</end></TimeSpan><styleUrl>#point</styleUrl><Point><altitudeMode>clampToGround</altitudeMode><coordinates>11.998051833361387,46.550569357350469,2013.6199999999999</coordinates></Point></Placemark><Placemark><TimeSpan><begin>2026-08-03T06:30:10Z</begin><end>2026-08-03T06:30:19Z</end></TimeSpan><styleUrl>#point</styleUrl><Point><altitudeMode>clampToGround</altitudeMode><coordinates>11.9980373326689,46.55050934292376,2015.0599999999999</coordinates></Point></Placemark><Placemark><TimeSpan><begin>2026-08-03T06:30:19Z</begin><end>2026-08-03T06:30:30Z</end></TimeSpan><styleUrl>#point</styleUrl><Point><altitudeMode>clampToGround</altitudeMode><coordinates>11.998014869168401,46.550436839461327,2016.5</coordinates></Point></Placemark><Placemark><TimeSpan><begin>2026-08-03T06:30:30Z</begin><end>2026-08-03T06:30:41Z</end></TimeSpan><styleUrl>#point</styleUrl><Point><altitudeMode>clampToGround</altitudeMode><coordinates>11.998020149767399,46.55037053860724,2018.4300000000001</coordinates></Point></Placemark><Placemark><TimeSpan><begin>2026-08-03T06:30:41Z</begin><end>2026-08-03T06:30:52Z</end></TimeSpan><styleUrl>#point</styleUrl><Point><altitudeMode>clampToGround</altitudeMode><coordinates>11.997989472001791,46.550313290208578,2019.8699999999999</coordinates></Point></Placemark><Placemark><TimeSpan><begin>2026-08-03T06:30:52Z</begin><end>2026-08-03T06:31:03Z</end></TimeSpan><styleUrl>#point</styleUrl><Point><altitudeMode>clampToGround</altitudeMode><coordinates>11.997962398454547,46.550256628543139,2021.79</coordinates></Point></Placemark><Placemark><TimeSpan><begin>2026-08-03T06:31:03Z</begin><end>2026-08-03T06:31:15Z</end></TimeSpan><styleUrl>#point</styleUrl><Point><altitudeMode>clampToGround</altitudeMode><coordinates>11.997920572757721,46.550201056525111,2022.75</coordinates></Point></Placemark><Placemark><TimeSpan><begin>2026-08-03T06:31:15Z</begin><end>2026-08-03T06:31:25Z</end></TimeSpan><styleUrl>#point</styleUrl><Point><altitudeMode>clampToGround</altitudeMode><coordinates>11.997885955497622,46.550148250535131,2025.1500000000001</coordinates></Point></Placemark><Placemark><TimeSpan><begin>2026-08-03T06:31:25Z</begin><end>2026-08-03T06:31:35Z</end></TimeSpan><styleUrl>#point</styleUrl><Point><altitudeMode>clampToGround</altitudeMode><coordinates>11.997833400964737,46.550114471465349,2026.5999999999999</coordinates></Point></Placemark><Placemark><TimeSpan><begin>2026-08-03T06:31:35Z</begin><end>2026-08-03T06:31:45Z</end></TimeSpan><styleUrl>#point</styleUrl><Point><altitudeMode>clampToGround</altitudeMode><coordinates>11.997843626886606,46.550093265250325,2027.5599999999999</coordinates></Point></Placemark><Placemark><TimeSpan><begin>2026-08-03T06:31:45Z</begin><end>2026-08-03T06:32:01Z</end></TimeSpan><styleUrl>#point</styleUrl><Point><altitudeMode>clampToGround</altitudeMode><coordinates>11.997854774817824,46.550085302442312,2027.5599999999999</coordinates></Point></Placemark><Placemark><TimeSpan><begin>2026-08-03T06:32:01Z</begin><end>2026-08-03T06:32:18Z</end></TimeSpan><styleUrl>#point</styleUrl><Point><altitudeMode>clampToGround</altitudeMode><coordinates>11.997858295217156,46.550072897225618,2027.5599999999999</coordinates></Point></Placemark><Placemark><TimeSpan><begin>2026-08-03T06:32:18Z</begin><end>2026-08-03T06:32:38Z</end></TimeSpan><styleUrl>#point</styleUrl><Point><altitudeMode>clampToGround</altitudeMode><coordinates>11.997829712927341,46.55008228495717,2027.5599999999999</coordinates></Point></Placemark><Placemark><TimeSpan><begin>2026-08-03T06:32:38Z</begin><end>2026-08-03T06:32:49Z</end></TimeSpan><styleUrl>#point</styleUrl><Point><altitudeMode>clampToGround</altitudeMode><coordinates>11.997847817838192,46.550092091783881,2028.04</coordinates></Point></Placemark><Placemark><TimeSpan><begin>2026-08-03T06:32:49Z</begin><end>2026-08-03T06:33:12Z</end></TimeSpan><styleUrl>#point</styleUrl><Point><altitudeMode>clampToGround</altitudeMode><coordinates>11.997843291610479,46.550111789256334,2028.04</coordinates></Point></Placemark><Placemark><TimeSpan><begin>2026-08-03T06:33:12Z</begin><end>2026-08-03T06:33:35Z</end></TimeSpan><styleUrl>#point</styleUrl><Point><altitudeMode>clampToGround</altitudeMode><coordinates>11.997852930799127,46.550096618011594,2028.52</coordinates></Point></Placemark><Placemark><TimeSpan><begin>2026-08-03T06:33:35Z</begin><end>2026-08-03T06:33:59Z</end></TimeSpan><styleUrl>#point</styleUrl><Point><altitudeMode>clampToGround</altitudeMode><coordinates>11.997870113700628,46.5501101128757,2028.52</coordinates></Point></Placemark><Placemark><TimeSpan><begin>2026-08-03T06:33:59Z</begin><end>2026-08-03T06:34:16Z</end></TimeSpan><styleUrl>#point</styleUrl><Point><altitudeMode>clampToGround</altitudeMode><coordinates>11.997891319915652,46.550055127590895,2029</coordinates></Point></Placemark><Placemark><TimeSpan><begin>2026-08-03T06:34:16Z</begin><end>2026-08-03T06:34:27Z</end></TimeSpan><styleUrl>#point</styleUrl><Point><altitudeMode>clampToGround</altitudeMode><coordinates>11.997953597456217,46.549993436783552,2031.4000000000001</coordinates></Point></Placemark><Placemark><TimeSpan><begin>2026-08-03T06:34:27Z</begin><end>2026-08-03T06:34:37Z</end></TimeSpan><styleUrl>#point</styleUrl><Point><altitudeMode>clampToGround</altitudeMode><coordinates>11.997977318242192,46.549959070980549,2033.3299999999999</coordinates></Point></Placemark><Placemark><TimeSpan><begin>2026-08-03T06:34:37Z</begin><end>2026-08-03T06:34:48Z</end></TimeSpan><styleUrl>#point</styleUrl><Point><altitudeMode>clampToGround</altitudeMode><coordinates>11.998038422316313,46.549904923886061,2034.77</coordinates></Point></Placemark><Placemark><TimeSpan><begin>2026-08-03T06:34:48Z</begin><end>2026-08-03T06:35:01Z</end></TimeSpan><styleUrl>#point</styleUrl><Point><altitudeMode>clampToGround</altitudeMode><coordinates>11.998059712350368,46.549846669659019,2036.6900000000001</coordinates></Point></Placemark><Placemark><TimeSpan><begin>2026-08-03T06:35:01Z</begin><end>2026-08-03T06:35:12Z</end></TimeSpan><styleUrl>#point</styleUrl><Point><altitudeMode>clampToGround</altitudeMode><coordinates>11.998133137822151,46.549792354926467,2038.6099999999999</coordinates></Point></Placemark><Placemark><TimeSpan><begin>2026-08-03T06:35:12Z</begin><end>2026-08-03T06:35:21Z</end></TimeSpan><styleUrl>#point</styleUrl><Point><altitudeMode>clampToGround</altitudeMode><coordinates>11.998161301016808,46.549741476774216,2040.05</coordinates></Point></Placemark><Placemark><TimeSpan><begin>2026-08-03T06:35:21Z</begin><end>2026-08-03T06:35:32Z</end></TimeSpan><styleUrl>#point</styleUrl><Point><altitudeMode>clampToGround</altitudeMode><coordinates>11.998150404542685,46.549740638583899,2040.05</coordinates></Point></Placemark><Placemark><TimeSpan><begin>2026-08-03T06:35:32Z</begin><end>2026-08-03T06:35:48Z</end></TimeSpan><styleUrl>#point</styleUrl><Point><altitudeMode>clampToGround</altitudeMode><coordinates>11.998157110065222,46.54974902048707,2040.54</coordinates></Point></Placemark><Placemark><TimeSpan><begin>2026-08-03T06:35:48Z</begin><end>2026-08-03T06:36:04Z</end></TimeSpan><styleUrl>#point</styleUrl><Point><altitudeMode>clampToGround</altitudeMode><coordinates>11.998104974627495,46.549716833978891,2041.5</coordinates></Point></Placemark><Placemark><TimeSpan><begin>2026-08-03T06:36:04Z</begin><end>2026-08-03T06:36:14Z</end></TimeSpan><styleUrl>#point</styleUrl><Point><altitudeMode>clampToGround</altitudeMode><coordinates>11.99801679700613,46.549689928069711,2043.4200000000001</coordinates></Point></Placemark><Placemark><TimeSpan><begin>2026-08-03T06:36:14Z</begin><end>2026-08-03T06:36:24Z</end></TimeSpan><styleUrl>#point</styleUrl><Point><altitudeMode>clampToGround</altitudeMode><coordinates>11.997894085943699,46.549695124849677,2044.8599999999999</coordinates></Point></Placemark><Placemark><TimeSpan><begin>2026-08-03T06:36:24Z</begin><end>2026-08-03T06:36:35Z</end></TimeSpan><styleUrl>#point</styleUrl><Point><altitudeMode>clampToGround</altitudeMode><coordinates>11.997770704329014,46.549700489267707,2046.3</coordinates></Point></Placemark><Placemark><TimeSpan><begin>2026-08-03T06:36:35Z</begin><end>2026-08-03T06:36:44Z</end></TimeSpan><styleUrl>#point</styleUrl><Point><altitudeMode>clampToGround</altitudeMode><coordinates>11.997697446495295,46.549700573086739,2047.75</coordinates></Point></Placemark><Placemark><TimeSpan><begin>2026-08-03T06:36:44Z</begin><end>2026-08-03T06:36:53Z</end></TimeSpan><styleUrl>#point</styleUrl><Point><altitudeMode>clampToGround</altitudeMode><coordinates>11.997643550857902,46.549704093486071,2049.1900000000001</coordinates></Point></Placemark><Placemark><TimeSpan><begin>2026-08-03T06:36:53Z</begin><end>2026-08-03T06:37:01Z</end></TimeSpan><styleUrl>#point</styleUrl><Point><altitudeMode>clampToGround</altitudeMode><coordinates>11.997597282752395,46.549706691876054,2050.6300000000001</coordinates></Point></Placemark><Placemark><TimeSpan><begin>2026-08-03T06:37:01Z</begin><end>2026-08-03T06:37:11Z</end></TimeSpan><styleUrl>#point</styleUrl><Point><altitudeMode>clampToGround</altitudeMode><coordinates>11.997507931664586,46.549711972475052,2052.0700000000002</coordinates></Point></Placemark><Placemark><TimeSpan><begin>2026-08-03T06:37:11Z</begin><end>2026-08-03T06:37:20Z</end></TimeSpan><styleUrl>#point</styleUrl><Point><altitudeMode>clampToGround</altitudeMode><coordinates>11.997438697144389,46.549720102921128,2053.5100000000002</coordinates></Point></Placemark><Placemark><TimeSpan><begin>2026-08-03T06:37:20Z</begin><end>2026-08-03T06:37:30Z</end></TimeSpan><styleUrl>#point</styleUrl><Point><altitudeMode>clampToGround</altitudeMode><coordinates>11.997387483716011,46.549713229760528,2054.4699999999998</coordinates></Point></Placemark><Placemark><TimeSpan><begin>2026-08-03T06:37:30Z</begin><end>2026-08-03T06:37:40Z</end></TimeSpan><styleUrl>#point</styleUrl><Point><altitudeMode>clampToGround</altitudeMode><coordinates>11.997289163991809,46.549726473167539,2055.9200000000001</coordinates></Point></Placemark><Placemark><TimeSpan><begin>2026-08-03T06:37:40Z</begin><end>2026-08-03T06:37:50Z</end></TimeSpan><styleUrl>#point</styleUrl><Point><altitudeMode>clampToGround</altitudeMode><coordinates>11.997228981927037,46.549742147326469,2056.8800000000001</coordinates></Point></Placemark><Placemark><TimeSpan><begin>2026-08-03T06:37:50Z</begin><end>2026-08-03T06:38:14Z</end></TimeSpan><styleUrl>#point</styleUrl><Point><altitudeMode>clampToGround</altitudeMode><coordinates>11.997246919199824,46.549752205610275,2056.8800000000001</coordinates></Point></Placemark><Placemark><TimeSpan><begin>2026-08-03T06:38:14Z</begin><end>2026-08-03T06:38:34Z</end></TimeSpan><styleUrl>#point</styleUrl><Point><altitudeMode>clampToGround</altitudeMode><coordinates>11.997237866744399,46.54975488781929,2056.8800000000001</coordinates></Point></Placemark><Placemark><TimeSpan><begin>2026-08-03T06:38:34Z</begin><end>2026-08-03T06:38:54Z</end></TimeSpan><styleUrl>#point</styleUrl><Point><altitudeMode>clampToGround</altitudeMode><coordinates>11.99726577848196,46.549735860899091,2056.8800000000001</coordinates></Point></Placemark><Placemark><TimeSpan><begin>2026-08-03T06:38:54Z</begin><end>2026-08-03T06:39:13Z</end></TimeSpan><styleUrl>#point</styleUrl><Point><altitudeMode>clampToGround</altitudeMode><coordinates>11.997251193970442,46.549726305529475,2057.3600000000001</coordinates></Point></Placemark><Placemark><TimeSpan><begin>2026-08-03T06:39:13Z</begin><end>2026-08-03T06:39:40Z</end></TimeSpan><styleUrl>#point</styleUrl><Point><altitudeMode>clampToGround</altitudeMode><coordinates>11.997243398800492,46.549735944718122,2057.3600000000001</coordinates></Point></Placemark><Placemark><TimeSpan><begin>2026-08-03T06:39:40Z</begin><end>2026-08-03T06:39:59Z</end></TimeSpan><styleUrl>#point</styleUrl><Point><altitudeMode>clampToGround</altitudeMode><coordinates>11.997225545346737,46.549761006608605,2057.3600000000001</coordinates></Point></Placemark><Placemark><TimeSpan><begin>2026-08-03T06:39:59Z</begin><end>2026-08-03T06:40:11Z</end></TimeSpan><styleUrl>#point</styleUrl><Point><altitudeMode>clampToGround</altitudeMode><coordinates>11.997110964730382,46.549827894195914,2058.3200000000002</coordinates></Point></Placemark><Placemark><TimeSpan><begin>2026-08-03T06:40:11Z</begin><end>2026-08-03T06:40:23Z</end></TimeSpan><styleUrl>#point</styleUrl><Point><altitudeMode>clampToGround</altitudeMode><coordinates>11.997077269479632,46.549847424030304,2058.8000000000002</coordinates></Point></Placemark><Placemark><TimeSpan><begin>2026-08-03T06:40:23Z</begin><end>2026-08-03T06:40:39Z</end></TimeSpan><styleUrl>#point</styleUrl><Point><altitudeMode>clampToGround</altitudeMode><coordinates>11.997008118778467,46.549874329939485,2059.7600000000002</coordinates></Point></Placemark><Placemark><TimeSpan><begin>2026-08-03T06:40:39Z</begin><end>2026-08-03T06:40:52Z</end></TimeSpan><styleUrl>#point</styleUrl><Point><altitudeMode>clampToGround</altitudeMode><coordinates>11.997000491246581,46.549880532547832,2060.2399999999998</coordinates></Point></Placemark><Placemark><TimeSpan><begin>2026-08-03T06:40:52Z</begin><end>2026-08-03T06:41:02Z</end></TimeSpan><styleUrl>#point</styleUrl><Point><altitudeMode>clampToGround</altitudeMode><coordinates>11.996881971135736,46.54996351338923,2061.6799999999998</coordinates></Point></Placemark><Placemark><TimeSpan><begin>2026-08-03T06:41:02Z</begin><end>2026-08-03T06:41:08Z</end></TimeSpan><styleUrl>#point</styleUrl><Point><altitudeMode>clampToGround</altitudeMode><coordinates>11.996815921738744,46.550008188933134,2062.1700000000001</coordinates></Point></Placemark><Placemark><TimeSpan><begin>2026-08-03T06:41:08Z</begin><end>2026-08-03T06:41:20Z</end></TimeSpan><styleUrl>#point</styleUrl><Point><altitudeMode>clampToGround</altitudeMode><coordinates>11.99678398668766,46.550099216401577,2063.1300000000001</coordinates></Point></Placemark><Placemark><TimeSpan><begin>2026-08-03T06:41:20Z</begin><end>2026-08-03T06:41:29Z</end></TimeSpan><styleUrl>#point</styleUrl><Point><altitudeMode>clampToGround</altitudeMode><coordinates>11.996740316972136,46.55014238320291,2064.5700000000002</coordinates></Point></Placemark><Placemark><TimeSpan><begin>2026-08-03T06:41:29Z</begin><end>2026-08-03T06:41:46Z</end></TimeSpan><styleUrl>#point</styleUrl><Point><altitudeMode>clampToGround</altitudeMode><coordinates>11.996736880391836,46.550114555284381,2065.0500000000002</coordinates></Point></Placemark><Placemark><TimeSpan><begin>2026-08-03T06:41:46Z</begin><end>2026-08-03T06:42:09Z</end></TimeSpan><styleUrl>#point</styleUrl><Point><altitudeMode>clampToGround</altitudeMode><coordinates>11.996755739673972,46.550119668245316,2065.0500000000002</coordinates></Point></Placemark><Placemark><TimeSpan><begin>2026-08-03T06:42:09Z</begin><end>2026-08-03T06:42:27Z</end></TimeSpan><styleUrl>#point</styleUrl><Point><altitudeMode>clampToGround</altitudeMode><coordinates>11.996743585914373,46.550118578597903,2065.0500000000002</coordinates></Point></Placemark><Placemark><TimeSpan><begin>2026-08-03T06:42:27Z</begin><end>2026-08-03T06:42:41Z</end></TimeSpan><styleUrl>#point</styleUrl><Point><altitudeMode>clampToGround</altitudeMode><coordinates>11.996750459074974,46.550155375152826,2065.5300000000002</coordinates></Point></Placemark><Placemark><TimeSpan><begin>2026-08-03T06:42:41Z</begin><end>2026-08-03T06:43:00Z</end></TimeSpan><styleUrl>#point</styleUrl><Point><altitudeMode>clampToGround</altitudeMode><coordinates>11.99673998169601,46.550198122859001,2066.0100000000002</coordinates></Point></Placemark><Placemark><TimeSpan><begin>2026-08-03T06:43:00Z</begin><end>2026-08-03T06:43:12Z</end></TimeSpan><styleUrl>#point</styleUrl><Point><altitudeMode>clampToGround</altitudeMode><coordinates>11.996659934520721,46.550264339894056,2066.9699999999998</coordinates></Point></Placemark><Placemark><TimeSpan><begin>2026-08-03T06:43:12Z</begin><end>2026-08-03T06:43:24Z</end></TimeSpan><styleUrl>#point</styleUrl><Point><altitudeMode>clampToGround</altitudeMode><coordinates>11.996581479907036,46.550274062901735,2067.9299999999998</coordinates></Point></Placemark><Placemark><TimeSpan><begin>2026-08-03T06:43:24Z</begin><end>2026-08-03T06:43:47Z</end></TimeSpan><styleUrl>#point</styleUrl><Point><altitudeMode>clampToGround</altitudeMode><coordinates>11.996590783819556,46.550252269953489,2067.9299999999998</coordinates></Point></Placemark><Placemark><TimeSpan><begin>2026-08-03T06:43:47Z</begin><end>2026-08-03T06:43:58Z</end></TimeSpan><styleUrl>#point</styleUrl><Point><altitudeMode>clampToGround</altitudeMode><coordinates>11.996556250378489,46.550256628543139,2068.4099999999999</coordinates></Point></Placemark><Placemark><TimeSpan><begin>2026-08-03T06:43:58Z</begin><end>2026-08-03T06:44:17Z</end></TimeSpan><styleUrl>#point</styleUrl><Point><altitudeMode>clampToGround</altitudeMode><coordinates>11.996566895395517,46.55023030936718,2068.8899999999999</coordinates></Point></Placemark><Placemark><TimeSpan><begin>2026-08-03T06:44:17Z</begin><end>2026-08-03T06:44:27Z</end></TimeSpan><styleUrl>#point</styleUrl><Point><altitudeMode>clampToGround</altitudeMode><coordinates>11.996548036113381,46.550175240263343,2070.3400000000001</coordinates></Point></Placemark><Placemark><TimeSpan><begin>2026-08-03T06:44:27Z</begin><end>2026-08-03T06:44:40Z</end></TimeSpan><styleUrl>#point</styleUrl><Point><altitudeMode>clampToGround</altitudeMode><coordinates>11.996517442166805,46.55012670904398,2072.2600000000002</coordinates></Point></Placemark><Placemark><TimeSpan><begin>2026-08-03T06:44:40Z</begin><end>2026-08-03T06:44:50Z</end></TimeSpan><styleUrl>#point</styleUrl><Point><altitudeMode>clampToGround</altitudeMode><coordinates>11.996480394154787,46.550120087340474,2073.6999999999998</coordinates></Point></Placemark><Placemark><TimeSpan><begin>2026-08-03T06:44:50Z</begin><end>2026-08-03T06:45:00Z</end></TimeSpan><styleUrl>#point</styleUrl><Point><altitudeMode>clampToGround</altitudeMode><coordinates>11.996473856270313,46.550162499770522,2074.6599999999999</coordinates></Point></Placemark><Placemark><TimeSpan><begin>2026-08-03T06:45:00Z</begin><end>2026-08-03T06:45:12Z</end></TimeSpan><styleUrl>#point</styleUrl><Point><altitudeMode>clampToGround</altitudeMode><coordinates>11.996411830186844,46.550153279677033,2076.5900000000001</coordinates></Point></Placemark><Placemark><TimeSpan><begin>2026-08-03T06:45:12Z</begin><end>2026-08-03T06:45:22Z</end></TimeSpan><styleUrl>#point</styleUrl><Point><altitudeMode>clampToGround</altitudeMode><coordinates>11.996384421363473,46.550178006291389,2077.5500000000002</coordinates></Point></Placemark><Placemark><TimeSpan><begin>2026-08-03T06:45:22Z</begin><end>2026-08-03T06:45:32Z</end></TimeSpan><styleUrl>#point</styleUrl><Point><altitudeMode>clampToGround</altitudeMode><coordinates>11.996334800496697,46.550169959664345,2078.5100000000002</coordinates></Point></Placemark><Placemark><TimeSpan><begin>2026-08-03T06:45:32Z</begin><end>2026-08-03T06:45:43Z</end></TimeSpan><styleUrl>#point</styleUrl><Point><altitudeMode>clampToGround</altitudeMode><coordinates>11.996287107467651,46.550155291333795,2079.4699999999998</coordinates></Point></Placemark><Placemark><TimeSpan><begin>2026-08-03T06:45:43Z</begin><end>2026-08-03T06:45:52Z</end></TimeSpan><styleUrl>#point</styleUrl><Point><altitudeMode>clampToGround</altitudeMode><coordinates>11.996232206001878,46.550151854753494,2080.9099999999999</coordinates></Point></Placemark><Placemark><TimeSpan><begin>2026-08-03T06:45:52Z</begin><end>2026-08-03T06:46:02Z</end></TimeSpan><styleUrl>#point</styleUrl><Point><altitudeMode>clampToGround</altitudeMode><coordinates>11.996257603168488,46.550097707659006,2082.3499999999999</coordinates></Point></Placemark><Placemark><TimeSpan><begin>2026-08-03T06:46:02Z</begin><end>2026-08-03T06:46:16Z</end></TimeSpan><styleUrl>#point</styleUrl><Point><altitudeMode>clampToGround</altitudeMode><coordinates>11.996233630925417,46.550056887790561,2082.8299999999999</coordinates></Point></Placemark><Placemark><TimeSpan><begin>2026-08-03T06:46:16Z</begin><end>2026-08-03T06:46:27Z</end></TimeSpan><styleUrl>#point</styleUrl><Point><altitudeMode>clampToGround</altitudeMode><coordinates>11.996215777471662,46.550032161176205,2084.2800000000002</coordinates></Point></Placemark><Placemark><TimeSpan><begin>2026-08-03T06:46:27Z</begin><end>2026-08-03T06:46:37Z</end></TimeSpan><styleUrl>#point</styleUrl><Point><altitudeMode>clampToGround</altitudeMode><coordinates>11.996145704761147,46.550041129812598,2086.1999999999998</coordinates></Point></Placemark><Placemark><TimeSpan><begin>2026-08-03T06:46:37Z</begin><end>2026-08-03T06:46:48Z</end></TimeSpan><styleUrl>#point</styleUrl><Point><altitudeMode>clampToGround</altitudeMode><coordinates>11.996150985360146,46.549979941919446,2087.6399999999999</coordinates></Point></Placemark><Placemark><TimeSpan><begin>2026-08-03T06:46:48Z</begin><end>2026-08-03T06:47:00Z</end></TimeSpan><styleUrl>#point</styleUrl><Point><altitudeMode>clampToGround</altitudeMode><coordinates>11.99612776748836,46.549942055717111,2089.0799999999999</coordinates></Point></Placemark><Placemark><TimeSpan><begin>2026-08-03T06:47:00Z</begin><end>2026-08-03T06:47:11Z</end></TimeSpan><styleUrl>#point</styleUrl><Point><altitudeMode>clampToGround</altitudeMode><coordinates>11.996099436655641,46.549895452335477,2090.04</coordinates></Point></Placemark><Placemark><TimeSpan><begin>2026-08-03T06:47:11Z</begin><end>2026-08-03T06:47:22Z</end></TimeSpan><styleUrl>#point</styleUrl><Point><altitudeMode>clampToGround</altitudeMode><coordinates>11.996072782203555,46.549918167293072,2091</coordinates></Point></Placemark><Placemark><TimeSpan><begin>2026-08-03T06:47:22Z</begin><end>2026-08-03T06:47:35Z</end></TimeSpan><styleUrl>#point</styleUrl><Point><altitudeMode>clampToGround</altitudeMode><coordinates>11.996033890172839,46.549902157858014,2091.9699999999998</coordinates></Point></Placemark><Placemark><TimeSpan><begin>2026-08-03T06:47:35Z</begin><end>2026-08-03T06:47:44Z</end></TimeSpan><styleUrl>#point</styleUrl><Point><altitudeMode>clampToGround</altitudeMode><coordinates>11.995993908494711,46.549884891137481,2092.9299999999998</coordinates></Point></Placemark><Placemark><TimeSpan><begin>2026-08-03T06:47:44Z</begin><end>2026-08-03T06:47:54Z</end></TimeSpan><styleUrl>#point</styleUrl><Point><altitudeMode>clampToGround</altitudeMode><coordinates>11.996013186872005,46.549839964136481,2094.3699999999999</coordinates></Point></Placemark><Placemark><TimeSpan><begin>2026-08-03T06:47:54Z</begin><end>2026-08-03T06:48:03Z</end></TimeSpan><styleUrl>#point</styleUrl><Point><altitudeMode>clampToGround</altitudeMode><coordinates>11.996015952900052,46.549788918346167,2095.3299999999999</coordinates></Point></Placemark><Placemark><TimeSpan><begin>2026-08-03T06:48:03Z</begin><end>2026-08-03T06:48:12Z</end></TimeSpan><styleUrl>#point</styleUrl><Point><altitudeMode>clampToGround</altitudeMode><coordinates>11.995970355346799,46.54978665523231,2096.77</coordinates></Point></Placemark><Placemark><TimeSpan><begin>2026-08-03T06:48:12Z</begin><end>2026-08-03T06:48:20Z</end></TimeSpan><styleUrl>#point</styleUrl><Point><altitudeMode>clampToGround</altitudeMode><coordinates>11.995936660096049,46.54979394748807,2097.73</coordinates></Point></Placemark><Placemark><TimeSpan><begin>2026-08-03T06:48:20Z</begin><end>2026-08-03T06:48:30Z</end></TimeSpan><styleUrl>#point</styleUrl><Point><altitudeMode>clampToGround</altitudeMode><coordinates>11.995908580720425,46.549786571413279,2099.1799999999998</coordinates></Point></Placemark><Placemark><TimeSpan><begin>2026-08-03T06:48:30Z</begin><end>2026-08-03T06:48:38Z</end></TimeSpan><styleUrl>#point</styleUrl><Point><altitudeMode>clampToGround</altitudeMode><coordinates>11.995915789157152,46.54975832439959,2099.6599999999999</coordinates></Point></Placemark><Placemark><TimeSpan><begin>2026-08-03T06:48:38Z</begin><end>2026-08-03T06:48:46Z</end></TimeSpan><styleUrl>#point</styleUrl><Point><altitudeMode>clampToGround</altitudeMode><coordinates>11.995891900733113,46.549730831757188,2100.6199999999999</coordinates></Point></Placemark><Placemark><TimeSpan><begin>2026-08-03T06:48:46Z</begin><end>2026-08-03T06:48:56Z</end></TimeSpan><styleUrl>#point</styleUrl><Point><altitudeMode>clampToGround</altitudeMode><coordinates>11.995906233787537,46.549679953604937,2101.0999999999999</coordinates></Point></Placemark><Placemark><TimeSpan><begin>2026-08-03T06:48:56Z</begin><end>2026-08-03T06:49:08Z</end></TimeSpan><styleUrl>#point</styleUrl><Point><altitudeMode>clampToGround</altitudeMode><coordinates>11.995867677032948,46.549699567258358,2102.54</coordinates></Point></Placemark><Placemark><TimeSpan><begin>2026-08-03T06:49:08Z</begin><end>2026-08-03T06:49:16Z</end></TimeSpan><styleUrl>#point</styleUrl><Point><altitudeMode>clampToGround</altitudeMode><coordinates>11.995815541595221,46.54970845207572,2103.5</coordinates></Point></Placemark><Placemark><TimeSpan><begin>2026-08-03T06:49:16Z</begin><end>2026-08-03T06:49:27Z</end></TimeSpan><styleUrl>#point</styleUrl><Point><altitudeMode>clampToGround</altitudeMode><coordinates>11.995797185227275,46.549687245860696,2104.46</coordinates></Point></Placemark><Placemark><TimeSpan><begin>2026-08-03T06:49:27Z</begin><end>2026-08-03T06:49:35Z</end></TimeSpan><styleUrl>#point</styleUrl><Point><altitudeMode>clampToGround</altitudeMode><coordinates>11.995778828859329,46.549667716026306,2105.9099999999999</coordinates></Point></Placemark><Placemark><TimeSpan><begin>2026-08-03T06:49:35Z</begin><end>2026-08-03T06:49:43Z</end></TimeSpan><styleUrl>#point</styleUrl><Point><altitudeMode>clampToGround</altitudeMode><coordinates>11.995773129165173,46.549651874229312,2105.9099999999999</coordinates></Point></Placemark><Placemark><TimeSpan><begin>2026-08-03T06:49:43Z</begin><end>2026-08-03T06:50:02Z</end></TimeSpan><styleUrl>#point</styleUrl><Point><altitudeMode>clampToGround</altitudeMode><coordinates>11.99580087326467,46.549644833430648,2106.3899999999999</coordinates></Point></Placemark><Placemark><TimeSpan><begin>2026-08-03T06:50:02Z</begin><end>2026-08-03T06:50:26Z</end></TimeSpan><styleUrl>#point</styleUrl><Point><altitudeMode>clampToGround</altitudeMode><coordinates>11.99582920409739,46.549669895321131,2106.8699999999999</coordinates></Point></Placemark><Placemark><TimeSpan><begin>2026-08-03T06:50:26Z</begin><end>2026-08-03T06:50:38Z</end></TimeSpan><styleUrl>#point</styleUrl><Point><altitudeMode>clampToGround</altitudeMode><coordinates>11.995750414207578,46.549685569480062,2106.8699999999999</coordinates></Point></Placemark><Placemark><TimeSpan><begin>2026-08-03T06:50:38Z</begin><end>2026-08-03T06:50:48Z</end></TimeSpan><styleUrl>#point</styleUrl><Point><altitudeMode>clampToGround</altitudeMode><coordinates>11.99574077501893,46.549700489267707,2107.8299999999999</coordinates></Point></Placemark><Placemark><TimeSpan><begin>2026-08-03T06:50:48Z</begin><end>2026-08-03T06:51:03Z</end></TimeSpan><styleUrl>#point</styleUrl><Point><altitudeMode>clampToGround</altitudeMode><coordinates>11.995735494419932,46.549726389348507,2108.79</coordinates></Point></Placemark><Placemark><TimeSpan><begin>2026-08-03T06:51:03Z</begin><end>2026-08-03T06:51:16Z</end></TimeSpan><styleUrl>#point</styleUrl><Point><altitudeMode>clampToGround</altitudeMode><coordinates>11.995747061446309,46.549727143719792,2109.27</coordinates></Point></Placemark><Placemark><TimeSpan><begin>2026-08-03T06:51:16Z</begin><end>2026-08-03T06:51:28Z</end></TimeSpan><styleUrl>#point</styleUrl><Point><altitudeMode>clampToGround</altitudeMode><coordinates>11.995739517733455,46.549735777080059,2109.27</coordinates></Point></Placemark><Placemark><TimeSpan><begin>2026-08-03T06:51:28Z</begin><end>2026-08-03T06:51:38Z</end></TimeSpan><styleUrl>#point</styleUrl><Point><altitudeMode>clampToGround</altitudeMode><coordinates>11.995721915736794,46.549773328006268,2110.71</coordinates></Point></Placemark><Placemark><TimeSpan><begin>2026-08-03T06:51:38Z</begin><end>2026-08-03T06:51:49Z</end></TimeSpan><styleUrl>#point</styleUrl><Point><altitudeMode>clampToGround</altitudeMode><coordinates>11.995708756148815,46.549789840355515,2111.6700000000001</coordinates></Point></Placemark><Placemark><TimeSpan><begin>2026-08-03T06:51:49Z</begin><end>2026-08-03T06:51:58Z</end></TimeSpan><styleUrl>#point</styleUrl><Point><altitudeMode>clampToGround</altitudeMode><coordinates>11.995680760592222,46.549826888367534,2113.5999999999999</coordinates></Point></Placemark><Placemark><TimeSpan><begin>2026-08-03T06:51:58Z</begin><end>2026-08-03T06:52:09Z</end></TimeSpan><styleUrl>#point</styleUrl><Point><altitudeMode>clampToGround</altitudeMode><coordinates>11.995655111968517,46.549880867823958,2115.04</coordinates></Point></Placemark><Placemark><TimeSpan><begin>2026-08-03T06:52:09Z</begin><end>2026-08-03T06:52:17Z</end></TimeSpan><styleUrl>#point</styleUrl><Point><altitudeMode>clampToGround</altitudeMode><coordinates>11.995629128068686,46.549920933321118,2116</coordinates></Point></Placemark><Placemark><TimeSpan><begin>2026-08-03T06:52:17Z</begin><end>2026-08-03T06:52:26Z</end></TimeSpan><styleUrl>#point</styleUrl><Point><altitudeMode>clampToGround</altitudeMode><coordinates>11.995592247694731,46.549963932484388,2117.4400000000001</coordinates></Point></Placemark><Placemark><TimeSpan><begin>2026-08-03T06:52:26Z</begin><end>2026-08-03T06:52:36Z</end></TimeSpan><styleUrl>#point</styleUrl><Point><altitudeMode>clampToGround</altitudeMode><coordinates>11.995566347613931,46.550000980496407,2118.8800000000001</coordinates></Point></Placemark><Placemark><TimeSpan><begin>2026-08-03T06:52:36Z</begin><end>2026-08-03T06:52:48Z</end></TimeSpan><styleUrl>#point</styleUrl><Point><altitudeMode>clampToGround</altitudeMode><coordinates>11.995522594079375,46.550016235560179,2120.3200000000002</coordinates></Point></Placemark><Placemark><TimeSpan><begin>2026-08-03T06:52:48Z</begin><end>2026-08-03T06:53:01Z</end></TimeSpan><styleUrl>#point</styleUrl><Point><altitudeMode>clampToGround</altitudeMode><coordinates>11.995491245761514,46.550064599141479,2121.77</coordinates></Point></Placemark><Placemark><TimeSpan><begin>2026-08-03T06:53:01Z</begin><end>2026-08-03T06:53:12Z</end></TimeSpan><styleUrl>#point</styleUrl><Point><altitudeMode>clampToGround</altitudeMode><coordinates>11.995486719533801,46.550102150067687,2123.21</coordinates></Point></Placemark><Placemark><TimeSpan><begin>2026-08-03T06:53:12Z</begin><end>2026-08-03T06:53:25Z</end></TimeSpan><styleUrl>#point</styleUrl><Point><altitudeMode>clampToGround</altitudeMode><coordinates>11.9954988732934,46.550097540020943,2123.21</coordinates></Point></Placemark><Placemark><TimeSpan><begin>2026-08-03T06:53:25Z</begin><end>2026-08-03T06:53:41Z</end></TimeSpan><styleUrl>#point</styleUrl><Point><altitudeMode>clampToGround</altitudeMode><coordinates>11.995475487783551,46.550092678517103,2123.6900000000001</coordinates></Point></Placemark><Placemark><TimeSpan><begin>2026-08-03T06:53:41Z</begin><end>2026-08-03T06:54:01Z</end></TimeSpan><styleUrl>#point</styleUrl><Point><altitudeMode>clampToGround</altitudeMode><coordinates>11.995486048981547,46.550104497000575,2123.6900000000001</coordinates></Point></Placemark><Placemark><TimeSpan><begin>2026-08-03T06:54:01Z</begin><end>2026-08-03T06:54:14Z</end></TimeSpan><styleUrl>#point</styleUrl><Point><altitudeMode>clampToGround</altitudeMode><coordinates>11.995505830273032,46.550107095390558,2122.73</coordinates></Point></Placemark><Placemark><TimeSpan><begin>2026-08-03T06:54:14Z</begin><end>2026-08-03T06:54:34Z</end></TimeSpan><styleUrl>#point</styleUrl><Point><altitudeMode>clampToGround</altitudeMode><coordinates>11.995532987639308,46.550108687952161,2122.73</coordinates></Point></Placemark><Placemark><TimeSpan><begin>2026-08-03T06:54:34Z</begin><end>2026-08-03T06:54:51Z</end></TimeSpan><styleUrl>#point</styleUrl><Point><altitudeMode>clampToGround</altitudeMode><coordinates>11.995556289330125,46.550117153674364,2122.73</coordinates></Point></Placemark><Placemark><TimeSpan><begin>2026-08-03T06:54:51Z</begin><end>2026-08-03T06:55:12Z</end></TimeSpan><styleUrl>#point</styleUrl><Point><altitudeMode>clampToGround</altitudeMode><coordinates>11.995553020387888,46.550117656588554,2123.21</coordinates></Point></Placemark><Placemark><TimeSpan><begin>2026-08-03T06:55:12Z</begin><end>2026-08-03T06:55:34Z</end></TimeSpan><styleUrl>#point</styleUrl><Point><altitudeMode>clampToGround</altitudeMode><coordinates>11.995509769767523,46.550132324919105,2123.21</coordinates></Point></Placemark><Placemark><TimeSpan><begin>2026-08-03T06:55:34Z</begin><end>2026-08-03T06:55:56Z</end></TimeSpan><styleUrl>#point</styleUrl><Point><altitudeMode>clampToGround</altitudeMode><coordinates>11.995526365935802,46.550117321312428,2123.21</coordinates></Point></Placemark><Placemark><TimeSpan><begin>2026-08-03T06:55:56Z</begin><end>2026-08-03T06:56:18Z</end></TimeSpan><styleUrl>#point</styleUrl><Point><altitudeMode>clampToGround</altitudeMode><coordinates>11.995560312643647,46.550108268857002,2123.21</coordinates></Point></Placemark><Placemark><TimeSpan><begin>2026-08-03T06:56:18Z</begin><end>2026-08-03T06:56:39Z</end></TimeSpan><styleUrl>#point</styleUrl><Point><altitudeMode>clampToGround</altitudeMode><coordinates>11.995550757274032,46.550117488950491,2123.21</coordinates></Point></Placemark><Placemark><TimeSpan><begin>2026-08-03T06:56:39Z</begin><end>2026-08-03T06:56:57Z</end></TimeSpan><styleUrl>#point</styleUrl><Point><altitudeMode>clampToGround</altitudeMode><coordinates>11.995554193854332,46.550133749842644,2123.21</coordinates></Point></Placemark><Placemark><TimeSpan><begin>2026-08-03T06:56:57Z</begin><end>2026-08-03T06:57:14Z</end></TimeSpan><styleUrl>#point</styleUrl><Point><altitudeMode>clampToGround</altitudeMode><coordinates>11.995556624606252,46.550134504213929,2123.21</coordinates></Point></Placemark><Placemark><TimeSpan><begin>2026-08-03T06:57:14Z</begin><end>2026-08-03T06:57:24Z</end></TimeSpan><styleUrl>#point</styleUrl><Point><altitudeMode>clampToGround</altitudeMode><coordinates>11.995558887720108,46.550128217786551,2124.6500000000001</coordinates></Point></Placemark><Placemark><TimeSpan><begin>2026-08-03T06:57:24Z</begin><end>2026-08-03T06:57:34Z</end></TimeSpan><styleUrl>#point</styleUrl><Point><altitudeMode>clampToGround</altitudeMode><coordinates>11.995517816394567,46.550106843933463,2124.1700000000001</coordinates></Point></Placemark><Placemark><TimeSpan><begin>2026-08-03T06:57:34Z</begin><end>2026-08-03T06:57:58Z</end></TimeSpan><styleUrl>#point</styleUrl><Point><altitudeMode>clampToGround</altitudeMode><coordinates>11.995445229113102,46.550117405131459,2124.1700000000001</coordinates></Point></Placemark><Placemark><TimeSpan><begin>2026-08-03T06:57:58Z</begin><end>2026-08-03T06:58:24Z</end></TimeSpan><styleUrl>#point</styleUrl><Point><altitudeMode>clampToGround</altitudeMode><coordinates>11.995454113930464,46.550126373767853,2124.1700000000001</coordinates></Point></Placemark><Placemark><TimeSpan><begin>2026-08-03T06:58:24Z</begin><end>2026-08-03T06:58:35Z</end></TimeSpan><styleUrl>#point</styleUrl><Point><altitudeMode>clampToGround</altitudeMode><coordinates>11.995470961555839,46.550115812569857,2125.6100000000001</coordinates></Point></Placemark><Placemark><TimeSpan><begin>2026-08-03T06:58:35Z</begin><end>2026-08-03T06:58:50Z</end></TimeSpan><styleUrl>#point</styleUrl><Point><altitudeMode>clampToGround</altitudeMode><coordinates>11.995476493611932,46.550110867246985,2126.0900000000001</coordinates></Point></Placemark><Placemark><TimeSpan><begin>2026-08-03T06:58:50Z</begin><end>2026-08-03T06:59:03Z</end></TimeSpan><styleUrl>#point</styleUrl><Point><altitudeMode>clampToGround</altitudeMode><coordinates>11.995478672906756,46.550089996308088,2126.0900000000001</coordinates></Point></Placemark><Placemark><TimeSpan><begin>2026-08-03T06:59:03Z</begin><end>2026-08-03T06:59:18Z</end></TimeSpan><styleUrl>#point</styleUrl><Point><altitudeMode>clampToGround</altitudeMode><coordinates>11.995508596301079,46.550089661031961,2126.0900000000001</coordinates></Point></Placemark><Placemark><TimeSpan><begin>2026-08-03T06:59:18Z</begin><end>2026-08-03T06:59:33Z</end></TimeSpan><styleUrl>#point</styleUrl><Point><altitudeMode>clampToGround</altitudeMode><coordinates>11.995505914092064,46.550085553899407,2126.0900000000001</coordinates></Point></Placemark><Placemark><TimeSpan><begin>2026-08-03T06:59:33Z</begin><end>2026-08-03T06:59:52Z</end></TimeSpan><styleUrl>#point</styleUrl><Point><altitudeMode>clampToGround</altitudeMode><coordinates>11.99546811170876,46.550091756507754,2126.5700000000002</coordinates></Point></Placemark><Placemark><TimeSpan><begin>2026-08-03T06:59:52Z</begin><end>2026-08-03T07:00:06Z</end></TimeSpan><styleUrl>#point</styleUrl><Point><altitudeMode>clampToGround</altitudeMode><coordinates>11.995487306267023,46.550123607739806,2126.5700000000002</coordinates></Point></Placemark><Placemark><TimeSpan><begin>2026-08-03T07:00:06Z</begin><end>2026-08-03T07:00:16Z</end></TimeSpan><styleUrl>#point</styleUrl><Point><altitudeMode>clampToGround</altitudeMode><coordinates>11.995490407571197,46.550129223614931,2126.5700000000002</coordinates></Point></Placemark><Placemark><TimeSpan><begin>2026-08-03T07:00:16Z</begin><end>2026-08-03T07:00:28Z</end></TimeSpan><styleUrl>#point</styleUrl><Point><altitudeMode>clampToGround</altitudeMode><coordinates>11.995488815009594,46.550159398466349,2126.5700000000002</coordinates></Point></Placemark><Placemark><TimeSpan><begin>2026-08-03T07:00:28Z</begin><end>2026-08-03T07:00:37Z</end></TimeSpan><styleUrl>#point</styleUrl><Point><altitudeMode>clampToGround</altitudeMode><coordinates>11.995459981262684,46.550199128687382,2127.5300000000002</coordinates></Point></Placemark><Placemark><TimeSpan><begin>2026-08-03T07:00:37Z</begin><end>2026-08-03T07:00:47Z</end></TimeSpan><styleUrl>#point</styleUrl><Point><altitudeMode>clampToGround</altitudeMode><coordinates>11.995430141687393,46.550225615501404,2128.02</coordinates></Point></Placemark><Placemark><TimeSpan><begin>2026-08-03T07:00:47Z</begin><end>2026-08-03T07:00:57Z</end></TimeSpan><styleUrl>#point</styleUrl><Point><altitudeMode>clampToGround</altitudeMode><coordinates>11.995369289070368,46.550270207226276,2128.98</coordinates></Point></Placemark><Placemark><TimeSpan><begin>2026-08-03T07:00:57Z</begin><end>2026-08-03T07:01:08Z</end></TimeSpan><styleUrl>#point</styleUrl><Point><altitudeMode>clampToGround</altitudeMode><coordinates>11.995311621576548,46.550274817273021,2130.4200000000001</coordinates></Point></Placemark><Placemark><TimeSpan><begin>2026-08-03T07:01:08Z</begin><end>2026-08-03T07:01:22Z</end></TimeSpan><styleUrl>#point</styleUrl><Point><altitudeMode>clampToGround</altitudeMode><coordinates>11.995311873033643,46.550210947170854,2131.3800000000001</coordinates></Point></Placemark><Placemark><TimeSpan><begin>2026-08-03T07:01:22Z</begin><end>2026-08-03T07:01:32Z</end></TimeSpan><styleUrl>#point</styleUrl><Point><altitudeMode>clampToGround</altitudeMode><coordinates>11.995266694575548,46.550231818109751,2132.8200000000002</coordinates></Point></Placemark><Placemark><TimeSpan><begin>2026-08-03T07:01:32Z</begin><end>2026-08-03T07:01:45Z</end></TimeSpan><styleUrl>#point</styleUrl><Point><altitudeMode>clampToGround</altitudeMode><coordinates>11.995231155306101,46.550216479226947,2134.2600000000002</coordinates></Point></Placemark><Placemark><TimeSpan><begin>2026-08-03T07:01:45Z</begin><end>2026-08-03T07:01:57Z</end></TimeSpan><styleUrl>#point</styleUrl><Point><altitudeMode>clampToGround</altitudeMode><coordinates>11.995244482532144,46.55015654861927,2135.71</coordinates></Point></Placemark><Placemark><TimeSpan><begin>2026-08-03T07:01:57Z</begin><end>2026-08-03T07:02:09Z</end></TimeSpan><styleUrl>#point</styleUrl><Point><altitudeMode>clampToGround</altitudeMode><coordinates>11.995231574401259,46.550158727914095,2136.1900000000001</coordinates></Point></Placemark><Placemark><TimeSpan><begin>2026-08-03T07:02:09Z</begin><end>2026-08-03T07:02:21Z</end></TimeSpan><styleUrl>#point</styleUrl><Point><altitudeMode>clampToGround</altitudeMode><coordinates>11.995182959362864,46.550153195858002,2137.6300000000001</coordinates></Point></Placemark><Placemark><TimeSpan><begin>2026-08-03T07:02:21Z</begin><end>2026-08-03T07:02:28Z</end></TimeSpan><styleUrl>#point</styleUrl><Point><altitudeMode>clampToGround</altitudeMode><coordinates>11.995157897472382,46.550146322697401,2139.0700000000002</coordinates></Point></Placemark><Placemark><TimeSpan><begin>2026-08-03T07:02:28Z</begin><end>2026-08-03T07:02:40Z</end></TimeSpan><styleUrl>#point</styleUrl><Point><altitudeMode>clampToGround</altitudeMode><coordinates>11.995165441185236,46.550082620233297,2140.9899999999998</coordinates></Point></Placemark><Placemark><TimeSpan><begin>2026-08-03T07:02:40Z</begin><end>2026-08-03T07:02:50Z</end></TimeSpan><styleUrl>#point</styleUrl><Point><altitudeMode>clampToGround</altitudeMode><coordinates>11.995166027918458,46.550049344077706,2141.4699999999998</coordinates></Point></Placemark><Placemark><TimeSpan><begin>2026-08-03T07:02:50Z</begin><end>2026-08-03T07:02:59Z</end></TimeSpan><styleUrl>#point</styleUrl><Point><altitudeMode>clampToGround</altitudeMode><coordinates>11.995139205828309,46.550020258873701,2142.9200000000001</coordinates></Point></Placemark><Placemark><TimeSpan><begin>2026-08-03T07:02:59Z</begin><end>2026-08-03T07:03:10Z</end></TimeSpan><styleUrl>#point</styleUrl><Point><altitudeMode>clampToGround</altitudeMode><coordinates>11.995089249685407,46.550065102055669,2143.4000000000001</coordinates></Point></Placemark><Placemark><TimeSpan><begin>2026-08-03T07:03:10Z</begin><end>2026-08-03T07:03:19Z</end></TimeSpan><styleUrl>#point</styleUrl><Point><altitudeMode>clampToGround</altitudeMode><coordinates>11.995047926902771,46.550092594698071,2143.8800000000001</coordinates></Point></Placemark><Placemark><TimeSpan><begin>2026-08-03T07:03:19Z</begin><end>2026-08-03T07:03:29Z</end></TimeSpan><styleUrl>#point</styleUrl><Point><altitudeMode>clampToGround</altitudeMode><coordinates>11.995018506422639,46.550084045156837,2145.8000000000002</coordinates></Point></Placemark><Placemark><TimeSpan><begin>2026-08-03T07:03:29Z</begin><end>2026-08-03T07:03:40Z</end></TimeSpan><styleUrl>#point</styleUrl><Point><altitudeMode>clampToGround</altitudeMode><coordinates>11.994950864464045,46.550124948844314,2146.7600000000002</coordinates></Point></Placemark><Placemark><TimeSpan><begin>2026-08-03T07:03:40Z</begin><end>2026-08-03T07:03:48Z</end></TimeSpan><styleUrl>#point</styleUrl><Point><altitudeMode>clampToGround</altitudeMode><coordinates>11.994904177263379,46.550118997693062,2147.2399999999998</coordinates></Point></Placemark><Placemark><TimeSpan><begin>2026-08-03T07:03:48Z</begin><end>2026-08-03T07:03:58Z</end></TimeSpan><styleUrl>#point</styleUrl><Point><altitudeMode>clampToGround</altitudeMode><coordinates>11.994907697662711,46.550112124532461,2147.7199999999998</coordinates></Point></Placemark><Placemark><TimeSpan><begin>2026-08-03T07:03:58Z</begin><end>2026-08-03T07:04:18Z</end></TimeSpan><styleUrl>#point</styleUrl><Point><altitudeMode>clampToGround</altitudeMode><coordinates>11.994912978261709,46.550097456201911,2148.1999999999998</coordinates></Point></Placemark><Placemark><TimeSpan><begin>2026-08-03T07:04:18Z</begin><end>2026-08-03T07:04:37Z</end></TimeSpan><styleUrl>#point</styleUrl><Point><altitudeMode>clampToGround</altitudeMode><coordinates>11.994889928027987,46.550095109269023,2148.1999999999998</coordinates></Point></Placemark><Placemark><TimeSpan><begin>2026-08-03T07:04:37Z</begin><end>2026-08-03T07:04:50Z</end></TimeSpan><styleUrl>#point</styleUrl><Point><altitudeMode>clampToGround</altitudeMode><coordinates>11.994819520041347,46.55008664354682,2149.6500000000001</coordinates></Point></Placemark><Placemark><TimeSpan><begin>2026-08-03T07:04:50Z</begin><end>2026-08-03T07:05:01Z</end></TimeSpan><styleUrl>#point</styleUrl><Point><altitudeMode>clampToGround</altitudeMode><coordinates>11.994814239442348,46.550091505050659,2150.1300000000001</coordinates></Point></Placemark><Placemark><TimeSpan><begin>2026-08-03T07:05:01Z</begin><end>2026-08-03T07:05:16Z</end></TimeSpan><styleUrl>#point</styleUrl><Point><altitudeMode>clampToGround</altitudeMode><coordinates>11.994726564735174,46.550079016014934,2151.0900000000001</coordinates></Point></Placemark><Placemark><TimeSpan><begin>2026-08-03T07:05:16Z</begin><end>2026-08-03T07:05:24Z</end></TimeSpan><styleUrl>#point</styleUrl><Point><altitudeMode>clampToGround</altitudeMode><coordinates>11.994683397933841,46.55005537904799,2153.0100000000002</coordinates></Point></Placemark><Placemark><TimeSpan><begin>2026-08-03T07:05:24Z</begin><end>2026-08-03T07:05:34Z</end></TimeSpan><styleUrl>#point</styleUrl><Point><altitudeMode>clampToGround</altitudeMode><coordinates>11.994616091251373,46.550058647990227,2154.4499999999998</coordinates></Point></Placemark><Placemark><TimeSpan><begin>2026-08-03T07:05:34Z</begin><end>2026-08-03T07:05:45Z</end></TimeSpan><styleUrl>#point</styleUrl><Point><altitudeMode>clampToGround</altitudeMode><coordinates>11.99457535520196,46.55005294829607,2155.4099999999999</coordinates></Point></Placemark><Placemark><TimeSpan><begin>2026-08-03T07:05:45Z</begin><end>2026-08-03T07:05:57Z</end></TimeSpan><styleUrl>#point</styleUrl><Point><altitudeMode>clampToGround</altitudeMode><coordinates>11.994534786790609,46.550009362399578,2157.3400000000001</coordinates></Point></Placemark><Placemark><TimeSpan><begin>2026-08-03T07:05:57Z</begin><end>2026-08-03T07:06:10Z</end></TimeSpan><styleUrl>#point</styleUrl><Point><altitudeMode>clampToGround</altitudeMode><coordinates>11.994528248906136,46.549974409863353,2157.8200000000002</coordinates></Point></Placemark><Placemark><TimeSpan><begin>2026-08-03T07:06:10Z</begin><end>2026-08-03T07:06:20Z</end></TimeSpan><styleUrl>#point</styleUrl><Point><altitudeMode>clampToGround</altitudeMode><coordinates>11.994475107640028,46.549924956634641,2159.2600000000002</coordinates></Point></Placemark><Placemark><TimeSpan><begin>2026-08-03T07:06:20Z</begin><end>2026-08-03T07:06:30Z</end></TimeSpan><styleUrl>#point</styleUrl><Point><altitudeMode>clampToGround</altitudeMode><coordinates>11.994410064071417,46.549878604710102,2160.6999999999998</coordinates></Point></Placemark><Placemark><TimeSpan><begin>2026-08-03T07:06:30Z</begin><end>2026-08-03T07:06:40Z</end></TimeSpan><styleUrl>#point</styleUrl><Point><altitudeMode>clampToGround</altitudeMode><coordinates>11.994370501488447,46.549872485920787,2162.1399999999999</coordinates></Point></Placemark><Placemark><TimeSpan><begin>2026-08-03T07:06:40Z</begin><end>2026-08-03T07:07:01Z</end></TimeSpan><styleUrl>#point</styleUrl><Point><altitudeMode>clampToGround</altitudeMode><coordinates>11.99437796138227,46.549885477870703,2162.1399999999999</coordinates></Point></Placemark><Placemark><TimeSpan><begin>2026-08-03T07:07:01Z</begin><end>2026-08-03T07:07:12Z</end></TimeSpan><styleUrl>#point</styleUrl><Point><altitudeMode>clampToGround</altitudeMode><coordinates>11.994313169270754,46.549850525334477,2163.0999999999999</coordinates></Point></Placemark><Placemark><TimeSpan><begin>2026-08-03T07:07:12Z</begin><end>2026-08-03T07:07:24Z</end></TimeSpan><styleUrl>#point</styleUrl><Point><altitudeMode>clampToGround</altitudeMode><coordinates>11.994210826233029,46.549804005771875,2165.0300000000002</coordinates></Point></Placemark><Placemark><TimeSpan><begin>2026-08-03T07:07:24Z</begin><end>2026-08-03T07:07:35Z</end></TimeSpan><styleUrl>#point</styleUrl><Point><altitudeMode>clampToGround</altitudeMode><coordinates>11.994138825684786,46.549750361591578,2166.4699999999998</coordinates></Point></Placemark><Placemark><TimeSpan><begin>2026-08-03T07:07:35Z</begin><end>2026-08-03T07:07:47Z</end></TimeSpan><styleUrl>#point</styleUrl><Point><altitudeMode>clampToGround</altitudeMode><coordinates>11.994091803207994,46.549681629985571,2168.8699999999999</coordinates></Point></Placemark><Placemark><TimeSpan><begin>2026-08-03T07:07:47Z</begin><end>2026-08-03T07:08:02Z</end></TimeSpan><styleUrl>#point</styleUrl><Point><altitudeMode>clampToGround</altitudeMode><coordinates>11.994090043008327,46.549666123464704,2169.3499999999999</coordinates></Point></Placemark><Placemark><TimeSpan><begin>2026-08-03T07:08:02Z</begin><end>2026-08-03T07:08:12Z</end></TimeSpan><styleUrl>#point</styleUrl><Point><altitudeMode>clampToGround</altitudeMode><coordinates>11.994015611708164,46.549615915864706,2170.79</coordinates></Point></Placemark><Placemark><TimeSpan><begin>2026-08-03T07:08:12Z</begin><end>2026-08-03T07:08:23Z</end></TimeSpan><styleUrl>#point</styleUrl><Point><altitudeMode>clampToGround</altitudeMode><coordinates>11.99400756508112,46.549624046310782,2171.27</coordinates></Point></Placemark><Placemark><TimeSpan><begin>2026-08-03T07:08:23Z</begin><end>2026-08-03T07:08:53Z</end></TimeSpan><styleUrl>#point</styleUrl><Point><altitudeMode>clampToGround</altitudeMode><coordinates>11.993955094367266,46.549620609730482,2171.27</coordinates></Point></Placemark><Placemark><TimeSpan><begin>2026-08-03T07:08:53Z</begin><end>2026-08-03T07:08:58Z</end></TimeSpan><styleUrl>#point</styleUrl><Point><altitudeMode>clampToGround</altitudeMode><coordinates>11.993948388844728,46.54961122199893,2171.27</coordinates></Point></Placemark><Placemark><TimeSpan><begin>2026-08-03T07:08:58Z</begin><end>2026-08-03T07:09:08Z</end></TimeSpan><styleUrl>#point</styleUrl><Point><altitudeMode>clampToGround</altitudeMode><coordinates>11.993860630318522,46.549596050754189,2173.1999999999998</coordinates></Point></Placemark><Placemark><TimeSpan><begin>2026-08-03T07:09:08Z</begin><end>2026-08-03T07:09:18Z</end></TimeSpan><styleUrl>#point</styleUrl><Point><altitudeMode>clampToGround</altitudeMode><coordinates>11.993801454082131,46.549547268077731,2175.5999999999999</coordinates></Point></Placemark><Placemark><TimeSpan><begin>2026-08-03T07:09:18Z</begin><end>2026-08-03T07:09:29Z</end></TimeSpan><styleUrl>#point</styleUrl><Point><altitudeMode>clampToGround</altitudeMode><coordinates>11.993767591193318,46.549485409632325,2178</coordinates></Point></Placemark><Placemark><TimeSpan><begin>2026-08-03T07:09:29Z</begin><end>2026-08-03T07:09:38Z</end></TimeSpan><styleUrl>#point</styleUrl><Point><altitudeMode>clampToGround</altitudeMode><coordinates>11.993709085509181,46.549474680796266,2179.4499999999998</coordinates></Point></Placemark><Placemark><TimeSpan><begin>2026-08-03T07:09:38Z</begin><end>2026-08-03T07:09:55Z</end></TimeSpan><styleUrl>#point</styleUrl><Point><altitudeMode>clampToGround</altitudeMode><coordinates>11.993727106601,46.549474261701107,2180.4099999999999</coordinates></Point></Placemark><Placemark><TimeSpan><begin>2026-08-03T07:09:55Z</begin><end>2026-08-03T07:10:04Z</end></TimeSpan><styleUrl>#point</styleUrl><Point><altitudeMode>clampToGround</altitudeMode><coordinates>11.993672791868448,46.549469567835331,2180.4099999999999</coordinates></Point></Placemark><Placemark><TimeSpan><begin>2026-08-03T07:10:04Z</begin><end>2026-08-03T07:10:14Z</end></TimeSpan><styleUrl>#point</styleUrl><Point><altitudeMode>clampToGround</altitudeMode><coordinates>11.993602802976966,46.549423886463046,2181.8499999999999</coordinates></Point></Placemark><Placemark><TimeSpan><begin>2026-08-03T07:10:14Z</begin><end>2026-08-03T07:10:24Z</end></TimeSpan><styleUrl>#point</styleUrl><Point><altitudeMode>clampToGround</altitudeMode><coordinates>11.99354144744575,46.54937325976789,2182.3299999999999</coordinates></Point></Placemark><Placemark><TimeSpan><begin>2026-08-03T07:10:24Z</begin><end>2026-08-03T07:10:35Z</end></TimeSpan><styleUrl>#point</styleUrl><Point><altitudeMode>clampToGround</altitudeMode><coordinates>11.993505572900176,46.549309054389596,2184.25</coordinates></Point></Placemark><Placemark><TimeSpan><begin>2026-08-03T07:10:35Z</begin><end>2026-08-03T07:10:45Z</end></TimeSpan><styleUrl>#point</styleUrl><Point><altitudeMode>clampToGround</altitudeMode><coordinates>11.993508925661445,46.549301510676742,2184.25</coordinates></Point></Placemark><Placemark><TimeSpan><begin>2026-08-03T07:10:45Z</begin><end>2026-08-03T07:11:00Z</end></TimeSpan><styleUrl>#point</styleUrl><Point><altitudeMode>clampToGround</altitudeMode><coordinates>11.993470536544919,46.549220457673073,2186.6599999999999</coordinates></Point></Placemark><Placemark><TimeSpan><begin>2026-08-03T07:11:00Z</begin><end>2026-08-03T07:11:14Z</end></TimeSpan><styleUrl>#point</styleUrl><Point><altitudeMode>clampToGround</altitudeMode><coordinates>11.993448073044419,46.5491240657866,2188.0999999999999</coordinates></Point></Placemark><Placemark><TimeSpan><begin>2026-08-03T07:11:14Z</begin><end>2026-08-03T07:11:24Z</end></TimeSpan><styleUrl>#point</styleUrl><Point><altitudeMode>clampToGround</altitudeMode><coordinates>11.993426280096173,46.549074780195951,2189.0599999999999</coordinates></Point></Placemark><Placemark><TimeSpan><begin>2026-08-03T07:11:24Z</begin><end>2026-08-03T07:11:37Z</end></TimeSpan><styleUrl>#point</styleUrl><Point><altitudeMode>clampToGround</altitudeMode><coordinates>11.993409683927894,46.54900043271482,2190.5</coordinates></Point></Placemark><Placemark><TimeSpan><begin>2026-08-03T07:11:37Z</begin><end>2026-08-03T07:11:47Z</end></TimeSpan><styleUrl>#point</styleUrl><Point><altitudeMode>clampToGround</altitudeMode><coordinates>11.993383448570967,46.549001019448042,2191.46</coordinates></Point></Placemark><Placemark><TimeSpan><begin>2026-08-03T07:11:47Z</begin><end>2026-08-03T07:12:08Z</end></TimeSpan><styleUrl>#point</styleUrl><Point><altitudeMode>clampToGround</altitudeMode><coordinates>11.99340851046145,46.548999343067408,2191.46</coordinates></Point></Placemark><Placemark><TimeSpan><begin>2026-08-03T07:12:08Z</begin><end>2026-08-03T07:12:18Z</end></TimeSpan><styleUrl>#point</styleUrl><Point><altitudeMode>clampToGround</altitudeMode><coordinates>11.993441702798009,46.549001941457391,2191.46</coordinates></Point></Placemark><Placemark><TimeSpan><begin>2026-08-03T07:12:18Z</begin><end>2026-08-03T07:12:34Z</end></TimeSpan><styleUrl>#point</styleUrl><Point><altitudeMode>clampToGround</altitudeMode><coordinates>11.993466094136238,46.548997582867742,2191.9400000000001</coordinates></Point></Placemark><Placemark><TimeSpan><begin>2026-08-03T07:12:34Z</begin><end>2026-08-03T07:12:47Z</end></TimeSpan><styleUrl>#point</styleUrl><Point><altitudeMode>clampToGround</altitudeMode><coordinates>11.993396105244756,46.548992805182934,2191.9400000000001</coordinates></Point></Placemark><Placemark><TimeSpan><begin>2026-08-03T07:12:47Z</begin><end>2026-08-03T07:12:58Z</end></TimeSpan><styleUrl>#point</styleUrl><Point><altitudeMode>clampToGround</altitudeMode><coordinates>11.993311867117882,46.548924744129181,2193.8699999999999</coordinates></Point></Placemark><Placemark><TimeSpan><begin>2026-08-03T07:12:58Z</begin><end>2026-08-03T07:13:09Z</end></TimeSpan><styleUrl>#point</styleUrl><Point><altitudeMode>clampToGround</altitudeMode><coordinates>11.993215642869473,46.548889456316829,2195.79</coordinates></Point></Placemark><Placemark><TimeSpan><begin>2026-08-03T07:13:09Z</begin><end>2026-08-03T07:13:13Z</end></TimeSpan><styleUrl>#point</styleUrl><Point><altitudeMode>clampToGround</altitudeMode><coordinates>11.99318764731288,46.548864897340536,2195.79</coordinates></Point></Placemark><Placemark><TimeSpan><begin>2026-08-03T07:13:13Z</begin><end>2026-08-03T07:13:25Z</end></TimeSpan><styleUrl>#point</styleUrl><Point><altitudeMode>clampToGround</altitudeMode><coordinates>11.993111120536923,46.548821730539203,2197.23</coordinates></Point></Placemark><Placemark><TimeSpan><begin>2026-08-03T07:13:25Z</begin><end>2026-08-03T07:13:38Z</end></TimeSpan><styleUrl>#point</styleUrl><Point><altitudeMode>clampToGround</altitudeMode><coordinates>11.993057727813721,46.548769511282444,2198.6700000000001</coordinates></Point></Placemark><Placemark><TimeSpan><begin>2026-08-03T07:13:38Z</begin><end>2026-08-03T07:13:48Z</end></TimeSpan><styleUrl>#point</styleUrl><Point><altitudeMode>clampToGround</altitudeMode><coordinates>11.993015818297863,46.548716872930527,2200.5900000000001</coordinates></Point></Placemark><Placemark><TimeSpan><begin>2026-08-03T07:13:48Z</begin><end>2026-08-03T07:13:58Z</end></TimeSpan><styleUrl>#point</styleUrl><Point><altitudeMode>clampToGround</altitudeMode><coordinates>11.992972400039434,46.548679322004318,2201.5599999999999</coordinates></Point></Placemark><Placemark><TimeSpan><begin>2026-08-03T07:13:58Z</begin><end>2026-08-03T07:14:09Z</end></TimeSpan><styleUrl>#point</styleUrl><Point><altitudeMode>clampToGround</altitudeMode><coordinates>11.992909954860806,46.548639759421349,2203.48</coordinates></Point></Placemark><Placemark><TimeSpan><begin>2026-08-03T07:14:09Z</begin><end>2026-08-03T07:14:19Z</end></TimeSpan><styleUrl>#point</styleUrl><Point><altitudeMode>clampToGround</altitudeMode><coordinates>11.992908027023077,46.548589635640383,2204.9200000000001</coordinates></Point></Placemark><Placemark><TimeSpan><begin>2026-08-03T07:14:19Z</begin><end>2026-08-03T07:14:30Z</end></TimeSpan><styleUrl>#point</styleUrl><Point><altitudeMode>clampToGround</altitudeMode><coordinates>11.992898052558303,46.548541858792305,2206.3600000000001</coordinates></Point></Placemark><Placemark><TimeSpan><begin>2026-08-03T07:14:30Z</begin><end>2026-08-03T07:14:40Z</end></TimeSpan><styleUrl>#point</styleUrl><Point><altitudeMode>clampToGround</altitudeMode><coordinates>11.992838121950626,46.548532554879785,2207.8099999999999</coordinates></Point></Placemark><Placemark><TimeSpan><begin>2026-08-03T07:14:40Z</begin><end>2026-08-03T07:14:50Z</end></TimeSpan><styleUrl>#point</styleUrl><Point><altitudeMode>clampToGround</altitudeMode><coordinates>11.99280216358602,46.548500200733542,2208.29</coordinates></Point></Placemark><Placemark><TimeSpan><begin>2026-08-03T07:14:50Z</begin><end>2026-08-03T07:15:03Z</end></TimeSpan><styleUrl>#point</styleUrl><Point><altitudeMode>clampToGround</altitudeMode><coordinates>11.992762517184019,46.548436330631375,2210.6900000000001</coordinates></Point></Placemark><Placemark><TimeSpan><begin>2026-08-03T07:15:03Z</begin><end>2026-08-03T07:15:15Z</end></TimeSpan><styleUrl>#point</styleUrl><Point><altitudeMode>clampToGround</altitudeMode><coordinates>11.992680374532938,46.548410849645734,2211.6500000000001</coordinates></Point></Placemark><Placemark><TimeSpan><begin>2026-08-03T07:15:15Z</begin><end>2026-08-03T07:15:27Z</end></TimeSpan><styleUrl>#point</styleUrl><Point><altitudeMode>clampToGround</altitudeMode><coordinates>11.99260569177568,46.548361983150244,2212.6100000000001</coordinates></Point></Placemark><Placemark><TimeSpan><begin>2026-08-03T07:15:27Z</begin><end>2026-08-03T07:15:39Z</end></TimeSpan><styleUrl>#point</styleUrl><Point><altitudeMode>clampToGround</altitudeMode><coordinates>11.992564117535949,46.548315547406673,2214.0500000000002</coordinates></Point></Placemark><Placemark><TimeSpan><begin>2026-08-03T07:15:39Z</begin><end>2026-08-03T07:15:50Z</end></TimeSpan><styleUrl>#point</styleUrl><Point><altitudeMode>clampToGround</altitudeMode><coordinates>11.992560513317585,46.548291994258761,2215.0100000000002</coordinates></Point></Placemark><Placemark><TimeSpan><begin>2026-08-03T07:15:50Z</begin><end>2026-08-03T07:16:11Z</end></TimeSpan><styleUrl>#point</styleUrl><Point><altitudeMode>clampToGround</altitudeMode><coordinates>11.992553640156984,46.548285875469446,2215.0100000000002</coordinates></Point></Placemark><Placemark><TimeSpan><begin>2026-08-03T07:16:11Z</begin><end>2026-08-03T07:16:45Z</end></TimeSpan><styleUrl>#point</styleUrl><Point><altitudeMode>clampToGround</altitudeMode><coordinates>11.992555987089872,46.548300459980965,2215.0100000000002</coordinates></Point></Placemark><Placemark><TimeSpan><begin>2026-08-03T07:16:45Z</begin><end>2026-08-03T07:16:57Z</end></TimeSpan><styleUrl>#point</styleUrl><Point><altitudeMode>clampToGround</altitudeMode><coordinates>11.992558166384697,46.54824698343873,2215.98</coordinates></Point></Placemark><Placemark><TimeSpan><begin>2026-08-03T07:16:57Z</begin><end>2026-08-03T07:17:06Z</end></TimeSpan><styleUrl>#point</styleUrl><Point><altitudeMode>clampToGround</altitudeMode><coordinates>11.992492284625769,46.5482122823596,2216.9400000000001</coordinates></Point></Placemark><Placemark><TimeSpan><begin>2026-08-03T07:17:06Z</begin><end>2026-08-03T07:17:16Z</end></TimeSpan><styleUrl>#point</styleUrl><Point><altitudeMode>clampToGround</altitudeMode><coordinates>11.992408465594053,46.548182610422373,2218.3800000000001</coordinates></Point></Placemark><Placemark><TimeSpan><begin>2026-08-03T07:17:16Z</begin><end>2026-08-03T07:17:27Z</end></TimeSpan><styleUrl>#point</styleUrl><Point><altitudeMode>clampToGround</altitudeMode><coordinates>11.992357335984707,46.54815461486578,2220.7800000000002</coordinates></Point></Placemark><Placemark><TimeSpan><begin>2026-08-03T07:17:27Z</begin><end>2026-08-03T07:17:37Z</end></TimeSpan><styleUrl>#point</styleUrl><Point><altitudeMode>clampToGround</altitudeMode><coordinates>11.992286676540971,46.548159727826715,2222.2199999999998</coordinates></Point></Placemark><Placemark><TimeSpan><begin>2026-08-03T07:17:37Z</begin><end>2026-08-03T07:17:47Z</end></TimeSpan><styleUrl>#point</styleUrl><Point><altitudeMode>clampToGround</altitudeMode><coordinates>11.992195900529623,46.548164924606681,2223.1900000000001</coordinates></Point></Placemark><Placemark><TimeSpan><begin>2026-08-03T07:17:47Z</begin><end>2026-08-03T07:17:59Z</end></TimeSpan><styleUrl>#point</styleUrl><Point><altitudeMode>clampToGround</altitudeMode><coordinates>11.992092216387391,46.548197278752923,2224.1500000000001</coordinates></Point></Placemark><Placemark><TimeSpan><begin>2026-08-03T07:17:59Z</begin><end>2026-08-03T07:18:09Z</end></TimeSpan><styleUrl>#point</styleUrl><Point><altitudeMode>clampToGround</altitudeMode><coordinates>11.992019629105926,46.548245642334223,2225.1100000000001</coordinates></Point></Placemark><Placemark><TimeSpan><begin>2026-08-03T07:18:09Z</begin><end>2026-08-03T07:18:19Z</end></TimeSpan><styleUrl>#point</styleUrl><Point><altitudeMode>clampToGround</altitudeMode><coordinates>11.991937318816781,46.548260226845741,2226.5500000000002</coordinates></Point></Placemark><Placemark><TimeSpan><begin>2026-08-03T07:18:19Z</begin><end>2026-08-03T07:18:29Z</end></TimeSpan><styleUrl>#point</styleUrl><Point><altitudeMode>clampToGround</altitudeMode><coordinates>11.991913011297584,46.54823281802237,2227.9899999999998</coordinates></Point></Placemark><Placemark><TimeSpan><begin>2026-08-03T07:18:29Z</begin><end>2026-08-03T07:18:43Z</end></TimeSpan><styleUrl>#point</styleUrl><Point><altitudeMode>clampToGround</altitudeMode><coordinates>11.991899851709604,46.548185208812356,2228.9499999999998</coordinates></Point></Placemark><Placemark><TimeSpan><begin>2026-08-03T07:18:43Z</begin><end>2026-08-03T07:18:54Z</end></TimeSpan><styleUrl>#point</styleUrl><Point><altitudeMode>clampToGround</altitudeMode><coordinates>11.991848135367036,46.548137348145247,2231.3600000000001</coordinates></Point></Placemark><Placemark><TimeSpan><begin>2026-08-03T07:18:54Z</begin><end>2026-08-03T07:19:02Z</end></TimeSpan><styleUrl>#point</styleUrl><Point><altitudeMode>clampToGround</altitudeMode><coordinates>11.991809410974383,46.548121841624379,2232.3200000000002</coordinates></Point></Placemark><Placemark><TimeSpan><begin>2026-08-03T07:19:02Z</begin><end>2026-08-03T07:19:12Z</end></TimeSpan><styleUrl>#point</styleUrl><Point><altitudeMode>clampToGround</altitudeMode><coordinates>11.991757610812783,46.548075741156936,2233.7600000000002</coordinates></Point></Placemark><Placemark><TimeSpan><begin>2026-08-03T07:19:12Z</begin><end>2026-08-03T07:19:25Z</end></TimeSpan><styleUrl>#point</styleUrl><Point><altitudeMode>clampToGround</altitudeMode><coordinates>11.99171444401145,46.548015056177974,2235.6799999999998</coordinates></Point></Placemark><Placemark><TimeSpan><begin>2026-08-03T07:19:25Z</begin><end>2026-08-03T07:19:36Z</end></TimeSpan><styleUrl>#point</styleUrl><Point><altitudeMode>clampToGround</altitudeMode><coordinates>11.991652920842171,46.547983540222049,2237.6100000000001</coordinates></Point></Placemark><Placemark><TimeSpan><begin>2026-08-03T07:19:36Z</begin><end>2026-08-03T07:19:47Z</end></TimeSpan><styleUrl>#point</styleUrl><Point><altitudeMode>clampToGround</altitudeMode><coordinates>11.991607407107949,46.547944229096174,2239.0500000000002</coordinates></Point></Placemark><Placemark><TimeSpan><begin>2026-08-03T07:19:47Z</begin><end>2026-08-03T07:19:57Z</end></TimeSpan><styleUrl>#point</styleUrl><Point><altitudeMode>clampToGround</altitudeMode><coordinates>11.991543034091592,46.547921514138579,2239.5300000000002</coordinates></Point></Placemark><Placemark><TimeSpan><begin>2026-08-03T07:19:57Z</begin><end>2026-08-03T07:20:06Z</end></TimeSpan><styleUrl>#point</styleUrl><Point><altitudeMode>clampToGround</altitudeMode><coordinates>11.991461561992764,46.547934086993337,2240.0100000000002</coordinates></Point></Placemark><Placemark><TimeSpan><begin>2026-08-03T07:20:06Z</begin><end>2026-08-03T07:20:17Z</end></TimeSpan><styleUrl>#point</styleUrl><Point><altitudeMode>clampToGround</altitudeMode><coordinates>11.99138511903584,46.547936853021383,2240.9699999999998</coordinates></Point></Placemark><Placemark><TimeSpan><begin>2026-08-03T07:20:17Z</begin><end>2026-08-03T07:20:38Z</end></TimeSpan><styleUrl>#point</styleUrl><Point><altitudeMode>clampToGround</altitudeMode><coordinates>11.991385789588094,46.547936098650098,2240.9699999999998</coordinates></Point></Placemark><Placemark><TimeSpan><begin>2026-08-03T07:20:38Z</begin><end>2026-08-03T07:21:11Z</end></TimeSpan><styleUrl>#point</styleUrl><Point><altitudeMode>clampToGround</altitudeMode><coordinates>11.991377910599113,46.547938110306859,2240.9699999999998</coordinates></Point></Placemark><Placemark><TimeSpan><begin>2026-08-03T07:21:11Z</begin><end>2026-08-03T07:21:31Z</end></TimeSpan><styleUrl>#point</styleUrl><Point><altitudeMode>clampToGround</altitudeMode><coordinates>11.991363242268562,46.547929812222719,2240.9699999999998</coordinates></Point></Placemark><Placemark><TimeSpan><begin>2026-08-03T07:21:31Z</begin><end>2026-08-03T07:21:43Z</end></TimeSpan><styleUrl>#point</styleUrl><Point><altitudeMode>clampToGround</altitudeMode><coordinates>11.99142568744719,46.547870803624392,2241.9299999999998</coordinates></Point></Placemark><Placemark><TimeSpan><begin>2026-08-03T07:21:43Z</begin><end>2026-08-03T07:21:59Z</end></TimeSpan><styleUrl>#point</styleUrl><Point><altitudeMode>clampToGround</altitudeMode><coordinates>11.991414539515972,46.54787021689117,2241.9299999999998</coordinates></Point></Placemark><Placemark><TimeSpan><begin>2026-08-03T07:21:59Z</begin><end>2026-08-03T07:22:21Z</end></TimeSpan><styleUrl>#point</styleUrl><Point><altitudeMode>clampToGround</altitudeMode><coordinates>11.991406911984086,46.547853453084826,2241.9299999999998</coordinates></Point></Placemark><Placemark><TimeSpan><begin>2026-08-03T07:22:21Z</begin><end>2026-08-03T07:22:44Z</end></TimeSpan><styleUrl>#point</styleUrl><Point><altitudeMode>clampToGround</altitudeMode><coordinates>11.991432895883918,46.547869965434074,2242.4099999999999</coordinates></Point></Placemark><Placemark><TimeSpan><begin>2026-08-03T07:22:44Z</begin><end>2026-08-03T07:22:59Z</end></TimeSpan><styleUrl>#point</styleUrl><Point><altitudeMode>clampToGround</altitudeMode><coordinates>11.991410180926323,46.547864349558949,2242.4099999999999</coordinates></Point></Placemark><Placemark><TimeSpan><begin>2026-08-03T07:22:59Z</begin><end>2026-08-03T07:23:18Z</end></TimeSpan><styleUrl>#point</styleUrl><Point><altitudeMode>clampToGround</altitudeMode><coordinates>11.991438008844852,46.547838030382991,2242.4099999999999</coordinates></Point></Placemark><Placemark><TimeSpan><begin>2026-08-03T07:23:18Z</begin><end>2026-08-03T07:23:22Z</end></TimeSpan><styleUrl>#point</styleUrl><Point><altitudeMode>clampToGround</altitudeMode><coordinates>11.991455694660544,46.547819757834077,2242.4099999999999</coordinates></Point></Placemark><Placemark><TimeSpan><begin>2026-08-03T07:23:22Z</begin><end>2026-08-03T07:23:37Z</end></TimeSpan><styleUrl>#point</styleUrl><Point><altitudeMode>clampToGround</altitudeMode><coordinates>11.991433398798108,46.547703333199024,2243.8499999999999</coordinates></Point></Placemark><Placemark><TimeSpan><begin>2026-08-03T07:23:37Z</begin><end>2026-08-03T07:23:48Z</end></TimeSpan><styleUrl>#point</styleUrl><Point><altitudeMode>clampToGround</altitudeMode><coordinates>11.99141001328826,46.547602415084839,2243.8499999999999</coordinates></Point></Placemark><Placemark><TimeSpan><begin>2026-08-03T07:23:48Z</begin><end>2026-08-03T07:23:51Z</end></TimeSpan><styleUrl>#point</styleUrl><Point><altitudeMode>clampToGround</altitudeMode><coordinates>11.991405235603452,46.547575425356627,2243.8499999999999</coordinates></Point></Placemark><Placemark><TimeSpan><begin>2026-08-03T07:23:51Z</begin><end>2026-08-03T07:24:02Z</end></TimeSpan><styleUrl>#point</styleUrl><Point><altitudeMode>clampToGround</altitudeMode><coordinates>11.991323847323656,46.547512309625745,2245.3000000000002</coordinates></Point></Placemark><Placemark><TimeSpan><begin>2026-08-03T07:24:02Z</begin><end>2026-08-03T07:24:14Z</end></TimeSpan><styleUrl>#point</styleUrl><Point><altitudeMode>clampToGround</altitudeMode><coordinates>11.99124245904386,46.547462269663811,2247.2199999999998</coordinates></Point></Placemark><Placemark><TimeSpan><begin>2026-08-03T07:24:14Z</begin><end>2026-08-03T07:24:24Z</end></TimeSpan><styleUrl>#point</styleUrl><Point><altitudeMode>clampToGround</altitudeMode><coordinates>11.991181690245867,46.547426898032427,2248.6599999999999</coordinates></Point></Placemark><Placemark><TimeSpan><begin>2026-08-03T07:24:24Z</begin><end>2026-08-03T07:24:36Z</end></TimeSpan><styleUrl>#point</styleUrl><Point><altitudeMode>clampToGround</altitudeMode><coordinates>11.991067193448544,46.547397645190358,2249.6199999999999</coordinates></Point></Placemark><Placemark><TimeSpan><begin>2026-08-03T07:24:36Z</begin><end>2026-08-03T07:24:47Z</end></TimeSpan><styleUrl>#point</styleUrl><Point><altitudeMode>clampToGround</altitudeMode><coordinates>11.991038108244538,46.547384401783347,2249.6199999999999</coordinates></Point></Placemark><Placemark><TimeSpan><begin>2026-08-03T07:24:47Z</begin><end>2026-08-03T07:24:57Z</end></TimeSpan><styleUrl>#point</styleUrl><Point><altitudeMode>clampToGround</altitudeMode><coordinates>11.990968706086278,46.547342492267489,2249.6199999999999</coordinates></Point></Placemark><Placemark><TimeSpan><begin>2026-08-03T07:24:57Z</begin><end>2026-08-03T07:25:08Z</end></TimeSpan><styleUrl>#point</styleUrl><Point><altitudeMode>clampToGround</altitudeMode><coordinates>11.990904081612825,46.547295805066824,2250.5799999999999</coordinates></Point></Placemark><Placemark><TimeSpan><begin>2026-08-03T07:25:08Z</begin><end>2026-08-03T07:25:18Z</end></TimeSpan><styleUrl>#point</styleUrl><Point><altitudeMode>clampToGround</altitudeMode><coordinates>11.99084565974772,46.54724283143878,2252.0300000000002</coordinates></Point></Placemark><Placemark><TimeSpan><begin>2026-08-03T07:25:18Z</begin><end>2026-08-03T07:25:27Z</end></TimeSpan><styleUrl>#point</styleUrl><Point><altitudeMode>clampToGround</altitudeMode><coordinates>11.990841887891293,46.547237550839782,2250.5799999999999</coordinates></Point></Placemark><Placemark><TimeSpan><begin>2026-08-03T07:25:27Z</begin><end>2026-08-03T07:25:28Z</end></TimeSpan><styleUrl>#point</styleUrl><Point><altitudeMode>clampToGround</altitudeMode><coordinates>11.990851443260908,46.547244843095541,2250.5799999999999</coordinates></Point></Placemark><Placemark><TimeSpan><begin>2026-08-03T07:25:28Z</begin><end>2026-08-03T07:25:38Z</end></TimeSpan><styleUrl>#point</styleUrl><Point><altitudeMode>clampToGround</altitudeMode><coordinates>11.990862004458904,46.547258254140615,2250.5799999999999</coordinates></Point></Placemark><Placemark><TimeSpan><begin>2026-08-03T07:25:38Z</begin><end>2026-08-03T07:25:51Z</end></TimeSpan><styleUrl>#point</styleUrl><Point><altitudeMode>clampToGround</altitudeMode><coordinates>11.990908188745379,46.547269485890865,2250.5799999999999</coordinates></Point></Placemark><Placemark><TimeSpan><begin>2026-08-03T07:25:51Z</begin><end>2026-08-03T07:26:01Z</end></TimeSpan><styleUrl>#point</styleUrl><Point><altitudeMode>clampToGround</altitudeMode><coordinates>11.991008771583438,46.547290943562984,2250.5799999999999</coordinates></Point></Placemark><Placemark><TimeSpan><begin>2026-08-03T07:26:01Z</begin><end>2026-08-03T07:26:05Z</end></TimeSpan><styleUrl>#point</styleUrl><Point><altitudeMode>clampToGround</altitudeMode><coordinates>11.991035677492619,46.547273341566324,2250.5799999999999</coordinates></Point></Placemark><Placemark><TimeSpan><begin>2026-08-03T07:26:05Z</begin><end>2026-08-03T07:26:16Z</end></TimeSpan><styleUrl>#point</styleUrl><Point><altitudeMode>clampToGround</altitudeMode><coordinates>11.991117903962731,46.547215422615409,2252.5100000000002</coordinates></Point></Placemark><Placemark><TimeSpan><begin>2026-08-03T07:26:16Z</begin><end>2026-08-03T07:26:25Z</end></TimeSpan><styleUrl>#point</styleUrl><Point><altitudeMode>clampToGround</altitudeMode><coordinates>11.991119077429175,46.547200083732605,2252.9899999999998</coordinates></Point></Placemark><Placemark><TimeSpan><begin>2026-08-03T07:26:25Z</begin><end>2026-08-03T07:26:50Z</end></TimeSpan><styleUrl>#point</styleUrl><Point><altitudeMode>clampToGround</altitudeMode><coordinates>11.991108767688274,46.547211650758982,2252.9899999999998</coordinates></Point></Placemark><Placemark><TimeSpan><begin>2026-08-03T07:26:50Z</begin><end>2026-08-03T07:27:04Z</end></TimeSpan><styleUrl>#point</styleUrl><Point><altitudeMode>clampToGround</altitudeMode><coordinates>11.991083119064569,46.547222044318914,2252.9899999999998</coordinates></Point></Placemark><Placemark><TimeSpan><begin>2026-08-03T07:27:04Z</begin><end>2026-08-03T07:27:17Z</end></TimeSpan><styleUrl>#point</styleUrl><Point><altitudeMode>clampToGround</altitudeMode><coordinates>11.99103576131165,46.547212908044457,2252.9899999999998</coordinates></Point></Placemark><Placemark><TimeSpan><begin>2026-08-03T07:27:17Z</begin><end>2026-08-03T07:27:27Z</end></TimeSpan><styleUrl>#point</styleUrl><Point><altitudeMode>clampToGround</altitudeMode><coordinates>11.990932496264577,46.547215422615409,2252.9899999999998</coordinates></Point></Placemark><Placemark><TimeSpan><begin>2026-08-03T07:27:27Z</begin><end>2026-08-03T07:27:36Z</end></TimeSpan><styleUrl>#point</styleUrl><Point><altitudeMode>clampToGround</altitudeMode><coordinates>11.990849934518337,46.547234700992703,2251.54</coordinates></Point></Placemark><Placemark><TimeSpan><begin>2026-08-03T07:27:36Z</begin><end>2026-08-03T07:27:54Z</end></TimeSpan><styleUrl>#point</styleUrl><Point><altitudeMode>clampToGround</altitudeMode><coordinates>11.990862172096968,46.547242747619748,2251.54</coordinates></Point></Placemark><Placemark><TimeSpan><begin>2026-08-03T07:27:54Z</begin><end>2026-08-03T07:28:04Z</end></TimeSpan><styleUrl>#point</styleUrl><Point><altitudeMode>clampToGround</altitudeMode><coordinates>11.990833589807153,46.547206873074174,2250.5799999999999</coordinates></Point></Placemark><Placemark><TimeSpan><begin>2026-08-03T07:28:04Z</begin><end>2026-08-03T07:28:16Z</end></TimeSpan><styleUrl>#point</styleUrl><Point><altitudeMode>clampToGround</altitudeMode><coordinates>11.990797379985452,46.547169741243124,2249.1399999999999</coordinates></Point></Placemark><Placemark><TimeSpan><begin>2026-08-03T07:28:16Z</begin><end>2026-08-03T07:28:24Z</end></TimeSpan><styleUrl>#point</styleUrl><Point><altitudeMode>clampToGround</altitudeMode><coordinates>11.990772318094969,46.54712556861341,2247.6999999999998</coordinates></Point></Placemark><Placemark><TimeSpan><begin>2026-08-03T07:28:24Z</begin><end>2026-08-03T07:28:34Z</end></TimeSpan><styleUrl>#point</styleUrl><Point><altitudeMode>clampToGround</altitudeMode><coordinates>11.990675339475274,46.547098578885198,2246.7399999999998</coordinates></Point></Placemark><Placemark><TimeSpan><begin>2026-08-03T07:28:34Z</begin><end>2026-08-03T07:28:44Z</end></TimeSpan><styleUrl>#point</styleUrl><Point><altitudeMode>clampToGround</altitudeMode><coordinates>11.990621192380786,46.54709916561842,2246.2600000000002</coordinates></Point></Placemark><Placemark><TimeSpan><begin>2026-08-03T07:28:44Z</begin><end>2026-08-03T07:28:52Z</end></TimeSpan><styleUrl>#point</styleUrl><Point><altitudeMode>clampToGround</altitudeMode><coordinates>11.99059747159481,46.547106206417084,2245.7800000000002</coordinates></Point></Placemark><Placemark><TimeSpan><begin>2026-08-03T07:28:52Z</begin><end>2026-08-03T07:29:15Z</end></TimeSpan><styleUrl>#point</styleUrl><Point><altitudeMode>clampToGround</altitudeMode><coordinates>11.990586407482624,46.547097656875849,2245.7800000000002</coordinates></Point></Placemark><Placemark><TimeSpan><begin>2026-08-03T07:29:15Z</begin><end>2026-08-03T07:29:28Z</end></TimeSpan><styleUrl>#point</styleUrl><Point><altitudeMode>clampToGround</altitudeMode><coordinates>11.990573415532708,46.547093549743295,2245.7800000000002</coordinates></Point></Placemark><Placemark><TimeSpan><begin>2026-08-03T07:29:28Z</begin><end>2026-08-03T07:29:48Z</end></TimeSpan><styleUrl>#point</styleUrl><Point><altitudeMode>clampToGround</altitudeMode><coordinates>11.990573834627867,46.547099752351642,2245.7800000000002</coordinates></Point></Placemark><Placemark><TimeSpan><begin>2026-08-03T07:29:48Z</begin><end>2026-08-03T07:30:03Z</end></TimeSpan><styleUrl>#point</styleUrl><Point><altitudeMode>clampToGround</altitudeMode><coordinates>11.990562519058585,46.547093382105231,2245.3000000000002</coordinates></Point></Placemark><Placemark><TimeSpan><begin>2026-08-03T07:30:03Z</begin><end>2026-08-03T07:30:13Z</end></TimeSpan><styleUrl>#point</styleUrl><Point><altitudeMode>clampToGround</altitudeMode><coordinates>11.990553634241223,46.547097992151976,2244.8200000000002</coordinates></Point></Placemark><Placemark><TimeSpan><begin>2026-08-03T07:30:13Z</begin><end>2026-08-03T07:30:22Z</end></TimeSpan><styleUrl>#point</styleUrl><Point><altitudeMode>clampToGround</altitudeMode><coordinates>11.990526560693979,46.547097153961658,2244.3299999999999</coordinates></Point></Placemark><Placemark><TimeSpan><begin>2026-08-03T07:30:22Z</begin><end>2026-08-03T07:30:32Z</end></TimeSpan><styleUrl>#point</styleUrl><Point><altitudeMode>clampToGround</altitudeMode><coordinates>11.990512395277619,46.547107882797718,2243.8499999999999</coordinates></Point></Placemark><Placemark><TimeSpan><begin>2026-08-03T07:30:32Z</begin><end>2026-08-03T07:30:47Z</end></TimeSpan><styleUrl>#point</styleUrl><Point><altitudeMode>clampToGround</altitudeMode><coordinates>11.990502504631877,46.547089526429772,2242.8899999999999</coordinates></Point></Placemark><Placemark><TimeSpan><begin>2026-08-03T07:30:47Z</begin><end>2026-08-03T07:30:58Z</end></TimeSpan><styleUrl>#point</styleUrl><Point><altitudeMode>clampToGround</altitudeMode><coordinates>11.990478783845901,46.547089610248804,2242.4099999999999</coordinates></Point></Placemark><Placemark><TimeSpan><begin>2026-08-03T07:30:58Z</begin><end>2026-08-03T07:31:07Z</end></TimeSpan><styleUrl>#point</styleUrl><Point><altitudeMode>clampToGround</altitudeMode><coordinates>11.990474425256252,46.547080222517252,2240.9699999999998</coordinates></Point></Placemark><Placemark><TimeSpan><begin>2026-08-03T07:31:07Z</begin><end>2026-08-03T07:31:31Z</end></TimeSpan><styleUrl>#point</styleUrl><Point><altitudeMode>clampToGround</altitudeMode><coordinates>11.990469060838223,46.54708256945014,2240.9699999999998</coordinates></Point></Placemark><Placemark><TimeSpan><begin>2026-08-03T07:31:31Z</begin><end>2026-08-03T07:31:42Z</end></TimeSpan><styleUrl>#point</styleUrl><Point><altitudeMode>clampToGround</altitudeMode><coordinates>11.990467635914683,46.547009898349643,2239.5300000000002</coordinates></Point></Placemark><Placemark><TimeSpan><begin>2026-08-03T07:31:42Z</begin><end>2026-08-03T07:31:53Z</end></TimeSpan><styleUrl>#point</styleUrl><Point><altitudeMode>clampToGround</altitudeMode><coordinates>11.9904650375247,46.546991877257824,2239.5300000000002</coordinates></Point></Placemark><Placemark><TimeSpan><begin>2026-08-03T07:31:53Z</begin><end>2026-08-03T07:31:58Z</end></TimeSpan><styleUrl>#point</styleUrl><Point><altitudeMode>clampToGround</altitudeMode><coordinates>11.990413488820195,46.546950386837125,2238.5700000000002</coordinates></Point></Placemark><Placemark><TimeSpan><begin>2026-08-03T07:31:58Z</begin><end>2026-08-03T07:32:09Z</end></TimeSpan><styleUrl>#point</styleUrl><Point><altitudeMode>clampToGround</altitudeMode><coordinates>11.990320282056928,46.546877548098564,2237.1300000000001</coordinates></Point></Placemark><Placemark><TimeSpan><begin>2026-08-03T07:32:09Z</begin><end>2026-08-03T07:32:19Z</end></TimeSpan><styleUrl>#point</styleUrl><Point><altitudeMode>clampToGround</altitudeMode><coordinates>11.990228584036231,46.546814935281873,2236.1599999999999</coordinates></Point></Placemark><Placemark><TimeSpan><begin>2026-08-03T07:32:19Z</begin><end>2026-08-03T07:32:23Z</end></TimeSpan><styleUrl>#point</styleUrl><Point><altitudeMode>clampToGround</altitudeMode><coordinates>11.990192709490657,46.546780401840806,2236.1599999999999</coordinates></Point></Placemark><Placemark><TimeSpan><begin>2026-08-03T07:32:23Z</begin><end>2026-08-03T07:32:34Z</end></TimeSpan><styleUrl>#point</styleUrl><Point><altitudeMode>clampToGround</altitudeMode><coordinates>11.99020653963089,46.546745365485549,2236.1599999999999</coordinates></Point></Placemark><Placemark><TimeSpan><begin>2026-08-03T07:32:34Z</begin><end>2026-08-03T07:32:48Z</end></TimeSpan><styleUrl>#point</styleUrl><Point><altitudeMode>clampToGround</altitudeMode><coordinates>11.990175191313028,46.546717118471861,2236.1599999999999</coordinates></Point></Placemark><Placemark><TimeSpan><begin>2026-08-03T07:32:48Z</begin><end>2026-08-03T07:33:00Z</end></TimeSpan><styleUrl>#point</styleUrl><Point><altitudeMode>clampToGround</altitudeMode><coordinates>11.990140657871962,46.546665485948324,2235.6799999999998</coordinates></Point></Placemark><Placemark><TimeSpan><begin>2026-08-03T07:33:00Z</begin><end>2026-08-03T07:33:13Z</end></TimeSpan><styleUrl>#point</styleUrl><Point><altitudeMode>clampToGround</altitudeMode><coordinates>11.99011861346662,46.546638580039144,2234.7199999999998</coordinates></Point></Placemark><Placemark><TimeSpan><begin>2026-08-03T07:33:13Z</begin><end>2026-08-03T07:33:18Z</end></TimeSpan><styleUrl>#point</styleUrl><Point><altitudeMode>clampToGround</altitudeMode><coordinates>11.990104950964451,46.546603962779045,2234.2399999999998</coordinates></Point></Placemark><Placemark><TimeSpan><begin>2026-08-03T07:33:18Z</begin><end>2026-08-03T07:33:29Z</end></TimeSpan><styleUrl>#point</styleUrl><Point><altitudeMode>clampToGround</altitudeMode><coordinates>11.990095730870962,46.546549648046494,2234.2399999999998</coordinates></Point></Placemark><Placemark><TimeSpan><begin>2026-08-03T07:33:29Z</begin><end>2026-08-03T07:33:39Z</end></TimeSpan><styleUrl>#point</styleUrl><Point><altitudeMode>clampToGround</altitudeMode><coordinates>11.990039320662618,46.54647714458406,2234.2399999999998</coordinates></Point></Placemark><Placemark><TimeSpan><begin>2026-08-03T07:33:39Z</begin><end>2026-08-03T07:33:42Z</end></TimeSpan><styleUrl>#point</styleUrl><Point><altitudeMode>clampToGround</altitudeMode><coordinates>11.990023897960782,46.546456441283226,2235.6799999999998</coordinates></Point></Placemark><Placemark><TimeSpan><begin>2026-08-03T07:33:42Z</begin><end>2026-08-03T07:33:54Z</end></TimeSpan><styleUrl>#point</styleUrl><Point><altitudeMode>clampToGround</altitudeMode><coordinates>11.989921554923058,46.54639751650393,2236.6399999999999</coordinates></Point></Placemark><Placemark><TimeSpan><begin>2026-08-03T07:33:54Z</begin><end>2026-08-03T07:34:04Z</end></TimeSpan><styleUrl>#point</styleUrl><Point><altitudeMode>clampToGround</altitudeMode><coordinates>11.989834550768137,46.54636038467288,2238.0900000000001</coordinates></Point></Placemark><Placemark><TimeSpan><begin>2026-08-03T07:34:04Z</begin><end>2026-08-03T07:34:15Z</end></TimeSpan><styleUrl>#point</styleUrl><Point><altitudeMode>clampToGround</altitudeMode><coordinates>11.989796916022897,46.546327611431479,2239.5300000000002</coordinates></Point></Placemark><Placemark><TimeSpan><begin>2026-08-03T07:34:15Z</begin><end>2026-08-03T07:34:25Z</end></TimeSpan><styleUrl>#point</styleUrl><Point><altitudeMode>clampToGround</altitudeMode><coordinates>11.989765148609877,46.546289389953017,2240.0100000000002</coordinates></Point></Placemark><Placemark><TimeSpan><begin>2026-08-03T07:34:25Z</begin><end>2026-08-03T07:34:38Z</end></TimeSpan><styleUrl>#point</styleUrl><Point><altitudeMode>clampToGround</altitudeMode><coordinates>11.989750228822231,46.546251671388745,2240.0100000000002</coordinates></Point></Placemark><Placemark><TimeSpan><begin>2026-08-03T07:34:38Z</begin><end>2026-08-03T07:34:54Z</end></TimeSpan><styleUrl>#point</styleUrl><Point><altitudeMode>clampToGround</altitudeMode><coordinates>11.989748133346438,46.546250833198428,2240.4899999999998</coordinates></Point></Placemark><Placemark><TimeSpan><begin>2026-08-03T07:34:54Z</begin><end>2026-08-03T07:35:07Z</end></TimeSpan><styleUrl>#point</styleUrl><Point><altitudeMode>clampToGround</altitudeMode><coordinates>11.98974872007966,46.546258293092251,2240.4899999999998</coordinates></Point></Placemark><Placemark><TimeSpan><begin>2026-08-03T07:35:07Z</begin><end>2026-08-03T07:35:23Z</end></TimeSpan><styleUrl>#point</styleUrl><Point><altitudeMode>clampToGround</altitudeMode><coordinates>11.989730698987842,46.546245636418462,2240.4899999999998</coordinates></Point></Placemark><Placemark><TimeSpan><begin>2026-08-03T07:35:23Z</begin><end>2026-08-03T07:35:33Z</end></TimeSpan><styleUrl>#point</styleUrl><Point><altitudeMode>clampToGround</altitudeMode><coordinates>11.989746205508709,46.546269524842501,2240.4899999999998</coordinates></Point></Placemark><Placemark><TimeSpan><begin>2026-08-03T07:35:33Z</begin><end>2026-08-03T07:35:50Z</end></TimeSpan><styleUrl>#point</styleUrl><Point><altitudeMode>clampToGround</altitudeMode><coordinates>11.989769758656621,46.546288132667542,2240.4899999999998</coordinates></Point></Placemark><Placemark><TimeSpan><begin>2026-08-03T07:35:50Z</begin><end>2026-08-03T07:35:58Z</end></TimeSpan><styleUrl>#point</styleUrl><Point><altitudeMode>clampToGround</altitudeMode><coordinates>11.989743942394853,46.546245133504272,2240.9699999999998</coordinates></Point></Placemark><Placemark><TimeSpan><begin>2026-08-03T07:35:58Z</begin><end>2026-08-03T07:36:07Z</end></TimeSpan><styleUrl>#point</styleUrl><Point><altitudeMode>clampToGround</altitudeMode><coordinates>11.989729106426239,46.546212276443839,2242.4099999999999</coordinates></Point></Placemark><Placemark><TimeSpan><begin>2026-08-03T07:36:07Z</begin><end>2026-08-03T07:36:17Z</end></TimeSpan><styleUrl>#point</styleUrl><Point><altitudeMode>clampToGround</altitudeMode><coordinates>11.989718796685338,46.54616148211062,2242.4099999999999</coordinates></Point></Placemark><Placemark><TimeSpan><begin>2026-08-03T07:36:17Z</begin><end>2026-08-03T07:36:20Z</end></TimeSpan><styleUrl>#point</styleUrl><Point><altitudeMode>clampToGround</altitudeMode><coordinates>11.989718377590179,46.546142203733325,2242.4099999999999</coordinates></Point></Placemark><Placemark><TimeSpan><begin>2026-08-03T07:36:20Z</begin><end>2026-08-03T07:36:34Z</end></TimeSpan><styleUrl>#point</styleUrl><Point><altitudeMode>clampToGround</altitudeMode><coordinates>11.989668337628245,46.545991413295269,2240.4899999999998</coordinates></Point></Placemark><Placemark><TimeSpan><begin>2026-08-03T07:36:34Z</begin><end>2026-08-03T07:36:43Z</end></TimeSpan><styleUrl>#point</styleUrl><Point><altitudeMode>clampToGround</altitudeMode><coordinates>11.989677809178829,46.545923100784421,2240.4899999999998</coordinates></Point></Placemark><Placemark><TimeSpan><begin>2026-08-03T07:36:43Z</begin><end>2026-08-03T07:36:46Z</end></TimeSpan><styleUrl>#point</styleUrl><Point><altitudeMode>clampToGround</altitudeMode><coordinates>11.989673785865307,46.545898709446192,2241.9299999999998</coordinates></Point></Placemark><Placemark><TimeSpan><begin>2026-08-03T07:36:46Z</begin><end>2026-08-03T07:36:56Z</end></TimeSpan><styleUrl>#point</styleUrl><Point><altitudeMode>clampToGround</altitudeMode><coordinates>11.989625003188848,46.545833079144359,2242.8899999999999</coordinates></Point></Placemark><Placemark><TimeSpan><begin>2026-08-03T07:36:56Z</begin><end>2026-08-03T07:37:08Z</end></TimeSpan><styleUrl>#point</styleUrl><Point><altitudeMode>clampToGround</altitudeMode><coordinates>11.989597510546446,46.545790918171406,2243.8499999999999</coordinates></Point></Placemark><Placemark><TimeSpan><begin>2026-08-03T07:37:08Z</begin><end>2026-08-03T07:37:18Z</end></TimeSpan><styleUrl>#point</styleUrl><Point><altitudeMode>clampToGround</altitudeMode><coordinates>11.989537663757801,46.545696454122663,2245.3000000000002</coordinates></Point></Placemark><Placemark><TimeSpan><begin>2026-08-03T07:37:18Z</begin><end>2026-08-03T07:37:29Z</end></TimeSpan><styleUrl>#point</styleUrl><Point><altitudeMode>clampToGround</altitudeMode><coordinates>11.989480499178171,46.545600732788444,2247.2199999999998</coordinates></Point></Placemark><Placemark><TimeSpan><begin>2026-08-03T07:37:29Z</begin><end>2026-08-03T07:37:31Z</end></TimeSpan><styleUrl>#point</styleUrl><Point><altitudeMode>clampToGround</altitudeMode><coordinates>11.989455102011561,46.545589752495289,2247.6999999999998</coordinates></Point></Placemark><Placemark><TimeSpan><begin>2026-08-03T07:37:31Z</begin><end>2026-08-03T07:37:40Z</end></TimeSpan><styleUrl>#point</styleUrl><Point><altitudeMode>clampToGround</altitudeMode><coordinates>11.989399278536439,46.545500066131353,2249.1399999999999</coordinates></Point></Placemark><Placemark><TimeSpan><begin>2026-08-03T07:37:40Z</begin><end>2026-08-03T07:37:45Z</end></TimeSpan><styleUrl>#point</styleUrl><Point><altitudeMode>clampToGround</altitudeMode><coordinates>11.989417551085353,46.545446841046214,2249.6199999999999</coordinates></Point></Placemark><Placemark><TimeSpan><begin>2026-08-03T07:37:45Z</begin><end>2026-08-03T07:37:56Z</end></TimeSpan><styleUrl>#point</styleUrl><Point><altitudeMode>clampToGround</altitudeMode><coordinates>11.989388549700379,46.545354975387454,2250.5799999999999</coordinates></Point></Placemark><Placemark><TimeSpan><begin>2026-08-03T07:37:56Z</begin><end>2026-08-03T07:38:07Z</end></TimeSpan><styleUrl>#point</styleUrl><Point><altitudeMode>clampToGround</altitudeMode><coordinates>11.98940321803093,46.545339720323682,2251.0599999999999</coordinates></Point></Placemark><Placemark><TimeSpan><begin>2026-08-03T07:38:07Z</begin><end>2026-08-03T07:38:17Z</end></TimeSpan><styleUrl>#point</styleUrl><Point><altitudeMode>clampToGround</altitudeMode><coordinates>11.98941201902926,46.545316502451897,2252.0300000000002</coordinates></Point></Placemark><Placemark><TimeSpan><begin>2026-08-03T07:38:17Z</begin><end>2026-08-03T07:38:40Z</end></TimeSpan><styleUrl>#point</styleUrl><Point><altitudeMode>clampToGround</altitudeMode><coordinates>11.989410342648625,46.54532203450799,2252.0300000000002</coordinates></Point></Placemark><Placemark><TimeSpan><begin>2026-08-03T07:38:40Z</begin><end>2026-08-03T07:38:51Z</end></TimeSpan><styleUrl>#point</styleUrl><Point><altitudeMode>clampToGround</altitudeMode><coordinates>11.98945552110672,46.545315412804484,2252.0300000000002</coordinates></Point></Placemark><Placemark><TimeSpan><begin>2026-08-03T07:38:51Z</begin><end>2026-08-03T07:39:10Z</end></TimeSpan><styleUrl>#point</styleUrl><Point><altitudeMode>clampToGround</altitudeMode><coordinates>11.989487037062645,46.545294960960746,2252.0300000000002</coordinates></Point></Placemark><Placemark><TimeSpan><begin>2026-08-03T07:39:10Z</begin><end>2026-08-03T07:39:23Z</end></TimeSpan><styleUrl>#point</styleUrl><Point><altitudeMode>clampToGround</altitudeMode><coordinates>11.989568676799536,46.545217763632536,2252.5100000000002</coordinates></Point></Placemark><Placemark><TimeSpan><begin>2026-08-03T07:39:23Z</begin><end>2026-08-03T07:39:33Z</end></TimeSpan><styleUrl>#point</styleUrl><Point><altitudeMode>clampToGround</altitudeMode><coordinates>11.989610586315393,46.545167220756412,2254.9099999999999</coordinates></Point></Placemark><Placemark><TimeSpan><begin>2026-08-03T07:39:33Z</begin><end>2026-08-03T07:39:42Z</end></TimeSpan><styleUrl>#point</styleUrl><Point><altitudeMode>clampToGround</altitudeMode><coordinates>11.989699518308043,46.545137716457248,2255.8699999999999</coordinates></Point></Placemark><Placemark><TimeSpan><begin>2026-08-03T07:39:42Z</begin><end>2026-08-03T07:39:47Z</end></TimeSpan><styleUrl>#point</styleUrl><Point><altitudeMode>clampToGround</altitudeMode><coordinates>11.989766657352448,46.545137381181121,2255.8699999999999</coordinates></Point></Placemark><Placemark><TimeSpan><begin>2026-08-03T07:39:47Z</begin><end>2026-08-03T07:39:49Z</end></TimeSpan><styleUrl>#point</styleUrl><Point><altitudeMode>clampToGround</altitudeMode><coordinates>11.989791132509708,46.545132519677281,2255.8699999999999</coordinates></Point></Placemark><Placemark><TimeSpan><begin>2026-08-03T07:39:49Z</begin><end>2026-08-03T07:40:01Z</end></TimeSpan><styleUrl>#point</styleUrl><Point><altitudeMode>clampToGround</altitudeMode><coordinates>11.989932619035244,46.545161353424191,2256.8299999999999</coordinates></Point></Placemark><Placemark><TimeSpan><begin>2026-08-03T07:40:01Z</begin><end>2026-08-03T07:40:13Z</end></TimeSpan><styleUrl>#point</styleUrl><Point><altitudeMode>clampToGround</altitudeMode><coordinates>11.99007167480886,46.545168645679951,2258.27</coordinates></Point></Placemark><Placemark><TimeSpan><begin>2026-08-03T07:40:13Z</begin><end>2026-08-03T07:40:23Z</end></TimeSpan><styleUrl>#point</styleUrl><Point><altitudeMode>clampToGround</altitudeMode><coordinates>11.990108471363783,46.545175686478615,2259.7199999999998</coordinates></Point></Placemark><Placemark><TimeSpan><begin>2026-08-03T07:40:23Z</begin><end>2026-08-03T07:40:40Z</end></TimeSpan><styleUrl>#point</styleUrl><Point><altitudeMode>clampToGround</altitudeMode><coordinates>11.990112075582147,46.545156743377447,2260.1999999999998</coordinates></Point></Placemark><Placemark><TimeSpan><begin>2026-08-03T07:40:40Z</begin><end>2026-08-03T07:40:55Z</end></TimeSpan><styleUrl>#point</styleUrl><Point><altitudeMode>clampToGround</altitudeMode><coordinates>11.990151889622211,46.54515246860683,2260.1999999999998</coordinates></Point></Placemark><Placemark><TimeSpan><begin>2026-08-03T07:40:55Z</begin><end>2026-08-03T07:41:08Z</end></TimeSpan><styleUrl>#point</styleUrl><Point><altitudeMode>clampToGround</altitudeMode><coordinates>11.990225818008184,46.545145511627197,2262.1199999999999</coordinates></Point></Placemark><Placemark><TimeSpan><begin>2026-08-03T07:41:08Z</begin><end>2026-08-03T07:41:19Z</end></TimeSpan><styleUrl>#point</styleUrl><Point><altitudeMode>clampToGround</altitudeMode><coordinates>11.990263536572456,46.545128412544727,2263.5599999999999</coordinates></Point></Placemark><Placemark><TimeSpan><begin>2026-08-03T07:41:19Z</begin><end>2026-08-03T07:41:28Z</end></TimeSpan><styleUrl>#point</styleUrl><Point><altitudeMode>clampToGround</altitudeMode><coordinates>11.990314750000834,46.545122293755412,2264.04</coordinates></Point></Placemark><Placemark><TimeSpan><begin>2026-08-03T07:41:28Z</begin><end>2026-08-03T07:41:33Z</end></TimeSpan><styleUrl>#point</styleUrl><Point><altitudeMode>clampToGround</altitudeMode><coordinates>11.990354983136058,46.545089101418853,2264.04</coordinates></Point></Placemark><Placemark><TimeSpan><begin>2026-08-03T07:41:33Z</begin><end>2026-08-03T07:41:35Z</end></TimeSpan><styleUrl>#point</styleUrl><Point><altitudeMode>clampToGround</altitudeMode><coordinates>11.990378452464938,46.545082814991474,2264.04</coordinates></Point></Placemark><Placemark><TimeSpan><begin>2026-08-03T07:41:35Z</begin><end>2026-08-03T07:41:46Z</end></TimeSpan><styleUrl>#point</styleUrl><Point><altitudeMode>clampToGround</altitudeMode><coordinates>11.990478197112679,46.545033948495984,2264.04</coordinates></Point></Placemark><Placemark><TimeSpan><begin>2026-08-03T07:41:46Z</begin><end>2026-08-03T07:41:56Z</end></TimeSpan><styleUrl>#point</styleUrl><Point><altitudeMode>clampToGround</altitudeMode><coordinates>11.990584144368768,46.544987512752414,2264.52</coordinates></Point></Placemark><Placemark><TimeSpan><begin>2026-08-03T07:41:56Z</begin><end>2026-08-03T07:42:03Z</end></TimeSpan><styleUrl>#point</styleUrl><Point><altitudeMode>clampToGround</altitudeMode><coordinates>11.990653881803155,46.544951302930713,2263.5599999999999</coordinates></Point></Placemark><Placemark><TimeSpan><begin>2026-08-03T07:42:03Z</begin><end>2026-08-03T07:42:14Z</end></TimeSpan><styleUrl>#point</styleUrl><Point><altitudeMode>clampToGround</altitudeMode><coordinates>11.990662515163422,46.54491157270968,2263.5599999999999</coordinates></Point></Placemark><Placemark><TimeSpan><begin>2026-08-03T07:42:14Z</begin><end>2026-08-03T07:42:38Z</end></TimeSpan><styleUrl>#point</styleUrl><Point><altitudeMode>clampToGround</altitudeMode><coordinates>11.990675507113338,46.544909812510014,2263.5599999999999</coordinates></Point></Placemark><Placemark><TimeSpan><begin>2026-08-03T07:42:38Z</begin><end>2026-08-03T07:42:52Z</end></TimeSpan><styleUrl>#point</styleUrl><Point><altitudeMode>clampToGround</altitudeMode><coordinates>11.990674501284957,46.544899251312017,2263.5599999999999</coordinates></Point></Placemark><Placemark><TimeSpan><begin>2026-08-03T07:42:52Z</begin><end>2026-08-03T07:43:09Z</end></TimeSpan><styleUrl>#point</styleUrl><Point><altitudeMode>clampToGround</altitudeMode><coordinates>11.99068539775908,46.544884834438562,2264.04</coordinates></Point></Placemark><Placemark><TimeSpan><begin>2026-08-03T07:43:09Z</begin><end>2026-08-03T07:43:18Z</end></TimeSpan><styleUrl>#point</styleUrl><Point><altitudeMode>clampToGround</altitudeMode><coordinates>11.990762678906322,46.544867232441902,2264.04</coordinates></Point></Placemark><Placemark><TimeSpan><begin>2026-08-03T07:43:18Z</begin><end>2026-08-03T07:43:25Z</end></TimeSpan><styleUrl>#point</styleUrl><Point><altitudeMode>clampToGround</altitudeMode><coordinates>11.990798888728023,46.544846193864942,2264.04</coordinates></Point></Placemark><Placemark><TimeSpan><begin>2026-08-03T07:43:25Z</begin><end>2026-08-03T07:43:36Z</end></TimeSpan><styleUrl>#point</styleUrl><Point><altitudeMode>clampToGround</altitudeMode><coordinates>11.99088036082685,46.544769918546081,2265</coordinates></Point></Placemark><Placemark><TimeSpan><begin>2026-08-03T07:43:36Z</begin><end>2026-08-03T07:43:50Z</end></TimeSpan><styleUrl>#point</styleUrl><Point><altitudeMode>clampToGround</altitudeMode><coordinates>11.990950433537364,46.54467654414475,2266.4499999999998</coordinates></Point></Placemark><Placemark><TimeSpan><begin>2026-08-03T07:43:50Z</begin><end>2026-08-03T07:44:02Z</end></TimeSpan><styleUrl>#point</styleUrl><Point><altitudeMode>clampToGround</altitudeMode><coordinates>11.990979434922338,46.544647458940744,2267.4099999999999</coordinates></Point></Placemark><Placemark><TimeSpan><begin>2026-08-03T07:44:02Z</begin><end>2026-08-03T07:44:13Z</end></TimeSpan><styleUrl>#point</styleUrl><Point><altitudeMode>clampToGround</altitudeMode><coordinates>11.991034168750048,46.544598089531064,2268.8499999999999</coordinates></Point></Placemark><Placemark><TimeSpan><begin>2026-08-03T07:44:13Z</begin><end>2026-08-03T07:44:16Z</end></TimeSpan><styleUrl>#point</styleUrl><Point><altitudeMode>clampToGround</altitudeMode><coordinates>11.991049004718661,46.544577889144421,2269.3299999999999</coordinates></Point></Placemark><Placemark><TimeSpan><begin>2026-08-03T07:44:16Z</begin><end>2026-08-03T07:44:27Z</end></TimeSpan><styleUrl>#point</styleUrl><Point><altitudeMode>clampToGround</altitudeMode><coordinates>11.991080269217491,46.54452751390636,2271.25</coordinates></Point></Placemark><Placemark><TimeSpan><begin>2026-08-03T07:44:27Z</begin><end>2026-08-03T07:44:37Z</end></TimeSpan><styleUrl>#point</styleUrl><Point><altitudeMode>clampToGround</altitudeMode><coordinates>11.99110415764153,46.544469343498349,2272.6900000000001</coordinates></Point></Placemark><Placemark><TimeSpan><begin>2026-08-03T07:44:37Z</begin><end>2026-08-03T07:44:48Z</end></TimeSpan><styleUrl>#point</styleUrl><Point><altitudeMode>clampToGround</altitudeMode><coordinates>11.991142379119992,46.544440174475312,2273.6599999999999</coordinates></Point></Placemark><Placemark><TimeSpan><begin>2026-08-03T07:44:48Z</begin><end>2026-08-03T07:45:00Z</end></TimeSpan><styleUrl>#point</styleUrl><Point><altitudeMode>clampToGround</altitudeMode><coordinates>11.991120837628841,46.544391559436917,2275.5799999999999</coordinates></Point></Placemark><Placemark><TimeSpan><begin>2026-08-03T07:45:00Z</begin><end>2026-08-03T07:45:10Z</end></TimeSpan><styleUrl>#point</styleUrl><Point><altitudeMode>clampToGround</altitudeMode><coordinates>11.991178086027503,46.544369431212544,2276.54</coordinates></Point></Placemark><Placemark><TimeSpan><begin>2026-08-03T07:45:10Z</begin><end>2026-08-03T07:45:19Z</end></TimeSpan><styleUrl>#point</styleUrl><Point><altitudeMode>clampToGround</altitudeMode><coordinates>11.991199543699622,46.544339591637254,2277.98</coordinates></Point></Placemark><Placemark><TimeSpan><begin>2026-08-03T07:45:19Z</begin><end>2026-08-03T07:45:31Z</end></TimeSpan><styleUrl>#point</styleUrl><Point><altitudeMode>clampToGround</altitudeMode><coordinates>11.991205746307969,46.544313440099359,2278.9400000000001</coordinates></Point></Placemark><Placemark><TimeSpan><begin>2026-08-03T07:45:31Z</begin><end>2026-08-03T07:45:42Z</end></TimeSpan><styleUrl>#point</styleUrl><Point><altitudeMode>clampToGround</altitudeMode><coordinates>11.991243213415146,46.544297011569142,2280.3800000000001</coordinates></Point></Placemark><Placemark><TimeSpan><begin>2026-08-03T07:45:42Z</begin><end>2026-08-03T07:45:54Z</end></TimeSpan><styleUrl>#point</styleUrl><Point><altitudeMode>clampToGround</altitudeMode><coordinates>11.991287637501955,46.54425929300487,2281.8299999999999</coordinates></Point></Placemark><Placemark><TimeSpan><begin>2026-08-03T07:45:54Z</begin><end>2026-08-03T07:46:04Z</end></TimeSpan><styleUrl>#point</styleUrl><Point><altitudeMode>clampToGround</altitudeMode><coordinates>11.991318482905626,46.544219898059964,2282.79</coordinates></Point></Placemark><Placemark><TimeSpan><begin>2026-08-03T07:46:04Z</begin><end>2026-08-03T07:46:13Z</end></TimeSpan><styleUrl>#point</styleUrl><Point><altitudeMode>clampToGround</altitudeMode><coordinates>11.991355447098613,46.544197350740433,2284.71</coordinates></Point></Placemark><Placemark><TimeSpan><begin>2026-08-03T07:46:13Z</begin><end>2026-08-03T07:46:25Z</end></TimeSpan><styleUrl>#point</styleUrl><Point><altitudeMode>clampToGround</altitudeMode><coordinates>11.991396015509963,46.54417815618217,2285.6700000000001</coordinates></Point></Placemark><Placemark><TimeSpan><begin>2026-08-03T07:46:25Z</begin><end>2026-08-03T07:46:33Z</end></TimeSpan><styleUrl>#point</styleUrl><Point><altitudeMode>clampToGround</altitudeMode><coordinates>11.991440188139677,46.544170947745442,2286.6300000000001</coordinates></Point></Placemark><Placemark><TimeSpan><begin>2026-08-03T07:46:33Z</begin><end>2026-08-03T07:46:44Z</end></TimeSpan><styleUrl>#point</styleUrl><Point><altitudeMode>clampToGround</altitudeMode><coordinates>11.991459298878908,46.5441385935992,2289.04</coordinates></Point></Placemark><Placemark><TimeSpan><begin>2026-08-03T07:46:44Z</begin><end>2026-08-03T07:46:53Z</end></TimeSpan><styleUrl>#point</styleUrl><Point><altitudeMode>clampToGround</altitudeMode><coordinates>11.99148528277874,46.54413322918117,2290</coordinates></Point></Placemark><Placemark><TimeSpan><begin>2026-08-03T07:46:53Z</begin><end>2026-08-03T07:47:05Z</end></TimeSpan><styleUrl>#point</styleUrl><Point><altitudeMode>clampToGround</altitudeMode><coordinates>11.9915219116956,46.544109424576163,2291.4400000000001</coordinates></Point></Placemark><Placemark><TimeSpan><begin>2026-08-03T07:47:05Z</begin><end>2026-08-03T07:47:14Z</end></TimeSpan><styleUrl>#point</styleUrl><Point><altitudeMode>clampToGround</altitudeMode><coordinates>11.991526940837502,46.544090816751122,2292.4000000000001</coordinates></Point></Placemark><Placemark><TimeSpan><begin>2026-08-03T07:47:14Z</begin><end>2026-08-03T07:47:23Z</end></TimeSpan><styleUrl>#point</styleUrl><Point><altitudeMode>clampToGround</altitudeMode><coordinates>11.991533143445849,46.544073214754462,2293.3600000000001</coordinates></Point></Placemark><Placemark><TimeSpan><begin>2026-08-03T07:47:23Z</begin><end>2026-08-03T07:47:33Z</end></TimeSpan><styleUrl>#point</styleUrl><Point><altitudeMode>clampToGround</altitudeMode><coordinates>11.991556445136666,46.544056031852961,2294.3200000000002</coordinates></Point></Placemark><Placemark><TimeSpan><begin>2026-08-03T07:47:33Z</begin><end>2026-08-03T07:47:43Z</end></TimeSpan><styleUrl>#point</styleUrl><Point><altitudeMode>clampToGround</altitudeMode><coordinates>11.991566503420472,46.544047566130757,2295.2800000000002</coordinates></Point></Placemark><Placemark><TimeSpan><begin>2026-08-03T07:47:43Z</begin><end>2026-08-03T07:47:53Z</end></TimeSpan><styleUrl>#point</styleUrl><Point><altitudeMode>clampToGround</altitudeMode><coordinates>11.991582093760371,46.544022420421243,2296.25</coordinates></Point></Placemark><Placemark><TimeSpan><begin>2026-08-03T07:47:53Z</begin><end>2026-08-03T07:48:02Z</end></TimeSpan><styleUrl>#point</styleUrl><Point><altitudeMode>clampToGround</altitudeMode><coordinates>11.991597935557365,46.543975565582514,2297.6900000000001</coordinates></Point></Placemark><Placemark><TimeSpan><begin>2026-08-03T07:48:02Z</begin><end>2026-08-03T07:48:12Z</end></TimeSpan><styleUrl>#point</styleUrl><Point><altitudeMode>clampToGround</altitudeMode><coordinates>11.991637665778399,46.543934578076005,2298.1700000000001</coordinates></Point></Placemark><Placemark><TimeSpan><begin>2026-08-03T07:48:12Z</begin><end>2026-08-03T07:48:22Z</end></TimeSpan><styleUrl>#point</styleUrl><Point><altitudeMode>clampToGround</altitudeMode><coordinates>11.991681838408113,46.543900463730097,2300.0900000000001</coordinates></Point></Placemark><Placemark><TimeSpan><begin>2026-08-03T07:48:22Z</begin><end>2026-08-03T07:48:34Z</end></TimeSpan><styleUrl>#point</styleUrl><Point><altitudeMode>clampToGround</altitudeMode><coordinates>11.991766327992082,46.543889734894037,2301.0500000000002</coordinates></Point></Placemark><Placemark><TimeSpan><begin>2026-08-03T07:48:34Z</begin><end>2026-08-03T07:48:43Z</end></TimeSpan><styleUrl>#point</styleUrl><Point><altitudeMode>clampToGround</altitudeMode><coordinates>11.991810416802764,46.543857967481017,2302.4899999999998</coordinates></Point></Placemark><Placemark><TimeSpan><begin>2026-08-03T07:48:43Z</begin><end>2026-08-03T07:48:51Z</end></TimeSpan><styleUrl>#point</styleUrl><Point><altitudeMode>clampToGround</altitudeMode><coordinates>11.991873197257519,46.54384933412075,2303.46</coordinates></Point></Placemark><Placemark><TimeSpan><begin>2026-08-03T07:48:51Z</begin><end>2026-08-03T07:49:02Z</end></TimeSpan><styleUrl>#point</styleUrl><Point><altitudeMode>clampToGround</altitudeMode><coordinates>11.991843776777387,46.543850507587194,2303.9400000000001</coordinates></Point></Placemark><Placemark><TimeSpan><begin>2026-08-03T07:49:02Z</begin><end>2026-08-03T07:49:21Z</end></TimeSpan><styleUrl>#point</styleUrl><Point><altitudeMode>clampToGround</altitudeMode><coordinates>11.991859702393413,46.543838689103723,2303.9400000000001</coordinates></Point></Placemark><Placemark><TimeSpan><begin>2026-08-03T07:49:21Z</begin><end>2026-08-03T07:49:39Z</end></TimeSpan><styleUrl>#point</styleUrl><Point><altitudeMode>clampToGround</altitudeMode><coordinates>11.991856601089239,46.543823266401887,2303.9400000000001</coordinates></Point></Placemark><Placemark><TimeSpan><begin>2026-08-03T07:49:39Z</begin><end>2026-08-03T07:49:57Z</end></TimeSpan><styleUrl>#point</styleUrl><Point><altitudeMode>clampToGround</altitudeMode><coordinates>11.991847045719624,46.543821925297379,2303.9400000000001</coordinates></Point></Placemark><Placemark><TimeSpan><begin>2026-08-03T07:49:57Z</begin><end>2026-08-03T07:50:17Z</end></TimeSpan><styleUrl>#point</styleUrl><Point><altitudeMode>clampToGround</altitudeMode><coordinates>11.991844950243831,46.543841203674674,2303.9400000000001</coordinates></Point></Placemark><Placemark><TimeSpan><begin>2026-08-03T07:50:17Z</begin><end>2026-08-03T07:50:42Z</end></TimeSpan><styleUrl>#point</styleUrl><Point><altitudeMode>clampToGround</altitudeMode><coordinates>11.991869006305933,46.543838270008564,2303.9400000000001</coordinates></Point></Placemark><Placemark><TimeSpan><begin>2026-08-03T07:50:42Z</begin><end>2026-08-03T07:51:05Z</end></TimeSpan><styleUrl>#point</styleUrl><Point><altitudeMode>clampToGround</altitudeMode><coordinates>11.991840926930308,46.543842377141118,2303.9400000000001</coordinates></Point></Placemark><Placemark><TimeSpan><begin>2026-08-03T07:51:05Z</begin><end>2026-08-03T07:51:16Z</end></TimeSpan><styleUrl>#point</styleUrl><Point><altitudeMode>clampToGround</altitudeMode><coordinates>11.991827264428139,46.5438312292099,2303.9400000000001</coordinates></Point></Placemark><Placemark><TimeSpan><begin>2026-08-03T07:51:16Z</begin><end>2026-08-03T07:51:26Z</end></TimeSpan><styleUrl>#point</styleUrl><Point><altitudeMode>clampToGround</altitudeMode><coordinates>11.991821564733982,46.543779009953141,2305.8600000000001</coordinates></Point></Placemark><Placemark><TimeSpan><begin>2026-08-03T07:51:26Z</begin><end>2026-08-03T07:51:36Z</end></TimeSpan><styleUrl>#point</styleUrl><Point><altitudeMode>clampToGround</altitudeMode><coordinates>11.991847464814782,46.543747577816248,2306.8200000000002</coordinates></Point></Placemark><Placemark><TimeSpan><begin>2026-08-03T07:51:36Z</begin><end>2026-08-03T07:51:46Z</end></TimeSpan><styleUrl>#point</styleUrl><Point><altitudeMode>clampToGround</altitudeMode><coordinates>11.991868084296584,46.543688736855984,2307.7800000000002</coordinates></Point></Placemark><Placemark><TimeSpan><begin>2026-08-03T07:51:46Z</begin><end>2026-08-03T07:51:57Z</end></TimeSpan><styleUrl>#point</styleUrl><Point><altitudeMode>clampToGround</altitudeMode><coordinates>11.991885351017118,46.54364263638854,2309.6999999999998</coordinates></Point></Placemark><Placemark><TimeSpan><begin>2026-08-03T07:51:57Z</begin><end>2026-08-03T07:52:09Z</end></TimeSpan><styleUrl>#point</styleUrl><Point><altitudeMode>clampToGround</altitudeMode><coordinates>11.991921477019787,46.54359326697886,2311.6300000000001</coordinates></Point></Placemark><Placemark><TimeSpan><begin>2026-08-03T07:52:09Z</begin><end>2026-08-03T07:52:20Z</end></TimeSpan><styleUrl>#point</styleUrl><Point><altitudeMode>clampToGround</altitudeMode><coordinates>11.991948802024126,46.543569546192884,2312.5900000000001</coordinates></Point></Placemark><Placemark><TimeSpan><begin>2026-08-03T07:52:20Z</begin><end>2026-08-03T07:52:29Z</end></TimeSpan><styleUrl>#point</styleUrl><Point><altitudeMode>clampToGround</altitudeMode><coordinates>11.992013426497579,46.543531827628613,2314.0300000000002</coordinates></Point></Placemark><Placemark><TimeSpan><begin>2026-08-03T07:52:29Z</begin><end>2026-08-03T07:52:39Z</end></TimeSpan><styleUrl>#point</styleUrl><Point><altitudeMode>clampToGround</altitudeMode><coordinates>11.992031447589397,46.54349653981626,2315.4699999999998</coordinates></Point></Placemark><Placemark><TimeSpan><begin>2026-08-03T07:52:39Z</begin><end>2026-08-03T07:52:49Z</end></TimeSpan><styleUrl>#point</styleUrl><Point><altitudeMode>clampToGround</altitudeMode><coordinates>11.9920555036515,46.543470891192555,2316.4299999999998</coordinates></Point></Placemark><Placemark><TimeSpan><begin>2026-08-03T07:52:49Z</begin><end>2026-08-03T07:52:57Z</end></TimeSpan><styleUrl>#point</styleUrl><Point><altitudeMode>clampToGround</altitudeMode><coordinates>11.992046032100916,46.543460665270686,2317.8800000000001</coordinates></Point></Placemark><Placemark><TimeSpan><begin>2026-08-03T07:52:57Z</begin><end>2026-08-03T07:53:05Z</end></TimeSpan><styleUrl>#point</styleUrl><Point><altitudeMode>clampToGround</altitudeMode><coordinates>11.99201594106853,46.543425293639302,2318.8400000000001</coordinates></Point></Placemark><Placemark><TimeSpan><begin>2026-08-03T07:53:05Z</begin><end>2026-08-03T07:53:17Z</end></TimeSpan><styleUrl>#point</styleUrl><Point><altitudeMode>clampToGround</altitudeMode><coordinates>11.992076374590397,46.543395705521107,2320.7600000000002</coordinates></Point></Placemark><Placemark><TimeSpan><begin>2026-08-03T07:53:17Z</begin><end>2026-08-03T07:53:28Z</end></TimeSpan><styleUrl>#point</styleUrl><Point><altitudeMode>clampToGround</altitudeMode><coordinates>11.992114176973701,46.543362680822611,2322.1999999999998</coordinates></Point></Placemark><Placemark><TimeSpan><begin>2026-08-03T07:53:28Z</begin><end>2026-08-03T07:53:40Z</end></TimeSpan><styleUrl>#point</styleUrl><Point><altitudeMode>clampToGround</altitudeMode><coordinates>11.992111327126622,46.543335439637303,2323.6399999999999</coordinates></Point></Placemark><Placemark><TimeSpan><begin>2026-08-03T07:53:40Z</begin><end>2026-08-03T07:53:50Z</end></TimeSpan><styleUrl>#point</styleUrl><Point><altitudeMode>clampToGround</altitudeMode><coordinates>11.992146782577038,46.543291853740811,2324.1199999999999</coordinates></Point></Placemark><Placemark><TimeSpan><begin>2026-08-03T07:53:50Z</begin><end>2026-08-03T07:54:00Z</end></TimeSpan><styleUrl>#point</styleUrl><Point><altitudeMode>clampToGround</altitudeMode><coordinates>11.992192128673196,46.543253129348159,2325.0900000000001</coordinates></Point></Placemark><Placemark><TimeSpan><begin>2026-08-03T07:54:00Z</begin><end>2026-08-03T07:54:10Z</end></TimeSpan><styleUrl>#point</styleUrl><Point><altitudeMode>clampToGround</altitudeMode><coordinates>11.992191122844815,46.543257907032967,2325.0900000000001</coordinates></Point></Placemark><Placemark><TimeSpan><begin>2026-08-03T07:54:10Z</begin><end>2026-08-03T07:54:13Z</end></TimeSpan><styleUrl>#point</styleUrl><Point><altitudeMode>clampToGround</altitudeMode><coordinates>11.992189781740308,46.543254218995571,2323.1599999999999</coordinates></Point></Placemark><Placemark><TimeSpan><begin>2026-08-03T07:54:13Z</begin><end>2026-08-03T07:54:15Z</end></TimeSpan><styleUrl>#point</styleUrl><Point><altitudeMode>clampToGround</altitudeMode><coordinates>11.99218550696969,46.543251452967525,2324.6100000000001</coordinates></Point></Placemark><Placemark><TimeSpan><begin>2026-08-03T07:54:15Z</begin><end>2026-08-03T07:54:44Z</end></TimeSpan><styleUrl>#point</styleUrl><Point><altitudeMode>clampToGround</altitudeMode><coordinates>11.992213586345315,46.543257739394903,2324.6100000000001</coordinates></Point></Placemark><Placemark><TimeSpan><begin>2026-08-03T07:54:44Z</begin><end>2026-08-03T07:55:19Z</end></TimeSpan><styleUrl>#point</styleUrl><Point><altitudeMode>clampToGround</altitudeMode><coordinates>11.992234876379371,46.543254135176539,2324.6100000000001</coordinates></Point></Placemark><Placemark><TimeSpan><begin>2026-08-03T07:55:19Z</begin><end>2026-08-03T07:55:48Z</end></TimeSpan><styleUrl>#point</styleUrl><Point><altitudeMode>clampToGround</altitudeMode><coordinates>11.992225237190723,46.543247848749161,2324.6100000000001</coordinates></Point></Placemark><Placemark><TimeSpan><begin>2026-08-03T07:55:48Z</begin><end>2026-08-03T07:56:16Z</end></TimeSpan><styleUrl>#point</styleUrl><Point><altitudeMode>clampToGround</altitudeMode><coordinates>11.992211658507586,46.543238377198577,2324.6100000000001</coordinates></Point></Placemark><Placemark><TimeSpan><begin>2026-08-03T07:56:16Z</begin><end>2026-08-03T07:56:48Z</end></TimeSpan><styleUrl>#point</styleUrl><Point><altitudeMode>clampToGround</altitudeMode><coordinates>11.992214927449822,46.543247513473034,2325.0900000000001</coordinates></Point></Placemark><Placemark><TimeSpan><begin>2026-08-03T07:56:48Z</begin><end>2026-08-03T07:57:13Z</end></TimeSpan><styleUrl>#point</styleUrl><Point><altitudeMode>clampToGround</altitudeMode><coordinates>11.992212580516934,46.543242651969194,2325.0900000000001</coordinates></Point></Placemark><Placemark><TimeSpan><begin>2026-08-03T07:57:13Z</begin><end>2026-08-03T07:57:36Z</end></TimeSpan><styleUrl>#point</styleUrl><Point><altitudeMode>clampToGround</altitudeMode><coordinates>11.992212664335966,46.543244076892734,2325.0900000000001</coordinates></Point></Placemark><Placemark><TimeSpan><begin>2026-08-03T07:57:36Z</begin><end>2026-08-03T07:57:57Z</end></TimeSpan><styleUrl>#point</styleUrl><Point><altitudeMode>clampToGround</altitudeMode><coordinates>11.992195481434464,46.543244998902082,2325.0900000000001</coordinates></Point></Placemark><Placemark><TimeSpan><begin>2026-08-03T07:57:57Z</begin><end>2026-08-03T07:58:04Z</end></TimeSpan><styleUrl>#point</styleUrl><Point><altitudeMode>clampToGround</altitudeMode><coordinates>11.992206545546651,46.54324290342629,2325.5700000000002</coordinates></Point></Placemark><Placemark><TimeSpan><begin>2026-08-03T07:58:04Z</begin><end>2026-08-03T07:58:16Z</end></TimeSpan><styleUrl>#point</styleUrl><Point><altitudeMode>clampToGround</altitudeMode><coordinates>11.992199253290892,46.543232761323452,2326.0500000000002</coordinates></Point></Placemark><Placemark><TimeSpan><begin>2026-08-03T07:58:16Z</begin><end>2026-08-03T07:58:28Z</end></TimeSpan><styleUrl>#point</styleUrl><Point><altitudeMode>clampToGround</altitudeMode><coordinates>11.992202857509255,46.543235778808594,2326.0500000000002</coordinates></Point></Placemark><Placemark><TimeSpan><begin>2026-08-03T07:58:28Z</begin><end>2026-08-03T07:58:41Z</end></TimeSpan><styleUrl>#point</styleUrl><Point><altitudeMode>clampToGround</altitudeMode><coordinates>11.992199923843145,46.5432199370116,2326.5300000000002</coordinates></Point></Placemark><Placemark><TimeSpan><begin>2026-08-03T07:58:41Z</begin><end>2026-08-03T07:58:52Z</end></TimeSpan><styleUrl>#point</styleUrl><Point><altitudeMode>clampToGround</altitudeMode><coordinates>11.992216017097235,46.543145338073373,2327.4899999999998</coordinates></Point></Placemark><Placemark><TimeSpan><begin>2026-08-03T07:58:52Z</begin><end>2026-08-03T07:59:02Z</end></TimeSpan><styleUrl>#point</styleUrl><Point><altitudeMode>clampToGround</altitudeMode><coordinates>11.992234541103244,46.54308850876987,2329.4099999999999</coordinates></Point></Placemark><Placemark><TimeSpan><begin>2026-08-03T07:59:02Z</begin><end>2026-08-03T07:59:13Z</end></TimeSpan><styleUrl>#point</styleUrl><Point><altitudeMode>clampToGround</altitudeMode><coordinates>11.99224803596735,46.54302354902029,2330.3699999999999</coordinates></Point></Placemark><Placemark><TimeSpan><begin>2026-08-03T07:59:13Z</begin><end>2026-08-03T07:59:18Z</end></TimeSpan><styleUrl>#point</styleUrl><Point><altitudeMode>clampToGround</altitudeMode><coordinates>11.9922592677176,46.542998487129807,2330.8499999999999</coordinates></Point></Placemark><Placemark><TimeSpan><begin>2026-08-03T07:59:18Z</begin><end>2026-08-03T07:59:29Z</end></TimeSpan><styleUrl>#point</styleUrl><Point><altitudeMode>clampToGround</altitudeMode><coordinates>11.992329759523273,46.542943753302097,2331.8099999999999</coordinates></Point></Placemark><Placemark><TimeSpan><begin>2026-08-03T07:59:29Z</begin><end>2026-08-03T07:59:38Z</end></TimeSpan><styleUrl>#point</styleUrl><Point><altitudeMode>clampToGround</altitudeMode><coordinates>11.992406873032451,46.542886169627309,2332.3000000000002</coordinates></Point></Placemark><Placemark><TimeSpan><begin>2026-08-03T07:59:38Z</begin><end>2026-08-03T07:59:48Z</end></TimeSpan><styleUrl>#point</styleUrl><Point><altitudeMode>clampToGround</altitudeMode><coordinates>11.992465797811747,46.542823221534491,2332.3000000000002</coordinates></Point></Placemark><Placemark><TimeSpan><begin>2026-08-03T07:59:48Z</begin><end>2026-08-03T08:00:04Z</end></TimeSpan><styleUrl>#point</styleUrl><Point><altitudeMode>clampToGround</altitudeMode><coordinates>11.992396144196391,46.542801344767213,2332.3000000000002</coordinates></Point></Placemark><Placemark><TimeSpan><begin>2026-08-03T08:00:04Z</begin><end>2026-08-03T08:00:16Z</end></TimeSpan><styleUrl>#point</styleUrl><Point><altitudeMode>clampToGround</altitudeMode><coordinates>11.99248650111258,46.542747868224978,2332.7800000000002</coordinates></Point></Placemark><Placemark><TimeSpan><begin>2026-08-03T08:00:16Z</begin><end>2026-08-03T08:00:31Z</end></TimeSpan><styleUrl>#point</styleUrl><Point><altitudeMode>clampToGround</altitudeMode><coordinates>11.992697305977345,46.542672347277403,2333.2600000000002</coordinates></Point></Placemark><Placemark><TimeSpan><begin>2026-08-03T08:00:31Z</begin><end>2026-08-03T08:00:41Z</end></TimeSpan><styleUrl>#point</styleUrl><Point><altitudeMode>clampToGround</altitudeMode><coordinates>11.992811048403382,46.542622810229659,2334.2199999999998</coordinates></Point></Placemark><Placemark><TimeSpan><begin>2026-08-03T08:00:41Z</begin><end>2026-08-03T08:00:43Z</end></TimeSpan><styleUrl>#point</styleUrl><Point><altitudeMode>clampToGround</altitudeMode><coordinates>11.992828566581011,46.542611075565219,2334.6999999999998</coordinates></Point></Placemark><Placemark><TimeSpan><begin>2026-08-03T08:00:43Z</begin><end>2026-08-03T08:00:55Z</end></TimeSpan><styleUrl>#point</styleUrl><Point><altitudeMode>clampToGround</altitudeMode><coordinates>11.992905512452126,46.542598167434335,2335.1799999999998</coordinates></Point></Placemark><Placemark><TimeSpan><begin>2026-08-03T08:00:55Z</begin><end>2026-08-03T08:01:11Z</end></TimeSpan><styleUrl>#point</styleUrl><Point><altitudeMode>clampToGround</altitudeMode><coordinates>11.992882126942277,46.54259498231113,2335.1799999999998</coordinates></Point></Placemark><Placemark><TimeSpan><begin>2026-08-03T08:01:11Z</begin><end>2026-08-03T08:01:22Z</end></TimeSpan><styleUrl>#point</styleUrl><Point><altitudeMode>clampToGround</altitudeMode><coordinates>11.992926467210054,46.542534213513136,2336.1399999999999</coordinates></Point></Placemark><Placemark><TimeSpan><begin>2026-08-03T08:01:22Z</begin><end>2026-08-03T08:01:34Z</end></TimeSpan><styleUrl>#point</styleUrl><Point><altitudeMode>clampToGround</altitudeMode><coordinates>11.992984134703875,46.542476965114474,2337.0999999999999</coordinates></Point></Placemark><Placemark><TimeSpan><begin>2026-08-03T08:01:34Z</begin><end>2026-08-03T08:01:44Z</end></TimeSpan><styleUrl>#point</styleUrl><Point><altitudeMode>clampToGround</altitudeMode><coordinates>11.993017578497529,46.5424445271492,2338.0599999999999</coordinates></Point></Placemark><Placemark><TimeSpan><begin>2026-08-03T08:01:44Z</begin><end>2026-08-03T08:02:03Z</end></TimeSpan><styleUrl>#point</styleUrl><Point><altitudeMode>clampToGround</altitudeMode><coordinates>11.993053955957294,46.54242348857224,2338.54</coordinates></Point></Placemark><Placemark><TimeSpan><begin>2026-08-03T08:02:03Z</begin><end>2026-08-03T08:02:13Z</end></TimeSpan><styleUrl>#point</styleUrl><Point><altitudeMode>clampToGround</altitudeMode><coordinates>11.99312168173492,46.542412927374244,2339.9899999999998</coordinates></Point></Placemark><Placemark><TimeSpan><begin>2026-08-03T08:02:13Z</begin><end>2026-08-03T08:02:23Z</end></TimeSpan><styleUrl>#point</styleUrl><Point><altitudeMode>clampToGround</altitudeMode><coordinates>11.993101565167308,46.54240932315588,2341.4299999999998</coordinates></Point></Placemark><Placemark><TimeSpan><begin>2026-08-03T08:02:23Z</begin><end>2026-08-03T08:02:32Z</end></TimeSpan><styleUrl>#point</styleUrl><Point><altitudeMode>clampToGround</altitudeMode><coordinates>11.993008945137262,46.542381411418319,2343.8299999999999</coordinates></Point></Placemark><Placemark><TimeSpan><begin>2026-08-03T08:02:32Z</begin><end>2026-08-03T08:02:41Z</end></TimeSpan><styleUrl>#point</styleUrl><Point><altitudeMode>clampToGround</altitudeMode><coordinates>11.993082873523235,46.54232575558126,2344.79</coordinates></Point></Placemark><Placemark><TimeSpan><begin>2026-08-03T08:02:41Z</begin><end>2026-08-03T08:02:52Z</end></TimeSpan><styleUrl>#point</styleUrl><Point><altitudeMode>clampToGround</altitudeMode><coordinates>11.993174655362964,46.542282002046704,2345.27</coordinates></Point></Placemark><Placemark><TimeSpan><begin>2026-08-03T08:02:52Z</begin><end>2026-08-03T08:03:00Z</end></TimeSpan><styleUrl>#point</styleUrl><Point><altitudeMode>clampToGround</altitudeMode><coordinates>11.993249924853444,46.542242188006639,2346.23</coordinates></Point></Placemark><Placemark><TimeSpan><begin>2026-08-03T08:03:00Z</begin><end>2026-08-03T08:03:11Z</end></TimeSpan><styleUrl>#point</styleUrl><Point><altitudeMode>clampToGround</altitudeMode><coordinates>11.993335168808699,46.542190052568913,2347.6799999999998</coordinates></Point></Placemark><Placemark><TimeSpan><begin>2026-08-03T08:03:11Z</begin><end>2026-08-03T08:03:22Z</end></TimeSpan><styleUrl>#point</styleUrl><Point><altitudeMode>clampToGround</altitudeMode><coordinates>11.993432650342584,46.542143113911152,2349.5999999999999</coordinates></Point></Placemark><Placemark><TimeSpan><begin>2026-08-03T08:03:22Z</begin><end>2026-08-03T08:03:32Z</end></TimeSpan><styleUrl>#point</styleUrl><Point><altitudeMode>clampToGround</altitudeMode><coordinates>11.993518397212029,46.542111011222005,2351.52</coordinates></Point></Placemark><Placemark><TimeSpan><begin>2026-08-03T08:03:32Z</begin><end>2026-08-03T08:03:44Z</end></TimeSpan><styleUrl>#point</styleUrl><Point><altitudeMode>clampToGround</altitudeMode><coordinates>11.993638342246413,46.542097851634026,2353.4400000000001</coordinates></Point></Placemark><Placemark><TimeSpan><begin>2026-08-03T08:03:44Z</begin><end>2026-08-03T08:03:57Z</end></TimeSpan><styleUrl>#point</styleUrl><Point><altitudeMode>clampToGround</altitudeMode><coordinates>11.99377060867846,46.542093073949218,2354.8899999999999</coordinates></Point></Placemark><Placemark><TimeSpan><begin>2026-08-03T08:03:57Z</begin><end>2026-08-03T08:04:09Z</end></TimeSpan><styleUrl>#point</styleUrl><Point><altitudeMode>clampToGround</altitudeMode><coordinates>11.99389960616827,46.542095588520169,2356.3299999999999</coordinates></Point></Placemark><Placemark><TimeSpan><begin>2026-08-03T08:04:09Z</begin><end>2026-08-03T08:04:21Z</end></TimeSpan><styleUrl>#point</styleUrl><Point><altitudeMode>clampToGround</altitudeMode><coordinates>11.994018042460084,46.542108412832022,2357.77</coordinates></Point></Placemark><Placemark><TimeSpan><begin>2026-08-03T08:04:21Z</begin><end>2026-08-03T08:04:32Z</end></TimeSpan><styleUrl>#point</styleUrl><Point><altitudeMode>clampToGround</altitudeMode><coordinates>11.99412927031517,46.542138922959566,2358.73</coordinates></Point></Placemark><Placemark><TimeSpan><begin>2026-08-03T08:04:32Z</begin><end>2026-08-03T08:04:42Z</end></TimeSpan><styleUrl>#point</styleUrl><Point><altitudeMode>clampToGround</altitudeMode><coordinates>11.994144273921847,46.542145125567913,2359.6900000000001</coordinates></Point></Placemark><Placemark><TimeSpan><begin>2026-08-03T08:04:42Z</begin><end>2026-08-03T08:05:00Z</end></TimeSpan><styleUrl>#point</styleUrl><Point><altitudeMode>clampToGround</altitudeMode><coordinates>11.994144441559911,46.542121907696128,2360.1700000000001</coordinates></Point></Placemark><Placemark><TimeSpan><begin>2026-08-03T08:05:00Z</begin><end>2026-08-03T08:05:08Z</end></TimeSpan><styleUrl>#point</styleUrl><Point><altitudeMode>clampToGround</altitudeMode><coordinates>11.994157265871763,46.542113944888115,2360.1700000000001</coordinates></Point></Placemark><Placemark><TimeSpan><begin>2026-08-03T08:05:08Z</begin><end>2026-08-03T08:05:20Z</end></TimeSpan><styleUrl>#point</styleUrl><Point><altitudeMode>clampToGround</altitudeMode><coordinates>11.994345271959901,46.542112855240703,2361.1399999999999</coordinates></Point></Placemark><Placemark><TimeSpan><begin>2026-08-03T08:05:20Z</begin><end>2026-08-03T08:05:31Z</end></TimeSpan><styleUrl>#point</styleUrl><Point><altitudeMode>clampToGround</altitudeMode><coordinates>11.994503773748875,46.54208779335022,2363.0599999999999</coordinates></Point></Placemark><Placemark><TimeSpan><begin>2026-08-03T08:05:31Z</begin><end>2026-08-03T08:05:35Z</end></TimeSpan><styleUrl>#point</styleUrl><Point><altitudeMode>clampToGround</altitudeMode><coordinates>11.994548365473747,46.542068347334862,2363.54</coordinates></Point></Placemark><Placemark><TimeSpan><begin>2026-08-03T08:05:35Z</begin><end>2026-08-03T08:05:41Z</end></TimeSpan><styleUrl>#point</styleUrl><Point><altitudeMode>clampToGround</altitudeMode><coordinates>11.994603266939521,46.54203456826508,2364.02</coordinates></Point></Placemark><Placemark><TimeSpan><begin>2026-08-03T08:05:41Z</begin><end>2026-08-03T08:05:52Z</end></TimeSpan><styleUrl>#point</styleUrl><Point><altitudeMode>clampToGround</altitudeMode><coordinates>11.994699072092772,46.541983354836702,2366.4200000000001</coordinates></Point></Placemark><Placemark><TimeSpan><begin>2026-08-03T08:05:52Z</begin><end>2026-08-03T08:06:02Z</end></TimeSpan><styleUrl>#point</styleUrl><Point><altitudeMode>clampToGround</altitudeMode><coordinates>11.994754644110799,46.541949911043048,2368.3499999999999</coordinates></Point></Placemark><Placemark><TimeSpan><begin>2026-08-03T08:06:02Z</begin><end>2026-08-03T08:06:12Z</end></TimeSpan><styleUrl>#point</styleUrl><Point><altitudeMode>clampToGround</altitudeMode><coordinates>11.99479185976088,46.541911521926522,2369.79</coordinates></Point></Placemark><Placemark><TimeSpan><begin>2026-08-03T08:06:12Z</begin><end>2026-08-03T08:06:22Z</end></TimeSpan><styleUrl>#point</styleUrl><Point><altitudeMode>clampToGround</altitudeMode><coordinates>11.994870146736503,46.541891070082784,2370.75</coordinates></Point></Placemark><Placemark><TimeSpan><begin>2026-08-03T08:06:22Z</begin><end>2026-08-03T08:06:32Z</end></TimeSpan><styleUrl>#point</styleUrl><Point><altitudeMode>clampToGround</altitudeMode><coordinates>11.994952792301774,46.541879503056407,2372.6700000000001</coordinates></Point></Placemark><Placemark><TimeSpan><begin>2026-08-03T08:06:32Z</begin><end>2026-08-03T08:06:40Z</end></TimeSpan><styleUrl>#point</styleUrl><Point><altitudeMode>clampToGround</altitudeMode><coordinates>11.994979865849018,46.541853602975607,2373.6300000000001</coordinates></Point></Placemark><Placemark><TimeSpan><begin>2026-08-03T08:06:40Z</begin><end>2026-08-03T08:06:51Z</end></TimeSpan><styleUrl>#point</styleUrl><Point><altitudeMode>clampToGround</altitudeMode><coordinates>11.995002161711454,46.541823176667094,2375.0700000000002</coordinates></Point></Placemark><Placemark><TimeSpan><begin>2026-08-03T08:06:51Z</begin><end>2026-08-03T08:07:00Z</end></TimeSpan><styleUrl>#point</styleUrl><Point><altitudeMode>clampToGround</altitudeMode><coordinates>11.995068043470383,46.54179660603404,2376.04</coordinates></Point></Placemark><Placemark><TimeSpan><begin>2026-08-03T08:07:00Z</begin><end>2026-08-03T08:07:13Z</end></TimeSpan><styleUrl>#point</styleUrl><Point><altitudeMode>clampToGround</altitudeMode><coordinates>11.995136104524136,46.541758636012673,2377.48</coordinates></Point></Placemark><Placemark><TimeSpan><begin>2026-08-03T08:07:13Z</begin><end>2026-08-03T08:07:23Z</end></TimeSpan><styleUrl>#point</styleUrl><Point><altitudeMode>clampToGround</altitudeMode><coordinates>11.995202405378222,46.541718486696482,2378.9200000000001</coordinates></Point></Placemark><Placemark><TimeSpan><begin>2026-08-03T08:07:23Z</begin><end>2026-08-03T08:07:34Z</end></TimeSpan><styleUrl>#point</styleUrl><Point><altitudeMode>clampToGround</altitudeMode><coordinates>11.995287733152509,46.541682528331876,2379.8800000000001</coordinates></Point></Placemark><Placemark><TimeSpan><begin>2026-08-03T08:07:34Z</begin><end>2026-08-03T08:07:44Z</end></TimeSpan><styleUrl>#point</styleUrl><Point><altitudeMode>clampToGround</altitudeMode><coordinates>11.995330061763525,46.541680684313178,2380.3600000000001</coordinates></Point></Placemark><Placemark><TimeSpan><begin>2026-08-03T08:07:44Z</begin><end>2026-08-03T08:07:53Z</end></TimeSpan><styleUrl>#point</styleUrl><Point><altitudeMode>clampToGround</altitudeMode><coordinates>11.995410192757845,46.541670877486467,2381.3200000000002</coordinates></Point></Placemark><Placemark><TimeSpan><begin>2026-08-03T08:07:53Z</begin><end>2026-08-03T08:08:06Z</end></TimeSpan><styleUrl>#point</styleUrl><Point><altitudeMode>clampToGround</altitudeMode><coordinates>11.995484540238976,46.541610946878791,2383.25</coordinates></Point></Placemark><Placemark><TimeSpan><begin>2026-08-03T08:08:06Z</begin><end>2026-08-03T08:08:16Z</end></TimeSpan><styleUrl>#point</styleUrl><Point><altitudeMode>clampToGround</altitudeMode><coordinates>11.995572214946151,46.541570629924536,2383.73</coordinates></Point></Placemark><Placemark><TimeSpan><begin>2026-08-03T08:08:16Z</begin><end>2026-08-03T08:08:25Z</end></TimeSpan><styleUrl>#point</styleUrl><Point><altitudeMode>clampToGround</altitudeMode><coordinates>11.995590068399906,46.54158647172153,2384.21</coordinates></Point></Placemark><Placemark><TimeSpan><begin>2026-08-03T08:08:25Z</begin><end>2026-08-03T08:08:41Z</end></TimeSpan><styleUrl>#point</styleUrl><Point><altitudeMode>clampToGround</altitudeMode><coordinates>11.995551930740476,46.541559314355254,2384.21</coordinates></Point></Placemark><Placemark><TimeSpan><begin>2026-08-03T08:08:41Z</begin><end>2026-08-03T08:09:00Z</end></TimeSpan><styleUrl>#point</styleUrl><Point><altitudeMode>clampToGround</altitudeMode><coordinates>11.995572717860341,46.541573479771614,2384.6900000000001</coordinates></Point></Placemark><Placemark><TimeSpan><begin>2026-08-03T08:09:00Z</begin><end>2026-08-03T08:09:24Z</end></TimeSpan><styleUrl>#point</styleUrl><Point><altitudeMode>clampToGround</altitudeMode><coordinates>11.995595432817936,46.541552608832717,2384.6900000000001</coordinates></Point></Placemark><Placemark><TimeSpan><begin>2026-08-03T08:09:24Z</begin><end>2026-08-03T08:09:38Z</end></TimeSpan><styleUrl>#point</styleUrl><Point><altitudeMode>clampToGround</altitudeMode><coordinates>11.995632229372859,46.541577335447073,2384.6900000000001</coordinates></Point></Placemark><Placemark><TimeSpan><begin>2026-08-03T08:09:38Z</begin><end>2026-08-03T08:09:48Z</end></TimeSpan><styleUrl>#point</styleUrl><Point><altitudeMode>clampToGround</altitudeMode><coordinates>11.995739601552486,46.541581945493817,2384.6900000000001</coordinates></Point></Placemark><Placemark><TimeSpan><begin>2026-08-03T08:09:48Z</begin><end>2026-08-03T08:09:58Z</end></TimeSpan><styleUrl>#point</styleUrl><Point><altitudeMode>clampToGround</altitudeMode><coordinates>11.995834652334452,46.541558895260096,2386.1300000000001</coordinates></Point></Placemark><Placemark><TimeSpan><begin>2026-08-03T08:09:58Z</begin><end>2026-08-03T08:10:09Z</end></TimeSpan><styleUrl>#point</styleUrl><Point><altitudeMode>clampToGround</altitudeMode><coordinates>11.995901959016919,46.541494522243738,2387.5700000000002</coordinates></Point></Placemark><Placemark><TimeSpan><begin>2026-08-03T08:10:09Z</begin><end>2026-08-03T08:10:14Z</end></TimeSpan><styleUrl>#point</styleUrl><Point><altitudeMode>clampToGround</altitudeMode><coordinates>11.995930373668671,46.541465688496828,2388.0500000000002</coordinates></Point></Placemark><Placemark><TimeSpan><begin>2026-08-03T08:10:14Z</begin><end>2026-08-03T08:10:21Z</end></TimeSpan><styleUrl>#point</styleUrl><Point><altitudeMode>clampToGround</altitudeMode><coordinates>11.995963985100389,46.541416151449084,2389.4899999999998</coordinates></Point></Placemark><Placemark><TimeSpan><begin>2026-08-03T08:10:21Z</begin><end>2026-08-03T08:10:27Z</end></TimeSpan><styleUrl>#point</styleUrl><Point><altitudeMode>clampToGround</altitudeMode><coordinates>11.995974713936448,46.541359405964613,2389.9699999999998</coordinates></Point></Placemark><Placemark><TimeSpan><begin>2026-08-03T08:10:27Z</begin><end>2026-08-03T08:10:41Z</end></TimeSpan><styleUrl>#point</styleUrl><Point><altitudeMode>clampToGround</altitudeMode><coordinates>11.996051743626595,46.54124591499567,2389.9699999999998</coordinates></Point></Placemark><Placemark><TimeSpan><begin>2026-08-03T08:10:41Z</begin><end>2026-08-03T08:10:53Z</end></TimeSpan><styleUrl>#point</styleUrl><Point><altitudeMode>clampToGround</altitudeMode><coordinates>11.996137490496039,46.5411511156708,2389.9699999999998</coordinates></Point></Placemark><Placemark><TimeSpan><begin>2026-08-03T08:10:53Z</begin><end>2026-08-03T08:11:02Z</end></TimeSpan><styleUrl>#point</styleUrl><Point><altitudeMode>clampToGround</altitudeMode><coordinates>11.996200354769826,46.541084814816713,2389.9699999999998</coordinates></Point></Placemark><Placemark><TimeSpan><begin>2026-08-03T08:11:02Z</begin><end>2026-08-03T08:11:04Z</end></TimeSpan><styleUrl>#point</styleUrl><Point><altitudeMode>clampToGround</altitudeMode><coordinates>11.996215023100376,46.541066961362958,2389.9699999999998</coordinates></Point></Placemark><Placemark><TimeSpan><begin>2026-08-03T08:11:04Z</begin><end>2026-08-03T08:11:12Z</end></TimeSpan><styleUrl>#point</styleUrl><Point><altitudeMode>clampToGround</altitudeMode><coordinates>11.996281826868653,46.541011892259121,2390.46</coordinates></Point></Placemark><Placemark><TimeSpan><begin>2026-08-03T08:11:12Z</begin><end>2026-08-03T08:11:14Z</end></TimeSpan><styleUrl>#point</styleUrl><Point><altitudeMode>clampToGround</altitudeMode><coordinates>11.996290795505047,46.540993954986334,2390.46</coordinates></Point></Placemark><Placemark><TimeSpan><begin>2026-08-03T08:11:14Z</begin><end>2026-08-03T08:11:27Z</end></TimeSpan><styleUrl>#point</styleUrl><Point><altitudeMode>clampToGround</altitudeMode><coordinates>11.996391881257296,46.540905442088842,2391.4200000000001</coordinates></Point></Placemark><Placemark><TimeSpan><begin>2026-08-03T08:11:27Z</begin><end>2026-08-03T08:11:37Z</end></TimeSpan><styleUrl>#point</styleUrl><Point><altitudeMode>clampToGround</altitudeMode><coordinates>11.996450386941433,46.540845008566976,2392.8600000000001</coordinates></Point></Placemark><Placemark><TimeSpan><begin>2026-08-03T08:11:37Z</begin><end>2026-08-03T08:11:45Z</end></TimeSpan><styleUrl>#point</styleUrl><Point><altitudeMode>clampToGround</altitudeMode><coordinates>11.996501181274652,46.540811061859131,2393.8200000000002</coordinates></Point></Placemark><Placemark><TimeSpan><begin>2026-08-03T08:11:45Z</begin><end>2026-08-03T08:11:56Z</end></TimeSpan><styleUrl>#point</styleUrl><Point><altitudeMode>clampToGround</altitudeMode><coordinates>11.996526997536421,46.540810726583004,2394.7800000000002</coordinates></Point></Placemark><Placemark><TimeSpan><begin>2026-08-03T08:11:56Z</begin><end>2026-08-03T08:12:06Z</end></TimeSpan><styleUrl>#point</styleUrl><Point><altitudeMode>clampToGround</altitudeMode><coordinates>11.996604613959789,46.540786921977997,2396.2199999999998</coordinates></Point></Placemark><Placemark><TimeSpan><begin>2026-08-03T08:12:06Z</begin><end>2026-08-03T08:12:15Z</end></TimeSpan><styleUrl>#point</styleUrl><Point><altitudeMode>clampToGround</altitudeMode><coordinates>11.996611654758453,46.540747191756964,2397.6700000000001</coordinates></Point></Placemark><Placemark><TimeSpan><begin>2026-08-03T08:12:15Z</begin><end>2026-08-03T08:12:25Z</end></TimeSpan><styleUrl>#point</styleUrl><Point><altitudeMode>clampToGround</altitudeMode><coordinates>11.996651804074645,46.540712993592024,2399.5900000000001</coordinates></Point></Placemark><Placemark><TimeSpan><begin>2026-08-03T08:12:25Z</begin><end>2026-08-03T08:12:33Z</end></TimeSpan><styleUrl>#point</styleUrl><Point><altitudeMode>clampToGround</altitudeMode><coordinates>11.996646523475647,46.540683908388019,2401.0300000000002</coordinates></Point></Placemark><Placemark><TimeSpan><begin>2026-08-03T08:12:33Z</begin><end>2026-08-03T08:12:42Z</end></TimeSpan><styleUrl>#point</styleUrl><Point><altitudeMode>clampToGround</altitudeMode><coordinates>11.996659934520721,46.540636131539941,2402.4699999999998</coordinates></Point></Placemark><Placemark><TimeSpan><begin>2026-08-03T08:12:42Z</begin><end>2026-08-03T08:12:51Z</end></TimeSpan><styleUrl>#point</styleUrl><Point><altitudeMode>clampToGround</altitudeMode><coordinates>11.996737299486995,46.540608890354633,2403.9099999999999</coordinates></Point></Placemark><Placemark><TimeSpan><begin>2026-08-03T08:12:51Z</begin><end>2026-08-03T08:13:00Z</end></TimeSpan><styleUrl>#point</styleUrl><Point><altitudeMode>clampToGround</altitudeMode><coordinates>11.996826231479645,46.540576284751296,2405.3600000000001</coordinates></Point></Placemark><Placemark><TimeSpan><begin>2026-08-03T08:13:00Z</begin><end>2026-08-03T08:13:03Z</end></TimeSpan><styleUrl>#point</styleUrl><Point><altitudeMode>clampToGround</altitudeMode><coordinates>11.996857915073633,46.540569076314569,2405.3600000000001</coordinates></Point></Placemark><Placemark><TimeSpan><begin>2026-08-03T08:13:03Z</begin><end>2026-08-03T08:13:11Z</end></TimeSpan><styleUrl>#point</styleUrl><Point><altitudeMode>clampToGround</altitudeMode><coordinates>11.996950032189488,46.540547618642449,2405.8400000000001</coordinates></Point></Placemark><Placemark><TimeSpan><begin>2026-08-03T08:13:11Z</begin><end>2026-08-03T08:13:17Z</end></TimeSpan><styleUrl>#point</styleUrl><Point><altitudeMode>clampToGround</altitudeMode><coordinates>11.997017841786146,46.540535716339946,2406.3200000000002</coordinates></Point></Placemark><Placemark><TimeSpan><begin>2026-08-03T08:13:17Z</begin><end>2026-08-03T08:13:28Z</end></TimeSpan><styleUrl>#point</styleUrl><Point><altitudeMode>clampToGround</altitudeMode><coordinates>11.997133176773787,46.540474025532603,2406.8000000000002</coordinates></Point></Placemark><Placemark><TimeSpan><begin>2026-08-03T08:13:28Z</begin><end>2026-08-03T08:13:38Z</end></TimeSpan><styleUrl>#point</styleUrl><Point><altitudeMode>clampToGround</altitudeMode><coordinates>11.997246332466602,46.540429685264826,2407.7600000000002</coordinates></Point></Placemark><Placemark><TimeSpan><begin>2026-08-03T08:13:38Z</begin><end>2026-08-03T08:13:41Z</end></TimeSpan><styleUrl>#point</styleUrl><Point><altitudeMode>clampToGround</altitudeMode><coordinates>11.997277764603496,46.540418872609735,2408.2399999999998</coordinates></Point></Placemark><Placemark><TimeSpan><begin>2026-08-03T08:13:41Z</begin><end>2026-08-03T08:13:43Z</end></TimeSpan><styleUrl>#point</styleUrl><Point><altitudeMode>clampToGround</altitudeMode><coordinates>11.997292935848236,46.540405545383692,2408.2399999999998</coordinates></Point></Placemark><Placemark><TimeSpan><begin>2026-08-03T08:13:43Z</begin><end>2026-08-03T08:13:46Z</end></TimeSpan><styleUrl>#point</styleUrl><Point><altitudeMode>clampToGround</altitudeMode><coordinates>11.997323781251907,46.540390374138951,2408.2399999999998</coordinates></Point></Placemark><Placemark><TimeSpan><begin>2026-08-03T08:13:46Z</begin><end>2026-08-03T08:13:48Z</end></TimeSpan><styleUrl>#point</styleUrl><Point><altitudeMode>clampToGround</altitudeMode><coordinates>11.997333001345396,46.54037319123745,2408.7199999999998</coordinates></Point></Placemark><Placemark><TimeSpan><begin>2026-08-03T08:13:48Z</begin><end>2026-08-03T08:13:50Z</end></TimeSpan><styleUrl>#point</styleUrl><Point><altitudeMode>clampToGround</altitudeMode><coordinates>11.997340125963092,46.540355840697885,2408.7199999999998</coordinates></Point></Placemark><Placemark><TimeSpan><begin>2026-08-03T08:13:50Z</begin><end>2026-08-03T08:14:03Z</end></TimeSpan><styleUrl>#point</styleUrl><Point><altitudeMode>clampToGround</altitudeMode><coordinates>11.997425956651568,46.540250647813082,2408.7199999999998</coordinates></Point></Placemark><Placemark><TimeSpan><begin>2026-08-03T08:14:03Z</begin><end>2026-08-03T08:14:15Z</end></TimeSpan><styleUrl>#point</styleUrl><Point><altitudeMode>clampToGround</altitudeMode><coordinates>11.997527964413166,46.540161799639463,2409.6799999999998</coordinates></Point></Placemark><Placemark><TimeSpan><begin>2026-08-03T08:14:15Z</begin><end>2026-08-03T08:14:21Z</end></TimeSpan><styleUrl>#point</styleUrl><Point><altitudeMode>clampToGround</altitudeMode><coordinates>11.997580099850893,46.540125841274858,2410.6399999999999</coordinates></Point></Placemark><Placemark><TimeSpan><begin>2026-08-03T08:14:21Z</begin><end>2026-08-03T08:14:31Z</end></TimeSpan><styleUrl>#point</styleUrl><Point><altitudeMode>clampToGround</altitudeMode><coordinates>11.997680515050888,46.540092146024108,2412.0900000000001</coordinates></Point></Placemark><Placemark><TimeSpan><begin>2026-08-03T08:14:31Z</begin><end>2026-08-03T08:14:41Z</end></TimeSpan><styleUrl>#point</styleUrl><Point><altitudeMode>clampToGround</altitudeMode><coordinates>11.997772296890616,46.540059540420771,2413.5300000000002</coordinates></Point></Placemark><Placemark><TimeSpan><begin>2026-08-03T08:14:41Z</begin><end>2026-08-03T08:14:51Z</end></TimeSpan><styleUrl>#point</styleUrl><Point><altitudeMode>clampToGround</altitudeMode><coordinates>11.997893750667572,46.540041770786047,2415.4499999999998</coordinates></Point></Placemark><Placemark><TimeSpan><begin>2026-08-03T08:14:51Z</begin><end>2026-08-03T08:15:01Z</end></TimeSpan><styleUrl>#point</styleUrl><Point><altitudeMode>clampToGround</altitudeMode><coordinates>11.997988801449537,46.540012685582042,2416.4099999999999</coordinates></Point></Placemark><Placemark><TimeSpan><begin>2026-08-03T08:15:01Z</begin><end>2026-08-03T08:15:15Z</end></TimeSpan><styleUrl>#point</styleUrl><Point><altitudeMode>clampToGround</altitudeMode><coordinates>11.998003972694278,46.540012685582042,2416.8899999999999</coordinates></Point></Placemark><Placemark><TimeSpan><begin>2026-08-03T08:15:15Z</begin><end>2026-08-03T08:15:32Z</end></TimeSpan><styleUrl>#point</styleUrl><Point><altitudeMode>clampToGround</altitudeMode><coordinates>11.997997686266899,46.540015619248152,2417.3699999999999</coordinates></Point></Placemark><Placemark><TimeSpan><begin>2026-08-03T08:15:32Z</begin><end>2026-08-03T08:15:48Z</end></TimeSpan><styleUrl>#point</styleUrl><Point><altitudeMode>clampToGround</altitudeMode><coordinates>11.998035907745361,46.539967255666852,2417.3699999999999</coordinates></Point></Placemark><Placemark><TimeSpan><begin>2026-08-03T08:15:48Z</begin><end>2026-08-03T08:15:54Z</end></TimeSpan><styleUrl>#point</styleUrl><Point><altitudeMode>clampToGround</altitudeMode><coordinates>11.998085277155042,46.539921406656504,2417.3699999999999</coordinates></Point></Placemark><Placemark><TimeSpan><begin>2026-08-03T08:15:54Z</begin><end>2026-08-03T08:16:00Z</end></TimeSpan><styleUrl>#point</styleUrl><Point><altitudeMode>clampToGround</altitudeMode><coordinates>11.998149314895272,46.539881927892566,2417.3699999999999</coordinates></Point></Placemark><Placemark><TimeSpan><begin>2026-08-03T08:16:00Z</begin><end>2026-08-03T08:16:13Z</end></TimeSpan><styleUrl>#point</styleUrl><Point><altitudeMode>clampToGround</altitudeMode><coordinates>11.99828895740211,46.539793834090233,2417.3699999999999</coordinates></Point></Placemark><Placemark><TimeSpan><begin>2026-08-03T08:16:13Z</begin><end>2026-08-03T08:16:21Z</end></TimeSpan><styleUrl>#point</styleUrl><Point><altitudeMode>clampToGround</altitudeMode><coordinates>11.998367747291923,46.539737926796079,2417.3699999999999</coordinates></Point></Placemark><Placemark><TimeSpan><begin>2026-08-03T08:16:21Z</begin><end>2026-08-03T08:16:28Z</end></TimeSpan><styleUrl>#point</styleUrl><Point><altitudeMode>clampToGround</altitudeMode><coordinates>11.998446704819798,46.539690652862191,2417.3699999999999</coordinates></Point></Placemark><Placemark><TimeSpan><begin>2026-08-03T08:16:28Z</begin><end>2026-08-03T08:16:30Z</end></TimeSpan><styleUrl>#point</styleUrl><Point><altitudeMode>clampToGround</altitudeMode><coordinates>11.998464809730649,46.539673721417785,2417.8499999999999</coordinates></Point></Placemark><Placemark><TimeSpan><begin>2026-08-03T08:16:30Z</begin><end>2026-08-03T08:16:42Z</end></TimeSpan><styleUrl>#point</styleUrl><Point><altitudeMode>clampToGround</altitudeMode><coordinates>11.998596405610442,46.539623681455851,2419.3000000000002</coordinates></Point></Placemark><Placemark><TimeSpan><begin>2026-08-03T08:16:42Z</begin><end>2026-08-03T08:16:53Z</end></TimeSpan><styleUrl>#point</styleUrl><Point><altitudeMode>clampToGround</altitudeMode><coordinates>11.998706376180053,46.539560901001096,2421.2199999999998</coordinates></Point></Placemark><Placemark><TimeSpan><begin>2026-08-03T08:16:53Z</begin><end>2026-08-03T08:17:07Z</end></TimeSpan><styleUrl>#point</styleUrl><Point><altitudeMode>clampToGround</altitudeMode><coordinates>11.998851634562016,46.539471298456192,2421.2199999999998</coordinates></Point></Placemark><Placemark><TimeSpan><begin>2026-08-03T08:17:07Z</begin><end>2026-08-03T08:17:19Z</end></TimeSpan><styleUrl>#point</styleUrl><Point><altitudeMode>clampToGround</altitudeMode><coordinates>11.998940818011761,46.53943651355803,2421.6999999999998</coordinates></Point></Placemark><Placemark><TimeSpan><begin>2026-08-03T08:17:19Z</begin><end>2026-08-03T08:17:32Z</end></TimeSpan><styleUrl>#point</styleUrl><Point><altitudeMode>clampToGround</altitudeMode><coordinates>11.998989516869187,46.539413128048182,2421.6999999999998</coordinates></Point></Placemark><Placemark><TimeSpan><begin>2026-08-03T08:17:32Z</begin><end>2026-08-03T08:17:34Z</end></TimeSpan><styleUrl>#point</styleUrl><Point><altitudeMode>clampToGround</altitudeMode><coordinates>11.999006196856499,46.539403824135661,2421.6999999999998</coordinates></Point></Placemark><Placemark><TimeSpan><begin>2026-08-03T08:17:34Z</begin><end>2026-08-03T08:17:46Z</end></TimeSpan><styleUrl>#point</styleUrl><Point><altitudeMode>clampToGround</altitudeMode><coordinates>11.99915187433362,46.539387311786413,2421.6999999999998</coordinates></Point></Placemark><Placemark><TimeSpan><begin>2026-08-03T08:17:46Z</begin><end>2026-08-03T08:17:56Z</end></TimeSpan><styleUrl>#point</styleUrl><Point><altitudeMode>clampToGround</altitudeMode><coordinates>11.999248852953315,46.539333164691925,2421.6999999999998</coordinates></Point></Placemark><Placemark><TimeSpan><begin>2026-08-03T08:17:56Z</begin><end>2026-08-03T08:18:08Z</end></TimeSpan><styleUrl>#point</styleUrl><Point><altitudeMode>clampToGround</altitudeMode><coordinates>11.999357398599386,46.539278430864215,2421.6999999999998</coordinates></Point></Placemark><Placemark><TimeSpan><begin>2026-08-03T08:18:08Z</begin><end>2026-08-03T08:18:19Z</end></TimeSpan><styleUrl>#point</styleUrl><Point><altitudeMode>clampToGround</altitudeMode><coordinates>11.999484552070498,46.539208441972733,2422.1799999999998</coordinates></Point></Placemark><Placemark><TimeSpan><begin>2026-08-03T08:18:19Z</begin><end>2026-08-03T08:18:26Z</end></TimeSpan><styleUrl>#point</styleUrl><Point><altitudeMode>clampToGround</altitudeMode><coordinates>11.99956426396966,46.539169801399112,2422.1799999999998</coordinates></Point></Placemark><Placemark><TimeSpan><begin>2026-08-03T08:18:26Z</begin><end>2026-08-03T08:18:28Z</end></TimeSpan><styleUrl>#point</styleUrl><Point><altitudeMode>clampToGround</altitudeMode><coordinates>11.999584464356303,46.539157396182418,2422.1799999999998</coordinates></Point></Placemark><Placemark><TimeSpan><begin>2026-08-03T08:18:28Z</begin><end>2026-08-03T08:18:36Z</end></TimeSpan><styleUrl>#point</styleUrl><Point><altitudeMode>clampToGround</altitudeMode><coordinates>11.999674485996366,46.539125544950366,2422.6599999999999</coordinates></Point></Placemark><Placemark><TimeSpan><begin>2026-08-03T08:18:36Z</begin><end>2026-08-03T08:18:47Z</end></TimeSpan><styleUrl>#point</styleUrl><Point><altitudeMode>clampToGround</altitudeMode><coordinates>11.999732907861471,46.539050275459886,2422.6599999999999</coordinates></Point></Placemark><Placemark><TimeSpan><begin>2026-08-03T08:18:47Z</begin><end>2026-08-03T08:18:59Z</end></TimeSpan><styleUrl>#point</styleUrl><Point><altitudeMode>clampToGround</altitudeMode><coordinates>11.99984916485846,46.538988249376416,2422.6599999999999</coordinates></Point></Placemark><Placemark><TimeSpan><begin>2026-08-03T08:18:59Z</begin><end>2026-08-03T08:19:05Z</end></TimeSpan><styleUrl>#point</styleUrl><Point><altitudeMode>clampToGround</altitudeMode><coordinates>11.99991705827415,46.538957487791777,2421.2199999999998</coordinates></Point></Placemark><Placemark><TimeSpan><begin>2026-08-03T08:19:05Z</begin><end>2026-08-03T08:19:07Z</end></TimeSpan><styleUrl>#point</styleUrl><Point><altitudeMode>clampToGround</altitudeMode><coordinates>11.999945472925901,46.538947345688939,2421.2199999999998</coordinates></Point></Placemark><Placemark><TimeSpan><begin>2026-08-03T08:19:07Z</begin><end>2026-08-03T08:19:19Z</end></TimeSpan><styleUrl>#point</styleUrl><Point><altitudeMode>clampToGround</altitudeMode><coordinates>12.000080170109868,46.538888085633516,2421.2199999999998</coordinates></Point></Placemark><Placemark><TimeSpan><begin>2026-08-03T08:19:19Z</begin><end>2026-08-03T08:19:29Z</end></TimeSpan><styleUrl>#point</styleUrl><Point><altitudeMode>clampToGround</altitudeMode><coordinates>12.000139597803354,46.538801835849881,2420.7399999999998</coordinates></Point></Placemark><Placemark><TimeSpan><begin>2026-08-03T08:19:29Z</begin><end>2026-08-03T08:19:36Z</end></TimeSpan><styleUrl>#point</styleUrl><Point><altitudeMode>clampToGround</altitudeMode><coordinates>12.000208999961615,46.53875682502985,2420.7399999999998</coordinates></Point></Placemark><Placemark><TimeSpan><begin>2026-08-03T08:19:36Z</begin><end>2026-08-03T08:19:39Z</end></TimeSpan><styleUrl>#point</styleUrl><Point><altitudeMode>clampToGround</altitudeMode><coordinates>12.000244036316872,46.538737127557397,2422.1799999999998</coordinates></Point></Placemark><Placemark><TimeSpan><begin>2026-08-03T08:19:39Z</begin><end>2026-08-03T08:19:46Z</end></TimeSpan><styleUrl>#point</styleUrl><Point><altitudeMode>clampToGround</altitudeMode><coordinates>12.00034168548882,46.538710054010153,2422.1799999999998</coordinates></Point></Placemark><Placemark><TimeSpan><begin>2026-08-03T08:19:46Z</begin><end>2026-08-03T08:19:58Z</end></TimeSpan><styleUrl>#point</styleUrl><Point><altitudeMode>clampToGround</altitudeMode><coordinates>12.000493397936225,46.538760764524341,2422.6599999999999</coordinates></Point></Placemark><Placemark><TimeSpan><begin>2026-08-03T08:19:58Z</begin><end>2026-08-03T08:20:09Z</end></TimeSpan><styleUrl>#point</styleUrl><Point><altitudeMode>clampToGround</altitudeMode><coordinates>12.000619964674115,46.538728829473257,2422.6599999999999</coordinates></Point></Placemark><Placemark><TimeSpan><begin>2026-08-03T08:20:09Z</begin><end>2026-08-03T08:20:14Z</end></TimeSpan><styleUrl>#point</styleUrl><Point><altitudeMode>clampToGround</altitudeMode><coordinates>12.000687941908836,46.538709886372089,2422.6599999999999</coordinates></Point></Placemark><Placemark><TimeSpan><begin>2026-08-03T08:20:14Z</begin><end>2026-08-03T08:20:20Z</end></TimeSpan><styleUrl>#point</styleUrl><Point><altitudeMode>clampToGround</altitudeMode><coordinates>12.000768659636378,46.538679040968418,2421.6999999999998</coordinates></Point></Placemark><Placemark><TimeSpan><begin>2026-08-03T08:20:20Z</begin><end>2026-08-03T08:20:32Z</end></TimeSpan><styleUrl>#point</styleUrl><Point><altitudeMode>clampToGround</altitudeMode><coordinates>12.000963119789958,46.538646351546049,2421.6999999999998</coordinates></Point></Placemark><Placemark><TimeSpan><begin>2026-08-03T08:20:32Z</begin><end>2026-08-03T08:20:44Z</end></TimeSpan><styleUrl>#point</styleUrl><Point><altitudeMode>clampToGround</altitudeMode><coordinates>12.001114664599299,46.538584409281611,2423.1399999999999</coordinates></Point></Placemark><Placemark><TimeSpan><begin>2026-08-03T08:20:44Z</begin><end>2026-08-03T08:20:52Z</end></TimeSpan><styleUrl>#point</styleUrl><Point><altitudeMode>clampToGround</altitudeMode><coordinates>12.001212229952216,46.538543086498976,2423.1399999999999</coordinates></Point></Placemark><Placemark><TimeSpan><begin>2026-08-03T08:20:52Z</begin><end>2026-08-03T08:21:02Z</end></TimeSpan><styleUrl>#point</styleUrl><Point><altitudeMode>clampToGround</altitudeMode><coordinates>12.001272160559893,46.538480054587126,2424.5799999999999</coordinates></Point></Placemark><Placemark><TimeSpan><begin>2026-08-03T08:21:02Z</begin><end>2026-08-03T08:21:04Z</end></TimeSpan><styleUrl>#point</styleUrl><Point><altitudeMode>clampToGround</altitudeMode><coordinates>12.00128766708076,46.538461446762085,2424.5799999999999</coordinates></Point></Placemark><Placemark><TimeSpan><begin>2026-08-03T08:21:04Z</begin><end>2026-08-03T08:21:15Z</end></TimeSpan><styleUrl>#point</styleUrl><Point><altitudeMode>clampToGround</altitudeMode><coordinates>12.001370312646031,46.53840210288763,2426.9899999999998</coordinates></Point></Placemark><Placemark><TimeSpan><begin>2026-08-03T08:21:15Z</begin><end>2026-08-03T08:21:24Z</end></TimeSpan><styleUrl>#point</styleUrl><Point><altitudeMode>clampToGround</altitudeMode><coordinates>12.001421358436346,46.538353655487299,2428.4299999999998</coordinates></Point></Placemark><Placemark><TimeSpan><begin>2026-08-03T08:21:24Z</begin><end>2026-08-03T08:21:36Z</end></TimeSpan><styleUrl>#point</styleUrl><Point><altitudeMode>clampToGround</altitudeMode><coordinates>12.00154515914619,46.53829456306994,2430.3499999999999</coordinates></Point></Placemark><Placemark><TimeSpan><begin>2026-08-03T08:21:36Z</begin><end>2026-08-03T08:21:42Z</end></TimeSpan><styleUrl>#point</styleUrl><Point><altitudeMode>clampToGround</altitudeMode><coordinates>12.001611040905118,46.538278134539723,2431.3099999999999</coordinates></Point></Placemark><Placemark><TimeSpan><begin>2026-08-03T08:21:42Z</begin><end>2026-08-03T08:21:52Z</end></TimeSpan><styleUrl>#point</styleUrl><Point><altitudeMode>clampToGround</altitudeMode><coordinates>12.001742133870721,46.538255251944065,2432.27</coordinates></Point></Placemark><Placemark><TimeSpan><begin>2026-08-03T08:21:52Z</begin><end>2026-08-03T08:21:54Z</end></TimeSpan><styleUrl>#point</styleUrl><Point><altitudeMode>clampToGround</altitudeMode><coordinates>12.001766106113791,46.538245277479291,2432.75</coordinates></Point></Placemark><Placemark><TimeSpan><begin>2026-08-03T08:21:54Z</begin><end>2026-08-03T08:21:56Z</end></TimeSpan><styleUrl>#point</styleUrl><Point><altitudeMode>clampToGround</altitudeMode><coordinates>12.001785133033991,46.538234883919358,2432.75</coordinates></Point></Placemark><Placemark><TimeSpan><begin>2026-08-03T08:21:56Z</begin><end>2026-08-03T08:22:09Z</end></TimeSpan><styleUrl>#point</styleUrl><Point><altitudeMode>clampToGround</altitudeMode><coordinates>12.001938270404935,46.538182916119695,2434.1999999999998</coordinates></Point></Placemark><Placemark><TimeSpan><begin>2026-08-03T08:22:09Z</begin><end>2026-08-03T08:22:18Z</end></TimeSpan><styleUrl>#point</styleUrl><Point><altitudeMode>clampToGround</altitudeMode><coordinates>12.002013456076384,46.538119297474623,2434.6799999999998</coordinates></Point></Placemark><Placemark><TimeSpan><begin>2026-08-03T08:22:18Z</begin><end>2026-08-03T08:22:29Z</end></TimeSpan><styleUrl>#point</styleUrl><Point><altitudeMode>clampToGround</altitudeMode><coordinates>12.002107668668032,46.538040172308683,2435.6399999999999</coordinates></Point></Placemark><Placemark><TimeSpan><begin>2026-08-03T08:22:29Z</begin><end>2026-08-03T08:22:30Z</end></TimeSpan><styleUrl>#point</styleUrl><Point><altitudeMode>clampToGround</altitudeMode><coordinates>12.002116721123457,46.538033802062273,2435.6399999999999</coordinates></Point></Placemark><Placemark><TimeSpan><begin>2026-08-03T08:22:30Z</begin><end>2026-08-03T08:22:37Z</end></TimeSpan><styleUrl>#point</styleUrl><Point><altitudeMode>clampToGround</altitudeMode><coordinates>12.00217992067337,46.537984600290656,2436.1199999999999</coordinates></Point></Placemark><Placemark><TimeSpan><begin>2026-08-03T08:22:37Z</begin><end>2026-08-03T08:22:46Z</end></TimeSpan><styleUrl>#point</styleUrl><Point><altitudeMode>clampToGround</altitudeMode><coordinates>12.002222584560513,46.537931375205517,2437.0799999999999</coordinates></Point></Placemark><Placemark><TimeSpan><begin>2026-08-03T08:22:46Z</begin><end>2026-08-03T08:22:56Z</end></TimeSpan><styleUrl>#point</styleUrl><Point><altitudeMode>clampToGround</altitudeMode><coordinates>12.002232475206256,46.5379339735955,2437.5599999999999</coordinates></Point></Placemark><Placemark><TimeSpan><begin>2026-08-03T08:22:56Z</begin><end>2026-08-03T08:23:21Z</end></TimeSpan><styleUrl>#point</styleUrl><Point><altitudeMode>clampToGround</altitudeMode><coordinates>12.002239180728793,46.537928273901343,2437.5599999999999</coordinates></Point></Placemark><Placemark><TimeSpan><begin>2026-08-03T08:23:21Z</begin><end>2026-08-03T08:23:37Z</end></TimeSpan><styleUrl>#point</styleUrl><Point><altitudeMode>clampToGround</altitudeMode><coordinates>12.002242030575871,46.537931626662612,2437.5599999999999</coordinates></Point></Placemark><Placemark><TimeSpan><begin>2026-08-03T08:23:37Z</begin><end>2026-08-03T08:24:05Z</end></TimeSpan><styleUrl>#point</styleUrl><Point><altitudeMode>clampToGround</altitudeMode><coordinates>12.002249239012599,46.537936571985483,2438.04</coordinates></Point></Placemark><Placemark><TimeSpan><begin>2026-08-03T08:24:05Z</begin><end>2026-08-03T08:24:33Z</end></TimeSpan><styleUrl>#point</styleUrl><Point><altitudeMode>clampToGround</altitudeMode><coordinates>12.002237923443317,46.537922406569123,2438.04</coordinates></Point></Placemark><Placemark><TimeSpan><begin>2026-08-03T08:24:33Z</begin><end>2026-08-03T08:24:42Z</end></TimeSpan><styleUrl>#point</styleUrl><Point><altitudeMode>clampToGround</altitudeMode><coordinates>12.002261644229293,46.537855435162783,2438.52</coordinates></Point></Placemark><Placemark><TimeSpan><begin>2026-08-03T08:24:42Z</begin><end>2026-08-03T08:24:43Z</end></TimeSpan><styleUrl>#point</styleUrl><Point><altitudeMode>clampToGround</altitudeMode><coordinates>12.002269774675369,46.537846131250262,2438.52</coordinates></Point></Placemark><Placemark><TimeSpan><begin>2026-08-03T08:24:43Z</begin><end>2026-08-03T08:24:52Z</end></TimeSpan><styleUrl>#point</styleUrl><Point><altitudeMode>clampToGround</altitudeMode><coordinates>12.002366250380874,46.537776812911034,2438.52</coordinates></Point></Placemark><Placemark><TimeSpan><begin>2026-08-03T08:24:52Z</begin><end>2026-08-03T08:24:54Z</end></TimeSpan><styleUrl>#point</styleUrl><Point><altitudeMode>clampToGround</altitudeMode><coordinates>12.002388378605247,46.537765497341752,2438.52</coordinates></Point></Placemark><Placemark><TimeSpan><begin>2026-08-03T08:24:54Z</begin><end>2026-08-03T08:25:05Z</end></TimeSpan><styleUrl>#point</styleUrl><Point><altitudeMode>clampToGround</altitudeMode><coordinates>12.002475718036294,46.53768377378583,2438.52</coordinates></Point></Placemark><Placemark><TimeSpan><begin>2026-08-03T08:25:05Z</begin><end>2026-08-03T08:25:16Z</end></TimeSpan><styleUrl>#point</styleUrl><Point><altitudeMode>clampToGround</altitudeMode><coordinates>12.002568924799562,46.537612276151776,2439.48</coordinates></Point></Placemark><Placemark><TimeSpan><begin>2026-08-03T08:25:16Z</begin><end>2026-08-03T08:25:27Z</end></TimeSpan><styleUrl>#point</styleUrl><Point><altitudeMode>clampToGround</altitudeMode><coordinates>12.002649642527103,46.537516890093684,2439.48</coordinates></Point></Placemark><Placemark><TimeSpan><begin>2026-08-03T08:25:27Z</begin><end>2026-08-03T08:25:32Z</end></TimeSpan><styleUrl>#point</styleUrl><Point><altitudeMode>clampToGround</altitudeMode><coordinates>12.00268317013979,46.537468358874321,2439.48</coordinates></Point></Placemark><Placemark><TimeSpan><begin>2026-08-03T08:25:32Z</begin><end>2026-08-03T08:25:42Z</end></TimeSpan><styleUrl>#point</styleUrl><Point><altitudeMode>clampToGround</altitudeMode><coordinates>12.00278433971107,46.537390658631921,2439.48</coordinates></Point></Placemark><Placemark><TimeSpan><begin>2026-08-03T08:25:42Z</begin><end>2026-08-03T08:25:53Z</end></TimeSpan><styleUrl>#point</styleUrl><Point><altitudeMode>clampToGround</altitudeMode><coordinates>12.002880061045289,46.537347575649619,2439.48</coordinates></Point></Placemark><Placemark><TimeSpan><begin>2026-08-03T08:25:53Z</begin><end>2026-08-03T08:26:03Z</end></TimeSpan><styleUrl>#point</styleUrl><Point><altitudeMode>clampToGround</altitudeMode><coordinates>12.002945188432932,46.537316897884011,2439.96</coordinates></Point></Placemark><Placemark><TimeSpan><begin>2026-08-03T08:26:03Z</begin><end>2026-08-03T08:26:14Z</end></TimeSpan><styleUrl>#point</styleUrl><Point><altitudeMode>clampToGround</altitudeMode><coordinates>12.003040155395865,46.537248501554132,2439.96</coordinates></Point></Placemark><Placemark><TimeSpan><begin>2026-08-03T08:26:14Z</begin><end>2026-08-03T08:26:25Z</end></TimeSpan><styleUrl>#point</styleUrl><Point><altitudeMode>clampToGround</altitudeMode><coordinates>12.003149203956127,46.537184044718742,2440.9200000000001</coordinates></Point></Placemark><Placemark><TimeSpan><begin>2026-08-03T08:26:25Z</begin><end>2026-08-03T08:26:38Z</end></TimeSpan><styleUrl>#point</styleUrl><Point><altitudeMode>clampToGround</altitudeMode><coordinates>12.003326565027237,46.537155043333769,2441.4099999999999</coordinates></Point></Placemark><Placemark><TimeSpan><begin>2026-08-03T08:26:38Z</begin><end>2026-08-03T08:26:48Z</end></TimeSpan><styleUrl>#point</styleUrl><Point><altitudeMode>clampToGround</altitudeMode><coordinates>12.003442822024226,46.537103075534105,2441.4099999999999</coordinates></Point></Placemark><Placemark><TimeSpan><begin>2026-08-03T08:26:48Z</begin><end>2026-08-03T08:26:50Z</end></TimeSpan><styleUrl>#point</styleUrl><Point><altitudeMode>clampToGround</altitudeMode><coordinates>12.003464698791504,46.537092765793204,2441.8899999999999</coordinates></Point></Placemark><Placemark><TimeSpan><begin>2026-08-03T08:26:50Z</begin><end>2026-08-03T08:26:52Z</end></TimeSpan><styleUrl>#point</styleUrl><Point><altitudeMode>clampToGround</altitudeMode><coordinates>12.003489509224892,46.537086227908731,2441.8899999999999</coordinates></Point></Placemark><Placemark><TimeSpan><begin>2026-08-03T08:26:52Z</begin><end>2026-08-03T08:27:04Z</end></TimeSpan><styleUrl>#point</styleUrl><Point><altitudeMode>clampToGround</altitudeMode><coordinates>12.003573663532734,46.537043899297714,2442.3699999999999</coordinates></Point></Placemark><Placemark><TimeSpan><begin>2026-08-03T08:27:04Z</begin><end>2026-08-03T08:27:13Z</end></TimeSpan><styleUrl>#point</styleUrl><Point><altitudeMode>clampToGround</altitudeMode><coordinates>12.003576597198844,46.537037445232272,2442.3699999999999</coordinates></Point></Placemark><Placemark><TimeSpan><begin>2026-08-03T08:27:13Z</begin><end>2026-08-03T08:27:23Z</end></TimeSpan><styleUrl>#point</styleUrl><Point><altitudeMode>clampToGround</altitudeMode><coordinates>12.003679862245917,46.53698748908937,2443.3299999999999</coordinates></Point></Placemark><Placemark><TimeSpan><begin>2026-08-03T08:27:23Z</begin><end>2026-08-03T08:27:34Z</end></TimeSpan><styleUrl>#point</styleUrl><Point><altitudeMode>clampToGround</altitudeMode><coordinates>12.003798549994826,46.536931665614247,2444.77</coordinates></Point></Placemark><Placemark><TimeSpan><begin>2026-08-03T08:27:34Z</begin><end>2026-08-03T08:27:45Z</end></TimeSpan><styleUrl>#point</styleUrl><Point><altitudeMode>clampToGround</altitudeMode><coordinates>12.003915645182133,46.536873914301395,2446.21</coordinates></Point></Placemark><Placemark><TimeSpan><begin>2026-08-03T08:27:45Z</begin><end>2026-08-03T08:27:55Z</end></TimeSpan><styleUrl>#point</styleUrl><Point><altitudeMode>clampToGround</altitudeMode><coordinates>12.004036847501993,46.536821527406573,2447.1700000000001</coordinates></Point></Placemark><Placemark><TimeSpan><begin>2026-08-03T08:27:55Z</begin><end>2026-08-03T08:28:09Z</end></TimeSpan><styleUrl>#point</styleUrl><Point><altitudeMode>clampToGround</altitudeMode><coordinates>12.004187637940049,46.536736115813255,2447.1700000000001</coordinates></Point></Placemark><Placemark><TimeSpan><begin>2026-08-03T08:28:09Z</begin><end>2026-08-03T08:28:19Z</end></TimeSpan><styleUrl>#point</styleUrl><Point><altitudeMode>clampToGround</altitudeMode><coordinates>12.004289478063583,46.536703426390886,2448.6199999999999</coordinates></Point></Placemark><Placemark><TimeSpan><begin>2026-08-03T08:28:19Z</begin><end>2026-08-03T08:28:29Z</end></TimeSpan><styleUrl>#point</styleUrl><Point><altitudeMode>clampToGround</altitudeMode><coordinates>12.004386121407151,46.536690685898066,2450.0599999999999</coordinates></Point></Placemark><Placemark><TimeSpan><begin>2026-08-03T08:28:29Z</begin><end>2026-08-03T08:28:38Z</end></TimeSpan><styleUrl>#point</styleUrl><Point><altitudeMode>clampToGround</altitudeMode><coordinates>12.004472622647882,46.53665523044765,2451.02</coordinates></Point></Placemark><Placemark><TimeSpan><begin>2026-08-03T08:28:38Z</begin><end>2026-08-03T08:28:42Z</end></TimeSpan><styleUrl>#point</styleUrl><Point><altitudeMode>clampToGround</altitudeMode><coordinates>12.004518806934357,46.536633269861341,2451.5</coordinates></Point></Placemark><Placemark><TimeSpan><begin>2026-08-03T08:28:42Z</begin><end>2026-08-03T08:28:54Z</end></TimeSpan><styleUrl>#point</styleUrl><Point><altitudeMode>clampToGround</altitudeMode><coordinates>12.004570942372084,46.536546936258674,2452.46</coordinates></Point></Placemark><Placemark><TimeSpan><begin>2026-08-03T08:28:54Z</begin><end>2026-08-03T08:29:14Z</end></TimeSpan><styleUrl>#point</styleUrl><Point><altitudeMode>clampToGround</altitudeMode><coordinates>12.004569098353386,46.536556323990226,2452.9400000000001</coordinates></Point></Placemark><Placemark><TimeSpan><begin>2026-08-03T08:29:14Z</begin><end>2026-08-03T08:29:22Z</end></TimeSpan><styleUrl>#point</styleUrl><Point><altitudeMode>clampToGround</altitudeMode><coordinates>12.004572618752718,46.536515671759844,2452.9400000000001</coordinates></Point></Placemark><Placemark><TimeSpan><begin>2026-08-03T08:29:22Z</begin><end>2026-08-03T08:29:33Z</end></TimeSpan><styleUrl>#point</styleUrl><Point><altitudeMode>clampToGround</altitudeMode><coordinates>12.004612348973751,46.536463452503085,2453.9000000000001</coordinates></Point></Placemark><Placemark><TimeSpan><begin>2026-08-03T08:29:33Z</begin><end>2026-08-03T08:29:38Z</end></TimeSpan><styleUrl>#point</styleUrl><Point><altitudeMode>clampToGround</altitudeMode><coordinates>12.004640093073249,46.536440989002585,2454.3800000000001</coordinates></Point></Placemark><Placemark><TimeSpan><begin>2026-08-03T08:29:38Z</begin><end>2026-08-03T08:29:40Z</end></TimeSpan><styleUrl>#point</styleUrl><Point><altitudeMode>clampToGround</altitudeMode><coordinates>12.004665322601795,46.536432271823287,2454.3800000000001</coordinates></Point></Placemark><Placemark><TimeSpan><begin>2026-08-03T08:29:40Z</begin><end>2026-08-03T08:29:45Z</end></TimeSpan><styleUrl>#point</styleUrl><Point><altitudeMode>clampToGround</altitudeMode><coordinates>12.004730198532343,46.536425733938813,2455.3400000000001</coordinates></Point></Placemark><Placemark><TimeSpan><begin>2026-08-03T08:29:45Z</begin><end>2026-08-03T08:29:47Z</end></TimeSpan><styleUrl>#point</styleUrl><Point><altitudeMode>clampToGround</altitudeMode><coordinates>12.004756601527333,46.536416094750166,2455.3400000000001</coordinates></Point></Placemark><Placemark><TimeSpan><begin>2026-08-03T08:29:47Z</begin><end>2026-08-03T08:29:53Z</end></TimeSpan><styleUrl>#point</styleUrl><Point><altitudeMode>clampToGround</altitudeMode><coordinates>12.004836816340685,46.536395391449332,2455.8200000000002</coordinates></Point></Placemark><Placemark><TimeSpan><begin>2026-08-03T08:29:53Z</begin><end>2026-08-03T08:30:04Z</end></TimeSpan><styleUrl>#point</styleUrl><Point><altitudeMode>clampToGround</altitudeMode><coordinates>12.00495533645153,46.536325654014945,2456.79</coordinates></Point></Placemark><Placemark><TimeSpan><begin>2026-08-03T08:30:04Z</begin><end>2026-08-03T08:30:07Z</end></TimeSpan><styleUrl>#point</styleUrl><Point><altitudeMode>clampToGround</altitudeMode><coordinates>12.004988444969058,46.53630000539124,2456.79</coordinates></Point></Placemark><Placemark><TimeSpan><begin>2026-08-03T08:30:07Z</begin><end>2026-08-03T08:30:11Z</end></TimeSpan><styleUrl>#point</styleUrl><Point><altitudeMode>clampToGround</altitudeMode><coordinates>12.005040915682912,46.53628190048039,2456.79</coordinates></Point></Placemark><Placemark><TimeSpan><begin>2026-08-03T08:30:11Z</begin><end>2026-08-03T08:30:23Z</end></TimeSpan><styleUrl>#point</styleUrl><Point><altitudeMode>clampToGround</altitudeMode><coordinates>12.005189275369048,46.536238733679056,2458.23</coordinates></Point></Placemark><Placemark><TimeSpan><begin>2026-08-03T08:30:23Z</begin><end>2026-08-03T08:30:29Z</end></TimeSpan><styleUrl>#point</styleUrl><Point><altitudeMode>clampToGround</altitudeMode><coordinates>12.005255743861198,46.536203948780894,2459.1900000000001</coordinates></Point></Placemark><Placemark><TimeSpan><begin>2026-08-03T08:30:29Z</begin><end>2026-08-03T08:30:31Z</end></TimeSpan><styleUrl>#point</styleUrl><Point><altitudeMode>clampToGround</altitudeMode><coordinates>12.00528415851295,46.536198919638991,2459.1900000000001</coordinates></Point></Placemark><Placemark><TimeSpan><begin>2026-08-03T08:30:31Z</begin><end>2026-08-03T08:30:45Z</end></TimeSpan><styleUrl>#point</styleUrl><Point><altitudeMode>clampToGround</altitudeMode><coordinates>12.005457160994411,46.536121554672718,2459.6700000000001</coordinates></Point></Placemark><Placemark><TimeSpan><begin>2026-08-03T08:30:45Z</begin><end>2026-08-03T08:30:57Z</end></TimeSpan><styleUrl>#point</styleUrl><Point><altitudeMode>clampToGround</altitudeMode><coordinates>12.005571741610765,46.536061204969883,2461.5900000000001</coordinates></Point></Placemark><Placemark><TimeSpan><begin>2026-08-03T08:30:57Z</begin><end>2026-08-03T08:31:08Z</end></TimeSpan><styleUrl>#point</styleUrl><Point><altitudeMode>clampToGround</altitudeMode><coordinates>12.005668468773365,46.536012338474393,2464</coordinates></Point></Placemark><Placemark><TimeSpan><begin>2026-08-03T08:31:08Z</begin><end>2026-08-03T08:31:18Z</end></TimeSpan><styleUrl>#point</styleUrl><Point><altitudeMode>clampToGround</altitudeMode><coordinates>12.005707193166018,46.535946624353528,2464.96</coordinates></Point></Placemark><Placemark><TimeSpan><begin>2026-08-03T08:31:18Z</begin><end>2026-08-03T08:31:35Z</end></TimeSpan><styleUrl>#point</styleUrl><Point><altitudeMode>clampToGround</altitudeMode><coordinates>12.00569462031126,46.535926591604948,2465.9200000000001</coordinates></Point></Placemark><Placemark><TimeSpan><begin>2026-08-03T08:31:35Z</begin><end>2026-08-03T08:31:46Z</end></TimeSpan><styleUrl>#point</styleUrl><Point><altitudeMode>clampToGround</altitudeMode><coordinates>12.0056804548949,46.535916952416301,2465.9200000000001</coordinates></Point></Placemark><Placemark><TimeSpan><begin>2026-08-03T08:31:46Z</begin><end>2026-08-03T08:31:56Z</end></TimeSpan><styleUrl>#point</styleUrl><Point><altitudeMode>clampToGround</altitudeMode><coordinates>12.005691519007087,46.535930782556534,2465.9200000000001</coordinates></Point></Placemark><Placemark><TimeSpan><begin>2026-08-03T08:31:56Z</begin><end>2026-08-03T08:32:17Z</end></TimeSpan><styleUrl>#point</styleUrl><Point><altitudeMode>clampToGround</altitudeMode><coordinates>12.005701409652829,46.535896668210626,2464.96</coordinates></Point></Placemark><Placemark><TimeSpan><begin>2026-08-03T08:32:17Z</begin><end>2026-08-03T08:32:40Z</end></TimeSpan><styleUrl>#point</styleUrl><Point><altitudeMode>clampToGround</altitudeMode><coordinates>12.005678946152329,46.535874204710126,2464.96</coordinates></Point></Placemark><Placemark><TimeSpan><begin>2026-08-03T08:32:40Z</begin><end>2026-08-03T08:33:09Z</end></TimeSpan><styleUrl>#point</styleUrl><Point><altitudeMode>clampToGround</altitudeMode><coordinates>12.005693530663848,46.535880994051695,2464.48</coordinates></Point></Placemark><Placemark><TimeSpan><begin>2026-08-03T08:33:09Z</begin><end>2026-08-03T08:33:28Z</end></TimeSpan><styleUrl>#point</styleUrl><Point><altitudeMode>clampToGround</altitudeMode><coordinates>12.005676766857505,46.535908905789256,2464.48</coordinates></Point></Placemark><Placemark><TimeSpan><begin>2026-08-03T08:33:28Z</begin><end>2026-08-03T08:33:59Z</end></TimeSpan><styleUrl>#point</styleUrl><Point><altitudeMode>clampToGround</altitudeMode><coordinates>12.005690010264516,46.535892812535167,2464.48</coordinates></Point></Placemark><Placemark><TimeSpan><begin>2026-08-03T08:33:59Z</begin><end>2026-08-03T08:34:16Z</end></TimeSpan><styleUrl>#point</styleUrl><Point><altitudeMode>clampToGround</altitudeMode><coordinates>12.005701828747988,46.535898596048355,2464.48</coordinates></Point></Placemark><Placemark><TimeSpan><begin>2026-08-03T08:34:16Z</begin><end>2026-08-03T08:34:34Z</end></TimeSpan><styleUrl>#point</styleUrl><Point><altitudeMode>clampToGround</altitudeMode><coordinates>12.005690764635801,46.535897422581911,2464.48</coordinates></Point></Placemark><Placemark><TimeSpan><begin>2026-08-03T08:34:34Z</begin><end>2026-08-03T08:35:02Z</end></TimeSpan><styleUrl>#point</styleUrl><Point><altitudeMode>clampToGround</altitudeMode><coordinates>12.005662433803082,46.53589834459126,2464.48</coordinates></Point></Placemark><Placemark><TimeSpan><begin>2026-08-03T08:35:02Z</begin><end>2026-08-03T08:35:21Z</end></TimeSpan><styleUrl>#point</styleUrl><Point><altitudeMode>clampToGround</altitudeMode><coordinates>12.005675928667188,46.535920556634665,2464.48</coordinates></Point></Placemark><Placemark><TimeSpan><begin>2026-08-03T08:35:21Z</begin><end>2026-08-03T08:35:46Z</end></TimeSpan><styleUrl>#point</styleUrl><Point><altitudeMode>clampToGround</altitudeMode><coordinates>12.005682969465852,46.535934051498771,2464.48</coordinates></Point></Placemark><Placemark><TimeSpan><begin>2026-08-03T08:35:46Z</begin><end>2026-08-03T08:35:59Z</end></TimeSpan><styleUrl>#point</styleUrl><Point><altitudeMode>clampToGround</altitudeMode><coordinates>12.005660589784384,46.535936566069722,2466.4000000000001</coordinates></Point></Placemark><Placemark><TimeSpan><begin>2026-08-03T08:35:59Z</begin><end>2026-08-03T08:36:08Z</end></TimeSpan><styleUrl>#point</styleUrl><Point><altitudeMode>clampToGround</altitudeMode><coordinates>12.005689423531294,46.535907229408622,2466.4000000000001</coordinates></Point></Placemark><Placemark><TimeSpan><begin>2026-08-03T08:36:08Z</begin><end>2026-08-03T08:36:18Z</end></TimeSpan><styleUrl>#point</styleUrl><Point><altitudeMode>clampToGround</altitudeMode><coordinates>12.005733009427786,46.535855093970895,2466.8800000000001</coordinates></Point></Placemark><Placemark><TimeSpan><begin>2026-08-03T08:36:18Z</begin><end>2026-08-03T08:36:28Z</end></TimeSpan><styleUrl>#point</styleUrl><Point><altitudeMode>clampToGround</altitudeMode><coordinates>12.005776846781373,46.535783093422651,2467.8400000000001</coordinates></Point></Placemark><Placemark><TimeSpan><begin>2026-08-03T08:36:28Z</begin><end>2026-08-03T08:36:39Z</end></TimeSpan><styleUrl>#point</styleUrl><Point><altitudeMode>clampToGround</altitudeMode><coordinates>12.005812050774693,46.535719307139516,2469.2800000000002</coordinates></Point></Placemark><Placemark><TimeSpan><begin>2026-08-03T08:36:39Z</begin><end>2026-08-03T08:36:50Z</end></TimeSpan><styleUrl>#point</styleUrl><Point><altitudeMode>clampToGround</altitudeMode><coordinates>12.005868880078197,46.535660047084093,2470.2399999999998</coordinates></Point></Placemark><Placemark><TimeSpan><begin>2026-08-03T08:36:50Z</begin><end>2026-08-03T08:37:01Z</end></TimeSpan><styleUrl>#point</styleUrl><Point><altitudeMode>clampToGround</altitudeMode><coordinates>12.005908191204071,46.535568181425333,2470.73</coordinates></Point></Placemark><Placemark><TimeSpan><begin>2026-08-03T08:37:01Z</begin><end>2026-08-03T08:37:11Z</end></TimeSpan><styleUrl>#point</styleUrl><Point><altitudeMode>clampToGround</altitudeMode><coordinates>12.005952531471848,46.535516548901796,2471.6900000000001</coordinates></Point></Placemark><Placemark><TimeSpan><begin>2026-08-03T08:37:11Z</begin><end>2026-08-03T08:37:22Z</end></TimeSpan><styleUrl>#point</styleUrl><Point><altitudeMode>clampToGround</altitudeMode><coordinates>12.00601615011692,46.535463156178594,2473.1300000000001</coordinates></Point></Placemark><Placemark><TimeSpan><begin>2026-08-03T08:37:22Z</begin><end>2026-08-03T08:37:33Z</end></TimeSpan><styleUrl>#point</styleUrl><Point><altitudeMode>clampToGround</altitudeMode><coordinates>12.006070883944631,46.535399034619331,2475.0500000000002</coordinates></Point></Placemark><Placemark><TimeSpan><begin>2026-08-03T08:37:33Z</begin><end>2026-08-03T08:37:43Z</end></TimeSpan><styleUrl>#point</styleUrl><Point><altitudeMode>clampToGround</altitudeMode><coordinates>12.006137436255813,46.535354442894459,2476.0100000000002</coordinates></Point></Placemark><Placemark><TimeSpan><begin>2026-08-03T08:37:43Z</begin><end>2026-08-03T08:37:55Z</end></TimeSpan><styleUrl>#point</styleUrl><Point><altitudeMode>clampToGround</altitudeMode><coordinates>12.006193427368999,46.535342121496797,2476.4899999999998</coordinates></Point></Placemark><Placemark><TimeSpan><begin>2026-08-03T08:37:55Z</begin><end>2026-08-03T08:38:06Z</end></TimeSpan><styleUrl>#point</styleUrl><Point><altitudeMode>clampToGround</altitudeMode><coordinates>12.006274061277509,46.535273976624012,2477.4499999999998</coordinates></Point></Placemark><Placemark><TimeSpan><begin>2026-08-03T08:38:06Z</begin><end>2026-08-03T08:38:17Z</end></TimeSpan><styleUrl>#point</styleUrl><Point><altitudeMode>clampToGround</altitudeMode><coordinates>12.006348911672831,46.535197533667088,2479.3800000000001</coordinates></Point></Placemark><Placemark><TimeSpan><begin>2026-08-03T08:38:17Z</begin><end>2026-08-03T08:38:27Z</end></TimeSpan><styleUrl>#point</styleUrl><Point><altitudeMode>clampToGround</altitudeMode><coordinates>12.006418397650123,46.535133076831698,2480.3400000000001</coordinates></Point></Placemark><Placemark><TimeSpan><begin>2026-08-03T08:38:27Z</begin><end>2026-08-03T08:38:37Z</end></TimeSpan><styleUrl>#point</styleUrl><Point><altitudeMode>clampToGround</altitudeMode><coordinates>12.006498277187347,46.535092424601316,2481.3000000000002</coordinates></Point></Placemark><Placemark><TimeSpan><begin>2026-08-03T08:38:37Z</begin><end>2026-08-03T08:38:50Z</end></TimeSpan><styleUrl>#point</styleUrl><Point><altitudeMode>clampToGround</altitudeMode><coordinates>12.006622161716223,46.5350276324898,2482.2600000000002</coordinates></Point></Placemark><Placemark><TimeSpan><begin>2026-08-03T08:38:50Z</begin><end>2026-08-03T08:39:01Z</end></TimeSpan><styleUrl>#point</styleUrl><Point><altitudeMode>clampToGround</altitudeMode><coordinates>12.006699778139591,46.534979939460754,2483.6999999999998</coordinates></Point></Placemark><Placemark><TimeSpan><begin>2026-08-03T08:39:01Z</begin><end>2026-08-03T08:39:11Z</end></TimeSpan><styleUrl>#point</styleUrl><Point><altitudeMode>clampToGround</altitudeMode><coordinates>12.006795834749937,46.534967618063092,2484.6599999999999</coordinates></Point></Placemark><Placemark><TimeSpan><begin>2026-08-03T08:39:11Z</begin><end>2026-08-03T08:39:20Z</end></TimeSpan><styleUrl>#point</styleUrl><Point><altitudeMode>clampToGround</altitudeMode><coordinates>12.006876217201352,46.534919925034046,2485.6300000000001</coordinates></Point></Placemark><Placemark><TimeSpan><begin>2026-08-03T08:39:20Z</begin><end>2026-08-03T08:39:31Z</end></TimeSpan><styleUrl>#point</styleUrl><Point><altitudeMode>clampToGround</altitudeMode><coordinates>12.006953414529562,46.534869549795985,2487.0700000000002</coordinates></Point></Placemark><Placemark><TimeSpan><begin>2026-08-03T08:39:31Z</begin><end>2026-08-03T08:39:42Z</end></TimeSpan><styleUrl>#point</styleUrl><Point><altitudeMode>clampToGround</altitudeMode><coordinates>12.007042346522212,46.534810960292816,2488.9899999999998</coordinates></Point></Placemark><Placemark><TimeSpan><begin>2026-08-03T08:39:42Z</begin><end>2026-08-03T08:39:51Z</end></TimeSpan><styleUrl>#point</styleUrl><Point><altitudeMode>clampToGround</altitudeMode><coordinates>12.007101941853762,46.534758154302835,2489.9499999999998</coordinates></Point></Placemark><Placemark><TimeSpan><begin>2026-08-03T08:39:51Z</begin><end>2026-08-03T08:40:01Z</end></TimeSpan><styleUrl>#point</styleUrl><Point><altitudeMode>clampToGround</altitudeMode><coordinates>12.007170589640737,46.534694451838732,2490.4299999999998</coordinates></Point></Placemark><Placemark><TimeSpan><begin>2026-08-03T08:40:01Z</begin><end>2026-08-03T08:40:12Z</end></TimeSpan><styleUrl>#point</styleUrl><Point><altitudeMode>clampToGround</altitudeMode><coordinates>12.007230101153255,46.534615494310856,2491.3899999999999</coordinates></Point></Placemark><Placemark><TimeSpan><begin>2026-08-03T08:40:12Z</begin><end>2026-08-03T08:40:22Z</end></TimeSpan><styleUrl>#point</styleUrl><Point><altitudeMode>clampToGround</altitudeMode><coordinates>12.007305538281798,46.534547433257103,2492.3600000000001</coordinates></Point></Placemark><Placemark><TimeSpan><begin>2026-08-03T08:40:22Z</begin><end>2026-08-03T08:40:33Z</end></TimeSpan><styleUrl>#point</styleUrl><Point><altitudeMode>clampToGround</altitudeMode><coordinates>12.007372844964266,46.53449303470552,2494.7600000000002</coordinates></Point></Placemark><Placemark><TimeSpan><begin>2026-08-03T08:40:33Z</begin><end>2026-08-03T08:40:44Z</end></TimeSpan><styleUrl>#point</styleUrl><Point><altitudeMode>clampToGround</altitudeMode><coordinates>12.007405031472445,46.534446096047759,2496.1999999999998</coordinates></Point></Placemark><Placemark><TimeSpan><begin>2026-08-03T08:40:44Z</begin><end>2026-08-03T08:40:55Z</end></TimeSpan><styleUrl>#point</styleUrl><Point><altitudeMode>clampToGround</altitudeMode><coordinates>12.007478289306164,46.534408126026392,2497.1599999999999</coordinates></Point></Placemark><Placemark><TimeSpan><begin>2026-08-03T08:40:55Z</begin><end>2026-08-03T08:41:05Z</end></TimeSpan><styleUrl>#point</styleUrl><Point><altitudeMode>clampToGround</altitudeMode><coordinates>12.007583063095808,46.534388931468129,2497.6399999999999</coordinates></Point></Placemark><Placemark><TimeSpan><begin>2026-08-03T08:41:05Z</begin><end>2026-08-03T08:41:14Z</end></TimeSpan><styleUrl>#point</styleUrl><Point><altitudeMode>clampToGround</altitudeMode><coordinates>12.007682304829359,46.534375101327896,2498.5999999999999</coordinates></Point></Placemark><Placemark><TimeSpan><begin>2026-08-03T08:41:14Z</begin><end>2026-08-03T08:41:24Z</end></TimeSpan><styleUrl>#point</styleUrl><Point><altitudeMode>clampToGround</altitudeMode><coordinates>12.007740223780274,46.534330006688833,2500.0500000000002</coordinates></Point></Placemark><Placemark><TimeSpan><begin>2026-08-03T08:41:24Z</begin><end>2026-08-03T08:41:36Z</end></TimeSpan><styleUrl>#point</styleUrl><Point><altitudeMode>clampToGround</altitudeMode><coordinates>12.007786827161908,46.534296730533242,2501.4899999999998</coordinates></Point></Placemark><Placemark><TimeSpan><begin>2026-08-03T08:41:36Z</begin><end>2026-08-03T08:41:50Z</end></TimeSpan><styleUrl>#point</styleUrl><Point><altitudeMode>clampToGround</altitudeMode><coordinates>12.007798897102475,46.534301256760955,2501.9699999999998</coordinates></Point></Placemark><Placemark><TimeSpan><begin>2026-08-03T08:41:50Z</begin><end>2026-08-03T08:42:11Z</end></TimeSpan><styleUrl>#point</styleUrl><Point><altitudeMode>clampToGround</altitudeMode><coordinates>12.007811553776264,46.534287761896849,2501.9699999999998</coordinates></Point></Placemark><Placemark><TimeSpan><begin>2026-08-03T08:42:11Z</begin><end>2026-08-03T08:42:22Z</end></TimeSpan><styleUrl>#point</styleUrl><Point><altitudeMode>clampToGround</altitudeMode><coordinates>12.007892690598965,46.534234620630741,2502.4499999999998</coordinates></Point></Placemark><Placemark><TimeSpan><begin>2026-08-03T08:42:22Z</begin><end>2026-08-03T08:42:34Z</end></TimeSpan><styleUrl>#point</styleUrl><Point><altitudeMode>clampToGround</altitudeMode><coordinates>12.007955638691783,46.534149125218391,2504.3699999999999</coordinates></Point></Placemark><Placemark><TimeSpan><begin>2026-08-03T08:42:34Z</begin><end>2026-08-03T08:42:45Z</end></TimeSpan><styleUrl>#point</styleUrl><Point><altitudeMode>clampToGround</altitudeMode><coordinates>12.008030992001295,46.534107718616724,2505.8099999999999</coordinates></Point></Placemark><Placemark><TimeSpan><begin>2026-08-03T08:42:45Z</begin><end>2026-08-03T08:42:56Z</end></TimeSpan><styleUrl>#point</styleUrl><Point><altitudeMode>clampToGround</altitudeMode><coordinates>12.008115230128169,46.534079471603036,2507.2600000000002</coordinates></Point></Placemark><Placemark><TimeSpan><begin>2026-08-03T08:42:56Z</begin><end>2026-08-03T08:43:08Z</end></TimeSpan><styleUrl>#point</styleUrl><Point><altitudeMode>clampToGround</altitudeMode><coordinates>12.008104166015983,46.533996490761638,2509.1799999999998</coordinates></Point></Placemark><Placemark><TimeSpan><begin>2026-08-03T08:43:08Z</begin><end>2026-08-03T08:43:20Z</end></TimeSpan><styleUrl>#point</styleUrl><Point><altitudeMode>clampToGround</altitudeMode><coordinates>12.008185805752873,46.533968076109886,2510.6199999999999</coordinates></Point></Placemark><Placemark><TimeSpan><begin>2026-08-03T08:43:20Z</begin><end>2026-08-03T08:43:30Z</end></TimeSpan><styleUrl>#point</styleUrl><Point><altitudeMode>clampToGround</altitudeMode><coordinates>12.008192930370569,46.533903870731592,2513.02</coordinates></Point></Placemark><Placemark><TimeSpan><begin>2026-08-03T08:43:30Z</begin><end>2026-08-03T08:43:41Z</end></TimeSpan><styleUrl>#point</styleUrl><Point><altitudeMode>clampToGround</altitudeMode><coordinates>12.008206257596612,46.533857015892863,2514.4699999999998</coordinates></Point></Placemark><Placemark><TimeSpan><begin>2026-08-03T08:43:41Z</begin><end>2026-08-03T08:43:50Z</end></TimeSpan><styleUrl>#point</styleUrl><Point><altitudeMode>clampToGround</altitudeMode><coordinates>12.008261745795608,46.533825499936938,2514.9499999999998</coordinates></Point></Placemark><Placemark><TimeSpan><begin>2026-08-03T08:43:50Z</begin><end>2026-08-03T08:44:01Z</end></TimeSpan><styleUrl>#point</styleUrl><Point><altitudeMode>clampToGround</altitudeMode><coordinates>12.008316228166223,46.533773532137275,2516.3899999999999</coordinates></Point></Placemark><Placemark><TimeSpan><begin>2026-08-03T08:44:01Z</begin><end>2026-08-03T08:44:11Z</end></TimeSpan><styleUrl>#point</styleUrl><Point><altitudeMode>clampToGround</altitudeMode><coordinates>12.008421504870057,46.533771604299545,2517.3499999999999</coordinates></Point></Placemark><Placemark><TimeSpan><begin>2026-08-03T08:44:11Z</begin><end>2026-08-03T08:44:22Z</end></TimeSpan><styleUrl>#point</styleUrl><Point><altitudeMode>clampToGround</altitudeMode><coordinates>12.00850130058825,46.533721648156643,2518.79</coordinates></Point></Placemark><Placemark><TimeSpan><begin>2026-08-03T08:44:22Z</begin><end>2026-08-03T08:44:33Z</end></TimeSpan><styleUrl>#point</styleUrl><Point><altitudeMode>clampToGround</altitudeMode><coordinates>12.00849736109376,46.533681834116578,2520.71</coordinates></Point></Placemark><Placemark><TimeSpan><begin>2026-08-03T08:44:33Z</begin><end>2026-08-03T08:44:44Z</end></TimeSpan><styleUrl>#point</styleUrl><Point><altitudeMode>clampToGround</altitudeMode><coordinates>12.008538851514459,46.53366582468152,2521.1900000000001</coordinates></Point></Placemark><Placemark><TimeSpan><begin>2026-08-03T08:44:44Z</begin><end>2026-08-03T08:45:04Z</end></TimeSpan><styleUrl>#point</styleUrl><Point><altitudeMode>clampToGround</altitudeMode><coordinates>12.008537845686078,46.533664483577013,2521.1900000000001</coordinates></Point></Placemark><Placemark><TimeSpan><begin>2026-08-03T08:45:04Z</begin><end>2026-08-03T08:45:27Z</end></TimeSpan><styleUrl>#point</styleUrl><Point><altitudeMode>clampToGround</altitudeMode><coordinates>12.00852669775486,46.533668842166662,2521.1900000000001</coordinates></Point></Placemark><Placemark><TimeSpan><begin>2026-08-03T08:45:27Z</begin><end>2026-08-03T08:45:53Z</end></TimeSpan><styleUrl>#point</styleUrl><Point><altitudeMode>clampToGround</altitudeMode><coordinates>12.00853792950511,46.533687533810735,2521.1900000000001</coordinates></Point></Placemark><Placemark><TimeSpan><begin>2026-08-03T08:45:53Z</begin><end>2026-08-03T08:46:15Z</end></TimeSpan><styleUrl>#point</styleUrl><Point><altitudeMode>clampToGround</altitudeMode><coordinates>12.008547484874725,46.533675799146295,2521.6799999999998</coordinates></Point></Placemark><Placemark><TimeSpan><begin>2026-08-03T08:46:15Z</begin><end>2026-08-03T08:46:40Z</end></TimeSpan><styleUrl>#point</styleUrl><Point><altitudeMode>clampToGround</altitudeMode><coordinates>12.008526613935828,46.533682085573673,2521.6799999999998</coordinates></Point></Placemark><Placemark><TimeSpan><begin>2026-08-03T08:46:40Z</begin><end>2026-08-03T08:46:51Z</end></TimeSpan><styleUrl>#point</styleUrl><Point><altitudeMode>clampToGround</altitudeMode><coordinates>12.008514460176229,46.533712092787027,2521.6799999999998</coordinates></Point></Placemark><Placemark><TimeSpan><begin>2026-08-03T08:46:51Z</begin><end>2026-08-03T08:47:04Z</end></TimeSpan><styleUrl>#point</styleUrl><Point><altitudeMode>clampToGround</altitudeMode><coordinates>12.008514879271388,46.533730532974005,2521.6799999999998</coordinates></Point></Placemark><Placemark><TimeSpan><begin>2026-08-03T08:47:04Z</begin><end>2026-08-03T08:47:29Z</end></TimeSpan><styleUrl>#point</styleUrl><Point><altitudeMode>clampToGround</altitudeMode><coordinates>12.008501887321472,46.533748721703887,2521.6799999999998</coordinates></Point></Placemark><Placemark><TimeSpan><begin>2026-08-03T08:47:29Z</begin><end>2026-08-03T08:47:47Z</end></TimeSpan><styleUrl>#point</styleUrl><Point><altitudeMode>clampToGround</altitudeMode><coordinates>12.008524602279067,46.533749140799046,2522.1599999999999</coordinates></Point></Placemark><Placemark><TimeSpan><begin>2026-08-03T08:47:47Z</begin><end>2026-08-03T08:47:58Z</end></TimeSpan><styleUrl>#point</styleUrl><Point><altitudeMode>clampToGround</altitudeMode><coordinates>12.008505994454026,46.533749224618077,2522.1599999999999</coordinates></Point></Placemark><Placemark><TimeSpan><begin>2026-08-03T08:47:58Z</begin><end>2026-08-03T08:48:17Z</end></TimeSpan><styleUrl>#point</styleUrl><Point><altitudeMode>clampToGround</altitudeMode><coordinates>12.00850666500628,46.533741010352969,2522.1599999999999</coordinates></Point></Placemark><Placemark><TimeSpan><begin>2026-08-03T08:48:17Z</begin><end>2026-08-03T08:48:40Z</end></TimeSpan><styleUrl>#point</styleUrl><Point><altitudeMode>clampToGround</altitudeMode><coordinates>12.008525524288416,46.533727264031768,2522.1599999999999</coordinates></Point></Placemark><Placemark><TimeSpan><begin>2026-08-03T08:48:40Z</begin><end>2026-08-03T08:49:10Z</end></TimeSpan><styleUrl>#point</styleUrl><Point><altitudeMode>clampToGround</altitudeMode><coordinates>12.008514208719134,46.533721145242453,2522.6399999999999</coordinates></Point></Placemark><Placemark><TimeSpan><begin>2026-08-03T08:49:10Z</begin><end>2026-08-03T08:49:38Z</end></TimeSpan><styleUrl>#point</styleUrl><Point><altitudeMode>clampToGround</altitudeMode><coordinates>12.008506245911121,46.533753331750631,2522.6399999999999</coordinates></Point></Placemark><Placemark><TimeSpan><begin>2026-08-03T08:49:38Z</begin><end>2026-08-03T08:50:17Z</end></TimeSpan><styleUrl>#point</styleUrl><Point><altitudeMode>clampToGround</altitudeMode><coordinates>12.008517980575562,46.533752158284187,2522.6399999999999</coordinates></Point></Placemark><Placemark><TimeSpan><begin>2026-08-03T08:50:17Z</begin><end>2026-08-03T08:50:38Z</end></TimeSpan><styleUrl>#point</styleUrl><Point><altitudeMode>clampToGround</altitudeMode><coordinates>12.008528541773558,46.533755678683519,2523.1199999999999</coordinates></Point></Placemark><Placemark><TimeSpan><begin>2026-08-03T08:50:38Z</begin><end>2026-08-03T08:50:51Z</end></TimeSpan><styleUrl>#point</styleUrl><Point><altitudeMode>clampToGround</altitudeMode><coordinates>12.008541114628315,46.533758109435439,2523.1199999999999</coordinates></Point></Placemark><Placemark><TimeSpan><begin>2026-08-03T08:50:51Z</begin><end>2026-08-03T08:51:10Z</end></TimeSpan><styleUrl>#point</styleUrl><Point><altitudeMode>clampToGround</altitudeMode><coordinates>12.008572965860367,46.533713433891535,2523.1199999999999</coordinates></Point></Placemark><Placemark><TimeSpan><begin>2026-08-03T08:51:10Z</begin><end>2026-08-03T08:51:36Z</end></TimeSpan><styleUrl>#point</styleUrl><Point><altitudeMode>clampToGround</altitudeMode><coordinates>12.008543880656362,46.533691138029099,2522.1599999999999</coordinates></Point></Placemark><Placemark><TimeSpan><begin>2026-08-03T08:51:36Z</begin><end>2026-08-03T08:51:59Z</end></TimeSpan><styleUrl>#point</styleUrl><Point><altitudeMode>clampToGround</altitudeMode><coordinates>12.00853549875319,46.533693820238113,2522.1599999999999</coordinates></Point></Placemark><Placemark><TimeSpan><begin>2026-08-03T08:51:59Z</begin><end>2026-08-03T08:52:14Z</end></TimeSpan><styleUrl>#point</styleUrl><Point><altitudeMode>clampToGround</altitudeMode><coordinates>12.008505323901772,46.533715613186359,2522.1599999999999</coordinates></Point></Placemark><Placemark><TimeSpan><begin>2026-08-03T08:52:14Z</begin><end>2026-08-03T08:52:24Z</end></TimeSpan><styleUrl>#point</styleUrl><Point><altitudeMode>clampToGround</altitudeMode><coordinates>12.008490152657032,46.533695412799716,2523.5999999999999</coordinates></Point></Placemark><Placemark><TimeSpan><begin>2026-08-03T08:52:24Z</begin><end>2026-08-03T08:52:25Z</end></TimeSpan><styleUrl>#point</styleUrl><Point><altitudeMode>clampToGround</altitudeMode><coordinates>12.008490487933159,46.533691557124257,2523.5999999999999</coordinates></Point></Placemark><Placemark><TimeSpan><begin>2026-08-03T08:52:25Z</begin><end>2026-08-03T08:52:36Z</end></TimeSpan><styleUrl>#point</styleUrl><Point><altitudeMode>clampToGround</altitudeMode><coordinates>12.008586963638663,46.533628860488534,2524.5599999999999</coordinates></Point></Placemark><Placemark><TimeSpan><begin>2026-08-03T08:52:36Z</begin><end>2026-08-03T08:52:46Z</end></TimeSpan><styleUrl>#point</styleUrl><Point><altitudeMode>clampToGround</altitudeMode><coordinates>12.008677236735821,46.533574210479856,2525.52</coordinates></Point></Placemark><Placemark><TimeSpan><begin>2026-08-03T08:52:46Z</begin><end>2026-08-03T08:52:56Z</end></TimeSpan><styleUrl>#point</styleUrl><Point><altitudeMode>clampToGround</altitudeMode><coordinates>12.008780250325799,46.533547723665833,2526.96</coordinates></Point></Placemark><Placemark><TimeSpan><begin>2026-08-03T08:52:56Z</begin><end>2026-08-03T08:53:08Z</end></TimeSpan><styleUrl>#point</styleUrl><Point><altitudeMode>clampToGround</altitudeMode><coordinates>12.008895250037313,46.533520398661494,2527.9200000000001</coordinates></Point></Placemark><Placemark><TimeSpan><begin>2026-08-03T08:53:08Z</begin><end>2026-08-03T08:53:18Z</end></TimeSpan><styleUrl>#point</styleUrl><Point><altitudeMode>clampToGround</altitudeMode><coordinates>12.008983427658677,46.533507239073515,2528.4000000000001</coordinates></Point></Placemark><Placemark><TimeSpan><begin>2026-08-03T08:53:18Z</begin><end>2026-08-03T08:53:28Z</end></TimeSpan><styleUrl>#point</styleUrl><Point><altitudeMode>clampToGround</altitudeMode><coordinates>12.009064983576536,46.53346499428153,2529.8499999999999</coordinates></Point></Placemark><Placemark><TimeSpan><begin>2026-08-03T08:53:28Z</begin><end>2026-08-03T08:53:38Z</end></TimeSpan><styleUrl>#point</styleUrl><Point><altitudeMode>clampToGround</altitudeMode><coordinates>12.009135643020272,46.533436747267842,2531.29</coordinates></Point></Placemark><Placemark><TimeSpan><begin>2026-08-03T08:53:38Z</begin><end>2026-08-03T08:53:49Z</end></TimeSpan><styleUrl>#point</styleUrl><Point><altitudeMode>clampToGround</altitudeMode><coordinates>12.009176379069686,46.533384947106242,2532.73</coordinates></Point></Placemark><Placemark><TimeSpan><begin>2026-08-03T08:53:49Z</begin><end>2026-08-03T08:53:57Z</end></TimeSpan><styleUrl>#point</styleUrl><Point><altitudeMode>clampToGround</altitudeMode><coordinates>12.009189119562507,46.533339768648148,2533.21</coordinates></Point></Placemark><Placemark><TimeSpan><begin>2026-08-03T08:53:57Z</begin><end>2026-08-03T08:54:06Z</end></TimeSpan><styleUrl>#point</styleUrl><Point><altitudeMode>clampToGround</altitudeMode><coordinates>12.009200602769852,46.533296350389719,2533.6900000000001</coordinates></Point></Placemark><Placemark><TimeSpan><begin>2026-08-03T08:54:06Z</begin><end>2026-08-03T08:54:15Z</end></TimeSpan><styleUrl>#point</styleUrl><Point><altitudeMode>clampToGround</altitudeMode><coordinates>12.009275117889047,46.533278245478868,2533.6900000000001</coordinates></Point></Placemark><Placemark><TimeSpan><begin>2026-08-03T08:54:15Z</begin><end>2026-08-03T08:54:29Z</end></TimeSpan><styleUrl>#point</styleUrl><Point><altitudeMode>clampToGround</altitudeMode><coordinates>12.009426997974515,46.533203478902578,2534.1700000000001</coordinates></Point></Placemark><Placemark><TimeSpan><begin>2026-08-03T08:54:29Z</begin><end>2026-08-03T08:54:40Z</end></TimeSpan><styleUrl>#point</styleUrl><Point><altitudeMode>clampToGround</altitudeMode><coordinates>12.009554738178849,46.533167771995068,2534.6500000000001</coordinates></Point></Placemark><Placemark><TimeSpan><begin>2026-08-03T08:54:40Z</begin><end>2026-08-03T08:54:50Z</end></TimeSpan><styleUrl>#point</styleUrl><Point><altitudeMode>clampToGround</altitudeMode><coordinates>12.009645011276007,46.533170370385051,2536.0999999999999</coordinates></Point></Placemark><Placemark><TimeSpan><begin>2026-08-03T08:54:50Z</begin><end>2026-08-03T08:54:51Z</end></TimeSpan><styleUrl>#point</styleUrl><Point><altitudeMode>clampToGround</altitudeMode><coordinates>12.009646436199546,46.533176908269525,2536.0999999999999</coordinates></Point></Placemark><Placemark><TimeSpan><begin>2026-08-03T08:54:51Z</begin><end>2026-08-03T08:55:02Z</end></TimeSpan><styleUrl>#point</styleUrl><Point><altitudeMode>clampToGround</altitudeMode><coordinates>12.009675521403551,46.533249830827117,2537.54</coordinates></Point></Placemark><Placemark><TimeSpan><begin>2026-08-03T08:55:02Z</begin><end>2026-08-03T08:55:14Z</end></TimeSpan><styleUrl>#point</styleUrl><Point><altitudeMode>clampToGround</altitudeMode><coordinates>12.009764621034265,46.533319232985377,2538.02</coordinates></Point></Placemark><Placemark><TimeSpan><begin>2026-08-03T08:55:14Z</begin><end>2026-08-03T08:55:19Z</end></TimeSpan><styleUrl>#point</styleUrl><Point><altitudeMode>clampToGround</altitudeMode><coordinates>12.009799741208553,46.533347479999065,2538.02</coordinates></Point></Placemark><Placemark><TimeSpan><begin>2026-08-03T08:55:19Z</begin><end>2026-08-03T08:55:24Z</end></TimeSpan><styleUrl>#point</styleUrl><Point><altitudeMode>clampToGround</altitudeMode><coordinates>12.009819690138102,46.533394670113921,2536.5799999999999</coordinates></Point></Placemark><Placemark><TimeSpan><begin>2026-08-03T08:55:24Z</begin><end>2026-08-03T08:55:35Z</end></TimeSpan><styleUrl>#point</styleUrl><Point><altitudeMode>clampToGround</altitudeMode><coordinates>12.009904514998198,46.53348159044981,2536.5799999999999</coordinates></Point></Placemark><Placemark><TimeSpan><begin>2026-08-03T08:55:35Z</begin><end>2026-08-03T08:55:46Z</end></TimeSpan><styleUrl>#point</styleUrl><Point><altitudeMode>clampToGround</altitudeMode><coordinates>12.010063687339425,46.533511010929942,2536.5799999999999</coordinates></Point></Placemark><Placemark><TimeSpan><begin>2026-08-03T08:55:46Z</begin><end>2026-08-03T08:55:51Z</end></TimeSpan><styleUrl>#point</styleUrl><Point><altitudeMode>clampToGround</altitudeMode><coordinates>12.01013283804059,46.533522829413414,2536.5799999999999</coordinates></Point></Placemark><Placemark><TimeSpan><begin>2026-08-03T08:55:51Z</begin><end>2026-08-03T08:56:04Z</end></TimeSpan><styleUrl>#point</styleUrl><Point><altitudeMode>clampToGround</altitudeMode><coordinates>12.010296788066626,46.53344638645649,2536.5799999999999</coordinates></Point></Placemark><Placemark><TimeSpan><begin>2026-08-03T08:56:04Z</begin><end>2026-08-03T08:56:06Z</end></TimeSpan><styleUrl>#point</styleUrl><Point><altitudeMode>clampToGround</altitudeMode><coordinates>12.010315982624888,46.533434651792049,2536.5799999999999</coordinates></Point></Placemark><Placemark><TimeSpan><begin>2026-08-03T08:56:06Z</begin><end>2026-08-03T08:56:08Z</end></TimeSpan><styleUrl>#point</styleUrl><Point><altitudeMode>clampToGround</altitudeMode><coordinates>12.010325873270631,46.533416714519262,2538.02</coordinates></Point></Placemark><Placemark><TimeSpan><begin>2026-08-03T08:56:08Z</begin><end>2026-08-03T08:56:19Z</end></TimeSpan><styleUrl>#point</styleUrl><Point><altitudeMode>clampToGround</altitudeMode><coordinates>12.010399717837572,46.533339852467179,2538.98</coordinates></Point></Placemark><Placemark><TimeSpan><begin>2026-08-03T08:56:19Z</begin><end>2026-08-03T08:56:30Z</end></TimeSpan><styleUrl>#point</styleUrl><Point><altitudeMode>clampToGround</altitudeMode><coordinates>12.010469119995832,46.533241532742977,2539.46</coordinates></Point></Placemark><Placemark><TimeSpan><begin>2026-08-03T08:56:30Z</begin><end>2026-08-03T08:56:35Z</end></TimeSpan><styleUrl>#point</styleUrl><Point><altitudeMode>clampToGround</altitudeMode><coordinates>12.010501641780138,46.533196354284883,2538.02</coordinates></Point></Placemark><Placemark><TimeSpan><begin>2026-08-03T08:56:35Z</begin><end>2026-08-03T08:56:45Z</end></TimeSpan><styleUrl>#point</styleUrl><Point><altitudeMode>clampToGround</altitudeMode><coordinates>12.010528212413192,46.533112032338977,2538.02</coordinates></Point></Placemark><Placemark><TimeSpan><begin>2026-08-03T08:56:45Z</begin><end>2026-08-03T08:56:47Z</end></TimeSpan><styleUrl>#point</styleUrl><Point><altitudeMode>clampToGround</altitudeMode><coordinates>12.010532906278968,46.533090742304921,2538.02</coordinates></Point></Placemark><Placemark><TimeSpan><begin>2026-08-03T08:56:47Z</begin><end>2026-08-03T08:57:00Z</end></TimeSpan><styleUrl>#point</styleUrl><Point><altitudeMode>clampToGround</altitudeMode><coordinates>12.010519914329052,46.532962415367365,2537.54</coordinates></Point></Placemark><Placemark><TimeSpan><begin>2026-08-03T08:57:00Z</begin><end>2026-08-03T08:57:12Z</end></TimeSpan><styleUrl>#point</styleUrl><Point><altitudeMode>clampToGround</altitudeMode><coordinates>12.010554196313024,46.532860575243831,2537.0599999999999</coordinates></Point></Placemark><Placemark><TimeSpan><begin>2026-08-03T08:57:12Z</begin><end>2026-08-03T08:57:23Z</end></TimeSpan><styleUrl>#point</styleUrl><Point><altitudeMode>clampToGround</altitudeMode><coordinates>12.010569032281637,46.53277357108891,2537.0599999999999</coordinates></Point></Placemark><Placemark><TimeSpan><begin>2026-08-03T08:57:23Z</begin><end>2026-08-03T08:57:34Z</end></TimeSpan><styleUrl>#point</styleUrl><Point><altitudeMode>clampToGround</altitudeMode><coordinates>12.010610271245241,46.532694194465876,2536.0999999999999</coordinates></Point></Placemark><Placemark><TimeSpan><begin>2026-08-03T08:57:34Z</begin><end>2026-08-03T08:57:45Z</end></TimeSpan><styleUrl>#point</styleUrl><Point><altitudeMode>clampToGround</altitudeMode><coordinates>12.010649079456925,46.532588331028819,2534.6500000000001</coordinates></Point></Placemark><Placemark><TimeSpan><begin>2026-08-03T08:57:45Z</begin><end>2026-08-03T08:57:55Z</end></TimeSpan><styleUrl>#point</styleUrl><Point><altitudeMode>clampToGround</altitudeMode><coordinates>12.010708758607507,46.53254147619009,2534.6500000000001</coordinates></Point></Placemark><Placemark><TimeSpan><begin>2026-08-03T08:57:55Z</begin><end>2026-08-03T08:58:08Z</end></TimeSpan><styleUrl>#point</styleUrl><Point><altitudeMode>clampToGround</altitudeMode><coordinates>12.010719068348408,46.532528232783079,2534.6500000000001</coordinates></Point></Placemark><Placemark><TimeSpan><begin>2026-08-03T08:58:08Z</begin><end>2026-08-03T08:58:28Z</end></TimeSpan><styleUrl>#point</styleUrl><Point><altitudeMode>clampToGround</altitudeMode><coordinates>12.010676572099328,46.532545248046517,2534.1700000000001</coordinates></Point></Placemark><Placemark><TimeSpan><begin>2026-08-03T08:58:28Z</begin><end>2026-08-03T08:58:36Z</end></TimeSpan><styleUrl>#point</styleUrl><Point><altitudeMode>clampToGround</altitudeMode><coordinates>12.010682942345738,46.532535022124648,2534.1700000000001</coordinates></Point></Placemark><Placemark><TimeSpan><begin>2026-08-03T08:58:36Z</begin><end>2026-08-03T08:58:45Z</end></TimeSpan><styleUrl>#point</styleUrl><Point><altitudeMode>clampToGround</altitudeMode><coordinates>12.01067958958447,46.532470230013132,2533.6900000000001</coordinates></Point></Placemark><Placemark><TimeSpan><begin>2026-08-03T08:58:45Z</begin><end>2026-08-03T08:58:57Z</end></TimeSpan><styleUrl>#point</styleUrl><Point><altitudeMode>clampToGround</altitudeMode><coordinates>12.010636925697327,46.532392781227827,2533.6900000000001</coordinates></Point></Placemark><Placemark><TimeSpan><begin>2026-08-03T08:58:57Z</begin><end>2026-08-03T08:59:06Z</end></TimeSpan><styleUrl>#point</styleUrl><Point><altitudeMode>clampToGround</altitudeMode><coordinates>12.010600632056594,46.532332599163055,2533.6900000000001</coordinates></Point></Placemark><Placemark><TimeSpan><begin>2026-08-03T08:59:06Z</begin><end>2026-08-03T08:59:16Z</end></TimeSpan><styleUrl>#point</styleUrl><Point><altitudeMode>clampToGround</altitudeMode><coordinates>12.01063415966928,46.532256156206131,2532.73</coordinates></Point></Placemark><Placemark><TimeSpan><begin>2026-08-03T08:59:16Z</begin><end>2026-08-03T08:59:21Z</end></TimeSpan><styleUrl>#point</styleUrl><Point><altitudeMode>clampToGround</altitudeMode><coordinates>12.010634746402502,46.532227909192443,2531.77</coordinates></Point></Placemark><Placemark><TimeSpan><begin>2026-08-03T08:59:21Z</begin><end>2026-08-03T08:59:32Z</end></TimeSpan><styleUrl>#point</styleUrl><Point><altitudeMode>clampToGround</altitudeMode><coordinates>12.01064539141953,46.532167140394449,2530.8099999999999</coordinates></Point></Placemark><Placemark><TimeSpan><begin>2026-08-03T08:59:32Z</begin><end>2026-08-03T08:59:42Z</end></TimeSpan><styleUrl>#point</styleUrl><Point><altitudeMode>clampToGround</altitudeMode><coordinates>12.010687049478292,46.53209731914103,2530.8099999999999</coordinates></Point></Placemark><Placemark><TimeSpan><begin>2026-08-03T08:59:42Z</begin><end>2026-08-03T08:59:49Z</end></TimeSpan><styleUrl>#point</styleUrl><Point><altitudeMode>clampToGround</altitudeMode><coordinates>12.01070062816143,46.532031772658229,2530.3299999999999</coordinates></Point></Placemark><Placemark><TimeSpan><begin>2026-08-03T08:59:49Z</begin><end>2026-08-03T08:59:51Z</end></TimeSpan><styleUrl>#point</styleUrl><Point><altitudeMode>clampToGround</altitudeMode><coordinates>12.010704316198826,46.532012913376093,2531.29</coordinates></Point></Placemark><Placemark><TimeSpan><begin>2026-08-03T08:59:51Z</begin><end>2026-08-03T09:00:02Z</end></TimeSpan><styleUrl>#point</styleUrl><Point><altitudeMode>clampToGround</altitudeMode><coordinates>12.010757541283965,46.531932195648551,2533.21</coordinates></Point></Placemark><Placemark><TimeSpan><begin>2026-08-03T09:00:02Z</begin><end>2026-08-03T09:00:11Z</end></TimeSpan><styleUrl>#point</styleUrl><Point><altitudeMode>clampToGround</altitudeMode><coordinates>12.010775981470942,46.531866565346718,2534.1700000000001</coordinates></Point></Placemark><Placemark><TimeSpan><begin>2026-08-03T09:00:11Z</begin><end>2026-08-03T09:00:13Z</end></TimeSpan><styleUrl>#point</styleUrl><Point><altitudeMode>clampToGround</altitudeMode><coordinates>12.01075972057879,46.531855082139373,2535.1300000000001</coordinates></Point></Placemark><Placemark><TimeSpan><begin>2026-08-03T09:00:13Z</begin><end>2026-08-03T09:00:24Z</end></TimeSpan><styleUrl>#point</styleUrl><Point><altitudeMode>clampToGround</altitudeMode><coordinates>12.010692413896322,46.531802611425519,2536.0999999999999</coordinates></Point></Placemark><Placemark><TimeSpan><begin>2026-08-03T09:00:24Z</begin><end>2026-08-03T09:00:34Z</end></TimeSpan><styleUrl>#point</styleUrl><Point><altitudeMode>clampToGround</altitudeMode><coordinates>12.010673470795155,46.531749051064253,2538.02</coordinates></Point></Placemark><Placemark><TimeSpan><begin>2026-08-03T09:00:34Z</begin><end>2026-08-03T09:00:44Z</end></TimeSpan><styleUrl>#point</styleUrl><Point><altitudeMode>clampToGround</altitudeMode><coordinates>12.010631058365107,46.531693479046226,2537.54</coordinates></Point></Placemark><Placemark><TimeSpan><begin>2026-08-03T09:00:44Z</begin><end>2026-08-03T09:00:53Z</end></TimeSpan><styleUrl>#point</styleUrl><Point><altitudeMode>clampToGround</altitudeMode><coordinates>12.010609433054924,46.531649474054575,2538.5</coordinates></Point></Placemark><Placemark><TimeSpan><begin>2026-08-03T09:00:53Z</begin><end>2026-08-03T09:01:02Z</end></TimeSpan><styleUrl>#point</styleUrl><Point><altitudeMode>clampToGround</altitudeMode><coordinates>12.010630974546075,46.531619634479284,2540.4200000000001</coordinates></Point></Placemark><Placemark><TimeSpan><begin>2026-08-03T09:01:02Z</begin><end>2026-08-03T09:01:14Z</end></TimeSpan><styleUrl>#point</styleUrl><Point><altitudeMode>clampToGround</altitudeMode><coordinates>12.010628962889314,46.531564649194479,2540.9000000000001</coordinates></Point></Placemark><Placemark><TimeSpan><begin>2026-08-03T09:01:14Z</begin><end>2026-08-03T09:01:24Z</end></TimeSpan><styleUrl>#point</styleUrl><Point><altitudeMode>clampToGround</altitudeMode><coordinates>12.010637428611517,46.531501449644566,2542.3400000000001</coordinates></Point></Placemark><Placemark><TimeSpan><begin>2026-08-03T09:01:24Z</begin><end>2026-08-03T09:01:36Z</end></TimeSpan><styleUrl>#point</styleUrl><Point><altitudeMode>clampToGround</altitudeMode><coordinates>12.01065419241786,46.531440261751413,2544.27</coordinates></Point></Placemark><Placemark><TimeSpan><begin>2026-08-03T09:01:36Z</begin><end>2026-08-03T09:01:45Z</end></TimeSpan><styleUrl>#point</styleUrl><Point><altitudeMode>clampToGround</altitudeMode><coordinates>12.010683109983802,46.531394245103002,2545.23</coordinates></Point></Placemark><Placemark><TimeSpan><begin>2026-08-03T09:01:45Z</begin><end>2026-08-03T09:01:54Z</end></TimeSpan><styleUrl>#point</styleUrl><Point><altitudeMode>clampToGround</altitudeMode><coordinates>12.010759469121695,46.531363651156425,2545.71</coordinates></Point></Placemark><Placemark><TimeSpan><begin>2026-08-03T09:01:54Z</begin><end>2026-08-03T09:02:05Z</end></TimeSpan><styleUrl>#point</styleUrl><Point><altitudeMode>clampToGround</altitudeMode><coordinates>12.010848317295313,46.531324926763773,2545.71</coordinates></Point></Placemark><Placemark><TimeSpan><begin>2026-08-03T09:02:05Z</begin><end>2026-08-03T09:02:14Z</end></TimeSpan><styleUrl>#point</styleUrl><Point><altitudeMode>clampToGround</altitudeMode><coordinates>12.010930879041553,46.531315539032221,2545.71</coordinates></Point></Placemark><Placemark><TimeSpan><begin>2026-08-03T09:02:14Z</begin><end>2026-08-03T09:02:23Z</end></TimeSpan><styleUrl>#point</styleUrl><Point><altitudeMode>clampToGround</altitudeMode><coordinates>12.010988546535373,46.531255692243576,2546.1900000000001</coordinates></Point></Placemark><Placemark><TimeSpan><begin>2026-08-03T09:02:23Z</begin><end>2026-08-03T09:02:27Z</end></TimeSpan><styleUrl>#point</styleUrl><Point><altitudeMode>clampToGround</altitudeMode><coordinates>12.011032551527023,46.531237503513694,2546.1900000000001</coordinates></Point></Placemark><Placemark><TimeSpan><begin>2026-08-03T09:02:27Z</begin><end>2026-08-03T09:02:35Z</end></TimeSpan><styleUrl>#point</styleUrl><Point><altitudeMode>clampToGround</altitudeMode><coordinates>12.011112682521343,46.531199533492327,2547.1500000000001</coordinates></Point></Placemark><Placemark><TimeSpan><begin>2026-08-03T09:02:35Z</begin><end>2026-08-03T09:02:38Z</end></TimeSpan><styleUrl>#point</styleUrl><Point><altitudeMode>clampToGround</altitudeMode><coordinates>12.011136319488287,46.531176986172795,2547.1500000000001</coordinates></Point></Placemark><Placemark><TimeSpan><begin>2026-08-03T09:02:38Z</begin><end>2026-08-03T09:02:50Z</end></TimeSpan><styleUrl>#point</styleUrl><Point><altitudeMode>clampToGround</altitudeMode><coordinates>12.011262215673923,46.531116468831897,2548.1100000000001</coordinates></Point></Placemark><Placemark><TimeSpan><begin>2026-08-03T09:02:50Z</begin><end>2026-08-03T09:02:58Z</end></TimeSpan><styleUrl>#point</styleUrl><Point><altitudeMode>clampToGround</altitudeMode><coordinates>12.011324241757393,46.531089311465621,2548.5900000000001</coordinates></Point></Placemark><Placemark><TimeSpan><begin>2026-08-03T09:02:58Z</begin><end>2026-08-03T09:03:10Z</end></TimeSpan><styleUrl>#point</styleUrl><Point><altitudeMode>clampToGround</altitudeMode><coordinates>12.011438319459558,46.531038517132401,2549.0700000000002</coordinates></Point></Placemark><Placemark><TimeSpan><begin>2026-08-03T09:03:10Z</begin><end>2026-08-03T09:03:21Z</end></TimeSpan><styleUrl>#point</styleUrl><Point><altitudeMode>clampToGround</altitudeMode><coordinates>12.011510822921991,46.531007336452603,2549.5500000000002</coordinates></Point></Placemark><Placemark><TimeSpan><begin>2026-08-03T09:03:21Z</begin><end>2026-08-03T09:03:31Z</end></TimeSpan><styleUrl>#point</styleUrl><Point><altitudeMode>clampToGround</altitudeMode><coordinates>12.011602520942688,46.530982693657279,2550.5100000000002</coordinates></Point></Placemark><Placemark><TimeSpan><begin>2026-08-03T09:03:31Z</begin><end>2026-08-03T09:03:40Z</end></TimeSpan><styleUrl>#point</styleUrl><Point><altitudeMode>clampToGround</altitudeMode><coordinates>12.01168273575604,46.530961822718382,2551.48</coordinates></Point></Placemark><Placemark><TimeSpan><begin>2026-08-03T09:03:40Z</begin><end>2026-08-03T09:03:49Z</end></TimeSpan><styleUrl>#point</styleUrl><Point><altitudeMode>clampToGround</altitudeMode><coordinates>12.011747695505619,46.530941873788834,2551.96</coordinates></Point></Placemark><Placemark><TimeSpan><begin>2026-08-03T09:03:49Z</begin><end>2026-08-03T09:03:58Z</end></TimeSpan><styleUrl>#point</styleUrl><Point><altitudeMode>clampToGround</altitudeMode><coordinates>12.011822378262877,46.53093826957047,2552.9200000000001</coordinates></Point></Placemark><Placemark><TimeSpan><begin>2026-08-03T09:03:58Z</begin><end>2026-08-03T09:04:09Z</end></TimeSpan><styleUrl>#point</styleUrl><Point><altitudeMode>clampToGround</altitudeMode><coordinates>12.011907789856195,46.53094220906496,2554.3600000000001</coordinates></Point></Placemark><Placemark><TimeSpan><begin>2026-08-03T09:04:09Z</begin><end>2026-08-03T09:04:18Z</end></TimeSpan><styleUrl>#point</styleUrl><Point><altitudeMode>clampToGround</altitudeMode><coordinates>12.011962104588747,46.530920248478651,2555.8000000000002</coordinates></Point></Placemark><Placemark><TimeSpan><begin>2026-08-03T09:04:18Z</begin><end>2026-08-03T09:04:27Z</end></TimeSpan><styleUrl>#point</styleUrl><Point><altitudeMode>clampToGround</altitudeMode><coordinates>12.012008959427476,46.530953776091337,2557.2399999999998</coordinates></Point></Placemark><Placemark><TimeSpan><begin>2026-08-03T09:04:27Z</begin><end>2026-08-03T09:04:37Z</end></TimeSpan><styleUrl>#point</styleUrl><Point><altitudeMode>clampToGround</altitudeMode><coordinates>12.012080959975719,46.530927289277315,2558.6900000000001</coordinates></Point></Placemark><Placemark><TimeSpan><begin>2026-08-03T09:04:37Z</begin><end>2026-08-03T09:04:46Z</end></TimeSpan><styleUrl>#point</styleUrl><Point><altitudeMode>clampToGround</altitudeMode><coordinates>12.012099148705602,46.53089627623558,2559.6500000000001</coordinates></Point></Placemark><Placemark><TimeSpan><begin>2026-08-03T09:04:46Z</begin><end>2026-08-03T09:05:02Z</end></TimeSpan><styleUrl>#point</styleUrl><Point><altitudeMode>clampToGround</altitudeMode><coordinates>12.012097220867872,46.530908429995179,2560.1300000000001</coordinates></Point></Placemark><Placemark><TimeSpan><begin>2026-08-03T09:05:02Z</begin><end>2026-08-03T09:05:20Z</end></TimeSpan><styleUrl>#point</styleUrl><Point><altitudeMode>clampToGround</altitudeMode><coordinates>12.012106524780393,46.530901053920388,2560.1300000000001</coordinates></Point></Placemark><Placemark><TimeSpan><begin>2026-08-03T09:05:20Z</begin><end>2026-08-03T09:05:38Z</end></TimeSpan><styleUrl>#point</styleUrl><Point><altitudeMode>clampToGround</altitudeMode><coordinates>12.01211079955101,46.530889486894011,2560.1300000000001</coordinates></Point></Placemark><Placemark><TimeSpan><begin>2026-08-03T09:05:38Z</begin><end>2026-08-03T09:05:48Z</end></TimeSpan><styleUrl>#point</styleUrl><Point><altitudeMode>clampToGround</altitudeMode><coordinates>12.012066207826138,46.530882278457284,2560.1300000000001</coordinates></Point></Placemark><Placemark><TimeSpan><begin>2026-08-03T09:05:48Z</begin><end>2026-08-03T09:06:00Z</end></TimeSpan><styleUrl>#point</styleUrl><Point><altitudeMode>clampToGround</altitudeMode><coordinates>12.012090012431145,46.530882446095347,2559.1700000000001</coordinates></Point></Placemark><Placemark><TimeSpan><begin>2026-08-03T09:06:00Z</begin><end>2026-08-03T09:06:09Z</end></TimeSpan><styleUrl>#point</styleUrl><Point><altitudeMode>clampToGround</altitudeMode><coordinates>12.012136615812778,46.530839949846268,2560.6100000000001</coordinates></Point></Placemark><Placemark><TimeSpan><begin>2026-08-03T09:06:09Z</begin><end>2026-08-03T09:06:16Z</end></TimeSpan><styleUrl>#point</styleUrl><Point><altitudeMode>clampToGround</altitudeMode><coordinates>12.0121562294662,46.530817234888673,2560.6100000000001</coordinates></Point></Placemark><Placemark><TimeSpan><begin>2026-08-03T09:06:16Z</begin><end>2026-08-03T09:06:21Z</end></TimeSpan><styleUrl>#point</styleUrl><Point><altitudeMode>clampToGround</altitudeMode><coordinates>12.01219042763114,46.530791837722063,2559.1700000000001</coordinates></Point></Placemark><Placemark><TimeSpan><begin>2026-08-03T09:06:21Z</begin><end>2026-08-03T09:06:23Z</end></TimeSpan><styleUrl>#point</styleUrl><Point><altitudeMode>clampToGround</altitudeMode><coordinates>12.012203335762024,46.530784964561462,2559.1700000000001</coordinates></Point></Placemark><Placemark><TimeSpan><begin>2026-08-03T09:06:23Z</begin><end>2026-08-03T09:06:27Z</end></TimeSpan><styleUrl>#point</styleUrl><Point><altitudeMode>clampToGround</altitudeMode><coordinates>12.012237198650837,46.530758058652282,2558.21</coordinates></Point></Placemark><Placemark><TimeSpan><begin>2026-08-03T09:06:27Z</begin><end>2026-08-03T09:06:39Z</end></TimeSpan><styleUrl>#point</styleUrl><Point><altitudeMode>clampToGround</altitudeMode><coordinates>12.012368878349662,46.530706342309713,2557.73</coordinates></Point></Placemark><Placemark><TimeSpan><begin>2026-08-03T09:06:39Z</begin><end>2026-08-03T09:06:51Z</end></TimeSpan><styleUrl>#point</styleUrl><Point><altitudeMode>clampToGround</altitudeMode><coordinates>12.012533079832792,46.530668623745441,2557.73</coordinates></Point></Placemark><Placemark><TimeSpan><begin>2026-08-03T09:06:51Z</begin><end>2026-08-03T09:06:56Z</end></TimeSpan><styleUrl>#point</styleUrl><Point><altitudeMode>clampToGround</altitudeMode><coordinates>12.012578928843141,46.530642472207546,2557.73</coordinates></Point></Placemark><Placemark><TimeSpan><begin>2026-08-03T09:06:56Z</begin><end>2026-08-03T09:07:07Z</end></TimeSpan><styleUrl>#point</styleUrl><Point><altitudeMode>clampToGround</altitudeMode><coordinates>12.012702729552984,46.530617494136095,2559.1700000000001</coordinates></Point></Placemark><Placemark><TimeSpan><begin>2026-08-03T09:07:07Z</begin><end>2026-08-03T09:07:10Z</end></TimeSpan><styleUrl>#point</styleUrl><Point><altitudeMode>clampToGround</altitudeMode><coordinates>12.012731730937958,46.530606430023909,2559.6500000000001</coordinates></Point></Placemark><Placemark><TimeSpan><begin>2026-08-03T09:07:10Z</begin><end>2026-08-03T09:07:22Z</end></TimeSpan><styleUrl>#point</styleUrl><Point><altitudeMode>clampToGround</altitudeMode><coordinates>12.012915462255478,46.530625289306045,2560.1300000000001</coordinates></Point></Placemark><Placemark><TimeSpan><begin>2026-08-03T09:07:22Z</begin><end>2026-08-03T09:07:32Z</end></TimeSpan><styleUrl>#point</styleUrl><Point><altitudeMode>clampToGround</altitudeMode><coordinates>12.012989893555641,46.530586648732424,2562.0500000000002</coordinates></Point></Placemark><Placemark><TimeSpan><begin>2026-08-03T09:07:32Z</begin><end>2026-08-03T09:07:42Z</end></TimeSpan><styleUrl>#point</styleUrl><Point><altitudeMode>clampToGround</altitudeMode><coordinates>12.013068767264485,46.530585559085011,2563.4899999999998</coordinates></Point></Placemark><Placemark><TimeSpan><begin>2026-08-03T09:07:42Z</begin><end>2026-08-03T09:07:51Z</end></TimeSpan><styleUrl>#point</styleUrl><Point><altitudeMode>clampToGround</altitudeMode><coordinates>12.013159543275833,46.530557982623577,2565.9000000000001</coordinates></Point></Placemark><Placemark><TimeSpan><begin>2026-08-03T09:07:51Z</begin><end>2026-08-03T09:07:53Z</end></TimeSpan><styleUrl>#point</styleUrl><Point><altitudeMode>clampToGround</altitudeMode><coordinates>12.01317647472024,46.53054054826498,2565.9000000000001</coordinates></Point></Placemark><Placemark><TimeSpan><begin>2026-08-03T09:07:53Z</begin><end>2026-08-03T09:07:56Z</end></TimeSpan><styleUrl>#point</styleUrl><Point><altitudeMode>clampToGround</altitudeMode><coordinates>12.013177564367652,46.530512468889356,2566.8600000000001</coordinates></Point></Placemark><Placemark><TimeSpan><begin>2026-08-03T09:07:56Z</begin><end>2026-08-03T09:08:09Z</end></TimeSpan><styleUrl>#point</styleUrl><Point><altitudeMode>clampToGround</altitudeMode><coordinates>12.013032808899879,46.53045354411006,2566.8600000000001</coordinates></Point></Placemark><Placemark><TimeSpan><begin>2026-08-03T09:08:09Z</begin><end>2026-08-03T09:08:20Z</end></TimeSpan><styleUrl>#point</styleUrl><Point><altitudeMode>clampToGround</altitudeMode><coordinates>12.012960556894541,46.530439462512732,2566.8600000000001</coordinates></Point></Placemark><Placemark><TimeSpan><begin>2026-08-03T09:08:20Z</begin><end>2026-08-03T09:08:29Z</end></TimeSpan><styleUrl>#point</styleUrl><Point><altitudeMode>clampToGround</altitudeMode><coordinates>12.012951169162989,46.530382968485355,2566.8600000000001</coordinates></Point></Placemark><Placemark><TimeSpan><begin>2026-08-03T09:08:29Z</begin><end>2026-08-03T09:08:40Z</end></TimeSpan><styleUrl>#point</styleUrl><Point><altitudeMode>clampToGround</altitudeMode><coordinates>12.012961897999048,46.530288923531771,2566.8600000000001</coordinates></Point></Placemark><Placemark><TimeSpan><begin>2026-08-03T09:08:40Z</begin><end>2026-08-03T09:08:56Z</end></TimeSpan><styleUrl>#point</styleUrl><Point><altitudeMode>clampToGround</altitudeMode><coordinates>12.012963909655809,46.530301831662655,2566.8600000000001</coordinates></Point></Placemark><Placemark><TimeSpan><begin>2026-08-03T09:08:56Z</begin><end>2026-08-03T09:09:15Z</end></TimeSpan><styleUrl>#point</styleUrl><Point><altitudeMode>clampToGround</altitudeMode><coordinates>12.012956533581018,46.530268555507064,2566.8600000000001</coordinates></Point></Placemark><Placemark><TimeSpan><begin>2026-08-03T09:09:15Z</begin><end>2026-08-03T09:09:45Z</end></TimeSpan><styleUrl>#point</styleUrl><Point><altitudeMode>clampToGround</altitudeMode><coordinates>12.012942871078849,46.530277775600553,2567.3400000000001</coordinates></Point></Placemark><Placemark><TimeSpan><begin>2026-08-03T09:09:45Z</begin><end>2026-08-03T09:09:54Z</end></TimeSpan><styleUrl>#point</styleUrl><Point><altitudeMode>clampToGround</altitudeMode><coordinates>12.012878246605396,46.530295880511403,2567.3400000000001</coordinates></Point></Placemark><Placemark><TimeSpan><begin>2026-08-03T09:09:54Z</begin><end>2026-08-03T09:10:08Z</end></TimeSpan><styleUrl>#point</styleUrl><Point><altitudeMode>clampToGround</altitudeMode><coordinates>12.012854442000389,46.530299484729767,2567.3400000000001</coordinates></Point></Placemark><Placemark><TimeSpan><begin>2026-08-03T09:10:08Z</begin><end>2026-08-03T09:10:21Z</end></TimeSpan><styleUrl>#point</styleUrl><Point><altitudeMode>clampToGround</altitudeMode><coordinates>12.012860896065831,46.53033678419888,2567.8200000000002</coordinates></Point></Placemark><Placemark><TimeSpan><begin>2026-08-03T09:10:21Z</begin><end>2026-08-03T09:10:23Z</end></TimeSpan><styleUrl>#point</styleUrl><Point><altitudeMode>clampToGround</altitudeMode><coordinates>12.012861398980021,46.530353128910065,2567.8200000000002</coordinates></Point></Placemark><Placemark><TimeSpan><begin>2026-08-03T09:10:23Z</begin><end>2026-08-03T09:10:32Z</end></TimeSpan><styleUrl>#point</styleUrl><Point><altitudeMode>clampToGround</altitudeMode><coordinates>12.012797025963664,46.530408281832933,2566.3800000000001</coordinates></Point></Placemark><Placemark><TimeSpan><begin>2026-08-03T09:10:32Z</begin><end>2026-08-03T09:10:36Z</end></TimeSpan><styleUrl>#point</styleUrl><Point><altitudeMode>clampToGround</altitudeMode><coordinates>12.012761486694217,46.530392440035939,2567.8200000000002</coordinates></Point></Placemark><Placemark><TimeSpan><begin>2026-08-03T09:10:36Z</begin><end>2026-08-03T09:10:47Z</end></TimeSpan><styleUrl>#point</styleUrl><Point><altitudeMode>clampToGround</altitudeMode><coordinates>12.012677332386374,46.530333682894707,2569.2600000000002</coordinates></Point></Placemark><Placemark><TimeSpan><begin>2026-08-03T09:10:47Z</begin><end>2026-08-03T09:10:58Z</end></TimeSpan><styleUrl>#point</styleUrl><Point><altitudeMode>clampToGround</altitudeMode><coordinates>12.012588232755661,46.530286492779851,2571.6599999999999</coordinates></Point></Placemark><Placemark><TimeSpan><begin>2026-08-03T09:10:58Z</begin><end>2026-08-03T09:11:10Z</end></TimeSpan><styleUrl>#point</styleUrl><Point><altitudeMode>clampToGround</altitudeMode><coordinates>12.012487733736634,46.530235949903727,2573.5900000000001</coordinates></Point></Placemark><Placemark><TimeSpan><begin>2026-08-03T09:11:10Z</begin><end>2026-08-03T09:11:23Z</end></TimeSpan><styleUrl>#point</styleUrl><Point><altitudeMode>clampToGround</altitudeMode><coordinates>12.012379104271531,46.530210468918085,2575.5100000000002</coordinates></Point></Placemark><Placemark><TimeSpan><begin>2026-08-03T09:11:23Z</begin><end>2026-08-03T09:11:33Z</end></TimeSpan><styleUrl>#point</styleUrl><Point><altitudeMode>clampToGround</altitudeMode><coordinates>12.012355299666524,46.530163362622261,2576.9499999999998</coordinates></Point></Placemark><Placemark><TimeSpan><begin>2026-08-03T09:11:33Z</begin><end>2026-08-03T09:11:42Z</end></TimeSpan><styleUrl>#point</styleUrl><Point><altitudeMode>clampToGround</altitudeMode><coordinates>12.012324035167694,46.530142743140459,2577.9099999999999</coordinates></Point></Placemark><Placemark><TimeSpan><begin>2026-08-03T09:11:42Z</begin><end>2026-08-03T09:11:52Z</end></TimeSpan><styleUrl>#point</styleUrl><Point><altitudeMode>clampToGround</altitudeMode><coordinates>12.012231666594744,46.530126566067338,2579.3499999999999</coordinates></Point></Placemark><Placemark><TimeSpan><begin>2026-08-03T09:11:52Z</begin><end>2026-08-03T09:12:01Z</end></TimeSpan><styleUrl>#point</styleUrl><Point><altitudeMode>clampToGround</altitudeMode><coordinates>12.012183303013444,46.530080381780863,2580.8000000000002</coordinates></Point></Placemark><Placemark><TimeSpan><begin>2026-08-03T09:12:01Z</begin><end>2026-08-03T09:12:11Z</end></TimeSpan><styleUrl>#point</styleUrl><Point><altitudeMode>clampToGround</altitudeMode><coordinates>12.012128904461861,46.530049368739128,2581.7600000000002</coordinates></Point></Placemark><Placemark><TimeSpan><begin>2026-08-03T09:12:11Z</begin><end>2026-08-03T09:12:23Z</end></TimeSpan><styleUrl>#point</styleUrl><Point><altitudeMode>clampToGround</altitudeMode><coordinates>12.012171903625131,46.530015505850315,2582.7199999999998</coordinates></Point></Placemark><Placemark><TimeSpan><begin>2026-08-03T09:12:23Z</begin><end>2026-08-03T09:12:42Z</end></TimeSpan><styleUrl>#point</styleUrl><Point><altitudeMode>clampToGround</altitudeMode><coordinates>12.012192104011774,46.530019780620933,2582.7199999999998</coordinates></Point></Placemark><Placemark><TimeSpan><begin>2026-08-03T09:12:42Z</begin><end>2026-08-03T09:12:57Z</end></TimeSpan><styleUrl>#point</styleUrl><Point><altitudeMode>clampToGround</altitudeMode><coordinates>12.012163102626801,46.530042998492718,2583.1999999999998</coordinates></Point></Placemark><Placemark><TimeSpan><begin>2026-08-03T09:12:57Z</begin><end>2026-08-03T09:13:14Z</end></TimeSpan><styleUrl>#point</styleUrl><Point><altitudeMode>clampToGround</altitudeMode><coordinates>12.01219042763114,46.530002681538463,2584.1599999999999</coordinates></Point></Placemark><Placemark><TimeSpan><begin>2026-08-03T09:13:14Z</begin><end>2026-08-03T09:13:24Z</end></TimeSpan><styleUrl>#point</styleUrl><Point><altitudeMode>clampToGround</altitudeMode><coordinates>12.012204844504595,46.529984660446644,2585.1199999999999</coordinates></Point></Placemark><Placemark><TimeSpan><begin>2026-08-03T09:13:24Z</begin><end>2026-08-03T09:13:31Z</end></TimeSpan><styleUrl>#point</styleUrl><Point><altitudeMode>clampToGround</altitudeMode><coordinates>12.012113314121962,46.529995556920767,2585.5999999999999</coordinates></Point></Placemark><Placemark><TimeSpan><begin>2026-08-03T09:13:31Z</begin><end>2026-08-03T09:13:39Z</end></TimeSpan><styleUrl>#point</styleUrl><Point><altitudeMode>clampToGround</altitudeMode><coordinates>12.012029327452183,46.530009722337127,2587.04</coordinates></Point></Placemark><Placemark><TimeSpan><begin>2026-08-03T09:13:39Z</begin><end>2026-08-03T09:13:49Z</end></TimeSpan><styleUrl>#point</styleUrl><Point><altitudeMode>clampToGround</altitudeMode><coordinates>12.011955231428146,46.530018607154489,2588.9699999999998</coordinates></Point></Placemark><Placemark><TimeSpan><begin>2026-08-03T09:13:49Z</begin><end>2026-08-03T09:14:00Z</end></TimeSpan><styleUrl>#point</styleUrl><Point><altitudeMode>clampToGround</altitudeMode><coordinates>12.011975012719631,46.529918778687716,2590.4099999999999</coordinates></Point></Placemark><Placemark><TimeSpan><begin>2026-08-03T09:14:00Z</begin><end>2026-08-03T09:14:11Z</end></TimeSpan><styleUrl>#point</styleUrl><Point><altitudeMode>clampToGround</altitudeMode><coordinates>12.012022035196424,46.529848873615265,2592.3299999999999</coordinates></Point></Placemark><Placemark><TimeSpan><begin>2026-08-03T09:14:11Z</begin><end>2026-08-03T09:14:20Z</end></TimeSpan><styleUrl>#point</styleUrl><Point><altitudeMode>clampToGround</altitudeMode><coordinates>12.012116080150008,46.529851220548153,2593.29</coordinates></Point></Placemark><Placemark><TimeSpan><begin>2026-08-03T09:14:20Z</begin><end>2026-08-03T09:14:32Z</end></TimeSpan><styleUrl>#point</styleUrl><Point><altitudeMode>clampToGround</altitudeMode><coordinates>12.012194534763694,46.529885418713093,2595.2199999999998</coordinates></Point></Placemark><Placemark><TimeSpan><begin>2026-08-03T09:14:32Z</begin><end>2026-08-03T09:14:46Z</end></TimeSpan><styleUrl>#point</styleUrl><Point><altitudeMode>clampToGround</altitudeMode><coordinates>12.012265110388398,46.529858848080039,2597.6199999999999</coordinates></Point></Placemark><Placemark><TimeSpan><begin>2026-08-03T09:14:46Z</begin><end>2026-08-03T09:14:56Z</end></TimeSpan><styleUrl>#point</styleUrl><Point><altitudeMode>clampToGround</altitudeMode><coordinates>12.012213310226798,46.529829176142812,2600.02</coordinates></Point></Placemark><Placemark><TimeSpan><begin>2026-08-03T09:14:56Z</begin><end>2026-08-03T09:15:08Z</end></TimeSpan><styleUrl>#point</styleUrl><Point><altitudeMode>clampToGround</altitudeMode><coordinates>12.012203251942992,46.529844598844647,2600.5</coordinates></Point></Placemark><Placemark><TimeSpan><begin>2026-08-03T09:15:08Z</begin><end>2026-08-03T09:15:20Z</end></TimeSpan><styleUrl>#point</styleUrl><Point><altitudeMode>clampToGround</altitudeMode><coordinates>12.012232923880219,46.529813418164849,2600.98</coordinates></Point></Placemark><Placemark><TimeSpan><begin>2026-08-03T09:15:20Z</begin><end>2026-08-03T09:15:34Z</end></TimeSpan><styleUrl>#point</styleUrl><Point><altitudeMode>clampToGround</altitudeMode><coordinates>12.012240216135979,46.529802856966853,2601.9499999999998</coordinates></Point></Placemark><Placemark><TimeSpan><begin>2026-08-03T09:15:34Z</begin><end>2026-08-03T09:15:46Z</end></TimeSpan><styleUrl>#point</styleUrl><Point><altitudeMode>clampToGround</altitudeMode><coordinates>12.012185733765364,46.529805790632963,2602.9099999999999</coordinates></Point></Placemark><Placemark><TimeSpan><begin>2026-08-03T09:15:46Z</begin><end>2026-08-03T09:15:59Z</end></TimeSpan><styleUrl>#point</styleUrl><Point><altitudeMode>clampToGround</altitudeMode><coordinates>12.012164359912276,46.529760025441647,2603.8699999999999</coordinates></Point></Placemark><Placemark><TimeSpan><begin>2026-08-03T09:15:59Z</begin><end>2026-08-03T09:16:12Z</end></TimeSpan><styleUrl>#point</styleUrl><Point><altitudeMode>clampToGround</altitudeMode><coordinates>12.012173412367702,46.529759354889393,2604.8299999999999</coordinates></Point></Placemark><Placemark><TimeSpan><begin>2026-08-03T09:16:12Z</begin><end>2026-08-03T09:16:19Z</end></TimeSpan><styleUrl>#point</styleUrl><Point><altitudeMode>clampToGround</altitudeMode><coordinates>12.012144830077887,46.529747620224953,2604.8299999999999</coordinates></Point></Placemark><Placemark><TimeSpan><begin>2026-08-03T09:16:19Z</begin><end>2026-08-03T09:16:29Z</end></TimeSpan><styleUrl>#point</styleUrl><Point><altitudeMode>clampToGround</altitudeMode><coordinates>12.012104261666536,46.52970789000392,2606.27</coordinates></Point></Placemark><Placemark><TimeSpan><begin>2026-08-03T09:16:29Z</begin><end>2026-08-03T09:16:39Z</end></TimeSpan><styleUrl>#point</styleUrl><Point><altitudeMode>clampToGround</altitudeMode><coordinates>12.012110045179725,46.529701771214604,2607.23</coordinates></Point></Placemark><Placemark><TimeSpan><begin>2026-08-03T09:16:39Z</begin><end>2026-08-03T09:16:58Z</end></TimeSpan><styleUrl>#point</styleUrl><Point><altitudeMode>clampToGround</altitudeMode><coordinates>12.012093784287572,46.529689785093069,2607.23</coordinates></Point></Placemark><Placemark><TimeSpan><begin>2026-08-03T09:16:58Z</begin><end>2026-08-03T09:17:06Z</end></TimeSpan><styleUrl>#point</styleUrl><Point><altitudeMode>clampToGround</altitudeMode><coordinates>12.012029578909278,46.529656006023288,2608.6700000000001</coordinates></Point></Placemark><Placemark><TimeSpan><begin>2026-08-03T09:17:06Z</begin><end>2026-08-03T09:17:14Z</end></TimeSpan><styleUrl>#point</styleUrl><Point><altitudeMode>clampToGround</altitudeMode><coordinates>12.011995213106275,46.5296277590096,2610.1199999999999</coordinates></Point></Placemark><Placemark><TimeSpan><begin>2026-08-03T09:17:14Z</begin><end>2026-08-03T09:17:22Z</end></TimeSpan><styleUrl>#point</styleUrl><Point><altitudeMode>clampToGround</altitudeMode><coordinates>12.011981550604105,46.529608899727464,2610.5999999999999</coordinates></Point></Placemark><Placemark><TimeSpan><begin>2026-08-03T09:17:22Z</begin><end>2026-08-03T09:17:28Z</end></TimeSpan><styleUrl>#point</styleUrl><Point><altitudeMode>clampToGround</altitudeMode><coordinates>12.012040978297591,46.529641589149833,2609.1599999999999</coordinates></Point></Placemark><Placemark><TimeSpan><begin>2026-08-03T09:17:28Z</begin><end>2026-08-03T09:17:37Z</end></TimeSpan><styleUrl>#point</styleUrl><Point><altitudeMode>clampToGround</altitudeMode><coordinates>12.01209269464016,46.529665729030967,2608.1900000000001</coordinates></Point></Placemark><Placemark><TimeSpan><begin>2026-08-03T09:17:37Z</begin><end>2026-08-03T09:17:51Z</end></TimeSpan><styleUrl>#point</styleUrl><Point><altitudeMode>clampToGround</altitudeMode><coordinates>12.012100741267204,46.529663046821952,2608.1900000000001</coordinates></Point></Placemark><Placemark><TimeSpan><begin>2026-08-03T09:17:51Z</begin><end>2026-08-03T09:18:11Z</end></TimeSpan><styleUrl>#point</styleUrl><Point><altitudeMode>clampToGround</altitudeMode><coordinates>12.012092443183064,46.529649300500751,2608.1900000000001</coordinates></Point></Placemark><Placemark><TimeSpan><begin>2026-08-03T09:18:11Z</begin><end>2026-08-03T09:18:24Z</end></TimeSpan><styleUrl>#point</styleUrl><Point><altitudeMode>clampToGround</altitudeMode><coordinates>12.012052126228809,46.529664974659681,2608.1900000000001</coordinates></Point></Placemark><Placemark><TimeSpan><begin>2026-08-03T09:18:24Z</begin><end>2026-08-03T09:18:32Z</end></TimeSpan><styleUrl>#point</styleUrl><Point><altitudeMode>clampToGround</altitudeMode><coordinates>12.011995380744338,46.529621556401253,2610.1199999999999</coordinates></Point></Placemark><Placemark><TimeSpan><begin>2026-08-03T09:18:32Z</begin><end>2026-08-03T09:18:40Z</end></TimeSpan><styleUrl>#point</styleUrl><Point><altitudeMode>clampToGround</altitudeMode><coordinates>12.011950453743339,46.52957646176219,2610.5999999999999</coordinates></Point></Placemark><Placemark><TimeSpan><begin>2026-08-03T09:18:40Z</begin><end>2026-08-03T09:18:51Z</end></TimeSpan><styleUrl>#point</styleUrl><Point><altitudeMode>clampToGround</altitudeMode><coordinates>12.011850876733661,46.529546622186899,2612.52</coordinates></Point></Placemark><Placemark><TimeSpan><begin>2026-08-03T09:18:51Z</begin><end>2026-08-03T09:19:01Z</end></TimeSpan><styleUrl>#point</styleUrl><Point><altitudeMode>clampToGround</altitudeMode><coordinates>12.011763034388423,46.529543520882726,2613.48</coordinates></Point></Placemark><Placemark><TimeSpan><begin>2026-08-03T09:19:01Z</begin><end>2026-08-03T09:19:10Z</end></TimeSpan><styleUrl>#point</styleUrl><Point><altitudeMode>clampToGround</altitudeMode><coordinates>12.011681394651532,46.529535558074713,2615.4000000000001</coordinates></Point></Placemark><Placemark><TimeSpan><begin>2026-08-03T09:19:10Z</begin><end>2026-08-03T09:19:19Z</end></TimeSpan><styleUrl>#point</styleUrl><Point><altitudeMode>clampToGround</altitudeMode><coordinates>12.011596150696278,46.52952860109508,2615.8800000000001</coordinates></Point></Placemark><Placemark><TimeSpan><begin>2026-08-03T09:19:19Z</begin><end>2026-08-03T09:19:28Z</end></TimeSpan><styleUrl>#point</styleUrl><Point><altitudeMode>clampToGround</altitudeMode><coordinates>12.011660439893603,46.529458444565535,2617.8099999999999</coordinates></Point></Placemark><Placemark><TimeSpan><begin>2026-08-03T09:19:28Z</begin><end>2026-08-03T09:19:29Z</end></TimeSpan><styleUrl>#point</styleUrl><Point><altitudeMode>clampToGround</altitudeMode><coordinates>12.011671671643853,46.529454169794917,2618.29</coordinates></Point></Placemark><Placemark><TimeSpan><begin>2026-08-03T09:19:29Z</begin><end>2026-08-03T09:19:41Z</end></TimeSpan><styleUrl>#point</styleUrl><Point><altitudeMode>clampToGround</altitudeMode><coordinates>12.011763537302613,46.529393568634987,2620.6900000000001</coordinates></Point></Placemark><Placemark><TimeSpan><begin>2026-08-03T09:19:41Z</begin><end>2026-08-03T09:19:50Z</end></TimeSpan><styleUrl>#point</styleUrl><Point><altitudeMode>clampToGround</altitudeMode><coordinates>12.011771751567721,46.529367668554187,2622.6100000000001</coordinates></Point></Placemark><Placemark><TimeSpan><begin>2026-08-03T09:19:50Z</begin><end>2026-08-03T09:20:01Z</end></TimeSpan><styleUrl>#point</styleUrl><Point><altitudeMode>clampToGround</altitudeMode><coordinates>12.011668067425489,46.529380492866039,2624.54</coordinates></Point></Placemark><Placemark><TimeSpan><begin>2026-08-03T09:20:01Z</begin><end>2026-08-03T09:20:10Z</end></TimeSpan><styleUrl>#point</styleUrl><Point><altitudeMode>clampToGround</altitudeMode><coordinates>12.011604700237513,46.52938443236053,2626.46</coordinates></Point></Placemark><Placemark><TimeSpan><begin>2026-08-03T09:20:10Z</begin><end>2026-08-03T09:20:18Z</end></TimeSpan><styleUrl>#point</styleUrl><Point><altitudeMode>clampToGround</altitudeMode><coordinates>12.011544601991773,46.529377140104771,2627.4200000000001</coordinates></Point></Placemark><Placemark><TimeSpan><begin>2026-08-03T09:20:18Z</begin><end>2026-08-03T09:20:27Z</end></TimeSpan><styleUrl>#point</styleUrl><Point><altitudeMode>clampToGround</altitudeMode><coordinates>12.011463213711977,46.529370434582233,2628.3800000000001</coordinates></Point></Placemark><Placemark><TimeSpan><begin>2026-08-03T09:20:27Z</begin><end>2026-08-03T09:20:37Z</end></TimeSpan><styleUrl>#point</styleUrl><Point><altitudeMode>clampToGround</altitudeMode><coordinates>12.011548709124327,46.529320059344172,2631.27</coordinates></Point></Placemark><Placemark><TimeSpan><begin>2026-08-03T09:20:37Z</begin><end>2026-08-03T09:20:38Z</end></TimeSpan><styleUrl>#point</styleUrl><Point><altitudeMode>clampToGround</altitudeMode><coordinates>12.011553486809134,46.529314443469048,2631.27</coordinates></Point></Placemark><Placemark><TimeSpan><begin>2026-08-03T09:20:38Z</begin><end>2026-08-03T09:20:48Z</end></TimeSpan><styleUrl>#point</styleUrl><Point><altitudeMode>clampToGround</altitudeMode><coordinates>12.011598246172071,46.529266415163875,2632.23</coordinates></Point></Placemark><Placemark><TimeSpan><begin>2026-08-03T09:20:48Z</begin><end>2026-08-03T09:20:58Z</end></TimeSpan><styleUrl>#point</styleUrl><Point><altitudeMode>clampToGround</altitudeMode><coordinates>12.011513505131006,46.529269181191921,2633.1900000000001</coordinates></Point></Placemark><Placemark><TimeSpan><begin>2026-08-03T09:20:58Z</begin><end>2026-08-03T09:21:13Z</end></TimeSpan><styleUrl>#point</styleUrl><Point><altitudeMode>clampToGround</altitudeMode><coordinates>12.011504452675581,46.529277479276061,2634.1500000000001</coordinates></Point></Placemark><Placemark><TimeSpan><begin>2026-08-03T09:21:13Z</begin><end>2026-08-03T09:21:32Z</end></TimeSpan><styleUrl>#point</styleUrl><Point><altitudeMode>clampToGround</altitudeMode><coordinates>12.011506296694279,46.529269348829985,2634.1500000000001</coordinates></Point></Placemark><Placemark><TimeSpan><begin>2026-08-03T09:21:32Z</begin><end>2026-08-03T09:21:47Z</end></TimeSpan><styleUrl>#point</styleUrl><Point><altitudeMode>clampToGround</altitudeMode><coordinates>12.011504117399454,46.529276221990585,2634.1500000000001</coordinates></Point></Placemark><Placemark><TimeSpan><begin>2026-08-03T09:21:47Z</begin><end>2026-08-03T09:21:55Z</end></TimeSpan><styleUrl>#point</styleUrl><Point><altitudeMode>clampToGround</altitudeMode><coordinates>12.011442761868238,46.529278066009283,2634.1500000000001</coordinates></Point></Placemark><Placemark><TimeSpan><begin>2026-08-03T09:21:55Z</begin><end>2026-08-03T09:22:05Z</end></TimeSpan><styleUrl>#point</styleUrl><Point><altitudeMode>clampToGround</altitudeMode><coordinates>12.01137444935739,46.529275132343173,2635.5900000000001</coordinates></Point></Placemark><Placemark><TimeSpan><begin>2026-08-03T09:22:05Z</begin><end>2026-08-03T09:22:14Z</end></TimeSpan><styleUrl>#point</styleUrl><Point><altitudeMode>clampToGround</altitudeMode><coordinates>12.011432619765401,46.529218219220638,2636.0700000000002</coordinates></Point></Placemark><Placemark><TimeSpan><begin>2026-08-03T09:22:14Z</begin><end>2026-08-03T09:22:17Z</end></TimeSpan><styleUrl>#point</styleUrl><Point><altitudeMode>clampToGround</altitudeMode><coordinates>12.011457681655884,46.529198857024312,2636.5500000000002</coordinates></Point></Placemark><Placemark><TimeSpan><begin>2026-08-03T09:22:17Z</begin><end>2026-08-03T09:22:27Z</end></TimeSpan><styleUrl>#point</styleUrl><Point><altitudeMode>clampToGround</altitudeMode><coordinates>12.011536555364728,46.52914110571146,2638.48</coordinates></Point></Placemark><Placemark><TimeSpan><begin>2026-08-03T09:22:27Z</begin><end>2026-08-03T09:22:37Z</end></TimeSpan><styleUrl>#point</styleUrl><Point><altitudeMode>clampToGround</altitudeMode><coordinates>12.011604448780417,46.529110427945852,2640.4000000000001</coordinates></Point></Placemark><Placemark><TimeSpan><begin>2026-08-03T09:22:37Z</begin><end>2026-08-03T09:22:46Z</end></TimeSpan><styleUrl>#point</styleUrl><Point><altitudeMode>clampToGround</altitudeMode><coordinates>12.011638646945357,46.52908637188375,2641.8400000000001</coordinates></Point></Placemark><Placemark><TimeSpan><begin>2026-08-03T09:22:46Z</begin><end>2026-08-03T09:22:57Z</end></TimeSpan><styleUrl>#point</styleUrl><Point><altitudeMode>clampToGround</altitudeMode><coordinates>12.011639820411801,46.529057957231998,2643.7600000000002</coordinates></Point></Placemark><Placemark><TimeSpan><begin>2026-08-03T09:22:57Z</begin><end>2026-08-03T09:23:06Z</end></TimeSpan><styleUrl>#point</styleUrl><Point><altitudeMode>clampToGround</altitudeMode><coordinates>12.01156253926456,46.529064495116472,2644.7199999999998</coordinates></Point></Placemark><Placemark><TimeSpan><begin>2026-08-03T09:23:06Z</begin><end>2026-08-03T09:23:17Z</end></TimeSpan><styleUrl>#point</styleUrl><Point><altitudeMode>clampToGround</altitudeMode><coordinates>12.011473942548037,46.529045468196273,2646.6500000000001</coordinates></Point></Placemark><Placemark><TimeSpan><begin>2026-08-03T09:23:17Z</begin><end>2026-08-03T09:23:31Z</end></TimeSpan><styleUrl>#point</styleUrl><Point><altitudeMode>clampToGround</altitudeMode><coordinates>12.011469667777419,46.529058460146189,2647.6100000000001</coordinates></Point></Placemark><Placemark><TimeSpan><begin>2026-08-03T09:23:31Z</begin><end>2026-08-03T09:23:55Z</end></TimeSpan><styleUrl>#point</styleUrl><Point><altitudeMode>clampToGround</altitudeMode><coordinates>12.011450892314315,46.529061729088426,2647.6100000000001</coordinates></Point></Placemark><Placemark><TimeSpan><begin>2026-08-03T09:23:55Z</begin><end>2026-08-03T09:24:10Z</end></TimeSpan><styleUrl>#point</styleUrl><Point><altitudeMode>clampToGround</altitudeMode><coordinates>12.011451479047537,46.529055442661047,2647.6100000000001</coordinates></Point></Placemark><Placemark><TimeSpan><begin>2026-08-03T09:24:10Z</begin><end>2026-08-03T09:24:26Z</end></TimeSpan><styleUrl>#point</styleUrl><Point><altitudeMode>clampToGround</altitudeMode><coordinates>12.011404791846871,46.529056699946523,2648.5700000000002</coordinates></Point></Placemark><Placemark><TimeSpan><begin>2026-08-03T09:24:26Z</begin><end>2026-08-03T09:24:36Z</end></TimeSpan><styleUrl>#point</styleUrl><Point><altitudeMode>clampToGround</altitudeMode><coordinates>12.011343687772751,46.529039349406958,2649.5300000000002</coordinates></Point></Placemark><Placemark><TimeSpan><begin>2026-08-03T09:24:36Z</begin><end>2026-08-03T09:24:46Z</end></TimeSpan><styleUrl>#point</styleUrl><Point><altitudeMode>clampToGround</altitudeMode><coordinates>12.011344106867909,46.528967181220651,2650.4899999999998</coordinates></Point></Placemark><Placemark><TimeSpan><begin>2026-08-03T09:24:46Z</begin><end>2026-08-03T09:24:55Z</end></TimeSpan><styleUrl>#point</styleUrl><Point><altitudeMode>clampToGround</altitudeMode><coordinates>12.011416023597121,46.528922002762556,2652.4200000000001</coordinates></Point></Placemark><Placemark><TimeSpan><begin>2026-08-03T09:24:55Z</begin><end>2026-08-03T09:25:05Z</end></TimeSpan><styleUrl>#point</styleUrl><Point><altitudeMode>clampToGround</altitudeMode><coordinates>12.011480648070574,46.528871124610305,2654.3400000000001</coordinates></Point></Placemark><Placemark><TimeSpan><begin>2026-08-03T09:25:05Z</begin><end>2026-08-03T09:25:17Z</end></TimeSpan><styleUrl>#point</styleUrl><Point><altitudeMode>clampToGround</altitudeMode><coordinates>12.011549295857549,46.528813121840358,2656.2600000000002</coordinates></Point></Placemark><Placemark><TimeSpan><begin>2026-08-03T09:25:17Z</begin><end>2026-08-03T09:25:28Z</end></TimeSpan><styleUrl>#point</styleUrl><Point><altitudeMode>clampToGround</altitudeMode><coordinates>12.011542003601789,46.528825024142861,2656.7399999999998</coordinates></Point></Placemark><Placemark><TimeSpan><begin>2026-08-03T09:25:28Z</begin><end>2026-08-03T09:25:44Z</end></TimeSpan><styleUrl>#point</styleUrl><Point><altitudeMode>clampToGround</altitudeMode><coordinates>12.01152540743351,46.528843967244029,2656.7399999999998</coordinates></Point></Placemark><Placemark><TimeSpan><begin>2026-08-03T09:25:44Z</begin><end>2026-08-03T09:25:55Z</end></TimeSpan><styleUrl>#point</styleUrl><Point><altitudeMode>clampToGround</altitudeMode><coordinates>12.011481737717986,46.528861569240689,2657.2199999999998</coordinates></Point></Placemark><Placemark><TimeSpan><begin>2026-08-03T09:25:55Z</begin><end>2026-08-03T09:26:05Z</end></TimeSpan><styleUrl>#point</styleUrl><Point><altitudeMode>clampToGround</altitudeMode><coordinates>12.011408815160394,46.528859473764896,2658.6599999999999</coordinates></Point></Placemark><Placemark><TimeSpan><begin>2026-08-03T09:26:05Z</begin><end>2026-08-03T09:26:14Z</end></TimeSpan><styleUrl>#point</styleUrl><Point><altitudeMode>clampToGround</altitudeMode><coordinates>12.011402109637856,46.528840446844697,2658.1799999999998</coordinates></Point></Placemark><Placemark><TimeSpan><begin>2026-08-03T09:26:14Z</begin><end>2026-08-03T09:26:25Z</end></TimeSpan><styleUrl>#point</styleUrl><Point><altitudeMode>clampToGround</altitudeMode><coordinates>12.011392554268241,46.528841536492109,2658.6599999999999</coordinates></Point></Placemark><Placemark><TimeSpan><begin>2026-08-03T09:26:25Z</begin><end>2026-08-03T09:26:35Z</end></TimeSpan><styleUrl>#point</styleUrl><Point><altitudeMode>clampToGround</altitudeMode><coordinates>12.01129381544888,46.528857043012977,2659.6199999999999</coordinates></Point></Placemark><Placemark><TimeSpan><begin>2026-08-03T09:26:35Z</begin><end>2026-08-03T09:26:45Z</end></TimeSpan><styleUrl>#point</styleUrl><Point><altitudeMode>clampToGround</altitudeMode><coordinates>12.011189041659236,46.528862658888102,2661.0700000000002</coordinates></Point></Placemark><Placemark><TimeSpan><begin>2026-08-03T09:26:45Z</begin><end>2026-08-03T09:26:56Z</end></TimeSpan><styleUrl>#point</styleUrl><Point><altitudeMode>clampToGround</altitudeMode><coordinates>12.011063145473599,46.528873303905129,2662.5100000000002</coordinates></Point></Placemark><Placemark><TimeSpan><begin>2026-08-03T09:26:56Z</begin><end>2026-08-03T09:27:06Z</end></TimeSpan><styleUrl>#point</styleUrl><Point><altitudeMode>clampToGround</altitudeMode><coordinates>12.01094152405858,46.528870118781924,2663.4699999999998</coordinates></Point></Placemark><Placemark><TimeSpan><begin>2026-08-03T09:27:06Z</begin><end>2026-08-03T09:27:14Z</end></TimeSpan><styleUrl>#point</styleUrl><Point><altitudeMode>clampToGround</altitudeMode><coordinates>12.010877234861255,46.528831394389272,2664.9099999999999</coordinates></Point></Placemark><Placemark><TimeSpan><begin>2026-08-03T09:27:14Z</begin><end>2026-08-03T09:27:24Z</end></TimeSpan><styleUrl>#point</styleUrl><Point><altitudeMode>clampToGround</altitudeMode><coordinates>12.010823925957084,46.528780600056052,2666.3499999999999</coordinates></Point></Placemark><Placemark><TimeSpan><begin>2026-08-03T09:27:24Z</begin><end>2026-08-03T09:27:34Z</end></TimeSpan><styleUrl>#point</styleUrl><Point><altitudeMode>clampToGround</altitudeMode><coordinates>12.010921826586127,46.528730392456055,2667.3099999999999</coordinates></Point></Placemark><Placemark><TimeSpan><begin>2026-08-03T09:27:34Z</begin><end>2026-08-03T09:27:44Z</end></TimeSpan><styleUrl>#point</styleUrl><Point><altitudeMode>clampToGround</altitudeMode><coordinates>12.010842366144061,46.528709521517158,2669.7199999999998</coordinates></Point></Placemark><Placemark><TimeSpan><begin>2026-08-03T09:27:44Z</begin><end>2026-08-03T09:27:53Z</end></TimeSpan><styleUrl>#point</styleUrl><Point><altitudeMode>clampToGround</altitudeMode><coordinates>12.010798444971442,46.528677251189947,2671.1599999999999</coordinates></Point></Placemark><Placemark><TimeSpan><begin>2026-08-03T09:27:53Z</begin><end>2026-08-03T09:28:02Z</end></TimeSpan><styleUrl>#point</styleUrl><Point><altitudeMode>clampToGround</altitudeMode><coordinates>12.010848149657249,46.5286451485008,2672.5999999999999</coordinates></Point></Placemark><Placemark><TimeSpan><begin>2026-08-03T09:28:02Z</begin><end>2026-08-03T09:28:12Z</end></TimeSpan><styleUrl>#point</styleUrl><Point><altitudeMode>clampToGround</altitudeMode><coordinates>12.010793415829539,46.528608938679099,2674.04</coordinates></Point></Placemark><Placemark><TimeSpan><begin>2026-08-03T09:28:12Z</begin><end>2026-08-03T09:28:23Z</end></TimeSpan><styleUrl>#point</styleUrl><Point><altitudeMode>clampToGround</altitudeMode><coordinates>12.010685121640563,46.52859577909112,2675.0100000000002</coordinates></Point></Placemark><Placemark><TimeSpan><begin>2026-08-03T09:28:23Z</begin><end>2026-08-03T09:28:24Z</end></TimeSpan><styleUrl>#point</styleUrl><Point><altitudeMode>clampToGround</altitudeMode><coordinates>12.010670704767108,46.528597958385944,2675.0100000000002</coordinates></Point></Placemark><Placemark><TimeSpan><begin>2026-08-03T09:28:24Z</begin><end>2026-08-03T09:28:35Z</end></TimeSpan><styleUrl>#point</styleUrl><Point><altitudeMode>clampToGround</altitudeMode><coordinates>12.010566098615527,46.528601478785276,2676.4499999999998</coordinates></Point></Placemark><Placemark><TimeSpan><begin>2026-08-03T09:28:35Z</begin><end>2026-08-03T09:28:44Z</end></TimeSpan><styleUrl>#point</styleUrl><Point><altitudeMode>clampToGround</altitudeMode><coordinates>12.010508431121707,46.528602400794625,2677.8899999999999</coordinates></Point></Placemark><Placemark><TimeSpan><begin>2026-08-03T09:28:44Z</begin><end>2026-08-03T09:28:54Z</end></TimeSpan><styleUrl>#point</styleUrl><Point><altitudeMode>clampToGround</altitudeMode><coordinates>12.010449338704348,46.528589073568583,2679.3299999999999</coordinates></Point></Placemark><Placemark><TimeSpan><begin>2026-08-03T09:28:54Z</begin><end>2026-08-03T09:29:07Z</end></TimeSpan><styleUrl>#point</styleUrl><Point><altitudeMode>clampToGround</altitudeMode><coordinates>12.010475490242243,46.528531489893794,2679.8099999999999</coordinates></Point></Placemark><Placemark><TimeSpan><begin>2026-08-03T09:29:07Z</begin><end>2026-08-03T09:29:14Z</end></TimeSpan><styleUrl>#point</styleUrl><Point><altitudeMode>clampToGround</altitudeMode><coordinates>12.010515807196498,46.528486981987953,2680.77</coordinates></Point></Placemark><Placemark><TimeSpan><begin>2026-08-03T09:29:14Z</begin><end>2026-08-03T09:29:20Z</end></TimeSpan><styleUrl>#point</styleUrl><Point><altitudeMode>clampToGround</altitudeMode><coordinates>12.010563751682639,46.528447167947888,2681.25</coordinates></Point></Placemark><Placemark><TimeSpan><begin>2026-08-03T09:29:20Z</begin><end>2026-08-03T09:29:32Z</end></TimeSpan><styleUrl>#point</styleUrl><Point><altitudeMode>clampToGround</altitudeMode><coordinates>12.010611360892653,46.528364606201649,2683.1799999999998</coordinates></Point></Placemark><Placemark><TimeSpan><begin>2026-08-03T09:29:32Z</begin><end>2026-08-03T09:29:42Z</end></TimeSpan><styleUrl>#point</styleUrl><Point><altitudeMode>clampToGround</altitudeMode><coordinates>12.010656455531716,46.528327474370599,2684.6199999999999</coordinates></Point></Placemark><Placemark><TimeSpan><begin>2026-08-03T09:29:42Z</begin><end>2026-08-03T09:29:51Z</end></TimeSpan><styleUrl>#point</styleUrl><Point><altitudeMode>clampToGround</altitudeMode><coordinates>12.010660395026207,46.528301574289799,2686.0599999999999</coordinates></Point></Placemark><Placemark><TimeSpan><begin>2026-08-03T09:29:51Z</begin><end>2026-08-03T09:29:58Z</end></TimeSpan><styleUrl>#point</styleUrl><Point><altitudeMode>clampToGround</altitudeMode><coordinates>12.01062586158514,46.528290258720517,2686.54</coordinates></Point></Placemark><Placemark><TimeSpan><begin>2026-08-03T09:29:58Z</begin><end>2026-08-03T09:30:15Z</end></TimeSpan><styleUrl>#point</styleUrl><Point><altitudeMode>clampToGround</altitudeMode><coordinates>12.010634746402502,46.528287660330534,2687.5</coordinates></Point></Placemark><Placemark><TimeSpan><begin>2026-08-03T09:30:15Z</begin><end>2026-08-03T09:30:27Z</end></TimeSpan><styleUrl>#point</styleUrl><Point><altitudeMode>clampToGround</altitudeMode><coordinates>12.010582443326712,46.528301322832704,2687.98</coordinates></Point></Placemark><Placemark><TimeSpan><begin>2026-08-03T09:30:27Z</begin><end>2026-08-03T09:30:37Z</end></TimeSpan><styleUrl>#point</styleUrl><Point><altitudeMode>clampToGround</altitudeMode><coordinates>12.010506754741073,46.528299981728196,2689.9099999999999</coordinates></Point></Placemark><Placemark><TimeSpan><begin>2026-08-03T09:30:37Z</begin><end>2026-08-03T09:30:46Z</end></TimeSpan><styleUrl>#point</styleUrl><Point><altitudeMode>clampToGround</altitudeMode><coordinates>12.010521925985813,46.528242314234376,2690.3899999999999</coordinates></Point></Placemark><Placemark><TimeSpan><begin>2026-08-03T09:30:46Z</begin><end>2026-08-03T09:30:55Z</end></TimeSpan><styleUrl>#point</styleUrl><Point><altitudeMode>clampToGround</altitudeMode><coordinates>12.010575486347079,46.528186742216349,2691.8299999999999</coordinates></Point></Placemark><Placemark><TimeSpan><begin>2026-08-03T09:30:55Z</begin><end>2026-08-03T09:31:04Z</end></TimeSpan><styleUrl>#point</styleUrl><Point><altitudeMode>clampToGround</altitudeMode><coordinates>12.010625945404172,46.528136283159256,2692.79</coordinates></Point></Placemark><Placemark><TimeSpan><begin>2026-08-03T09:31:04Z</begin><end>2026-08-03T09:31:14Z</end></TimeSpan><styleUrl>#point</styleUrl><Point><altitudeMode>clampToGround</altitudeMode><coordinates>12.010670620948076,46.528087416663766,2693.75</coordinates></Point></Placemark><Placemark><TimeSpan><begin>2026-08-03T09:31:14Z</begin><end>2026-08-03T09:31:25Z</end></TimeSpan><styleUrl>#point</styleUrl><Point><altitudeMode>clampToGround</altitudeMode><coordinates>12.010638853535056,46.528076604008675,2695.1900000000001</coordinates></Point></Placemark><Placemark><TimeSpan><begin>2026-08-03T09:31:25Z</begin><end>2026-08-03T09:31:36Z</end></TimeSpan><styleUrl>#point</styleUrl><Point><altitudeMode>clampToGround</altitudeMode><coordinates>12.010590322315693,46.528080962598324,2696.1500000000001</coordinates></Point></Placemark><Placemark><TimeSpan><begin>2026-08-03T09:31:36Z</begin><end>2026-08-03T09:31:46Z</end></TimeSpan><styleUrl>#point</styleUrl><Point><altitudeMode>clampToGround</altitudeMode><coordinates>12.010527374222875,46.528068892657757,2698.0799999999999</coordinates></Point></Placemark><Placemark><TimeSpan><begin>2026-08-03T09:31:46Z</begin><end>2026-08-03T09:31:57Z</end></TimeSpan><styleUrl>#point</styleUrl><Point><altitudeMode>clampToGround</altitudeMode><coordinates>12.010501474142075,46.528050033375621,2699.04</coordinates></Point></Placemark><Placemark><TimeSpan><begin>2026-08-03T09:31:57Z</begin><end>2026-08-03T09:32:06Z</end></TimeSpan><styleUrl>#point</styleUrl><Point><altitudeMode>clampToGround</altitudeMode><coordinates>12.010494517162442,46.528002256527543,2700</coordinates></Point></Placemark><Placemark><TimeSpan><begin>2026-08-03T09:32:06Z</begin><end>2026-08-03T09:32:16Z</end></TimeSpan><styleUrl>#point</styleUrl><Point><altitudeMode>clampToGround</altitudeMode><coordinates>12.010456463322043,46.52797769755125,2702.4000000000001</coordinates></Point></Placemark><Placemark><TimeSpan><begin>2026-08-03T09:32:16Z</begin><end>2026-08-03T09:32:24Z</end></TimeSpan><styleUrl>#point</styleUrl><Point><altitudeMode>clampToGround</altitudeMode><coordinates>12.010478256270289,46.527929836884141,2703.3600000000001</coordinates></Point></Placemark><Placemark><TimeSpan><begin>2026-08-03T09:32:24Z</begin><end>2026-08-03T09:32:32Z</end></TimeSpan><styleUrl>#point</styleUrl><Point><altitudeMode>clampToGround</altitudeMode><coordinates>12.010557549074292,46.527867559343576,2703.8499999999999</coordinates></Point></Placemark><Placemark><TimeSpan><begin>2026-08-03T09:32:32Z</begin><end>2026-08-03T09:32:43Z</end></TimeSpan><styleUrl>#point</styleUrl><Point><altitudeMode>clampToGround</altitudeMode><coordinates>12.010614294558764,46.527812657877803,2704.8099999999999</coordinates></Point></Placemark><Placemark><TimeSpan><begin>2026-08-03T09:32:43Z</begin><end>2026-08-03T09:32:53Z</end></TimeSpan><styleUrl>#point</styleUrl><Point><altitudeMode>clampToGround</altitudeMode><coordinates>12.010597446933389,46.527803689241409,2706.25</coordinates></Point></Placemark><Placemark><TimeSpan><begin>2026-08-03T09:32:53Z</begin><end>2026-08-03T09:33:05Z</end></TimeSpan><styleUrl>#point</styleUrl><Point><altitudeMode>clampToGround</altitudeMode><coordinates>12.010620748624206,46.527808299288154,2706.25</coordinates></Point></Placemark><Placemark><TimeSpan><begin>2026-08-03T09:33:05Z</begin><end>2026-08-03T09:33:22Z</end></TimeSpan><styleUrl>#point</styleUrl><Point><altitudeMode>clampToGround</altitudeMode><coordinates>12.010614965111017,46.527800671756268,2706.25</coordinates></Point></Placemark><Placemark><TimeSpan><begin>2026-08-03T09:33:22Z</begin><end>2026-08-03T09:33:41Z</end></TimeSpan><styleUrl>#point</styleUrl><Point><altitudeMode>clampToGround</altitudeMode><coordinates>12.010630387812853,46.527806287631392,2706.25</coordinates></Point></Placemark><Placemark><TimeSpan><begin>2026-08-03T09:33:41Z</begin><end>2026-08-03T09:34:02Z</end></TimeSpan><styleUrl>#point</styleUrl><Point><altitudeMode>clampToGround</altitudeMode><coordinates>12.010623095557094,46.527804275974631,2706.25</coordinates></Point></Placemark><Placemark><TimeSpan><begin>2026-08-03T09:34:02Z</begin><end>2026-08-03T09:34:23Z</end></TimeSpan><styleUrl>#point</styleUrl><Point><altitudeMode>clampToGround</altitudeMode><coordinates>12.010641787201166,46.527813747525215,2706.25</coordinates></Point></Placemark><Placemark><TimeSpan><begin>2026-08-03T09:34:23Z</begin><end>2026-08-03T09:34:43Z</end></TimeSpan><styleUrl>#point</styleUrl><Point><altitudeMode>clampToGround</altitudeMode><coordinates>12.010637009516358,46.527812657877803,2706.73</coordinates></Point></Placemark><Placemark><TimeSpan><begin>2026-08-03T09:34:43Z</begin><end>2026-08-03T09:35:03Z</end></TimeSpan><styleUrl>#point</styleUrl><Point><altitudeMode>clampToGround</altitudeMode><coordinates>12.010584957897663,46.527790194377303,2706.73</coordinates></Point></Placemark><Placemark><TimeSpan><begin>2026-08-03T09:35:03Z</begin><end>2026-08-03T09:35:16Z</end></TimeSpan><styleUrl>#point</styleUrl><Point><altitudeMode>clampToGround</altitudeMode><coordinates>12.010571379214525,46.527789272367954,2706.73</coordinates></Point></Placemark><Placemark><TimeSpan><begin>2026-08-03T09:35:16Z</begin><end>2026-08-03T09:35:34Z</end></TimeSpan><styleUrl>#point</styleUrl><Point><altitudeMode>clampToGround</altitudeMode><coordinates>12.010560650378466,46.527796732261777,2706.73</coordinates></Point></Placemark><Placemark><TimeSpan><begin>2026-08-03T09:35:34Z</begin><end>2026-08-03T09:35:45Z</end></TimeSpan><styleUrl>#point</styleUrl><Point><altitudeMode>clampToGround</altitudeMode><coordinates>12.01043869368732,46.527835540473461,2707.21</coordinates></Point></Placemark><Placemark><TimeSpan><begin>2026-08-03T09:35:45Z</begin><end>2026-08-03T09:35:49Z</end></TimeSpan><styleUrl>#point</styleUrl><Point><altitudeMode>clampToGround</altitudeMode><coordinates>12.010392006486654,46.527848951518536,2708.1700000000001</coordinates></Point></Placemark><Placemark><TimeSpan><begin>2026-08-03T09:35:49Z</begin><end>2026-08-03T09:35:52Z</end></TimeSpan><styleUrl>#point</styleUrl><Point><altitudeMode>clampToGround</altitudeMode><coordinates>12.010348504409194,46.527856830507517,2710.0900000000001</coordinates></Point></Placemark><Placemark><TimeSpan><begin>2026-08-03T09:35:52Z</begin><end>2026-08-03T09:35:54Z</end></TimeSpan><styleUrl>#point</styleUrl><Point><altitudeMode>clampToGround</altitudeMode><coordinates>12.010320844128728,46.52786529622972,2708.6500000000001</coordinates></Point></Placemark><Placemark><TimeSpan><begin>2026-08-03T09:35:54Z</begin><end>2026-08-03T09:36:02Z</end></TimeSpan><styleUrl>#point</styleUrl><Point><altitudeMode>clampToGround</altitudeMode><coordinates>12.010216237977147,46.52789169922471,2708.6500000000001</coordinates></Point></Placemark><Placemark><TimeSpan><begin>2026-08-03T09:36:02Z</begin><end>2026-08-03T09:36:08Z</end></TimeSpan><styleUrl>#point</styleUrl><Point><altitudeMode>clampToGround</altitudeMode><coordinates>12.010135101154447,46.527909468859434,2710.0900000000001</coordinates></Point></Placemark><Placemark><TimeSpan><begin>2026-08-03T09:36:08Z</begin><end>2026-08-03T09:36:09Z</end></TimeSpan><styleUrl>#point</styleUrl><Point><altitudeMode>clampToGround</altitudeMode><coordinates>12.010120349004865,46.527911983430386,2710.0900000000001</coordinates></Point></Placemark><Placemark><TimeSpan><begin>2026-08-03T09:36:09Z</begin><end>2026-08-03T09:36:14Z</end></TimeSpan><styleUrl>#point</styleUrl><Point><altitudeMode>clampToGround</altitudeMode><coordinates>12.010059077292681,46.527929082512856,2710.5700000000002</coordinates></Point></Placemark><Placemark><TimeSpan><begin>2026-08-03T09:36:14Z</begin><end>2026-08-03T09:36:20Z</end></TimeSpan><styleUrl>#point</styleUrl><Point><altitudeMode>clampToGround</altitudeMode><coordinates>12.010083384811878,46.527878120541573,2711.0599999999999</coordinates></Point></Placemark><Placemark><TimeSpan><begin>2026-08-03T09:36:20Z</begin><end>2026-08-03T09:36:32Z</end></TimeSpan><styleUrl>#point</styleUrl><Point><altitudeMode>clampToGround</altitudeMode><coordinates>12.010151781141758,46.527793547138572,2712.02</coordinates></Point></Placemark><Placemark><TimeSpan><begin>2026-08-03T09:36:32Z</begin><end>2026-08-03T09:36:33Z</end></TimeSpan><styleUrl>#point</styleUrl><Point><altitudeMode>clampToGround</altitudeMode><coordinates>12.010137028992176,46.527798576280475,2712.5</coordinates></Point></Placemark><Placemark><TimeSpan><begin>2026-08-03T09:36:33Z</begin><end>2026-08-03T09:36:43Z</end></TimeSpan><styleUrl>#point</styleUrl><Point><altitudeMode>clampToGround</altitudeMode><coordinates>12.009997302666306,46.527817267924547,2714.4200000000001</coordinates></Point></Placemark><Placemark><TimeSpan><begin>2026-08-03T09:36:43Z</begin><end>2026-08-03T09:36:52Z</end></TimeSpan><styleUrl>#point</styleUrl><Point><altitudeMode>clampToGround</altitudeMode><coordinates>12.009880878031254,46.527835289016366,2715.3800000000001</coordinates></Point></Placemark><Placemark><TimeSpan><begin>2026-08-03T09:36:52Z</begin><end>2026-08-03T09:36:53Z</end></TimeSpan><styleUrl>#point</styleUrl><Point><altitudeMode>clampToGround</altitudeMode><coordinates>12.009869059547782,46.527837133035064,2715.3800000000001</coordinates></Point></Placemark><Placemark><TimeSpan><begin>2026-08-03T09:36:53Z</begin><end>2026-08-03T09:36:56Z</end></TimeSpan><styleUrl>#point</styleUrl><Point><altitudeMode>clampToGround</altitudeMode><coordinates>12.009835112839937,46.527839815244079,2715.8600000000001</coordinates></Point></Placemark><Placemark><TimeSpan><begin>2026-08-03T09:36:56Z</begin><end>2026-08-03T09:37:06Z</end></TimeSpan><styleUrl>#point</styleUrl><Point><altitudeMode>clampToGround</altitudeMode><coordinates>12.009798986837268,46.527793798595667,2716.8200000000002</coordinates></Point></Placemark><Placemark><TimeSpan><begin>2026-08-03T09:37:06Z</begin><end>2026-08-03T09:37:21Z</end></TimeSpan><styleUrl>#point</styleUrl><Point><altitudeMode>clampToGround</altitudeMode><coordinates>12.010002918541431,46.527695897966623,2717.7800000000002</coordinates></Point></Placemark><Placemark><TimeSpan><begin>2026-08-03T09:37:21Z</begin><end>2026-08-03T09:37:25Z</end></TimeSpan><styleUrl>#point</styleUrl><Point><altitudeMode>clampToGround</altitudeMode><coordinates>12.010052790865302,46.527671925723553,2717.7800000000002</coordinates></Point></Placemark><Placemark><TimeSpan><begin>2026-08-03T09:37:25Z</begin><end>2026-08-03T09:37:31Z</end></TimeSpan><styleUrl>#point</styleUrl><Point><altitudeMode>clampToGround</altitudeMode><coordinates>12.010118253529072,46.527643175795674,2717.7800000000002</coordinates></Point></Placemark><Placemark><TimeSpan><begin>2026-08-03T09:37:31Z</begin><end>2026-08-03T09:37:43Z</end></TimeSpan><styleUrl>#point</styleUrl><Point><altitudeMode>clampToGround</altitudeMode><coordinates>12.010201988741755,46.527607636526227,2716.3400000000001</coordinates></Point></Placemark><Placemark><TimeSpan><begin>2026-08-03T09:37:43Z</begin><end>2026-08-03T09:37:59Z</end></TimeSpan><styleUrl>#point</styleUrl><Point><altitudeMode>clampToGround</altitudeMode><coordinates>12.010192349553108,46.5276073012501,2716.3400000000001</coordinates></Point></Placemark><Placemark><TimeSpan><begin>2026-08-03T09:37:59Z</begin><end>2026-08-03T09:38:22Z</end></TimeSpan><styleUrl>#point</styleUrl><Point><altitudeMode>clampToGround</altitudeMode><coordinates>12.010191762819886,46.527610905468464,2716.8200000000002</coordinates></Point></Placemark><Placemark><TimeSpan><begin>2026-08-03T09:38:22Z</begin><end>2026-08-03T09:38:32Z</end></TimeSpan><styleUrl>#point</styleUrl><Point><altitudeMode>clampToGround</altitudeMode><coordinates>12.010212382301688,46.527615934610367,2716.8200000000002</coordinates></Point></Placemark><Placemark><TimeSpan><begin>2026-08-03T09:38:32Z</begin><end>2026-08-03T09:38:45Z</end></TimeSpan><styleUrl>#point</styleUrl><Point><altitudeMode>clampToGround</altitudeMode><coordinates>12.010236606001854,46.527617024257779,2716.8200000000002</coordinates></Point></Placemark><Placemark><TimeSpan><begin>2026-08-03T09:38:45Z</begin><end>2026-08-03T09:39:07Z</end></TimeSpan><styleUrl>#point</styleUrl><Point><altitudeMode>clampToGround</altitudeMode><coordinates>12.010209364816546,46.527616605162621,2716.3400000000001</coordinates></Point></Placemark><Placemark><TimeSpan><begin>2026-08-03T09:39:07Z</begin><end>2026-08-03T09:39:30Z</end></TimeSpan><styleUrl>#point</styleUrl><Point><altitudeMode>clampToGround</altitudeMode><coordinates>12.010202659294009,46.527612917125225,2716.3400000000001</coordinates></Point></Placemark><Placemark><TimeSpan><begin>2026-08-03T09:39:30Z</begin><end>2026-08-03T09:39:55Z</end></TimeSpan><styleUrl>#point</styleUrl><Point><altitudeMode>clampToGround</altitudeMode><coordinates>12.01021053828299,46.527605876326561,2716.3400000000001</coordinates></Point></Placemark><Placemark><TimeSpan><begin>2026-08-03T09:39:55Z</begin><end>2026-08-03T09:40:18Z</end></TimeSpan><styleUrl>#point</styleUrl><Point><altitudeMode>clampToGround</altitudeMode><coordinates>12.010212633758783,46.52763512916863,2716.3400000000001</coordinates></Point></Placemark><Placemark><TimeSpan><begin>2026-08-03T09:40:18Z</begin><end>2026-08-03T09:40:31Z</end></TimeSpan><styleUrl>#point</styleUrl><Point><altitudeMode>clampToGround</altitudeMode><coordinates>12.010200396180153,46.527632866054773,2716.3400000000001</coordinates></Point></Placemark><Placemark><TimeSpan><begin>2026-08-03T09:40:31Z</begin><end>2026-08-03T09:40:41Z</end></TimeSpan><styleUrl>#point</styleUrl><Point><altitudeMode>clampToGround</altitudeMode><coordinates>12.010142058134079,46.527649210765958,2716.3400000000001</coordinates></Point></Placemark><Placemark><TimeSpan><begin>2026-08-03T09:40:41Z</begin><end>2026-08-03T09:40:52Z</end></TimeSpan><styleUrl>#point</styleUrl><Point><altitudeMode>clampToGround</altitudeMode><coordinates>12.010094616562128,46.527695143595338,2716.8200000000002</coordinates></Point></Placemark><Placemark><TimeSpan><begin>2026-08-03T09:40:52Z</begin><end>2026-08-03T09:40:54Z</end></TimeSpan><styleUrl>#point</styleUrl><Point><altitudeMode>clampToGround</altitudeMode><coordinates>12.010081205517054,46.5277040284127,2716.8200000000002</coordinates></Point></Placemark><Placemark><TimeSpan><begin>2026-08-03T09:40:54Z</begin><end>2026-08-03T09:40:59Z</end></TimeSpan><styleUrl>#point</styleUrl><Point><altitudeMode>clampToGround</altitudeMode><coordinates>12.010010965168476,46.527735460549593,2716.8200000000002</coordinates></Point></Placemark><Placemark><TimeSpan><begin>2026-08-03T09:40:59Z</begin><end>2026-08-03T09:41:07Z</end></TimeSpan><styleUrl>#point</styleUrl><Point><altitudeMode>clampToGround</altitudeMode><coordinates>12.009901497513056,46.527782063931227,2716.8200000000002</coordinates></Point></Placemark><Placemark><TimeSpan><begin>2026-08-03T09:41:07Z</begin><end>2026-08-03T09:41:09Z</end></TimeSpan><styleUrl>#point</styleUrl><Point><altitudeMode>clampToGround</altitudeMode><coordinates>12.009871825575829,46.527786673977971,2716.8200000000002</coordinates></Point></Placemark><Placemark><TimeSpan><begin>2026-08-03T09:41:09Z</begin><end>2026-08-03T09:41:15Z</end></TimeSpan><styleUrl>#point</styleUrl><Point><altitudeMode>clampToGround</altitudeMode><coordinates>12.009787755087018,46.527820955961943,2716.8200000000002</coordinates></Point></Placemark><Placemark><TimeSpan><begin>2026-08-03T09:41:15Z</begin><end>2026-08-03T09:41:17Z</end></TimeSpan><styleUrl>#point</styleUrl><Point><altitudeMode>clampToGround</altitudeMode><coordinates>12.009760430082679,46.527825063094497,2716.8200000000002</coordinates></Point></Placemark><Placemark><TimeSpan><begin>2026-08-03T09:41:17Z</begin><end>2026-08-03T09:41:19Z</end></TimeSpan><styleUrl>#point</styleUrl><Point><altitudeMode>clampToGround</altitudeMode><coordinates>12.009731931611896,46.52782472781837,2716.8200000000002</coordinates></Point></Placemark><Placemark><TimeSpan><begin>2026-08-03T09:41:19Z</begin><end>2026-08-03T09:41:23Z</end></TimeSpan><styleUrl>#point</styleUrl><Point><altitudeMode>clampToGround</altitudeMode><coordinates>12.00966571457684,46.527817184105515,2716.8200000000002</coordinates></Point></Placemark><Placemark><TimeSpan><begin>2026-08-03T09:41:23Z</begin><end>2026-08-03T09:41:33Z</end></TimeSpan><styleUrl>#point</styleUrl><Point><altitudeMode>clampToGround</altitudeMode><coordinates>12.009535292163491,46.527766641229391,2718.75</coordinates></Point></Placemark><Placemark><TimeSpan><begin>2026-08-03T09:41:33Z</begin><end>2026-08-03T09:41:42Z</end></TimeSpan><styleUrl>#point</styleUrl><Point><altitudeMode>clampToGround</altitudeMode><coordinates>12.009407971054316,46.527755744755268,2720.1900000000001</coordinates></Point></Placemark><Placemark><TimeSpan><begin>2026-08-03T09:41:42Z</begin><end>2026-08-03T09:41:44Z</end></TimeSpan><styleUrl>#point</styleUrl><Point><altitudeMode>clampToGround</altitudeMode><coordinates>12.009378466755152,46.527761612087488,2720.1900000000001</coordinates></Point></Placemark><Placemark><TimeSpan><begin>2026-08-03T09:41:44Z</begin><end>2026-08-03T09:41:46Z</end></TimeSpan><styleUrl>#point</styleUrl><Point><altitudeMode>clampToGround</altitudeMode><coordinates>12.009351393207908,46.527760690078139,2720.6700000000001</coordinates></Point></Placemark><Placemark><TimeSpan><begin>2026-08-03T09:41:46Z</begin><end>2026-08-03T09:41:56Z</end></TimeSpan><styleUrl>#point</styleUrl><Point><altitudeMode>clampToGround</altitudeMode><coordinates>12.009219629690051,46.527782650664449,2721.6300000000001</coordinates></Point></Placemark><Placemark><TimeSpan><begin>2026-08-03T09:41:56Z</begin><end>2026-08-03T09:42:10Z</end></TimeSpan><styleUrl>#point</styleUrl><Point><altitudeMode>clampToGround</altitudeMode><coordinates>12.009034641087055,46.527801090851426,2723.0700000000002</coordinates></Point></Placemark><Placemark><TimeSpan><begin>2026-08-03T09:42:10Z</begin><end>2026-08-03T09:42:19Z</end></TimeSpan><styleUrl>#point</styleUrl><Point><altitudeMode>clampToGround</altitudeMode><coordinates>12.008971441537142,46.527820620685816,2723.5500000000002</coordinates></Point></Placemark><Placemark><TimeSpan><begin>2026-08-03T09:42:19Z</begin><end>2026-08-03T09:42:28Z</end></TimeSpan><styleUrl>#point</styleUrl><Point><altitudeMode>clampToGround</altitudeMode><coordinates>12.008877312764525,46.527834283187985,2724.5100000000002</coordinates></Point></Placemark><Placemark><TimeSpan><begin>2026-08-03T09:42:28Z</begin><end>2026-08-03T09:42:30Z</end></TimeSpan><styleUrl>#point</styleUrl><Point><altitudeMode>clampToGround</altitudeMode><coordinates>12.008851496502757,46.527842665091157,2724.5100000000002</coordinates></Point></Placemark><Placemark><TimeSpan><begin>2026-08-03T09:42:30Z</begin><end>2026-08-03T09:42:32Z</end></TimeSpan><styleUrl>#point</styleUrl><Point><altitudeMode>clampToGround</altitudeMode><coordinates>12.008830793201923,46.527858087792993,2724.9899999999998</coordinates></Point></Placemark><Placemark><TimeSpan><begin>2026-08-03T09:42:32Z</begin><end>2026-08-03T09:42:36Z</end></TimeSpan><styleUrl>#point</styleUrl><Point><altitudeMode>clampToGround</altitudeMode><coordinates>12.008778741583228,46.527880132198334,2724.9899999999998</coordinates></Point></Placemark><Placemark><TimeSpan><begin>2026-08-03T09:42:36Z</begin><end>2026-08-03T09:42:49Z</end></TimeSpan><styleUrl>#point</styleUrl><Point><altitudeMode>clampToGround</altitudeMode><coordinates>12.008674554526806,46.527895554900169,2725.96</coordinates></Point></Placemark><Placemark><TimeSpan><begin>2026-08-03T09:42:49Z</begin><end>2026-08-03T09:42:55Z</end></TimeSpan><styleUrl>#point</styleUrl><Point><altitudeMode>clampToGround</altitudeMode><coordinates>12.008640607818961,46.527875522151589,2726.4400000000001</coordinates></Point></Placemark><Placemark><TimeSpan><begin>2026-08-03T09:42:55Z</begin><end>2026-08-03T09:42:59Z</end></TimeSpan><styleUrl>#point</styleUrl><Point><altitudeMode>clampToGround</altitudeMode><coordinates>12.008670447394252,46.527838390320539,2726.9200000000001</coordinates></Point></Placemark><Placemark><TimeSpan><begin>2026-08-03T09:42:59Z</begin><end>2026-08-03T09:43:03Z</end></TimeSpan><styleUrl>#point</styleUrl><Point><altitudeMode>clampToGround</altitudeMode><coordinates>12.008705735206604,46.527802851051092,2727.4000000000001</coordinates></Point></Placemark><Placemark><TimeSpan><begin>2026-08-03T09:43:03Z</begin><end>2026-08-03T09:43:18Z</end></TimeSpan><styleUrl>#point</styleUrl><Point><altitudeMode>clampToGround</altitudeMode><coordinates>12.008853340521455,46.527696400880814,2728.3600000000001</coordinates></Point></Placemark><Placemark><TimeSpan><begin>2026-08-03T09:43:18Z</begin><end>2026-08-03T09:43:29Z</end></TimeSpan><styleUrl>#point</styleUrl><Point><altitudeMode>clampToGround</altitudeMode><coordinates>12.008857112377882,46.527688521891832,2729.3200000000002</coordinates></Point></Placemark><Placemark><TimeSpan><begin>2026-08-03T09:43:29Z</begin><end>2026-08-03T09:43:41Z</end></TimeSpan><styleUrl>#point</styleUrl><Point><altitudeMode>clampToGround</altitudeMode><coordinates>12.008750243112445,46.527738478034735,2730.7600000000002</coordinates></Point></Placemark><Placemark><TimeSpan><begin>2026-08-03T09:43:41Z</begin><end>2026-08-03T09:43:48Z</end></TimeSpan><styleUrl>#point</styleUrl><Point><altitudeMode>clampToGround</altitudeMode><coordinates>12.00874412432313,46.527752056717873,2731.2399999999998</coordinates></Point></Placemark><Placemark><TimeSpan><begin>2026-08-03T09:43:48Z</begin><end>2026-08-03T09:43:53Z</end></TimeSpan><styleUrl>#point</styleUrl><Point><altitudeMode>clampToGround</altitudeMode><coordinates>12.008684864267707,46.527768485248089,2731.7199999999998</coordinates></Point></Placemark><Placemark><TimeSpan><begin>2026-08-03T09:43:53Z</begin><end>2026-08-03T09:44:02Z</end></TimeSpan><styleUrl>#point</styleUrl><Point><altitudeMode>clampToGround</altitudeMode><coordinates>12.008577072992921,46.52779589407146,2732.6799999999998</coordinates></Point></Placemark><Placemark><TimeSpan><begin>2026-08-03T09:44:02Z</begin><end>2026-08-03T09:44:14Z</end></TimeSpan><styleUrl>#point</styleUrl><Point><altitudeMode>clampToGround</altitudeMode><coordinates>12.008471461012959,46.527860518544912,2733.1700000000001</coordinates></Point></Placemark><Placemark><TimeSpan><begin>2026-08-03T09:44:14Z</begin><end>2026-08-03T09:44:27Z</end></TimeSpan><styleUrl>#point</styleUrl><Point><altitudeMode>clampToGround</altitudeMode><coordinates>12.008466348052025,46.527859680354595,2733.1700000000001</coordinates></Point></Placemark><Placemark><TimeSpan><begin>2026-08-03T09:44:27Z</begin><end>2026-08-03T09:44:35Z</end></TimeSpan><styleUrl>#point</styleUrl><Point><altitudeMode>clampToGround</altitudeMode><coordinates>12.008518734946847,46.527800168842077,2733.1700000000001</coordinates></Point></Placemark><Placemark><TimeSpan><begin>2026-08-03T09:44:35Z</begin><end>2026-08-03T09:44:42Z</end></TimeSpan><styleUrl>#point</styleUrl><Point><altitudeMode>clampToGround</altitudeMode><coordinates>12.008596183732152,46.527747698128223,2732.1999999999998</coordinates></Point></Placemark><Placemark><TimeSpan><begin>2026-08-03T09:44:42Z</begin><end>2026-08-03T09:44:54Z</end></TimeSpan><styleUrl>#point</styleUrl><Point><altitudeMode>clampToGround</altitudeMode><coordinates>12.00874119065702,46.527698999270797,2731.2399999999998</coordinates></Point></Placemark><Placemark><TimeSpan><begin>2026-08-03T09:44:54Z</begin><end>2026-08-03T09:45:07Z</end></TimeSpan><styleUrl>#point</styleUrl><Point><altitudeMode>clampToGround</altitudeMode><coordinates>12.008854849264026,46.527656419202685,2730.2800000000002</coordinates></Point></Placemark><Placemark><TimeSpan><begin>2026-08-03T09:45:07Z</begin><end>2026-08-03T09:45:16Z</end></TimeSpan><styleUrl>#point</styleUrl><Point><altitudeMode>clampToGround</altitudeMode><coordinates>12.008795086294413,46.527670919895172,2730.2800000000002</coordinates></Point></Placemark><Placemark><TimeSpan><begin>2026-08-03T09:45:16Z</begin><end>2026-08-03T09:45:18Z</end></TimeSpan><styleUrl>#point</styleUrl><Point><altitudeMode>clampToGround</altitudeMode><coordinates>12.008785447105765,46.527677876874804,2731.7199999999998</coordinates></Point></Placemark><Placemark><TimeSpan><begin>2026-08-03T09:45:18Z</begin><end>2026-08-03T09:45:27Z</end></TimeSpan><styleUrl>#point</styleUrl><Point><altitudeMode>clampToGround</altitudeMode><coordinates>12.008714284747839,46.527692126110196,2732.6799999999998</coordinates></Point></Placemark><Placemark><TimeSpan><begin>2026-08-03T09:45:27Z</begin><end>2026-08-03T09:45:36Z</end></TimeSpan><styleUrl>#point</styleUrl><Point><altitudeMode>clampToGround</altitudeMode><coordinates>12.008621580898762,46.527701178565621,2734.6100000000001</coordinates></Point></Placemark><Placemark><TimeSpan><begin>2026-08-03T09:45:36Z</begin><end>2026-08-03T09:45:45Z</end></TimeSpan><styleUrl>#point</styleUrl><Point><altitudeMode>clampToGround</altitudeMode><coordinates>12.008532481268048,46.527710314840078,2736.5300000000002</coordinates></Point></Placemark><Placemark><TimeSpan><begin>2026-08-03T09:45:45Z</begin><end>2026-08-03T09:45:56Z</end></TimeSpan><styleUrl>#point</styleUrl><Point><altitudeMode>clampToGround</altitudeMode><coordinates>12.008413625881076,46.527718445286155,2737.9699999999998</coordinates></Point></Placemark><Placemark><TimeSpan><begin>2026-08-03T09:45:56Z</begin><end>2026-08-03T09:46:08Z</end></TimeSpan><styleUrl>#point</styleUrl><Point><altitudeMode>clampToGround</altitudeMode><coordinates>12.008311785757542,46.527704447507858,2739.4099999999999</coordinates></Point></Placemark><Placemark><TimeSpan><begin>2026-08-03T09:46:08Z</begin><end>2026-08-03T09:46:20Z</end></TimeSpan><styleUrl>#point</styleUrl><Point><altitudeMode>clampToGround</altitudeMode><coordinates>12.008232409134507,46.527651641517878,2742.3000000000002</coordinates></Point></Placemark><Placemark><TimeSpan><begin>2026-08-03T09:46:20Z</begin><end>2026-08-03T09:46:29Z</end></TimeSpan><styleUrl>#point</styleUrl><Point><altitudeMode>clampToGround</altitudeMode><coordinates>12.008181614801288,46.52762096375227,2742.7800000000002</coordinates></Point></Placemark><Placemark><TimeSpan><begin>2026-08-03T09:46:29Z</begin><end>2026-08-03T09:46:39Z</end></TimeSpan><styleUrl>#point</styleUrl><Point><altitudeMode>clampToGround</altitudeMode><coordinates>12.008148338645697,46.527597494423389,2742.3000000000002</coordinates></Point></Placemark><Placemark><TimeSpan><begin>2026-08-03T09:46:39Z</begin><end>2026-08-03T09:46:50Z</end></TimeSpan><styleUrl>#point</styleUrl><Point><altitudeMode>clampToGround</altitudeMode><coordinates>12.008149093016982,46.527598332613707,2742.7800000000002</coordinates></Point></Placemark><Placemark><TimeSpan><begin>2026-08-03T09:46:50Z</begin><end>2026-08-03T09:47:09Z</end></TimeSpan><styleUrl>#point</styleUrl><Point><altitudeMode>clampToGround</altitudeMode><coordinates>12.008161582052708,46.527593471109867,2741.3400000000001</coordinates></Point></Placemark><Placemark><TimeSpan><begin>2026-08-03T09:47:09Z</begin><end>2026-08-03T09:47:31Z</end></TimeSpan><styleUrl>#point</styleUrl><Point><altitudeMode>clampToGround</altitudeMode><coordinates>12.008166024461389,46.527604535222054,2741.8200000000002</coordinates></Point></Placemark><Placemark><TimeSpan><begin>2026-08-03T09:47:31Z</begin><end>2026-08-03T09:47:55Z</end></TimeSpan><styleUrl>#point</styleUrl><Point><altitudeMode>clampToGround</altitudeMode><coordinates>12.008187985047698,46.527607468888164,2741.8200000000002</coordinates></Point></Placemark><Placemark><TimeSpan><begin>2026-08-03T09:47:55Z</begin><end>2026-08-03T09:48:22Z</end></TimeSpan><styleUrl>#point</styleUrl><Point><altitudeMode>clampToGround</altitudeMode><coordinates>12.008180022239685,46.527600763365626,2741.3400000000001</coordinates></Point></Placemark><Placemark><TimeSpan><begin>2026-08-03T09:48:22Z</begin><end>2026-08-03T09:48:45Z</end></TimeSpan><styleUrl>#point</styleUrl><Point><altitudeMode>clampToGround</altitudeMode><coordinates>12.008172478526831,46.52759900316596,2741.3400000000001</coordinates></Point></Placemark><Placemark><TimeSpan><begin>2026-08-03T09:48:45Z</begin><end>2026-08-03T09:49:10Z</end></TimeSpan><styleUrl>#point</styleUrl><Point><altitudeMode>clampToGround</altitudeMode><coordinates>12.008161246776581,46.527590872719884,2741.8200000000002</coordinates></Point></Placemark><Placemark><TimeSpan><begin>2026-08-03T09:49:10Z</begin><end>2026-08-03T09:49:35Z</end></TimeSpan><styleUrl>#point</styleUrl><Point><altitudeMode>clampToGround</altitudeMode><coordinates>12.008158145472407,46.527594225481153,2741.8200000000002</coordinates></Point></Placemark><Placemark><TimeSpan><begin>2026-08-03T09:49:35Z</begin><end>2026-08-03T09:49:56Z</end></TimeSpan><styleUrl>#point</styleUrl><Point><altitudeMode>clampToGround</altitudeMode><coordinates>12.008155966177583,46.52759070508182,2741.8200000000002</coordinates></Point></Placemark><Placemark><TimeSpan><begin>2026-08-03T09:49:56Z</begin><end>2026-08-03T09:50:29Z</end></TimeSpan><styleUrl>#point</styleUrl><Point><altitudeMode>clampToGround</altitudeMode><coordinates>12.008146578446031,46.527583077549934,2741.8200000000002</coordinates></Point></Placemark><Placemark><TimeSpan><begin>2026-08-03T09:50:29Z</begin><end>2026-08-03T09:50:58Z</end></TimeSpan><styleUrl>#point</styleUrl><Point><altitudeMode>clampToGround</altitudeMode><coordinates>12.008148087188601,46.527578886598349,2742.3000000000002</coordinates></Point></Placemark><Placemark><TimeSpan><begin>2026-08-03T09:50:58Z</begin><end>2026-08-03T09:51:25Z</end></TimeSpan><styleUrl>#point</styleUrl><Point><altitudeMode>clampToGround</altitudeMode><coordinates>12.008160743862391,46.527566062286496,2742.3000000000002</coordinates></Point></Placemark><Placemark><TimeSpan><begin>2026-08-03T09:51:25Z</begin><end>2026-08-03T09:51:53Z</end></TimeSpan><styleUrl>#point</styleUrl><Point><altitudeMode>clampToGround</altitudeMode><coordinates>12.008180944249034,46.527594896033406,2742.3000000000002</coordinates></Point></Placemark><Placemark><TimeSpan><begin>2026-08-03T09:51:53Z</begin><end>2026-08-03T09:52:18Z</end></TimeSpan><styleUrl>#point</styleUrl><Point><altitudeMode>clampToGround</altitudeMode><coordinates>12.008175244554877,46.527601266279817,2742.3000000000002</coordinates></Point></Placemark><Placemark><TimeSpan><begin>2026-08-03T09:52:18Z</begin><end>2026-08-03T09:52:49Z</end></TimeSpan><styleUrl>#point</styleUrl><Point><altitudeMode>clampToGround</altitudeMode><coordinates>12.008154792711139,46.527596656233072,2742.3000000000002</coordinates></Point></Placemark><Placemark><TimeSpan><begin>2026-08-03T09:52:49Z</begin><end>2026-08-03T09:53:15Z</end></TimeSpan><styleUrl>#point</styleUrl><Point><altitudeMode>clampToGround</altitudeMode><coordinates>12.008152613416314,46.527595901861787,2742.3000000000002</coordinates></Point></Placemark><Placemark><TimeSpan><begin>2026-08-03T09:53:15Z</begin><end>2026-08-03T09:53:47Z</end></TimeSpan><styleUrl>#point</styleUrl><Point><altitudeMode>clampToGround</altitudeMode><coordinates>12.008144063875079,46.527598584070802,2742.7800000000002</coordinates></Point></Placemark><Placemark><TimeSpan><begin>2026-08-03T09:53:47Z</begin><end>2026-08-03T09:54:14Z</end></TimeSpan><styleUrl>#point</styleUrl><Point><altitudeMode>clampToGround</altitudeMode><coordinates>12.008164515718818,46.527591124176979,2743.7399999999998</coordinates></Point></Placemark><Placemark><TimeSpan><begin>2026-08-03T09:54:14Z</begin><end>2026-08-03T09:54:39Z</end></TimeSpan><styleUrl>#point</styleUrl><Point><altitudeMode>clampToGround</altitudeMode><coordinates>12.008176585659385,46.527595818042755,2744.2199999999998</coordinates></Point></Placemark><Placemark><TimeSpan><begin>2026-08-03T09:54:39Z</begin><end>2026-08-03T09:55:08Z</end></TimeSpan><styleUrl>#point</styleUrl><Point><altitudeMode>clampToGround</altitudeMode><coordinates>12.008156385272741,46.527598667889833,2744.2199999999998</coordinates></Point></Placemark><Placemark><TimeSpan><begin>2026-08-03T09:55:08Z</begin><end>2026-08-03T09:55:36Z</end></TimeSpan><styleUrl>#point</styleUrl><Point><altitudeMode>clampToGround</altitudeMode><coordinates>12.008157474920154,46.527611408382654,2744.2199999999998</coordinates></Point></Placemark><Placemark><TimeSpan><begin>2026-08-03T09:55:36Z</begin><end>2026-08-03T09:56:06Z</end></TimeSpan><styleUrl>#point</styleUrl><Point><altitudeMode>clampToGround</altitudeMode><coordinates>12.008163677528501,46.527606211602688,2744.2199999999998</coordinates></Point></Placemark><Placemark><TimeSpan><begin>2026-08-03T09:56:06Z</begin><end>2026-08-03T09:56:32Z</end></TimeSpan><styleUrl>#point</styleUrl><Point><altitudeMode>clampToGround</altitudeMode><coordinates>12.008154289796948,46.527614761143923,2744.6999999999998</coordinates></Point></Placemark><Placemark><TimeSpan><begin>2026-08-03T09:56:32Z</begin><end>2026-08-03T09:57:02Z</end></TimeSpan><styleUrl>#point</styleUrl><Point><altitudeMode>clampToGround</altitudeMode><coordinates>12.008146578446031,46.527610654011369,2745.1799999999998</coordinates></Point></Placemark><Placemark><TimeSpan><begin>2026-08-03T09:57:02Z</begin><end>2026-08-03T09:57:26Z</end></TimeSpan><styleUrl>#point</styleUrl><Point><altitudeMode>clampToGround</altitudeMode><coordinates>12.008158564567566,46.52760679833591,2745.1799999999998</coordinates></Point></Placemark><Placemark><TimeSpan><begin>2026-08-03T09:57:26Z</begin><end>2026-08-03T09:57:51Z</end></TimeSpan><styleUrl>#point</styleUrl><Point><altitudeMode>clampToGround</altitudeMode><coordinates>12.008138112723827,46.527591794729233,2745.1799999999998</coordinates></Point></Placemark><Placemark><TimeSpan><begin>2026-08-03T09:57:51Z</begin><end>2026-08-03T09:58:22Z</end></TimeSpan><styleUrl>#point</styleUrl><Point><altitudeMode>clampToGround</altitudeMode><coordinates>12.008141800761223,46.527589028701186,2745.1799999999998</coordinates></Point></Placemark><Placemark><TimeSpan><begin>2026-08-03T09:58:22Z</begin><end>2026-08-03T09:58:46Z</end></TimeSpan><styleUrl>#point</styleUrl><Point><altitudeMode>clampToGround</altitudeMode><coordinates>12.008158229291439,46.52758726850152,2745.6599999999999</coordinates></Point></Placemark><Placemark><TimeSpan><begin>2026-08-03T09:58:46Z</begin><end>2026-08-03T09:59:14Z</end></TimeSpan><styleUrl>#point</styleUrl><Point><altitudeMode>clampToGround</altitudeMode><coordinates>12.00815973803401,46.527594057843089,2745.6599999999999</coordinates></Point></Placemark><Placemark><TimeSpan><begin>2026-08-03T09:59:14Z</begin><end>2026-08-03T09:59:43Z</end></TimeSpan><styleUrl>#point</styleUrl><Point><altitudeMode>clampToGround</altitudeMode><coordinates>12.008186224848032,46.527605121955276,2745.6599999999999</coordinates></Point></Placemark><Placemark><TimeSpan><begin>2026-08-03T09:59:43Z</begin><end>2026-08-03T10:00:11Z</end></TimeSpan><styleUrl>#point</styleUrl><Point><altitudeMode>clampToGround</altitudeMode><coordinates>12.008166611194611,46.527616856619716,2745.6599999999999</coordinates></Point></Placemark><Placemark><TimeSpan><begin>2026-08-03T10:00:11Z</begin><end>2026-08-03T10:00:39Z</end></TimeSpan><styleUrl>#point</styleUrl><Point><altitudeMode>clampToGround</altitudeMode><coordinates>12.008148254826665,46.527605457231402,2745.6599999999999</coordinates></Point></Placemark><Placemark><TimeSpan><begin>2026-08-03T10:00:39Z</begin><end>2026-08-03T10:01:05Z</end></TimeSpan><styleUrl>#point</styleUrl><Point><altitudeMode>clampToGround</altitudeMode><coordinates>12.008135849609971,46.527617694810033,2746.1399999999999</coordinates></Point></Placemark><Placemark><TimeSpan><begin>2026-08-03T10:01:05Z</begin><end>2026-08-03T10:01:30Z</end></TimeSpan><styleUrl>#point</styleUrl><Point><altitudeMode>clampToGround</altitudeMode><coordinates>12.008129227906466,46.527612414211035,2746.1399999999999</coordinates></Point></Placemark><Placemark><TimeSpan><begin>2026-08-03T10:01:30Z</begin><end>2026-08-03T10:01:59Z</end></TimeSpan><styleUrl>#point</styleUrl><Point><altitudeMode>clampToGround</altitudeMode><coordinates>12.008131658658385,46.527629345655441,2746.1399999999999</coordinates></Point></Placemark><Placemark><TimeSpan><begin>2026-08-03T10:01:59Z</begin><end>2026-08-03T10:02:28Z</end></TimeSpan><styleUrl>#point</styleUrl><Point><altitudeMode>clampToGround</altitudeMode><coordinates>12.008155127987266,46.527633871883154,2746.1399999999999</coordinates></Point></Placemark><Placemark><TimeSpan><begin>2026-08-03T10:02:28Z</begin><end>2026-08-03T10:02:52Z</end></TimeSpan><styleUrl>#point</styleUrl><Point><altitudeMode>clampToGround</altitudeMode><coordinates>12.008165689185262,46.52762196958065,2746.1399999999999</coordinates></Point></Placemark><Placemark><TimeSpan><begin>2026-08-03T10:02:52Z</begin><end>2026-08-03T10:03:17Z</end></TimeSpan><styleUrl>#point</styleUrl><Point><altitudeMode>clampToGround</altitudeMode><coordinates>12.008152781054378,46.527604032307863,2746.1399999999999</coordinates></Point></Placemark><Placemark><TimeSpan><begin>2026-08-03T10:03:17Z</begin><end>2026-08-03T10:03:45Z</end></TimeSpan><styleUrl>#point</styleUrl><Point><altitudeMode>clampToGround</altitudeMode><coordinates>12.008155714720488,46.527606463059783,2746.6199999999999</coordinates></Point></Placemark><Placemark><TimeSpan><begin>2026-08-03T10:03:45Z</begin><end>2026-08-03T10:04:18Z</end></TimeSpan><styleUrl>#point</styleUrl><Point><altitudeMode>clampToGround</altitudeMode><coordinates>12.008136184886098,46.527603613212705,2746.6199999999999</coordinates></Point></Placemark><Placemark><TimeSpan><begin>2026-08-03T10:04:18Z</begin><end>2026-08-03T10:04:46Z</end></TimeSpan><styleUrl>#point</styleUrl><Point><altitudeMode>clampToGround</altitudeMode><coordinates>12.008131658658385,46.527604954317212,2746.6199999999999</coordinates></Point></Placemark><Placemark><TimeSpan><begin>2026-08-03T10:04:46Z</begin><end>2026-08-03T10:05:17Z</end></TimeSpan><styleUrl>#point</styleUrl><Point><altitudeMode>clampToGround</altitudeMode><coordinates>12.008140459656715,46.527604535222054,2746.6199999999999</coordinates></Point></Placemark><Placemark><TimeSpan><begin>2026-08-03T10:05:17Z</begin><end>2026-08-03T10:05:38Z</end></TimeSpan><styleUrl>#point</styleUrl><Point><altitudeMode>clampToGround</altitudeMode><coordinates>12.00815387070179,46.527583077549934,2746.6199999999999</coordinates></Point></Placemark><Placemark><TimeSpan><begin>2026-08-03T10:05:38Z</begin><end>2026-08-03T10:06:10Z</end></TimeSpan><styleUrl>#point</styleUrl><Point><altitudeMode>clampToGround</altitudeMode><coordinates>12.00817096978426,46.527588525786996,2747.0999999999999</coordinates></Point></Placemark><Placemark><TimeSpan><begin>2026-08-03T10:06:10Z</begin><end>2026-08-03T10:06:43Z</end></TimeSpan><styleUrl>#point</styleUrl><Point><altitudeMode>clampToGround</altitudeMode><coordinates>12.008172562345862,46.527579640969634,2747.0999999999999</coordinates></Point></Placemark><Placemark><TimeSpan><begin>2026-08-03T10:06:43Z</begin><end>2026-08-03T10:07:22Z</end></TimeSpan><styleUrl>#point</styleUrl><Point><altitudeMode>clampToGround</altitudeMode><coordinates>12.008164180442691,46.52756916359067,2747.0999999999999</coordinates></Point></Placemark><Placemark><TimeSpan><begin>2026-08-03T10:07:22Z</begin><end>2026-08-03T10:07:51Z</end></TimeSpan><styleUrl>#point</styleUrl><Point><altitudeMode>clampToGround</altitudeMode><coordinates>12.008163509890437,46.527580227702856,2747.0999999999999</coordinates></Point></Placemark><Placemark><TimeSpan><begin>2026-08-03T10:07:51Z</begin><end>2026-08-03T10:08:25Z</end></TimeSpan><styleUrl>#point</styleUrl><Point><altitudeMode>clampToGround</altitudeMode><coordinates>12.008156720548868,46.527583580464125,2747.0999999999999</coordinates></Point></Placemark><Placemark><TimeSpan><begin>2026-08-03T10:08:25Z</begin><end>2026-08-03T10:09:05Z</end></TimeSpan><styleUrl>#point</styleUrl><Point><altitudeMode>clampToGround</altitudeMode><coordinates>12.008167365565896,46.527594728395343,2747.0999999999999</coordinates></Point></Placemark><Placemark><TimeSpan><begin>2026-08-03T10:09:05Z</begin><end>2026-08-03T10:09:36Z</end></TimeSpan><styleUrl>#point</styleUrl><Point><altitudeMode>clampToGround</altitudeMode><coordinates>12.008159402757883,46.527589783072472,2747.5900000000001</coordinates></Point></Placemark><Placemark><TimeSpan><begin>2026-08-03T10:09:36Z</begin><end>2026-08-03T10:10:11Z</end></TimeSpan><styleUrl>#point</styleUrl><Point><altitudeMode>clampToGround</altitudeMode><coordinates>12.00818563811481,46.52759313583374,2747.5900000000001</coordinates></Point></Placemark><Placemark><TimeSpan><begin>2026-08-03T10:10:11Z</begin><end>2026-08-03T10:10:45Z</end></TimeSpan><styleUrl>#point</styleUrl><Point><altitudeMode>clampToGround</altitudeMode><coordinates>12.008163342252374,46.52759506367147,2747.5900000000001</coordinates></Point></Placemark><Placemark><TimeSpan><begin>2026-08-03T10:10:45Z</begin><end>2026-08-03T10:11:21Z</end></TimeSpan><styleUrl>#point</styleUrl><Point><altitudeMode>clampToGround</altitudeMode><coordinates>12.008152613416314,46.52759263291955,2747.5900000000001</coordinates></Point></Placemark><Placemark><TimeSpan><begin>2026-08-03T10:11:21Z</begin><end>2026-08-03T10:11:49Z</end></TimeSpan><styleUrl>#point</styleUrl><Point><altitudeMode>clampToGround</altitudeMode><coordinates>12.008161582052708,46.527592213824391,2747.5900000000001</coordinates></Point></Placemark><Placemark><TimeSpan><begin>2026-08-03T10:11:49Z</begin><end>2026-08-03T10:12:19Z</end></TimeSpan><styleUrl>#point</styleUrl><Point><altitudeMode>clampToGround</altitudeMode><coordinates>12.008143728598952,46.527594979852438,2746.6199999999999</coordinates></Point></Placemark><Placemark><TimeSpan><begin>2026-08-03T10:12:19Z</begin><end>2026-08-03T10:12:53Z</end></TimeSpan><styleUrl>#point</styleUrl><Point><altitudeMode>clampToGround</altitudeMode><coordinates>12.008152781054378,46.527580479159951,2747.0999999999999</coordinates></Point></Placemark><Placemark><TimeSpan><begin>2026-08-03T10:12:53Z</begin><end>2026-08-03T10:13:20Z</end></TimeSpan><styleUrl>#point</styleUrl><Point><altitudeMode>clampToGround</altitudeMode><coordinates>12.008169461041689,46.527586514130235,2747.0999999999999</coordinates></Point></Placemark><Placemark><TimeSpan><begin>2026-08-03T10:13:20Z</begin><end>2026-08-03T10:13:48Z</end></TimeSpan><styleUrl>#point</styleUrl><Point><altitudeMode>clampToGround</altitudeMode><coordinates>12.008162252604961,46.527577964589,2747.0999999999999</coordinates></Point></Placemark><Placemark><TimeSpan><begin>2026-08-03T10:13:48Z</begin><end>2026-08-03T10:14:02Z</end></TimeSpan><styleUrl>#point</styleUrl><Point><altitudeMode>clampToGround</altitudeMode><coordinates>12.008154960349202,46.527590118348598,2748.0700000000002</coordinates></Point></Placemark><Placemark><TimeSpan><begin>2026-08-03T10:14:02Z</begin><end>2026-08-03T10:14:06Z</end></TimeSpan><styleUrl>#point</styleUrl><Point><altitudeMode>clampToGround</altitudeMode><coordinates>12.008154792711139,46.527592046186328,2746.6199999999999</coordinates></Point></Placemark><Placemark><TimeSpan><begin>2026-08-03T10:14:06Z</begin><end>2026-08-03T10:14:08Z</end></TimeSpan><styleUrl>#point</styleUrl><Point><altitudeMode>clampToGround</altitudeMode><coordinates>12.008152781054378,46.527592465281487,2748.0700000000002</coordinates></Point></Placemark><Placemark><TimeSpan><begin>2026-08-03T10:14:08Z</begin><end>2026-08-03T10:14:10Z</end></TimeSpan><styleUrl>#point</styleUrl><Point><altitudeMode>clampToGround</altitudeMode><coordinates>12.008150685578585,46.527593638747931,2747.0999999999999</coordinates></Point></Placemark><Placemark><TimeSpan><begin>2026-08-03T10:14:10Z</begin><end>2026-08-03T10:14:32Z</end></TimeSpan><styleUrl>#point</styleUrl><Point><altitudeMode>clampToGround</altitudeMode><coordinates>12.008134257048368,46.527599589899182,2747.5900000000001</coordinates></Point></Placemark><Placemark><TimeSpan><begin>2026-08-03T10:14:32Z</begin><end>2026-08-03T10:14:57Z</end></TimeSpan><styleUrl>#point</styleUrl><Point><altitudeMode>clampToGround</altitudeMode><coordinates>12.008144231513143,46.527592465281487,2747.5900000000001</coordinates></Point></Placemark><Placemark><TimeSpan><begin>2026-08-03T10:14:57Z</begin><end>2026-08-03T10:15:26Z</end></TimeSpan><styleUrl>#point</styleUrl><Point><altitudeMode>clampToGround</altitudeMode><coordinates>12.008172143250704,46.527589866891503,2747.5900000000001</coordinates></Point></Placemark><Placemark><TimeSpan><begin>2026-08-03T10:15:26Z</begin><end>2026-08-03T10:15:51Z</end></TimeSpan><styleUrl>#point</styleUrl><Point><altitudeMode>clampToGround</altitudeMode><coordinates>12.008155882358551,46.527597662061453,2747.5900000000001</coordinates></Point></Placemark><Placemark><TimeSpan><begin>2026-08-03T10:15:51Z</begin><end>2026-08-03T10:16:14Z</end></TimeSpan><styleUrl>#point</styleUrl><Point><altitudeMode>clampToGround</altitudeMode><coordinates>12.008149176836014,46.527580562978983,2749.0300000000002</coordinates></Point></Placemark><Placemark><TimeSpan><begin>2026-08-03T10:16:14Z</begin><end>2026-08-03T10:16:28Z</end></TimeSpan><styleUrl>#point</styleUrl><Point><altitudeMode>clampToGround</altitudeMode><coordinates>12.0081568043679,46.527573354542255,2749.0300000000002</coordinates></Point></Placemark><Placemark><TimeSpan><begin>2026-08-03T10:16:28Z</begin><end>2026-08-03T10:16:41Z</end></TimeSpan><styleUrl>#point</styleUrl><Point><altitudeMode>clampToGround</altitudeMode><coordinates>12.008158313110471,46.527585256844759,2749.0300000000002</coordinates></Point></Placemark><Placemark><TimeSpan><begin>2026-08-03T10:16:41Z</begin><end>2026-08-03T10:16:50Z</end></TimeSpan><styleUrl>#point</styleUrl><Point><altitudeMode>clampToGround</altitudeMode><coordinates>12.008116822689772,46.527605541050434,2749.0300000000002</coordinates></Point></Placemark><Placemark><TimeSpan><begin>2026-08-03T10:16:50Z</begin><end>2026-08-03T10:16:55Z</end></TimeSpan><styleUrl>#point</styleUrl><Point><altitudeMode>clampToGround</altitudeMode><coordinates>12.008149260655046,46.527634626254439,2749.0300000000002</coordinates></Point></Placemark><Placemark><TimeSpan><begin>2026-08-03T10:16:55Z</begin><end>2026-08-03T10:17:08Z</end></TimeSpan><styleUrl>#point</styleUrl><Point><altitudeMode>clampToGround</altitudeMode><coordinates>12.008305080235004,46.527653988450766,2747.5900000000001</coordinates></Point></Placemark><Placemark><TimeSpan><begin>2026-08-03T10:17:08Z</begin><end>2026-08-03T10:17:09Z</end></TimeSpan><styleUrl>#point</styleUrl><Point><altitudeMode>clampToGround</altitudeMode><coordinates>12.008315306156874,46.527656419202685,2747.5900000000001</coordinates></Point></Placemark><Placemark><TimeSpan><begin>2026-08-03T10:17:09Z</begin><end>2026-08-03T10:17:23Z</end></TimeSpan><styleUrl>#point</styleUrl><Point><altitudeMode>clampToGround</altitudeMode><coordinates>12.008485291153193,46.527677122503519,2744.2199999999998</coordinates></Point></Placemark><Placemark><TimeSpan><begin>2026-08-03T10:17:23Z</begin><end>2026-08-03T10:17:39Z</end></TimeSpan><styleUrl>#point</styleUrl><Point><altitudeMode>clampToGround</altitudeMode><coordinates>12.008679248392582,46.527644852176309,2741.3400000000001</coordinates></Point></Placemark><Placemark><TimeSpan><begin>2026-08-03T10:17:39Z</begin><end>2026-08-03T10:17:50Z</end></TimeSpan><styleUrl>#point</styleUrl><Point><altitudeMode>clampToGround</altitudeMode><coordinates>12.008769772946835,46.527647618204355,2738.9299999999998</coordinates></Point></Placemark><Placemark><TimeSpan><begin>2026-08-03T10:17:50Z</begin><end>2026-08-03T10:18:05Z</end></TimeSpan><styleUrl>#point</styleUrl><Point><altitudeMode>clampToGround</altitudeMode><coordinates>12.008840935304761,46.527619203552604,2737.9699999999998</coordinates></Point></Placemark><Placemark><TimeSpan><begin>2026-08-03T10:18:05Z</begin><end>2026-08-03T10:18:10Z</end></TimeSpan><styleUrl>#point</styleUrl><Point><altitudeMode>clampToGround</altitudeMode><coordinates>12.008865242823958,46.527636637911201,2737.4899999999998</coordinates></Point></Placemark><Placemark><TimeSpan><begin>2026-08-03T10:18:10Z</begin><end>2026-08-03T10:18:20Z</end></TimeSpan><styleUrl>#point</styleUrl><Point><altitudeMode>clampToGround</altitudeMode><coordinates>12.008731551468372,46.527705453336239,2737.0100000000002</coordinates></Point></Placemark><Placemark><TimeSpan><begin>2026-08-03T10:18:20Z</begin><end>2026-08-03T10:18:23Z</end></TimeSpan><styleUrl>#point</styleUrl><Point><altitudeMode>clampToGround</altitudeMode><coordinates>12.008684612810612,46.52771333232522,2737.0100000000002</coordinates></Point></Placemark><Placemark><TimeSpan><begin>2026-08-03T10:18:23Z</begin><end>2026-08-03T10:18:38Z</end></TimeSpan><styleUrl>#point</styleUrl><Point><altitudeMode>clampToGround</altitudeMode><coordinates>12.008467940613627,46.52781056240201,2739.8899999999999</coordinates></Point></Placemark><Placemark><TimeSpan><begin>2026-08-03T10:18:38Z</begin><end>2026-08-03T10:18:50Z</end></TimeSpan><styleUrl>#point</styleUrl><Point><altitudeMode>clampToGround</altitudeMode><coordinates>12.008324023336172,46.527877701446414,2740.3800000000001</coordinates></Point></Placemark><Placemark><TimeSpan><begin>2026-08-03T10:18:50Z</begin><end>2026-08-03T10:19:04Z</end></TimeSpan><styleUrl>#point</styleUrl><Point><altitudeMode>clampToGround</altitudeMode><coordinates>12.008108608424664,46.527917599305511,2741.8200000000002</coordinates></Point></Placemark><Placemark><TimeSpan><begin>2026-08-03T10:19:04Z</begin><end>2026-08-03T10:19:09Z</end></TimeSpan><styleUrl>#point</styleUrl><Point><altitudeMode>clampToGround</altitudeMode><coordinates>12.008044738322496,46.527936290949583,2742.3000000000002</coordinates></Point></Placemark><Placemark><TimeSpan><begin>2026-08-03T10:19:09Z</begin><end>2026-08-03T10:19:12Z</end></TimeSpan><styleUrl>#point</styleUrl><Point><altitudeMode>clampToGround</altitudeMode><coordinates>12.008010037243366,46.527955150231719,2742.3000000000002</coordinates></Point></Placemark><Placemark><TimeSpan><begin>2026-08-03T10:19:12Z</begin><end>2026-08-03T10:19:23Z</end></TimeSpan><styleUrl>#point</styleUrl><Point><altitudeMode>clampToGround</altitudeMode><coordinates>12.007871065288782,46.528024552389979,2743.7399999999998</coordinates></Point></Placemark><Placemark><TimeSpan><begin>2026-08-03T10:19:23Z</begin><end>2026-08-03T10:19:28Z</end></TimeSpan><styleUrl>#point</styleUrl><Point><altitudeMode>clampToGround</altitudeMode><coordinates>12.007808536291122,46.528045674785972,2744.6999999999998</coordinates></Point></Placemark><Placemark><TimeSpan><begin>2026-08-03T10:19:28Z</begin><end>2026-08-03T10:19:38Z</end></TimeSpan><styleUrl>#point</styleUrl><Point><altitudeMode>clampToGround</altitudeMode><coordinates>12.007927894592285,46.527927489951253,2744.6999999999998</coordinates></Point></Placemark><Placemark><TimeSpan><begin>2026-08-03T10:19:38Z</begin><end>2026-08-03T10:19:45Z</end></TimeSpan><styleUrl>#point</styleUrl><Point><altitudeMode>clampToGround</altitudeMode><coordinates>12.007967792451382,46.527858255431056,2745.1799999999998</coordinates></Point></Placemark><Placemark><TimeSpan><begin>2026-08-03T10:19:45Z</begin><end>2026-08-03T10:19:54Z</end></TimeSpan><styleUrl>#point</styleUrl><Point><altitudeMode>clampToGround</altitudeMode><coordinates>12.007836867123842,46.527918605133891,2747.0999999999999</coordinates></Point></Placemark><Placemark><TimeSpan><begin>2026-08-03T10:19:54Z</begin><end>2026-08-03T10:19:59Z</end></TimeSpan><styleUrl>#point</styleUrl><Point><altitudeMode>clampToGround</altitudeMode><coordinates>12.007782552391291,46.52793763205409,2747.5900000000001</coordinates></Point></Placemark><Placemark><TimeSpan><begin>2026-08-03T10:19:59Z</begin><end>2026-08-03T10:20:06Z</end></TimeSpan><styleUrl>#point</styleUrl><Point><altitudeMode>clampToGround</altitudeMode><coordinates>12.007792526856065,46.52788289822638,2748.5500000000002</coordinates></Point></Placemark><Placemark><TimeSpan><begin>2026-08-03T10:20:06Z</begin><end>2026-08-03T10:20:11Z</end></TimeSpan><styleUrl>#point</styleUrl><Point><altitudeMode>clampToGround</altitudeMode><coordinates>12.00775564648211,46.527937212958932,2749.0300000000002</coordinates></Point></Placemark><Placemark><TimeSpan><begin>2026-08-03T10:20:11Z</begin><end>2026-08-03T10:20:15Z</end></TimeSpan><styleUrl>#point</styleUrl><Point><altitudeMode>clampToGround</altitudeMode><coordinates>12.007728908210993,46.527975434437394,2749.5100000000002</coordinates></Point></Placemark><Placemark><TimeSpan><begin>2026-08-03T10:20:15Z</begin><end>2026-08-03T10:20:27Z</end></TimeSpan><styleUrl>#point</styleUrl><Point><altitudeMode>clampToGround</altitudeMode><coordinates>12.007695715874434,46.528091691434383,2750.9499999999998</coordinates></Point></Placemark><Placemark><TimeSpan><begin>2026-08-03T10:20:27Z</begin><end>2026-08-03T10:20:33Z</end></TimeSpan><styleUrl>#point</styleUrl><Point><altitudeMode>clampToGround</altitudeMode><coordinates>12.007658081129193,46.52813988737762,2751.4299999999998</coordinates></Point></Placemark><Placemark><TimeSpan><begin>2026-08-03T10:20:33Z</begin><end>2026-08-03T10:20:43Z</end></TimeSpan><styleUrl>#point</styleUrl><Point><altitudeMode>clampToGround</altitudeMode><coordinates>12.007569903507829,46.528208451345563,2752.3899999999999</coordinates></Point></Placemark><Placemark><TimeSpan><begin>2026-08-03T10:20:43Z</begin><end>2026-08-03T10:20:54Z</end></TimeSpan><styleUrl>#point</styleUrl><Point><altitudeMode>clampToGround</altitudeMode><coordinates>12.007513577118516,46.528215492144227,2752.3899999999999</coordinates></Point></Placemark><Placemark><TimeSpan><begin>2026-08-03T10:20:54Z</begin><end>2026-08-03T10:21:06Z</end></TimeSpan><styleUrl>#point</styleUrl><Point><altitudeMode>clampToGround</altitudeMode><coordinates>12.007603095844388,46.52823275886476,2752.3899999999999</coordinates></Point></Placemark><Placemark><TimeSpan><begin>2026-08-03T10:21:06Z</begin><end>2026-08-03T10:21:13Z</end></TimeSpan><styleUrl>#point</styleUrl><Point><altitudeMode>clampToGround</altitudeMode><coordinates>12.007593456655741,46.52825765311718,2754.3099999999999</coordinates></Point></Placemark><Placemark><TimeSpan><begin>2026-08-03T10:21:13Z</begin><end>2026-08-03T10:21:21Z</end></TimeSpan><styleUrl>#point</styleUrl><Point><altitudeMode>clampToGround</altitudeMode><coordinates>12.007531262934208,46.528261760249734,2755.7600000000002</coordinates></Point></Placemark><Placemark><TimeSpan><begin>2026-08-03T10:21:21Z</begin><end>2026-08-03T10:21:33Z</end></TimeSpan><styleUrl>#point</styleUrl><Point><altitudeMode>clampToGround</altitudeMode><coordinates>12.007514834403992,46.528330659493804,2758.6399999999999</coordinates></Point></Placemark><Placemark><TimeSpan><begin>2026-08-03T10:21:33Z</begin><end>2026-08-03T10:21:44Z</end></TimeSpan><styleUrl>#point</styleUrl><Point><altitudeMode>clampToGround</altitudeMode><coordinates>12.007458256557584,46.528410455211997,2760.5599999999999</coordinates></Point></Placemark><Placemark><TimeSpan><begin>2026-08-03T10:21:44Z</begin><end>2026-08-03T10:21:54Z</end></TimeSpan><styleUrl>#point</styleUrl><Point><altitudeMode>clampToGround</altitudeMode><coordinates>12.007488431409001,46.528439624235034,2761.52</coordinates></Point></Placemark><Placemark><TimeSpan><begin>2026-08-03T10:21:54Z</begin><end>2026-08-03T10:22:04Z</end></TimeSpan><styleUrl>#point</styleUrl><Point><altitudeMode>clampToGround</altitudeMode><coordinates>12.007547775283456,46.528473068028688,2761.52</coordinates></Point></Placemark><Placemark><TimeSpan><begin>2026-08-03T10:22:04Z</begin><end>2026-08-03T10:22:15Z</end></TimeSpan><styleUrl>#point</styleUrl><Point><altitudeMode>clampToGround</altitudeMode><coordinates>12.007544841617346,46.52849025093019,2760.0799999999999</coordinates></Point></Placemark><Placemark><TimeSpan><begin>2026-08-03T10:22:15Z</begin><end>2026-08-03T10:22:29Z</end></TimeSpan><styleUrl>#point</styleUrl><Point><altitudeMode>clampToGround</altitudeMode><coordinates>12.007568646222353,46.528486143797636,2760.0799999999999</coordinates></Point></Placemark><Placemark><TimeSpan><begin>2026-08-03T10:22:29Z</begin><end>2026-08-03T10:22:50Z</end></TimeSpan><styleUrl>#point</styleUrl><Point><altitudeMode>clampToGround</altitudeMode><coordinates>12.007569400593638,46.528484802693129,2760.0799999999999</coordinates></Point></Placemark><Placemark><TimeSpan><begin>2026-08-03T10:22:50Z</begin><end>2026-08-03T10:23:03Z</end></TimeSpan><styleUrl>#point</styleUrl><Point><altitudeMode>clampToGround</altitudeMode><coordinates>12.007523803040385,46.528632072731853,2759.1199999999999</coordinates></Point></Placemark><Placemark><TimeSpan><begin>2026-08-03T10:23:03Z</begin><end>2026-08-03T10:23:15Z</end></TimeSpan><styleUrl>#point</styleUrl><Point><altitudeMode>clampToGround</altitudeMode><coordinates>12.007534531876445,46.528697367757559,2758.1599999999999</coordinates></Point></Placemark><Placemark><TimeSpan><begin>2026-08-03T10:23:15Z</begin><end>2026-08-03T10:23:45Z</end></TimeSpan><styleUrl>#point</styleUrl><Point><altitudeMode>clampToGround</altitudeMode><coordinates>12.007527239620686,46.528703402727842,2758.1599999999999</coordinates></Point></Placemark><Placemark><TimeSpan><begin>2026-08-03T10:23:45Z</begin><end>2026-08-03T10:24:11Z</end></TimeSpan><styleUrl>#point</styleUrl><Point><altitudeMode>clampToGround</altitudeMode><coordinates>12.007533609867096,46.528709270060062,2758.1599999999999</coordinates></Point></Placemark><Placemark><TimeSpan><begin>2026-08-03T10:24:11Z</begin><end>2026-08-03T10:24:35Z</end></TimeSpan><styleUrl>#point</styleUrl><Point><altitudeMode>clampToGround</altitudeMode><coordinates>12.007533861324191,46.528708096593618,2758.1599999999999</coordinates></Point></Placemark><Placemark><TimeSpan><begin>2026-08-03T10:24:35Z</begin><end>2026-08-03T10:24:48Z</end></TimeSpan><styleUrl>#point</styleUrl><Point><altitudeMode>clampToGround</altitudeMode><coordinates>12.00747518800199,46.528721675276756,2758.1599999999999</coordinates></Point></Placemark><Placemark><TimeSpan><begin>2026-08-03T10:24:48Z</begin><end>2026-08-03T10:24:56Z</end></TimeSpan><styleUrl>#point</styleUrl><Point><altitudeMode>clampToGround</altitudeMode><coordinates>12.007371922954917,46.528764087706804,2759.1199999999999</coordinates></Point></Placemark><Placemark><TimeSpan><begin>2026-08-03T10:24:56Z</begin><end>2026-08-03T10:24:59Z</end></TimeSpan><styleUrl>#point</styleUrl><Point><altitudeMode>clampToGround</altitudeMode><coordinates>12.007352812215686,46.528781773522496,2759.1199999999999</coordinates></Point></Placemark><Placemark><TimeSpan><begin>2026-08-03T10:24:59Z</begin><end>2026-08-03T10:25:05Z</end></TimeSpan><styleUrl>#point</styleUrl><Point><altitudeMode>clampToGround</altitudeMode><coordinates>12.007307969033718,46.528821671381593,2758.1599999999999</coordinates></Point></Placemark><Placemark><TimeSpan><begin>2026-08-03T10:25:05Z</begin><end>2026-08-03T10:25:17Z</end></TimeSpan><styleUrl>#point</styleUrl><Point><altitudeMode>clampToGround</altitudeMode><coordinates>12.007190873846412,46.528883362188935,2757.6799999999998</coordinates></Point></Placemark><Placemark><TimeSpan><begin>2026-08-03T10:25:17Z</begin><end>2026-08-03T10:25:29Z</end></TimeSpan><styleUrl>#point</styleUrl><Point><altitudeMode>clampToGround</altitudeMode><coordinates>12.007125411182642,46.528978412970901,2757.6799999999998</coordinates></Point></Placemark><Placemark><TimeSpan><begin>2026-08-03T10:25:29Z</begin><end>2026-08-03T10:25:35Z</end></TimeSpan><styleUrl>#point</styleUrl><Point><altitudeMode>clampToGround</altitudeMode><coordinates>12.007071767002344,46.529015125706792,2757.6799999999998</coordinates></Point></Placemark><Placemark><TimeSpan><begin>2026-08-03T10:25:35Z</begin><end>2026-08-03T10:25:47Z</end></TimeSpan><styleUrl>#point</styleUrl><Point><altitudeMode>clampToGround</altitudeMode><coordinates>12.006944194436073,46.528947986662388,2759.5999999999999</coordinates></Point></Placemark><Placemark><TimeSpan><begin>2026-08-03T10:25:47Z</begin><end>2026-08-03T10:25:56Z</end></TimeSpan><styleUrl>#point</styleUrl><Point><altitudeMode>clampToGround</altitudeMode><coordinates>12.00690203346312,46.528980005532503,2760.0799999999999</coordinates></Point></Placemark><Placemark><TimeSpan><begin>2026-08-03T10:25:56Z</begin><end>2026-08-03T10:26:01Z</end></TimeSpan><styleUrl>#point</styleUrl><Point><altitudeMode>clampToGround</altitudeMode><coordinates>12.006860040128231,46.528947316110134,2760.5599999999999</coordinates></Point></Placemark><Placemark><TimeSpan><begin>2026-08-03T10:26:01Z</begin><end>2026-08-03T10:26:05Z</end></TimeSpan><styleUrl>#point</styleUrl><Point><altitudeMode>clampToGround</altitudeMode><coordinates>12.00681310147047,46.528945388272405,2761.52</coordinates></Point></Placemark><Placemark><TimeSpan><begin>2026-08-03T10:26:05Z</begin><end>2026-08-03T10:26:07Z</end></TimeSpan><styleUrl>#point</styleUrl><Point><altitudeMode>clampToGround</altitudeMode><coordinates>12.006805390119553,46.528964079916477,2761.52</coordinates></Point></Placemark><Placemark><TimeSpan><begin>2026-08-03T10:26:07Z</begin><end>2026-08-03T10:26:21Z</end></TimeSpan><styleUrl>#point</styleUrl><Point><altitudeMode>clampToGround</altitudeMode><coordinates>12.006607912480831,46.528994254767895,2762.9699999999998</coordinates></Point></Placemark><Placemark><TimeSpan><begin>2026-08-03T10:26:21Z</begin><end>2026-08-03T10:26:32Z</end></TimeSpan><styleUrl>#point</styleUrl><Point><altitudeMode>clampToGround</altitudeMode><coordinates>12.006449326872826,46.529000960290432,2763.9299999999998</coordinates></Point></Placemark><Placemark><TimeSpan><begin>2026-08-03T10:26:32Z</begin><end>2026-08-03T10:26:41Z</end></TimeSpan><styleUrl>#point</styleUrl><Point><altitudeMode>clampToGround</altitudeMode><coordinates>12.006396856158972,46.528952093794942,2764.8899999999999</coordinates></Point></Placemark><Placemark><TimeSpan><begin>2026-08-03T10:26:41Z</begin><end>2026-08-03T10:26:45Z</end></TimeSpan><styleUrl>#point</styleUrl><Point><altitudeMode>clampToGround</altitudeMode><coordinates>12.00637573376298,46.528935162350535,2764.8899999999999</coordinates></Point></Placemark><Placemark><TimeSpan><begin>2026-08-03T10:26:45Z</begin><end>2026-08-03T10:26:54Z</end></TimeSpan><styleUrl>#point</styleUrl><Point><altitudeMode>clampToGround</altitudeMode><coordinates>12.00632493942976,46.528916051611304,2764.8899999999999</coordinates></Point></Placemark><Placemark><TimeSpan><begin>2026-08-03T10:26:54Z</begin><end>2026-08-03T10:27:04Z</end></TimeSpan><styleUrl>#point</styleUrl><Point><altitudeMode>clampToGround</altitudeMode><coordinates>12.006323430687189,46.528921164572239,2763.4499999999998</coordinates></Point></Placemark><Placemark><TimeSpan><begin>2026-08-03T10:27:04Z</begin><end>2026-08-03T10:27:15Z</end></TimeSpan><styleUrl>#point</styleUrl><Point><altitudeMode>clampToGround</altitudeMode><coordinates>12.00634547509253,46.528910184279084,2762.9699999999998</coordinates></Point></Placemark><Placemark><TimeSpan><begin>2026-08-03T10:27:15Z</begin><end>2026-08-03T10:27:34Z</end></TimeSpan><styleUrl>#point</styleUrl><Point><altitudeMode>clampToGround</altitudeMode><coordinates>12.006378332152963,46.52888554148376,2762.9699999999998</coordinates></Point></Placemark><Placemark><TimeSpan><begin>2026-08-03T10:27:34Z</begin><end>2026-08-03T10:27:45Z</end></TimeSpan><styleUrl>#point</styleUrl><Point><altitudeMode>clampToGround</altitudeMode><coordinates>12.006374392658472,46.528877578675747,2762.9699999999998</coordinates></Point></Placemark><Placemark><TimeSpan><begin>2026-08-03T10:27:45Z</begin><end>2026-08-03T10:28:08Z</end></TimeSpan><styleUrl>#point</styleUrl><Point><altitudeMode>clampToGround</altitudeMode><coordinates>12.006393922492862,46.528875818476081,2762.9699999999998</coordinates></Point></Placemark><Placemark><TimeSpan><begin>2026-08-03T10:28:08Z</begin><end>2026-08-03T10:28:27Z</end></TimeSpan><styleUrl>#point</styleUrl><Point><altitudeMode>clampToGround</altitudeMode><coordinates>12.006413117051125,46.52887724339962,2762.9699999999998</coordinates></Point></Placemark><Placemark><TimeSpan><begin>2026-08-03T10:28:27Z</begin><end>2026-08-03T10:28:49Z</end></TimeSpan><styleUrl>#point</styleUrl><Point><altitudeMode>clampToGround</altitudeMode><coordinates>12.006406830623746,46.528877913951874,2762.4899999999998</coordinates></Point></Placemark><Placemark><TimeSpan><begin>2026-08-03T10:28:49Z</begin><end>2026-08-03T10:29:11Z</end></TimeSpan><styleUrl>#point</styleUrl><Point><altitudeMode>clampToGround</altitudeMode><coordinates>12.006404651328921,46.528877578675747,2762.4899999999998</coordinates></Point></Placemark><Placemark><TimeSpan><begin>2026-08-03T10:29:11Z</begin><end>2026-08-03T10:29:33Z</end></TimeSpan><styleUrl>#point</styleUrl><Point><altitudeMode>clampToGround</altitudeMode><coordinates>12.006394090130925,46.528881266713142,2762.9699999999998</coordinates></Point></Placemark><Placemark><TimeSpan><begin>2026-08-03T10:29:33Z</begin><end>2026-08-03T10:29:54Z</end></TimeSpan><styleUrl>#point</styleUrl><Point><altitudeMode>clampToGround</altitudeMode><coordinates>12.006398783996701,46.528879338875413,2762.9699999999998</coordinates></Point></Placemark><Placemark><TimeSpan><begin>2026-08-03T10:29:54Z</begin><end>2026-08-03T10:30:19Z</end></TimeSpan><styleUrl>#point</styleUrl><Point><altitudeMode>clampToGround</altitudeMode><coordinates>12.006408255547285,46.528879087418318,2762.9699999999998</coordinates></Point></Placemark><Placemark><TimeSpan><begin>2026-08-03T10:30:19Z</begin><end>2026-08-03T10:30:43Z</end></TimeSpan><styleUrl>#point</styleUrl><Point><altitudeMode>clampToGround</altitudeMode><coordinates>12.00640163384378,46.528879087418318,2762.9699999999998</coordinates></Point></Placemark><Placemark><TimeSpan><begin>2026-08-03T10:30:43Z</begin><end>2026-08-03T10:31:05Z</end></TimeSpan><styleUrl>#point</styleUrl><Point><altitudeMode>clampToGround</altitudeMode><coordinates>12.00640800409019,46.528881518170238,2762.9699999999998</coordinates></Point></Placemark><Placemark><TimeSpan><begin>2026-08-03T10:31:05Z</begin><end>2026-08-03T10:31:28Z</end></TimeSpan><styleUrl>#point</styleUrl><Point><altitudeMode>clampToGround</altitudeMode><coordinates>12.006399957463145,46.528884116560221,2762.9699999999998</coordinates></Point></Placemark><Placemark><TimeSpan><begin>2026-08-03T10:31:28Z</begin><end>2026-08-03T10:31:53Z</end></TimeSpan><styleUrl>#point</styleUrl><Point><altitudeMode>clampToGround</altitudeMode><coordinates>12.00641630217433,46.528886714950204,2763.4499999999998</coordinates></Point></Placemark><Placemark><TimeSpan><begin>2026-08-03T10:31:53Z</begin><end>2026-08-03T10:32:17Z</end></TimeSpan><styleUrl>#point</styleUrl><Point><altitudeMode>clampToGround</altitudeMode><coordinates>12.006416721269488,46.52888654731214,2763.4499999999998</coordinates></Point></Placemark><Placemark><TimeSpan><begin>2026-08-03T10:32:17Z</begin><end>2026-08-03T10:32:45Z</end></TimeSpan><styleUrl>#point</styleUrl><Point><altitudeMode>clampToGround</altitudeMode><coordinates>12.006409931927919,46.528887134045362,2763.4499999999998</coordinates></Point></Placemark><Placemark><TimeSpan><begin>2026-08-03T10:32:45Z</begin><end>2026-08-03T10:33:07Z</end></TimeSpan><styleUrl>#point</styleUrl><Point><altitudeMode>clampToGround</altitudeMode><coordinates>12.006396520882845,46.528890822082758,2763.4499999999998</coordinates></Point></Placemark><Placemark><TimeSpan><begin>2026-08-03T10:33:07Z</begin><end>2026-08-03T10:33:33Z</end></TimeSpan><styleUrl>#point</styleUrl><Point><altitudeMode>clampToGround</altitudeMode><coordinates>12.006405405700207,46.528892330825329,2763.4499999999998</coordinates></Point></Placemark><Placemark><TimeSpan><begin>2026-08-03T10:33:33Z</begin><end>2026-08-03T10:33:56Z</end></TimeSpan><styleUrl>#point</styleUrl><Point><altitudeMode>clampToGround</altitudeMode><coordinates>12.006403813138604,46.528887553140521,2763.4499999999998</coordinates></Point></Placemark><Placemark><TimeSpan><begin>2026-08-03T10:33:56Z</begin><end>2026-08-03T10:34:25Z</end></TimeSpan><styleUrl>#point</styleUrl><Point><altitudeMode>clampToGround</altitudeMode><coordinates>12.006408590823412,46.528893755748868,2763.4499999999998</coordinates></Point></Placemark><Placemark><TimeSpan><begin>2026-08-03T10:34:25Z</begin><end>2026-08-03T10:34:48Z</end></TimeSpan><styleUrl>#point</styleUrl><Point><altitudeMode>clampToGround</altitudeMode><coordinates>12.006406998261809,46.528895683586597,2763.4499999999998</coordinates></Point></Placemark><Placemark><TimeSpan><begin>2026-08-03T10:34:48Z</begin><end>2026-08-03T10:35:17Z</end></TimeSpan><styleUrl>#point</styleUrl><Point><altitudeMode>clampToGround</altitudeMode><coordinates>12.006409931927919,46.528889564797282,2763.4499999999998</coordinates></Point></Placemark><Placemark><TimeSpan><begin>2026-08-03T10:35:17Z</begin><end>2026-08-03T10:35:36Z</end></TimeSpan><styleUrl>#point</styleUrl><Point><altitudeMode>clampToGround</altitudeMode><coordinates>12.006399119272828,46.528893420472741,2763.4499999999998</coordinates></Point></Placemark><Placemark><TimeSpan><begin>2026-08-03T10:35:36Z</begin><end>2026-08-03T10:35:58Z</end></TimeSpan><styleUrl>#point</styleUrl><Point><altitudeMode>clampToGround</altitudeMode><coordinates>12.006428623571992,46.52888311073184,2763.4499999999998</coordinates></Point></Placemark><Placemark><TimeSpan><begin>2026-08-03T10:35:58Z</begin><end>2026-08-03T10:36:19Z</end></TimeSpan><styleUrl>#point</styleUrl><Point><altitudeMode>clampToGround</altitudeMode><coordinates>12.006439100950956,46.528871711343527,2763.4499999999998</coordinates></Point></Placemark><Placemark><TimeSpan><begin>2026-08-03T10:36:19Z</begin><end>2026-08-03T10:36:48Z</end></TimeSpan><styleUrl>#point</styleUrl><Point><altitudeMode>clampToGround</altitudeMode><coordinates>12.006406830623746,46.528872717171907,2763.4499999999998</coordinates></Point></Placemark><Placemark><TimeSpan><begin>2026-08-03T10:36:48Z</begin><end>2026-08-03T10:37:03Z</end></TimeSpan><styleUrl>#point</styleUrl><Point><altitudeMode>clampToGround</altitudeMode><coordinates>12.006388055160642,46.52888897806406,2763.4499999999998</coordinates></Point></Placemark><Placemark><TimeSpan><begin>2026-08-03T10:37:03Z</begin><end>2026-08-03T10:37:23Z</end></TimeSpan><styleUrl>#point</styleUrl><Point><altitudeMode>clampToGround</altitudeMode><coordinates>12.006400711834431,46.528890319168568,2763.4499999999998</coordinates></Point></Placemark><Placemark><TimeSpan><begin>2026-08-03T10:37:23Z</begin><end>2026-08-03T10:37:45Z</end></TimeSpan><styleUrl>#point</styleUrl><Point><altitudeMode>clampToGround</altitudeMode><coordinates>12.0064109377563,46.528892666101456,2763.4499999999998</coordinates></Point></Placemark><Placemark><TimeSpan><begin>2026-08-03T10:37:45Z</begin><end>2026-08-03T10:38:05Z</end></TimeSpan><styleUrl>#point</styleUrl><Point><altitudeMode>clampToGround</altitudeMode><coordinates>12.006399370729923,46.528894174844027,2763.4499999999998</coordinates></Point></Placemark><Placemark><TimeSpan><begin>2026-08-03T10:38:05Z</begin><end>2026-08-03T10:38:32Z</end></TimeSpan><styleUrl>#point</styleUrl><Point><altitudeMode>clampToGround</altitudeMode><coordinates>12.006390485912561,46.52889677323401,2763.4499999999998</coordinates></Point></Placemark><Placemark><TimeSpan><begin>2026-08-03T10:38:32Z</begin><end>2026-08-03T10:38:52Z</end></TimeSpan><styleUrl>#point</styleUrl><Point><altitudeMode>clampToGround</altitudeMode><coordinates>12.006390737369657,46.528895013034344,2763.4499999999998</coordinates></Point></Placemark><Placemark><TimeSpan><begin>2026-08-03T10:38:52Z</begin><end>2026-08-03T10:39:11Z</end></TimeSpan><styleUrl>#point</styleUrl><Point><altitudeMode>clampToGround</altitudeMode><coordinates>12.006394928321242,46.528894593939185,2763.4499999999998</coordinates></Point></Placemark><Placemark><TimeSpan><begin>2026-08-03T10:39:11Z</begin><end>2026-08-03T10:39:29Z</end></TimeSpan><styleUrl>#point</styleUrl><Point><altitudeMode>clampToGround</altitudeMode><coordinates>12.006395347416401,46.528895515948534,2763.4499999999998</coordinates></Point></Placemark><Placemark><TimeSpan><begin>2026-08-03T10:39:29Z</begin><end>2026-08-03T10:39:52Z</end></TimeSpan><styleUrl>#point</styleUrl><Point><altitudeMode>clampToGround</altitudeMode><coordinates>12.006370620802045,46.52889677323401,2763.4499999999998</coordinates></Point></Placemark><Placemark><TimeSpan><begin>2026-08-03T10:39:52Z</begin><end>2026-08-03T10:40:15Z</end></TimeSpan><styleUrl>#point</styleUrl><Point><altitudeMode>clampToGround</altitudeMode><coordinates>12.006358131766319,46.528907334432006,2763.4499999999998</coordinates></Point></Placemark><Placemark><TimeSpan><begin>2026-08-03T10:40:15Z</begin><end>2026-08-03T10:40:39Z</end></TimeSpan><styleUrl>#point</styleUrl><Point><altitudeMode>clampToGround</altitudeMode><coordinates>12.006365340203047,46.528896857053041,2763.4499999999998</coordinates></Point></Placemark><Placemark><TimeSpan><begin>2026-08-03T10:40:39Z</begin><end>2026-08-03T10:41:02Z</end></TimeSpan><styleUrl>#point</styleUrl><Point><altitudeMode>clampToGround</altitudeMode><coordinates>12.00637087225914,46.528893336653709,2763.4499999999998</coordinates></Point></Placemark><Placemark><TimeSpan><begin>2026-08-03T10:41:02Z</begin><end>2026-08-03T10:41:26Z</end></TimeSpan><styleUrl>#point</styleUrl><Point><altitudeMode>clampToGround</altitudeMode><coordinates>12.006362238898873,46.528896186500788,2763.4499999999998</coordinates></Point></Placemark><Placemark><TimeSpan><begin>2026-08-03T10:41:26Z</begin><end>2026-08-03T10:41:46Z</end></TimeSpan><styleUrl>#point</styleUrl><Point><altitudeMode>clampToGround</altitudeMode><coordinates>12.006372464820743,46.528884703293443,2763.4499999999998</coordinates></Point></Placemark><Placemark><TimeSpan><begin>2026-08-03T10:41:46Z</begin><end>2026-08-03T10:42:07Z</end></TimeSpan><styleUrl>#point</styleUrl><Point><altitudeMode>clampToGround</altitudeMode><coordinates>12.00636500492692,46.528888223692775,2763.4499999999998</coordinates></Point></Placemark><Placemark><TimeSpan><begin>2026-08-03T10:42:07Z</begin><end>2026-08-03T10:42:29Z</end></TimeSpan><styleUrl>#point</styleUrl><Point><altitudeMode>clampToGround</altitudeMode><coordinates>12.006372297182679,46.528891324996948,2763.4499999999998</coordinates></Point></Placemark><Placemark><TimeSpan><begin>2026-08-03T10:42:29Z</begin><end>2026-08-03T10:42:56Z</end></TimeSpan><styleUrl>#point</styleUrl><Point><altitudeMode>clampToGround</altitudeMode><coordinates>12.006369112059474,46.528899455443025,2763.4499999999998</coordinates></Point></Placemark><Placemark><TimeSpan><begin>2026-08-03T10:42:56Z</begin><end>2026-08-03T10:43:22Z</end></TimeSpan><styleUrl>#point</styleUrl><Point><altitudeMode>clampToGround</altitudeMode><coordinates>12.006367016583681,46.528900545090437,2762.9699999999998</coordinates></Point></Placemark><Placemark><TimeSpan><begin>2026-08-03T10:43:22Z</begin><end>2026-08-03T10:43:42Z</end></TimeSpan><styleUrl>#point</styleUrl><Point><altitudeMode>clampToGround</altitudeMode><coordinates>12.006363328546286,46.528899036347866,2762.9699999999998</coordinates></Point></Placemark><Placemark><TimeSpan><begin>2026-08-03T10:43:42Z</begin><end>2026-08-03T10:44:09Z</end></TimeSpan><styleUrl>#point</styleUrl><Point><altitudeMode>clampToGround</altitudeMode><coordinates>12.006354108452797,46.52890364639461,2762.9699999999998</coordinates></Point></Placemark><Placemark><TimeSpan><begin>2026-08-03T10:44:09Z</begin><end>2026-08-03T10:44:35Z</end></TimeSpan><styleUrl>#point</styleUrl><Point><altitudeMode>clampToGround</altitudeMode><coordinates>12.006370453163981,46.528910854831338,2762.9699999999998</coordinates></Point></Placemark><Placemark><TimeSpan><begin>2026-08-03T10:44:35Z</begin><end>2026-08-03T10:44:53Z</end></TimeSpan><styleUrl>#point</styleUrl><Point><altitudeMode>clampToGround</altitudeMode><coordinates>12.006365340203047,46.528909178450704,2762.9699999999998</coordinates></Point></Placemark><Placemark><TimeSpan><begin>2026-08-03T10:44:53Z</begin><end>2026-08-03T10:45:21Z</end></TimeSpan><styleUrl>#point</styleUrl><Point><altitudeMode>clampToGround</altitudeMode><coordinates>12.006357125937939,46.528905993327498,2762.9699999999998</coordinates></Point></Placemark><Placemark><TimeSpan><begin>2026-08-03T10:45:21Z</begin><end>2026-08-03T10:45:43Z</end></TimeSpan><styleUrl>#point</styleUrl><Point><altitudeMode>clampToGround</altitudeMode><coordinates>12.006361065432429,46.528906999155879,2762.9699999999998</coordinates></Point></Placemark><Placemark><TimeSpan><begin>2026-08-03T10:45:43Z</begin><end>2026-08-03T10:46:11Z</end></TimeSpan><styleUrl>#point</styleUrl><Point><altitudeMode>clampToGround</altitudeMode><coordinates>12.006367854773998,46.528904149308801,2762.9699999999998</coordinates></Point></Placemark><Placemark><TimeSpan><begin>2026-08-03T10:46:11Z</begin><end>2026-08-03T10:46:40Z</end></TimeSpan><styleUrl>#point</styleUrl><Point><altitudeMode>clampToGround</altitudeMode><coordinates>12.006363496184349,46.528909094631672,2762.9699999999998</coordinates></Point></Placemark><Placemark><TimeSpan><begin>2026-08-03T10:46:40Z</begin><end>2026-08-03T10:47:09Z</end></TimeSpan><styleUrl>#point</styleUrl><Point><altitudeMode>clampToGround</altitudeMode><coordinates>12.006357042118907,46.528908088803291,2762.9699999999998</coordinates></Point></Placemark><Placemark><TimeSpan><begin>2026-08-03T10:47:09Z</begin><end>2026-08-03T10:47:23Z</end></TimeSpan><styleUrl>#point</styleUrl><Point><altitudeMode>clampToGround</altitudeMode><coordinates>12.006357042118907,46.528910519555211,2762.9699999999998</coordinates></Point></Placemark><Placemark><TimeSpan><begin>2026-08-03T10:47:23Z</begin><end>2026-08-03T10:47:31Z</end></TimeSpan><styleUrl>#point</styleUrl><Point><altitudeMode>clampToGround</altitudeMode><coordinates>12.006346732378006,46.528908591717482,2764.4099999999999</coordinates></Point></Placemark><Placemark><TimeSpan><begin>2026-08-03T10:47:31Z</begin><end>2026-08-03T10:47:43Z</end></TimeSpan><styleUrl>#point</styleUrl><Point><altitudeMode>clampToGround</altitudeMode><coordinates>12.006337512284517,46.528897024691105,2764.4099999999999</coordinates></Point></Placemark><Placemark><TimeSpan><begin>2026-08-03T10:47:43Z</begin><end>2026-08-03T10:48:04Z</end></TimeSpan><styleUrl>#point</styleUrl><Point><altitudeMode>clampToGround</altitudeMode><coordinates>12.006354695186019,46.528903478756547,2762.9699999999998</coordinates></Point></Placemark><Placemark><TimeSpan><begin>2026-08-03T10:48:04Z</begin><end>2026-08-03T10:48:33Z</end></TimeSpan><styleUrl>#point</styleUrl><Point><altitudeMode>clampToGround</altitudeMode><coordinates>12.006358131766319,46.528902808204293,2762.9699999999998</coordinates></Point></Placemark><Placemark><TimeSpan><begin>2026-08-03T10:48:33Z</begin><end>2026-08-03T10:48:50Z</end></TimeSpan><styleUrl>#point</styleUrl><Point><altitudeMode>clampToGround</altitudeMode><coordinates>12.006358802318573,46.528903311118484,2763.9299999999998</coordinates></Point></Placemark><Placemark><TimeSpan><begin>2026-08-03T10:48:50Z</begin><end>2026-08-03T10:48:51Z</end></TimeSpan><styleUrl>#point</styleUrl><Point><altitudeMode>clampToGround</altitudeMode><coordinates>12.006359808146954,46.528903311118484,2763.9299999999998</coordinates></Point></Placemark><Placemark><TimeSpan><begin>2026-08-03T10:48:51Z</begin><end>2026-08-03T10:49:03Z</end></TimeSpan><styleUrl>#point</styleUrl><Point><altitudeMode>clampToGround</altitudeMode><coordinates>12.006337009370327,46.528918398544192,2764.4099999999999</coordinates></Point></Placemark><Placemark><TimeSpan><begin>2026-08-03T10:49:03Z</begin><end>2026-08-03T10:49:14Z</end></TimeSpan><styleUrl>#point</styleUrl><Point><altitudeMode>clampToGround</altitudeMode><coordinates>12.006318653002381,46.528932563960552,2764.4099999999999</coordinates></Point></Placemark><Placemark><TimeSpan><begin>2026-08-03T10:49:14Z</begin><end>2026-08-03T10:49:23Z</end></TimeSpan><styleUrl>#point</styleUrl><Point><altitudeMode>clampToGround</altitudeMode><coordinates>12.006339188665152,46.528927031904459,2764.4099999999999</coordinates></Point></Placemark><Placemark><TimeSpan><begin>2026-08-03T10:49:23Z</begin><end>2026-08-03T10:49:34Z</end></TimeSpan><styleUrl>#point</styleUrl><Point><altitudeMode>clampToGround</altitudeMode><coordinates>12.006332064047456,46.528909346088767,2764.4099999999999</coordinates></Point></Placemark><Placemark><TimeSpan><begin>2026-08-03T10:49:34Z</begin><end>2026-08-03T10:49:47Z</end></TimeSpan><styleUrl>#point</styleUrl><Point><altitudeMode>clampToGround</altitudeMode><coordinates>12.006347654387355,46.528912615031004,2764.4099999999999</coordinates></Point></Placemark><Placemark><TimeSpan><begin>2026-08-03T10:49:47Z</begin><end>2026-08-03T10:50:08Z</end></TimeSpan><styleUrl>#point</styleUrl><Point><altitudeMode>clampToGround</altitudeMode><coordinates>12.006378415971994,46.528925271704793,2764.4099999999999</coordinates></Point></Placemark><Placemark><TimeSpan><begin>2026-08-03T10:50:08Z</begin><end>2026-08-03T10:50:19Z</end></TimeSpan><styleUrl>#point</styleUrl><Point><altitudeMode>clampToGround</altitudeMode><coordinates>12.00644756667316,46.528963493183255,2764.4099999999999</coordinates></Point></Placemark><Placemark><TimeSpan><begin>2026-08-03T10:50:19Z</begin><end>2026-08-03T10:50:31Z</end></TimeSpan><styleUrl>#point</styleUrl><Point><altitudeMode>clampToGround</altitudeMode><coordinates>12.006448991596699,46.529003558680415,2764.4099999999999</coordinates></Point></Placemark><Placemark><TimeSpan><begin>2026-08-03T10:50:31Z</begin><end>2026-08-03T10:50:41Z</end></TimeSpan><styleUrl>#point</styleUrl><Point><altitudeMode>clampToGround</altitudeMode><coordinates>12.006505653262138,46.529022585600615,2764.4099999999999</coordinates></Point></Placemark><Placemark><TimeSpan><begin>2026-08-03T10:50:41Z</begin><end>2026-08-03T10:50:53Z</end></TimeSpan><styleUrl>#point</styleUrl><Point><altitudeMode>clampToGround</altitudeMode><coordinates>12.006622161716223,46.528997607529163,2762.4899999999998</coordinates></Point></Placemark><Placemark><TimeSpan><begin>2026-08-03T10:50:53Z</begin><end>2026-08-03T10:51:04Z</end></TimeSpan><styleUrl>#point</styleUrl><Point><altitudeMode>clampToGround</altitudeMode><coordinates>12.006736574694514,46.5289940033108,2761.52</coordinates></Point></Placemark><Placemark><TimeSpan><begin>2026-08-03T10:51:04Z</begin><end>2026-08-03T10:51:14Z</end></TimeSpan><styleUrl>#point</styleUrl><Point><altitudeMode>clampToGround</altitudeMode><coordinates>12.006796253845096,46.528952848166227,2761.04</coordinates></Point></Placemark><Placemark><TimeSpan><begin>2026-08-03T10:51:14Z</begin><end>2026-08-03T10:51:25Z</end></TimeSpan><styleUrl>#point</styleUrl><Point><altitudeMode>clampToGround</altitudeMode><coordinates>12.006857022643089,46.528930133208632,2760.5599999999999</coordinates></Point></Placemark><Placemark><TimeSpan><begin>2026-08-03T10:51:25Z</begin><end>2026-08-03T10:51:35Z</end></TimeSpan><styleUrl>#point</styleUrl><Point><altitudeMode>clampToGround</altitudeMode><coordinates>12.006926005706191,46.52897204272449,2760.0799999999999</coordinates></Point></Placemark><Placemark><TimeSpan><begin>2026-08-03T10:51:35Z</begin><end>2026-08-03T10:51:43Z</end></TimeSpan><styleUrl>#point</styleUrl><Point><altitudeMode>clampToGround</altitudeMode><coordinates>12.006964981555939,46.528945555910468,2759.5999999999999</coordinates></Point></Placemark><Placemark><TimeSpan><begin>2026-08-03T10:51:43Z</begin><end>2026-08-03T10:51:46Z</end></TimeSpan><styleUrl>#point</styleUrl><Point><altitudeMode>clampToGround</altitudeMode><coordinates>12.006995491683483,46.52894320897758,2759.5999999999999</coordinates></Point></Placemark><Placemark><TimeSpan><begin>2026-08-03T10:51:46Z</begin><end>2026-08-03T10:51:57Z</end></TimeSpan><styleUrl>#point</styleUrl><Point><altitudeMode>clampToGround</altitudeMode><coordinates>12.007096074521542,46.529001127928495,2757.6799999999998</coordinates></Point></Placemark><Placemark><TimeSpan><begin>2026-08-03T10:51:57Z</begin><end>2026-08-03T10:52:06Z</end></TimeSpan><styleUrl>#point</styleUrl><Point><altitudeMode>clampToGround</altitudeMode><coordinates>12.007174780592322,46.528917895630002,2757.1999999999998</coordinates></Point></Placemark><Placemark><TimeSpan><begin>2026-08-03T10:52:06Z</begin><end>2026-08-03T10:52:11Z</end></TimeSpan><styleUrl>#point</styleUrl><Point><altitudeMode>clampToGround</altitudeMode><coordinates>12.00720302760601,46.528873974457383,2757.1999999999998</coordinates></Point></Placemark><Placemark><TimeSpan><begin>2026-08-03T10:52:11Z</begin><end>2026-08-03T10:52:17Z</end></TimeSpan><styleUrl>#point</styleUrl><Point><altitudeMode>clampToGround</altitudeMode><coordinates>12.007260108366609,46.528829634189606,2757.1999999999998</coordinates></Point></Placemark><Placemark><TimeSpan><begin>2026-08-03T10:52:17Z</begin><end>2026-08-03T10:52:19Z</end></TimeSpan><styleUrl>#point</styleUrl><Point><altitudeMode>clampToGround</altitudeMode><coordinates>12.007284332066774,46.528813038021326,2757.1999999999998</coordinates></Point></Placemark><Placemark><TimeSpan><begin>2026-08-03T10:52:19Z</begin><end>2026-08-03T10:52:21Z</end></TimeSpan><styleUrl>#point</styleUrl><Point><altitudeMode>clampToGround</altitudeMode><coordinates>12.007300844416022,46.52879468165338,2757.1999999999998</coordinates></Point></Placemark><Placemark><TimeSpan><begin>2026-08-03T10:52:21Z</begin><end>2026-08-03T10:52:23Z</end></TimeSpan><styleUrl>#point</styleUrl><Point><altitudeMode>clampToGround</altitudeMode><coordinates>12.007319200783968,46.52878051623702,2757.1999999999998</coordinates></Point></Placemark><Placemark><TimeSpan><begin>2026-08-03T10:52:23Z</begin><end>2026-08-03T10:52:36Z</end></TimeSpan><styleUrl>#point</styleUrl><Point><altitudeMode>clampToGround</altitudeMode><coordinates>12.007386423647404,46.528665767982602,2758.1599999999999</coordinates></Point></Placemark><Placemark><TimeSpan><begin>2026-08-03T10:52:36Z</begin><end>2026-08-03T10:52:45Z</end></TimeSpan><styleUrl>#point</styleUrl><Point><altitudeMode>clampToGround</altitudeMode><coordinates>12.007438894361258,46.528617488220334,2758.1599999999999</coordinates></Point></Placemark><Placemark><TimeSpan><begin>2026-08-03T10:52:45Z</begin><end>2026-08-03T10:52:57Z</end></TimeSpan><styleUrl>#point</styleUrl><Point><altitudeMode>clampToGround</altitudeMode><coordinates>12.007441157475114,46.528532663360238,2759.5999999999999</coordinates></Point></Placemark><Placemark><TimeSpan><begin>2026-08-03T10:52:57Z</begin><end>2026-08-03T10:53:09Z</end></TimeSpan><styleUrl>#point</styleUrl><Point><altitudeMode>clampToGround</altitudeMode><coordinates>12.007454233244061,46.528446162119508,2760.0799999999999</coordinates></Point></Placemark><Placemark><TimeSpan><begin>2026-08-03T10:53:09Z</begin><end>2026-08-03T10:53:20Z</end></TimeSpan><styleUrl>#point</styleUrl><Point><altitudeMode>clampToGround</altitudeMode><coordinates>12.00745121575892,46.52844431810081,2761.04</coordinates></Point></Placemark><Placemark><TimeSpan><begin>2026-08-03T10:53:20Z</begin><end>2026-08-03T10:53:29Z</end></TimeSpan><styleUrl>#point</styleUrl><Point><altitudeMode>clampToGround</altitudeMode><coordinates>12.007449958473444,46.528415232896805,2761.04</coordinates></Point></Placemark><Placemark><TimeSpan><begin>2026-08-03T10:53:29Z</begin><end>2026-08-03T10:53:44Z</end></TimeSpan><styleUrl>#point</styleUrl><Point><altitudeMode>clampToGround</altitudeMode><coordinates>12.007488263770938,46.528411209583282,2760.0799999999999</coordinates></Point></Placemark><Placemark><TimeSpan><begin>2026-08-03T10:53:44Z</begin><end>2026-08-03T10:53:50Z</end></TimeSpan><styleUrl>#point</styleUrl><Point><altitudeMode>clampToGround</altitudeMode><coordinates>12.007508045062423,46.528380364179611,2759.5999999999999</coordinates></Point></Placemark><Placemark><TimeSpan><begin>2026-08-03T10:53:50Z</begin><end>2026-08-03T10:53:54Z</end></TimeSpan><styleUrl>#point</styleUrl><Point><altitudeMode>clampToGround</altitudeMode><coordinates>12.007506536319852,46.528339460492134,2758.6399999999999</coordinates></Point></Placemark><Placemark><TimeSpan><begin>2026-08-03T10:53:54Z</begin><end>2026-08-03T10:54:06Z</end></TimeSpan><styleUrl>#point</styleUrl><Point><altitudeMode>clampToGround</altitudeMode><coordinates>12.007551714777946,46.528296042233706,2757.1999999999998</coordinates></Point></Placemark><Placemark><TimeSpan><begin>2026-08-03T10:54:06Z</begin><end>2026-08-03T10:54:16Z</end></TimeSpan><styleUrl>#point</styleUrl><Point><altitudeMode>clampToGround</altitudeMode><coordinates>12.007519192993641,46.528249774128199,2755.7600000000002</coordinates></Point></Placemark><Placemark><TimeSpan><begin>2026-08-03T10:54:16Z</begin><end>2026-08-03T10:54:25Z</end></TimeSpan><styleUrl>#point</styleUrl><Point><altitudeMode>clampToGround</altitudeMode><coordinates>12.007588008418679,46.528259078040719,2754.3099999999999</coordinates></Point></Placemark><Placemark><TimeSpan><begin>2026-08-03T10:54:25Z</begin><end>2026-08-03T10:54:32Z</end></TimeSpan><styleUrl>#point</styleUrl><Point><altitudeMode>clampToGround</altitudeMode><coordinates>12.007594546303153,46.528238374739885,2752.8699999999999</coordinates></Point></Placemark><Placemark><TimeSpan><begin>2026-08-03T10:54:32Z</begin><end>2026-08-03T10:54:36Z</end></TimeSpan><styleUrl>#point</styleUrl><Point><altitudeMode>clampToGround</altitudeMode><coordinates>12.007598066702485,46.528208116069436,2752.3899999999999</coordinates></Point></Placemark><Placemark><TimeSpan><begin>2026-08-03T10:54:36Z</begin><end>2026-08-03T10:54:50Z</end></TimeSpan><styleUrl>#point</styleUrl><Point><altitudeMode>clampToGround</altitudeMode><coordinates>12.007693033665419,46.528064114972949,2750.4699999999998</coordinates></Point></Placemark><Placemark><TimeSpan><begin>2026-08-03T10:54:50Z</begin><end>2026-08-03T10:55:05Z</end></TimeSpan><styleUrl>#point</styleUrl><Point><altitudeMode>clampToGround</altitudeMode><coordinates>12.007764279842377,46.527895303443074,2749.0300000000002</coordinates></Point></Placemark><Placemark><TimeSpan><begin>2026-08-03T10:55:05Z</begin><end>2026-08-03T10:55:08Z</end></TimeSpan><styleUrl>#point</styleUrl><Point><altitudeMode>clampToGround</altitudeMode><coordinates>12.007791018113494,46.527861943468451,2748.0700000000002</coordinates></Point></Placemark><Placemark><TimeSpan><begin>2026-08-03T10:55:08Z</begin><end>2026-08-03T10:55:16Z</end></TimeSpan><styleUrl>#point</styleUrl><Point><altitudeMode>clampToGround</altitudeMode><coordinates>12.007823456078768,46.527928663417697,2748.0700000000002</coordinates></Point></Placemark><Placemark><TimeSpan><begin>2026-08-03T10:55:16Z</begin><end>2026-08-03T10:55:20Z</end></TimeSpan><styleUrl>#point</styleUrl><Point><altitudeMode>clampToGround</altitudeMode><coordinates>12.007849188521504,46.527935368940234,2747.5900000000001</coordinates></Point></Placemark><Placemark><TimeSpan><begin>2026-08-03T10:55:20Z</begin><end>2026-08-03T10:55:33Z</end></TimeSpan><styleUrl>#point</styleUrl><Point><altitudeMode>clampToGround</altitudeMode><coordinates>12.008009618148208,46.527861692011356,2745.6599999999999</coordinates></Point></Placemark><Placemark><TimeSpan><begin>2026-08-03T10:55:33Z</begin><end>2026-08-03T10:55:46Z</end></TimeSpan><styleUrl>#point</styleUrl><Point><altitudeMode>clampToGround</altitudeMode><coordinates>12.00787391513586,46.527984822168946,2744.6999999999998</coordinates></Point></Placemark><Placemark><TimeSpan><begin>2026-08-03T10:55:46Z</begin><end>2026-08-03T10:55:52Z</end></TimeSpan><styleUrl>#point</styleUrl><Point><altitudeMode>clampToGround</altitudeMode><coordinates>12.007860001176596,46.528021870180964,2744.2199999999998</coordinates></Point></Placemark><Placemark><TimeSpan><begin>2026-08-03T10:55:52Z</begin><end>2026-08-03T10:55:56Z</end></TimeSpan><styleUrl>#point</styleUrl><Point><altitudeMode>clampToGround</altitudeMode><coordinates>12.0079081133008,46.527994628995657,2744.2199999999998</coordinates></Point></Placemark><Placemark><TimeSpan><begin>2026-08-03T10:55:56Z</begin><end>2026-08-03T10:56:13Z</end></TimeSpan><styleUrl>#point</styleUrl><Point><altitudeMode>clampToGround</altitudeMode><coordinates>12.008127635344863,46.527888933196664,2742.3000000000002</coordinates></Point></Placemark><Placemark><TimeSpan><begin>2026-08-03T10:56:13Z</begin><end>2026-08-03T10:56:24Z</end></TimeSpan><styleUrl>#point</styleUrl><Point><altitudeMode>clampToGround</altitudeMode><coordinates>12.008265601471066,46.527845095843077,2741.3400000000001</coordinates></Point></Placemark><Placemark><TimeSpan><begin>2026-08-03T10:56:24Z</begin><end>2026-08-03T10:56:40Z</end></TimeSpan><styleUrl>#point</styleUrl><Point><altitudeMode>clampToGround</altitudeMode><coordinates>12.008470203727484,46.527811903506517,2739.4099999999999</coordinates></Point></Placemark><Placemark><TimeSpan><begin>2026-08-03T10:56:40Z</begin><end>2026-08-03T10:56:54Z</end></TimeSpan><styleUrl>#point</styleUrl><Point><altitudeMode>clampToGround</altitudeMode><coordinates>12.008628789335489,46.527722720056772,2738.4499999999998</coordinates></Point></Placemark><Placemark><TimeSpan><begin>2026-08-03T10:56:54Z</begin><end>2026-08-03T10:57:09Z</end></TimeSpan><styleUrl>#point</styleUrl><Point><altitudeMode>clampToGround</altitudeMode><coordinates>12.00884185731411,46.527658766135573,2737.0100000000002</coordinates></Point></Placemark><Placemark><TimeSpan><begin>2026-08-03T10:57:09Z</begin><end>2026-08-03T10:57:18Z</end></TimeSpan><styleUrl>#point</styleUrl><Point><altitudeMode>clampToGround</altitudeMode><coordinates>12.008888460695744,46.527676871046424,2736.5300000000002</coordinates></Point></Placemark><Placemark><TimeSpan><begin>2026-08-03T10:57:18Z</begin><end>2026-08-03T10:57:23Z</end></TimeSpan><styleUrl>#point</styleUrl><Point><altitudeMode>clampToGround</altitudeMode><coordinates>12.008860129863024,46.527701430022717,2736.0500000000002</coordinates></Point></Placemark><Placemark><TimeSpan><begin>2026-08-03T10:57:23Z</begin><end>2026-08-03T10:57:39Z</end></TimeSpan><styleUrl>#point</styleUrl><Point><altitudeMode>clampToGround</altitudeMode><coordinates>12.008656868711114,46.527817267924547,2734.6100000000001</coordinates></Point></Placemark><Placemark><TimeSpan><begin>2026-08-03T10:57:39Z</begin><end>2026-08-03T10:57:45Z</end></TimeSpan><styleUrl>#point</styleUrl><Point><altitudeMode>clampToGround</altitudeMode><coordinates>12.008654102683067,46.527854735031724,2733.6500000000001</coordinates></Point></Placemark><Placemark><TimeSpan><begin>2026-08-03T10:57:45Z</begin><end>2026-08-03T10:58:01Z</end></TimeSpan><styleUrl>#point</styleUrl><Point><altitudeMode>clampToGround</altitudeMode><coordinates>12.008799193426967,46.527814669534564,2732.6799999999998</coordinates></Point></Placemark><Placemark><TimeSpan><begin>2026-08-03T10:58:01Z</begin><end>2026-08-03T10:58:13Z</end></TimeSpan><styleUrl>#point</styleUrl><Point><altitudeMode>clampToGround</altitudeMode><coordinates>12.008843198418617,46.527795977890491,2732.1999999999998</coordinates></Point></Placemark><Placemark><TimeSpan><begin>2026-08-03T10:58:13Z</begin><end>2026-08-03T10:58:25Z</end></TimeSpan><styleUrl>#point</styleUrl><Point><altitudeMode>clampToGround</altitudeMode><coordinates>12.008875971660018,46.527767647057772,2732.1999999999998</coordinates></Point></Placemark><Placemark><TimeSpan><begin>2026-08-03T10:58:25Z</begin><end>2026-08-03T10:58:35Z</end></TimeSpan><styleUrl>#point</styleUrl><Point><altitudeMode>clampToGround</altitudeMode><coordinates>12.008917629718781,46.527749039232731,2732.1999999999998</coordinates></Point></Placemark><Placemark><TimeSpan><begin>2026-08-03T10:58:35Z</begin><end>2026-08-03T10:58:48Z</end></TimeSpan><styleUrl>#point</styleUrl><Point><altitudeMode>clampToGround</altitudeMode><coordinates>12.0090910512954,46.527715846896172,2730.7600000000002</coordinates></Point></Placemark><Placemark><TimeSpan><begin>2026-08-03T10:58:48Z</begin><end>2026-08-03T10:59:00Z</end></TimeSpan><styleUrl>#point</styleUrl><Point><altitudeMode>clampToGround</altitudeMode><coordinates>12.009257348254323,46.527711739763618,2729.3200000000002</coordinates></Point></Placemark><Placemark><TimeSpan><begin>2026-08-03T10:59:00Z</begin><end>2026-08-03T10:59:14Z</end></TimeSpan><styleUrl>#point</styleUrl><Point><altitudeMode>clampToGround</altitudeMode><coordinates>12.009445270523429,46.527709560468793,2728.3600000000001</coordinates></Point></Placemark><Placemark><TimeSpan><begin>2026-08-03T10:59:14Z</begin><end>2026-08-03T10:59:27Z</end></TimeSpan><styleUrl>#point</styleUrl><Point><altitudeMode>clampToGround</altitudeMode><coordinates>12.009585667401552,46.527732023969293,2726.9200000000001</coordinates></Point></Placemark><Placemark><TimeSpan><begin>2026-08-03T10:59:27Z</begin><end>2026-08-03T10:59:39Z</end></TimeSpan><styleUrl>#point</styleUrl><Point><altitudeMode>clampToGround</altitudeMode><coordinates>12.009708629921079,46.527770413085818,2726.4400000000001</coordinates></Point></Placemark><Placemark><TimeSpan><begin>2026-08-03T10:59:39Z</begin><end>2026-08-03T10:59:44Z</end></TimeSpan><styleUrl>#point</styleUrl><Point><altitudeMode>clampToGround</altitudeMode><coordinates>12.009760513901711,46.527788685634732,2724.9899999999998</coordinates></Point></Placemark><Placemark><TimeSpan><begin>2026-08-03T10:59:44Z</begin><end>2026-08-03T10:59:49Z</end></TimeSpan><styleUrl>#point</styleUrl><Point><altitudeMode>clampToGround</altitudeMode><coordinates>12.0098249707371,46.527797989547253,2724.9899999999998</coordinates></Point></Placemark><Placemark><TimeSpan><begin>2026-08-03T10:59:49Z</begin><end>2026-08-03T11:00:03Z</end></TimeSpan><styleUrl>#point</styleUrl><Point><altitudeMode>clampToGround</altitudeMode><coordinates>12.010009959340096,46.527794636785984,2723.0700000000002</coordinates></Point></Placemark><Placemark><TimeSpan><begin>2026-08-03T11:00:03Z</begin><end>2026-08-03T11:00:14Z</end></TimeSpan><styleUrl>#point</styleUrl><Point><altitudeMode>clampToGround</altitudeMode><coordinates>12.01014306396246,46.527783907949924,2721.6300000000001</coordinates></Point></Placemark><Placemark><TimeSpan><begin>2026-08-03T11:00:14Z</begin><end>2026-08-03T11:00:20Z</end></TimeSpan><styleUrl>#point</styleUrl><Point><altitudeMode>clampToGround</altitudeMode><coordinates>12.010162007063627,46.527802851051092,2720.6700000000001</coordinates></Point></Placemark><Placemark><TimeSpan><begin>2026-08-03T11:00:20Z</begin><end>2026-08-03T11:00:33Z</end></TimeSpan><styleUrl>#point</styleUrl><Point><altitudeMode>clampToGround</altitudeMode><coordinates>12.010015323758125,46.527884574607015,2719.71</coordinates></Point></Placemark><Placemark><TimeSpan><begin>2026-08-03T11:00:33Z</begin><end>2026-08-03T11:00:42Z</end></TimeSpan><styleUrl>#point</styleUrl><Point><altitudeMode>clampToGround</altitudeMode><coordinates>12.010075924918056,46.527885245159268,2719.23</coordinates></Point></Placemark><Placemark><TimeSpan><begin>2026-08-03T11:00:42Z</begin><end>2026-08-03T11:00:43Z</end></TimeSpan><styleUrl>#point</styleUrl><Point><altitudeMode>clampToGround</altitudeMode><coordinates>12.010090090334415,46.527883987873793,2719.23</coordinates></Point></Placemark><Placemark><TimeSpan><begin>2026-08-03T11:00:43Z</begin><end>2026-08-03T11:00:48Z</end></TimeSpan><styleUrl>#point</styleUrl><Point><altitudeMode>clampToGround</altitudeMode><coordinates>12.010165862739086,46.527870995923877,2718.27</coordinates></Point></Placemark><Placemark><TimeSpan><begin>2026-08-03T11:00:48Z</begin><end>2026-08-03T11:01:03Z</end></TimeSpan><styleUrl>#point</styleUrl><Point><altitudeMode>clampToGround</altitudeMode><coordinates>12.010363843291998,46.527820704504848,2716.8200000000002</coordinates></Point></Placemark><Placemark><TimeSpan><begin>2026-08-03T11:01:03Z</begin><end>2026-08-03T11:01:11Z</end></TimeSpan><styleUrl>#point</styleUrl><Point><altitudeMode>clampToGround</altitudeMode><coordinates>12.010421259328723,46.527804024517536,2716.3400000000001</coordinates></Point></Placemark><Placemark><TimeSpan><begin>2026-08-03T11:01:11Z</begin><end>2026-08-03T11:01:22Z</end></TimeSpan><styleUrl>#point</styleUrl><Point><altitudeMode>clampToGround</altitudeMode><coordinates>12.010478591546416,46.527793128043413,2715.8600000000001</coordinates></Point></Placemark><Placemark><TimeSpan><begin>2026-08-03T11:01:22Z</begin><end>2026-08-03T11:01:32Z</end></TimeSpan><styleUrl>#point</styleUrl><Point><altitudeMode>clampToGround</altitudeMode><coordinates>12.0105916634202,46.527787679806352,2714.4200000000001</coordinates></Point></Placemark><Placemark><TimeSpan><begin>2026-08-03T11:01:32Z</begin><end>2026-08-03T11:01:41Z</end></TimeSpan><styleUrl>#point</styleUrl><Point><altitudeMode>clampToGround</altitudeMode><coordinates>12.010566350072622,46.52783059515059,2713.46</coordinates></Point></Placemark><Placemark><TimeSpan><begin>2026-08-03T11:01:41Z</begin><end>2026-08-03T11:01:51Z</end></TimeSpan><styleUrl>#point</styleUrl><Point><altitudeMode>clampToGround</altitudeMode><coordinates>12.010495020076632,46.527881557121873,2712.02</coordinates></Point></Placemark><Placemark><TimeSpan><begin>2026-08-03T11:01:51Z</begin><end>2026-08-03T11:02:02Z</end></TimeSpan><styleUrl>#point</styleUrl><Point><altitudeMode>clampToGround</altitudeMode><coordinates>12.010405752807856,46.527943583205342,2711.54</coordinates></Point></Placemark><Placemark><TimeSpan><begin>2026-08-03T11:02:02Z</begin><end>2026-08-03T11:02:12Z</end></TimeSpan><styleUrl>#point</styleUrl><Point><altitudeMode>clampToGround</altitudeMode><coordinates>12.010342720896006,46.527996640652418,2710.5700000000002</coordinates></Point></Placemark><Placemark><TimeSpan><begin>2026-08-03T11:02:12Z</begin><end>2026-08-03T11:02:20Z</end></TimeSpan><styleUrl>#point</styleUrl><Point><altitudeMode>clampToGround</altitudeMode><coordinates>12.010301230475307,46.52803142555058,2710.0900000000001</coordinates></Point></Placemark><Placemark><TimeSpan><begin>2026-08-03T11:02:20Z</begin><end>2026-08-03T11:02:29Z</end></TimeSpan><styleUrl>#point</styleUrl><Point><altitudeMode>clampToGround</altitudeMode><coordinates>12.010336266830564,46.528025642037392,2709.6100000000001</coordinates></Point></Placemark><Placemark><TimeSpan><begin>2026-08-03T11:02:29Z</begin><end>2026-08-03T11:02:38Z</end></TimeSpan><styleUrl>#point</styleUrl><Point><altitudeMode>clampToGround</altitudeMode><coordinates>12.010406171903014,46.528042238205671,2708.1700000000001</coordinates></Point></Placemark><Placemark><TimeSpan><begin>2026-08-03T11:02:38Z</begin><end>2026-08-03T11:02:47Z</end></TimeSpan><styleUrl>#point</styleUrl><Point><altitudeMode>clampToGround</altitudeMode><coordinates>12.010461408644915,46.528043076395988,2707.21</coordinates></Point></Placemark><Placemark><TimeSpan><begin>2026-08-03T11:02:47Z</begin><end>2026-08-03T11:02:56Z</end></TimeSpan><styleUrl>#point</styleUrl><Point><altitudeMode>clampToGround</altitudeMode><coordinates>12.010521506890655,46.528039053082466,2706.25</coordinates></Point></Placemark><Placemark><TimeSpan><begin>2026-08-03T11:02:56Z</begin><end>2026-08-03T11:03:06Z</end></TimeSpan><styleUrl>#point</styleUrl><Point><altitudeMode>clampToGround</altitudeMode><coordinates>12.010632986202836,46.528034107759595,2704.8099999999999</coordinates></Point></Placemark><Placemark><TimeSpan><begin>2026-08-03T11:03:06Z</begin><end>2026-08-03T11:03:14Z</end></TimeSpan><styleUrl>#point</styleUrl><Point><altitudeMode>clampToGround</altitudeMode><coordinates>12.010692078620195,46.528027569875121,2703.8499999999999</coordinates></Point></Placemark><Placemark><TimeSpan><begin>2026-08-03T11:03:14Z</begin><end>2026-08-03T11:03:22Z</end></TimeSpan><styleUrl>#point</styleUrl><Point><altitudeMode>clampToGround</altitudeMode><coordinates>12.010656539350748,46.528065288439393,2702.8800000000001</coordinates></Point></Placemark><Placemark><TimeSpan><begin>2026-08-03T11:03:22Z</begin><end>2026-08-03T11:03:32Z</end></TimeSpan><styleUrl>#point</styleUrl><Point><altitudeMode>clampToGround</altitudeMode><coordinates>12.010589651763439,46.528115579858422,2701.9200000000001</coordinates></Point></Placemark><Placemark><TimeSpan><begin>2026-08-03T11:03:32Z</begin><end>2026-08-03T11:03:40Z</end></TimeSpan><styleUrl>#point</styleUrl><Point><altitudeMode>clampToGround</altitudeMode><coordinates>12.010548915714025,46.528152460232377,2700.48</coordinates></Point></Placemark><Placemark><TimeSpan><begin>2026-08-03T11:03:40Z</begin><end>2026-08-03T11:03:50Z</end></TimeSpan><styleUrl>#point</styleUrl><Point><altitudeMode>clampToGround</altitudeMode><coordinates>12.010496780276299,46.52819411829114,2700</coordinates></Point></Placemark><Placemark><TimeSpan><begin>2026-08-03T11:03:50Z</begin><end>2026-08-03T11:04:01Z</end></TimeSpan><styleUrl>#point</styleUrl><Point><altitudeMode>clampToGround</altitudeMode><coordinates>12.010467946529388,46.528230579569936,2699.52</coordinates></Point></Placemark><Placemark><TimeSpan><begin>2026-08-03T11:04:01Z</begin><end>2026-08-03T11:04:17Z</end></TimeSpan><styleUrl>#point</styleUrl><Point><altitudeMode>clampToGround</altitudeMode><coordinates>12.010502144694328,46.528233010321856,2699.52</coordinates></Point></Placemark><Placemark><TimeSpan><begin>2026-08-03T11:04:17Z</begin><end>2026-08-03T11:04:27Z</end></TimeSpan><styleUrl>#point</styleUrl><Point><altitudeMode>clampToGround</altitudeMode><coordinates>12.010594932362437,46.528244074434042,2697.1199999999999</coordinates></Point></Placemark><Placemark><TimeSpan><begin>2026-08-03T11:04:27Z</begin><end>2026-08-03T11:04:36Z</end></TimeSpan><styleUrl>#point</styleUrl><Point><altitudeMode>clampToGround</altitudeMode><coordinates>12.010687552392483,46.528229741379619,2695.6700000000001</coordinates></Point></Placemark><Placemark><TimeSpan><begin>2026-08-03T11:04:36Z</begin><end>2026-08-03T11:04:45Z</end></TimeSpan><styleUrl>#point</styleUrl><Point><altitudeMode>clampToGround</altitudeMode><coordinates>12.010720744729042,46.528232004493475,2695.1900000000001</coordinates></Point></Placemark><Placemark><TimeSpan><begin>2026-08-03T11:04:45Z</begin><end>2026-08-03T11:04:56Z</end></TimeSpan><styleUrl>#point</styleUrl><Point><altitudeMode>clampToGround</altitudeMode><coordinates>12.010658886283636,46.528280787169933,2694.23</coordinates></Point></Placemark><Placemark><TimeSpan><begin>2026-08-03T11:04:56Z</begin><end>2026-08-03T11:05:06Z</end></TimeSpan><styleUrl>#point</styleUrl><Point><altitudeMode>clampToGround</altitudeMode><coordinates>12.010613288730383,46.528338538482785,2692.79</coordinates></Point></Placemark><Placemark><TimeSpan><begin>2026-08-03T11:05:06Z</begin><end>2026-08-03T11:05:14Z</end></TimeSpan><styleUrl>#point</styleUrl><Point><altitudeMode>clampToGround</altitudeMode><coordinates>12.010566936805844,46.528398469090462,2691.8299999999999</coordinates></Point></Placemark><Placemark><TimeSpan><begin>2026-08-03T11:05:14Z</begin><end>2026-08-03T11:05:26Z</end></TimeSpan><styleUrl>#point</styleUrl><Point><altitudeMode>clampToGround</altitudeMode><coordinates>12.010470209643245,46.528485054150224,2689.4299999999998</coordinates></Point></Placemark><Placemark><TimeSpan><begin>2026-08-03T11:05:26Z</begin><end>2026-08-03T11:05:35Z</end></TimeSpan><styleUrl>#point</styleUrl><Point><altitudeMode>clampToGround</altitudeMode><coordinates>12.010477166622877,46.528507517650723,2688.9400000000001</coordinates></Point></Placemark><Placemark><TimeSpan><begin>2026-08-03T11:05:35Z</begin><end>2026-08-03T11:05:46Z</end></TimeSpan><styleUrl>#point</styleUrl><Point><altitudeMode>clampToGround</altitudeMode><coordinates>12.010510778054595,46.528510702773929,2687.98</coordinates></Point></Placemark><Placemark><TimeSpan><begin>2026-08-03T11:05:46Z</begin><end>2026-08-03T11:05:57Z</end></TimeSpan><styleUrl>#point</styleUrl><Point><altitudeMode>clampToGround</altitudeMode><coordinates>12.010547239333391,46.528521599248052,2686.54</coordinates></Point></Placemark><Placemark><TimeSpan><begin>2026-08-03T11:05:57Z</begin><end>2026-08-03T11:06:06Z</end></TimeSpan><styleUrl>#point</styleUrl><Point><altitudeMode>clampToGround</altitudeMode><coordinates>12.010594513267279,46.528535010293126,2685.0999999999999</coordinates></Point></Placemark><Placemark><TimeSpan><begin>2026-08-03T11:06:06Z</begin><end>2026-08-03T11:06:18Z</end></TimeSpan><styleUrl>#point</styleUrl><Point><altitudeMode>clampToGround</altitudeMode><coordinates>12.010695263743401,46.528536351397634,2684.1399999999999</coordinates></Point></Placemark><Placemark><TimeSpan><begin>2026-08-03T11:06:18Z</begin><end>2026-08-03T11:06:28Z</end></TimeSpan><styleUrl>#point</styleUrl><Point><altitudeMode>clampToGround</altitudeMode><coordinates>12.010796600952744,46.528546409681439,2682.6999999999998</coordinates></Point></Placemark><Placemark><TimeSpan><begin>2026-08-03T11:06:28Z</begin><end>2026-08-03T11:06:38Z</end></TimeSpan><styleUrl>#point</styleUrl><Point><altitudeMode>clampToGround</altitudeMode><coordinates>12.010862482711673,46.528567615896463,2681.25</coordinates></Point></Placemark><Placemark><TimeSpan><begin>2026-08-03T11:06:38Z</begin><end>2026-08-03T11:06:45Z</end></TimeSpan><styleUrl>#point</styleUrl><Point><altitudeMode>clampToGround</altitudeMode><coordinates>12.010825183242559,46.528606507927179,2680.29</coordinates></Point></Placemark><Placemark><TimeSpan><begin>2026-08-03T11:06:45Z</begin><end>2026-08-03T11:06:53Z</end></TimeSpan><styleUrl>#point</styleUrl><Point><altitudeMode>clampToGround</altitudeMode><coordinates>12.01078268699348,46.52863928116858,2679.3299999999999</coordinates></Point></Placemark><Placemark><TimeSpan><begin>2026-08-03T11:06:53Z</begin><end>2026-08-03T11:07:02Z</end></TimeSpan><styleUrl>#point</styleUrl><Point><altitudeMode>clampToGround</altitudeMode><coordinates>12.010846473276615,46.528644561767578,2678.3699999999999</coordinates></Point></Placemark><Placemark><TimeSpan><begin>2026-08-03T11:07:02Z</begin><end>2026-08-03T11:07:10Z</end></TimeSpan><styleUrl>#point</styleUrl><Point><altitudeMode>clampToGround</altitudeMode><coordinates>12.010908415541053,46.528672138229012,2677.4099999999999</coordinates></Point></Placemark><Placemark><TimeSpan><begin>2026-08-03T11:07:10Z</begin><end>2026-08-03T11:07:18Z</end></TimeSpan><styleUrl>#point</styleUrl><Point><altitudeMode>clampToGround</altitudeMode><coordinates>12.010864159092307,46.528717316687107,2675.9699999999998</coordinates></Point></Placemark><Placemark><TimeSpan><begin>2026-08-03T11:07:18Z</begin><end>2026-08-03T11:07:19Z</end></TimeSpan><styleUrl>#point</styleUrl><Point><altitudeMode>clampToGround</altitudeMode><coordinates>12.010850915685296,46.528718825429678,2675.9699999999998</coordinates></Point></Placemark><Placemark><TimeSpan><begin>2026-08-03T11:07:19Z</begin><end>2026-08-03T11:07:29Z</end></TimeSpan><styleUrl>#point</styleUrl><Point><altitudeMode>clampToGround</altitudeMode><coordinates>12.010838175192475,46.528727374970913,2675.9699999999998</coordinates></Point></Placemark><Placemark><TimeSpan><begin>2026-08-03T11:07:29Z</begin><end>2026-08-03T11:07:42Z</end></TimeSpan><styleUrl>#point</styleUrl><Point><altitudeMode>clampToGround</altitudeMode><coordinates>12.010820154100657,46.52874774299562,2675.4899999999998</coordinates></Point></Placemark><Placemark><TimeSpan><begin>2026-08-03T11:07:42Z</begin><end>2026-08-03T11:07:53Z</end></TimeSpan><styleUrl>#point</styleUrl><Point><altitudeMode>clampToGround</altitudeMode><coordinates>12.010902129113674,46.528777834028006,2674.04</coordinates></Point></Placemark><Placemark><TimeSpan><begin>2026-08-03T11:07:53Z</begin><end>2026-08-03T11:07:57Z</end></TimeSpan><styleUrl>#point</styleUrl><Point><altitudeMode>clampToGround</altitudeMode><coordinates>12.010935069993138,46.528793843463063,2673.5599999999999</coordinates></Point></Placemark><Placemark><TimeSpan><begin>2026-08-03T11:07:57Z</begin><end>2026-08-03T11:08:06Z</end></TimeSpan><styleUrl>#point</styleUrl><Point><altitudeMode>clampToGround</altitudeMode><coordinates>12.011024169623852,46.528803147375584,2672.1199999999999</coordinates></Point></Placemark><Placemark><TimeSpan><begin>2026-08-03T11:08:06Z</begin><end>2026-08-03T11:08:19Z</end></TimeSpan><styleUrl>#point</styleUrl><Point><altitudeMode>clampToGround</altitudeMode><coordinates>12.011151909828186,46.528791664168239,2671.1599999999999</coordinates></Point></Placemark><Placemark><TimeSpan><begin>2026-08-03T11:08:19Z</begin><end>2026-08-03T11:08:22Z</end></TimeSpan><styleUrl>#point</styleUrl><Point><altitudeMode>clampToGround</altitudeMode><coordinates>12.011186527088284,46.528796022757888,2670.6799999999998</coordinates></Point></Placemark><Placemark><TimeSpan><begin>2026-08-03T11:08:22Z</begin><end>2026-08-03T11:08:33Z</end></TimeSpan><styleUrl>#point</styleUrl><Point><altitudeMode>clampToGround</altitudeMode><coordinates>12.011313596740365,46.528797699138522,2669.2399999999998</coordinates></Point></Placemark><Placemark><TimeSpan><begin>2026-08-03T11:08:33Z</begin><end>2026-08-03T11:08:44Z</end></TimeSpan><styleUrl>#point</styleUrl><Point><altitudeMode>clampToGround</altitudeMode><coordinates>12.011413676664233,46.528789736330509,2667.3099999999999</coordinates></Point></Placemark><Placemark><TimeSpan><begin>2026-08-03T11:08:44Z</begin><end>2026-08-03T11:08:53Z</end></TimeSpan><styleUrl>#point</styleUrl><Point><altitudeMode>clampToGround</altitudeMode><coordinates>12.011458436027169,46.528791915625334,2667.3099999999999</coordinates></Point></Placemark><Placemark><TimeSpan><begin>2026-08-03T11:08:53Z</begin><end>2026-08-03T11:09:02Z</end></TimeSpan><styleUrl>#point</styleUrl><Point><altitudeMode>clampToGround</altitudeMode><coordinates>12.011521551758051,46.528793843463063,2666.3499999999999</coordinates></Point></Placemark><Placemark><TimeSpan><begin>2026-08-03T11:09:02Z</begin><end>2026-08-03T11:09:12Z</end></TimeSpan><styleUrl>#point</styleUrl><Point><altitudeMode>clampToGround</altitudeMode><coordinates>12.011520797386765,46.528839943930507,2665.8699999999999</coordinates></Point></Placemark><Placemark><TimeSpan><begin>2026-08-03T11:09:12Z</begin><end>2026-08-03T11:09:23Z</end></TimeSpan><styleUrl>#point</styleUrl><Point><altitudeMode>clampToGround</altitudeMode><coordinates>12.011443097144365,46.528884284198284,2663.4699999999998</coordinates></Point></Placemark><Placemark><TimeSpan><begin>2026-08-03T11:09:23Z</begin><end>2026-08-03T11:09:32Z</end></TimeSpan><styleUrl>#point</styleUrl><Point><altitudeMode>clampToGround</altitudeMode><coordinates>12.011392135173082,46.528910687193274,2662.5100000000002</coordinates></Point></Placemark><Placemark><TimeSpan><begin>2026-08-03T11:09:32Z</begin><end>2026-08-03T11:09:41Z</end></TimeSpan><styleUrl>#point</styleUrl><Point><altitudeMode>clampToGround</altitudeMode><coordinates>12.011329103261232,46.5289456397295,2661.0700000000002</coordinates></Point></Placemark><Placemark><TimeSpan><begin>2026-08-03T11:09:41Z</begin><end>2026-08-03T11:09:42Z</end></TimeSpan><styleUrl>#point</styleUrl><Point><altitudeMode>clampToGround</altitudeMode><coordinates>12.011332372203469,46.528951758518815,2660.5900000000001</coordinates></Point></Placemark><Placemark><TimeSpan><begin>2026-08-03T11:09:42Z</begin><end>2026-08-03T11:09:52Z</end></TimeSpan><styleUrl>#point</styleUrl><Point><altitudeMode>clampToGround</altitudeMode><coordinates>12.01139448210597,46.528999619185925,2659.1399999999999</coordinates></Point></Placemark><Placemark><TimeSpan><begin>2026-08-03T11:09:52Z</begin><end>2026-08-03T11:09:58Z</end></TimeSpan><styleUrl>#point</styleUrl><Point><altitudeMode>clampToGround</altitudeMode><coordinates>12.011444270610809,46.528991153463721,2658.1799999999998</coordinates></Point></Placemark><Placemark><TimeSpan><begin>2026-08-03T11:09:58Z</begin><end>2026-08-03T11:10:09Z</end></TimeSpan><styleUrl>#point</styleUrl><Point><altitudeMode>clampToGround</altitudeMode><coordinates>12.011577123776078,46.52898964472115,2656.7399999999998</coordinates></Point></Placemark><Placemark><TimeSpan><begin>2026-08-03T11:10:09Z</begin><end>2026-08-03T11:10:19Z</end></TimeSpan><styleUrl>#point</styleUrl><Point><altitudeMode>clampToGround</altitudeMode><coordinates>12.011668067425489,46.528995679691434,2654.8200000000002</coordinates></Point></Placemark><Placemark><TimeSpan><begin>2026-08-03T11:10:19Z</begin><end>2026-08-03T11:10:29Z</end></TimeSpan><styleUrl>#point</styleUrl><Point><altitudeMode>clampToGround</altitudeMode><coordinates>12.011649459600449,46.529046976938844,2653.3800000000001</coordinates></Point></Placemark><Placemark><TimeSpan><begin>2026-08-03T11:10:29Z</begin><end>2026-08-03T11:10:40Z</end></TimeSpan><styleUrl>#point</styleUrl><Point><altitudeMode>clampToGround</altitudeMode><coordinates>12.011595480144024,46.529077906161547,2651.4499999999998</coordinates></Point></Placemark><Placemark><TimeSpan><begin>2026-08-03T11:10:40Z</begin><end>2026-08-03T11:10:49Z</end></TimeSpan><styleUrl>#point</styleUrl><Point><altitudeMode>clampToGround</altitudeMode><coordinates>12.011545607820153,46.529102297499776,2650.4899999999998</coordinates></Point></Placemark><Placemark><TimeSpan><begin>2026-08-03T11:10:49Z</begin><end>2026-08-03T11:10:59Z</end></TimeSpan><styleUrl>#point</styleUrl><Point><altitudeMode>clampToGround</altitudeMode><coordinates>12.011491544544697,46.529150074347854,2648.5700000000002</coordinates></Point></Placemark><Placemark><TimeSpan><begin>2026-08-03T11:10:59Z</begin><end>2026-08-03T11:11:07Z</end></TimeSpan><styleUrl>#point</styleUrl><Point><altitudeMode>clampToGround</altitudeMode><coordinates>12.011456675827503,46.529176477342844,2646.6500000000001</coordinates></Point></Placemark><Placemark><TimeSpan><begin>2026-08-03T11:11:07Z</begin><end>2026-08-03T11:11:19Z</end></TimeSpan><styleUrl>#point</styleUrl><Point><altitudeMode>clampToGround</altitudeMode><coordinates>12.011366402730346,46.529248226433992,2645.6900000000001</coordinates></Point></Placemark><Placemark><TimeSpan><begin>2026-08-03T11:11:19Z</begin><end>2026-08-03T11:11:26Z</end></TimeSpan><styleUrl>#point</styleUrl><Point><altitudeMode>clampToGround</altitudeMode><coordinates>12.011432535946369,46.529212854802608,2644.7199999999998</coordinates></Point></Placemark><Placemark><TimeSpan><begin>2026-08-03T11:11:26Z</begin><end>2026-08-03T11:11:32Z</end></TimeSpan><styleUrl>#point</styleUrl><Point><altitudeMode>clampToGround</altitudeMode><coordinates>12.011530688032508,46.529203550890088,2643.2800000000002</coordinates></Point></Placemark><Placemark><TimeSpan><begin>2026-08-03T11:11:32Z</begin><end>2026-08-03T11:11:42Z</end></TimeSpan><styleUrl>#point</styleUrl><Point><altitudeMode>clampToGround</altitudeMode><coordinates>12.011641832068563,46.529207658022642,2642.3200000000002</coordinates></Point></Placemark><Placemark><TimeSpan><begin>2026-08-03T11:11:42Z</begin><end>2026-08-03T11:11:52Z</end></TimeSpan><styleUrl>#point</styleUrl><Point><altitudeMode>clampToGround</altitudeMode><coordinates>12.011580057442188,46.529252836480737,2640.8800000000001</coordinates></Point></Placemark><Placemark><TimeSpan><begin>2026-08-03T11:11:52Z</begin><end>2026-08-03T11:12:04Z</end></TimeSpan><styleUrl>#point</styleUrl><Point><altitudeMode>clampToGround</altitudeMode><coordinates>12.011531442403793,46.529271528124809,2640.8800000000001</coordinates></Point></Placemark><Placemark><TimeSpan><begin>2026-08-03T11:12:04Z</begin><end>2026-08-03T11:12:16Z</end></TimeSpan><styleUrl>#point</styleUrl><Point><altitudeMode>clampToGround</altitudeMode><coordinates>12.011479223147035,46.529318131506443,2639.4400000000001</coordinates></Point></Placemark><Placemark><TimeSpan><begin>2026-08-03T11:12:16Z</begin><end>2026-08-03T11:12:26Z</end></TimeSpan><styleUrl>#point</styleUrl><Point><altitudeMode>clampToGround</altitudeMode><coordinates>12.011588606983423,46.529290052130818,2637.9899999999998</coordinates></Point></Placemark><Placemark><TimeSpan><begin>2026-08-03T11:12:26Z</begin><end>2026-08-03T11:12:34Z</end></TimeSpan><styleUrl>#point</styleUrl><Point><altitudeMode>clampToGround</altitudeMode><coordinates>12.011641915887594,46.529288291931152,2637.0300000000002</coordinates></Point></Placemark><Placemark><TimeSpan><begin>2026-08-03T11:12:34Z</begin><end>2026-08-03T11:12:43Z</end></TimeSpan><styleUrl>#point</styleUrl><Point><altitudeMode>clampToGround</altitudeMode><coordinates>12.011693129315972,46.529297009110451,2635.5900000000001</coordinates></Point></Placemark><Placemark><TimeSpan><begin>2026-08-03T11:12:43Z</begin><end>2026-08-03T11:12:51Z</end></TimeSpan><styleUrl>#point</styleUrl><Point><altitudeMode>clampToGround</altitudeMode><coordinates>12.011725818738341,46.529289549216628,2635.1100000000001</coordinates></Point></Placemark><Placemark><TimeSpan><begin>2026-08-03T11:12:51Z</begin><end>2026-08-03T11:13:01Z</end></TimeSpan><styleUrl>#point</styleUrl><Point><altitudeMode>clampToGround</altitudeMode><coordinates>12.0117780379951,46.529266834259033,2633.6700000000001</coordinates></Point></Placemark><Placemark><TimeSpan><begin>2026-08-03T11:13:01Z</begin><end>2026-08-03T11:13:16Z</end></TimeSpan><styleUrl>#point</styleUrl><Point><altitudeMode>clampToGround</altitudeMode><coordinates>12.011829921975732,46.529272701591253,2632.71</coordinates></Point></Placemark><Placemark><TimeSpan><begin>2026-08-03T11:13:16Z</begin><end>2026-08-03T11:13:23Z</end></TimeSpan><styleUrl>#point</styleUrl><Point><altitudeMode>clampToGround</altitudeMode><coordinates>12.011767057701945,46.52933363802731,2631.75</coordinates></Point></Placemark><Placemark><TimeSpan><begin>2026-08-03T11:13:23Z</begin><end>2026-08-03T11:13:33Z</end></TimeSpan><styleUrl>#point</styleUrl><Point><altitudeMode>clampToGround</altitudeMode><coordinates>12.011749790981412,46.529352748766541,2630.79</coordinates></Point></Placemark><Placemark><TimeSpan><begin>2026-08-03T11:13:33Z</begin><end>2026-08-03T11:13:40Z</end></TimeSpan><styleUrl>#point</styleUrl><Point><altitudeMode>clampToGround</altitudeMode><coordinates>12.011698745191097,46.52938543818891,2630.3000000000002</coordinates></Point></Placemark><Placemark><TimeSpan><begin>2026-08-03T11:13:40Z</begin><end>2026-08-03T11:13:52Z</end></TimeSpan><styleUrl>#point</styleUrl><Point><altitudeMode>clampToGround</altitudeMode><coordinates>12.011585338041186,46.529449140653014,2627.9000000000001</coordinates></Point></Placemark><Placemark><TimeSpan><begin>2026-08-03T11:13:52Z</begin><end>2026-08-03T11:14:01Z</end></TimeSpan><styleUrl>#point</styleUrl><Point><altitudeMode>clampToGround</altitudeMode><coordinates>12.011640826240182,46.529454756528139,2627.4200000000001</coordinates></Point></Placemark><Placemark><TimeSpan><begin>2026-08-03T11:14:01Z</begin><end>2026-08-03T11:14:09Z</end></TimeSpan><styleUrl>#point</styleUrl><Point><altitudeMode>clampToGround</altitudeMode><coordinates>12.011724477633834,46.529451487585902,2625.98</coordinates></Point></Placemark><Placemark><TimeSpan><begin>2026-08-03T11:14:09Z</begin><end>2026-08-03T11:14:19Z</end></TimeSpan><styleUrl>#point</styleUrl><Point><altitudeMode>clampToGround</altitudeMode><coordinates>12.011800836771727,46.52944746427238,2624.0599999999999</coordinates></Point></Placemark><Placemark><TimeSpan><begin>2026-08-03T11:14:19Z</begin><end>2026-08-03T11:14:29Z</end></TimeSpan><styleUrl>#point</styleUrl><Point><altitudeMode>clampToGround</altitudeMode><coordinates>12.011894881725311,46.5294533316046,2622.6100000000001</coordinates></Point></Placemark><Placemark><TimeSpan><begin>2026-08-03T11:14:29Z</begin><end>2026-08-03T11:14:31Z</end></TimeSpan><styleUrl>#point</styleUrl><Point><altitudeMode>clampToGround</altitudeMode><coordinates>12.011919105425477,46.529456013813615,2622.6100000000001</coordinates></Point></Placemark><Placemark><TimeSpan><begin>2026-08-03T11:14:31Z</begin><end>2026-08-03T11:14:43Z</end></TimeSpan><styleUrl>#point</styleUrl><Point><altitudeMode>clampToGround</altitudeMode><coordinates>12.012027986347675,46.5295275952667,2620.21</coordinates></Point></Placemark><Placemark><TimeSpan><begin>2026-08-03T11:14:43Z</begin><end>2026-08-03T11:14:54Z</end></TimeSpan><styleUrl>#point</styleUrl><Point><altitudeMode>clampToGround</altitudeMode><coordinates>12.012086743488908,46.529574785381556,2619.25</coordinates></Point></Placemark><Placemark><TimeSpan><begin>2026-08-03T11:14:54Z</begin><end>2026-08-03T11:15:03Z</end></TimeSpan><styleUrl>#point</styleUrl><Point><altitudeMode>clampToGround</altitudeMode><coordinates>12.012124210596085,46.529607474803925,2617.8099999999999</coordinates></Point></Placemark><Placemark><TimeSpan><begin>2026-08-03T11:15:03Z</begin><end>2026-08-03T11:15:13Z</end></TimeSpan><styleUrl>#point</styleUrl><Point><altitudeMode>clampToGround</altitudeMode><coordinates>12.01217039488256,46.5296311955899,2615.8800000000001</coordinates></Point></Placemark><Placemark><TimeSpan><begin>2026-08-03T11:15:13Z</begin><end>2026-08-03T11:15:22Z</end></TimeSpan><styleUrl>#point</styleUrl><Point><altitudeMode>clampToGround</altitudeMode><coordinates>12.012211717665195,46.529671177268028,2614.4400000000001</coordinates></Point></Placemark><Placemark><TimeSpan><begin>2026-08-03T11:15:22Z</begin><end>2026-08-03T11:15:31Z</end></TimeSpan><styleUrl>#point</styleUrl><Point><altitudeMode>clampToGround</altitudeMode><coordinates>12.012259243056178,46.52970353141427,2613</coordinates></Point></Placemark><Placemark><TimeSpan><begin>2026-08-03T11:15:31Z</begin><end>2026-08-03T11:15:41Z</end></TimeSpan><styleUrl>#point</styleUrl><Point><altitudeMode>clampToGround</altitudeMode><coordinates>12.012259243056178,46.529750302433968,2611.0799999999999</coordinates></Point></Placemark><Placemark><TimeSpan><begin>2026-08-03T11:15:41Z</begin><end>2026-08-03T11:15:50Z</end></TimeSpan><styleUrl>#point</styleUrl><Point><altitudeMode>clampToGround</altitudeMode><coordinates>12.012226218357682,46.529797995463014,2610.1199999999999</coordinates></Point></Placemark><Placemark><TimeSpan><begin>2026-08-03T11:15:50Z</begin><end>2026-08-03T11:16:00Z</end></TimeSpan><styleUrl>#point</styleUrl><Point><altitudeMode>clampToGround</altitudeMode><coordinates>12.012257315218449,46.529820961877704,2608.6700000000001</coordinates></Point></Placemark><Placemark><TimeSpan><begin>2026-08-03T11:16:00Z</begin><end>2026-08-03T11:16:08Z</end></TimeSpan><styleUrl>#point</styleUrl><Point><altitudeMode>clampToGround</altitudeMode><coordinates>12.012178357690573,46.529838228598237,2607.23</coordinates></Point></Placemark><Placemark><TimeSpan><begin>2026-08-03T11:16:08Z</begin><end>2026-08-03T11:16:17Z</end></TimeSpan><styleUrl>#point</styleUrl><Point><altitudeMode>clampToGround</altitudeMode><coordinates>12.012103004381061,46.529801934957504,2606.27</coordinates></Point></Placemark><Placemark><TimeSpan><begin>2026-08-03T11:16:17Z</begin><end>2026-08-03T11:16:25Z</end></TimeSpan><styleUrl>#point</styleUrl><Point><altitudeMode>clampToGround</altitudeMode><coordinates>12.012077439576387,46.529807467013597,2605.79</coordinates></Point></Placemark><Placemark><TimeSpan><begin>2026-08-03T11:16:25Z</begin><end>2026-08-03T11:16:28Z</end></TimeSpan><styleUrl>#point</styleUrl><Point><altitudeMode>clampToGround</altitudeMode><coordinates>12.012039888650179,46.529816519469023,2604.8299999999999</coordinates></Point></Placemark><Placemark><TimeSpan><begin>2026-08-03T11:16:28Z</begin><end>2026-08-03T11:16:35Z</end></TimeSpan><styleUrl>#point</styleUrl><Point><altitudeMode>clampToGround</altitudeMode><coordinates>12.01199253089726,46.529878210276365,2602.9099999999999</coordinates></Point></Placemark><Placemark><TimeSpan><begin>2026-08-03T11:16:35Z</begin><end>2026-08-03T11:16:44Z</end></TimeSpan><styleUrl>#point</styleUrl><Point><altitudeMode>clampToGround</altitudeMode><coordinates>12.011949364095926,46.529938811436296,2601.46</coordinates></Point></Placemark><Placemark><TimeSpan><begin>2026-08-03T11:16:44Z</begin><end>2026-08-03T11:16:52Z</end></TimeSpan><styleUrl>#point</styleUrl><Point><altitudeMode>clampToGround</altitudeMode><coordinates>12.012014826759696,46.529925735667348,2600.5</coordinates></Point></Placemark><Placemark><TimeSpan><begin>2026-08-03T11:16:52Z</begin><end>2026-08-03T11:16:54Z</end></TimeSpan><styleUrl>#point</styleUrl><Point><altitudeMode>clampToGround</altitudeMode><coordinates>12.012044498696923,46.529917437583208,2600.02</coordinates></Point></Placemark><Placemark><TimeSpan><begin>2026-08-03T11:16:54Z</begin><end>2026-08-03T11:17:06Z</end></TimeSpan><styleUrl>#point</styleUrl><Point><altitudeMode>clampToGround</altitudeMode><coordinates>12.012187158688903,46.529892459511757,2597.6199999999999</coordinates></Point></Placemark><Placemark><TimeSpan><begin>2026-08-03T11:17:06Z</begin><end>2026-08-03T11:17:15Z</end></TimeSpan><styleUrl>#point</styleUrl><Point><altitudeMode>clampToGround</altitudeMode><coordinates>12.01217919588089,46.529938811436296,2595.6999999999998</coordinates></Point></Placemark><Placemark><TimeSpan><begin>2026-08-03T11:17:15Z</begin><end>2026-08-03T11:17:16Z</end></TimeSpan><styleUrl>#point</styleUrl><Point><altitudeMode>clampToGround</altitudeMode><coordinates>12.01217140071094,46.529948115348816,2595.6999999999998</coordinates></Point></Placemark><Placemark><TimeSpan><begin>2026-08-03T11:17:16Z</begin><end>2026-08-03T11:17:26Z</end></TimeSpan><styleUrl>#point</styleUrl><Point><altitudeMode>clampToGround</altitudeMode><coordinates>12.012192355468869,46.530001759529114,2593.77</coordinates></Point></Placemark><Placemark><TimeSpan><begin>2026-08-03T11:17:26Z</begin><end>2026-08-03T11:17:37Z</end></TimeSpan><styleUrl>#point</styleUrl><Point><altitudeMode>clampToGround</altitudeMode><coordinates>12.012282125651836,46.530029000714421,2591.3699999999999</coordinates></Point></Placemark><Placemark><TimeSpan><begin>2026-08-03T11:17:37Z</begin><end>2026-08-03T11:17:46Z</end></TimeSpan><styleUrl>#point</styleUrl><Point><altitudeMode>clampToGround</altitudeMode><coordinates>12.012373488396406,46.530080968514085,2589.9299999999998</coordinates></Point></Placemark><Placemark><TimeSpan><begin>2026-08-03T11:17:46Z</begin><end>2026-08-03T11:17:59Z</end></TimeSpan><styleUrl>#point</styleUrl><Point><altitudeMode>clampToGround</altitudeMode><coordinates>12.012485889717937,46.530155315995216,2587.04</coordinates></Point></Placemark><Placemark><TimeSpan><begin>2026-08-03T11:17:59Z</begin><end>2026-08-03T11:18:11Z</end></TimeSpan><styleUrl>#point</styleUrl><Point><altitudeMode>clampToGround</altitudeMode><coordinates>12.012600302696228,46.530221868306398,2584.6399999999999</coordinates></Point></Placemark><Placemark><TimeSpan><begin>2026-08-03T11:18:11Z</begin><end>2026-08-03T11:18:22Z</end></TimeSpan><styleUrl>#point</styleUrl><Point><altitudeMode>clampToGround</altitudeMode><coordinates>12.012656042352319,46.5302649512887,2584.1599999999999</coordinates></Point></Placemark><Placemark><TimeSpan><begin>2026-08-03T11:18:22Z</begin><end>2026-08-03T11:18:33Z</end></TimeSpan><styleUrl>#point</styleUrl><Point><altitudeMode>clampToGround</altitudeMode><coordinates>12.012753272429109,46.530311806127429,2581.7600000000002</coordinates></Point></Placemark><Placemark><TimeSpan><begin>2026-08-03T11:18:33Z</begin><end>2026-08-03T11:18:43Z</end></TimeSpan><styleUrl>#point</styleUrl><Point><altitudeMode>clampToGround</altitudeMode><coordinates>12.012846060097218,46.530354218557477,2580.3200000000002</coordinates></Point></Placemark><Placemark><TimeSpan><begin>2026-08-03T11:18:43Z</begin><end>2026-08-03T11:18:54Z</end></TimeSpan><styleUrl>#point</styleUrl><Point><altitudeMode>clampToGround</altitudeMode><coordinates>12.012969022616744,46.530394200235605,2578.8699999999999</coordinates></Point></Placemark><Placemark><TimeSpan><begin>2026-08-03T11:18:54Z</begin><end>2026-08-03T11:18:56Z</end></TimeSpan><styleUrl>#point</styleUrl><Point><altitudeMode>clampToGround</altitudeMode><coordinates>12.012986037880182,46.530398642644286,2578.8699999999999</coordinates></Point></Placemark><Placemark><TimeSpan><begin>2026-08-03T11:18:56Z</begin><end>2026-08-03T11:18:58Z</end></TimeSpan><styleUrl>#point</styleUrl><Point><altitudeMode>clampToGround</altitudeMode><coordinates>12.013010010123253,46.530408365651965,2578.8699999999999</coordinates></Point></Placemark><Placemark><TimeSpan><begin>2026-08-03T11:18:58Z</begin><end>2026-08-03T11:19:01Z</end></TimeSpan><styleUrl>#point</styleUrl><Point><altitudeMode>clampToGround</altitudeMode><coordinates>12.013049824163318,46.530425129458308,2578.8699999999999</coordinates></Point></Placemark><Placemark><TimeSpan><begin>2026-08-03T11:19:01Z</begin><end>2026-08-03T11:19:06Z</end></TimeSpan><styleUrl>#point</styleUrl><Point><altitudeMode>clampToGround</altitudeMode><coordinates>12.013094667345285,46.530463434755802,2578.8699999999999</coordinates></Point></Placemark><Placemark><TimeSpan><begin>2026-08-03T11:19:06Z</begin><end>2026-08-03T11:19:17Z</end></TimeSpan><styleUrl>#point</styleUrl><Point><altitudeMode>clampToGround</altitudeMode><coordinates>12.01313984580338,46.530542224645615,2579.8400000000001</coordinates></Point></Placemark><Placemark><TimeSpan><begin>2026-08-03T11:19:17Z</begin><end>2026-08-03T11:19:27Z</end></TimeSpan><styleUrl>#point</styleUrl><Point><altitudeMode>clampToGround</altitudeMode><coordinates>12.01313347555697,46.530587654560804,2579.8400000000001</coordinates></Point></Placemark><Placemark><TimeSpan><begin>2026-08-03T11:19:27Z</begin><end>2026-08-03T11:19:36Z</end></TimeSpan><styleUrl>#point</styleUrl><Point><altitudeMode>clampToGround</altitudeMode><coordinates>12.013080334290862,46.530623445287347,2579.8400000000001</coordinates></Point></Placemark><Placemark><TimeSpan><begin>2026-08-03T11:19:36Z</begin><end>2026-08-03T11:19:48Z</end></TimeSpan><styleUrl>#point</styleUrl><Point><altitudeMode>clampToGround</altitudeMode><coordinates>12.013061475008726,46.530595533549786,2579.8400000000001</coordinates></Point></Placemark><Placemark><TimeSpan><begin>2026-08-03T11:19:48Z</begin><end>2026-08-03T11:19:54Z</end></TimeSpan><styleUrl>#point</styleUrl><Point><altitudeMode>clampToGround</altitudeMode><coordinates>12.013037670403719,46.530573908239603,2578.3899999999999</coordinates></Point></Placemark><Placemark><TimeSpan><begin>2026-08-03T11:19:54Z</begin><end>2026-08-03T11:20:04Z</end></TimeSpan><styleUrl>#point</styleUrl><Point><altitudeMode>clampToGround</altitudeMode><coordinates>12.013008501380682,46.530582876875997,2576.9499999999998</coordinates></Point></Placemark><Placemark><TimeSpan><begin>2026-08-03T11:20:04Z</begin><end>2026-08-03T11:20:15Z</end></TimeSpan><styleUrl>#point</styleUrl><Point><altitudeMode>clampToGround</altitudeMode><coordinates>12.012926191091537,46.530574494972825,2575.5100000000002</coordinates></Point></Placemark><Placemark><TimeSpan><begin>2026-08-03T11:20:15Z</begin><end>2026-08-03T11:20:26Z</end></TimeSpan><styleUrl>#point</styleUrl><Point><altitudeMode>clampToGround</altitudeMode><coordinates>12.012848071753979,46.530632833018899,2574.0700000000002</coordinates></Point></Placemark><Placemark><TimeSpan><begin>2026-08-03T11:20:26Z</begin><end>2026-08-03T11:20:32Z</end></TimeSpan><styleUrl>#point</styleUrl><Point><altitudeMode>clampToGround</altitudeMode><coordinates>12.012783279642463,46.530615147203207,2573.1100000000001</coordinates></Point></Placemark><Placemark><TimeSpan><begin>2026-08-03T11:20:32Z</begin><end>2026-08-03T11:20:45Z</end></TimeSpan><styleUrl>#point</styleUrl><Point><altitudeMode>clampToGround</altitudeMode><coordinates>12.012628968805075,46.530645824968815,2572.6300000000001</coordinates></Point></Placemark><Placemark><TimeSpan><begin>2026-08-03T11:20:45Z</begin><end>2026-08-03T11:20:50Z</end></TimeSpan><styleUrl>#point</styleUrl><Point><altitudeMode>clampToGround</altitudeMode><coordinates>12.012577252462506,46.530652530491352,2571.6599999999999</coordinates></Point></Placemark><Placemark><TimeSpan><begin>2026-08-03T11:20:50Z</begin><end>2026-08-03T11:20:53Z</end></TimeSpan><styleUrl>#point</styleUrl><Point><altitudeMode>clampToGround</altitudeMode><coordinates>12.012541880831122,46.530673569068313,2571.1799999999998</coordinates></Point></Placemark><Placemark><TimeSpan><begin>2026-08-03T11:20:53Z</begin><end>2026-08-03T11:20:56Z</end></TimeSpan><styleUrl>#point</styleUrl><Point><altitudeMode>clampToGround</altitudeMode><coordinates>12.012506760656834,46.530697960406542,2570.6999999999998</coordinates></Point></Placemark><Placemark><TimeSpan><begin>2026-08-03T11:20:56Z</begin><end>2026-08-03T11:21:04Z</end></TimeSpan><styleUrl>#point</styleUrl><Point><altitudeMode>clampToGround</altitudeMode><coordinates>12.012394359335303,46.530718328431249,2570.6999999999998</coordinates></Point></Placemark><Placemark><TimeSpan><begin>2026-08-03T11:21:04Z</begin><end>2026-08-03T11:21:17Z</end></TimeSpan><styleUrl>#point</styleUrl><Point><altitudeMode>clampToGround</altitudeMode><coordinates>12.012240719050169,46.530768619850278,2570.6999999999998</coordinates></Point></Placemark><Placemark><TimeSpan><begin>2026-08-03T11:21:17Z</begin><end>2026-08-03T11:21:27Z</end></TimeSpan><styleUrl>#point</styleUrl><Point><altitudeMode>clampToGround</altitudeMode><coordinates>12.012167628854513,46.530823269858956,2570.6999999999998</coordinates></Point></Placemark><Placemark><TimeSpan><begin>2026-08-03T11:21:27Z</begin><end>2026-08-03T11:21:34Z</end></TimeSpan><styleUrl>#point</styleUrl><Point><altitudeMode>clampToGround</altitudeMode><coordinates>12.012120774015784,46.530863922089338,2571.6599999999999</coordinates></Point></Placemark><Placemark><TimeSpan><begin>2026-08-03T11:21:34Z</begin><end>2026-08-03T11:21:45Z</end></TimeSpan><styleUrl>#point</styleUrl><Point><altitudeMode>clampToGround</altitudeMode><coordinates>12.01205363497138,46.530908178538084,2572.6300000000001</coordinates></Point></Placemark><Placemark><TimeSpan><begin>2026-08-03T11:21:45Z</begin><end>2026-08-03T11:21:56Z</end></TimeSpan><styleUrl>#point</styleUrl><Point><altitudeMode>clampToGround</altitudeMode><coordinates>12.012069141492248,46.530908932909369,2572.6300000000001</coordinates></Point></Placemark><Placemark><TimeSpan><begin>2026-08-03T11:21:56Z</begin><end>2026-08-03T11:22:09Z</end></TimeSpan><styleUrl>#point</styleUrl><Point><altitudeMode>clampToGround</altitudeMode><coordinates>12.012077523395419,46.53092167340219,2572.6300000000001</coordinates></Point></Placemark><Placemark><TimeSpan><begin>2026-08-03T11:22:09Z</begin><end>2026-08-03T11:22:25Z</end></TimeSpan><styleUrl>#point</styleUrl><Point><altitudeMode>clampToGround</altitudeMode><coordinates>12.01206386089325,46.530931731685996,2572.1399999999999</coordinates></Point></Placemark><Placemark><TimeSpan><begin>2026-08-03T11:22:25Z</begin><end>2026-08-03T11:22:45Z</end></TimeSpan><styleUrl>#point</styleUrl><Point><altitudeMode>clampToGround</altitudeMode><coordinates>12.012055981904268,46.53091480024159,2572.1399999999999</coordinates></Point></Placemark><Placemark><TimeSpan><begin>2026-08-03T11:22:45Z</begin><end>2026-08-03T11:23:05Z</end></TimeSpan><styleUrl>#point</styleUrl><Point><altitudeMode>clampToGround</altitudeMode><coordinates>12.012051288038492,46.530929803848267,2572.1399999999999</coordinates></Point></Placemark><Placemark><TimeSpan><begin>2026-08-03T11:23:05Z</begin><end>2026-08-03T11:23:19Z</end></TimeSpan><styleUrl>#point</styleUrl><Point><altitudeMode>clampToGround</altitudeMode><coordinates>12.012047935277224,46.530920164659619,2572.1399999999999</coordinates></Point></Placemark><Placemark><TimeSpan><begin>2026-08-03T11:23:19Z</begin><end>2026-08-03T11:23:33Z</end></TimeSpan><styleUrl>#point</styleUrl><Point><altitudeMode>clampToGround</altitudeMode><coordinates>12.012009462341666,46.530882110819221,2571.6599999999999</coordinates></Point></Placemark><Placemark><TimeSpan><begin>2026-08-03T11:23:33Z</begin><end>2026-08-03T11:23:42Z</end></TimeSpan><styleUrl>#point</styleUrl><Point><altitudeMode>clampToGround</altitudeMode><coordinates>12.011969480663538,46.530916728079319,2571.6599999999999</coordinates></Point></Placemark><Placemark><TimeSpan><begin>2026-08-03T11:23:42Z</begin><end>2026-08-03T11:23:45Z</end></TimeSpan><styleUrl>#point</styleUrl><Point><altitudeMode>clampToGround</altitudeMode><coordinates>12.011961601674557,46.530925529077649,2570.2199999999998</coordinates></Point></Placemark><Placemark><TimeSpan><begin>2026-08-03T11:23:45Z</begin><end>2026-08-03T11:23:55Z</end></TimeSpan><styleUrl>#point</styleUrl><Point><altitudeMode>clampToGround</altitudeMode><coordinates>12.01193243265152,46.530941873788834,2569.2600000000002</coordinates></Point></Placemark><Placemark><TimeSpan><begin>2026-08-03T11:23:55Z</begin><end>2026-08-03T11:24:04Z</end></TimeSpan><styleUrl>#point</styleUrl><Point><altitudeMode>clampToGround</altitudeMode><coordinates>12.011889517307281,46.530950255692005,2567.8200000000002</coordinates></Point></Placemark><Placemark><TimeSpan><begin>2026-08-03T11:24:04Z</begin><end>2026-08-03T11:24:12Z</end></TimeSpan><styleUrl>#point</styleUrl><Point><altitudeMode>clampToGround</altitudeMode><coordinates>12.011828664690256,46.530957464128733,2566.8600000000001</coordinates></Point></Placemark><Placemark><TimeSpan><begin>2026-08-03T11:24:12Z</begin><end>2026-08-03T11:24:22Z</end></TimeSpan><styleUrl>#point</styleUrl><Point><altitudeMode>clampToGround</altitudeMode><coordinates>12.011749036610126,46.530956206843257,2565.4200000000001</coordinates></Point></Placemark><Placemark><TimeSpan><begin>2026-08-03T11:24:22Z</begin><end>2026-08-03T11:24:30Z</end></TimeSpan><styleUrl>#point</styleUrl><Point><altitudeMode>clampToGround</altitudeMode><coordinates>12.011672342196107,46.530982693657279,2564.4499999999998</coordinates></Point></Placemark><Placemark><TimeSpan><begin>2026-08-03T11:24:30Z</begin><end>2026-08-03T11:24:39Z</end></TimeSpan><styleUrl>#point</styleUrl><Point><altitudeMode>clampToGround</altitudeMode><coordinates>12.01157234609127,46.531013790518045,2563.4899999999998</coordinates></Point></Placemark><Placemark><TimeSpan><begin>2026-08-03T11:24:39Z</begin><end>2026-08-03T11:24:48Z</end></TimeSpan><styleUrl>#point</styleUrl><Point><altitudeMode>clampToGround</altitudeMode><coordinates>12.011486599221826,46.531033152714372,2563.0100000000002</coordinates></Point></Placemark><Placemark><TimeSpan><begin>2026-08-03T11:24:48Z</begin><end>2026-08-03T11:24:53Z</end></TimeSpan><styleUrl>#point</styleUrl><Point><altitudeMode>clampToGround</altitudeMode><coordinates>12.01142180711031,46.531056873500347,2562.5300000000002</coordinates></Point></Placemark><Placemark><TimeSpan><begin>2026-08-03T11:24:53Z</begin><end>2026-08-03T11:24:55Z</end></TimeSpan><styleUrl>#point</styleUrl><Point><altitudeMode>clampToGround</altitudeMode><coordinates>12.011397834867239,46.531069111078978,2562.5300000000002</coordinates></Point></Placemark><Placemark><TimeSpan><begin>2026-08-03T11:24:55Z</begin><end>2026-08-03T11:24:57Z</end></TimeSpan><styleUrl>#point</styleUrl><Point><altitudeMode>clampToGround</altitudeMode><coordinates>12.011370174586773,46.531077492982149,2562.5300000000002</coordinates></Point></Placemark><Placemark><TimeSpan><begin>2026-08-03T11:24:57Z</begin><end>2026-08-03T11:24:59Z</end></TimeSpan><styleUrl>#point</styleUrl><Point><altitudeMode>clampToGround</altitudeMode><coordinates>12.011347962543368,46.531088640913367,2562.0500000000002</coordinates></Point></Placemark><Placemark><TimeSpan><begin>2026-08-03T11:24:59Z</begin><end>2026-08-03T11:25:01Z</end></TimeSpan><styleUrl>#point</styleUrl><Point><altitudeMode>clampToGround</altitudeMode><coordinates>12.011320721358061,46.531096016988158,2561.5700000000002</coordinates></Point></Placemark><Placemark><TimeSpan><begin>2026-08-03T11:25:01Z</begin><end>2026-08-03T11:25:05Z</end></TimeSpan><styleUrl>#point</styleUrl><Point><altitudeMode>clampToGround</altitudeMode><coordinates>12.011268585920334,46.53110490180552,2561.5700000000002</coordinates></Point></Placemark><Placemark><TimeSpan><begin>2026-08-03T11:25:05Z</begin><end>2026-08-03T11:25:07Z</end></TimeSpan><styleUrl>#point</styleUrl><Point><altitudeMode>clampToGround</altitudeMode><coordinates>12.011257354170084,46.531120995059609,2561.0900000000001</coordinates></Point></Placemark><Placemark><TimeSpan><begin>2026-08-03T11:25:07Z</begin><end>2026-08-03T11:25:16Z</end></TimeSpan><styleUrl>#point</styleUrl><Point><altitudeMode>clampToGround</altitudeMode><coordinates>12.011169511824846,46.531164580956101,2560.6100000000001</coordinates></Point></Placemark><Placemark><TimeSpan><begin>2026-08-03T11:25:16Z</begin><end>2026-08-03T11:25:28Z</end></TimeSpan><styleUrl>#point</styleUrl><Point><altitudeMode>clampToGround</altitudeMode><coordinates>12.011040765792131,46.531243035569787,2559.6500000000001</coordinates></Point></Placemark><Placemark><TimeSpan><begin>2026-08-03T11:25:28Z</begin><end>2026-08-03T11:25:37Z</end></TimeSpan><styleUrl>#point</styleUrl><Point><altitudeMode>clampToGround</altitudeMode><coordinates>12.010968513786793,46.531275473535061,2559.1700000000001</coordinates></Point></Placemark><Placemark><TimeSpan><begin>2026-08-03T11:25:37Z</begin><end>2026-08-03T11:25:51Z</end></TimeSpan><styleUrl>#point</styleUrl><Point><altitudeMode>clampToGround</altitudeMode><coordinates>12.010938841849566,46.531274132430553,2559.1700000000001</coordinates></Point></Placemark><Placemark><TimeSpan><begin>2026-08-03T11:25:51Z</begin><end>2026-08-03T11:26:01Z</end></TimeSpan><styleUrl>#point</styleUrl><Point><altitudeMode>clampToGround</altitudeMode><coordinates>12.010855693370104,46.531325597316027,2558.21</coordinates></Point></Placemark><Placemark><TimeSpan><begin>2026-08-03T11:26:01Z</begin><end>2026-08-03T11:26:11Z</end></TimeSpan><styleUrl>#point</styleUrl><Point><altitudeMode>clampToGround</altitudeMode><coordinates>12.01075242832303,46.531358454376459,2557.73</coordinates></Point></Placemark><Placemark><TimeSpan><begin>2026-08-03T11:26:11Z</begin><end>2026-08-03T11:26:13Z</end></TimeSpan><styleUrl>#point</styleUrl><Point><altitudeMode>clampToGround</altitudeMode><coordinates>12.010727869346738,46.531368931755424,2557.73</coordinates></Point></Placemark><Placemark><TimeSpan><begin>2026-08-03T11:26:13Z</begin><end>2026-08-03T11:26:24Z</end></TimeSpan><styleUrl>#point</styleUrl><Point><altitudeMode>clampToGround</altitudeMode><coordinates>12.010619658976793,46.531400196254253,2557.73</coordinates></Point></Placemark><Placemark><TimeSpan><begin>2026-08-03T11:26:24Z</begin><end>2026-08-03T11:26:38Z</end></TimeSpan><styleUrl>#point</styleUrl><Point><altitudeMode>clampToGround</altitudeMode><coordinates>12.010607672855258,46.531422240659595,2557.73</coordinates></Point></Placemark><Placemark><TimeSpan><begin>2026-08-03T11:26:38Z</begin><end>2026-08-03T11:26:47Z</end></TimeSpan><styleUrl>#point</styleUrl><Point><altitudeMode>clampToGround</altitudeMode><coordinates>12.010583700612187,46.531434310600162,2557.2399999999998</coordinates></Point></Placemark><Placemark><TimeSpan><begin>2026-08-03T11:26:47Z</begin><end>2026-08-03T11:26:56Z</end></TimeSpan><styleUrl>#point</styleUrl><Point><altitudeMode>clampToGround</altitudeMode><coordinates>12.010567858815193,46.531481919810176,2555.3200000000002</coordinates></Point></Placemark><Placemark><TimeSpan><begin>2026-08-03T11:26:56Z</begin><end>2026-08-03T11:27:06Z</end></TimeSpan><styleUrl>#point</styleUrl><Point><altitudeMode>clampToGround</altitudeMode><coordinates>12.010575653985143,46.531516872346401,2553.8800000000001</coordinates></Point></Placemark><Placemark><TimeSpan><begin>2026-08-03T11:27:06Z</begin><end>2026-08-03T11:27:15Z</end></TimeSpan><styleUrl>#point</styleUrl><Point><altitudeMode>clampToGround</altitudeMode><coordinates>12.010547239333391,46.53154612518847,2553.4000000000001</coordinates></Point></Placemark><Placemark><TimeSpan><begin>2026-08-03T11:27:15Z</begin><end>2026-08-03T11:27:25Z</end></TimeSpan><styleUrl>#point</styleUrl><Point><altitudeMode>clampToGround</altitudeMode><coordinates>12.010560231283307,46.531595243141055,2551.96</coordinates></Point></Placemark><Placemark><TimeSpan><begin>2026-08-03T11:27:25Z</begin><end>2026-08-03T11:27:32Z</end></TimeSpan><styleUrl>#point</styleUrl><Point><altitudeMode>clampToGround</altitudeMode><coordinates>12.010567942634225,46.531631788238883,2550.5100000000002</coordinates></Point></Placemark><Placemark><TimeSpan><begin>2026-08-03T11:27:32Z</begin><end>2026-08-03T11:27:48Z</end></TimeSpan><styleUrl>#point</styleUrl><Point><altitudeMode>clampToGround</altitudeMode><coordinates>12.01057456433773,46.531611001119018,2550.0300000000002</coordinates></Point></Placemark><Placemark><TimeSpan><begin>2026-08-03T11:27:48Z</begin><end>2026-08-03T11:27:51Z</end></TimeSpan><styleUrl>#point</styleUrl><Point><altitudeMode>clampToGround</altitudeMode><coordinates>12.010577414184809,46.531603625044227,2550.0300000000002</coordinates></Point></Placemark><Placemark><TimeSpan><begin>2026-08-03T11:27:51Z</begin><end>2026-08-03T11:27:53Z</end></TimeSpan><styleUrl>#point</styleUrl><Point><altitudeMode>clampToGround</altitudeMode><coordinates>12.010586969554424,46.531623657792807,2550.0300000000002</coordinates></Point></Placemark><Placemark><TimeSpan><begin>2026-08-03T11:27:53Z</begin><end>2026-08-03T11:27:55Z</end></TimeSpan><styleUrl>#point</styleUrl><Point><altitudeMode>clampToGround</altitudeMode><coordinates>12.010606415569782,46.531640170142055,2550.0300000000002</coordinates></Point></Placemark><Placemark><TimeSpan><begin>2026-08-03T11:27:55Z</begin><end>2026-08-03T11:28:08Z</end></TimeSpan><styleUrl>#point</styleUrl><Point><altitudeMode>clampToGround</altitudeMode><coordinates>12.01066198758781,46.531744860112667,2548.1100000000001</coordinates></Point></Placemark><Placemark><TimeSpan><begin>2026-08-03T11:28:08Z</begin><end>2026-08-03T11:28:15Z</end></TimeSpan><styleUrl>#point</styleUrl><Point><altitudeMode>clampToGround</altitudeMode><coordinates>12.010711776092649,46.531818620860577,2546.6700000000001</coordinates></Point></Placemark><Placemark><TimeSpan><begin>2026-08-03T11:28:15Z</begin><end>2026-08-03T11:28:27Z</end></TimeSpan><styleUrl>#point</styleUrl><Point><altitudeMode>clampToGround</altitudeMode><coordinates>12.010658551007509,46.531934458762407,2545.71</coordinates></Point></Placemark><Placemark><TimeSpan><begin>2026-08-03T11:28:27Z</begin><end>2026-08-03T11:28:28Z</end></TimeSpan><styleUrl>#point</styleUrl><Point><altitudeMode>clampToGround</altitudeMode><coordinates>12.010659808292985,46.531942505389452,2544.75</coordinates></Point></Placemark><Placemark><TimeSpan><begin>2026-08-03T11:28:28Z</begin><end>2026-08-03T11:28:34Z</end></TimeSpan><styleUrl>#point</styleUrl><Point><altitudeMode>clampToGround</altitudeMode><coordinates>12.0106659270823,46.532005956396461,2543.79</coordinates></Point></Placemark><Placemark><TimeSpan><begin>2026-08-03T11:28:34Z</begin><end>2026-08-03T11:28:45Z</end></TimeSpan><styleUrl>#point</styleUrl><Point><altitudeMode>clampToGround</altitudeMode><coordinates>12.010618736967444,46.532109808176756,2542.3400000000001</coordinates></Point></Placemark><Placemark><TimeSpan><begin>2026-08-03T11:28:45Z</begin><end>2026-08-03T11:28:53Z</end></TimeSpan><styleUrl>#point</styleUrl><Point><altitudeMode>clampToGround</altitudeMode><coordinates>12.010632902383804,46.53217745013535,2544.27</coordinates></Point></Placemark><Placemark><TimeSpan><begin>2026-08-03T11:28:53Z</begin><end>2026-08-03T11:29:05Z</end></TimeSpan><styleUrl>#point</styleUrl><Point><altitudeMode>clampToGround</altitudeMode><coordinates>12.010561991482973,46.532290857285261,2545.71</coordinates></Point></Placemark><Placemark><TimeSpan><begin>2026-08-03T11:29:05Z</begin><end>2026-08-03T11:29:13Z</end></TimeSpan><styleUrl>#point</styleUrl><Point><altitudeMode>clampToGround</altitudeMode><coordinates>12.010570121929049,46.532355984672904,2546.6700000000001</coordinates></Point></Placemark><Placemark><TimeSpan><begin>2026-08-03T11:29:13Z</begin><end>2026-08-03T11:29:28Z</end></TimeSpan><styleUrl>#point</styleUrl><Point><altitudeMode>clampToGround</altitudeMode><coordinates>12.01061949133873,46.532420357689261,2546.1900000000001</coordinates></Point></Placemark><Placemark><TimeSpan><begin>2026-08-03T11:29:28Z</begin><end>2026-08-03T11:29:40Z</end></TimeSpan><styleUrl>#point</styleUrl><Point><altitudeMode>clampToGround</altitudeMode><coordinates>12.010627873241901,46.532426476478577,2546.1900000000001</coordinates></Point></Placemark><Placemark><TimeSpan><begin>2026-08-03T11:29:40Z</begin><end>2026-08-03T11:29:45Z</end></TimeSpan><styleUrl>#point</styleUrl><Point><altitudeMode>clampToGround</altitudeMode><coordinates>12.010624688118696,46.532488921657205,2546.1900000000001</coordinates></Point></Placemark><Placemark><TimeSpan><begin>2026-08-03T11:29:45Z</begin><end>2026-08-03T11:29:55Z</end></TimeSpan><styleUrl>#point</styleUrl><Point><altitudeMode>clampToGround</altitudeMode><coordinates>12.010560482740402,46.532604424282908,2546.1900000000001</coordinates></Point></Placemark><Placemark><TimeSpan><begin>2026-08-03T11:29:55Z</begin><end>2026-08-03T11:30:07Z</end></TimeSpan><styleUrl>#point</styleUrl><Point><altitudeMode>clampToGround</altitudeMode><coordinates>12.010577246546745,46.532721351832151,2548.1100000000001</coordinates></Point></Placemark><Placemark><TimeSpan><begin>2026-08-03T11:30:07Z</begin><end>2026-08-03T11:30:17Z</end></TimeSpan><styleUrl>#point</styleUrl><Point><altitudeMode>clampToGround</altitudeMode><coordinates>12.010555202141404,46.532820593565702,2549.5500000000002</coordinates></Point></Placemark><Placemark><TimeSpan><begin>2026-08-03T11:30:17Z</begin><end>2026-08-03T11:30:30Z</end></TimeSpan><styleUrl>#point</styleUrl><Point><altitudeMode>clampToGround</altitudeMode><coordinates>12.010499630123377,46.532924780622125,2549.5500000000002</coordinates></Point></Placemark><Placemark><TimeSpan><begin>2026-08-03T11:30:30Z</begin><end>2026-08-03T11:30:43Z</end></TimeSpan><styleUrl>#point</styleUrl><Point><altitudeMode>clampToGround</altitudeMode><coordinates>12.010467359796166,46.533021675422788,2549.5500000000002</coordinates></Point></Placemark><Placemark><TimeSpan><begin>2026-08-03T11:30:43Z</begin><end>2026-08-03T11:30:55Z</end></TimeSpan><styleUrl>#point</styleUrl><Point><altitudeMode>clampToGround</altitudeMode><coordinates>12.010437520220876,46.533159893006086,2550.0300000000002</coordinates></Point></Placemark><Placemark><TimeSpan><begin>2026-08-03T11:30:55Z</begin><end>2026-08-03T11:31:06Z</end></TimeSpan><styleUrl>#point</styleUrl><Point><altitudeMode>clampToGround</altitudeMode><coordinates>12.010391000658274,46.533287717029452,2550.5100000000002</coordinates></Point></Placemark><Placemark><TimeSpan><begin>2026-08-03T11:31:06Z</begin><end>2026-08-03T11:31:16Z</end></TimeSpan><styleUrl>#point</styleUrl><Point><altitudeMode>clampToGround</altitudeMode><coordinates>12.010285388678312,46.533377654850483,2551</coordinates></Point></Placemark><Placemark><TimeSpan><begin>2026-08-03T11:31:16Z</begin><end>2026-08-03T11:31:23Z</end></TimeSpan><styleUrl>#point</styleUrl><Point><altitudeMode>clampToGround</altitudeMode><coordinates>12.010235683992505,46.533454433083534,2549.5500000000002</coordinates></Point></Placemark><Placemark><TimeSpan><begin>2026-08-03T11:31:23Z</begin><end>2026-08-03T11:31:27Z</end></TimeSpan><styleUrl>#point</styleUrl><Point><altitudeMode>clampToGround</altitudeMode><coordinates>12.010231744498014,46.53349868953228,2549.5500000000002</coordinates></Point></Placemark><Placemark><TimeSpan><begin>2026-08-03T11:31:27Z</begin><end>2026-08-03T11:31:37Z</end></TimeSpan><styleUrl>#point</styleUrl><Point><altitudeMode>clampToGround</altitudeMode><coordinates>12.010197630152106,46.533563816919923,2548.5900000000001</coordinates></Point></Placemark><Placemark><TimeSpan><begin>2026-08-03T11:31:37Z</begin><end>2026-08-03T11:31:47Z</end></TimeSpan><styleUrl>#point</styleUrl><Point><altitudeMode>clampToGround</altitudeMode><coordinates>12.010200563818216,46.53356758877635,2548.5900000000001</coordinates></Point></Placemark><Placemark><TimeSpan><begin>2026-08-03T11:31:47Z</begin><end>2026-08-03T11:31:53Z</end></TimeSpan><styleUrl>#point</styleUrl><Point><altitudeMode>clampToGround</altitudeMode><coordinates>12.010220093652606,46.533628944307566,2548.5900000000001</coordinates></Point></Placemark><Placemark><TimeSpan><begin>2026-08-03T11:31:53Z</begin><end>2026-08-03T11:31:59Z</end></TimeSpan><styleUrl>#point</styleUrl><Point><altitudeMode>clampToGround</altitudeMode><coordinates>12.010240294039249,46.533696502447128,2548.5900000000001</coordinates></Point></Placemark><Placemark><TimeSpan><begin>2026-08-03T11:31:59Z</begin><end>2026-08-03T11:32:16Z</end></TimeSpan><styleUrl>#point</styleUrl><Point><altitudeMode>clampToGround</altitudeMode><coordinates>12.01034246943891,46.533852824941278,2548.5900000000001</coordinates></Point></Placemark><Placemark><TimeSpan><begin>2026-08-03T11:32:16Z</begin><end>2026-08-03T11:32:29Z</end></TimeSpan><styleUrl>#point</styleUrl><Point><altitudeMode>clampToGround</altitudeMode><coordinates>12.010350935161114,46.533851400017738,2548.1100000000001</coordinates></Point></Placemark><Placemark><TimeSpan><begin>2026-08-03T11:32:29Z</begin><end>2026-08-03T11:32:49Z</end></TimeSpan><styleUrl>#point</styleUrl><Point><altitudeMode>clampToGround</altitudeMode><coordinates>12.010362334549427,46.533864894881845,2548.1100000000001</coordinates></Point></Placemark><Placemark><TimeSpan><begin>2026-08-03T11:32:49Z</begin><end>2026-08-03T11:33:06Z</end></TimeSpan><styleUrl>#point</styleUrl><Point><altitudeMode>clampToGround</altitudeMode><coordinates>12.010341295972466,46.533867074176669,2548.1100000000001</coordinates></Point></Placemark><Placemark><TimeSpan><begin>2026-08-03T11:33:06Z</begin><end>2026-08-03T11:33:33Z</end></TimeSpan><styleUrl>#point</styleUrl><Point><altitudeMode>clampToGround</altitudeMode><coordinates>12.010353952646255,46.533855423331261,2547.6300000000001</coordinates></Point></Placemark><Placemark><TimeSpan><begin>2026-08-03T11:33:33Z</begin><end>2026-08-03T11:34:01Z</end></TimeSpan><styleUrl>#point</styleUrl><Point><altitudeMode>clampToGround</altitudeMode><coordinates>12.010352527722716,46.533849555999041,2547.6300000000001</coordinates></Point></Placemark><Placemark><TimeSpan><begin>2026-08-03T11:34:01Z</begin><end>2026-08-03T11:34:35Z</end></TimeSpan><styleUrl>#point</styleUrl><Point><altitudeMode>clampToGround</altitudeMode><coordinates>12.010352024808526,46.533855423331261,2547.6300000000001</coordinates></Point></Placemark><Placemark><TimeSpan><begin>2026-08-03T11:34:35Z</begin><end>2026-08-03T11:35:00Z</end></TimeSpan><styleUrl>#point</styleUrl><Point><altitudeMode>clampToGround</altitudeMode><coordinates>12.010334674268961,46.533843688666821,2547.6300000000001</coordinates></Point></Placemark><Placemark><TimeSpan><begin>2026-08-03T11:35:00Z</begin><end>2026-08-03T11:35:16Z</end></TimeSpan><styleUrl>#point</styleUrl><Point><altitudeMode>clampToGround</altitudeMode><coordinates>12.010330148041248,46.533863553777337,2547.1500000000001</coordinates></Point></Placemark><Placemark><TimeSpan><begin>2026-08-03T11:35:16Z</begin><end>2026-08-03T11:35:37Z</end></TimeSpan><styleUrl>#point</styleUrl><Point><altitudeMode>clampToGround</altitudeMode><coordinates>12.010342050343752,46.533864475786686,2546.6700000000001</coordinates></Point></Placemark><Placemark><TimeSpan><begin>2026-08-03T11:35:37Z</begin><end>2026-08-03T11:35:56Z</end></TimeSpan><styleUrl>#point</styleUrl><Point><altitudeMode>clampToGround</altitudeMode><coordinates>12.010350516065955,46.53385492041707,2546.6700000000001</coordinates></Point></Placemark><Placemark><TimeSpan><begin>2026-08-03T11:35:56Z</begin><end>2026-08-03T11:36:17Z</end></TimeSpan><styleUrl>#point</styleUrl><Point><altitudeMode>clampToGround</altitudeMode><coordinates>12.010329142212868,46.533853076398373,2546.6700000000001</coordinates></Point></Placemark><Placemark><TimeSpan><begin>2026-08-03T11:36:17Z</begin><end>2026-08-03T11:36:32Z</end></TimeSpan><styleUrl>#point</styleUrl><Point><altitudeMode>clampToGround</altitudeMode><coordinates>12.010384295135736,46.533884508535266,2546.6700000000001</coordinates></Point></Placemark><Placemark><TimeSpan><begin>2026-08-03T11:36:32Z</begin><end>2026-08-03T11:36:42Z</end></TimeSpan><styleUrl>#point</styleUrl><Point><altitudeMode>clampToGround</altitudeMode><coordinates>12.010460989549756,46.533927088603377,2545.71</coordinates></Point></Placemark><Placemark><TimeSpan><begin>2026-08-03T11:36:42Z</begin><end>2026-08-03T11:36:54Z</end></TimeSpan><styleUrl>#point</styleUrl><Point><altitudeMode>clampToGround</altitudeMode><coordinates>12.010546149685979,46.533978721126914,2544.27</coordinates></Point></Placemark><Placemark><TimeSpan><begin>2026-08-03T11:36:54Z</begin><end>2026-08-03T11:37:03Z</end></TimeSpan><styleUrl>#point</styleUrl><Point><altitudeMode>clampToGround</altitudeMode><coordinates>12.010612953454256,46.534008644521236,2543.3099999999999</coordinates></Point></Placemark><Placemark><TimeSpan><begin>2026-08-03T11:37:03Z</begin><end>2026-08-03T11:37:07Z</end></TimeSpan><styleUrl>#point</styleUrl><Point><altitudeMode>clampToGround</altitudeMode><coordinates>12.010613875463605,46.534053152427077,2542.8200000000002</coordinates></Point></Placemark><Placemark><TimeSpan><begin>2026-08-03T11:37:07Z</begin><end>2026-08-03T11:37:18Z</end></TimeSpan><styleUrl>#point</styleUrl><Point><altitudeMode>clampToGround</altitudeMode><coordinates>12.010627118870616,46.534149209037423,2541.3800000000001</coordinates></Point></Placemark><Placemark><TimeSpan><begin>2026-08-03T11:37:18Z</begin><end>2026-08-03T11:37:20Z</end></TimeSpan><styleUrl>#point</styleUrl><Point><altitudeMode>clampToGround</altitudeMode><coordinates>12.010638182982802,46.534159937873483,2541.3800000000001</coordinates></Point></Placemark><Placemark><TimeSpan><begin>2026-08-03T11:37:20Z</begin><end>2026-08-03T11:37:27Z</end></TimeSpan><styleUrl>#point</styleUrl><Point><altitudeMode>clampToGround</altitudeMode><coordinates>12.010681768879294,46.534219868481159,2540.9000000000001</coordinates></Point></Placemark><Placemark><TimeSpan><begin>2026-08-03T11:37:27Z</begin><end>2026-08-03T11:37:29Z</end></TimeSpan><styleUrl>#point</styleUrl><Point><altitudeMode>clampToGround</altitudeMode><coordinates>12.010681433603168,46.53424333781004,2540.9000000000001</coordinates></Point></Placemark><Placemark><TimeSpan><begin>2026-08-03T11:37:29Z</begin><end>2026-08-03T11:37:41Z</end></TimeSpan><styleUrl>#point</styleUrl><Point><altitudeMode>clampToGround</altitudeMode><coordinates>12.01069962233305,46.534352218732238,2540.4200000000001</coordinates></Point></Placemark><Placemark><TimeSpan><begin>2026-08-03T11:37:41Z</begin><end>2026-08-03T11:37:53Z</end></TimeSpan><styleUrl>#point</styleUrl><Point><altitudeMode>clampToGround</altitudeMode><coordinates>12.01075485907495,46.534442575648427,2540.4200000000001</coordinates></Point></Placemark><Placemark><TimeSpan><begin>2026-08-03T11:37:53Z</begin><end>2026-08-03T11:38:02Z</end></TimeSpan><styleUrl>#point</styleUrl><Point><altitudeMode>clampToGround</altitudeMode><coordinates>12.010809509083629,46.53450770303607,2539.46</coordinates></Point></Placemark><Placemark><TimeSpan><begin>2026-08-03T11:38:02Z</begin><end>2026-08-03T11:38:06Z</end></TimeSpan><styleUrl>#point</styleUrl><Point><altitudeMode>clampToGround</altitudeMode><coordinates>12.010843120515347,46.534534776583314,2538.98</coordinates></Point></Placemark><Placemark><TimeSpan><begin>2026-08-03T11:38:06Z</begin><end>2026-08-03T11:38:10Z</end></TimeSpan><styleUrl>#point</styleUrl><Point><altitudeMode>clampToGround</altitudeMode><coordinates>12.010878659784794,46.534563023597002,2538.5</coordinates></Point></Placemark><Placemark><TimeSpan><begin>2026-08-03T11:38:10Z</begin><end>2026-08-03T11:38:23Z</end></TimeSpan><styleUrl>#point</styleUrl><Point><altitudeMode>clampToGround</altitudeMode><coordinates>12.010945212095976,46.534672239795327,2537.54</coordinates></Point></Placemark><Placemark><TimeSpan><begin>2026-08-03T11:38:23Z</begin><end>2026-08-03T11:38:33Z</end></TimeSpan><styleUrl>#point</styleUrl><Point><altitudeMode>clampToGround</altitudeMode><coordinates>12.011023499071598,46.534729236736894,2535.6100000000001</coordinates></Point></Placemark><Placemark><TimeSpan><begin>2026-08-03T11:38:33Z</begin><end>2026-08-03T11:38:42Z</end></TimeSpan><styleUrl>#point</styleUrl><Point><altitudeMode>clampToGround</altitudeMode><coordinates>12.011070353910327,46.534784641116858,2534.6500000000001</coordinates></Point></Placemark><Placemark><TimeSpan><begin>2026-08-03T11:38:42Z</begin><end>2026-08-03T11:38:44Z</end></TimeSpan><styleUrl>#point</styleUrl><Point><altitudeMode>clampToGround</altitudeMode><coordinates>12.011078065261245,46.534798219799995,2534.6500000000001</coordinates></Point></Placemark><Placemark><TimeSpan><begin>2026-08-03T11:38:44Z</begin><end>2026-08-03T11:38:57Z</end></TimeSpan><styleUrl>#point</styleUrl><Point><altitudeMode>clampToGround</altitudeMode><coordinates>12.011167081072927,46.534915482625365,2533.6900000000001</coordinates></Point></Placemark><Placemark><TimeSpan><begin>2026-08-03T11:38:57Z</begin><end>2026-08-03T11:39:08Z</end></TimeSpan><styleUrl>#point</styleUrl><Point><altitudeMode>clampToGround</altitudeMode><coordinates>12.011242434382439,46.535017658025026,2533.6900000000001</coordinates></Point></Placemark><Placemark><TimeSpan><begin>2026-08-03T11:39:08Z</begin><end>2026-08-03T11:39:21Z</end></TimeSpan><styleUrl>#point</styleUrl><Point><altitudeMode>clampToGround</altitudeMode><coordinates>12.011355925351381,46.535114636644721,2533.6900000000001</coordinates></Point></Placemark><Placemark><TimeSpan><begin>2026-08-03T11:39:21Z</begin><end>2026-08-03T11:39:30Z</end></TimeSpan><styleUrl>#point</styleUrl><Point><altitudeMode>clampToGround</altitudeMode><coordinates>12.011355254799128,46.535128550603986,2533.6900000000001</coordinates></Point></Placemark><Placemark><TimeSpan><begin>2026-08-03T11:39:30Z</begin><end>2026-08-03T11:39:53Z</end></TimeSpan><styleUrl>#point</styleUrl><Point><altitudeMode>clampToGround</altitudeMode><coordinates>12.011346202343702,46.535111870616674,2533.21</coordinates></Point></Placemark><Placemark><TimeSpan><begin>2026-08-03T11:39:53Z</begin><end>2026-08-03T11:40:08Z</end></TimeSpan><styleUrl>#point</styleUrl><Point><altitudeMode>clampToGround</altitudeMode><coordinates>12.011356428265572,46.535119833424687,2533.21</coordinates></Point></Placemark><Placemark><TimeSpan><begin>2026-08-03T11:40:08Z</begin><end>2026-08-03T11:40:23Z</end></TimeSpan><styleUrl>#point</styleUrl><Point><altitudeMode>clampToGround</altitudeMode><coordinates>12.011418035253882,46.535146655514836,2533.21</coordinates></Point></Placemark><Placemark><TimeSpan><begin>2026-08-03T11:40:23Z</begin><end>2026-08-03T11:40:36Z</end></TimeSpan><styleUrl>#point</styleUrl><Point><altitudeMode>clampToGround</altitudeMode><coordinates>12.011555414646864,46.535201305523515,2531.77</coordinates></Point></Placemark><Placemark><TimeSpan><begin>2026-08-03T11:40:36Z</begin><end>2026-08-03T11:40:48Z</end></TimeSpan><styleUrl>#point</styleUrl><Point><altitudeMode>clampToGround</altitudeMode><coordinates>12.011740151792765,46.535222679376602,2529.3699999999999</coordinates></Point></Placemark><Placemark><TimeSpan><begin>2026-08-03T11:40:48Z</begin><end>2026-08-03T11:40:59Z</end></TimeSpan><styleUrl>#point</styleUrl><Point><altitudeMode>clampToGround</altitudeMode><coordinates>12.01189773157239,46.535228127613664,2528.4000000000001</coordinates></Point></Placemark><Placemark><TimeSpan><begin>2026-08-03T11:40:59Z</begin><end>2026-08-03T11:41:06Z</end></TimeSpan><styleUrl>#point</styleUrl><Point><altitudeMode>clampToGround</altitudeMode><coordinates>12.011976605281234,46.535238940268755,2527.4400000000001</coordinates></Point></Placemark><Placemark><TimeSpan><begin>2026-08-03T11:41:06Z</begin><end>2026-08-03T11:41:18Z</end></TimeSpan><styleUrl>#point</styleUrl><Point><altitudeMode>clampToGround</altitudeMode><coordinates>12.012123791500926,46.535307923331857,2525.52</coordinates></Point></Placemark><Placemark><TimeSpan><begin>2026-08-03T11:41:18Z</begin><end>2026-08-03T11:41:31Z</end></TimeSpan><styleUrl>#point</styleUrl><Point><altitudeMode>clampToGround</altitudeMode><coordinates>12.012260667979717,46.535441698506474,2525.52</coordinates></Point></Placemark><Placemark><TimeSpan><begin>2026-08-03T11:41:31Z</begin><end>2026-08-03T11:41:46Z</end></TimeSpan><styleUrl>#point</styleUrl><Point><altitudeMode>clampToGround</altitudeMode><coordinates>12.012393521144986,46.535559128969908,2525.04</coordinates></Point></Placemark><Placemark><TimeSpan><begin>2026-08-03T11:41:46Z</begin><end>2026-08-03T11:41:59Z</end></TimeSpan><styleUrl>#point</styleUrl><Point><altitudeMode>clampToGround</altitudeMode><coordinates>12.012496367096901,46.53560908511281,2524.0799999999999</coordinates></Point></Placemark><Placemark><TimeSpan><begin>2026-08-03T11:41:59Z</begin><end>2026-08-03T11:42:00Z</end></TimeSpan><styleUrl>#point</styleUrl><Point><altitudeMode>clampToGround</altitudeMode><coordinates>12.012505335733294,46.535618891939521,2524.0799999999999</coordinates></Point></Placemark><Placemark><TimeSpan><begin>2026-08-03T11:42:00Z</begin><end>2026-08-03T11:42:14Z</end></TimeSpan><styleUrl>#point</styleUrl><Point><altitudeMode>clampToGround</altitudeMode><coordinates>12.012720080092549,46.535671027377248,2522.1599999999999</coordinates></Point></Placemark><Placemark><TimeSpan><begin>2026-08-03T11:42:14Z</begin><end>2026-08-03T11:42:22Z</end></TimeSpan><styleUrl>#point</styleUrl><Point><altitudeMode>clampToGround</altitudeMode><coordinates>12.012817561626434,46.535723833367229,2522.1599999999999</coordinates></Point></Placemark><Placemark><TimeSpan><begin>2026-08-03T11:42:22Z</begin><end>2026-08-03T11:42:34Z</end></TimeSpan><styleUrl>#point</styleUrl><Point><altitudeMode>clampToGround</altitudeMode><coordinates>12.012996347621083,46.53582064434886,2521.6799999999998</coordinates></Point></Placemark><Placemark><TimeSpan><begin>2026-08-03T11:42:34Z</begin><end>2026-08-03T11:42:38Z</end></TimeSpan><styleUrl>#point</styleUrl><Point><altitudeMode>clampToGround</altitudeMode><coordinates>12.013046639040112,46.535861128941178,2521.1900000000001</coordinates></Point></Placemark><Placemark><TimeSpan><begin>2026-08-03T11:42:38Z</begin><end>2026-08-03T11:42:51Z</end></TimeSpan><styleUrl>#point</styleUrl><Point><altitudeMode>clampToGround</altitudeMode><coordinates>12.013002969324589,46.535986019298434,2519.27</coordinates></Point></Placemark><Placemark><TimeSpan><begin>2026-08-03T11:42:51Z</begin><end>2026-08-03T11:43:02Z</end></TimeSpan><styleUrl>#point</styleUrl><Point><altitudeMode>clampToGround</altitudeMode><coordinates>12.012957371771336,46.536098588258028,2517.3499999999999</coordinates></Point></Placemark><Placemark><TimeSpan><begin>2026-08-03T11:43:02Z</begin><end>2026-08-03T11:43:05Z</end></TimeSpan><styleUrl>#point</styleUrl><Point><altitudeMode>clampToGround</altitudeMode><coordinates>12.012963909655809,46.5361363068223,2516.8699999999999</coordinates></Point></Placemark><Placemark><TimeSpan><begin>2026-08-03T11:43:05Z</begin><end>2026-08-03T11:43:16Z</end></TimeSpan><styleUrl>#point</styleUrl><Point><altitudeMode>clampToGround</altitudeMode><coordinates>12.012909511104226,46.536219790577888,2515.4299999999998</coordinates></Point></Placemark><Placemark><TimeSpan><begin>2026-08-03T11:43:16Z</begin><end>2026-08-03T11:43:27Z</end></TimeSpan><styleUrl>#point</styleUrl><Point><altitudeMode>clampToGround</altitudeMode><coordinates>12.012897608801723,46.536317439749837,2514.9499999999998</coordinates></Point></Placemark><Placemark><TimeSpan><begin>2026-08-03T11:43:27Z</begin><end>2026-08-03T11:43:36Z</end></TimeSpan><styleUrl>#point</styleUrl><Point><altitudeMode>clampToGround</altitudeMode><coordinates>12.01285008341074,46.536379298195243,2513.98</coordinates></Point></Placemark><Placemark><TimeSpan><begin>2026-08-03T11:43:36Z</begin><end>2026-08-03T11:43:47Z</end></TimeSpan><styleUrl>#point</styleUrl><Point><altitudeMode>clampToGround</altitudeMode><coordinates>12.012805994600058,46.536482647061348,2513.02</coordinates></Point></Placemark><Placemark><TimeSpan><begin>2026-08-03T11:43:47Z</begin><end>2026-08-03T11:43:55Z</end></TimeSpan><styleUrl>#point</styleUrl><Point><altitudeMode>clampToGround</altitudeMode><coordinates>12.012868858873844,46.536515168845654,2512.54</coordinates></Point></Placemark><Placemark><TimeSpan><begin>2026-08-03T11:43:55Z</begin><end>2026-08-03T11:44:03Z</end></TimeSpan><styleUrl>#point</styleUrl><Point><altitudeMode>clampToGround</altitudeMode><coordinates>12.01289945282042,46.536548612639308,2511.5799999999999</coordinates></Point></Placemark><Placemark><TimeSpan><begin>2026-08-03T11:44:03Z</begin><end>2026-08-03T11:44:12Z</end></TimeSpan><styleUrl>#point</styleUrl><Point><altitudeMode>clampToGround</altitudeMode><coordinates>12.012912780046463,46.536553222686052,2510.6199999999999</coordinates></Point></Placemark><Placemark><TimeSpan><begin>2026-08-03T11:44:12Z</begin><end>2026-08-03T11:44:27Z</end></TimeSpan><styleUrl>#point</styleUrl><Point><altitudeMode>clampToGround</altitudeMode><coordinates>12.012928118929267,46.536582056432962,2509.6599999999999</coordinates></Point></Placemark><Placemark><TimeSpan><begin>2026-08-03T11:44:27Z</begin><end>2026-08-03T11:44:32Z</end></TimeSpan><styleUrl>#point</styleUrl><Point><altitudeMode>clampToGround</altitudeMode><coordinates>12.012921664863825,46.536605190485716,2509.1799999999998</coordinates></Point></Placemark><Placemark><TimeSpan><begin>2026-08-03T11:44:32Z</begin><end>2026-08-03T11:44:35Z</end></TimeSpan><styleUrl>#point</styleUrl><Point><altitudeMode>clampToGround</altitudeMode><coordinates>12.012930633500218,46.536636119708419,2509.1799999999998</coordinates></Point></Placemark><Placemark><TimeSpan><begin>2026-08-03T11:44:35Z</begin><end>2026-08-03T11:44:46Z</end></TimeSpan><styleUrl>#point</styleUrl><Point><altitudeMode>clampToGround</altitudeMode><coordinates>12.012862740084529,46.536730583757162,2507.2600000000002</coordinates></Point></Placemark><Placemark><TimeSpan><begin>2026-08-03T11:44:46Z</begin><end>2026-08-03T11:44:52Z</end></TimeSpan><styleUrl>#point</styleUrl><Point><altitudeMode>clampToGround</altitudeMode><coordinates>12.012816723436117,46.536770313978195,2506.77</coordinates></Point></Placemark><Placemark><TimeSpan><begin>2026-08-03T11:44:52Z</begin><end>2026-08-03T11:45:04Z</end></TimeSpan><styleUrl>#point</styleUrl><Point><altitudeMode>clampToGround</altitudeMode><coordinates>12.012735335156322,46.536857318133116,2506.29</coordinates></Point></Placemark><Placemark><TimeSpan><begin>2026-08-03T11:45:04Z</begin><end>2026-08-03T11:45:06Z</end></TimeSpan><styleUrl>#point</styleUrl><Point><altitudeMode>clampToGround</altitudeMode><coordinates>12.012737933546305,46.536870812997222,2506.29</coordinates></Point></Placemark><Placemark><TimeSpan><begin>2026-08-03T11:45:06Z</begin><end>2026-08-03T11:45:18Z</end></TimeSpan><styleUrl>#point</styleUrl><Point><altitudeMode>clampToGround</altitudeMode><coordinates>12.012749500572681,46.536918254569173,2505.8099999999999</coordinates></Point></Placemark><Placemark><TimeSpan><begin>2026-08-03T11:45:18Z</begin><end>2026-08-03T11:45:27Z</end></TimeSpan><styleUrl>#point</styleUrl><Point><altitudeMode>clampToGround</altitudeMode><coordinates>12.012703903019428,46.536978268995881,2505.8099999999999</coordinates></Point></Placemark><Placemark><TimeSpan><begin>2026-08-03T11:45:27Z</begin><end>2026-08-03T11:45:35Z</end></TimeSpan><styleUrl>#point</styleUrl><Point><altitudeMode>clampToGround</altitudeMode><coordinates>12.01269862242043,46.536999307572842,2505.8099999999999</coordinates></Point></Placemark><Placemark><TimeSpan><begin>2026-08-03T11:45:35Z</begin><end>2026-08-03T11:45:43Z</end></TimeSpan><styleUrl>#point</styleUrl><Point><altitudeMode>clampToGround</altitudeMode><coordinates>12.012654282152653,46.537043396383524,2504.3699999999999</coordinates></Point></Placemark><Placemark><TimeSpan><begin>2026-08-03T11:45:43Z</begin><end>2026-08-03T11:45:55Z</end></TimeSpan><styleUrl>#point</styleUrl><Point><altitudeMode>clampToGround</altitudeMode><coordinates>12.012675572186708,46.537128891795874,2501.9699999999998</coordinates></Point></Placemark><Placemark><TimeSpan><begin>2026-08-03T11:45:55Z</begin><end>2026-08-03T11:46:07Z</end></TimeSpan><styleUrl>#point</styleUrl><Point><altitudeMode>clampToGround</altitudeMode><coordinates>12.012673728168011,46.537197707220912,2501.0100000000002</coordinates></Point></Placemark><Placemark><TimeSpan><begin>2026-08-03T11:46:07Z</begin><end>2026-08-03T11:46:16Z</end></TimeSpan><styleUrl>#point</styleUrl><Point><altitudeMode>clampToGround</altitudeMode><coordinates>12.012601559981704,46.537203658372164,2500.0500000000002</coordinates></Point></Placemark><Placemark><TimeSpan><begin>2026-08-03T11:46:16Z</begin><end>2026-08-03T11:46:24Z</end></TimeSpan><styleUrl>#point</styleUrl><Point><altitudeMode>clampToGround</altitudeMode><coordinates>12.01254372484982,46.53723475523293,2498.5999999999999</coordinates></Point></Placemark><Placemark><TimeSpan><begin>2026-08-03T11:46:24Z</begin><end>2026-08-03T11:46:34Z</end></TimeSpan><styleUrl>#point</styleUrl><Point><altitudeMode>clampToGround</altitudeMode><coordinates>12.01253199018538,46.537306336686015,2497.6399999999999</coordinates></Point></Placemark><Placemark><TimeSpan><begin>2026-08-03T11:46:34Z</begin><end>2026-08-03T11:46:45Z</end></TimeSpan><styleUrl>#point</styleUrl><Point><altitudeMode>clampToGround</altitudeMode><coordinates>12.01252561993897,46.537382276728749,2495.7199999999998</coordinates></Point></Placemark><Placemark><TimeSpan><begin>2026-08-03T11:46:45Z</begin><end>2026-08-03T11:46:49Z</end></TimeSpan><styleUrl>#point</styleUrl><Point><altitudeMode>clampToGround</altitudeMode><coordinates>12.012517154216766,46.537408176809549,2495.7199999999998</coordinates></Point></Placemark><Placemark><TimeSpan><begin>2026-08-03T11:46:49Z</begin><end>2026-08-03T11:46:59Z</end></TimeSpan><styleUrl>#point</styleUrl><Point><altitudeMode>clampToGround</altitudeMode><coordinates>12.012477423995733,46.537483027204871,2494.2800000000002</coordinates></Point></Placemark><Placemark><TimeSpan><begin>2026-08-03T11:46:59Z</begin><end>2026-08-03T11:47:09Z</end></TimeSpan><styleUrl>#point</styleUrl><Point><altitudeMode>clampToGround</altitudeMode><coordinates>12.012434592470527,46.53749761171639,2493.3200000000002</coordinates></Point></Placemark><Placemark><TimeSpan><begin>2026-08-03T11:47:09Z</begin><end>2026-08-03T11:47:22Z</end></TimeSpan><styleUrl>#point</styleUrl><Point><altitudeMode>clampToGround</altitudeMode><coordinates>12.012437107041478,46.537487888708711,2493.3200000000002</coordinates></Point></Placemark><Placemark><TimeSpan><begin>2026-08-03T11:47:22Z</begin><end>2026-08-03T11:47:39Z</end></TimeSpan><styleUrl>#point</styleUrl><Point><altitudeMode>clampToGround</altitudeMode><coordinates>12.012415146455169,46.537473471835256,2493.3200000000002</coordinates></Point></Placemark><Placemark><TimeSpan><begin>2026-08-03T11:47:39Z</begin><end>2026-08-03T11:48:00Z</end></TimeSpan><styleUrl>#point</styleUrl><Point><altitudeMode>clampToGround</altitudeMode><coordinates>12.012414308264852,46.537468861788511,2492.3600000000001</coordinates></Point></Placemark><Placemark><TimeSpan><begin>2026-08-03T11:48:00Z</begin><end>2026-08-03T11:48:09Z</end></TimeSpan><styleUrl>#point</styleUrl><Point><altitudeMode>clampToGround</altitudeMode><coordinates>12.012391006574035,46.537446482107043,2491.8699999999999</coordinates></Point></Placemark><Placemark><TimeSpan><begin>2026-08-03T11:48:09Z</begin><end>2026-08-03T11:48:18Z</end></TimeSpan><styleUrl>#point</styleUrl><Point><altitudeMode>clampToGround</altitudeMode><coordinates>12.012357898056507,46.537472382187843,2490.9099999999999</coordinates></Point></Placemark><Placemark><TimeSpan><begin>2026-08-03T11:48:18Z</begin><end>2026-08-03T11:48:39Z</end></TimeSpan><styleUrl>#point</styleUrl><Point><altitudeMode>clampToGround</altitudeMode><coordinates>12.01234825886786,46.537491995841265,2490.9099999999999</coordinates></Point></Placemark><Placemark><TimeSpan><begin>2026-08-03T11:48:39Z</begin><end>2026-08-03T11:49:01Z</end></TimeSpan><styleUrl>#point</styleUrl><Point><altitudeMode>clampToGround</altitudeMode><coordinates>12.01233459636569,46.537470621988177,2490.9099999999999</coordinates></Point></Placemark><Placemark><TimeSpan><begin>2026-08-03T11:49:01Z</begin><end>2026-08-03T11:49:07Z</end></TimeSpan><styleUrl>#point</styleUrl><Point><altitudeMode>clampToGround</altitudeMode><coordinates>12.01231112703681,46.537493085488677,2490.4299999999998</coordinates></Point></Placemark><Placemark><TimeSpan><begin>2026-08-03T11:49:07Z</begin><end>2026-08-03T11:49:10Z</end></TimeSpan><styleUrl>#point</styleUrl><Point><altitudeMode>clampToGround</altitudeMode><coordinates>12.012288747355342,46.537502976134419,2488.9899999999998</coordinates></Point></Placemark><Placemark><TimeSpan><begin>2026-08-03T11:49:10Z</begin><end>2026-08-03T11:49:20Z</end></TimeSpan><styleUrl>#point</styleUrl><Point><altitudeMode>clampToGround</altitudeMode><coordinates>12.012231582775712,46.53754161670804,2488.0300000000002</coordinates></Point></Placemark><Placemark><TimeSpan><begin>2026-08-03T11:49:20Z</begin><end>2026-08-03T11:49:31Z</end></TimeSpan><styleUrl>#point</styleUrl><Point><altitudeMode>clampToGround</altitudeMode><coordinates>12.012153547257185,46.537614958360791,2486.1100000000001</coordinates></Point></Placemark><Placemark><TimeSpan><begin>2026-08-03T11:49:31Z</begin><end>2026-08-03T11:49:43Z</end></TimeSpan><styleUrl>#point</styleUrl><Point><altitudeMode>clampToGround</altitudeMode><coordinates>12.012119684368372,46.537648234516382,2485.1500000000001</coordinates></Point></Placemark><Placemark><TimeSpan><begin>2026-08-03T11:49:43Z</begin><end>2026-08-03T11:49:51Z</end></TimeSpan><styleUrl>#point</styleUrl><Point><altitudeMode>clampToGround</altitudeMode><coordinates>12.012096969410777,46.537665836513042,2484.6599999999999</coordinates></Point></Placemark><Placemark><TimeSpan><begin>2026-08-03T11:49:51Z</begin><end>2026-08-03T11:50:00Z</end></TimeSpan><styleUrl>#point</styleUrl><Point><altitudeMode>clampToGround</altitudeMode><coordinates>12.012045588344336,46.537688467651606,2483.2199999999998</coordinates></Point></Placemark><Placemark><TimeSpan><begin>2026-08-03T11:50:00Z</begin><end>2026-08-03T11:50:01Z</end></TimeSpan><styleUrl>#point</styleUrl><Point><altitudeMode>clampToGround</altitudeMode><coordinates>12.012038547545671,46.537695927545428,2483.2199999999998</coordinates></Point></Placemark><Placemark><TimeSpan><begin>2026-08-03T11:50:01Z</begin><end>2026-08-03T11:50:15Z</end></TimeSpan><styleUrl>#point</styleUrl><Point><altitudeMode>clampToGround</altitudeMode><coordinates>12.011953135952353,46.537804389372468,2480.8200000000002</coordinates></Point></Placemark><Placemark><TimeSpan><begin>2026-08-03T11:50:15Z</begin><end>2026-08-03T11:50:28Z</end></TimeSpan><styleUrl>#point</styleUrl><Point><altitudeMode>clampToGround</altitudeMode><coordinates>12.011899994686246,46.537905558943748,2478.9000000000001</coordinates></Point></Placemark><Placemark><TimeSpan><begin>2026-08-03T11:50:28Z</begin><end>2026-08-03T11:50:38Z</end></TimeSpan><styleUrl>#point</styleUrl><Point><altitudeMode>clampToGround</altitudeMode><coordinates>12.0118557382375,46.537975380197167,2477.4499999999998</coordinates></Point></Placemark><Placemark><TimeSpan><begin>2026-08-03T11:50:38Z</begin><end>2026-08-03T11:50:49Z</end></TimeSpan><styleUrl>#point</styleUrl><Point><altitudeMode>clampToGround</altitudeMode><coordinates>12.011773260310292,46.538039250299335,2476.0100000000002</coordinates></Point></Placemark><Placemark><TimeSpan><begin>2026-08-03T11:50:49Z</begin><end>2026-08-03T11:51:01Z</end></TimeSpan><styleUrl>#point</styleUrl><Point><altitudeMode>clampToGround</altitudeMode><coordinates>12.011655997484922,46.538101360201836,2474.5700000000002</coordinates></Point></Placemark><Placemark><TimeSpan><begin>2026-08-03T11:51:01Z</begin><end>2026-08-03T11:51:12Z</end></TimeSpan><styleUrl>#point</styleUrl><Point><altitudeMode>clampToGround</altitudeMode><coordinates>12.01158793643117,46.538155255839229,2473.6100000000001</coordinates></Point></Placemark><Placemark><TimeSpan><begin>2026-08-03T11:51:12Z</begin><end>2026-08-03T11:51:22Z</end></TimeSpan><styleUrl>#point</styleUrl><Point><altitudeMode>clampToGround</altitudeMode><coordinates>12.011556336656213,46.538231782615185,2472.6500000000001</coordinates></Point></Placemark><Placemark><TimeSpan><begin>2026-08-03T11:51:22Z</begin><end>2026-08-03T11:51:33Z</end></TimeSpan><styleUrl>#point</styleUrl><Point><altitudeMode>clampToGround</altitudeMode><coordinates>12.011552648618817,46.538243182003498,2472.1700000000001</coordinates></Point></Placemark><Placemark><TimeSpan><begin>2026-08-03T11:51:33Z</begin><end>2026-08-03T11:51:44Z</end></TimeSpan><styleUrl>#point</styleUrl><Point><altitudeMode>clampToGround</altitudeMode><coordinates>12.011554576456547,46.538260029628873,2471.6900000000001</coordinates></Point></Placemark><Placemark><TimeSpan><begin>2026-08-03T11:51:44Z</begin><end>2026-08-03T11:51:49Z</end></TimeSpan><styleUrl>#point</styleUrl><Point><altitudeMode>clampToGround</altitudeMode><coordinates>12.011519791558385,46.538310907781124,2470.73</coordinates></Point></Placemark><Placemark><TimeSpan><begin>2026-08-03T11:51:49Z</begin><end>2026-08-03T11:52:01Z</end></TimeSpan><styleUrl>#point</styleUrl><Point><altitudeMode>clampToGround</altitudeMode><coordinates>12.011432787403464,46.538412244990468,2469.2800000000002</coordinates></Point></Placemark><Placemark><TimeSpan><begin>2026-08-03T11:52:01Z</begin><end>2026-08-03T11:52:14Z</end></TimeSpan><styleUrl>#point</styleUrl><Point><altitudeMode>clampToGround</altitudeMode><coordinates>12.011451898142695,46.538520790636539,2466.8800000000001</coordinates></Point></Placemark><Placemark><TimeSpan><begin>2026-08-03T11:52:14Z</begin><end>2026-08-03T11:52:15Z</end></TimeSpan><styleUrl>#point</styleUrl><Point><altitudeMode>clampToGround</altitudeMode><coordinates>12.011449383571744,46.53853059746325,2466.8800000000001</coordinates></Point></Placemark><Placemark><TimeSpan><begin>2026-08-03T11:52:15Z</begin><end>2026-08-03T11:52:29Z</end></TimeSpan><styleUrl>#point</styleUrl><Point><altitudeMode>clampToGround</altitudeMode><coordinates>12.01134217903018,46.538660181686282,2464.96</coordinates></Point></Placemark><Placemark><TimeSpan><begin>2026-08-03T11:52:29Z</begin><end>2026-08-03T11:52:32Z</end></TimeSpan><styleUrl>#point</styleUrl><Point><altitudeMode>clampToGround</altitudeMode><coordinates>12.011327007785439,46.538687590509653,2464</coordinates></Point></Placemark><Placemark><TimeSpan><begin>2026-08-03T11:52:32Z</begin><end>2026-08-03T11:52:45Z</end></TimeSpan><styleUrl>#point</styleUrl><Point><altitudeMode>clampToGround</altitudeMode><coordinates>12.01130848377943,46.538791693747044,2462.0700000000002</coordinates></Point></Placemark><Placemark><TimeSpan><begin>2026-08-03T11:52:45Z</begin><end>2026-08-03T11:52:56Z</end></TimeSpan><styleUrl>#point</styleUrl><Point><altitudeMode>clampToGround</altitudeMode><coordinates>12.011262383311987,46.538871824741364,2460.6300000000001</coordinates></Point></Placemark><Placemark><TimeSpan><begin>2026-08-03T11:52:56Z</begin><end>2026-08-03T11:53:09Z</end></TimeSpan><styleUrl>#point</styleUrl><Point><altitudeMode>clampToGround</altitudeMode><coordinates>12.011226089671254,46.538963355123997,2458.71</coordinates></Point></Placemark><Placemark><TimeSpan><begin>2026-08-03T11:53:09Z</begin><end>2026-08-03T11:53:15Z</end></TimeSpan><styleUrl>#point</styleUrl><Point><altitudeMode>clampToGround</altitudeMode><coordinates>12.011194406077266,46.539010629057884,2458.23</coordinates></Point></Placemark><Placemark><TimeSpan><begin>2026-08-03T11:53:15Z</begin><end>2026-08-03T11:53:22Z</end></TimeSpan><styleUrl>#point</styleUrl><Point><altitudeMode>clampToGround</altitudeMode><coordinates>12.011168422177434,46.539069134742022,2458.23</coordinates></Point></Placemark><Placemark><TimeSpan><begin>2026-08-03T11:53:22Z</begin><end>2026-08-03T11:53:35Z</end></TimeSpan><styleUrl>#point</styleUrl><Point><altitudeMode>clampToGround</altitudeMode><coordinates>12.011158028617501,46.539117665961385,2458.23</coordinates></Point></Placemark><Placemark><TimeSpan><begin>2026-08-03T11:53:35Z</begin><end>2026-08-03T11:53:49Z</end></TimeSpan><styleUrl>#point</styleUrl><Point><altitudeMode>clampToGround</altitudeMode><coordinates>12.011108491569757,46.539148846641183,2458.23</coordinates></Point></Placemark><Placemark><TimeSpan><begin>2026-08-03T11:53:49Z</begin><end>2026-08-03T11:53:56Z</end></TimeSpan><styleUrl>#point</styleUrl><Point><altitudeMode>clampToGround</altitudeMode><coordinates>12.011057361960411,46.539211375638843,2457.27</coordinates></Point></Placemark><Placemark><TimeSpan><begin>2026-08-03T11:53:56Z</begin><end>2026-08-03T11:54:07Z</end></TimeSpan><styleUrl>#point</styleUrl><Point><altitudeMode>clampToGround</altitudeMode><coordinates>12.010982176288962,46.53931631706655,2455.8200000000002</coordinates></Point></Placemark><Placemark><TimeSpan><begin>2026-08-03T11:54:07Z</begin><end>2026-08-03T11:54:16Z</end></TimeSpan><styleUrl>#point</styleUrl><Point><altitudeMode>clampToGround</altitudeMode><coordinates>12.010956360027194,46.53940474614501,2453.4200000000001</coordinates></Point></Placemark><Placemark><TimeSpan><begin>2026-08-03T11:54:16Z</begin><end>2026-08-03T11:54:23Z</end></TimeSpan><styleUrl>#point</styleUrl><Point><altitudeMode>clampToGround</altitudeMode><coordinates>12.01091168448329,46.539447158575058,2451.98</coordinates></Point></Placemark><Placemark><TimeSpan><begin>2026-08-03T11:54:23Z</begin><end>2026-08-03T11:54:35Z</end></TimeSpan><styleUrl>#point</styleUrl><Point><altitudeMode>clampToGround</altitudeMode><coordinates>12.010861728340387,46.539520919322968,2450.0599999999999</coordinates></Point></Placemark><Placemark><TimeSpan><begin>2026-08-03T11:54:35Z</begin><end>2026-08-03T11:54:44Z</end></TimeSpan><styleUrl>#point</styleUrl><Point><altitudeMode>clampToGround</altitudeMode><coordinates>12.010819651186466,46.539574563503265,2448.6199999999999</coordinates></Point></Placemark><Placemark><TimeSpan><begin>2026-08-03T11:54:44Z</begin><end>2026-08-03T11:54:53Z</end></TimeSpan><styleUrl>#point</styleUrl><Point><altitudeMode>clampToGround</altitudeMode><coordinates>12.0107367541641,46.539614126086235,2447.1700000000001</coordinates></Point></Placemark><Placemark><TimeSpan><begin>2026-08-03T11:54:53Z</begin><end>2026-08-03T11:55:07Z</end></TimeSpan><styleUrl>#point</styleUrl><Point><altitudeMode>clampToGround</altitudeMode><coordinates>12.010622257366776,46.539619658142328,2445.25</coordinates></Point></Placemark><Placemark><TimeSpan><begin>2026-08-03T11:55:07Z</begin><end>2026-08-03T11:55:17Z</end></TimeSpan><styleUrl>#point</styleUrl><Point><altitudeMode>clampToGround</altitudeMode><coordinates>12.010558303445578,46.539627369493246,2443.8099999999999</coordinates></Point></Placemark><Placemark><TimeSpan><begin>2026-08-03T11:55:17Z</begin><end>2026-08-03T11:55:26Z</end></TimeSpan><styleUrl>#point</styleUrl><Point><altitudeMode>clampToGround</altitudeMode><coordinates>12.010530224069953,46.539665507152677,2442.3699999999999</coordinates></Point></Placemark><Placemark><TimeSpan><begin>2026-08-03T11:55:26Z</begin><end>2026-08-03T11:55:35Z</end></TimeSpan><styleUrl>#point</styleUrl><Point><altitudeMode>clampToGround</altitudeMode><coordinates>12.010448081418872,46.539703896269202,2441.8899999999999</coordinates></Point></Placemark><Placemark><TimeSpan><begin>2026-08-03T11:55:35Z</begin><end>2026-08-03T11:55:45Z</end></TimeSpan><styleUrl>#point</styleUrl><Point><altitudeMode>clampToGround</altitudeMode><coordinates>12.01036149635911,46.539740357547998,2440.4400000000001</coordinates></Point></Placemark><Placemark><TimeSpan><begin>2026-08-03T11:55:45Z</begin><end>2026-08-03T11:55:56Z</end></TimeSpan><styleUrl>#point</styleUrl><Point><altitudeMode>clampToGround</altitudeMode><coordinates>12.010279353708029,46.539810178801417,2439</coordinates></Point></Placemark><Placemark><TimeSpan><begin>2026-08-03T11:55:56Z</begin><end>2026-08-03T11:56:06Z</end></TimeSpan><styleUrl>#point</styleUrl><Point><altitudeMode>clampToGround</altitudeMode><coordinates>12.010168544948101,46.539834821596742,2438.04</coordinates></Point></Placemark><Placemark><TimeSpan><begin>2026-08-03T11:56:06Z</begin><end>2026-08-03T11:56:16Z</end></TimeSpan><styleUrl>#point</styleUrl><Point><altitudeMode>clampToGround</altitudeMode><coordinates>12.010091934353113,46.539878658950329,2437.5599999999999</coordinates></Point></Placemark><Placemark><TimeSpan><begin>2026-08-03T11:56:16Z</begin><end>2026-08-03T11:56:26Z</end></TimeSpan><styleUrl>#point</styleUrl><Point><altitudeMode>clampToGround</altitudeMode><coordinates>12.010010881349444,46.539940182119608,2436.1199999999999</coordinates></Point></Placemark><Placemark><TimeSpan><begin>2026-08-03T11:56:26Z</begin><end>2026-08-03T11:56:34Z</end></TimeSpan><styleUrl>#point</styleUrl><Point><altitudeMode>clampToGround</altitudeMode><coordinates>12.009979449212551,46.539977816864848,2435.1599999999999</coordinates></Point></Placemark><Placemark><TimeSpan><begin>2026-08-03T11:56:34Z</begin><end>2026-08-03T11:56:43Z</end></TimeSpan><styleUrl>#point</styleUrl><Point><altitudeMode>clampToGround</altitudeMode><coordinates>12.009905772283673,46.540008746087551,2433.23</coordinates></Point></Placemark><Placemark><TimeSpan><begin>2026-08-03T11:56:43Z</begin><end>2026-08-03T11:56:50Z</end></TimeSpan><styleUrl>#point</styleUrl><Point><altitudeMode>clampToGround</altitudeMode><coordinates>12.009851122274995,46.540037831291556,2432.27</coordinates></Point></Placemark><Placemark><TimeSpan><begin>2026-08-03T11:56:50Z</begin><end>2026-08-03T11:57:01Z</end></TimeSpan><styleUrl>#point</styleUrl><Point><altitudeMode>clampToGround</altitudeMode><coordinates>12.009824635460973,46.540079908445477,2430.3499999999999</coordinates></Point></Placemark><Placemark><TimeSpan><begin>2026-08-03T11:57:01Z</begin><end>2026-08-03T11:57:11Z</end></TimeSpan><styleUrl>#point</styleUrl><Point><altitudeMode>clampToGround</altitudeMode><coordinates>12.009739559143782,46.540126679465175,2429.3899999999999</coordinates></Point></Placemark><Placemark><TimeSpan><begin>2026-08-03T11:57:11Z</begin><end>2026-08-03T11:57:21Z</end></TimeSpan><styleUrl>#point</styleUrl><Point><altitudeMode>clampToGround</altitudeMode><coordinates>12.009712401777506,46.540171103551984,2428.4299999999998</coordinates></Point></Placemark><Placemark><TimeSpan><begin>2026-08-03T11:57:21Z</begin><end>2026-08-03T11:57:32Z</end></TimeSpan><styleUrl>#point</styleUrl><Point><altitudeMode>clampToGround</altitudeMode><coordinates>12.009654147550464,46.540246037766337,2426.5</coordinates></Point></Placemark><Placemark><TimeSpan><begin>2026-08-03T11:57:32Z</begin><end>2026-08-03T11:57:44Z</end></TimeSpan><styleUrl>#point</styleUrl><Point><altitudeMode>clampToGround</altitudeMode><coordinates>12.009570831432939,46.540303453803062,2425.0599999999999</coordinates></Point></Placemark><Placemark><TimeSpan><begin>2026-08-03T11:57:44Z</begin><end>2026-08-03T11:57:55Z</end></TimeSpan><styleUrl>#point</styleUrl><Point><altitudeMode>clampToGround</altitudeMode><coordinates>12.009512493386865,46.540336981415749,2423.1399999999999</coordinates></Point></Placemark><Placemark><TimeSpan><begin>2026-08-03T11:57:55Z</begin><end>2026-08-03T11:58:06Z</end></TimeSpan><styleUrl>#point</styleUrl><Point><altitudeMode>clampToGround</altitudeMode><coordinates>12.009461866691709,46.540374867618084,2421.6999999999998</coordinates></Point></Placemark><Placemark><TimeSpan><begin>2026-08-03T11:58:06Z</begin><end>2026-08-03T11:58:15Z</end></TimeSpan><styleUrl>#point</styleUrl><Point><altitudeMode>clampToGround</altitudeMode><coordinates>12.009364888072014,46.540404204279184,2421.2199999999998</coordinates></Point></Placemark><Placemark><TimeSpan><begin>2026-08-03T11:58:15Z</begin><end>2026-08-03T11:58:25Z</end></TimeSpan><styleUrl>#point</styleUrl><Point><altitudeMode>clampToGround</altitudeMode><coordinates>12.009282829239964,46.540463715791702,2421.2199999999998</coordinates></Point></Placemark><Placemark><TimeSpan><begin>2026-08-03T11:58:25Z</begin><end>2026-08-03T11:58:37Z</end></TimeSpan><styleUrl>#point</styleUrl><Point><altitudeMode>clampToGround</altitudeMode><coordinates>12.009254163131118,46.540474779903889,2420.7399999999998</coordinates></Point></Placemark><Placemark><TimeSpan><begin>2026-08-03T11:58:37Z</begin><end>2026-08-03T11:58:52Z</end></TimeSpan><styleUrl>#point</styleUrl><Point><altitudeMode>clampToGround</altitudeMode><coordinates>12.00927478261292,46.54047486372292,2420.2600000000002</coordinates></Point></Placemark><Placemark><TimeSpan><begin>2026-08-03T11:58:52Z</begin><end>2026-08-03T11:59:02Z</end></TimeSpan><styleUrl>#point</styleUrl><Point><altitudeMode>clampToGround</altitudeMode><coordinates>12.009221306070685,46.540547870099545,2419.7800000000002</coordinates></Point></Placemark><Placemark><TimeSpan><begin>2026-08-03T11:59:02Z</begin><end>2026-08-03T11:59:15Z</end></TimeSpan><styleUrl>#point</styleUrl><Point><altitudeMode>clampToGround</altitudeMode><coordinates>12.009120220318437,46.540652895346284,2417.8499999999999</coordinates></Point></Placemark><Placemark><TimeSpan><begin>2026-08-03T11:59:15Z</begin><end>2026-08-03T11:59:29Z</end></TimeSpan><styleUrl>#point</styleUrl><Point><altitudeMode>clampToGround</altitudeMode><coordinates>12.008990719914436,46.540742916986346,2415.9299999999998</coordinates></Point></Placemark><Placemark><TimeSpan><begin>2026-08-03T11:59:29Z</begin><end>2026-08-03T11:59:41Z</end></TimeSpan><styleUrl>#point</styleUrl><Point><altitudeMode>clampToGround</altitudeMode><coordinates>12.008920731022954,46.540792202576995,2413.5300000000002</coordinates></Point></Placemark><Placemark><TimeSpan><begin>2026-08-03T11:59:41Z</begin><end>2026-08-03T11:59:50Z</end></TimeSpan><styleUrl>#point</styleUrl><Point><altitudeMode>clampToGround</altitudeMode><coordinates>12.008833978325129,46.540834028273821,2412.0900000000001</coordinates></Point></Placemark><Placemark><TimeSpan><begin>2026-08-03T11:59:50Z</begin><end>2026-08-03T11:59:52Z</end></TimeSpan><styleUrl>#point</styleUrl><Point><altitudeMode>clampToGround</altitudeMode><coordinates>12.008823668584228,46.540848696604371,2412.0900000000001</coordinates></Point></Placemark><Placemark><TimeSpan><begin>2026-08-03T11:59:52Z</begin><end>2026-08-03T11:59:54Z</end></TimeSpan><styleUrl>#point</styleUrl><Point><altitudeMode>clampToGround</altitudeMode><coordinates>12.008809754624963,46.540868980810046,2411.1199999999999</coordinates></Point></Placemark><Placemark><TimeSpan><begin>2026-08-03T11:59:54Z</begin><end>2026-08-03T11:59:56Z</end></TimeSpan><styleUrl>#point</styleUrl><Point><altitudeMode>clampToGround</altitudeMode><coordinates>12.00879005715251,46.540885828435421,2411.1199999999999</coordinates></Point></Placemark><Placemark><TimeSpan><begin>2026-08-03T11:59:56Z</begin><end>2026-08-03T12:00:01Z</end></TimeSpan><styleUrl>#point</styleUrl><Point><altitudeMode>clampToGround</altitudeMode><coordinates>12.00876415707171,46.540931928902864,2411.1199999999999</coordinates></Point></Placemark><Placemark><TimeSpan><begin>2026-08-03T12:00:01Z</begin><end>2026-08-03T12:00:05Z</end></TimeSpan><styleUrl>#point</styleUrl><Point><altitudeMode>clampToGround</altitudeMode><coordinates>12.008724678307772,46.540959421545267,2410.6399999999999</coordinates></Point></Placemark><Placemark><TimeSpan><begin>2026-08-03T12:00:05Z</begin><end>2026-08-03T12:00:13Z</end></TimeSpan><styleUrl>#point</styleUrl><Point><altitudeMode>clampToGround</altitudeMode><coordinates>12.008674973621964,46.541011137887836,2409.6799999999998</coordinates></Point></Placemark><Placemark><TimeSpan><begin>2026-08-03T12:00:13Z</begin><end>2026-08-03T12:00:23Z</end></TimeSpan><styleUrl>#point</styleUrl><Point><altitudeMode>clampToGround</altitudeMode><coordinates>12.008617222309113,46.541087497025728,2407.7600000000002</coordinates></Point></Placemark><Placemark><TimeSpan><begin>2026-08-03T12:00:23Z</begin><end>2026-08-03T12:00:34Z</end></TimeSpan><styleUrl>#point</styleUrl><Point><altitudeMode>clampToGround</altitudeMode><coordinates>12.008506329730153,46.541122030466795,2405.8400000000001</coordinates></Point></Placemark><Placemark><TimeSpan><begin>2026-08-03T12:00:34Z</begin><end>2026-08-03T12:00:47Z</end></TimeSpan><styleUrl>#point</styleUrl><Point><altitudeMode>clampToGround</altitudeMode><coordinates>12.008406668901443,46.541162682697177,2403.4299999999998</coordinates></Point></Placemark><Placemark><TimeSpan><begin>2026-08-03T12:00:47Z</begin><end>2026-08-03T12:00:58Z</end></TimeSpan><styleUrl>#point</styleUrl><Point><altitudeMode>clampToGround</altitudeMode><coordinates>12.008302733302116,46.541185146197677,2401.5100000000002</coordinates></Point></Placemark><Placemark><TimeSpan><begin>2026-08-03T12:00:58Z</begin><end>2026-08-03T12:01:17Z</end></TimeSpan><styleUrl>#point</styleUrl><Point><altitudeMode>clampToGround</altitudeMode><coordinates>12.00831807218492,46.541198557242751,2401.0300000000002</coordinates></Point></Placemark><Placemark><TimeSpan><begin>2026-08-03T12:01:17Z</begin><end>2026-08-03T12:01:29Z</end></TimeSpan><styleUrl>#point</styleUrl><Point><altitudeMode>clampToGround</altitudeMode><coordinates>12.008322346955538,46.541210794821382,2401.0300000000002</coordinates></Point></Placemark><Placemark><TimeSpan><begin>2026-08-03T12:01:29Z</begin><end>2026-08-03T12:01:38Z</end></TimeSpan><styleUrl>#point</styleUrl><Point><altitudeMode>clampToGround</altitudeMode><coordinates>12.008334500715137,46.541236275807023,2400.5500000000002</coordinates></Point></Placemark><Placemark><TimeSpan><begin>2026-08-03T12:01:38Z</begin><end>2026-08-03T12:01:50Z</end></TimeSpan><styleUrl>#point</styleUrl><Point><altitudeMode>clampToGround</altitudeMode><coordinates>12.008365346118808,46.541291512548923,2398.6300000000001</coordinates></Point></Placemark><Placemark><TimeSpan><begin>2026-08-03T12:01:50Z</begin><end>2026-08-03T12:01:52Z</end></TimeSpan><styleUrl>#point</styleUrl><Point><altitudeMode>clampToGround</altitudeMode><coordinates>12.008382864296436,46.541298301890492,2398.6300000000001</coordinates></Point></Placemark><Placemark><TimeSpan><begin>2026-08-03T12:01:52Z</begin><end>2026-08-03T12:02:04Z</end></TimeSpan><styleUrl>#point</styleUrl><Point><altitudeMode>clampToGround</altitudeMode><coordinates>12.008385546505451,46.541358651593328,2396.6999999999998</coordinates></Point></Placemark><Placemark><TimeSpan><begin>2026-08-03T12:02:04Z</begin><end>2026-08-03T12:02:14Z</end></TimeSpan><styleUrl>#point</styleUrl><Point><altitudeMode>clampToGround</altitudeMode><coordinates>12.00838110409677,46.541421012952924,2395.7399999999998</coordinates></Point></Placemark><Placemark><TimeSpan><begin>2026-08-03T12:02:14Z</begin><end>2026-08-03T12:02:26Z</end></TimeSpan><styleUrl>#point</styleUrl><Point><altitudeMode>clampToGround</altitudeMode><coordinates>12.008430892601609,46.541459821164608,2393.8200000000002</coordinates></Point></Placemark><Placemark><TimeSpan><begin>2026-08-03T12:02:26Z</begin><end>2026-08-03T12:02:36Z</end></TimeSpan><styleUrl>#point</styleUrl><Point><altitudeMode>clampToGround</altitudeMode><coordinates>12.008497947826982,46.541503323242068,2391.9000000000001</coordinates></Point></Placemark><Placemark><TimeSpan><begin>2026-08-03T12:02:36Z</begin><end>2026-08-03T12:02:48Z</end></TimeSpan><styleUrl>#point</styleUrl><Point><altitudeMode>clampToGround</altitudeMode><coordinates>12.008567852899432,46.541566019877791,2389.9699999999998</coordinates></Point></Placemark><Placemark><TimeSpan><begin>2026-08-03T12:02:48Z</begin><end>2026-08-03T12:02:59Z</end></TimeSpan><styleUrl>#point</styleUrl><Point><altitudeMode>clampToGround</altitudeMode><coordinates>12.008586209267378,46.541643384844065,2388.5300000000002</coordinates></Point></Placemark><Placemark><TimeSpan><begin>2026-08-03T12:02:59Z</begin><end>2026-08-03T12:03:11Z</end></TimeSpan><styleUrl>#point</styleUrl><Point><altitudeMode>clampToGround</altitudeMode><coordinates>12.008611774072051,46.54170960187912,2386.1300000000001</coordinates></Point></Placemark><Placemark><TimeSpan><begin>2026-08-03T12:03:11Z</begin><end>2026-08-03T12:03:20Z</end></TimeSpan><styleUrl>#point</styleUrl><Point><altitudeMode>clampToGround</altitudeMode><coordinates>12.008568858727813,46.541781267151237,2384.6900000000001</coordinates></Point></Placemark><Placemark><TimeSpan><begin>2026-08-03T12:03:20Z</begin><end>2026-08-03T12:03:32Z</end></TimeSpan><styleUrl>#point</styleUrl><Point><altitudeMode>clampToGround</altitudeMode><coordinates>12.008587634190917,46.541860643774271,2382.7600000000002</coordinates></Point></Placemark><Placemark><TimeSpan><begin>2026-08-03T12:03:32Z</begin><end>2026-08-03T12:03:45Z</end></TimeSpan><styleUrl>#point</styleUrl><Point><altitudeMode>clampToGround</altitudeMode><coordinates>12.008597860112786,46.541957203298807,2380.3600000000001</coordinates></Point></Placemark><Placemark><TimeSpan><begin>2026-08-03T12:03:45Z</begin><end>2026-08-03T12:03:56Z</end></TimeSpan><styleUrl>#point</styleUrl><Point><altitudeMode>clampToGround</altitudeMode><coordinates>12.008530553430319,46.542023252695799,2378.9200000000001</coordinates></Point></Placemark><Placemark><TimeSpan><begin>2026-08-03T12:03:56Z</begin><end>2026-08-03T12:04:07Z</end></TimeSpan><styleUrl>#point</styleUrl><Point><altitudeMode>clampToGround</altitudeMode><coordinates>12.008505491539836,46.542106652632356,2377</coordinates></Point></Placemark><Placemark><TimeSpan><begin>2026-08-03T12:04:07Z</begin><end>2026-08-03T12:04:17Z</end></TimeSpan><styleUrl>#point</styleUrl><Point><altitudeMode>clampToGround</altitudeMode><coordinates>12.008464504033327,46.542163230478764,2376.04</coordinates></Point></Placemark><Placemark><TimeSpan><begin>2026-08-03T12:04:17Z</begin><end>2026-08-03T12:04:28Z</end></TimeSpan><styleUrl>#point</styleUrl><Point><altitudeMode>clampToGround</altitudeMode><coordinates>12.008412703871727,46.542228609323502,2374.1100000000001</coordinates></Point></Placemark><Placemark><TimeSpan><begin>2026-08-03T12:04:28Z</begin><end>2026-08-03T12:04:39Z</end></TimeSpan><styleUrl>#point</styleUrl><Point><altitudeMode>clampToGround</altitudeMode><coordinates>12.008403399959207,46.542306812480092,2372.6700000000001</coordinates></Point></Placemark><Placemark><TimeSpan><begin>2026-08-03T12:04:39Z</begin><end>2026-08-03T12:04:51Z</end></TimeSpan><styleUrl>#point</styleUrl><Point><altitudeMode>clampToGround</altitudeMode><coordinates>12.008419996127486,46.542413095012307,2371.23</coordinates></Point></Placemark><Placemark><TimeSpan><begin>2026-08-03T12:04:51Z</begin><end>2026-08-03T12:04:59Z</end></TimeSpan><styleUrl>#point</styleUrl><Point><altitudeMode>clampToGround</altitudeMode><coordinates>12.00843776576221,46.542477551847696,2370.27</coordinates></Point></Placemark><Placemark><TimeSpan><begin>2026-08-03T12:04:59Z</begin><end>2026-08-03T12:05:12Z</end></TimeSpan><styleUrl>#point</styleUrl><Point><altitudeMode>clampToGround</altitudeMode><coordinates>12.008460815995932,46.542599340900779,2368.3499999999999</coordinates></Point></Placemark><Placemark><TimeSpan><begin>2026-08-03T12:05:12Z</begin><end>2026-08-03T12:05:26Z</end></TimeSpan><styleUrl>#point</styleUrl><Point><altitudeMode>clampToGround</altitudeMode><coordinates>12.0084572955966,46.54270151630044,2365.9400000000001</coordinates></Point></Placemark><Placemark><TimeSpan><begin>2026-08-03T12:05:26Z</begin><end>2026-08-03T12:05:36Z</end></TimeSpan><styleUrl>#point</styleUrl><Point><altitudeMode>clampToGround</altitudeMode><coordinates>12.008460564538836,46.542782988399267,2364.98</coordinates></Point></Placemark><Placemark><TimeSpan><begin>2026-08-03T12:05:36Z</begin><end>2026-08-03T12:05:46Z</end></TimeSpan><styleUrl>#point</styleUrl><Point><altitudeMode>clampToGround</altitudeMode><coordinates>12.008423432707787,46.542859598994255,2363.54</coordinates></Point></Placemark><Placemark><TimeSpan><begin>2026-08-03T12:05:46Z</begin><end>2026-08-03T12:05:48Z</end></TimeSpan><styleUrl>#point</styleUrl><Point><altitudeMode>clampToGround</altitudeMode><coordinates>12.008417481556535,46.542881559580564,2363.54</coordinates></Point></Placemark><Placemark><TimeSpan><begin>2026-08-03T12:05:48Z</begin><end>2026-08-03T12:05:51Z</end></TimeSpan><styleUrl>#point</styleUrl><Point><altitudeMode>clampToGround</altitudeMode><coordinates>12.008408010005951,46.542910225689411,2363.0599999999999</coordinates></Point></Placemark><Placemark><TimeSpan><begin>2026-08-03T12:05:51Z</begin><end>2026-08-03T12:05:53Z</end></TimeSpan><styleUrl>#point</styleUrl><Point><altitudeMode>clampToGround</altitudeMode><coordinates>12.008401639759541,46.542932186275721,2363.0599999999999</coordinates></Point></Placemark><Placemark><TimeSpan><begin>2026-08-03T12:05:53Z</begin><end>2026-08-03T12:05:56Z</end></TimeSpan><styleUrl>#point</styleUrl><Point><altitudeMode>clampToGround</altitudeMode><coordinates>12.008384456858039,46.542960265651345,2363.0599999999999</coordinates></Point></Placemark><Placemark><TimeSpan><begin>2026-08-03T12:05:56Z</begin><end>2026-08-03T12:05:58Z</end></TimeSpan><styleUrl>#point</styleUrl><Point><altitudeMode>clampToGround</altitudeMode><coordinates>12.008381020277739,46.542981304228306,2362.5799999999999</coordinates></Point></Placemark><Placemark><TimeSpan><begin>2026-08-03T12:05:58Z</begin><end>2026-08-03T12:06:11Z</end></TimeSpan><styleUrl>#point</styleUrl><Point><altitudeMode>clampToGround</altitudeMode><coordinates>12.008338188752532,46.543096974492073,2361.1399999999999</coordinates></Point></Placemark><Placemark><TimeSpan><begin>2026-08-03T12:06:11Z</begin><end>2026-08-03T12:06:20Z</end></TimeSpan><styleUrl>#point</styleUrl><Point><altitudeMode>clampToGround</altitudeMode><coordinates>12.008322346955538,46.543142655864358,2360.6500000000001</coordinates></Point></Placemark><Placemark><TimeSpan><begin>2026-08-03T12:06:20Z</begin><end>2026-08-03T12:06:28Z</end></TimeSpan><styleUrl>#point</styleUrl><Point><altitudeMode>clampToGround</altitudeMode><coordinates>12.008318156003952,46.54318330809474,2360.6500000000001</coordinates></Point></Placemark><Placemark><TimeSpan><begin>2026-08-03T12:06:28Z</begin><end>2026-08-03T12:06:39Z</end></TimeSpan><styleUrl>#point</styleUrl><Point><altitudeMode>clampToGround</altitudeMode><coordinates>12.008286137133837,46.543234270066023,2359.21</coordinates></Point></Placemark><Placemark><TimeSpan><begin>2026-08-03T12:06:39Z</begin><end>2026-08-03T12:06:52Z</end></TimeSpan><styleUrl>#point</styleUrl><Point><altitudeMode>clampToGround</altitudeMode><coordinates>12.008268535137177,46.543246004730463,2359.21</coordinates></Point></Placemark><Placemark><TimeSpan><begin>2026-08-03T12:06:52Z</begin><end>2026-08-03T12:07:15Z</end></TimeSpan><styleUrl>#point</styleUrl><Point><altitudeMode>clampToGround</altitudeMode><coordinates>12.008256632834673,46.543281124904752,2359.21</coordinates></Point></Placemark><Placemark><TimeSpan><begin>2026-08-03T12:07:15Z</begin><end>2026-08-03T12:07:27Z</end></TimeSpan><styleUrl>#point</styleUrl><Point><altitudeMode>clampToGround</altitudeMode><coordinates>12.00821396894753,46.543393023312092,2357.77</coordinates></Point></Placemark><Placemark><TimeSpan><begin>2026-08-03T12:07:27Z</begin><end>2026-08-03T12:07:32Z</end></TimeSpan><styleUrl>#point</styleUrl><Point><altitudeMode>clampToGround</altitudeMode><coordinates>12.008213549852371,46.54344080016017,2357.29</coordinates></Point></Placemark><Placemark><TimeSpan><begin>2026-08-03T12:07:32Z</begin><end>2026-08-03T12:07:43Z</end></TimeSpan><styleUrl>#point</styleUrl><Point><altitudeMode>clampToGround</altitudeMode><coordinates>12.00815437361598,46.543502658605576,2355.8499999999999</coordinates></Point></Placemark><Placemark><TimeSpan><begin>2026-08-03T12:07:43Z</begin><end>2026-08-03T12:07:52Z</end></TimeSpan><styleUrl>#point</styleUrl><Point><altitudeMode>clampToGround</altitudeMode><coordinates>12.008116068318486,46.543522188439965,2354.8899999999999</coordinates></Point></Placemark><Placemark><TimeSpan><begin>2026-08-03T12:07:52Z</begin><end>2026-08-03T12:08:02Z</end></TimeSpan><styleUrl>#point</styleUrl><Point><altitudeMode>clampToGround</altitudeMode><coordinates>12.008072398602962,46.543610533699393,2353.9299999999998</coordinates></Point></Placemark><Placemark><TimeSpan><begin>2026-08-03T12:08:02Z</begin><end>2026-08-03T12:08:13Z</end></TimeSpan><styleUrl>#point</styleUrl><Point><altitudeMode>clampToGround</altitudeMode><coordinates>12.008026381954551,46.54371639713645,2353.9299999999998</coordinates></Point></Placemark><Placemark><TimeSpan><begin>2026-08-03T12:08:13Z</begin><end>2026-08-03T12:08:25Z</end></TimeSpan><styleUrl>#point</styleUrl><Point><altitudeMode>clampToGround</altitudeMode><coordinates>12.007992519065738,46.543819326907396,2352</coordinates></Point></Placemark><Placemark><TimeSpan><begin>2026-08-03T12:08:25Z</begin><end>2026-08-03T12:08:37Z</end></TimeSpan><styleUrl>#point</styleUrl><Point><altitudeMode>clampToGround</altitudeMode><coordinates>12.007987573742867,46.543903816491365,2350.5599999999999</coordinates></Point></Placemark><Placemark><TimeSpan><begin>2026-08-03T12:08:37Z</begin><end>2026-08-03T12:08:38Z</end></TimeSpan><styleUrl>#point</styleUrl><Point><altitudeMode>clampToGround</altitudeMode><coordinates>12.007987322285771,46.543910941109061,2350.5599999999999</coordinates></Point></Placemark><Placemark><TimeSpan><begin>2026-08-03T12:08:38Z</begin><end>2026-08-03T12:08:49Z</end></TimeSpan><styleUrl>#point</styleUrl><Point><altitudeMode>clampToGround</altitudeMode><coordinates>12.007982796058059,46.543954694643617,2348.6399999999999</coordinates></Point></Placemark><Placemark><TimeSpan><begin>2026-08-03T12:08:49Z</begin><end>2026-08-03T12:08:58Z</end></TimeSpan><styleUrl>#point</styleUrl><Point><altitudeMode>clampToGround</altitudeMode><coordinates>12.007982712239027,46.544000040739775,2347.6799999999998</coordinates></Point></Placemark><Placemark><TimeSpan><begin>2026-08-03T12:08:58Z</begin><end>2026-08-03T12:09:10Z</end></TimeSpan><styleUrl>#point</styleUrl><Point><altitudeMode>clampToGround</altitudeMode><coordinates>12.00791347771883,46.544084865599871,2345.27</coordinates></Point></Placemark><Placemark><TimeSpan><begin>2026-08-03T12:09:10Z</begin><end>2026-08-03T12:09:20Z</end></TimeSpan><styleUrl>#point</styleUrl><Point><altitudeMode>clampToGround</altitudeMode><coordinates>12.007860252633691,46.544145466759801,2343.8299999999999</coordinates></Point></Placemark><Placemark><TimeSpan><begin>2026-08-03T12:09:20Z</begin><end>2026-08-03T12:09:31Z</end></TimeSpan><styleUrl>#point</styleUrl><Point><altitudeMode>clampToGround</altitudeMode><coordinates>12.007858660072088,46.544214030727744,2342.3899999999999</coordinates></Point></Placemark><Placemark><TimeSpan><begin>2026-08-03T12:09:31Z</begin><end>2026-08-03T12:09:43Z</end></TimeSpan><styleUrl>#point</styleUrl><Point><altitudeMode>clampToGround</altitudeMode><coordinates>12.007828233763576,46.544280163943768,2339.9899999999998</coordinates></Point></Placemark><Placemark><TimeSpan><begin>2026-08-03T12:09:43Z</begin><end>2026-08-03T12:09:51Z</end></TimeSpan><styleUrl>#point</styleUrl><Point><altitudeMode>clampToGround</altitudeMode><coordinates>12.007834939286113,46.544310422614217,2339.02</coordinates></Point></Placemark><Placemark><TimeSpan><begin>2026-08-03T12:09:51Z</begin><end>2026-08-03T12:10:02Z</end></TimeSpan><styleUrl>#point</styleUrl><Point><altitudeMode>clampToGround</altitudeMode><coordinates>12.007871400564909,46.54438678175211,2337.0999999999999</coordinates></Point></Placemark><Placemark><TimeSpan><begin>2026-08-03T12:10:02Z</begin><end>2026-08-03T12:10:13Z</end></TimeSpan><styleUrl>#point</styleUrl><Point><altitudeMode>clampToGround</altitudeMode><coordinates>12.007797388359904,46.544477306306362,2335.1799999999998</coordinates></Point></Placemark><Placemark><TimeSpan><begin>2026-08-03T12:10:13Z</begin><end>2026-08-03T12:10:14Z</end></TimeSpan><styleUrl>#point</styleUrl><Point><altitudeMode>clampToGround</altitudeMode><coordinates>12.007800070568919,46.544486358761787,2334.6999999999998</coordinates></Point></Placemark><Placemark><TimeSpan><begin>2026-08-03T12:10:14Z</begin><end>2026-08-03T12:10:27Z</end></TimeSpan><styleUrl>#point</styleUrl><Point><altitudeMode>clampToGround</altitudeMode><coordinates>12.007725303992629,46.544584510847926,2332.3000000000002</coordinates></Point></Placemark><Placemark><TimeSpan><begin>2026-08-03T12:10:27Z</begin><end>2026-08-03T12:10:38Z</end></TimeSpan><styleUrl>#point</styleUrl><Point><altitudeMode>clampToGround</altitudeMode><coordinates>12.007740139961243,46.544618792831898,2331.3299999999999</coordinates></Point></Placemark><Placemark><TimeSpan><begin>2026-08-03T12:10:38Z</begin><end>2026-08-03T12:10:51Z</end></TimeSpan><styleUrl>#point</styleUrl><Point><altitudeMode>clampToGround</altitudeMode><coordinates>12.007721783593297,46.544736977666616,2328.9299999999998</coordinates></Point></Placemark><Placemark><TimeSpan><begin>2026-08-03T12:10:51Z</begin><end>2026-08-03T12:11:01Z</end></TimeSpan><styleUrl>#point</styleUrl><Point><altitudeMode>clampToGround</altitudeMode><coordinates>12.007723040878773,46.544797411188483,2328.4499999999998</coordinates></Point></Placemark><Placemark><TimeSpan><begin>2026-08-03T12:11:01Z</begin><end>2026-08-03T12:11:14Z</end></TimeSpan><styleUrl>#point</styleUrl><Point><altitudeMode>clampToGround</altitudeMode><coordinates>12.007699906826019,46.544910734519362,2327.0100000000002</coordinates></Point></Placemark><Placemark><TimeSpan><begin>2026-08-03T12:11:14Z</begin><end>2026-08-03T12:11:29Z</end></TimeSpan><styleUrl>#point</styleUrl><Point><altitudeMode>clampToGround</altitudeMode><coordinates>12.007664032280445,46.54505230486393,2324.6100000000001</coordinates></Point></Placemark><Placemark><TimeSpan><begin>2026-08-03T12:11:29Z</begin><end>2026-08-03T12:11:37Z</end></TimeSpan><styleUrl>#point</styleUrl><Point><altitudeMode>clampToGround</altitudeMode><coordinates>12.007635282352567,46.545116761699319,2323.1599999999999</coordinates></Point></Placemark><Placemark><TimeSpan><begin>2026-08-03T12:11:37Z</begin><end>2026-08-03T12:11:44Z</end></TimeSpan><styleUrl>#point</styleUrl><Point><altitudeMode>clampToGround</altitudeMode><coordinates>12.007589349523187,46.545168310403824,2321.7199999999998</coordinates></Point></Placemark><Placemark><TimeSpan><begin>2026-08-03T12:11:44Z</begin><end>2026-08-03T12:11:56Z</end></TimeSpan><styleUrl>#point</styleUrl><Point><altitudeMode>clampToGround</altitudeMode><coordinates>12.007565377280116,46.545160766690969,2321.2399999999998</coordinates></Point></Placemark><Placemark><TimeSpan><begin>2026-08-03T12:11:56Z</begin><end>2026-08-03T12:12:05Z</end></TimeSpan><styleUrl>#point</styleUrl><Point><altitudeMode>clampToGround</altitudeMode><coordinates>12.007533358410001,46.545201418921351,2319.8000000000002</coordinates></Point></Placemark><Placemark><TimeSpan><begin>2026-08-03T12:12:05Z</begin><end>2026-08-03T12:12:15Z</end></TimeSpan><styleUrl>#point</styleUrl><Point><altitudeMode>clampToGround</altitudeMode><coordinates>12.007505530491471,46.545227319002151,2319.3200000000002</coordinates></Point></Placemark><Placemark><TimeSpan><begin>2026-08-03T12:12:15Z</begin><end>2026-08-03T12:12:27Z</end></TimeSpan><styleUrl>#point</styleUrl><Point><altitudeMode>clampToGround</altitudeMode><coordinates>12.007471416145563,46.545296721160412,2317.8800000000001</coordinates></Point></Placemark><Placemark><TimeSpan><begin>2026-08-03T12:12:27Z</begin><end>2026-08-03T12:12:29Z</end></TimeSpan><styleUrl>#point</styleUrl><Point><altitudeMode>clampToGround</altitudeMode><coordinates>12.007472924888134,46.545308958739042,2317.4000000000001</coordinates></Point></Placemark><Placemark><TimeSpan><begin>2026-08-03T12:12:29Z</begin><end>2026-08-03T12:12:43Z</end></TimeSpan><styleUrl>#point</styleUrl><Point><altitudeMode>clampToGround</altitudeMode><coordinates>12.007433613762259,46.545443404465914,2314.5100000000002</coordinates></Point></Placemark><Placemark><TimeSpan><begin>2026-08-03T12:12:43Z</begin><end>2026-08-03T12:12:54Z</end></TimeSpan><styleUrl>#point</styleUrl><Point><altitudeMode>clampToGround</altitudeMode><coordinates>12.007364043965936,46.545539293438196,2312.5900000000001</coordinates></Point></Placemark><Placemark><TimeSpan><begin>2026-08-03T12:12:54Z</begin><end>2026-08-03T12:12:55Z</end></TimeSpan><styleUrl>#point</styleUrl><Point><altitudeMode>clampToGround</altitudeMode><coordinates>12.007360942661762,46.545546920970082,2312.5900000000001</coordinates></Point></Placemark><Placemark><TimeSpan><begin>2026-08-03T12:12:55Z</begin><end>2026-08-03T12:13:08Z</end></TimeSpan><styleUrl>#point</styleUrl><Point><altitudeMode>clampToGround</altitudeMode><coordinates>12.007328253239393,46.545657059177756,2310.1900000000001</coordinates></Point></Placemark><Placemark><TimeSpan><begin>2026-08-03T12:13:08Z</begin><end>2026-08-03T12:13:12Z</end></TimeSpan><styleUrl>#point</styleUrl><Point><altitudeMode>clampToGround</altitudeMode><coordinates>12.007325822487473,46.545695951208472,2309.6999999999998</coordinates></Point></Placemark><Placemark><TimeSpan><begin>2026-08-03T12:13:12Z</begin><end>2026-08-03T12:13:25Z</end></TimeSpan><styleUrl>#point</styleUrl><Point><altitudeMode>clampToGround</altitudeMode><coordinates>12.007310651242733,46.545803574845195,2308.2600000000002</coordinates></Point></Placemark><Placemark><TimeSpan><begin>2026-08-03T12:13:25Z</begin><end>2026-08-03T12:13:33Z</end></TimeSpan><styleUrl>#point</styleUrl><Point><altitudeMode>clampToGround</altitudeMode><coordinates>12.007276704534888,46.545875323936343,2306.3400000000001</coordinates></Point></Placemark><Placemark><TimeSpan><begin>2026-08-03T12:13:33Z</begin><end>2026-08-03T12:13:42Z</end></TimeSpan><styleUrl>#point</styleUrl><Point><altitudeMode>clampToGround</altitudeMode><coordinates>12.007209565490484,46.545851184055209,2305.8600000000001</coordinates></Point></Placemark><Placemark><TimeSpan><begin>2026-08-03T12:13:42Z</begin><end>2026-08-03T12:13:56Z</end></TimeSpan><styleUrl>#point</styleUrl><Point><altitudeMode>clampToGround</altitudeMode><coordinates>12.007240913808346,46.545881610363722,2304.9000000000001</coordinates></Point></Placemark><Placemark><TimeSpan><begin>2026-08-03T12:13:56Z</begin><end>2026-08-03T12:14:06Z</end></TimeSpan><styleUrl>#point</styleUrl><Point><altitudeMode>clampToGround</altitudeMode><coordinates>12.007226245477796,46.54588202945888,2304.4200000000001</coordinates></Point></Placemark><Placemark><TimeSpan><begin>2026-08-03T12:14:06Z</begin><end>2026-08-03T12:14:26Z</end></TimeSpan><styleUrl>#point</styleUrl><Point><altitudeMode>clampToGround</altitudeMode><coordinates>12.00722012668848,46.545880604535341,2304.4200000000001</coordinates></Point></Placemark><Placemark><TimeSpan><begin>2026-08-03T12:14:26Z</begin><end>2026-08-03T12:14:39Z</end></TimeSpan><styleUrl>#point</styleUrl><Point><altitudeMode>clampToGround</altitudeMode><coordinates>12.007232448086143,46.545886807143688,2304.4200000000001</coordinates></Point></Placemark><Placemark><TimeSpan><begin>2026-08-03T12:14:39Z</begin><end>2026-08-03T12:14:53Z</end></TimeSpan><styleUrl>#point</styleUrl><Point><altitudeMode>clampToGround</altitudeMode><coordinates>12.007239824160933,46.545931985601783,2304.4200000000001</coordinates></Point></Placemark><Placemark><TimeSpan><begin>2026-08-03T12:14:53Z</begin><end>2026-08-03T12:15:04Z</end></TimeSpan><styleUrl>#point</styleUrl><Point><altitudeMode>clampToGround</altitudeMode><coordinates>12.00715851970017,46.54599342495203,2301.5300000000002</coordinates></Point></Placemark><Placemark><TimeSpan><begin>2026-08-03T12:15:04Z</begin><end>2026-08-03T12:15:07Z</end></TimeSpan><styleUrl>#point</styleUrl><Point><altitudeMode>clampToGround</altitudeMode><coordinates>12.007172768935561,46.546018905937672,2301.0500000000002</coordinates></Point></Placemark><Placemark><TimeSpan><begin>2026-08-03T12:15:07Z</begin><end>2026-08-03T12:15:21Z</end></TimeSpan><styleUrl>#point</styleUrl><Point><altitudeMode>clampToGround</altitudeMode><coordinates>12.007129183039069,46.546160979196429,2297.6900000000001</coordinates></Point></Placemark><Placemark><TimeSpan><begin>2026-08-03T12:15:21Z</begin><end>2026-08-03T12:15:35Z</end></TimeSpan><styleUrl>#point</styleUrl><Point><altitudeMode>clampToGround</altitudeMode><coordinates>12.007051147520542,46.546297688037157,2295.77</coordinates></Point></Placemark><Placemark><TimeSpan><begin>2026-08-03T12:15:35Z</begin><end>2026-08-03T12:15:49Z</end></TimeSpan><styleUrl>#point</styleUrl><Point><altitudeMode>clampToGround</altitudeMode><coordinates>12.007026840001345,46.546389888972044,2292.8800000000001</coordinates></Point></Placemark><Placemark><TimeSpan><begin>2026-08-03T12:15:49Z</begin><end>2026-08-03T12:16:00Z</end></TimeSpan><styleUrl>#point</styleUrl><Point><altitudeMode>clampToGround</altitudeMode><coordinates>12.00695626437664,46.546464823186398,2291.4400000000001</coordinates></Point></Placemark><Placemark><TimeSpan><begin>2026-08-03T12:16:00Z</begin><end>2026-08-03T12:16:11Z</end></TimeSpan><styleUrl>#point</styleUrl><Point><altitudeMode>clampToGround</altitudeMode><coordinates>12.00689759105444,46.546527771279216,2289.04</coordinates></Point></Placemark><Placemark><TimeSpan><begin>2026-08-03T12:16:11Z</begin><end>2026-08-03T12:16:23Z</end></TimeSpan><styleUrl>#point</styleUrl><Point><altitudeMode>clampToGround</altitudeMode><coordinates>12.006835732609034,46.546598011627793,2287.1100000000001</coordinates></Point></Placemark><Placemark><TimeSpan><begin>2026-08-03T12:16:23Z</begin><end>2026-08-03T12:16:32Z</end></TimeSpan><styleUrl>#point</styleUrl><Point><altitudeMode>clampToGround</altitudeMode><coordinates>12.006798684597015,46.546683507040143,2284.71</coordinates></Point></Placemark><Placemark><TimeSpan><begin>2026-08-03T12:16:32Z</begin><end>2026-08-03T12:16:44Z</end></TimeSpan><styleUrl>#point</styleUrl><Point><altitudeMode>clampToGround</altitudeMode><coordinates>12.006725342944264,46.546769589185715,2282.79</coordinates></Point></Placemark><Placemark><TimeSpan><begin>2026-08-03T12:16:44Z</begin><end>2026-08-03T12:16:55Z</end></TimeSpan><styleUrl>#point</styleUrl><Point><altitudeMode>clampToGround</altitudeMode><coordinates>12.006639763712883,46.546843936666846,2280.3800000000001</coordinates></Point></Placemark><Placemark><TimeSpan><begin>2026-08-03T12:16:55Z</begin><end>2026-08-03T12:17:07Z</end></TimeSpan><styleUrl>#point</styleUrl><Point><altitudeMode>clampToGround</altitudeMode><coordinates>12.006570780649781,46.546954577788711,2277.98</coordinates></Point></Placemark><Placemark><TimeSpan><begin>2026-08-03T12:17:07Z</begin><end>2026-08-03T12:17:16Z</end></TimeSpan><styleUrl>#point</styleUrl><Point><altitudeMode>clampToGround</altitudeMode><coordinates>12.006547395139933,46.546997744590044,2277.02</coordinates></Point></Placemark><Placemark><TimeSpan><begin>2026-08-03T12:17:16Z</begin><end>2026-08-03T12:17:29Z</end></TimeSpan><styleUrl>#point</styleUrl><Point><altitudeMode>clampToGround</altitudeMode><coordinates>12.006497941911221,46.547099752351642,2275.0999999999999</coordinates></Point></Placemark><Placemark><TimeSpan><begin>2026-08-03T12:17:29Z</begin><end>2026-08-03T12:17:41Z</end></TimeSpan><styleUrl>#point</styleUrl><Point><altitudeMode>clampToGround</altitudeMode><coordinates>12.006389480084181,46.547174351289868,2273.1700000000001</coordinates></Point></Placemark><Placemark><TimeSpan><begin>2026-08-03T12:17:41Z</begin><end>2026-08-03T12:17:52Z</end></TimeSpan><styleUrl>#point</styleUrl><Point><altitudeMode>clampToGround</altitudeMode><coordinates>12.006336506456137,46.547248698771,2271.25</coordinates></Point></Placemark><Placemark><TimeSpan><begin>2026-08-03T12:17:52Z</begin><end>2026-08-03T12:18:03Z</end></TimeSpan><styleUrl>#point</styleUrl><Point><altitudeMode>clampToGround</altitudeMode><coordinates>12.006348827853799,46.547318771481514,2270.29</coordinates></Point></Placemark><Placemark><TimeSpan><begin>2026-08-03T12:18:03Z</begin><end>2026-08-03T12:18:14Z</end></TimeSpan><styleUrl>#point</styleUrl><Point><altitudeMode>clampToGround</altitudeMode><coordinates>12.006390737369657,46.547398986294866,2268.8499999999999</coordinates></Point></Placemark><Placemark><TimeSpan><begin>2026-08-03T12:18:14Z</begin><end>2026-08-03T12:18:23Z</end></TimeSpan><styleUrl>#point</styleUrl><Point><altitudeMode>clampToGround</altitudeMode><coordinates>12.006312953308225,46.547445170581341,2266.9299999999998</coordinates></Point></Placemark><Placemark><TimeSpan><begin>2026-08-03T12:18:23Z</begin><end>2026-08-03T12:18:34Z</end></TimeSpan><styleUrl>#point</styleUrl><Point><altitudeMode>clampToGround</altitudeMode><coordinates>12.006236258894205,46.547507783398032,2265.48</coordinates></Point></Placemark><Placemark><TimeSpan><begin>2026-08-03T12:18:34Z</begin><end>2026-08-03T12:18:43Z</end></TimeSpan><styleUrl>#point</styleUrl><Point><altitudeMode>clampToGround</altitudeMode><coordinates>12.006209017708898,46.547552458941936,2264.52</coordinates></Point></Placemark><Placemark><TimeSpan><begin>2026-08-03T12:18:43Z</begin><end>2026-08-03T12:18:54Z</end></TimeSpan><styleUrl>#point</styleUrl><Point><altitudeMode>clampToGround</altitudeMode><coordinates>12.00619837269187,46.547604678198695,2263.0799999999999</coordinates></Point></Placemark><Placemark><TimeSpan><begin>2026-08-03T12:18:54Z</begin><end>2026-08-03T12:19:05Z</end></TimeSpan><styleUrl>#point</styleUrl><Point><altitudeMode>clampToGround</altitudeMode><coordinates>12.006185380741954,46.547660417854786,2262.1199999999999</coordinates></Point></Placemark><Placemark><TimeSpan><begin>2026-08-03T12:19:05Z</begin><end>2026-08-03T12:19:15Z</end></TimeSpan><styleUrl>#point</styleUrl><Point><altitudeMode>clampToGround</altitudeMode><coordinates>12.006138190627098,46.547706183046103,2260.1999999999998</coordinates></Point></Placemark><Placemark><TimeSpan><begin>2026-08-03T12:19:15Z</begin><end>2026-08-03T12:19:24Z</end></TimeSpan><styleUrl>#point</styleUrl><Point><altitudeMode>clampToGround</altitudeMode><coordinates>12.006083959713578,46.547748176380992,2259.2399999999998</coordinates></Point></Placemark><Placemark><TimeSpan><begin>2026-08-03T12:19:24Z</begin><end>2026-08-03T12:19:34Z</end></TimeSpan><styleUrl>#point</styleUrl><Point><altitudeMode>clampToGround</altitudeMode><coordinates>12.006052108481526,46.547838533297181,2257.3099999999999</coordinates></Point></Placemark><Placemark><TimeSpan><begin>2026-08-03T12:19:34Z</begin><end>2026-08-03T12:19:43Z</end></TimeSpan><styleUrl>#point</styleUrl><Point><altitudeMode>clampToGround</altitudeMode><coordinates>12.006044816225767,46.547918245196342,2255.8699999999999</coordinates></Point></Placemark><Placemark><TimeSpan><begin>2026-08-03T12:19:43Z</begin><end>2026-08-03T12:19:58Z</end></TimeSpan><styleUrl>#point</styleUrl><Point><altitudeMode>clampToGround</altitudeMode><coordinates>12.006027633324265,46.548045482486486,2253.4699999999998</coordinates></Point></Placemark><Placemark><TimeSpan><begin>2026-08-03T12:19:58Z</begin><end>2026-08-03T12:19:59Z</end></TimeSpan><styleUrl>#point</styleUrl><Point><altitudeMode>clampToGround</altitudeMode><coordinates>12.006035847589374,46.548053864389658,2252.9899999999998</coordinates></Point></Placemark><Placemark><TimeSpan><begin>2026-08-03T12:19:59Z</begin><end>2026-08-03T12:20:04Z</end></TimeSpan><styleUrl>#point</styleUrl><Point><altitudeMode>clampToGround</altitudeMode><coordinates>12.006085384637117,46.548101138323545,2252.5100000000002</coordinates></Point></Placemark><Placemark><TimeSpan><begin>2026-08-03T12:20:04Z</begin><end>2026-08-03T12:20:19Z</end></TimeSpan><styleUrl>#point</styleUrl><Point><altitudeMode>clampToGround</altitudeMode><coordinates>12.006149925291538,46.548266345635056,2252.0300000000002</coordinates></Point></Placemark><Placemark><TimeSpan><begin>2026-08-03T12:20:19Z</begin><end>2026-08-03T12:20:26Z</end></TimeSpan><styleUrl>#point</styleUrl><Point><altitudeMode>clampToGround</altitudeMode><coordinates>12.006162079051137,46.548340944573283,2251.0599999999999</coordinates></Point></Placemark><Placemark><TimeSpan><begin>2026-08-03T12:20:26Z</begin><end>2026-08-03T12:20:39Z</end></TimeSpan><styleUrl>#point</styleUrl><Point><altitudeMode>clampToGround</altitudeMode><coordinates>12.006234833970666,46.548471534624696,2250.5799999999999</coordinates></Point></Placemark><Placemark><TimeSpan><begin>2026-08-03T12:20:39Z</begin><end>2026-08-03T12:20:42Z</end></TimeSpan><styleUrl>#point</styleUrl><Point><altitudeMode>clampToGround</altitudeMode><coordinates>12.006246568635106,46.548502882942557,2250.5799999999999</coordinates></Point></Placemark><Placemark><TimeSpan><begin>2026-08-03T12:20:42Z</begin><end>2026-08-03T12:20:55Z</end></TimeSpan><styleUrl>#point</styleUrl><Point><altitudeMode>clampToGround</altitudeMode><coordinates>12.006327034905553,46.548593994230032,2250.0999999999999</coordinates></Point></Placemark><Placemark><TimeSpan><begin>2026-08-03T12:20:55Z</begin><end>2026-08-03T12:21:08Z</end></TimeSpan><styleUrl>#point</styleUrl><Point><altitudeMode>clampToGround</altitudeMode><coordinates>12.006352012977004,46.548686111345887,2248.6599999999999</coordinates></Point></Placemark><Placemark><TimeSpan><begin>2026-08-03T12:21:08Z</begin><end>2026-08-03T12:21:12Z</end></TimeSpan><styleUrl>#point</styleUrl><Point><altitudeMode>clampToGround</altitudeMode><coordinates>12.006362322717905,46.548711759969592,2247.6999999999998</coordinates></Point></Placemark><Placemark><TimeSpan><begin>2026-08-03T12:21:12Z</begin><end>2026-08-03T12:21:17Z</end></TimeSpan><styleUrl>#point</styleUrl><Point><altitudeMode>clampToGround</altitudeMode><coordinates>12.006414793431759,46.548729864880443,2246.7399999999998</coordinates></Point></Placemark><Placemark><TimeSpan><begin>2026-08-03T12:21:17Z</begin><end>2026-08-03T12:21:31Z</end></TimeSpan><styleUrl>#point</styleUrl><Point><altitudeMode>clampToGround</altitudeMode><coordinates>12.006593998521566,46.548805553466082,2245.7800000000002</coordinates></Point></Placemark><Placemark><TimeSpan><begin>2026-08-03T12:21:31Z</begin><end>2026-08-03T12:21:42Z</end></TimeSpan><styleUrl>#point</styleUrl><Point><altitudeMode>clampToGround</altitudeMode><coordinates>12.006731880828738,46.548836231231689,2243.8499999999999</coordinates></Point></Placemark><Placemark><TimeSpan><begin>2026-08-03T12:21:42Z</begin><end>2026-08-03T12:21:52Z</end></TimeSpan><styleUrl>#point</styleUrl><Point><altitudeMode>clampToGround</altitudeMode><coordinates>12.006798852235079,46.54887780547142,2242.4099999999999</coordinates></Point></Placemark><Placemark><TimeSpan><begin>2026-08-03T12:21:52Z</begin><end>2026-08-03T12:21:58Z</end></TimeSpan><styleUrl>#point</styleUrl><Point><altitudeMode>clampToGround</altitudeMode><coordinates>12.006823495030403,46.548913596197963,2240.9699999999998</coordinates></Point></Placemark><Placemark><TimeSpan><begin>2026-08-03T12:21:58Z</begin><end>2026-08-03T12:22:01Z</end></TimeSpan><styleUrl>#point</styleUrl><Point><altitudeMode>clampToGround</altitudeMode><coordinates>12.006820561364293,46.548944693058729,2240.4899999999998</coordinates></Point></Placemark><Placemark><TimeSpan><begin>2026-08-03T12:22:01Z</begin><end>2026-08-03T12:22:14Z</end></TimeSpan><styleUrl>#point</styleUrl><Point><altitudeMode>clampToGround</altitudeMode><coordinates>12.006673207506537,46.548991547897458,2238.0900000000001</coordinates></Point></Placemark><Placemark><TimeSpan><begin>2026-08-03T12:22:14Z</begin><end>2026-08-03T12:22:24Z</end></TimeSpan><styleUrl>#point</styleUrl><Point><altitudeMode>clampToGround</altitudeMode><coordinates>12.00663766823709,46.549014179036021,2237.1300000000001</coordinates></Point></Placemark><Placemark><TimeSpan><begin>2026-08-03T12:22:24Z</begin><end>2026-08-03T12:22:27Z</end></TimeSpan><styleUrl>#point</styleUrl><Point><altitudeMode>clampToGround</altitudeMode><coordinates>12.006605733186007,46.549030104652047,2237.1300000000001</coordinates></Point></Placemark><Placemark><TimeSpan><begin>2026-08-03T12:22:27Z</begin><end>2026-08-03T12:22:42Z</end></TimeSpan><styleUrl>#point</styleUrl><Point><altitudeMode>clampToGround</altitudeMode><coordinates>12.006431054323912,46.549129765480757,2234.7199999999998</coordinates></Point></Placemark><Placemark><TimeSpan><begin>2026-08-03T12:22:42Z</begin><end>2026-08-03T12:22:48Z</end></TimeSpan><styleUrl>#point</styleUrl><Point><altitudeMode>clampToGround</altitudeMode><coordinates>12.006362322717905,46.54917050153017,2233.2800000000002</coordinates></Point></Placemark><Placemark><TimeSpan><begin>2026-08-03T12:22:48Z</begin><end>2026-08-03T12:22:55Z</end></TimeSpan><styleUrl>#point</styleUrl><Point><altitudeMode>clampToGround</altitudeMode><coordinates>12.006297362968326,46.549210734665394,2232.3200000000002</coordinates></Point></Placemark><Placemark><TimeSpan><begin>2026-08-03T12:22:55Z</begin><end>2026-08-03T12:23:06Z</end></TimeSpan><styleUrl>#point</styleUrl><Point><altitudeMode>clampToGround</altitudeMode><coordinates>12.00626433826983,46.549247782677412,2231.3600000000001</coordinates></Point></Placemark><Placemark><TimeSpan><begin>2026-08-03T12:23:06Z</begin><end>2026-08-03T12:23:17Z</end></TimeSpan><styleUrl>#point</styleUrl><Point><altitudeMode>clampToGround</altitudeMode><coordinates>12.006267523393035,46.549249207600951,2231.3600000000001</coordinates></Point></Placemark><Placemark><TimeSpan><begin>2026-08-03T12:23:17Z</begin><end>2026-08-03T12:23:29Z</end></TimeSpan><styleUrl>#point</styleUrl><Point><altitudeMode>clampToGround</altitudeMode><coordinates>12.006139867007732,46.549319112673402,2230.4000000000001</coordinates></Point></Placemark><Placemark><TimeSpan><begin>2026-08-03T12:23:29Z</begin><end>2026-08-03T12:23:38Z</end></TimeSpan><styleUrl>#point</styleUrl><Point><altitudeMode>clampToGround</altitudeMode><coordinates>12.006057053804398,46.549334535375237,2229.4299999999998</coordinates></Point></Placemark><Placemark><TimeSpan><begin>2026-08-03T12:23:38Z</begin><end>2026-08-03T12:23:48Z</end></TimeSpan><styleUrl>#point</styleUrl><Point><altitudeMode>clampToGround</altitudeMode><coordinates>12.005945155397058,46.54939278960228,2228.4699999999998</coordinates></Point></Placemark><Placemark><TimeSpan><begin>2026-08-03T12:23:48Z</begin><end>2026-08-03T12:24:00Z</end></TimeSpan><styleUrl>#point</styleUrl><Point><altitudeMode>clampToGround</altitudeMode><coordinates>12.00585681013763,46.549469903111458,2227.0300000000002</coordinates></Point></Placemark><Placemark><TimeSpan><begin>2026-08-03T12:24:00Z</begin><end>2026-08-03T12:24:10Z</end></TimeSpan><styleUrl>#point</styleUrl><Point><altitudeMode>clampToGround</altitudeMode><coordinates>12.005847925320268,46.549529079347849,2225.5900000000001</coordinates></Point></Placemark><Placemark><TimeSpan><begin>2026-08-03T12:24:10Z</begin><end>2026-08-03T12:24:17Z</end></TimeSpan><styleUrl>#point</styleUrl><Point><altitudeMode>clampToGround</altitudeMode><coordinates>12.005837615579367,46.549584567546844,2224.1500000000001</coordinates></Point></Placemark><Placemark><TimeSpan><begin>2026-08-03T12:24:17Z</begin><end>2026-08-03T12:24:29Z</end></TimeSpan><styleUrl>#point</styleUrl><Point><altitudeMode>clampToGround</altitudeMode><coordinates>12.005819845944643,46.549664698541164,2222.2199999999998</coordinates></Point></Placemark><Placemark><TimeSpan><begin>2026-08-03T12:24:29Z</begin><end>2026-08-03T12:24:38Z</end></TimeSpan><styleUrl>#point</styleUrl><Point><altitudeMode>clampToGround</altitudeMode><coordinates>12.005803333595395,46.549736028537154,2221.2600000000002</coordinates></Point></Placemark><Placemark><TimeSpan><begin>2026-08-03T12:24:38Z</begin><end>2026-08-03T12:24:49Z</end></TimeSpan><styleUrl>#point</styleUrl><Point><altitudeMode>clampToGround</altitudeMode><coordinates>12.005780953913927,46.549791181460023,2219.8200000000002</coordinates></Point></Placemark><Placemark><TimeSpan><begin>2026-08-03T12:24:49Z</begin><end>2026-08-03T12:25:03Z</end></TimeSpan><styleUrl>#point</styleUrl><Point><altitudeMode>clampToGround</altitudeMode><coordinates>12.005771566182375,46.549801407381892,2219.8200000000002</coordinates></Point></Placemark><Placemark><TimeSpan><begin>2026-08-03T12:25:03Z</begin><end>2026-08-03T12:25:14Z</end></TimeSpan><styleUrl>#point</styleUrl><Point><altitudeMode>clampToGround</altitudeMode><coordinates>12.005733177065849,46.549896122887731,2218.8600000000001</coordinates></Point></Placemark><Placemark><TimeSpan><begin>2026-08-03T12:25:14Z</begin><end>2026-08-03T12:25:27Z</end></TimeSpan><styleUrl>#point</styleUrl><Point><altitudeMode>clampToGround</altitudeMode><coordinates>12.005725465714931,46.550018917769194,2215.5</coordinates></Point></Placemark><Placemark><TimeSpan><begin>2026-08-03T12:25:27Z</begin><end>2026-08-03T12:25:38Z</end></TimeSpan><styleUrl>#point</styleUrl><Point><altitudeMode>clampToGround</altitudeMode><coordinates>12.005722615867853,46.550097540020943,2213.5700000000002</coordinates></Point></Placemark><Placemark><TimeSpan><begin>2026-08-03T12:25:38Z</begin><end>2026-08-03T12:25:48Z</end></TimeSpan><styleUrl>#point</styleUrl><Point><altitudeMode>clampToGround</altitudeMode><coordinates>12.005710965022445,46.550168534740806,2211.6500000000001</coordinates></Point></Placemark><Placemark><TimeSpan><begin>2026-08-03T12:25:48Z</begin><end>2026-08-03T12:25:59Z</end></TimeSpan><styleUrl>#point</styleUrl><Point><altitudeMode>clampToGround</altitudeMode><coordinates>12.005691351369023,46.550266267731786,2209.25</coordinates></Point></Placemark><Placemark><TimeSpan><begin>2026-08-03T12:25:59Z</begin><end>2026-08-03T12:26:10Z</end></TimeSpan><styleUrl>#point</styleUrl><Point><altitudeMode>clampToGround</altitudeMode><coordinates>12.005675090476871,46.550355283543468,2206.8400000000001</coordinates></Point></Placemark><Placemark><TimeSpan><begin>2026-08-03T12:26:10Z</begin><end>2026-08-03T12:26:15Z</end></TimeSpan><styleUrl>#point</styleUrl><Point><altitudeMode>clampToGround</altitudeMode><coordinates>12.005671737715602,46.550398198887706,2205.4000000000001</coordinates></Point></Placemark><Placemark><TimeSpan><begin>2026-08-03T12:26:15Z</begin><end>2026-08-03T12:26:25Z</end></TimeSpan><styleUrl>#point</styleUrl><Point><altitudeMode>clampToGround</altitudeMode><coordinates>12.005596803501248,46.550451926887035,2203.96</coordinates></Point></Placemark><Placemark><TimeSpan><begin>2026-08-03T12:26:25Z</begin><end>2026-08-03T12:26:33Z</end></TimeSpan><styleUrl>#point</styleUrl><Point><altitudeMode>clampToGround</altitudeMode><coordinates>12.005576686933637,46.55046877451241,2203</coordinates></Point></Placemark><Placemark><TimeSpan><begin>2026-08-03T12:26:33Z</begin><end>2026-08-03T12:26:34Z</end></TimeSpan><styleUrl>#point</styleUrl><Point><altitudeMode>clampToGround</altitudeMode><coordinates>12.005579117685556,46.550475144758821,2203</coordinates></Point></Placemark><Placemark><TimeSpan><begin>2026-08-03T12:26:34Z</begin><end>2026-08-03T12:26:47Z</end></TimeSpan><styleUrl>#point</styleUrl><Point><altitudeMode>clampToGround</altitudeMode><coordinates>12.005433104932308,46.550584025681019,2201.0799999999999</coordinates></Point></Placemark><Placemark><TimeSpan><begin>2026-08-03T12:26:47Z</begin><end>2026-08-03T12:26:48Z</end></TimeSpan><styleUrl>#point</styleUrl><Point><altitudeMode>clampToGround</altitudeMode><coordinates>12.005415922030807,46.550586288794875,2200.5900000000001</coordinates></Point></Placemark><Placemark><TimeSpan><begin>2026-08-03T12:26:48Z</begin><end>2026-08-03T12:26:59Z</end></TimeSpan><styleUrl>#point</styleUrl><Point><altitudeMode>clampToGround</altitudeMode><coordinates>12.005308130756021,46.550690643489361,2201.0799999999999</coordinates></Point></Placemark><Placemark><TimeSpan><begin>2026-08-03T12:26:59Z</begin><end>2026-08-03T12:27:09Z</end></TimeSpan><styleUrl>#point</styleUrl><Point><altitudeMode>clampToGround</altitudeMode><coordinates>12.005252055823803,46.550766583532095,2200.5900000000001</coordinates></Point></Placemark><Placemark><TimeSpan><begin>2026-08-03T12:27:09Z</begin><end>2026-08-03T12:27:17Z</end></TimeSpan><styleUrl>#point</styleUrl><Point><altitudeMode>clampToGround</altitudeMode><coordinates>12.005240404978395,46.550820814445615,2200.5900000000001</coordinates></Point></Placemark><Placemark><TimeSpan><begin>2026-08-03T12:27:17Z</begin><end>2026-08-03T12:27:19Z</end></TimeSpan><styleUrl>#point</styleUrl><Point><altitudeMode>clampToGround</altitudeMode><coordinates>12.005231603980064,46.550832381471992,2200.5900000000001</coordinates></Point></Placemark><Placemark><TimeSpan><begin>2026-08-03T12:27:19Z</begin><end>2026-08-03T12:27:26Z</end></TimeSpan><styleUrl>#point</styleUrl><Point><altitudeMode>clampToGround</altitudeMode><coordinates>12.005206542089581,46.550906728953123,2200.5900000000001</coordinates></Point></Placemark><Placemark><TimeSpan><begin>2026-08-03T12:27:26Z</begin><end>2026-08-03T12:27:37Z</end></TimeSpan><styleUrl>#point</styleUrl><Point><altitudeMode>clampToGround</altitudeMode><coordinates>12.00523822568357,46.550988536328077,2200.1100000000001</coordinates></Point></Placemark><Placemark><TimeSpan><begin>2026-08-03T12:27:37Z</begin><end>2026-08-03T12:27:47Z</end></TimeSpan><styleUrl>#point</styleUrl><Point><altitudeMode>clampToGround</altitudeMode><coordinates>12.005303520709276,46.551045197993517,2200.1100000000001</coordinates></Point></Placemark><Placemark><TimeSpan><begin>2026-08-03T12:27:47Z</begin><end>2026-08-03T12:27:57Z</end></TimeSpan><styleUrl>#point</styleUrl><Point><altitudeMode>clampToGround</altitudeMode><coordinates>12.005346771329641,46.551087191328406,2200.1100000000001</coordinates></Point></Placemark><Placemark><TimeSpan><begin>2026-08-03T12:27:57Z</begin><end>2026-08-03T12:28:06Z</end></TimeSpan><styleUrl>#point</styleUrl><Point><altitudeMode>clampToGround</altitudeMode><coordinates>12.005374180153012,46.551123736426234,2199.6300000000001</coordinates></Point></Placemark><Placemark><TimeSpan><begin>2026-08-03T12:28:06Z</begin><end>2026-08-03T12:28:15Z</end></TimeSpan><styleUrl>#point</styleUrl><Point><altitudeMode>clampToGround</altitudeMode><coordinates>12.005312908440828,46.551154078915715,2198.1900000000001</coordinates></Point></Placemark><Placemark><TimeSpan><begin>2026-08-03T12:28:15Z</begin><end>2026-08-03T12:28:25Z</end></TimeSpan><styleUrl>#point</styleUrl><Point><altitudeMode>clampToGround</altitudeMode><coordinates>12.005278961732984,46.55120512470603,2196.75</coordinates></Point></Placemark><Placemark><TimeSpan><begin>2026-08-03T12:28:25Z</begin><end>2026-08-03T12:28:35Z</end></TimeSpan><styleUrl>#point</styleUrl><Point><altitudeMode>clampToGround</altitudeMode><coordinates>12.005220204591751,46.551254997029901,2195.79</coordinates></Point></Placemark><Placemark><TimeSpan><begin>2026-08-03T12:28:35Z</begin><end>2026-08-03T12:28:38Z</end></TimeSpan><styleUrl>#point</styleUrl><Point><altitudeMode>clampToGround</altitudeMode><coordinates>12.005191873759031,46.551258685067296,2194.8299999999999</coordinates></Point></Placemark><Placemark><TimeSpan><begin>2026-08-03T12:28:38Z</begin><end>2026-08-03T12:28:48Z</end></TimeSpan><styleUrl>#point</styleUrl><Point><altitudeMode>clampToGround</altitudeMode><coordinates>12.005134038627148,46.551339151337743,2194.8299999999999</coordinates></Point></Placemark><Placemark><TimeSpan><begin>2026-08-03T12:28:48Z</begin><end>2026-08-03T12:28:56Z</end></TimeSpan><styleUrl>#point</styleUrl><Point><altitudeMode>clampToGround</altitudeMode><coordinates>12.005120292305946,46.55140251852572,2194.8299999999999</coordinates></Point></Placemark><Placemark><TimeSpan><begin>2026-08-03T12:28:56Z</begin><end>2026-08-03T12:28:59Z</end></TimeSpan><styleUrl>#point</styleUrl><Point><altitudeMode>clampToGround</altitudeMode><coordinates>12.00510730035603,46.551424479112029,2194.8299999999999</coordinates></Point></Placemark><Placemark><TimeSpan><begin>2026-08-03T12:28:59Z</begin><end>2026-08-03T12:29:08Z</end></TimeSpan><styleUrl>#point</styleUrl><Point><altitudeMode>clampToGround</altitudeMode><coordinates>12.005019122734666,46.551461527124047,2194.8299999999999</coordinates></Point></Placemark><Placemark><TimeSpan><begin>2026-08-03T12:29:08Z</begin><end>2026-08-03T12:29:20Z</end></TimeSpan><styleUrl>#point</styleUrl><Point><altitudeMode>clampToGround</altitudeMode><coordinates>12.004946283996105,46.551523637026548,2196.27</coordinates></Point></Placemark><Placemark><TimeSpan><begin>2026-08-03T12:29:20Z</begin><end>2026-08-03T12:29:29Z</end></TimeSpan><styleUrl>#point</styleUrl><Point><altitudeMode>clampToGround</altitudeMode><coordinates>12.004907308146358,46.551569318398833,2196.27</coordinates></Point></Placemark><Placemark><TimeSpan><begin>2026-08-03T12:29:29Z</begin><end>2026-08-03T12:29:39Z</end></TimeSpan><styleUrl>#point</styleUrl><Point><altitudeMode>clampToGround</altitudeMode><coordinates>12.004915019497275,46.551612988114357,2194.8299999999999</coordinates></Point></Placemark><Placemark><TimeSpan><begin>2026-08-03T12:29:39Z</begin><end>2026-08-03T12:29:48Z</end></TimeSpan><styleUrl>#point</styleUrl><Point><altitudeMode>clampToGround</altitudeMode><coordinates>12.004961287602782,46.55163855291903,2192.9000000000001</coordinates></Point></Placemark><Placemark><TimeSpan><begin>2026-08-03T12:29:48Z</begin><end>2026-08-03T12:29:58Z</end></TimeSpan><styleUrl>#point</styleUrl><Point><altitudeMode>clampToGround</altitudeMode><coordinates>12.005020044744015,46.551690688356757,2191.46</coordinates></Point></Placemark><Placemark><TimeSpan><begin>2026-08-03T12:29:58Z</begin><end>2026-08-03T12:30:12Z</end></TimeSpan><styleUrl>#point</styleUrl><Point><altitudeMode>clampToGround</altitudeMode><coordinates>12.005012249574065,46.551708793267608,2191.46</coordinates></Point></Placemark><Placemark><TimeSpan><begin>2026-08-03T12:30:12Z</begin><end>2026-08-03T12:30:27Z</end></TimeSpan><styleUrl>#point</styleUrl><Point><altitudeMode>clampToGround</altitudeMode><coordinates>12.005062960088253,46.551719438284636,2190.5</coordinates></Point></Placemark><Placemark><TimeSpan><begin>2026-08-03T12:30:27Z</begin><end>2026-08-03T12:30:37Z</end></TimeSpan><styleUrl>#point</styleUrl><Point><altitudeMode>clampToGround</altitudeMode><coordinates>12.005000682547688,46.551726646721363,2190.5</coordinates></Point></Placemark><Placemark><TimeSpan><begin>2026-08-03T12:30:37Z</begin><end>2026-08-03T12:30:51Z</end></TimeSpan><styleUrl>#point</styleUrl><Point><altitudeMode>clampToGround</altitudeMode><coordinates>12.004977464675903,46.551676271483302,2190.5</coordinates></Point></Placemark><Placemark><TimeSpan><begin>2026-08-03T12:30:51Z</begin><end>2026-08-03T12:31:10Z</end></TimeSpan><styleUrl>#point</styleUrl><Point><altitudeMode>clampToGround</altitudeMode><coordinates>12.004943769425154,46.551709044724703,2189.54</coordinates></Point></Placemark><Placemark><TimeSpan><begin>2026-08-03T12:31:10Z</begin><end>2026-08-03T12:31:32Z</end></TimeSpan><styleUrl>#point</styleUrl><Point><altitudeMode>clampToGround</altitudeMode><coordinates>12.004959527403116,46.551661100238562,2189.54</coordinates></Point></Placemark><Placemark><TimeSpan><begin>2026-08-03T12:31:32Z</begin><end>2026-08-03T12:31:54Z</end></TimeSpan><styleUrl>#point</styleUrl><Point><altitudeMode>clampToGround</altitudeMode><coordinates>12.005040161311626,46.551692532375455,2189.54</coordinates></Point></Placemark><Placemark><TimeSpan><begin>2026-08-03T12:31:54Z</begin><end>2026-08-03T12:32:13Z</end></TimeSpan><styleUrl>#point</styleUrl><Point><altitudeMode>clampToGround</altitudeMode><coordinates>12.005043346434832,46.551688257604837,2189.54</coordinates></Point></Placemark><Placemark><TimeSpan><begin>2026-08-03T12:32:13Z</begin><end>2026-08-03T12:32:27Z</end></TimeSpan><styleUrl>#point</styleUrl><Point><altitudeMode>clampToGround</altitudeMode><coordinates>12.005116939544678,46.551693454384804,2189.54</coordinates></Point></Placemark><Placemark><TimeSpan><begin>2026-08-03T12:32:27Z</begin><end>2026-08-03T12:32:48Z</end></TimeSpan><styleUrl>#point</styleUrl><Point><altitudeMode>clampToGround</altitudeMode><coordinates>12.005064385011792,46.551649868488312,2190.02</coordinates></Point></Placemark><Placemark><TimeSpan><begin>2026-08-03T12:32:48Z</begin><end>2026-08-03T12:33:06Z</end></TimeSpan><styleUrl>#point</styleUrl><Point><altitudeMode>clampToGround</altitudeMode><coordinates>12.004913510754704,46.551633607596159,2190.02</coordinates></Point></Placemark><Placemark><TimeSpan><begin>2026-08-03T12:33:06Z</begin><end>2026-08-03T12:33:16Z</end></TimeSpan><styleUrl>#point</styleUrl><Point><altitudeMode>clampToGround</altitudeMode><coordinates>12.004878139123321,46.551637714728713,2190.5</coordinates></Point></Placemark><Placemark><TimeSpan><begin>2026-08-03T12:33:16Z</begin><end>2026-08-03T12:33:28Z</end></TimeSpan><styleUrl>#point</styleUrl><Point><altitudeMode>clampToGround</altitudeMode><coordinates>12.004892472177744,46.551662106066942,2190.5</coordinates></Point></Placemark><Placemark><TimeSpan><begin>2026-08-03T12:33:28Z</begin><end>2026-08-03T12:33:37Z</end></TimeSpan><styleUrl>#point</styleUrl><Point><altitudeMode>clampToGround</altitudeMode><coordinates>12.004837319254875,46.551640396937728,2190.5</coordinates></Point></Placemark><Placemark><TimeSpan><begin>2026-08-03T12:33:37Z</begin><end>2026-08-03T12:33:45Z</end></TimeSpan><styleUrl>#point</styleUrl><Point><altitudeMode>clampToGround</altitudeMode><coordinates>12.004779567942023,46.551625728607178,2191.9400000000001</coordinates></Point></Placemark><Placemark><TimeSpan><begin>2026-08-03T12:33:45Z</begin><end>2026-08-03T12:33:56Z</end></TimeSpan><styleUrl>#point</styleUrl><Point><altitudeMode>clampToGround</altitudeMode><coordinates>12.004807395860553,46.551561942324042,2193.3899999999999</coordinates></Point></Placemark><Placemark><TimeSpan><begin>2026-08-03T12:33:56Z</begin><end>2026-08-03T12:34:06Z</end></TimeSpan><styleUrl>#point</styleUrl><Point><altitudeMode>clampToGround</altitudeMode><coordinates>12.004858693107963,46.551492372527719,2194.3499999999999</coordinates></Point></Placemark><Placemark><TimeSpan><begin>2026-08-03T12:34:06Z</begin><end>2026-08-03T12:34:16Z</end></TimeSpan><styleUrl>#point</styleUrl><Point><altitudeMode>clampToGround</altitudeMode><coordinates>12.004875624552369,46.55142112635076,2194.8299999999999</coordinates></Point></Placemark><Placemark><TimeSpan><begin>2026-08-03T12:34:16Z</begin><end>2026-08-03T12:34:25Z</end></TimeSpan><styleUrl>#point</styleUrl><Point><altitudeMode>clampToGround</altitudeMode><coordinates>12.004895154386759,46.551361028105021,2195.3099999999999</coordinates></Point></Placemark><Placemark><TimeSpan><begin>2026-08-03T12:34:25Z</begin><end>2026-08-03T12:34:33Z</end></TimeSpan><styleUrl>#point</styleUrl><Point><altitudeMode>clampToGround</altitudeMode><coordinates>12.004860620945692,46.551308473572135,2196.75</coordinates></Point></Placemark><Placemark><TimeSpan><begin>2026-08-03T12:34:33Z</begin><end>2026-08-03T12:34:34Z</end></TimeSpan><styleUrl>#point</styleUrl><Point><altitudeMode>clampToGround</altitudeMode><coordinates>12.004852490499616,46.551303192973137,2196.75</coordinates></Point></Placemark><Placemark><TimeSpan><begin>2026-08-03T12:34:34Z</begin><end>2026-08-03T12:34:43Z</end></TimeSpan><styleUrl>#point</styleUrl><Point><altitudeMode>clampToGround</altitudeMode><coordinates>12.004880905151367,46.551238317042589,2196.75</coordinates></Point></Placemark><Placemark><TimeSpan><begin>2026-08-03T12:34:43Z</begin><end>2026-08-03T12:34:52Z</end></TimeSpan><styleUrl>#point</styleUrl><Point><altitudeMode>clampToGround</altitudeMode><coordinates>12.004905547946692,46.551163969561458,2196.75</coordinates></Point></Placemark><Placemark><TimeSpan><begin>2026-08-03T12:34:52Z</begin><end>2026-08-03T12:34:53Z</end></TimeSpan><styleUrl>#point</styleUrl><Point><altitudeMode>clampToGround</altitudeMode><coordinates>12.004911666736007,46.551156593486667,2196.75</coordinates></Point></Placemark><Placemark><TimeSpan><begin>2026-08-03T12:34:53Z</begin><end>2026-08-03T12:35:02Z</end></TimeSpan><styleUrl>#point</styleUrl><Point><altitudeMode>clampToGround</altitudeMode><coordinates>12.004991797730327,46.551103703677654,2197.23</coordinates></Point></Placemark><Placemark><TimeSpan><begin>2026-08-03T12:35:02Z</begin><end>2026-08-03T12:35:03Z</end></TimeSpan><styleUrl>#point</styleUrl><Point><altitudeMode>clampToGround</altitudeMode><coordinates>12.004998167976737,46.5510995965451,2197.23</coordinates></Point></Placemark><Placemark><TimeSpan><begin>2026-08-03T12:35:03Z</begin><end>2026-08-03T12:35:13Z</end></TimeSpan><styleUrl>#point</styleUrl><Point><altitudeMode>clampToGround</altitudeMode><coordinates>12.005039071664214,46.551019214093685,2197.23</coordinates></Point></Placemark><Placemark><TimeSpan><begin>2026-08-03T12:35:13Z</begin><end>2026-08-03T12:35:19Z</end></TimeSpan><styleUrl>#point</styleUrl><Point><altitudeMode>clampToGround</altitudeMode><coordinates>12.005075113847852,46.550974873825908,2197.71</coordinates></Point></Placemark><Placemark><TimeSpan><begin>2026-08-03T12:35:19Z</begin><end>2026-08-03T12:35:24Z</end></TimeSpan><styleUrl>#point</styleUrl><Point><altitudeMode>clampToGround</altitudeMode><coordinates>12.005131272599101,46.550945034250617,2197.71</coordinates></Point></Placemark><Placemark><TimeSpan><begin>2026-08-03T12:35:24Z</begin><end>2026-08-03T12:35:34Z</end></TimeSpan><styleUrl>#point</styleUrl><Point><altitudeMode>clampToGround</altitudeMode><coordinates>12.005236130207777,46.550896167755127,2197.71</coordinates></Point></Placemark><Placemark><TimeSpan><begin>2026-08-03T12:35:34Z</begin><end>2026-08-03T12:35:45Z</end></TimeSpan><styleUrl>#point</styleUrl><Point><altitudeMode>clampToGround</altitudeMode><coordinates>12.005268316715956,46.550830621272326,2197.71</coordinates></Point></Placemark><Placemark><TimeSpan><begin>2026-08-03T12:35:45Z</begin><end>2026-08-03T12:35:54Z</end></TimeSpan><styleUrl>#point</styleUrl><Point><altitudeMode>clampToGround</altitudeMode><coordinates>12.005252558737993,46.550766164436936,2197.71</coordinates></Point></Placemark><Placemark><TimeSpan><begin>2026-08-03T12:35:54Z</begin><end>2026-08-03T12:36:04Z</end></TimeSpan><styleUrl>#point</styleUrl><Point><altitudeMode>clampToGround</altitudeMode><coordinates>12.005285499617457,46.550705563277006,2197.71</coordinates></Point></Placemark><Placemark><TimeSpan><begin>2026-08-03T12:36:04Z</begin><end>2026-08-03T12:36:10Z</end></TimeSpan><styleUrl>#point</styleUrl><Point><altitudeMode>clampToGround</altitudeMode><coordinates>12.005320452153683,46.550653092563152,2197.71</coordinates></Point></Placemark><Placemark><TimeSpan><begin>2026-08-03T12:36:10Z</begin><end>2026-08-03T12:36:22Z</end></TimeSpan><styleUrl>#point</styleUrl><Point><altitudeMode>clampToGround</altitudeMode><coordinates>12.005401505157351,46.550571117550135,2197.71</coordinates></Point></Placemark><Placemark><TimeSpan><begin>2026-08-03T12:36:22Z</begin><end>2026-08-03T12:36:25Z</end></TimeSpan><styleUrl>#point</styleUrl><Point><altitudeMode>clampToGround</altitudeMode><coordinates>12.005450371652842,46.550562987104058,2197.71</coordinates></Point></Placemark><Placemark><TimeSpan><begin>2026-08-03T12:36:25Z</begin><end>2026-08-03T12:36:27Z</end></TimeSpan><styleUrl>#point</styleUrl><Point><altitudeMode>clampToGround</altitudeMode><coordinates>12.005476774647832,46.550551168620586,2197.71</coordinates></Point></Placemark><Placemark><TimeSpan><begin>2026-08-03T12:36:27Z</begin><end>2026-08-03T12:36:29Z</end></TimeSpan><styleUrl>#point</styleUrl><Point><altitudeMode>clampToGround</altitudeMode><coordinates>12.005505105480552,46.55054060742259,2197.71</coordinates></Point></Placemark><Placemark><TimeSpan><begin>2026-08-03T12:36:29Z</begin><end>2026-08-03T12:36:41Z</end></TimeSpan><styleUrl>#point</styleUrl><Point><altitudeMode>clampToGround</altitudeMode><coordinates>12.005537627264857,46.550448406487703,2198.6700000000001</coordinates></Point></Placemark><Placemark><TimeSpan><begin>2026-08-03T12:36:41Z</begin><end>2026-08-03T12:37:01Z</end></TimeSpan><styleUrl>#point</styleUrl><Point><altitudeMode>clampToGround</altitudeMode><coordinates>12.005508542060852,46.550453351810575,2199.1500000000001</coordinates></Point></Placemark><Placemark><TimeSpan><begin>2026-08-03T12:37:01Z</begin><end>2026-08-03T12:37:15Z</end></TimeSpan><styleUrl>#point</styleUrl><Point><altitudeMode>clampToGround</altitudeMode><coordinates>12.005517091602087,46.550450418144464,2199.1500000000001</coordinates></Point></Placemark><Placemark><TimeSpan><begin>2026-08-03T12:37:15Z</begin><end>2026-08-03T12:37:30Z</end></TimeSpan><styleUrl>#point</styleUrl><Point><altitudeMode>clampToGround</altitudeMode><coordinates>12.005528071895242,46.550450334325433,2199.1500000000001</coordinates></Point></Placemark><Placemark><TimeSpan><begin>2026-08-03T12:37:30Z</begin><end>2026-08-03T12:37:48Z</end></TimeSpan><styleUrl>#point</styleUrl><Point><altitudeMode>clampToGround</altitudeMode><coordinates>12.005534861236811,46.550455447286367,2199.1500000000001</coordinates></Point></Placemark><Placemark><TimeSpan><begin>2026-08-03T12:37:48Z</begin><end>2026-08-03T12:38:01Z</end></TimeSpan><styleUrl>#point</styleUrl><Point><altitudeMode>clampToGround</altitudeMode><coordinates>12.005508793517947,46.550455614924431,2199.1500000000001</coordinates></Point></Placemark><Placemark><TimeSpan><begin>2026-08-03T12:38:01Z</begin><end>2026-08-03T12:38:07Z</end></TimeSpan><styleUrl>#point</styleUrl><Point><altitudeMode>clampToGround</altitudeMode><coordinates>12.005503680557013,46.550431307405233,2199.1500000000001</coordinates></Point></Placemark><Placemark><TimeSpan><begin>2026-08-03T12:38:07Z</begin><end>2026-08-03T12:38:18Z</end></TimeSpan><styleUrl>#point</styleUrl><Point><altitudeMode>clampToGround</altitudeMode><coordinates>12.005473840981722,46.550360396504402,2199.1500000000001</coordinates></Point></Placemark><Placemark><TimeSpan><begin>2026-08-03T12:38:18Z</begin><end>2026-08-03T12:38:27Z</end></TimeSpan><styleUrl>#point</styleUrl><Point><altitudeMode>clampToGround</altitudeMode><coordinates>12.005466381087899,46.550322929397225,2199.1500000000001</coordinates></Point></Placemark><Placemark><TimeSpan><begin>2026-08-03T12:38:27Z</begin><end>2026-08-03T12:38:36Z</end></TimeSpan><styleUrl>#point</styleUrl><Point><altitudeMode>clampToGround</altitudeMode><coordinates>12.005465794354677,46.550279930233955,2197.23</coordinates></Point></Placemark><Placemark><TimeSpan><begin>2026-08-03T12:38:36Z</begin><end>2026-08-03T12:38:44Z</end></TimeSpan><styleUrl>#point</styleUrl><Point><altitudeMode>clampToGround</altitudeMode><coordinates>12.005437044426799,46.550251767039299,2195.79</coordinates></Point></Placemark><Placemark><TimeSpan><begin>2026-08-03T12:38:44Z</begin><end>2026-08-03T12:38:55Z</end></TimeSpan><styleUrl>#point</styleUrl><Point><altitudeMode>clampToGround</altitudeMode><coordinates>12.005385747179389,46.550202732905746,2193.8699999999999</coordinates></Point></Placemark><Placemark><TimeSpan><begin>2026-08-03T12:38:55Z</begin><end>2026-08-03T12:39:06Z</end></TimeSpan><styleUrl>#point</styleUrl><Point><altitudeMode>clampToGround</altitudeMode><coordinates>12.005324810743332,46.550139868631959,2191.46</coordinates></Point></Placemark><Placemark><TimeSpan><begin>2026-08-03T12:39:06Z</begin><end>2026-08-03T12:39:18Z</end></TimeSpan><styleUrl>#point</styleUrl><Point><altitudeMode>clampToGround</altitudeMode><coordinates>12.005257084965706,46.55006711371243,2189.54</coordinates></Point></Placemark><Placemark><TimeSpan><begin>2026-08-03T12:39:18Z</begin><end>2026-08-03T12:39:28Z</end></TimeSpan><styleUrl>#point</styleUrl><Point><altitudeMode>clampToGround</altitudeMode><coordinates>12.005225569009781,46.55006711371243,2188.0999999999999</coordinates></Point></Placemark><Placemark><TimeSpan><begin>2026-08-03T12:39:28Z</begin><end>2026-08-03T12:39:38Z</end></TimeSpan><styleUrl>#point</styleUrl><Point><altitudeMode>clampToGround</altitudeMode><coordinates>12.005201345309615,46.550110280513763,2187.1399999999999</coordinates></Point></Placemark><Placemark><TimeSpan><begin>2026-08-03T12:39:38Z</begin><end>2026-08-03T12:39:47Z</end></TimeSpan><styleUrl>#point</styleUrl><Point><altitudeMode>clampToGround</altitudeMode><coordinates>12.005187766626477,46.550134588032961,2185.6900000000001</coordinates></Point></Placemark><Placemark><TimeSpan><begin>2026-08-03T12:39:47Z</begin><end>2026-08-03T12:39:57Z</end></TimeSpan><styleUrl>#point</styleUrl><Point><altitudeMode>clampToGround</altitudeMode><coordinates>12.005185252055526,46.550179347395897,2184.25</coordinates></Point></Placemark><Placemark><TimeSpan><begin>2026-08-03T12:39:57Z</begin><end>2026-08-03T12:40:08Z</end></TimeSpan><styleUrl>#point</styleUrl><Point><altitudeMode>clampToGround</altitudeMode><coordinates>12.005183240398765,46.550219748169184,2182.8099999999999</coordinates></Point></Placemark><Placemark><TimeSpan><begin>2026-08-03T12:40:08Z</begin><end>2026-08-03T12:40:19Z</end></TimeSpan><styleUrl>#point</styleUrl><Point><altitudeMode>clampToGround</altitudeMode><coordinates>12.005185503512621,46.550229219719768,2182.3299999999999</coordinates></Point></Placemark><Placemark><TimeSpan><begin>2026-08-03T12:40:19Z</begin><end>2026-08-03T12:40:29Z</end></TimeSpan><styleUrl>#point</styleUrl><Point><altitudeMode>clampToGround</altitudeMode><coordinates>12.005144348368049,46.550245815888047,2180.8899999999999</coordinates></Point></Placemark><Placemark><TimeSpan><begin>2026-08-03T12:40:29Z</begin><end>2026-08-03T12:40:37Z</end></TimeSpan><styleUrl>#point</styleUrl><Point><altitudeMode>clampToGround</altitudeMode><coordinates>12.005093051120639,46.550275236368179,2179.4499999999998</coordinates></Point></Placemark><Placemark><TimeSpan><begin>2026-08-03T12:40:37Z</begin><end>2026-08-03T12:40:46Z</end></TimeSpan><styleUrl>#point</styleUrl><Point><altitudeMode>clampToGround</altitudeMode><coordinates>12.005067821592093,46.550296191126108,2178</coordinates></Point></Placemark><Placemark><TimeSpan><begin>2026-08-03T12:40:46Z</begin><end>2026-08-03T12:40:57Z</end></TimeSpan><styleUrl>#point</styleUrl><Point><altitudeMode>clampToGround</altitudeMode><coordinates>12.005054326727986,46.550353774800897,2176.5599999999999</coordinates></Point></Placemark><Placemark><TimeSpan><begin>2026-08-03T12:40:57Z</begin><end>2026-08-03T12:41:08Z</end></TimeSpan><styleUrl>#point</styleUrl><Point><altitudeMode>clampToGround</altitudeMode><coordinates>12.004998670890927,46.550388727337122,2174.1599999999999</coordinates></Point></Placemark><Placemark><TimeSpan><begin>2026-08-03T12:41:08Z</begin><end>2026-08-03T12:41:19Z</end></TimeSpan><styleUrl>#point</styleUrl><Point><altitudeMode>clampToGround</altitudeMode><coordinates>12.004950307309628,46.550402138382196,2172.7199999999998</coordinates></Point></Placemark><Placemark><TimeSpan><begin>2026-08-03T12:41:19Z</begin><end>2026-08-03T12:41:24Z</end></TimeSpan><styleUrl>#point</styleUrl><Point><altitudeMode>clampToGround</altitudeMode><coordinates>12.004921222105622,46.550403647124767,2172.2399999999998</coordinates></Point></Placemark><Placemark><TimeSpan><begin>2026-08-03T12:41:24Z</begin><end>2026-08-03T12:41:33Z</end></TimeSpan><styleUrl>#point</styleUrl><Point><altitudeMode>clampToGround</altitudeMode><coordinates>12.004865817725658,46.550402138382196,2171.27</coordinates></Point></Placemark><Placemark><TimeSpan><begin>2026-08-03T12:41:33Z</begin><end>2026-08-03T12:41:45Z</end></TimeSpan><styleUrl>#point</styleUrl><Point><altitudeMode>clampToGround</altitudeMode><coordinates>12.004779735580087,46.550470367074013,2169.3499999999999</coordinates></Point></Placemark><Placemark><TimeSpan><begin>2026-08-03T12:41:45Z</begin><end>2026-08-03T12:41:54Z</end></TimeSpan><styleUrl>#point</styleUrl><Point><altitudeMode>clampToGround</altitudeMode><coordinates>12.004734892398119,46.550533901900053,2167.4299999999998</coordinates></Point></Placemark><Placemark><TimeSpan><begin>2026-08-03T12:41:54Z</begin><end>2026-08-03T12:42:05Z</end></TimeSpan><styleUrl>#point</styleUrl><Point><altitudeMode>clampToGround</altitudeMode><coordinates>12.004685271531343,46.55054647475481,2166.9499999999998</coordinates></Point></Placemark><Placemark><TimeSpan><begin>2026-08-03T12:42:05Z</begin><end>2026-08-03T12:42:27Z</end></TimeSpan><styleUrl>#point</styleUrl><Point><altitudeMode>clampToGround</altitudeMode><coordinates>12.004706980660558,46.550571536645293,2166.4699999999998</coordinates></Point></Placemark><Placemark><TimeSpan><begin>2026-08-03T12:42:27Z</begin><end>2026-08-03T12:42:41Z</end></TimeSpan><styleUrl>#point</styleUrl><Point><altitudeMode>clampToGround</altitudeMode><coordinates>12.004675883799791,46.550592575222254,2165.5100000000002</coordinates></Point></Placemark><Placemark><TimeSpan><begin>2026-08-03T12:42:41Z</begin><end>2026-08-03T12:42:51Z</end></TimeSpan><styleUrl>#point</styleUrl><Point><altitudeMode>clampToGround</altitudeMode><coordinates>12.004651911556721,46.550605231896043,2164.0599999999999</coordinates></Point></Placemark><Placemark><TimeSpan><begin>2026-08-03T12:42:51Z</begin><end>2026-08-03T12:43:00Z</end></TimeSpan><styleUrl>#point</styleUrl><Point><altitudeMode>clampToGround</altitudeMode><coordinates>12.004643948748708,46.550541277974844,2161.6599999999999</coordinates></Point></Placemark><Placemark><TimeSpan><begin>2026-08-03T12:43:00Z</begin><end>2026-08-03T12:43:08Z</end></TimeSpan><styleUrl>#point</styleUrl><Point><altitudeMode>clampToGround</altitudeMode><coordinates>12.004609415307641,46.550567261874676,2160.6999999999998</coordinates></Point></Placemark><Placemark><TimeSpan><begin>2026-08-03T12:43:08Z</begin><end>2026-08-03T12:43:09Z</end></TimeSpan><styleUrl>#point</styleUrl><Point><altitudeMode>clampToGround</altitudeMode><coordinates>12.004596758633852,46.550565585494041,2160.2199999999998</coordinates></Point></Placemark><Placemark><TimeSpan><begin>2026-08-03T12:43:09Z</begin><end>2026-08-03T12:43:19Z</end></TimeSpan><styleUrl>#point</styleUrl><Point><altitudeMode>clampToGround</altitudeMode><coordinates>12.004573373124003,46.550509678199887,2157.3400000000001</coordinates></Point></Placemark><Placemark><TimeSpan><begin>2026-08-03T12:43:19Z</begin><end>2026-08-03T12:43:28Z</end></TimeSpan><styleUrl>#point</styleUrl><Point><altitudeMode>clampToGround</altitudeMode><coordinates>12.004570607095957,46.550451423972845,2154.4499999999998</coordinates></Point></Placemark><Placemark><TimeSpan><begin>2026-08-03T12:43:28Z</begin><end>2026-08-03T12:43:38Z</end></TimeSpan><styleUrl>#point</styleUrl><Point><altitudeMode>clampToGround</altitudeMode><coordinates>12.004499528557062,46.550496099516749,2152.5300000000002</coordinates></Point></Placemark><Placemark><TimeSpan><begin>2026-08-03T12:43:38Z</begin><end>2026-08-03T12:43:48Z</end></TimeSpan><styleUrl>#point</styleUrl><Point><altitudeMode>clampToGround</altitudeMode><coordinates>12.004485782235861,46.550515964627266,2151.5700000000002</coordinates></Point></Placemark><Placemark><TimeSpan><begin>2026-08-03T12:43:48Z</begin><end>2026-08-03T12:43:56Z</end></TimeSpan><styleUrl>#point</styleUrl><Point><altitudeMode>clampToGround</altitudeMode><coordinates>12.004438592121005,46.550520993769169,2150.6100000000001</coordinates></Point></Placemark><Placemark><TimeSpan><begin>2026-08-03T12:43:56Z</begin><end>2026-08-03T12:44:05Z</end></TimeSpan><styleUrl>#point</styleUrl><Point><altitudeMode>clampToGround</altitudeMode><coordinates>12.004421828314662,46.550516886636615,2150.1300000000001</coordinates></Point></Placemark><Placemark><TimeSpan><begin>2026-08-03T12:44:05Z</begin><end>2026-08-03T12:44:14Z</end></TimeSpan><styleUrl>#point</styleUrl><Point><altitudeMode>clampToGround</altitudeMode><coordinates>12.004415709525347,46.550561562180519,2149.1599999999999</coordinates></Point></Placemark><Placemark><TimeSpan><begin>2026-08-03T12:44:14Z</begin><end>2026-08-03T12:44:24Z</end></TimeSpan><styleUrl>#point</styleUrl><Point><altitudeMode>clampToGround</altitudeMode><coordinates>12.004334488883615,46.550615206360817,2145.8000000000002</coordinates></Point></Placemark><Placemark><TimeSpan><begin>2026-08-03T12:44:24Z</begin><end>2026-08-03T12:44:37Z</end></TimeSpan><styleUrl>#point</styleUrl><Point><altitudeMode>clampToGround</altitudeMode><coordinates>12.004249077290297,46.550672622397542,2143.4000000000001</coordinates></Point></Placemark><Placemark><TimeSpan><begin>2026-08-03T12:44:37Z</begin><end>2026-08-03T12:44:46Z</end></TimeSpan><styleUrl>#point</styleUrl><Point><altitudeMode>clampToGround</altitudeMode><coordinates>12.004206329584122,46.55065250582993,2142.9200000000001</coordinates></Point></Placemark><Placemark><TimeSpan><begin>2026-08-03T12:44:46Z</begin><end>2026-08-03T12:44:56Z</end></TimeSpan><styleUrl>#point</styleUrl><Point><altitudeMode>clampToGround</altitudeMode><coordinates>12.004224015399814,46.550606405362487,2140.9899999999998</coordinates></Point></Placemark><Placemark><TimeSpan><begin>2026-08-03T12:44:56Z</begin><end>2026-08-03T12:45:06Z</end></TimeSpan><styleUrl>#point</styleUrl><Point><altitudeMode>clampToGround</altitudeMode><coordinates>12.004217142239213,46.550552509725094,2139.0700000000002</coordinates></Point></Placemark><Placemark><TimeSpan><begin>2026-08-03T12:45:06Z</begin><end>2026-08-03T12:45:18Z</end></TimeSpan><styleUrl>#point</styleUrl><Point><altitudeMode>clampToGround</altitudeMode><coordinates>12.004161486402154,46.550615122541785,2136.6700000000001</coordinates></Point></Placemark><Placemark><TimeSpan><begin>2026-08-03T12:45:18Z</begin><end>2026-08-03T12:45:26Z</end></TimeSpan><styleUrl>#point</styleUrl><Point><altitudeMode>clampToGround</altitudeMode><coordinates>12.004144806414843,46.550587797537446,2135.71</coordinates></Point></Placemark><Placemark><TimeSpan><begin>2026-08-03T12:45:26Z</begin><end>2026-08-03T12:45:38Z</end></TimeSpan><styleUrl>#point</styleUrl><Point><altitudeMode>clampToGround</altitudeMode><coordinates>12.004169449210167,46.550515042617917,2133.3000000000002</coordinates></Point></Placemark><Placemark><TimeSpan><begin>2026-08-03T12:45:38Z</begin><end>2026-08-03T12:45:49Z</end></TimeSpan><styleUrl>#point</styleUrl><Point><altitudeMode>clampToGround</altitudeMode><coordinates>12.004107758402824,46.550505319610238,2131.3800000000001</coordinates></Point></Placemark><Placemark><TimeSpan><begin>2026-08-03T12:45:49Z</begin><end>2026-08-03T12:45:57Z</end></TimeSpan><styleUrl>#point</styleUrl><Point><altitudeMode>clampToGround</altitudeMode><coordinates>12.004063837230206,46.550515545532107,2130.4200000000001</coordinates></Point></Placemark><Placemark><TimeSpan><begin>2026-08-03T12:45:57Z</begin><end>2026-08-03T12:46:07Z</end></TimeSpan><styleUrl>#point</styleUrl><Point><altitudeMode>clampToGround</altitudeMode><coordinates>12.004038356244564,46.550558460876346,2128.5</coordinates></Point></Placemark><Placemark><TimeSpan><begin>2026-08-03T12:46:07Z</begin><end>2026-08-03T12:46:15Z</end></TimeSpan><styleUrl>#point</styleUrl><Point><altitudeMode>clampToGround</altitudeMode><coordinates>12.003988483920693,46.550547229126096,2127.0500000000002</coordinates></Point></Placemark><Placemark><TimeSpan><begin>2026-08-03T12:46:15Z</begin><end>2026-08-03T12:46:24Z</end></TimeSpan><styleUrl>#point</styleUrl><Point><altitudeMode>clampToGround</altitudeMode><coordinates>12.003963841125369,46.550569608807564,2126.0900000000001</coordinates></Point></Placemark><Placemark><TimeSpan><begin>2026-08-03T12:46:24Z</begin><end>2026-08-03T12:46:33Z</end></TimeSpan><styleUrl>#point</styleUrl><Point><altitudeMode>clampToGround</altitudeMode><coordinates>12.003912879154086,46.550574051216245,2124.6500000000001</coordinates></Point></Placemark><Placemark><TimeSpan><begin>2026-08-03T12:46:33Z</begin><end>2026-08-03T12:46:43Z</end></TimeSpan><styleUrl>#point</styleUrl><Point><altitudeMode>clampToGround</altitudeMode><coordinates>12.003900306299329,46.550579080358148,2124.6500000000001</coordinates></Point></Placemark><Placemark><TimeSpan><begin>2026-08-03T12:46:43Z</begin><end>2026-08-03T12:46:55Z</end></TimeSpan><styleUrl>#point</styleUrl><Point><altitudeMode>clampToGround</altitudeMode><coordinates>12.003924194723368,46.550564076751471,2124.6500000000001</coordinates></Point></Placemark><Placemark><TimeSpan><begin>2026-08-03T12:46:55Z</begin><end>2026-08-03T12:47:11Z</end></TimeSpan><styleUrl>#point</styleUrl><Point><altitudeMode>clampToGround</altitudeMode><coordinates>12.003950849175453,46.55058947391808,2123.6900000000001</coordinates></Point></Placemark><Placemark><TimeSpan><begin>2026-08-03T12:47:11Z</begin><end>2026-08-03T12:47:21Z</end></TimeSpan><styleUrl>#point</styleUrl><Point><altitudeMode>clampToGround</altitudeMode><coordinates>12.003916315734386,46.550625264644623,2123.21</coordinates></Point></Placemark><Placemark><TimeSpan><begin>2026-08-03T12:47:21Z</begin><end>2026-08-03T12:47:29Z</end></TimeSpan><styleUrl>#point</styleUrl><Point><altitudeMode>clampToGround</altitudeMode><coordinates>12.003873148933053,46.550656193867326,2122.25</coordinates></Point></Placemark><Placemark><TimeSpan><begin>2026-08-03T12:47:29Z</begin><end>2026-08-03T12:47:38Z</end></TimeSpan><styleUrl>#point</styleUrl><Point><altitudeMode>clampToGround</altitudeMode><coordinates>12.003845488652587,46.550693660974503,2120.3200000000002</coordinates></Point></Placemark><Placemark><TimeSpan><begin>2026-08-03T12:47:38Z</begin><end>2026-08-03T12:47:43Z</end></TimeSpan><styleUrl>#point</styleUrl><Point><altitudeMode>clampToGround</altitudeMode><coordinates>12.003831909969449,46.550673879683018,2119.3600000000001</coordinates></Point></Placemark><Placemark><TimeSpan><begin>2026-08-03T12:47:43Z</begin><end>2026-08-03T12:47:53Z</end></TimeSpan><styleUrl>#point</styleUrl><Point><altitudeMode>clampToGround</altitudeMode><coordinates>12.003834424540401,46.550658456981182,2117.9200000000001</coordinates></Point></Placemark><Placemark><TimeSpan><begin>2026-08-03T12:47:53Z</begin><end>2026-08-03T12:48:03Z</end></TimeSpan><styleUrl>#point</styleUrl><Point><altitudeMode>clampToGround</altitudeMode><coordinates>12.003801483660936,46.550736827775836,2116.48</coordinates></Point></Placemark><Placemark><TimeSpan><begin>2026-08-03T12:48:03Z</begin><end>2026-08-03T12:48:13Z</end></TimeSpan><styleUrl>#point</styleUrl><Point><altitudeMode>clampToGround</altitudeMode><coordinates>12.003749348223209,46.550786532461643,2114.5599999999999</coordinates></Point></Placemark><Placemark><TimeSpan><begin>2026-08-03T12:48:13Z</begin><end>2026-08-03T12:48:21Z</end></TimeSpan><styleUrl>#point</styleUrl><Point><altitudeMode>clampToGround</altitudeMode><coordinates>12.003745324909687,46.550847049802542,2112.6300000000001</coordinates></Point></Placemark><Placemark><TimeSpan><begin>2026-08-03T12:48:21Z</begin><end>2026-08-03T12:48:30Z</end></TimeSpan><styleUrl>#point</styleUrl><Point><altitudeMode>clampToGround</altitudeMode><coordinates>12.00368732213974,46.550820479169488,2111.1900000000001</coordinates></Point></Placemark><Placemark><TimeSpan><begin>2026-08-03T12:48:30Z</begin><end>2026-08-03T12:48:43Z</end></TimeSpan><styleUrl>#point</styleUrl><Point><altitudeMode>clampToGround</altitudeMode><coordinates>12.003639880567789,46.550789969041944,2110.23</coordinates></Point></Placemark><Placemark><TimeSpan><begin>2026-08-03T12:48:43Z</begin><end>2026-08-03T12:48:54Z</end></TimeSpan><styleUrl>#point</styleUrl><Point><altitudeMode>clampToGround</altitudeMode><coordinates>12.003602497279644,46.550739509984851,2108.79</coordinates></Point></Placemark><Placemark><TimeSpan><begin>2026-08-03T12:48:54Z</begin><end>2026-08-03T12:49:03Z</end></TimeSpan><styleUrl>#point</styleUrl><Point><altitudeMode>clampToGround</altitudeMode><coordinates>12.003580117598176,46.550741605460644,2107.8299999999999</coordinates></Point></Placemark><Placemark><TimeSpan><begin>2026-08-03T12:49:03Z</begin><end>2026-08-03T12:49:13Z</end></TimeSpan><styleUrl>#point</styleUrl><Point><altitudeMode>clampToGround</altitudeMode><coordinates>12.003568382933736,46.550791310146451,2106.3899999999999</coordinates></Point></Placemark><Placemark><TimeSpan><begin>2026-08-03T12:49:13Z</begin><end>2026-08-03T12:49:22Z</end></TimeSpan><styleUrl>#point</styleUrl><Point><altitudeMode>clampToGround</altitudeMode><coordinates>12.003552624955773,46.550847804173827,2104.9400000000001</coordinates></Point></Placemark><Placemark><TimeSpan><begin>2026-08-03T12:49:22Z</begin><end>2026-08-03T12:49:31Z</end></TimeSpan><styleUrl>#point</styleUrl><Point><altitudeMode>clampToGround</altitudeMode><coordinates>12.003503339365125,46.550875212997198,2103.98</coordinates></Point></Placemark><Placemark><TimeSpan><begin>2026-08-03T12:49:31Z</begin><end>2026-08-03T12:49:40Z</end></TimeSpan><styleUrl>#point</styleUrl><Point><altitudeMode>clampToGround</altitudeMode><coordinates>12.003479786217213,46.550901532173157,2102.0599999999999</coordinates></Point></Placemark><Placemark><TimeSpan><begin>2026-08-03T12:49:40Z</begin><end>2026-08-03T12:49:50Z</end></TimeSpan><styleUrl>#point</styleUrl><Point><altitudeMode>clampToGround</altitudeMode><coordinates>12.003440139815211,46.550897592678666,2100.1399999999999</coordinates></Point></Placemark><Placemark><TimeSpan><begin>2026-08-03T12:49:50Z</begin><end>2026-08-03T12:49:59Z</end></TimeSpan><styleUrl>#point</styleUrl><Point><altitudeMode>clampToGround</altitudeMode><coordinates>12.003423878923059,46.550940424203873,2099.1799999999998</coordinates></Point></Placemark><Placemark><TimeSpan><begin>2026-08-03T12:49:59Z</begin><end>2026-08-03T12:50:08Z</end></TimeSpan><styleUrl>#point</styleUrl><Point><altitudeMode>clampToGround</altitudeMode><coordinates>12.003418682143092,46.550970682874322,2098.6999999999998</coordinates></Point></Placemark><Placemark><TimeSpan><begin>2026-08-03T12:50:08Z</begin><end>2026-08-03T12:50:15Z</end></TimeSpan><styleUrl>#point</styleUrl><Point><altitudeMode>clampToGround</altitudeMode><coordinates>12.003404684364796,46.550989877432585,2097.73</coordinates></Point></Placemark><Placemark><TimeSpan><begin>2026-08-03T12:50:15Z</begin><end>2026-08-03T12:50:24Z</end></TimeSpan><styleUrl>#point</styleUrl><Point><altitudeMode>clampToGround</altitudeMode><coordinates>12.003343580290675,46.551026422530413,2095.3299999999999</coordinates></Point></Placemark><Placemark><TimeSpan><begin>2026-08-03T12:50:24Z</begin><end>2026-08-03T12:50:32Z</end></TimeSpan><styleUrl>#point</styleUrl><Point><altitudeMode>clampToGround</altitudeMode><coordinates>12.003284823149443,46.551043018698692,2093.8899999999999</coordinates></Point></Placemark><Placemark><TimeSpan><begin>2026-08-03T12:50:32Z</begin><end>2026-08-03T12:50:38Z</end></TimeSpan><styleUrl>#point</styleUrl><Point><altitudeMode>clampToGround</altitudeMode><coordinates>12.003243248909712,46.551059782505035,2092.9299999999998</coordinates></Point></Placemark><Placemark><TimeSpan><begin>2026-08-03T12:50:38Z</begin><end>2026-08-03T12:50:50Z</end></TimeSpan><styleUrl>#point</styleUrl><Point><altitudeMode>clampToGround</altitudeMode><coordinates>12.003173092380166,46.551106721162796,2091</coordinates></Point></Placemark><Placemark><TimeSpan><begin>2026-08-03T12:50:50Z</begin><end>2026-08-03T12:50:58Z</end></TimeSpan><styleUrl>#point</styleUrl><Point><altitudeMode>clampToGround</altitudeMode><coordinates>12.003149874508381,46.551139578223228,2089.5599999999999</coordinates></Point></Placemark><Placemark><TimeSpan><begin>2026-08-03T12:50:58Z</begin><end>2026-08-03T12:51:06Z</end></TimeSpan><styleUrl>#point</styleUrl><Point><altitudeMode>clampToGround</altitudeMode><coordinates>12.003084411844611,46.551160700619221,2088.5999999999999</coordinates></Point></Placemark><Placemark><TimeSpan><begin>2026-08-03T12:51:06Z</begin><end>2026-08-03T12:51:17Z</end></TimeSpan><styleUrl>#point</styleUrl><Point><altitudeMode>clampToGround</altitudeMode><coordinates>12.003028336912394,46.551184756681323,2086.6799999999998</coordinates></Point></Placemark><Placemark><TimeSpan><begin>2026-08-03T12:51:17Z</begin><end>2026-08-03T12:51:29Z</end></TimeSpan><styleUrl>#point</styleUrl><Point><altitudeMode>clampToGround</altitudeMode><coordinates>12.002951307222247,46.551212919875979,2084.2800000000002</coordinates></Point></Placemark><Placemark><TimeSpan><begin>2026-08-03T12:51:29Z</begin><end>2026-08-03T12:51:39Z</end></TimeSpan><styleUrl>#point</styleUrl><Point><altitudeMode>clampToGround</altitudeMode><coordinates>12.002896070480347,46.551238233223557,2083.3099999999999</coordinates></Point></Placemark><Placemark><TimeSpan><begin>2026-08-03T12:51:39Z</begin><end>2026-08-03T12:51:48Z</end></TimeSpan><styleUrl>#point</styleUrl><Point><altitudeMode>clampToGround</altitudeMode><coordinates>12.002805881202221,46.551242591813207,2081.8699999999999</coordinates></Point></Placemark><Placemark><TimeSpan><begin>2026-08-03T12:51:48Z</begin><end>2026-08-03T12:51:58Z</end></TimeSpan><styleUrl>#point</styleUrl><Point><altitudeMode>clampToGround</altitudeMode><coordinates>12.002764893695712,46.551208226010203,2079.9499999999998</coordinates></Point></Placemark><Placemark><TimeSpan><begin>2026-08-03T12:51:58Z</begin><end>2026-08-03T12:52:07Z</end></TimeSpan><styleUrl>#point</styleUrl><Point><altitudeMode>clampToGround</altitudeMode><coordinates>12.00272373855114,46.55122616328299,2078.9899999999998</coordinates></Point></Placemark><Placemark><TimeSpan><begin>2026-08-03T12:52:07Z</begin><end>2026-08-03T12:52:15Z</end></TimeSpan><styleUrl>#point</styleUrl><Point><altitudeMode>clampToGround</altitudeMode><coordinates>12.002695659175515,46.551269246265292,2077.0700000000002</coordinates></Point></Placemark><Placemark><TimeSpan><begin>2026-08-03T12:52:15Z</begin><end>2026-08-03T12:52:16Z</end></TimeSpan><styleUrl>#point</styleUrl><Point><altitudeMode>clampToGround</altitudeMode><coordinates>12.002697335556149,46.551276287063956,2077.0700000000002</coordinates></Point></Placemark><Placemark><TimeSpan><begin>2026-08-03T12:52:16Z</begin><end>2026-08-03T12:52:27Z</end></TimeSpan><styleUrl>#point</styleUrl><Point><altitudeMode>clampToGround</altitudeMode><coordinates>12.002585604786873,46.551362536847591,2074.1799999999998</coordinates></Point></Placemark><Placemark><TimeSpan><begin>2026-08-03T12:52:27Z</begin><end>2026-08-03T12:52:34Z</end></TimeSpan><styleUrl>#point</styleUrl><Point><altitudeMode>clampToGround</altitudeMode><coordinates>12.002523746341467,46.5514000877738,2071.7800000000002</coordinates></Point></Placemark><Placemark><TimeSpan><begin>2026-08-03T12:52:34Z</begin><end>2026-08-03T12:52:44Z</end></TimeSpan><styleUrl>#point</styleUrl><Point><altitudeMode>clampToGround</altitudeMode><coordinates>12.002438418567181,46.55142892152071,2070.3400000000001</coordinates></Point></Placemark><Placemark><TimeSpan><begin>2026-08-03T12:52:44Z</begin><end>2026-08-03T12:52:55Z</end></TimeSpan><styleUrl>#point</styleUrl><Point><altitudeMode>clampToGround</altitudeMode><coordinates>12.002369184046984,46.551444763317704,2068.4099999999999</coordinates></Point></Placemark><Placemark><TimeSpan><begin>2026-08-03T12:52:55Z</begin><end>2026-08-03T12:53:04Z</end></TimeSpan><styleUrl>#point</styleUrl><Point><altitudeMode>clampToGround</altitudeMode><coordinates>12.002379912883043,46.551400339230895,2067.4499999999998</coordinates></Point></Placemark><Placemark><TimeSpan><begin>2026-08-03T12:53:04Z</begin><end>2026-08-03T12:53:05Z</end></TimeSpan><styleUrl>#point</styleUrl><Point><altitudeMode>clampToGround</altitudeMode><coordinates>12.002387121319771,46.551392963156104,2067.4499999999998</coordinates></Point></Placemark><Placemark><TimeSpan><begin>2026-08-03T12:53:05Z</begin><end>2026-08-03T12:53:19Z</end></TimeSpan><styleUrl>#point</styleUrl><Point><altitudeMode>clampToGround</altitudeMode><coordinates>12.002417296171188,46.551309479400516,2065.0500000000002</coordinates></Point></Placemark><Placemark><TimeSpan><begin>2026-08-03T12:53:19Z</begin><end>2026-08-03T12:53:26Z</end></TimeSpan><styleUrl>#point</styleUrl><Point><altitudeMode>clampToGround</altitudeMode><coordinates>12.002365328371525,46.551348622888327,2064.0900000000001</coordinates></Point></Placemark><Placemark><TimeSpan><begin>2026-08-03T12:53:26Z</begin><end>2026-08-03T12:53:36Z</end></TimeSpan><styleUrl>#point</styleUrl><Point><altitudeMode>clampToGround</altitudeMode><coordinates>12.002332638949156,46.551294391974807,2062.1700000000001</coordinates></Point></Placemark><Placemark><TimeSpan><begin>2026-08-03T12:53:36Z</begin><end>2026-08-03T12:53:46Z</end></TimeSpan><styleUrl>#point</styleUrl><Point><altitudeMode>clampToGround</altitudeMode><coordinates>12.002312270924449,46.551221301779151,2061.1999999999998</coordinates></Point></Placemark><Placemark><TimeSpan><begin>2026-08-03T12:53:46Z</begin><end>2026-08-03T12:53:54Z</end></TimeSpan><styleUrl>#point</styleUrl><Point><altitudeMode>clampToGround</altitudeMode><coordinates>12.00227614492178,46.551209315657616,2058.8000000000002</coordinates></Point></Placemark><Placemark><TimeSpan><begin>2026-08-03T12:53:54Z</begin><end>2026-08-03T12:54:03Z</end></TimeSpan><styleUrl>#point</styleUrl><Point><altitudeMode>clampToGround</altitudeMode><coordinates>12.002206407487392,46.551222559064627,2057.8400000000001</coordinates></Point></Placemark><Placemark><TimeSpan><begin>2026-08-03T12:54:03Z</begin><end>2026-08-03T12:54:12Z</end></TimeSpan><styleUrl>#point</styleUrl><Point><altitudeMode>clampToGround</altitudeMode><coordinates>12.002144046127796,46.551248207688332,2056.4000000000001</coordinates></Point></Placemark><Placemark><TimeSpan><begin>2026-08-03T12:54:12Z</begin><end>2026-08-03T12:54:21Z</end></TimeSpan><styleUrl>#point</styleUrl><Point><altitudeMode>clampToGround</altitudeMode><coordinates>12.002059556543827,46.551269330084324,2053.9899999999998</coordinates></Point></Placemark><Placemark><TimeSpan><begin>2026-08-03T12:54:21Z</begin><end>2026-08-03T12:54:30Z</end></TimeSpan><styleUrl>#point</styleUrl><Point><altitudeMode>clampToGround</altitudeMode><coordinates>12.001977832987905,46.551277125254273,2053.5100000000002</coordinates></Point></Placemark><Placemark><TimeSpan><begin>2026-08-03T12:54:30Z</begin><end>2026-08-03T12:54:38Z</end></TimeSpan><styleUrl>#point</styleUrl><Point><altitudeMode>clampToGround</altitudeMode><coordinates>12.001899965107441,46.551267988979816,2051.1100000000001</coordinates></Point></Placemark><Placemark><TimeSpan><begin>2026-08-03T12:54:38Z</begin><end>2026-08-03T12:54:47Z</end></TimeSpan><styleUrl>#point</styleUrl><Point><altitudeMode>clampToGround</altitudeMode><coordinates>12.001818409189582,46.551253823563457,2049.6700000000001</coordinates></Point></Placemark><Placemark><TimeSpan><begin>2026-08-03T12:54:47Z</begin><end>2026-08-03T12:54:51Z</end></TimeSpan><styleUrl>#point</styleUrl><Point><altitudeMode>clampToGround</altitudeMode><coordinates>12.001774236559868,46.551232784986496,2049.1900000000001</coordinates></Point></Placemark><Placemark><TimeSpan><begin>2026-08-03T12:54:51Z</begin><end>2026-08-03T12:54:56Z</end></TimeSpan><styleUrl>#point</styleUrl><Point><altitudeMode>clampToGround</altitudeMode><coordinates>12.001715898513794,46.551218703389168,2048.23</coordinates></Point></Placemark><Placemark><TimeSpan><begin>2026-08-03T12:54:56Z</begin><end>2026-08-03T12:55:07Z</end></TimeSpan><styleUrl>#point</styleUrl><Point><altitudeMode>clampToGround</altitudeMode><coordinates>12.001561252400279,46.55122322961688,2046.3</coordinates></Point></Placemark><Placemark><TimeSpan><begin>2026-08-03T12:55:07Z</begin><end>2026-08-03T12:55:17Z</end></TimeSpan><styleUrl>#point</styleUrl><Point><altitudeMode>clampToGround</altitudeMode><coordinates>12.001471649855375,46.551274359226227,2044.8599999999999</coordinates></Point></Placemark><Placemark><TimeSpan><begin>2026-08-03T12:55:17Z</begin><end>2026-08-03T12:55:20Z</end></TimeSpan><styleUrl>#point</styleUrl><Point><altitudeMode>clampToGround</altitudeMode><coordinates>12.001444241032004,46.55130285769701,2043.9000000000001</coordinates></Point></Placemark><Placemark><TimeSpan><begin>2026-08-03T12:55:20Z</begin><end>2026-08-03T12:55:24Z</end></TimeSpan><styleUrl>#point</styleUrl><Point><altitudeMode>clampToGround</altitudeMode><coordinates>12.001406941562891,46.551328003406525,2043.4200000000001</coordinates></Point></Placemark><Placemark><TimeSpan><begin>2026-08-03T12:55:24Z</begin><end>2026-08-03T12:55:27Z</end></TimeSpan><styleUrl>#point</styleUrl><Point><altitudeMode>clampToGround</altitudeMode><coordinates>12.001371653750539,46.551346443593502,2042.46</coordinates></Point></Placemark><Placemark><TimeSpan><begin>2026-08-03T12:55:27Z</begin><end>2026-08-03T12:55:35Z</end></TimeSpan><styleUrl>#point</styleUrl><Point><altitudeMode>clampToGround</altitudeMode><coordinates>12.001267382875085,46.551343090832233,2041.5</coordinates></Point></Placemark><Placemark><TimeSpan><begin>2026-08-03T12:55:35Z</begin><end>2026-08-03T12:55:45Z</end></TimeSpan><styleUrl>#point</styleUrl><Point><altitudeMode>clampToGround</altitudeMode><coordinates>12.001190185546875,46.551354490220547,2039.5699999999999</coordinates></Point></Placemark><Placemark><TimeSpan><begin>2026-08-03T12:55:45Z</begin><end>2026-08-03T12:55:52Z</end></TimeSpan><styleUrl>#point</styleUrl><Point><altitudeMode>clampToGround</altitudeMode><coordinates>12.001182306557894,46.551355747506022,2039.5699999999999</coordinates></Point></Placemark><Placemark><TimeSpan><begin>2026-08-03T12:55:52Z</begin><end>2026-08-03T12:56:04Z</end></TimeSpan><styleUrl>#point</styleUrl><Point><altitudeMode>clampToGround</altitudeMode><coordinates>12.001051967963576,46.551384162157774,2037.1700000000001</coordinates></Point></Placemark><Placemark><TimeSpan><begin>2026-08-03T12:56:04Z</begin><end>2026-08-03T12:56:14Z</end></TimeSpan><styleUrl>#point</styleUrl><Point><altitudeMode>clampToGround</altitudeMode><coordinates>12.000890029594302,46.551420455798507,2034.77</coordinates></Point></Placemark><Placemark><TimeSpan><begin>2026-08-03T12:56:14Z</begin><end>2026-08-03T12:56:19Z</end></TimeSpan><styleUrl>#point</styleUrl><Point><altitudeMode>clampToGround</altitudeMode><coordinates>12.000816352665424,46.551418444141746,2033.8099999999999</coordinates></Point></Placemark><Placemark><TimeSpan><begin>2026-08-03T12:56:19Z</begin><end>2026-08-03T12:56:24Z</end></TimeSpan><styleUrl>#point</styleUrl><Point><altitudeMode>clampToGround</altitudeMode><coordinates>12.000771509483457,46.551383826881647,2032.3599999999999</coordinates></Point></Placemark><Placemark><TimeSpan><begin>2026-08-03T12:56:24Z</begin><end>2026-08-03T12:56:34Z</end></TimeSpan><styleUrl>#point</styleUrl><Point><altitudeMode>clampToGround</altitudeMode><coordinates>12.000648379325867,46.551361279562116,2029.96</coordinates></Point></Placemark><Placemark><TimeSpan><begin>2026-08-03T12:56:34Z</begin><end>2026-08-03T12:56:47Z</end></TimeSpan><styleUrl>#point</styleUrl><Point><altitudeMode>clampToGround</altitudeMode><coordinates>12.000489290803671,46.551484074443579,2027.0799999999999</coordinates></Point></Placemark><Placemark><TimeSpan><begin>2026-08-03T12:56:47Z</begin><end>2026-08-03T12:57:01Z</end></TimeSpan><styleUrl>#point</styleUrl><Point><altitudeMode>clampToGround</altitudeMode><coordinates>12.000281419605017,46.551570994779468,2025.1500000000001</coordinates></Point></Placemark><Placemark><TimeSpan><begin>2026-08-03T12:57:01Z</begin><end>2026-08-03T12:57:02Z</end></TimeSpan><styleUrl>#point</styleUrl><Point><altitudeMode>clampToGround</altitudeMode><coordinates>12.000265577808022,46.551575437188148,2024.6700000000001</coordinates></Point></Placemark><Placemark><TimeSpan><begin>2026-08-03T12:57:02Z</begin><end>2026-08-03T12:57:13Z</end></TimeSpan><styleUrl>#point</styleUrl><Point><altitudeMode>clampToGround</altitudeMode><coordinates>12.000169772654772,46.551612736657262,2023.71</coordinates></Point></Placemark><Placemark><TimeSpan><begin>2026-08-03T12:57:13Z</begin><end>2026-08-03T12:57:30Z</end></TimeSpan><styleUrl>#point</styleUrl><Point><altitudeMode>clampToGround</altitudeMode><coordinates>11.999898115172982,46.55170108191669,2022.27</coordinates></Point></Placemark><Placemark><TimeSpan><begin>2026-08-03T12:57:30Z</begin><end>2026-08-03T12:57:42Z</end></TimeSpan><styleUrl>#point</styleUrl><Point><altitudeMode>clampToGround</altitudeMode><coordinates>11.999748079106212,46.551757324486971,2020.8299999999999</coordinates></Point></Placemark><Placemark><TimeSpan><begin>2026-08-03T12:57:42Z</begin><end>2026-08-03T12:57:56Z</end></TimeSpan><styleUrl>#point</styleUrl><Point><altitudeMode>clampToGround</altitudeMode><coordinates>11.999701140448451,46.551770400255919,2020.3499999999999</coordinates></Point></Placemark><Placemark><TimeSpan><begin>2026-08-03T12:57:56Z</begin><end>2026-08-03T12:58:07Z</end></TimeSpan><styleUrl>#point</styleUrl><Point><altitudeMode>clampToGround</altitudeMode><coordinates>11.9995207618922,46.55183401890099,2019.8699999999999</coordinates></Point></Placemark><Placemark><TimeSpan><begin>2026-08-03T12:58:07Z</begin><end>2026-08-03T12:58:22Z</end></TimeSpan><styleUrl>#point</styleUrl><Point><altitudeMode>clampToGround</altitudeMode><coordinates>11.999285146594048,46.551905935630202,2017.46</coordinates></Point></Placemark><Placemark><TimeSpan><begin>2026-08-03T12:58:22Z</begin><end>2026-08-03T12:58:31Z</end></TimeSpan><styleUrl>#point</styleUrl><Point><altitudeMode>clampToGround</altitudeMode><coordinates>11.999171487987041,46.551922112703323,2016.98</coordinates></Point></Placemark><Placemark><TimeSpan><begin>2026-08-03T12:58:31Z</begin><end>2026-08-03T12:58:35Z</end></TimeSpan><styleUrl>#point</styleUrl><Point><altitudeMode>clampToGround</altitudeMode><coordinates>11.999145839363337,46.551968129351735,2016.5</coordinates></Point></Placemark><Placemark><TimeSpan><begin>2026-08-03T12:58:35Z</begin><end>2026-08-03T12:58:48Z</end></TimeSpan><styleUrl>#point</styleUrl><Point><altitudeMode>clampToGround</altitudeMode><coordinates>11.998942494392395,46.552041806280613,2015.0599999999999</coordinates></Point></Placemark><Placemark><TimeSpan><begin>2026-08-03T12:58:48Z</begin><end>2026-08-03T12:59:02Z</end></TimeSpan><styleUrl>#point</styleUrl><Point><altitudeMode>clampToGround</altitudeMode><coordinates>11.998736886307597,46.552098551765084,2013.6199999999999</coordinates></Point></Placemark><Placemark><TimeSpan><begin>2026-08-03T12:59:02Z</begin><end>2026-08-03T12:59:10Z</end></TimeSpan><styleUrl>#point</styleUrl><Point><altitudeMode>clampToGround</altitudeMode><coordinates>11.998624904081225,46.552133001387119,2012.6600000000001</coordinates></Point></Placemark><Placemark><TimeSpan><begin>2026-08-03T12:59:10Z</begin><end>2026-08-03T12:59:14Z</end></TimeSpan><styleUrl>#point</styleUrl><Point><altitudeMode>clampToGround</altitudeMode><coordinates>11.998567823320627,46.552155967801809,2012.1800000000001</coordinates></Point></Placemark><Placemark><TimeSpan><begin>2026-08-03T12:59:14Z</begin><end>2026-08-03T12:59:27Z</end></TimeSpan><styleUrl>#point</styleUrl><Point><altitudeMode>clampToGround</altitudeMode><coordinates>11.998411165550351,46.552243223413825,2011.22</coordinates></Point></Placemark><Placemark><TimeSpan><begin>2026-08-03T12:59:27Z</begin><end>2026-08-03T12:59:39Z</end></TimeSpan><styleUrl>#point</styleUrl><Point><altitudeMode>clampToGround</altitudeMode><coordinates>11.998269595205784,46.552338022738695,2010.25</coordinates></Point></Placemark><Placemark><TimeSpan><begin>2026-08-03T12:59:39Z</begin><end>2026-08-03T12:59:53Z</end></TimeSpan><styleUrl>#point</styleUrl><Point><altitudeMode>clampToGround</altitudeMode><coordinates>11.998116541653872,46.552446652203798,2009.77</coordinates></Point></Placemark><Placemark><TimeSpan><begin>2026-08-03T12:59:53Z</begin><end>2026-08-03T13:00:07Z</end></TimeSpan><styleUrl>#point</styleUrl><Point><altitudeMode>clampToGround</altitudeMode><coordinates>11.997958375141025,46.552548576146364,2008.3299999999999</coordinates></Point></Placemark><Placemark><TimeSpan><begin>2026-08-03T13:00:07Z</begin><end>2026-08-03T13:00:20Z</end></TimeSpan><styleUrl>#point</styleUrl><Point><altitudeMode>clampToGround</altitudeMode><coordinates>11.997796520590782,46.55265687033534,2007.3699999999999</coordinates></Point></Placemark><Placemark><TimeSpan><begin>2026-08-03T13:00:20Z</begin><end>2026-08-03T13:00:32Z</end></TimeSpan><styleUrl>#point</styleUrl><Point><altitudeMode>clampToGround</altitudeMode><coordinates>11.997636090964079,46.552761644124985,2006.4100000000001</coordinates></Point></Placemark><Placemark><TimeSpan><begin>2026-08-03T13:00:32Z</begin><end>2026-08-03T13:00:33Z</end></TimeSpan><styleUrl>#point</styleUrl><Point><altitudeMode>clampToGround</altitudeMode><coordinates>11.997624691575766,46.5527677629143,2005.9300000000001</coordinates></Point></Placemark><Placemark><TimeSpan><begin>2026-08-03T13:00:33Z</begin><end>2026-08-03T13:00:41Z</end></TimeSpan><styleUrl>#point</styleUrl><Point><altitudeMode>clampToGround</altitudeMode><coordinates>11.997542716562748,46.552832638844848,2004.97</coordinates></Point></Placemark><Placemark><TimeSpan><begin>2026-08-03T13:00:41Z</begin><end>2026-08-03T13:00:43Z</end></TimeSpan><styleUrl>#point</styleUrl><Point><altitudeMode>clampToGround</altitudeMode><coordinates>11.997519163414836,46.552847474813461,2004.97</coordinates></Point></Placemark><Placemark><TimeSpan><begin>2026-08-03T13:00:43Z</begin><end>2026-08-03T13:00:55Z</end></TimeSpan><styleUrl>#point</styleUrl><Point><altitudeMode>clampToGround</altitudeMode><coordinates>11.997431321069598,46.55298812314868,2004.01</coordinates></Point></Placemark><Placemark><TimeSpan><begin>2026-08-03T13:00:55Z</begin><end>2026-08-03T13:01:09Z</end></TimeSpan><styleUrl>#point</styleUrl><Point><altitudeMode>clampToGround</altitudeMode><coordinates>11.997372983023524,46.553162550553679,2003.52</coordinates></Point></Placemark><Placemark><TimeSpan><begin>2026-08-03T13:01:09Z</begin><end>2026-08-03T13:01:22Z</end></TimeSpan><styleUrl>#point</styleUrl><Point><altitudeMode>clampToGround</altitudeMode><coordinates>11.997230909764767,46.553299343213439,2002.5599999999999</coordinates></Point></Placemark><Placemark><TimeSpan><begin>2026-08-03T13:01:22Z</begin><end>2026-08-03T13:01:34Z</end></TimeSpan><styleUrl>#point</styleUrl><Point><altitudeMode>clampToGround</altitudeMode><coordinates>11.997191682457924,46.553415348753333,2001.1199999999999</coordinates></Point></Placemark><Placemark><TimeSpan><begin>2026-08-03T13:01:34Z</begin><end>2026-08-03T13:01:44Z</end></TimeSpan><styleUrl>#point</styleUrl><Point><altitudeMode>clampToGround</altitudeMode><coordinates>11.997152371332049,46.55350998044014,1999.6800000000001</coordinates></Point></Placemark><Placemark><TimeSpan><begin>2026-08-03T13:01:44Z</begin><end>2026-08-03T13:01:56Z</end></TimeSpan><styleUrl>#point</styleUrl><Point><altitudeMode>clampToGround</altitudeMode><coordinates>11.997116329148412,46.553635457530618,1996.8</coordinates></Point></Placemark><Placemark><TimeSpan><begin>2026-08-03T13:01:56Z</begin><end>2026-08-03T13:02:07Z</end></TimeSpan><styleUrl>#point</styleUrl><Point><altitudeMode>clampToGround</altitudeMode><coordinates>11.997081460431218,46.553742829710245,1993.9100000000001</coordinates></Point></Placemark><Placemark><TimeSpan><begin>2026-08-03T13:02:07Z</begin><end>2026-08-03T13:02:20Z</end></TimeSpan><styleUrl>#point</styleUrl><Point><altitudeMode>clampToGround</altitudeMode><coordinates>11.996989762410522,46.553864786401391,1990.55</coordinates></Point></Placemark><Placemark><TimeSpan><begin>2026-08-03T13:02:20Z</begin><end>2026-08-03T13:02:34Z</end></TimeSpan><styleUrl>#point</styleUrl><Point><altitudeMode>clampToGround</altitudeMode><coordinates>11.996875936165452,46.553991185501218,1987.1800000000001</coordinates></Point></Placemark><Placemark><TimeSpan><begin>2026-08-03T13:02:34Z</begin><end>2026-08-03T13:02:43Z</end></TimeSpan><styleUrl>#point</styleUrl><Point><altitudeMode>clampToGround</altitudeMode><coordinates>11.996770072728395,46.554052205756307,1985.26</coordinates></Point></Placemark><Placemark><TimeSpan><begin>2026-08-03T13:02:43Z</begin><end>2026-08-03T13:02:48Z</end></TimeSpan><styleUrl>#point</styleUrl><Point><altitudeMode>clampToGround</altitudeMode><coordinates>11.996704358607531,46.554064946249127,1983.8199999999999</coordinates></Point></Placemark><Placemark><TimeSpan><begin>2026-08-03T13:02:48Z</begin><end>2026-08-03T13:03:01Z</end></TimeSpan><styleUrl>#point</styleUrl><Point><altitudeMode>clampToGround</altitudeMode><coordinates>11.996530434116721,46.554104592651129,1980.45</coordinates></Point></Placemark><Placemark><TimeSpan><begin>2026-08-03T13:03:01Z</begin><end>2026-08-03T13:03:09Z</end></TimeSpan><styleUrl>#point</styleUrl><Point><altitudeMode>clampToGround</altitudeMode><coordinates>11.996407974511385,46.55412127263844,1979.01</coordinates></Point></Placemark><Placemark><TimeSpan><begin>2026-08-03T13:03:09Z</begin><end>2026-08-03T13:03:22Z</end></TimeSpan><styleUrl>#point</styleUrl><Point><altitudeMode>clampToGround</altitudeMode><coordinates>11.996243605390191,46.554195955395699,1976.1300000000001</coordinates></Point></Placemark><Placemark><TimeSpan><begin>2026-08-03T13:03:22Z</begin><end>2026-08-03T13:03:36Z</end></TimeSpan><styleUrl>#point</styleUrl><Point><altitudeMode>clampToGround</altitudeMode><coordinates>11.996144698932767,46.55436116270721,1974.6900000000001</coordinates></Point></Placemark><Placemark><TimeSpan><begin>2026-08-03T13:03:36Z</begin><end>2026-08-03T13:03:48Z</end></TimeSpan><styleUrl>#point</styleUrl><Point><altitudeMode>clampToGround</altitudeMode><coordinates>11.996058113873005,46.554500637575984,1972.28</coordinates></Point></Placemark><Placemark><TimeSpan><begin>2026-08-03T13:03:48Z</begin><end>2026-08-03T13:04:01Z</end></TimeSpan><styleUrl>#point</styleUrl><Point><altitudeMode>clampToGround</altitudeMode><coordinates>11.995945041999221,46.554617146030068,1969.4000000000001</coordinates></Point></Placemark><Placemark><TimeSpan><begin>2026-08-03T13:04:01Z</begin><end>2026-08-03T13:04:12Z</end></TimeSpan><styleUrl>#point</styleUrl><Point><altitudeMode>clampToGround</altitudeMode><coordinates>11.995844375342131,46.554678501561284,1966.51</coordinates></Point></Placemark><Placemark><TimeSpan><begin>2026-08-03T13:04:12Z</begin><end>2026-08-03T13:04:26Z</end></TimeSpan><styleUrl>#point</styleUrl><Point><altitudeMode>clampToGround</altitudeMode><coordinates>11.995819481089711,46.554698534309864,1966.03</coordinates></Point></Placemark><Placemark><TimeSpan><begin>2026-08-03T13:04:26Z</begin><end>2026-08-03T13:04:36Z</end></TimeSpan><styleUrl>#point</styleUrl><Point><altitudeMode>clampToGround</altitudeMode><coordinates>11.99572267010808,46.554699707776308,1964.1099999999999</coordinates></Point></Placemark><Placemark><TimeSpan><begin>2026-08-03T13:04:36Z</begin><end>2026-08-03T13:04:48Z</end></TimeSpan><styleUrl>#point</styleUrl><Point><altitudeMode>clampToGround</altitudeMode><coordinates>11.995727615430951,46.55466852709651,1963.6300000000001</coordinates></Point></Placemark><Placemark><TimeSpan><begin>2026-08-03T13:04:48Z</begin><end>2026-08-03T13:04:59Z</end></TimeSpan><styleUrl>#point</styleUrl><Point><altitudeMode>clampToGround</altitudeMode><coordinates>11.995700458064675,46.554665928706527,1963.1500000000001</coordinates></Point></Placemark><Placemark><TimeSpan><begin>2026-08-03T13:04:59Z</begin><end>2026-08-03T13:05:11Z</end></TimeSpan><styleUrl>#point</styleUrl><Point><altitudeMode>clampToGround</altitudeMode><coordinates>11.995648825541139,46.554675316438079,1961.71</coordinates></Point></Placemark><Placemark><TimeSpan><begin>2026-08-03T13:05:11Z</begin><end>2026-08-03T13:05:22Z</end></TimeSpan><styleUrl>#point</styleUrl><Point><altitudeMode>clampToGround</altitudeMode><coordinates>11.995526533573866,46.55470322817564,1960.27</coordinates></Point></Placemark><Placemark><TimeSpan><begin>2026-08-03T13:05:22Z</begin><end>2026-08-03T13:05:36Z</end></TimeSpan><styleUrl>#point</styleUrl><Point><altitudeMode>clampToGround</altitudeMode><coordinates>11.995332408696413,46.554715214297175,1956.4200000000001</coordinates></Point></Placemark><Placemark><TimeSpan><begin>2026-08-03T13:05:36Z</begin><end>2026-08-03T13:05:40Z</end></TimeSpan><styleUrl>#point</styleUrl><Point><altitudeMode>clampToGround</altitudeMode><coordinates>11.995284212753177,46.554726278409362,1955.46</coordinates></Point></Placemark><Placemark><TimeSpan><begin>2026-08-03T13:05:40Z</begin><end>2026-08-03T13:05:54Z</end></TimeSpan><styleUrl>#point</styleUrl><Point><altitudeMode>clampToGround</altitudeMode><coordinates>11.99512654915452,46.554816970601678,1953.0599999999999</coordinates></Point></Placemark><Placemark><TimeSpan><begin>2026-08-03T13:05:54Z</begin><end>2026-08-03T13:06:06Z</end></TimeSpan><styleUrl>#point</styleUrl><Point><altitudeMode>clampToGround</altitudeMode><coordinates>11.994972070679069,46.554924175143242,1951.1300000000001</coordinates></Point></Placemark><Placemark><TimeSpan><begin>2026-08-03T13:06:06Z</begin><end>2026-08-03T13:06:18Z</end></TimeSpan><styleUrl>#point</styleUrl><Point><altitudeMode>clampToGround</altitudeMode><coordinates>11.994882468134165,46.554996594786644,1948.73</coordinates></Point></Placemark><Placemark><TimeSpan><begin>2026-08-03T13:06:18Z</begin><end>2026-08-03T13:06:29Z</end></TimeSpan><styleUrl>#point</styleUrl><Point><altitudeMode>clampToGround</altitudeMode><coordinates>11.994776772335172,46.555007575079799,1945.3599999999999</coordinates></Point></Placemark><Placemark><TimeSpan><begin>2026-08-03T13:06:29Z</begin><end>2026-08-03T13:06:42Z</end></TimeSpan><styleUrl>#point</styleUrl><Point><altitudeMode>clampToGround</altitudeMode><coordinates>11.994652468711138,46.555029870942235,1942.96</coordinates></Point></Placemark><Placemark><TimeSpan><begin>2026-08-03T13:06:42Z</begin><end>2026-08-03T13:06:53Z</end></TimeSpan><styleUrl>#point</styleUrl><Point><altitudeMode>clampToGround</altitudeMode><coordinates>11.99453093111515,46.55503498390317,1940.5599999999999</coordinates></Point></Placemark><Placemark><TimeSpan><begin>2026-08-03T13:06:53Z</begin><end>2026-08-03T13:07:04Z</end></TimeSpan><styleUrl>#point</styleUrl><Point><altitudeMode>clampToGround</altitudeMode><coordinates>11.994372345507145,46.555066583678126,1937.1900000000001</coordinates></Point></Placemark><Placemark><TimeSpan><begin>2026-08-03T13:07:04Z</begin><end>2026-08-03T13:07:18Z</end></TimeSpan><styleUrl>#point</styleUrl><Point><altitudeMode>clampToGround</altitudeMode><coordinates>11.994204791262746,46.555107487365603,1934.3099999999999</coordinates></Point></Placemark><Placemark><TimeSpan><begin>2026-08-03T13:07:18Z</begin><end>2026-08-03T13:07:28Z</end></TimeSpan><styleUrl>#point</styleUrl><Point><altitudeMode>clampToGround</altitudeMode><coordinates>11.994161792099476,46.555154845118523,1932.8699999999999</coordinates></Point></Placemark><Placemark><TimeSpan><begin>2026-08-03T13:07:28Z</begin><end>2026-08-03T13:07:41Z</end></TimeSpan><styleUrl>#point</styleUrl><Point><altitudeMode>clampToGround</altitudeMode><coordinates>11.994075793772936,46.555246710777283,1929.5</coordinates></Point></Placemark><Placemark><TimeSpan><begin>2026-08-03T13:07:41Z</begin><end>2026-08-03T13:07:42Z</end></TimeSpan><styleUrl>#point</styleUrl><Point><altitudeMode>clampToGround</altitudeMode><coordinates>11.99406280182302,46.555251572281122,1929.5</coordinates></Point></Placemark><Placemark><TimeSpan><begin>2026-08-03T13:07:42Z</begin><end>2026-08-03T13:07:53Z</end></TimeSpan><styleUrl>#point</styleUrl><Point><altitudeMode>clampToGround</altitudeMode><coordinates>11.994003457948565,46.555339246988297,1926.1400000000001</coordinates></Point></Placemark><Placemark><TimeSpan><begin>2026-08-03T13:07:53Z</begin><end>2026-08-03T13:07:55Z</end></TimeSpan><styleUrl>#point</styleUrl><Point><altitudeMode>clampToGround</altitudeMode><coordinates>11.993994489312172,46.5553545858711,1926.1400000000001</coordinates></Point></Placemark><Placemark><TimeSpan><begin>2026-08-03T13:07:55Z</begin><end>2026-08-03T13:08:07Z</end></TimeSpan><styleUrl>#point</styleUrl><Point><altitudeMode>clampToGround</altitudeMode><coordinates>11.993982587009668,46.55545768328011,1922.77</coordinates></Point></Placemark><Placemark><TimeSpan><begin>2026-08-03T13:08:07Z</begin><end>2026-08-03T13:08:18Z</end></TimeSpan><styleUrl>#point</styleUrl><Point><altitudeMode>clampToGround</altitudeMode><coordinates>11.993980575352907,46.55557980760932,1919.4100000000001</coordinates></Point></Placemark><Placemark><TimeSpan><begin>2026-08-03T13:08:18Z</begin><end>2026-08-03T13:08:22Z</end></TimeSpan><styleUrl>#point</styleUrl><Point><altitudeMode>clampToGround</altitudeMode><coordinates>11.993926428258419,46.555614760145545,1918.45</coordinates></Point></Placemark><Placemark><TimeSpan><begin>2026-08-03T13:08:22Z</begin><end>2026-08-03T13:08:24Z</end></TimeSpan><styleUrl>#point</styleUrl><Point><altitudeMode>clampToGround</altitudeMode><coordinates>11.993888793513179,46.555613335222006,1917.97</coordinates></Point></Placemark><Placemark><TimeSpan><begin>2026-08-03T13:08:24Z</begin><end>2026-08-03T13:08:35Z</end></TimeSpan><styleUrl>#point</styleUrl><Point><altitudeMode>clampToGround</altitudeMode><coordinates>11.993831628933549,46.555548962205648,1916.53</coordinates></Point></Placemark><Placemark><TimeSpan><begin>2026-08-03T13:08:35Z</begin><end>2026-08-03T13:08:48Z</end></TimeSpan><styleUrl>#point</styleUrl><Point><altitudeMode>clampToGround</altitudeMode><coordinates>11.993789887055755,46.55553680844605,1915.0799999999999</coordinates></Point></Placemark><Placemark><TimeSpan><begin>2026-08-03T13:08:48Z</begin><end>2026-08-03T13:08:52Z</end></TimeSpan><styleUrl>#point</styleUrl><Point><altitudeMode>clampToGround</altitudeMode><coordinates>11.993771363049746,46.555503951385617,1915.0799999999999</coordinates></Point></Placemark><Placemark><TimeSpan><begin>2026-08-03T13:08:52Z</begin><end>2026-08-03T13:09:04Z</end></TimeSpan><styleUrl>#point</styleUrl><Point><altitudeMode>clampToGround</altitudeMode><coordinates>11.993637336418033,46.555499592795968,1911.72</coordinates></Point></Placemark><Placemark><TimeSpan><begin>2026-08-03T13:09:04Z</begin><end>2026-08-03T13:09:08Z</end></TimeSpan><styleUrl>#point</styleUrl><Point><altitudeMode>clampToGround</altitudeMode><coordinates>11.993623590096831,46.555527336895466,1911.24</coordinates></Point></Placemark><Placemark><TimeSpan><begin>2026-08-03T13:09:08Z</begin><end>2026-08-03T13:09:20Z</end></TimeSpan><styleUrl>#point</styleUrl><Point><altitudeMode>clampToGround</altitudeMode><coordinates>11.993528706952929,46.555619034916162,1908.3499999999999</coordinates></Point></Placemark><Placemark><TimeSpan><begin>2026-08-03T13:09:20Z</begin><end>2026-08-03T13:09:30Z</end></TimeSpan><styleUrl>#point</styleUrl><Point><altitudeMode>clampToGround</altitudeMode><coordinates>11.993424268439412,46.555699752643704,1905.95</coordinates></Point></Placemark><Placemark><TimeSpan><begin>2026-08-03T13:09:30Z</begin><end>2026-08-03T13:09:41Z</end></TimeSpan><styleUrl>#point</styleUrl><Point><altitudeMode>clampToGround</altitudeMode><coordinates>11.99331128038466,46.555782984942198,1903.0699999999999</coordinates></Point></Placemark><Placemark><TimeSpan><begin>2026-08-03T13:09:41Z</begin><end>2026-08-03T13:09:43Z</end></TimeSpan><styleUrl>#point</styleUrl><Point><altitudeMode>clampToGround</altitudeMode><coordinates>11.993272472172976,46.555788014084101,1902.5899999999999</coordinates></Point></Placemark><Placemark><TimeSpan><begin>2026-08-03T13:09:43Z</begin><end>2026-08-03T13:09:51Z</end></TimeSpan><styleUrl>#point</styleUrl><Point><altitudeMode>clampToGround</altitudeMode><coordinates>11.993187731131911,46.555714504793286,1900.6600000000001</coordinates></Point></Placemark><Placemark><TimeSpan><begin>2026-08-03T13:09:51Z</begin><end>2026-08-03T13:10:02Z</end></TimeSpan><styleUrl>#point</styleUrl><Point><altitudeMode>clampToGround</altitudeMode><coordinates>11.993172895163298,46.555593721568584,1897.3</coordinates></Point></Placemark><Placemark><TimeSpan><begin>2026-08-03T13:10:02Z</begin><end>2026-08-03T13:10:08Z</end></TimeSpan><styleUrl>#point</styleUrl><Point><altitudeMode>clampToGround</altitudeMode><coordinates>11.99309628456831,46.555554661899805,1895.8599999999999</coordinates></Point></Placemark><Placemark><TimeSpan><begin>2026-08-03T13:10:08Z</begin><end>2026-08-03T13:10:16Z</end></TimeSpan><styleUrl>#point</styleUrl><Point><altitudeMode>clampToGround</altitudeMode><coordinates>11.993004083633423,46.555612999945879,1893.9300000000001</coordinates></Point></Placemark><Placemark><TimeSpan><begin>2026-08-03T13:10:16Z</begin><end>2026-08-03T13:10:26Z</end></TimeSpan><styleUrl>#point</styleUrl><Point><altitudeMode>clampToGround</altitudeMode><coordinates>11.992925964295864,46.555694807320833,1891.53</coordinates></Point></Placemark><Placemark><TimeSpan><begin>2026-08-03T13:10:26Z</begin><end>2026-08-03T13:10:38Z</end></TimeSpan><styleUrl>#point</styleUrl><Point><altitudeMode>clampToGround</altitudeMode><coordinates>11.992764780297875,46.555747613310814,1887.6900000000001</coordinates></Point></Placemark><Placemark><TimeSpan><begin>2026-08-03T13:10:38Z</begin><end>2026-08-03T13:10:46Z</end></TimeSpan><styleUrl>#point</styleUrl><Point><altitudeMode>clampToGround</altitudeMode><coordinates>11.992702670395374,46.555657591670752,1885.28</coordinates></Point></Placemark><Placemark><TimeSpan><begin>2026-08-03T13:10:46Z</begin><end>2026-08-03T13:10:52Z</end></TimeSpan><styleUrl>#point</styleUrl><Point><altitudeMode>clampToGround</altitudeMode><coordinates>11.992675429210067,46.555596236139536,1883.3599999999999</coordinates></Point></Placemark><Placemark><TimeSpan><begin>2026-08-03T13:10:52Z</begin><end>2026-08-03T13:11:04Z</end></TimeSpan><styleUrl>#point</styleUrl><Point><altitudeMode>clampToGround</altitudeMode><coordinates>11.992539055645466,46.555570587515831,1880</coordinates></Point></Placemark><Placemark><TimeSpan><begin>2026-08-03T13:11:04Z</begin><end>2026-08-03T13:11:09Z</end></TimeSpan><styleUrl>#point</styleUrl><Point><altitudeMode>clampToGround</altitudeMode><coordinates>11.992486333474517,46.555599085986614,1878.55</coordinates></Point></Placemark><Placemark><TimeSpan><begin>2026-08-03T13:11:09Z</begin><end>2026-08-03T13:11:13Z</end></TimeSpan><styleUrl>#point</styleUrl><Point><altitudeMode>clampToGround</altitudeMode><coordinates>11.992434449493885,46.555621046572924,1877.1099999999999</coordinates></Point></Placemark><Placemark><TimeSpan><begin>2026-08-03T13:11:13Z</begin><end>2026-08-03T13:11:19Z</end></TimeSpan><styleUrl>#point</styleUrl><Point><altitudeMode>clampToGround</altitudeMode><coordinates>11.992355072870851,46.555664632469416,1874.71</coordinates></Point></Placemark><Placemark><TimeSpan><begin>2026-08-03T13:11:19Z</begin><end>2026-08-03T13:11:23Z</end></TimeSpan><styleUrl>#point</styleUrl><Point><altitudeMode>clampToGround</altitudeMode><coordinates>11.992296064272523,46.555697489529848,1873.75</coordinates></Point></Placemark><Placemark><TimeSpan><begin>2026-08-03T13:11:23Z</begin><end>2026-08-03T13:11:26Z</end></TimeSpan><styleUrl>#point</styleUrl><Point><altitudeMode>clampToGround</altitudeMode><coordinates>11.992254909127951,46.555725485086441,1872.79</coordinates></Point></Placemark><Placemark><TimeSpan><begin>2026-08-03T13:11:26Z</begin><end>2026-08-03T13:11:40Z</end></TimeSpan><styleUrl>#point</styleUrl><Point><altitudeMode>clampToGround</altitudeMode><coordinates>11.992143429815769,46.555886585265398,1869.4200000000001</coordinates></Point></Placemark><Placemark><TimeSpan><begin>2026-08-03T13:11:40Z</begin><end>2026-08-03T13:11:46Z</end></TimeSpan><styleUrl>#point</styleUrl><Point><altitudeMode>clampToGround</altitudeMode><coordinates>11.992039075121284,46.555882897228003,1868.46</coordinates></Point></Placemark><Placemark><TimeSpan><begin>2026-08-03T13:11:46Z</begin><end>2026-08-03T13:11:53Z</end></TimeSpan><styleUrl>#point</styleUrl><Point><altitudeMode>clampToGround</altitudeMode><coordinates>11.99197931215167,46.555817853659391,1867.02</coordinates></Point></Placemark><Placemark><TimeSpan><begin>2026-08-03T13:11:53Z</begin><end>2026-08-03T13:12:02Z</end></TimeSpan><styleUrl>#point</styleUrl><Point><altitudeMode>clampToGround</altitudeMode><coordinates>11.991929691284895,46.55572104267776,1863.6500000000001</coordinates></Point></Placemark><Placemark><TimeSpan><begin>2026-08-03T13:12:02Z</begin><end>2026-08-03T13:12:12Z</end></TimeSpan><styleUrl>#point</styleUrl><Point><altitudeMode>clampToGround</altitudeMode><coordinates>11.991836819797754,46.555593386292458,1860.29</coordinates></Point></Placemark><Placemark><TimeSpan><begin>2026-08-03T13:12:12Z</begin><end>2026-08-03T13:12:25Z</end></TimeSpan><styleUrl>#point</styleUrl><Point><altitudeMode>clampToGround</altitudeMode><coordinates>11.991621237248182,46.555537478998303,1858.3699999999999</coordinates></Point></Placemark><Placemark><TimeSpan><begin>2026-08-03T13:12:25Z</begin><end>2026-08-03T13:12:29Z</end></TimeSpan><styleUrl>#point</styleUrl><Point><altitudeMode>clampToGround</altitudeMode><coordinates>11.991571113467216,46.555557595565915,1857.4000000000001</coordinates></Point></Placemark><Placemark><TimeSpan><begin>2026-08-03T13:12:29Z</begin><end>2026-08-03T13:12:41Z</end></TimeSpan><styleUrl>#point</styleUrl><Point><altitudeMode>clampToGround</altitudeMode><coordinates>11.99150581844151,46.555651389062405,1855</coordinates></Point></Placemark><Placemark><TimeSpan><begin>2026-08-03T13:12:41Z</begin><end>2026-08-03T13:12:50Z</end></TimeSpan><styleUrl>#point</styleUrl><Point><altitudeMode>clampToGround</altitudeMode><coordinates>11.99152484536171,46.555683240294456,1854.52</coordinates></Point></Placemark><Placemark><TimeSpan><begin>2026-08-03T13:12:50Z</begin><end>2026-08-03T13:13:00Z</end></TimeSpan><styleUrl>#point</styleUrl><Point><altitudeMode>clampToGround</altitudeMode><coordinates>11.991510931402445,46.555779715999961,1854.04</coordinates></Point></Placemark><Placemark><TimeSpan><begin>2026-08-03T13:13:00Z</begin><end>2026-08-03T13:13:13Z</end></TimeSpan><styleUrl>#point</styleUrl><Point><altitudeMode>clampToGround</altitudeMode><coordinates>11.991462567821145,46.555957160890102,1851.1600000000001</coordinates></Point></Placemark><Placemark><TimeSpan><begin>2026-08-03T13:13:13Z</begin><end>2026-08-03T13:13:15Z</end></TimeSpan><styleUrl>#point</styleUrl><Point><altitudeMode>clampToGround</altitudeMode><coordinates>11.991438763216138,46.555979205295444,1850.6800000000001</coordinates></Point></Placemark><Placemark><TimeSpan><begin>2026-08-03T13:13:15Z</begin><end>2026-08-03T13:13:22Z</end></TimeSpan><styleUrl>#point</styleUrl><Point><altitudeMode>clampToGround</altitudeMode><coordinates>11.99130448512733,46.555988006293774,1848.75</coordinates></Point></Placemark><Placemark><TimeSpan><begin>2026-08-03T13:13:22Z</begin><end>2026-08-03T13:13:26Z</end></TimeSpan><styleUrl>#point</styleUrl><Point><altitudeMode>clampToGround</altitudeMode><coordinates>11.991255115717649,46.555949533358216,1848.27</coordinates></Point></Placemark><Placemark><TimeSpan><begin>2026-08-03T13:13:26Z</begin><end>2026-08-03T13:13:41Z</end></TimeSpan><styleUrl>#point</styleUrl><Point><altitudeMode>clampToGround</altitudeMode><coordinates>11.991194095462561,46.555734956637025,1845.8699999999999</coordinates></Point></Placemark><Placemark><TimeSpan><begin>2026-08-03T13:13:41Z</begin><end>2026-08-03T13:13:48Z</end></TimeSpan><styleUrl>#point</styleUrl><Point><altitudeMode>clampToGround</altitudeMode><coordinates>11.991123268380761,46.55565264634788,1843.95</coordinates></Point></Placemark><Placemark><TimeSpan><begin>2026-08-03T13:13:48Z</begin><end>2026-08-03T13:13:52Z</end></TimeSpan><styleUrl>#point</styleUrl><Point><altitudeMode>clampToGround</altitudeMode><coordinates>11.991074988618493,46.55561744235456,1842.98</coordinates></Point></Placemark><Placemark><TimeSpan><begin>2026-08-03T13:13:52Z</begin><end>2026-08-03T13:14:04Z</end></TimeSpan><styleUrl>#point</styleUrl><Point><altitudeMode>clampToGround</altitudeMode><coordinates>11.990902740508318,46.5556067135185,1840.0999999999999</coordinates></Point></Placemark><Placemark><TimeSpan><begin>2026-08-03T13:14:04Z</begin><end>2026-08-03T13:14:05Z</end></TimeSpan><styleUrl>#point</styleUrl><Point><altitudeMode>clampToGround</altitudeMode><coordinates>11.990895615890622,46.555617777630687,1839.6199999999999</coordinates></Point></Placemark><Placemark><TimeSpan><begin>2026-08-03T13:14:05Z</begin><end>2026-08-03T13:14:18Z</end></TimeSpan><styleUrl>#point</styleUrl><Point><altitudeMode>clampToGround</altitudeMode><coordinates>11.990861920639873,46.555725233629346,1837.7</coordinates></Point></Placemark><Placemark><TimeSpan><begin>2026-08-03T13:14:18Z</begin><end>2026-08-03T13:14:27Z</end></TimeSpan><styleUrl>#point</styleUrl><Point><altitudeMode>clampToGround</altitudeMode><coordinates>11.990879438817501,46.555731184780598,1837.22</coordinates></Point></Placemark><Placemark><TimeSpan><begin>2026-08-03T13:14:27Z</begin><end>2026-08-03T13:14:35Z</end></TimeSpan><styleUrl>#point</styleUrl><Point><altitudeMode>clampToGround</altitudeMode><coordinates>11.990836942568421,46.555772675201297,1836.74</coordinates></Point></Placemark><Placemark><TimeSpan><begin>2026-08-03T13:14:35Z</begin><end>2026-08-03T13:14:39Z</end></TimeSpan><styleUrl>#point</styleUrl><Point><altitudeMode>clampToGround</altitudeMode><coordinates>11.990824788808823,46.555809890851378,1835.29</coordinates></Point></Placemark><Placemark><TimeSpan><begin>2026-08-03T13:14:39Z</begin><end>2026-08-03T13:14:49Z</end></TimeSpan><styleUrl>#point</styleUrl><Point><altitudeMode>clampToGround</altitudeMode><coordinates>11.990780532360077,46.55583830550313,1834.3299999999999</coordinates></Point></Placemark><Placemark><TimeSpan><begin>2026-08-03T13:14:49Z</begin><end>2026-08-03T13:15:00Z</end></TimeSpan><styleUrl>#point</styleUrl><Point><altitudeMode>clampToGround</altitudeMode><coordinates>11.990814814344049,46.555846352130175,1834.3299999999999</coordinates></Point></Placemark><Placemark><TimeSpan><begin>2026-08-03T13:15:00Z</begin><end>2026-08-03T13:15:10Z</end></TimeSpan><styleUrl>#point</styleUrl><Point><altitudeMode>clampToGround</altitudeMode><coordinates>11.990757314488292,46.555856326594949,1834.3299999999999</coordinates></Point></Placemark><Placemark><TimeSpan><begin>2026-08-03T13:15:10Z</begin><end>2026-08-03T13:15:25Z</end></TimeSpan><styleUrl>#point</styleUrl><Point><altitudeMode>clampToGround</altitudeMode><coordinates>11.990626808255911,46.555811064317822,1830.97</coordinates></Point></Placemark><Placemark><TimeSpan><begin>2026-08-03T13:15:25Z</begin><end>2026-08-03T13:15:37Z</end></TimeSpan><styleUrl>#point</styleUrl><Point><altitudeMode>clampToGround</altitudeMode><coordinates>11.990491608157754,46.555796563625336,1828.0799999999999</coordinates></Point></Placemark><Placemark><TimeSpan><begin>2026-08-03T13:15:37Z</begin><end>2026-08-03T13:15:49Z</end></TimeSpan><styleUrl>#point</styleUrl><Point><altitudeMode>clampToGround</altitudeMode><coordinates>11.990364119410515,46.555782482028008,1824.72</coordinates></Point></Placemark><Placemark><TimeSpan><begin>2026-08-03T13:15:49Z</begin><end>2026-08-03T13:15:50Z</end></TimeSpan><styleUrl>#point</styleUrl><Point><altitudeMode>clampToGround</altitudeMode><coordinates>11.99035313911736,46.555781308561563,1824.72</coordinates></Point></Placemark><Placemark><TimeSpan><begin>2026-08-03T13:15:50Z</begin><end>2026-08-03T13:16:03Z</end></TimeSpan><styleUrl>#point</styleUrl><Point><altitudeMode>clampToGround</altitudeMode><coordinates>11.99017284438014,46.555813075974584,1822.3199999999999</coordinates></Point></Placemark><Placemark><TimeSpan><begin>2026-08-03T13:16:03Z</begin><end>2026-08-03T13:16:05Z</end></TimeSpan><styleUrl>#point</styleUrl><Point><altitudeMode>clampToGround</altitudeMode><coordinates>11.990149794146419,46.555819613859057,1821.3499999999999</coordinates></Point></Placemark><Placemark><TimeSpan><begin>2026-08-03T13:16:05Z</begin><end>2026-08-03T13:16:07Z</end></TimeSpan><styleUrl>#point</styleUrl><Point><altitudeMode>clampToGround</altitudeMode><coordinates>11.990120708942413,46.555827744305134,1820.8699999999999</coordinates></Point></Placemark><Placemark><TimeSpan><begin>2026-08-03T13:16:07Z</begin><end>2026-08-03T13:16:18Z</end></TimeSpan><styleUrl>#point</styleUrl><Point><altitudeMode>clampToGround</altitudeMode><coordinates>11.989992633461952,46.555907120928168,1817.99</coordinates></Point></Placemark><Placemark><TimeSpan><begin>2026-08-03T13:16:18Z</begin><end>2026-08-03T13:16:26Z</end></TimeSpan><styleUrl>#point</styleUrl><Point><altitudeMode>clampToGround</altitudeMode><coordinates>11.989927841350436,46.555966548621655,1816.0699999999999</coordinates></Point></Placemark><Placemark><TimeSpan><begin>2026-08-03T13:16:26Z</begin><end>2026-08-03T13:16:38Z</end></TimeSpan><styleUrl>#point</styleUrl><Point><altitudeMode>clampToGround</altitudeMode><coordinates>11.989856595173478,46.556080039590597,1813.1800000000001</coordinates></Point></Placemark><Placemark><TimeSpan><begin>2026-08-03T13:16:38Z</begin><end>2026-08-03T13:16:50Z</end></TimeSpan><styleUrl>#point</styleUrl><Point><altitudeMode>clampToGround</altitudeMode><coordinates>11.989746121689677,46.5561817958951,1810.3</coordinates></Point></Placemark><Placemark><TimeSpan><begin>2026-08-03T13:16:50Z</begin><end>2026-08-03T13:16:55Z</end></TimeSpan><styleUrl>#point</styleUrl><Point><altitudeMode>clampToGround</altitudeMode><coordinates>11.989708403125405,46.556229908019304,1808.3800000000001</coordinates></Point></Placemark><Placemark><TimeSpan><begin>2026-08-03T13:16:55Z</begin><end>2026-08-03T13:16:59Z</end></TimeSpan><styleUrl>#point</styleUrl><Point><altitudeMode>clampToGround</altitudeMode><coordinates>11.989670265465975,46.556264106184244,1807.4200000000001</coordinates></Point></Placemark><Placemark><TimeSpan><begin>2026-08-03T13:16:59Z</begin><end>2026-08-03T13:17:04Z</end></TimeSpan><styleUrl>#point</styleUrl><Point><altitudeMode>clampToGround</altitudeMode><coordinates>11.989634726196527,46.556314649060369,1805.49</coordinates></Point></Placemark><Placemark><TimeSpan><begin>2026-08-03T13:17:04Z</begin><end>2026-08-03T13:17:10Z</end></TimeSpan><styleUrl>#point</styleUrl><Point><altitudeMode>clampToGround</altitudeMode><coordinates>11.989570436999202,46.556364605203271,1804.53</coordinates></Point></Placemark><Placemark><TimeSpan><begin>2026-08-03T13:17:10Z</begin><end>2026-08-03T13:17:21Z</end></TimeSpan><styleUrl>#point</styleUrl><Point><altitudeMode>clampToGround</altitudeMode><coordinates>11.989496592432261,46.556486561894417,1801.1700000000001</coordinates></Point></Placemark><Placemark><TimeSpan><begin>2026-08-03T13:17:21Z</begin><end>2026-08-03T13:17:30Z</end></TimeSpan><styleUrl>#point</styleUrl><Point><altitudeMode>clampToGround</altitudeMode><coordinates>11.9893978536129,46.556581445038319,1799.24</coordinates></Point></Placemark><Placemark><TimeSpan><begin>2026-08-03T13:17:30Z</begin><end>2026-08-03T13:17:43Z</end></TimeSpan><styleUrl>#point</styleUrl><Point><altitudeMode>clampToGround</altitudeMode><coordinates>11.989397183060646,46.556757045909762,1795.4000000000001</coordinates></Point></Placemark><Placemark><TimeSpan><begin>2026-08-03T13:17:43Z</begin><end>2026-08-03T13:17:53Z</end></TimeSpan><styleUrl>#point</styleUrl><Point><altitudeMode>clampToGround</altitudeMode><coordinates>11.989432303234935,46.556888306513429,1793</coordinates></Point></Placemark><Placemark><TimeSpan><begin>2026-08-03T13:17:53Z</begin><end>2026-08-03T13:17:58Z</end></TimeSpan><styleUrl>#point</styleUrl><Point><altitudeMode>clampToGround</altitudeMode><coordinates>11.9893719535321,46.556937592104077,1791.55</coordinates></Point></Placemark><Placemark><TimeSpan><begin>2026-08-03T13:17:58Z</begin><end>2026-08-03T13:18:01Z</end></TimeSpan><styleUrl>#point</styleUrl><Point><altitudeMode>clampToGround</altitudeMode><coordinates>11.98932166211307,46.556954439729452,1791.0699999999999</coordinates></Point></Placemark><Placemark><TimeSpan><begin>2026-08-03T13:18:01Z</begin><end>2026-08-03T13:18:09Z</end></TimeSpan><styleUrl>#point</styleUrl><Point><altitudeMode>clampToGround</altitudeMode><coordinates>11.989227449521422,46.557018728926778,1788.6700000000001</coordinates></Point></Placemark><Placemark><TimeSpan><begin>2026-08-03T13:18:09Z</begin><end>2026-08-03T13:18:21Z</end></TimeSpan><styleUrl>#point</styleUrl><Point><altitudeMode>clampToGround</altitudeMode><coordinates>11.989103481173515,46.557123921811581,1784.8199999999999</coordinates></Point></Placemark><Placemark><TimeSpan><begin>2026-08-03T13:18:21Z</begin><end>2026-08-03T13:18:33Z</end></TimeSpan><styleUrl>#point</styleUrl><Point><altitudeMode>clampToGround</altitudeMode><coordinates>11.988985128700733,46.55720841139555,1782.4200000000001</coordinates></Point></Placemark><Placemark><TimeSpan><begin>2026-08-03T13:18:33Z</begin><end>2026-08-03T13:18:49Z</end></TimeSpan><styleUrl>#point</styleUrl><Point><altitudeMode>clampToGround</altitudeMode><coordinates>11.988939698785543,46.557280411943793,1780.98</coordinates></Point></Placemark><Placemark><TimeSpan><begin>2026-08-03T13:18:49Z</begin><end>2026-08-03T13:18:53Z</end></TimeSpan><styleUrl>#point</styleUrl><Point><altitudeMode>clampToGround</altitudeMode><coordinates>11.988915894180536,46.557320896536112,1780.02</coordinates></Point></Placemark><Placemark><TimeSpan><begin>2026-08-03T13:18:53Z</begin><end>2026-08-03T13:18:57Z</end></TimeSpan><styleUrl>#point</styleUrl><Point><altitudeMode>clampToGround</altitudeMode><coordinates>11.988900052383542,46.557375630363822,1778.5799999999999</coordinates></Point></Placemark><Placemark><TimeSpan><begin>2026-08-03T13:18:57Z</begin><end>2026-08-03T13:19:03Z</end></TimeSpan><styleUrl>#point</styleUrl><Point><altitudeMode>clampToGround</altitudeMode><coordinates>11.988867865875363,46.557471603155136,1776.6500000000001</coordinates></Point></Placemark><Placemark><TimeSpan><begin>2026-08-03T13:19:03Z</begin><end>2026-08-03T13:19:11Z</end></TimeSpan><styleUrl>#point</styleUrl><Point><altitudeMode>clampToGround</altitudeMode><coordinates>11.988803325220942,46.557569336146116,1773.29</coordinates></Point></Placemark><Placemark><TimeSpan><begin>2026-08-03T13:19:11Z</begin><end>2026-08-03T13:19:23Z</end></TimeSpan><styleUrl>#point</styleUrl><Point><altitudeMode>clampToGround</altitudeMode><coordinates>11.988668879494071,46.557677295058966,1769.9200000000001</coordinates></Point></Placemark><Placemark><TimeSpan><begin>2026-08-03T13:19:23Z</begin><end>2026-08-03T13:19:26Z</end></TimeSpan><styleUrl>#point</styleUrl><Point><altitudeMode>clampToGround</altitudeMode><coordinates>11.988640213385224,46.557703111320734,1769.4400000000001</coordinates></Point></Placemark><Placemark><TimeSpan><begin>2026-08-03T13:19:26Z</begin><end>2026-08-03T13:19:40Z</end></TimeSpan><styleUrl>#point</styleUrl><Point><altitudeMode>clampToGround</altitudeMode><coordinates>11.988562764599919,46.557803945615888,1767.04</coordinates></Point></Placemark><Placemark><TimeSpan><begin>2026-08-03T13:19:40Z</begin><end>2026-08-03T13:19:42Z</end></TimeSpan><styleUrl>#point</styleUrl><Point><altitudeMode>clampToGround</altitudeMode><coordinates>11.988548599183559,46.557815428823233,1766.5599999999999</coordinates></Point></Placemark><Placemark><TimeSpan><begin>2026-08-03T13:19:42Z</begin><end>2026-08-03T13:19:45Z</end></TimeSpan><styleUrl>#point</styleUrl><Point><altitudeMode>clampToGround</altitudeMode><coordinates>11.988504426553845,46.557820709422231,1765.5999999999999</coordinates></Point></Placemark><Placemark><TimeSpan><begin>2026-08-03T13:19:45Z</begin><end>2026-08-03T13:19:50Z</end></TimeSpan><styleUrl>#point</styleUrl><Point><altitudeMode>clampToGround</altitudeMode><coordinates>11.988446423783898,46.557864798232913,1765.1199999999999</coordinates></Point></Placemark><Placemark><TimeSpan><begin>2026-08-03T13:19:50Z</begin><end>2026-08-03T13:20:04Z</end></TimeSpan><styleUrl>#point</styleUrl><Point><altitudeMode>clampToGround</altitudeMode><coordinates>11.988358162343502,46.557961441576481,1763.6800000000001</coordinates></Point></Placemark><Placemark><TimeSpan><begin>2026-08-03T13:20:04Z</begin><end>2026-08-03T13:20:17Z</end></TimeSpan><styleUrl>#point</styleUrl><Point><altitudeMode>clampToGround</altitudeMode><coordinates>11.988258082419634,46.558059090748429,1761.75</coordinates></Point></Placemark><Placemark><TimeSpan><begin>2026-08-03T13:20:17Z</begin><end>2026-08-03T13:20:33Z</end></TimeSpan><styleUrl>#point</styleUrl><Point><altitudeMode>clampToGround</altitudeMode><coordinates>11.988044176250696,46.55816713348031,1760.3099999999999</coordinates></Point></Placemark><Placemark><TimeSpan><begin>2026-08-03T13:20:33Z</begin><end>2026-08-03T13:20:38Z</end></TimeSpan><styleUrl>#point</styleUrl><Point><altitudeMode>clampToGround</altitudeMode><coordinates>11.987973349168897,46.5581832267344,1760.3099999999999</coordinates></Point></Placemark><Placemark><TimeSpan><begin>2026-08-03T13:20:38Z</begin><end>2026-08-03T13:20:53Z</end></TimeSpan><styleUrl>#point</styleUrl><Point><altitudeMode>clampToGround</altitudeMode><coordinates>11.987772602587938,46.558203510940075,1759.3499999999999</coordinates></Point></Placemark><Placemark><TimeSpan><begin>2026-08-03T13:20:53Z</begin><end>2026-08-03T13:21:03Z</end></TimeSpan><styleUrl>#point</styleUrl><Point><altitudeMode>clampToGround</altitudeMode><coordinates>11.987742846831679,46.558243408799171,1758.8699999999999</coordinates></Point></Placemark><Placemark><TimeSpan><begin>2026-08-03T13:21:03Z</begin><end>2026-08-03T13:21:14Z</end></TimeSpan><styleUrl>#point</styleUrl><Point><altitudeMode>clampToGround</altitudeMode><coordinates>11.987695740535855,46.55824969522655,1758.8699999999999</coordinates></Point></Placemark><Placemark><TimeSpan><begin>2026-08-03T13:21:14Z</begin><end>2026-08-03T13:21:26Z</end></TimeSpan><styleUrl>#point</styleUrl><Point><altitudeMode>clampToGround</altitudeMode><coordinates>11.98769255541265,46.558250114321709,1758.3900000000001</coordinates></Point></Placemark><Placemark><TimeSpan><begin>2026-08-03T13:21:26Z</begin><end>2026-08-03T13:21:38Z</end></TimeSpan><styleUrl>#point</styleUrl><Point><altitudeMode>clampToGround</altitudeMode><coordinates>11.987677635625005,46.558265537023544,1758.3900000000001</coordinates></Point></Placemark><Placemark><TimeSpan><begin>2026-08-03T13:21:38Z</begin><end>2026-08-03T13:21:49Z</end></TimeSpan><styleUrl>#point</styleUrl><Point><altitudeMode>clampToGround</altitudeMode><coordinates>11.987713845446706,46.558299567550421,1758.3900000000001</coordinates></Point></Placemark><Placemark><TimeSpan><begin>2026-08-03T13:21:49Z</begin><end>2026-08-03T13:22:01Z</end></TimeSpan><styleUrl>#point</styleUrl><Point><altitudeMode>clampToGround</altitudeMode><coordinates>11.987672438845038,46.558292023837566,1757.9100000000001</coordinates></Point></Placemark><Placemark><TimeSpan><begin>2026-08-03T13:22:01Z</begin><end>2026-08-03T13:22:07Z</end></TimeSpan><styleUrl>#point</styleUrl><Point><altitudeMode>clampToGround</altitudeMode><coordinates>11.987628685310483,46.55828439630568,1757.9100000000001</coordinates></Point></Placemark><Placemark><TimeSpan><begin>2026-08-03T13:22:07Z</begin><end>2026-08-03T13:22:19Z</end></TimeSpan><styleUrl>#point</styleUrl><Point><altitudeMode>clampToGround</altitudeMode><coordinates>11.987466746941209,46.55825556255877,1757.9100000000001</coordinates></Point></Placemark><Placemark><TimeSpan><begin>2026-08-03T13:22:19Z</begin><end>2026-08-03T13:22:31Z</end></TimeSpan><styleUrl>#point</styleUrl><Point><altitudeMode>clampToGround</altitudeMode><coordinates>11.987315872684121,46.558233769610524,1756.95</coordinates></Point></Placemark><Placemark><TimeSpan><begin>2026-08-03T13:22:31Z</begin><end>2026-08-03T13:22:34Z</end></TimeSpan><styleUrl>#point</styleUrl><Point><altitudeMode>clampToGround</altitudeMode><coordinates>11.987271783873439,46.558236535638571,1756.47</coordinates></Point></Placemark><Placemark><TimeSpan><begin>2026-08-03T13:22:34Z</begin><end>2026-08-03T13:22:40Z</end></TimeSpan><styleUrl>#point</styleUrl><Point><altitudeMode>clampToGround</altitudeMode><coordinates>11.987186539918184,46.558228321373463,1755.99</coordinates></Point></Placemark><Placemark><TimeSpan><begin>2026-08-03T13:22:40Z</begin><end>2026-08-03T13:22:54Z</end></TimeSpan><styleUrl>#point</styleUrl><Point><altitudeMode>clampToGround</altitudeMode><coordinates>11.986957713961601,46.558203091844916,1755.5</coordinates></Point></Placemark><Placemark><TimeSpan><begin>2026-08-03T13:22:54Z</begin><end>2026-08-03T13:23:10Z</end></TimeSpan><styleUrl>#point</styleUrl><Point><altitudeMode>clampToGround</altitudeMode><coordinates>11.986688990145922,46.558192195370793,1754.0599999999999</coordinates></Point></Placemark><Placemark><TimeSpan><begin>2026-08-03T13:23:10Z</begin><end>2026-08-03T13:23:17Z</end></TimeSpan><styleUrl>#point</styleUrl><Point><altitudeMode>clampToGround</altitudeMode><coordinates>11.986571894958615,46.558189261704683,1754.0599999999999</coordinates></Point></Placemark><Placemark><TimeSpan><begin>2026-08-03T13:23:17Z</begin><end>2026-08-03T13:23:31Z</end></TimeSpan><styleUrl>#point</styleUrl><Point><altitudeMode>clampToGround</altitudeMode><coordinates>11.986320521682501,46.55819202773273,1753.0999999999999</coordinates></Point></Placemark><Placemark><TimeSpan><begin>2026-08-03T13:23:31Z</begin><end>2026-08-03T13:23:46Z</end></TimeSpan><styleUrl>#point</styleUrl><Point><altitudeMode>clampToGround</altitudeMode><coordinates>11.98607518337667,46.558273835107684,1751.6600000000001</coordinates></Point></Placemark><Placemark><TimeSpan><begin>2026-08-03T13:23:46Z</begin><end>2026-08-03T13:23:50Z</end></TimeSpan><styleUrl>#point</styleUrl><Point><altitudeMode>clampToGround</altitudeMode><coordinates>11.986010055989027,46.558300741016865,1751.6600000000001</coordinates></Point></Placemark><Placemark><TimeSpan><begin>2026-08-03T13:23:50Z</begin><end>2026-08-03T13:24:01Z</end></TimeSpan><styleUrl>#point</styleUrl><Point><altitudeMode>clampToGround</altitudeMode><coordinates>11.985850716009736,46.558402497321367,1751.6600000000001</coordinates></Point></Placemark><Placemark><TimeSpan><begin>2026-08-03T13:24:01Z</begin><end>2026-08-03T13:24:14Z</end></TimeSpan><styleUrl>#point</styleUrl><Point><altitudeMode>clampToGround</altitudeMode><coordinates>11.985709397122264,46.558539541438222,1751.1800000000001</coordinates></Point></Placemark><Placemark><TimeSpan><begin>2026-08-03T13:24:14Z</begin><end>2026-08-03T13:24:27Z</end></TimeSpan><styleUrl>#point</styleUrl><Point><altitudeMode>clampToGround</altitudeMode><coordinates>11.985575873404741,46.558688823133707,1751.1800000000001</coordinates></Point></Placemark><Placemark><TimeSpan><begin>2026-08-03T13:24:27Z</begin><end>2026-08-03T13:24:42Z</end></TimeSpan><styleUrl>#point</styleUrl><Point><altitudeMode>clampToGround</altitudeMode><coordinates>11.985483840107918,46.558872805908322,1750.7</coordinates></Point></Placemark><Placemark><TimeSpan><begin>2026-08-03T13:24:42Z</begin><end>2026-08-03T13:24:45Z</end></TimeSpan><styleUrl>#point</styleUrl><Point><altitudeMode>clampToGround</altitudeMode><coordinates>11.985478391870856,46.558901555836201,1750.7</coordinates></Point></Placemark><Placemark><TimeSpan><begin>2026-08-03T13:24:45Z</begin><end>2026-08-03T13:24:54Z</end></TimeSpan><styleUrl>#point</styleUrl><Point><altitudeMode>clampToGround</altitudeMode><coordinates>11.985497502610087,46.558998785912991,1750.22</coordinates></Point></Placemark><Placemark><TimeSpan><begin>2026-08-03T13:24:54Z</begin><end>2026-08-03T13:25:07Z</end></TimeSpan><styleUrl>#point</styleUrl><Point><altitudeMode>clampToGround</altitudeMode><coordinates>11.985407900065184,46.559137003496289,1749.74</coordinates></Point></Placemark><Placemark><TimeSpan><begin>2026-08-03T13:25:07Z</begin><end>2026-08-03T13:25:20Z</end></TimeSpan><styleUrl>#point</styleUrl><Point><altitudeMode>clampToGround</altitudeMode><coordinates>11.985286362469196,46.559260636568069,1749.26</coordinates></Point></Placemark><Placemark><TimeSpan><begin>2026-08-03T13:25:20Z</begin><end>2026-08-03T13:25:32Z</end></TimeSpan><styleUrl>#point</styleUrl><Point><altitudeMode>clampToGround</altitudeMode><coordinates>11.985118892043829,46.55932710506022,1748.29</coordinates></Point></Placemark><Placemark><TimeSpan><begin>2026-08-03T13:25:32Z</begin><end>2026-08-03T13:25:42Z</end></TimeSpan><styleUrl>#point</styleUrl><Point><altitudeMode>clampToGround</altitudeMode><coordinates>11.98498897254467,46.559384521096945,1747.8099999999999</coordinates></Point></Placemark><Placemark><TimeSpan><begin>2026-08-03T13:25:42Z</begin><end>2026-08-03T13:25:49Z</end></TimeSpan><styleUrl>#point</styleUrl><Point><altitudeMode>clampToGround</altitudeMode><coordinates>11.984910350292921,46.559432214125991,1747.8099999999999</coordinates></Point></Placemark><Placemark><TimeSpan><begin>2026-08-03T13:25:49Z</begin><end>2026-08-03T13:26:03Z</end></TimeSpan><styleUrl>#point</styleUrl><Point><altitudeMode>clampToGround</altitudeMode><coordinates>11.984717566519976,46.559540424495935,1746.8499999999999</coordinates></Point></Placemark><Placemark><TimeSpan><begin>2026-08-03T13:26:03Z</begin><end>2026-08-03T13:26:11Z</end></TimeSpan><styleUrl>#point</styleUrl><Point><altitudeMode>clampToGround</altitudeMode><coordinates>11.984591167420149,46.559582082554698,1746.3699999999999</coordinates></Point></Placemark><Placemark><TimeSpan><begin>2026-08-03T13:26:11Z</begin><end>2026-08-03T13:26:24Z</end></TimeSpan><styleUrl>#point</styleUrl><Point><altitudeMode>clampToGround</altitudeMode><coordinates>11.984388576820493,46.559649640694261,1745.8900000000001</coordinates></Point></Placemark><Placemark><TimeSpan><begin>2026-08-03T13:26:24Z</begin><end>2026-08-03T13:26:35Z</end></TimeSpan><styleUrl>#point</styleUrl><Point><altitudeMode>clampToGround</altitudeMode><coordinates>11.984276259317994,46.559726418927312,1744.9300000000001</coordinates></Point></Placemark><Placemark><TimeSpan><begin>2026-08-03T13:26:35Z</begin><end>2026-08-03T13:26:41Z</end></TimeSpan><styleUrl>#point</styleUrl><Point><altitudeMode>clampToGround</altitudeMode><coordinates>11.984222112223506,46.559771010652184,1744.9300000000001</coordinates></Point></Placemark><Placemark><TimeSpan><begin>2026-08-03T13:26:41Z</begin><end>2026-08-03T13:26:57Z</end></TimeSpan><styleUrl>#point</styleUrl><Point><altitudeMode>clampToGround</altitudeMode><coordinates>11.983966045081615,46.559853740036488,1744.45</coordinates></Point></Placemark><Placemark><TimeSpan><begin>2026-08-03T13:26:57Z</begin><end>2026-08-03T13:26:58Z</end></TimeSpan><styleUrl>#point</styleUrl><Point><altitudeMode>clampToGround</altitudeMode><coordinates>11.983953723683953,46.559859691187739,1744.45</coordinates></Point></Placemark><Placemark><TimeSpan><begin>2026-08-03T13:26:58Z</begin><end>2026-08-03T13:27:12Z</end></TimeSpan><styleUrl>#point</styleUrl><Point><altitudeMode>clampToGround</altitudeMode><coordinates>11.983759934082627,46.559934793040156,1744.45</coordinates></Point></Placemark><Placemark><TimeSpan><begin>2026-08-03T13:27:12Z</begin><end>2026-08-03T13:27:18Z</end></TimeSpan><styleUrl>#point</styleUrl><Point><altitudeMode>clampToGround</altitudeMode><coordinates>11.983665721490979,46.559956250712276,1743.97</coordinates></Point></Placemark><Placemark><TimeSpan><begin>2026-08-03T13:27:18Z</begin><end>2026-08-03T13:27:31Z</end></TimeSpan><styleUrl>#point</styleUrl><Point><altitudeMode>clampToGround</altitudeMode><coordinates>11.983482912182808,46.560003105551004,1743.49</coordinates></Point></Placemark><Placemark><TimeSpan><begin>2026-08-03T13:27:31Z</begin><end>2026-08-03T13:27:41Z</end></TimeSpan><styleUrl>#point</styleUrl><Point><altitudeMode>clampToGround</altitudeMode><coordinates>11.983332121744752,46.560042751953006,1743.49</coordinates></Point></Placemark><Placemark><TimeSpan><begin>2026-08-03T13:27:41Z</begin><end>2026-08-03T13:27:44Z</end></TimeSpan><styleUrl>#point</styleUrl><Point><altitudeMode>clampToGround</altitudeMode><coordinates>11.983293229714036,46.560065047815442,1743.49</coordinates></Point></Placemark><Placemark><TimeSpan><begin>2026-08-03T13:27:44Z</begin><end>2026-08-03T13:27:46Z</end></TimeSpan><styleUrl>#point</styleUrl><Point><altitudeMode>clampToGround</altitudeMode><coordinates>11.983264898881316,46.560076111927629,1743.49</coordinates></Point></Placemark><Placemark><TimeSpan><begin>2026-08-03T13:27:46Z</begin><end>2026-08-03T13:27:58Z</end></TimeSpan><styleUrl>#point</styleUrl><Point><altitudeMode>clampToGround</altitudeMode><coordinates>11.983087537810206,46.560102179646492,1744.45</coordinates></Point></Placemark><Placemark><TimeSpan><begin>2026-08-03T13:27:58Z</begin><end>2026-08-03T13:28:04Z</end></TimeSpan><styleUrl>#point</styleUrl><Point><altitudeMode>clampToGround</altitudeMode><coordinates>11.983005311340094,46.56009379774332,1745.4100000000001</coordinates></Point></Placemark><Placemark><TimeSpan><begin>2026-08-03T13:28:04Z</begin><end>2026-08-03T13:28:14Z</end></TimeSpan><styleUrl>#point</styleUrl><Point><altitudeMode>clampToGround</altitudeMode><coordinates>11.982913110405207,46.560071585699916,1745.4100000000001</coordinates></Point></Placemark><Placemark><TimeSpan><begin>2026-08-03T13:28:14Z</begin><end>2026-08-03T13:28:24Z</end></TimeSpan><styleUrl>#point</styleUrl><Point><altitudeMode>clampToGround</altitudeMode><coordinates>11.982861226424575,46.56001509167254,1745.8900000000001</coordinates></Point></Placemark><Placemark><TimeSpan><begin>2026-08-03T13:28:24Z</begin><end>2026-08-03T13:28:37Z</end></TimeSpan><styleUrl>#point</styleUrl><Point><altitudeMode>clampToGround</altitudeMode><coordinates>11.982832057401538,46.560020288452506,1745.8900000000001</coordinates></Point></Placemark><Placemark><TimeSpan><begin>2026-08-03T13:28:37Z</begin><end>2026-08-03T13:28:54Z</end></TimeSpan><styleUrl>#point</styleUrl><Point><altitudeMode>clampToGround</altitudeMode><coordinates>11.982835410162807,46.560064209625125,1745.4100000000001</coordinates></Point></Placemark><Placemark><TimeSpan><begin>2026-08-03T13:28:54Z</begin><end>2026-08-03T13:29:11Z</end></TimeSpan><styleUrl>#point</styleUrl><Point><altitudeMode>clampToGround</altitudeMode><coordinates>11.98286198079586,46.560031855478883,1745.4100000000001</coordinates></Point></Placemark><Placemark><TimeSpan><begin>2026-08-03T13:29:11Z</begin><end>2026-08-03T13:29:26Z</end></TimeSpan><styleUrl>#point</styleUrl><Point><altitudeMode>clampToGround</altitudeMode><coordinates>11.982860388234258,46.560034118592739,1746.3699999999999</coordinates></Point></Placemark><Placemark><TimeSpan><begin>2026-08-03T13:29:26Z</begin><end>2026-08-03T13:29:28Z</end></TimeSpan><styleUrl>#point</styleUrl><Point><altitudeMode>clampToGround</altitudeMode><coordinates>11.982838679105043,46.560027915984392,1743.97</coordinates></Point></Placemark><Placemark><TimeSpan><begin>2026-08-03T13:29:28Z</begin><end>2026-08-03T13:29:30Z</end></TimeSpan><styleUrl>#point</styleUrl><Point><altitudeMode>clampToGround</altitudeMode><coordinates>11.982837170362473,46.56002783216536,1745.4100000000001</coordinates></Point></Placemark></Folder><Placemark><name>Capanna Alpina - Rif. Lagazuoi</name><Style><LineStyle><color>ff600000</color><width>4</width></LineStyle></Style><MultiGeometry><LineString><coordinates>11.981351394206285,46.559792887419462,1602.1700000000001 11.981255756691098,46.559789786115289,1606.5 11.981248967349529,46.559797748923302,1610.8299999999999 11.981246788054705,46.559801436960697,1614.6700000000001 11.981245530769229,46.559801269322634,1618.04 11.981228264048696,46.559813842177391,1621.8800000000001 11.981215439736843,46.559821385890245,1625.25 11.981210745871067,46.559822475537658,1628.6099999999999 11.981216697022319,46.559820212423801,1632.46 11.981218792498112,46.559816524386406,1635.8199999999999 11.981225330382586,46.559804789721966,1638.7 11.981235388666391,46.559796240180731,1642.0699999999999 11.981247961521149,46.559787942096591,1645.4300000000001 11.981250895187259,46.559787103906274,1651.2 11.98124754242599,46.559792468324304,1656.49 11.981243686750531,46.559796323999763,1661.78 11.981245698407292,46.559790372848511,1666.5799999999999 11.981251649558544,46.559784337878227,1670.9100000000001 11.981260366737843,46.559779644012451,1675.23 11.981272855773568,46.559772854670882,1679.5599999999999 11.981275621801615,46.559774782508612,1682.9300000000001 11.98126413859427,46.559780901297927,1686.77 11.981256008148193,46.559782745316625,1689.6500000000001 11.981251146644354,46.559783751145005,1693.02 11.981243519112468,46.559779560193419,1695.9000000000001 11.981229018419981,46.559769585728645,1699.27 11.9812245760113,46.559745948761702,1703.1099999999999 11.981224911287427,46.559732370078564,1706.48 11.981240585446358,46.559734717011452,1708.4000000000001 11.981345443055034,46.55976103618741,1712.73 11.98141316883266,46.559820463880897,1716.0899999999999 11.981436470523477,46.559843262657523,1717.53 11.981526575982571,46.559859104454517,1721.3800000000001 11.981654400005937,46.55986312776804,1724.74 11.981826983392239,46.559854662045836,1727.6300000000001 11.982069639489055,46.5598064661026,1729.0699999999999 11.982307685539126,46.559843514114618,1729.55 11.982562746852636,46.55992959626019,1730.51 11.982740694656968,46.560016348958015,1730.99 11.982753518968821,46.560014588758349,1730.99 11.982830632477999,46.560025736689568,1730.99 11.98297630995512,46.560075106099248,1730.99 11.983049903064966,46.560111651197076,1730.99 11.983106061816216,46.560123553499579,1729.55 11.983167417347431,46.560118859633803,1729.0699999999999 11.983232712373137,46.560104861855507,1729.0699999999999 11.983451563864946,46.560009643435478,1727.6300000000001 11.983561031520367,46.559981480240822,1727.6300000000001 11.983556421473622,46.559995729476213,1727.6300000000001 11.983567485585809,46.560004111379385,1727.6300000000001 11.983561869710684,46.560018192976713,1727.6300000000001 11.983531694859266,46.560097234323621,1727.6300000000001 11.98353479616344,46.560100503265858,1727.6300000000001 11.983558516949415,46.560096396133304,1727.6300000000001 11.983573017641902,46.560115590691566,1728.1099999999999 11.983539741486311,46.560108382254839,1728.1099999999999 11.983385933563113,46.560114249587059,1728.1099999999999 11.983155515044928,46.560159595683217,1729.55 11.982949320226908,46.560144005343318,1730.99 11.982894837856293,46.560128079727292,1731.47 11.983121233060956,46.56014165841043,1730.03 11.983168087899685,46.560136964544654,1730.03 11.983467573300004,46.560041662305593,1728.1099999999999 11.983729340136051,46.559952311217785,1728.1099999999999 11.983932936564088,46.559858685359359,1728.1099999999999 11.984174670651555,46.559770256280899,1728.1099999999999 11.984270391985774,46.559721054509282,1728.1099999999999 11.98449058458209,46.559622483327985,1729.55 11.984488405287266,46.559608820825815,1729.55 11.984505252912641,46.559562468901277,1729.55 11.984504330903292,46.559566995128989,1729.55 11.984606087207794,46.559563893824816,1730.03 11.984863998368382,46.559463227167726,1730.51 11.984996935352683,46.55937890522182,1730.99 11.985201286152005,46.559291062876582,1730.99 11.985396081581712,46.559157036244869,1731.95 11.985468165948987,46.55900557525456,1732.9100000000001 11.985472859814763,46.558996690437198,1732.4300000000001 11.98546732775867,46.559002390131354,1732.9100000000001 11.985475290566683,46.558962408453226,1732.9100000000001 11.985505046322942,46.558902142569423,1733.3900000000001 11.985605210065842,46.558736683800817,1733.3900000000001 11.985776703804731,46.558534931391478,1733.3900000000001 11.985828252509236,46.558490758761764,1733.3900000000001 11.985996477305889,46.558358073234558,1733.3900000000001 11.986027406528592,46.558340135961771,1733.3900000000001 11.986085660755634,46.558300154283643,1733.3900000000001 11.986306020990014,46.558228069916368,1733.3900000000001 11.986524872481823,46.55823745764792,1733.8800000000001 11.986664263531566,46.558231925591826,1734.3599999999999 11.986693432554603,46.558228991925716,1734.8399999999999 11.98677783831954,46.558239553123713,1734.8399999999999 11.987022506073117,46.558238128200173,1736.28 11.987281758338213,46.558231925591826,1736.76 11.987376473844051,46.558234943076968,1736.76 11.987612172961235,46.558239553123713,1737.72 11.987823648378253,46.558233015239239,1738.2 11.987999500706792,46.55819839797914,1738.6800000000001 11.988089773803949,46.558176605030894,1738.6800000000001 11.988235283643007,46.558084907010198,1739.6400000000001 11.988327652215958,46.557996310293674,1740.5999999999999 11.988373752683401,46.55795993283391,1741.0799999999999 11.988401832059026,46.557928249239922,1741.0799999999999 11.988524794578552,46.557815009728074,1743.49 11.988612553104758,46.557752564549446,1745.4100000000001 11.988640297204256,46.557752313092351,1745.4100000000001 11.988664688542485,46.557707469910383,1746.8499999999999 11.988723529502749,46.557683162391186,1747.3299999999999 11.988797206431627,46.557597080245614,1749.74 11.988851353526115,46.557539161294699,1751.6600000000001 11.988841965794563,46.557510159909725,1752.1400000000001 11.988840792328119,46.557502616196871,1752.1400000000001 11.988863339647651,46.557503789663315,1752.1400000000001 11.988870799541473,46.55749917961657,1752.1400000000001 11.988889155909419,46.557462047785521,1752.6199999999999 11.988894268870354,46.557442685589194,1753.5799999999999 11.988946571946144,46.557343695312738,1755.99 11.989003568887711,46.557242944836617,1758.3900000000001 11.98907682672143,46.557134902104735,1760.3099999999999 11.989174811169505,46.557055190205574,1763.2 11.989242034032941,46.556992158293724,1765.1199999999999 11.989336498081684,46.556943543255329,1767.04 11.989424005150795,46.556876907125115,1768.96 11.989409001544118,46.556797446683049,1770.4100000000001 11.989404894411564,46.556723937392235,1772.3299999999999 11.989440349861979,46.556655541062355,1773.29 11.989491730928421,46.556577421724796,1774.73 11.989537831395864,46.556507600471377,1776.1700000000001 11.989577980712056,46.556448256596923,1778.0999999999999 11.989627601578832,46.556374076753855,1779.54 11.989679569378495,46.556303836405277,1781.46 11.989761460572481,46.556244911625981,1782.9000000000001 11.989792641252279,46.556201074272394,1784.3399999999999 11.989768166095018,46.556213228031993,1784.3399999999999 11.989787612110376,46.556201325729489,1785.3099999999999 11.989823067560792,46.556143909692764,1786.27 11.98987084440887,46.556070148944855,1788.6700000000001 11.989919878542423,46.556016504764557,1789.6300000000001 11.989960866048932,46.555962106212974,1791.55 11.990048876032233,46.555896559730172,1793 11.990119284018874,46.555843753740191,1794.4400000000001 11.990201091393828,46.555807376280427,1796.3599999999999 11.990318186581135,46.555791450664401,1798.28 11.990418517962098,46.555770495906472,1800.21 11.990513149648905,46.555778542533517,1801.1700000000001 11.990607446059585,46.555782901123166,1803.5699999999999 11.990684056654572,46.555798659101129,1805.01 11.99077726341784,46.555815003812313,1807.9000000000001 11.990820681676269,46.555843502283096,1808.8599999999999 11.990818753838539,46.55583486892283,1808.8599999999999 11.990868458524346,46.555820954963565,1809.3399999999999 11.99087399058044,46.555799748748541,1809.8199999999999 11.990881199017167,46.555814668536186,1810.3 11.990894945338368,46.55583193525672,1810.3 11.990902740508318,46.555805280804634,1810.78 11.990910284221172,46.555748200044036,1812.22 11.990922689437866,46.555667733773589,1813.6600000000001 11.990924701094627,46.555657759308815,1814.6300000000001 11.991014638915658,46.555603696033359,1816.0699999999999 11.991077922284603,46.555601265281439,1816.55 11.991173811256886,46.555650131776929,1817.99 11.991255283355713,46.555713331326842,1819.4300000000001 11.991300461813807,46.555796731263399,1821.3499999999999 11.991305323317647,46.555875604972243,1822.3199999999999 11.991304066032171,46.555892787873745,1822.3199999999999 11.991381179541349,46.55597853474319,1824.24 11.991473631933331,46.555992029607296,1825.6800000000001 11.991517720744014,46.555965291336179,1826.1600000000001 11.991521492600441,46.555935619398952,1826.6400000000001 11.991538172587752,46.55587644316256,1828.0799999999999 11.991533478721976,46.555808465927839,1828.5599999999999 11.991546805948019,46.555723892524838,1830.01 11.991556864231825,46.555629763752222,1831.45 11.991620818153024,46.5555773768574,1832.4100000000001 11.991734895855188,46.555558433756232,1834.3299999999999 11.991883926093578,46.555611491203308,1835.29 11.991905551403761,46.555630434304476,1835.77 11.991976546123624,46.555704111233354,1837.22 11.992038572207093,46.555793462321162,1840.0999999999999 11.992045026272535,46.555802598595619,1840.5799999999999 11.992095401510596,46.555894380435348,1842.98 11.992081655189395,46.555928159505129,1843.47 11.992089450359344,46.555951964110136,1843.95 11.992125744000077,46.555950539186597,1844.4300000000001 11.992119876667857,46.555944755673409,1844.4300000000001 11.992131862789392,46.555927991867065,1844.4300000000001 11.992187183350325,46.555878119543195,1844.4300000000001 11.992240324616432,46.555776530876756,1846.3499999999999 11.992296986281872,46.555707883089781,1847.79 11.99239119887352,46.555673852562904,1849.71 11.992469737306237,46.555624399334192,1852.1199999999999 11.992547772824764,46.555564887821674,1854.04 11.992641566321254,46.555542256683111,1856.4400000000001 11.992739802226424,46.555612497031689,1857.8900000000001 11.992747262120247,46.555688856169581,1859.8099999999999 11.992779448628426,46.555754486471415,1861.25 11.992812138050795,46.555796898901463,1863.1700000000001 11.992807444185019,46.555793294683099,1863.1700000000001 11.992843570187688,46.555804945528507,1863.1700000000001 11.992847509682178,46.555803604424,1863.6500000000001 11.992862429469824,46.555769825354218,1863.6500000000001 11.992921773344278,46.555719533935189,1865.0899999999999 11.992953373119235,46.555670918896794,1866.54 11.993011208251119,46.555603025481105,1868.46 11.993088992312551,46.555536556988955,1870.3800000000001 11.993189407512546,46.55555441044271,1871.8199999999999 11.993231736123562,46.555642252787948,1873.27 11.99324581772089,46.555724060162902,1875.1900000000001 11.993284374475479,46.555760353803635,1876.1500000000001 11.993374731391668,46.555736381560564,1878.0699999999999 11.99345201253891,46.555679719895124,1880.48 11.993481097742915,46.555657256394625,1880.96 11.993527030572295,46.555595565587282,1882.4000000000001 11.993582937866449,46.555539574474096,1883.8399999999999 11.993644880130887,46.555477296933532,1886.24 11.993748899549246,46.55544200912118,1887.6900000000001 11.993846381083131,46.555509986355901,1890.0899999999999 11.993898935616016,46.555564217269421,1891.53 11.993966242298484,46.55557150952518,1893.45 11.993949897587299,46.555600091814995,1893.45 11.993963560089469,46.555593386292458,1893.45 11.993950651958585,46.555608389899135,1893.45 11.993971187621355,46.555615179240704,1893.45 11.993982084095478,46.55561744235456,1893.9300000000001 11.994008990004659,46.555525744333863,1895.3800000000001 11.994006475433707,46.555463718250394,1896.8199999999999 11.994019048288465,46.555403200909495,1898.74 11.99403690174222,46.55533161945641,1900.6600000000001 11.994062885642052,46.555255679413676,1902.5899999999999 11.994146872311831,46.555195832625031,1904.51 11.994190206751227,46.555125508457422,1906.9100000000001 11.99422650039196,46.555054681375623,1908.3499999999999 11.994298165664077,46.555014029145241,1909.3199999999999 11.994366981089115,46.555003970861435,1910.28 11.994477119296789,46.555008497089148,1912.2 11.994561860337853,46.554992655292153,1914.5999999999999 11.994651379063725,46.554975556209683,1916.04 11.994706196710467,46.554973628371954,1917.01 11.994803678244352,46.554967006668448,1919.4100000000001 11.994898812845349,46.554956864565611,1922.29 11.994971316307783,46.554945884272456,1924.22 11.995002496987581,46.554907746613026,1925.6600000000001 11.995034432038665,46.554876901209354,1926.1400000000001 11.995130572468042,46.554819568991661,1927.0999999999999 11.995228137820959,46.55476039275527,1928.0599999999999 11.995281782001257,46.554726948961616,1929.02 11.995326457545161,46.554693169891834,1929.98 11.99540700763464,46.554655116051435,1930.95 11.995505411177874,46.554659390822053,1931.9100000000001 11.995596857741475,46.554672969505191,1934.3099999999999 11.995682436972857,46.554664755240083,1935.75 11.995743876323104,46.5546690300107,1937.1900000000001 11.995835825800896,46.554660396650434,1939.1199999999999 11.995911598205566,46.55464505776763,1941.04 11.995974043384194,46.554607506841421,1942.48 11.996034644544125,46.554554868489504,1944.4000000000001 11.996078565716743,46.554508348926902,1945.8499999999999 11.996100526303053,46.554447412490845,1948.25 11.996165988966823,46.554357390850782,1949.21 11.996228769421577,46.554286060854793,1949.6900000000001 11.996264979243279,46.55423853546381,1950.1700000000001 11.996269505470991,46.554214479401708,1950.6500000000001 11.9963070563972,46.554146921262145,1950.6500000000001 11.996445273980498,46.554081374779344,1952.5699999999999 11.99655138887465,46.554057151079178,1954.5 11.996653480455279,46.554032592102885,1955.9400000000001 11.996763283386827,46.554008619859815,1958.3399999999999 11.996843833476305,46.55397517606616,1959.78 11.996934274211526,46.55394684523344,1961.71 11.99700434692204,46.553902504965663,1963.6300000000001 11.997052626684308,46.553863696753979,1965.0699999999999 11.997057236731052,46.553834360092878,1966.51 11.997056230902672,46.553851291537285,1966.51 11.997071653604507,46.553827654570341,1966.51 11.997074335813522,46.553760431706905,1968.4400000000001 11.99710207991302,46.553677786141634,1969.8800000000001 11.99712697416544,46.553596900776029,1971.8 11.997129237279296,46.553588854148984,1971.8 11.997142396867275,46.553504448384047,1973.72 11.997160920873284,46.553432028740644,1975.1700000000001 11.997204842045903,46.553341168910265,1977.0899999999999 11.997239291667938,46.553289284929633,1978.05 11.997326798737049,46.553220553323627,1979.01 11.997452024370432,46.553123071789742,1979.49 11.997462082654238,46.553115611895919,1979.49 11.997514721006155,46.553100692108274,1980.45 11.99763810262084,46.553160957992077,1980.45 11.997632486745715,46.553164729848504,1980.45 11.997629888355732,46.553154587745667,1980.45 11.997597366571426,46.553146038204432,1980.9300000000001 11.997599126771092,46.553130531683564,1980.9300000000001 11.997611448168755,46.553153498098254,1980.9300000000001 11.997610609978437,46.553164897486567,1980.9300000000001 11.997627960518003,46.553172273561358,1980.9300000000001 11.997559228911996,46.553147714585066,1981.4100000000001 11.997575322166085,46.553159281611443,1981.4100000000001 11.99759560637176,46.553143272176385,1981.4100000000001 11.997581021860242,46.55315131880343,1981.4100000000001 11.997601138427854,46.553154084831476,1981.9000000000001 11.997618740424514,46.553157269954681,1981.9000000000001 11.997616058215499,46.553152827546,1981.9000000000001 11.997604910284281,46.553126256912947,1982.3800000000001 11.997617315500975,46.553113851696253,1982.3800000000001 11.997643215581775,46.553068673238158,1982.3800000000001 11.997773554176092,46.553057441487908,1982.3800000000001 11.997851338237524,46.553051909431815,1982.8599999999999 11.997979832813144,46.553060375154018,1983.3399999999999 11.998064238578081,46.553049646317959,1983.8199999999999 11.99808175675571,46.553035313263535,1983.8199999999999 11.998252077028155,46.55295685864985,1984.3 11.998391300439835,46.552871782332659,1985.26 11.998529015108943,46.552740354090929,1986.22 11.998539995402098,46.552733313292265,1986.22 11.998636303469539,46.552612446248531,1987.6600000000001 11.998699754476547,46.552503062412143,1988.1400000000001 11.998725738376379,46.552425278350711,1989.5899999999999 11.998747950419784,46.5524120349437,1989.5899999999999 11.998773263767362,46.552372220903635,1990.0699999999999 11.998784663155675,46.55234707519412,1990.0699999999999 11.998829254880548,46.552287563681602,1990.55 11.998832104727626,46.552267363294959,1990.55 11.998845180496573,46.552251856774092,1990.55 11.998851718381047,46.552226459607482,1990.55 11.998879546299577,46.552184466272593,1991.51 11.998987505212426,46.552097462117672,1992.95 11.99899940751493,46.552090840414166,1993.4300000000001 11.999023882672191,46.552072316408157,1993.4300000000001 11.999078867956996,46.552029149606824,1993.9100000000001 11.999105522409081,46.551994699984789,1994.3900000000001 11.999166291207075,46.551969889551401,1994.8699999999999 11.999239297583699,46.551896128803492,1995.3499999999999 11.999160256236792,46.551874168217182,1995.8299999999999 11.999149527400732,46.551912389695644,1995.8299999999999 11.999149527400732,46.551909288391471,1996.3199999999999 11.999054979532957,46.551852962002158,1996.3199999999999 11.999043663963675,46.551792612299323,1996.3199999999999 11.999014411121607,46.551732514053583,1996.3199999999999 11.999008376151323,46.5516556520015,1996.3199999999999 11.999028827995062,46.551537718623877,1996.3199999999999 11.999049028381705,46.551423138007522,1996.3199999999999 11.999039053916931,46.551416264846921,1996.3199999999999 11.999022625386715,46.551402183249593,1996.8 11.998967388644814,46.551303276792169,1997.76 11.998942075297236,46.551233623176813,1997.76 11.998877953737974,46.551169501617551,1997.76 11.998863453045487,46.551148379221559,1998.24 11.99877854436636,46.551056513562799,1998.24 11.998665556311607,46.551007395610213,1999.2 11.99856941588223,46.550975292921066,2000.6400000000001 11.998479226604104,46.550924498587847,2002.0799999999999 11.998375291004777,46.550856521353126,2004.01 11.99828795157373,46.550804721191525,2005.45 11.998275546357036,46.550788208842278,2005.9300000000001 11.99820195324719,46.550744958221912,2007.8499999999999 11.998194577172399,46.550740683451295,2007.8499999999999 11.998156942427158,46.550684524700046,2009.29 11.99810765683651,46.55066373758018,2010.73 11.998075302690268,46.550616715103388,2012.1800000000001 11.998051833361387,46.550569357350469,2013.6199999999999 11.9980373326689,46.55050934292376,2015.0599999999999 11.998014869168401,46.550436839461327,2016.5 11.998020149767399,46.55037053860724,2018.4300000000001 11.997989472001791,46.550313290208578,2019.8699999999999 11.997962398454547,46.550256628543139,2021.79 11.997920572757721,46.550201056525111,2022.75 11.997885955497622,46.550148250535131,2025.1500000000001 11.997833400964737,46.550114471465349,2026.5999999999999 11.997843626886606,46.550093265250325,2027.5599999999999 11.997854774817824,46.550085302442312,2027.5599999999999 11.997858295217156,46.550072897225618,2027.5599999999999 11.997829712927341,46.55008228495717,2027.5599999999999 11.997847817838192,46.550092091783881,2028.04 11.997843291610479,46.550111789256334,2028.04 11.997852930799127,46.550096618011594,2028.52 11.997870113700628,46.5501101128757,2028.52 11.997891319915652,46.550055127590895,2029 11.997953597456217,46.549993436783552,2031.4000000000001 11.997977318242192,46.549959070980549,2033.3299999999999 11.998038422316313,46.549904923886061,2034.77 11.998059712350368,46.549846669659019,2036.6900000000001 11.998133137822151,46.549792354926467,2038.6099999999999 11.998161301016808,46.549741476774216,2040.05 11.998150404542685,46.549740638583899,2040.05 11.998157110065222,46.54974902048707,2040.54 11.998104974627495,46.549716833978891,2041.5 11.99801679700613,46.549689928069711,2043.4200000000001 11.997894085943699,46.549695124849677,2044.8599999999999 11.997770704329014,46.549700489267707,2046.3 11.997697446495295,46.549700573086739,2047.75 11.997643550857902,46.549704093486071,2049.1900000000001 11.997597282752395,46.549706691876054,2050.6300000000001 11.997507931664586,46.549711972475052,2052.0700000000002 11.997438697144389,46.549720102921128,2053.5100000000002 11.997387483716011,46.549713229760528,2054.4699999999998 11.997289163991809,46.549726473167539,2055.9200000000001 11.997228981927037,46.549742147326469,2056.8800000000001 11.997246919199824,46.549752205610275,2056.8800000000001 11.997237866744399,46.54975488781929,2056.8800000000001 11.99726577848196,46.549735860899091,2056.8800000000001 11.997251193970442,46.549726305529475,2057.3600000000001 11.997243398800492,46.549735944718122,2057.3600000000001 11.997225545346737,46.549761006608605,2057.3600000000001 11.997110964730382,46.549827894195914,2058.3200000000002 11.997077269479632,46.549847424030304,2058.8000000000002 11.997008118778467,46.549874329939485,2059.7600000000002 11.997000491246581,46.549880532547832,2060.2399999999998 11.996881971135736,46.54996351338923,2061.6799999999998 11.996815921738744,46.550008188933134,2062.1700000000001 11.99678398668766,46.550099216401577,2063.1300000000001 11.996740316972136,46.55014238320291,2064.5700000000002 11.996736880391836,46.550114555284381,2065.0500000000002 11.996755739673972,46.550119668245316,2065.0500000000002 11.996743585914373,46.550118578597903,2065.0500000000002 11.996750459074974,46.550155375152826,2065.5300000000002 11.99673998169601,46.550198122859001,2066.0100000000002 11.996659934520721,46.550264339894056,2066.9699999999998 11.996581479907036,46.550274062901735,2067.9299999999998 11.996590783819556,46.550252269953489,2067.9299999999998 11.996556250378489,46.550256628543139,2068.4099999999999 11.996566895395517,46.55023030936718,2068.8899999999999 11.996548036113381,46.550175240263343,2070.3400000000001 11.996517442166805,46.55012670904398,2072.2600000000002 11.996480394154787,46.550120087340474,2073.6999999999998 11.996473856270313,46.550162499770522,2074.6599999999999 11.996411830186844,46.550153279677033,2076.5900000000001 11.996384421363473,46.550178006291389,2077.5500000000002 11.996334800496697,46.550169959664345,2078.5100000000002 11.996287107467651,46.550155291333795,2079.4699999999998 11.996232206001878,46.550151854753494,2080.9099999999999 11.996257603168488,46.550097707659006,2082.3499999999999 11.996233630925417,46.550056887790561,2082.8299999999999 11.996215777471662,46.550032161176205,2084.2800000000002 11.996145704761147,46.550041129812598,2086.1999999999998 11.996150985360146,46.549979941919446,2087.6399999999999 11.99612776748836,46.549942055717111,2089.0799999999999 11.996099436655641,46.549895452335477,2090.04 11.996072782203555,46.549918167293072,2091 11.996033890172839,46.549902157858014,2091.9699999999998 11.995993908494711,46.549884891137481,2092.9299999999998 11.996013186872005,46.549839964136481,2094.3699999999999 11.996015952900052,46.549788918346167,2095.3299999999999 11.995970355346799,46.54978665523231,2096.77 11.995936660096049,46.54979394748807,2097.73 11.995908580720425,46.549786571413279,2099.1799999999998 11.995915789157152,46.54975832439959,2099.6599999999999 11.995891900733113,46.549730831757188,2100.6199999999999 11.995906233787537,46.549679953604937,2101.0999999999999 11.995867677032948,46.549699567258358,2102.54 11.995815541595221,46.54970845207572,2103.5 11.995797185227275,46.549687245860696,2104.46 11.995778828859329,46.549667716026306,2105.9099999999999 11.995773129165173,46.549651874229312,2105.9099999999999 11.99580087326467,46.549644833430648,2106.3899999999999 11.99582920409739,46.549669895321131,2106.8699999999999 11.995750414207578,46.549685569480062,2106.8699999999999 11.99574077501893,46.549700489267707,2107.8299999999999 11.995735494419932,46.549726389348507,2108.79 11.995747061446309,46.549727143719792,2109.27 11.995739517733455,46.549735777080059,2109.27 11.995721915736794,46.549773328006268,2110.71 11.995708756148815,46.549789840355515,2111.6700000000001 11.995680760592222,46.549826888367534,2113.5999999999999 11.995655111968517,46.549880867823958,2115.04 11.995629128068686,46.549920933321118,2116 11.995592247694731,46.549963932484388,2117.4400000000001 11.995566347613931,46.550000980496407,2118.8800000000001 11.995522594079375,46.550016235560179,2120.3200000000002 11.995491245761514,46.550064599141479,2121.77 11.995486719533801,46.550102150067687,2123.21 11.9954988732934,46.550097540020943,2123.21 11.995475487783551,46.550092678517103,2123.6900000000001 11.995486048981547,46.550104497000575,2123.6900000000001 11.995505830273032,46.550107095390558,2122.73 11.995532987639308,46.550108687952161,2122.73 11.995556289330125,46.550117153674364,2122.73 11.995553020387888,46.550117656588554,2123.21 11.995509769767523,46.550132324919105,2123.21 11.995526365935802,46.550117321312428,2123.21 11.995560312643647,46.550108268857002,2123.21 11.995550757274032,46.550117488950491,2123.21 11.995554193854332,46.550133749842644,2123.21 11.995556624606252,46.550134504213929,2123.21 11.995558887720108,46.550128217786551,2124.6500000000001 11.995517816394567,46.550106843933463,2124.1700000000001 11.995445229113102,46.550117405131459,2124.1700000000001 11.995454113930464,46.550126373767853,2124.1700000000001 11.995470961555839,46.550115812569857,2125.6100000000001 11.995476493611932,46.550110867246985,2126.0900000000001 11.995478672906756,46.550089996308088,2126.0900000000001 11.995508596301079,46.550089661031961,2126.0900000000001 11.995505914092064,46.550085553899407,2126.0900000000001 11.99546811170876,46.550091756507754,2126.5700000000002 11.995487306267023,46.550123607739806,2126.5700000000002 11.995490407571197,46.550129223614931,2126.5700000000002 11.995488815009594,46.550159398466349,2126.5700000000002 11.995459981262684,46.550199128687382,2127.5300000000002 11.995430141687393,46.550225615501404,2128.02 11.995369289070368,46.550270207226276,2128.98 11.995311621576548,46.550274817273021,2130.4200000000001 11.995311873033643,46.550210947170854,2131.3800000000001 11.995266694575548,46.550231818109751,2132.8200000000002 11.995231155306101,46.550216479226947,2134.2600000000002 11.995244482532144,46.55015654861927,2135.71 11.995231574401259,46.550158727914095,2136.1900000000001 11.995182959362864,46.550153195858002,2137.6300000000001 11.995157897472382,46.550146322697401,2139.0700000000002 11.995165441185236,46.550082620233297,2140.9899999999998 11.995166027918458,46.550049344077706,2141.4699999999998 11.995139205828309,46.550020258873701,2142.9200000000001 11.995089249685407,46.550065102055669,2143.4000000000001 11.995047926902771,46.550092594698071,2143.8800000000001 11.995018506422639,46.550084045156837,2145.8000000000002 11.994950864464045,46.550124948844314,2146.7600000000002 11.994904177263379,46.550118997693062,2147.2399999999998 11.994907697662711,46.550112124532461,2147.7199999999998 11.994912978261709,46.550097456201911,2148.1999999999998 11.994889928027987,46.550095109269023,2148.1999999999998 11.994819520041347,46.55008664354682,2149.6500000000001 11.994814239442348,46.550091505050659,2150.1300000000001 11.994726564735174,46.550079016014934,2151.0900000000001 11.994683397933841,46.55005537904799,2153.0100000000002 11.994616091251373,46.550058647990227,2154.4499999999998 11.99457535520196,46.55005294829607,2155.4099999999999 11.994534786790609,46.550009362399578,2157.3400000000001 11.994528248906136,46.549974409863353,2157.8200000000002 11.994475107640028,46.549924956634641,2159.2600000000002 11.994410064071417,46.549878604710102,2160.6999999999998 11.994370501488447,46.549872485920787,2162.1399999999999 11.99437796138227,46.549885477870703,2162.1399999999999 11.994313169270754,46.549850525334477,2163.0999999999999 11.994210826233029,46.549804005771875,2165.0300000000002 11.994138825684786,46.549750361591578,2166.4699999999998 11.994091803207994,46.549681629985571,2168.8699999999999 11.994090043008327,46.549666123464704,2169.3499999999999 11.994015611708164,46.549615915864706,2170.79 11.99400756508112,46.549624046310782,2171.27 11.993955094367266,46.549620609730482,2171.27 11.993948388844728,46.54961122199893,2171.27 11.993860630318522,46.549596050754189,2173.1999999999998 11.993801454082131,46.549547268077731,2175.5999999999999 11.993767591193318,46.549485409632325,2178 11.993709085509181,46.549474680796266,2179.4499999999998 11.993727106601,46.549474261701107,2180.4099999999999 11.993672791868448,46.549469567835331,2180.4099999999999 11.993602802976966,46.549423886463046,2181.8499999999999 11.99354144744575,46.54937325976789,2182.3299999999999 11.993505572900176,46.549309054389596,2184.25 11.993508925661445,46.549301510676742,2184.25 11.993470536544919,46.549220457673073,2186.6599999999999 11.993448073044419,46.5491240657866,2188.0999999999999 11.993426280096173,46.549074780195951,2189.0599999999999 11.993409683927894,46.54900043271482,2190.5 11.993383448570967,46.549001019448042,2191.46 11.99340851046145,46.548999343067408,2191.46 11.993441702798009,46.549001941457391,2191.46 11.993466094136238,46.548997582867742,2191.9400000000001 11.993396105244756,46.548992805182934,2191.9400000000001 11.993311867117882,46.548924744129181,2193.8699999999999 11.993215642869473,46.548889456316829,2195.79 11.99318764731288,46.548864897340536,2195.79 11.993111120536923,46.548821730539203,2197.23 11.993057727813721,46.548769511282444,2198.6700000000001 11.993015818297863,46.548716872930527,2200.5900000000001 11.992972400039434,46.548679322004318,2201.5599999999999 11.992909954860806,46.548639759421349,2203.48 11.992908027023077,46.548589635640383,2204.9200000000001 11.992898052558303,46.548541858792305,2206.3600000000001 11.992838121950626,46.548532554879785,2207.8099999999999 11.99280216358602,46.548500200733542,2208.29 11.992762517184019,46.548436330631375,2210.6900000000001 11.992680374532938,46.548410849645734,2211.6500000000001 11.99260569177568,46.548361983150244,2212.6100000000001 11.992564117535949,46.548315547406673,2214.0500000000002 11.992560513317585,46.548291994258761,2215.0100000000002 11.992553640156984,46.548285875469446,2215.0100000000002 11.992555987089872,46.548300459980965,2215.0100000000002 11.992558166384697,46.54824698343873,2215.98 11.992492284625769,46.5482122823596,2216.9400000000001 11.992408465594053,46.548182610422373,2218.3800000000001 11.992357335984707,46.54815461486578,2220.7800000000002 11.992286676540971,46.548159727826715,2222.2199999999998 11.992195900529623,46.548164924606681,2223.1900000000001 11.992092216387391,46.548197278752923,2224.1500000000001 11.992019629105926,46.548245642334223,2225.1100000000001 11.991937318816781,46.548260226845741,2226.5500000000002 11.991913011297584,46.54823281802237,2227.9899999999998 11.991899851709604,46.548185208812356,2228.9499999999998 11.991848135367036,46.548137348145247,2231.3600000000001 11.991809410974383,46.548121841624379,2232.3200000000002 11.991757610812783,46.548075741156936,2233.7600000000002 11.99171444401145,46.548015056177974,2235.6799999999998 11.991652920842171,46.547983540222049,2237.6100000000001 11.991607407107949,46.547944229096174,2239.0500000000002 11.991543034091592,46.547921514138579,2239.5300000000002 11.991461561992764,46.547934086993337,2240.0100000000002 11.99138511903584,46.547936853021383,2240.9699999999998 11.991385789588094,46.547936098650098,2240.9699999999998 11.991377910599113,46.547938110306859,2240.9699999999998 11.991363242268562,46.547929812222719,2240.9699999999998 11.99142568744719,46.547870803624392,2241.9299999999998 11.991414539515972,46.54787021689117,2241.9299999999998 11.991406911984086,46.547853453084826,2241.9299999999998 11.991432895883918,46.547869965434074,2242.4099999999999 11.991410180926323,46.547864349558949,2242.4099999999999 11.991438008844852,46.547838030382991,2242.4099999999999 11.991455694660544,46.547819757834077,2242.4099999999999 11.991433398798108,46.547703333199024,2243.8499999999999 11.99141001328826,46.547602415084839,2243.8499999999999 11.991405235603452,46.547575425356627,2243.8499999999999 11.991323847323656,46.547512309625745,2245.3000000000002 11.99124245904386,46.547462269663811,2247.2199999999998 11.991181690245867,46.547426898032427,2248.6599999999999 11.991067193448544,46.547397645190358,2249.6199999999999 11.991038108244538,46.547384401783347,2249.6199999999999 11.990968706086278,46.547342492267489,2249.6199999999999 11.990904081612825,46.547295805066824,2250.5799999999999 11.99084565974772,46.54724283143878,2252.0300000000002 11.990841887891293,46.547237550839782,2250.5799999999999 11.990851443260908,46.547244843095541,2250.5799999999999 11.990862004458904,46.547258254140615,2250.5799999999999 11.990908188745379,46.547269485890865,2250.5799999999999 11.991008771583438,46.547290943562984,2250.5799999999999 11.991035677492619,46.547273341566324,2250.5799999999999 11.991117903962731,46.547215422615409,2252.5100000000002 11.991119077429175,46.547200083732605,2252.9899999999998 11.991108767688274,46.547211650758982,2252.9899999999998 11.991083119064569,46.547222044318914,2252.9899999999998 11.99103576131165,46.547212908044457,2252.9899999999998 11.990932496264577,46.547215422615409,2252.9899999999998 11.990849934518337,46.547234700992703,2251.54 11.990862172096968,46.547242747619748,2251.54 11.990833589807153,46.547206873074174,2250.5799999999999 11.990797379985452,46.547169741243124,2249.1399999999999 11.990772318094969,46.54712556861341,2247.6999999999998 11.990675339475274,46.547098578885198,2246.7399999999998 11.990621192380786,46.54709916561842,2246.2600000000002 11.99059747159481,46.547106206417084,2245.7800000000002 11.990586407482624,46.547097656875849,2245.7800000000002 11.990573415532708,46.547093549743295,2245.7800000000002 11.990573834627867,46.547099752351642,2245.7800000000002 11.990562519058585,46.547093382105231,2245.3000000000002 11.990553634241223,46.547097992151976,2244.8200000000002 11.990526560693979,46.547097153961658,2244.3299999999999 11.990512395277619,46.547107882797718,2243.8499999999999 11.990502504631877,46.547089526429772,2242.8899999999999 11.990478783845901,46.547089610248804,2242.4099999999999 11.990474425256252,46.547080222517252,2240.9699999999998 11.990469060838223,46.54708256945014,2240.9699999999998 11.990467635914683,46.547009898349643,2239.5300000000002 11.9904650375247,46.546991877257824,2239.5300000000002 11.990413488820195,46.546950386837125,2238.5700000000002 11.990320282056928,46.546877548098564,2237.1300000000001 11.990228584036231,46.546814935281873,2236.1599999999999 11.990192709490657,46.546780401840806,2236.1599999999999 11.99020653963089,46.546745365485549,2236.1599999999999 11.990175191313028,46.546717118471861,2236.1599999999999 11.990140657871962,46.546665485948324,2235.6799999999998 11.99011861346662,46.546638580039144,2234.7199999999998 11.990104950964451,46.546603962779045,2234.2399999999998 11.990095730870962,46.546549648046494,2234.2399999999998 11.990039320662618,46.54647714458406,2234.2399999999998 11.990023897960782,46.546456441283226,2235.6799999999998 11.989921554923058,46.54639751650393,2236.6399999999999 11.989834550768137,46.54636038467288,2238.0900000000001 11.989796916022897,46.546327611431479,2239.5300000000002 11.989765148609877,46.546289389953017,2240.0100000000002 11.989750228822231,46.546251671388745,2240.0100000000002 11.989748133346438,46.546250833198428,2240.4899999999998 11.98974872007966,46.546258293092251,2240.4899999999998 11.989730698987842,46.546245636418462,2240.4899999999998 11.989746205508709,46.546269524842501,2240.4899999999998 11.989769758656621,46.546288132667542,2240.4899999999998 11.989743942394853,46.546245133504272,2240.9699999999998 11.989729106426239,46.546212276443839,2242.4099999999999 11.989718796685338,46.54616148211062,2242.4099999999999 11.989718377590179,46.546142203733325,2242.4099999999999 11.989668337628245,46.545991413295269,2240.4899999999998 11.989677809178829,46.545923100784421,2240.4899999999998 11.989673785865307,46.545898709446192,2241.9299999999998 11.989625003188848,46.545833079144359,2242.8899999999999 11.989597510546446,46.545790918171406,2243.8499999999999 11.989537663757801,46.545696454122663,2245.3000000000002 11.989480499178171,46.545600732788444,2247.2199999999998 11.989455102011561,46.545589752495289,2247.6999999999998 11.989399278536439,46.545500066131353,2249.1399999999999 11.989417551085353,46.545446841046214,2249.6199999999999 11.989388549700379,46.545354975387454,2250.5799999999999 11.98940321803093,46.545339720323682,2251.0599999999999 11.98941201902926,46.545316502451897,2252.0300000000002 11.989410342648625,46.54532203450799,2252.0300000000002 11.98945552110672,46.545315412804484,2252.0300000000002 11.989487037062645,46.545294960960746,2252.0300000000002 11.989568676799536,46.545217763632536,2252.5100000000002 11.989610586315393,46.545167220756412,2254.9099999999999 11.989699518308043,46.545137716457248,2255.8699999999999 11.989766657352448,46.545137381181121,2255.8699999999999 11.989791132509708,46.545132519677281,2255.8699999999999 11.989932619035244,46.545161353424191,2256.8299999999999 11.99007167480886,46.545168645679951,2258.27 11.990108471363783,46.545175686478615,2259.7199999999998 11.990112075582147,46.545156743377447,2260.1999999999998 11.990151889622211,46.54515246860683,2260.1999999999998 11.990225818008184,46.545145511627197,2262.1199999999999 11.990263536572456,46.545128412544727,2263.5599999999999 11.990314750000834,46.545122293755412,2264.04 11.990354983136058,46.545089101418853,2264.04 11.990378452464938,46.545082814991474,2264.04 11.990478197112679,46.545033948495984,2264.04 11.990584144368768,46.544987512752414,2264.52 11.990653881803155,46.544951302930713,2263.5599999999999 11.990662515163422,46.54491157270968,2263.5599999999999 11.990675507113338,46.544909812510014,2263.5599999999999 11.990674501284957,46.544899251312017,2263.5599999999999 11.99068539775908,46.544884834438562,2264.04 11.990762678906322,46.544867232441902,2264.04 11.990798888728023,46.544846193864942,2264.04 11.99088036082685,46.544769918546081,2265 11.990950433537364,46.54467654414475,2266.4499999999998 11.990979434922338,46.544647458940744,2267.4099999999999 11.991034168750048,46.544598089531064,2268.8499999999999 11.991049004718661,46.544577889144421,2269.3299999999999 11.991080269217491,46.54452751390636,2271.25 11.99110415764153,46.544469343498349,2272.6900000000001 11.991142379119992,46.544440174475312,2273.6599999999999 11.991120837628841,46.544391559436917,2275.5799999999999 11.991178086027503,46.544369431212544,2276.54 11.991199543699622,46.544339591637254,2277.98 11.991205746307969,46.544313440099359,2278.9400000000001 11.991243213415146,46.544297011569142,2280.3800000000001 11.991287637501955,46.54425929300487,2281.8299999999999 11.991318482905626,46.544219898059964,2282.79 11.991355447098613,46.544197350740433,2284.71 11.991396015509963,46.54417815618217,2285.6700000000001 11.991440188139677,46.544170947745442,2286.6300000000001 11.991459298878908,46.5441385935992,2289.04 11.99148528277874,46.54413322918117,2290 11.9915219116956,46.544109424576163,2291.4400000000001 11.991526940837502,46.544090816751122,2292.4000000000001 11.991533143445849,46.544073214754462,2293.3600000000001 11.991556445136666,46.544056031852961,2294.3200000000002 11.991566503420472,46.544047566130757,2295.2800000000002 11.991582093760371,46.544022420421243,2296.25 11.991597935557365,46.543975565582514,2297.6900000000001 11.991637665778399,46.543934578076005,2298.1700000000001 11.991681838408113,46.543900463730097,2300.0900000000001 11.991766327992082,46.543889734894037,2301.0500000000002 11.991810416802764,46.543857967481017,2302.4899999999998 11.991873197257519,46.54384933412075,2303.46 11.991843776777387,46.543850507587194,2303.9400000000001 11.991859702393413,46.543838689103723,2303.9400000000001 11.991856601089239,46.543823266401887,2303.9400000000001 11.991847045719624,46.543821925297379,2303.9400000000001 11.991844950243831,46.543841203674674,2303.9400000000001 11.991869006305933,46.543838270008564,2303.9400000000001 11.991840926930308,46.543842377141118,2303.9400000000001 11.991827264428139,46.5438312292099,2303.9400000000001 11.991821564733982,46.543779009953141,2305.8600000000001 11.991847464814782,46.543747577816248,2306.8200000000002 11.991868084296584,46.543688736855984,2307.7800000000002 11.991885351017118,46.54364263638854,2309.6999999999998 11.991921477019787,46.54359326697886,2311.6300000000001 11.991948802024126,46.543569546192884,2312.5900000000001 11.992013426497579,46.543531827628613,2314.0300000000002 11.992031447589397,46.54349653981626,2315.4699999999998 11.9920555036515,46.543470891192555,2316.4299999999998 11.992046032100916,46.543460665270686,2317.8800000000001 11.99201594106853,46.543425293639302,2318.8400000000001 11.992076374590397,46.543395705521107,2320.7600000000002 11.992114176973701,46.543362680822611,2322.1999999999998 11.992111327126622,46.543335439637303,2323.6399999999999 11.992146782577038,46.543291853740811,2324.1199999999999 11.992192128673196,46.543253129348159,2325.0900000000001 11.992191122844815,46.543257907032967,2325.0900000000001 11.992189781740308,46.543254218995571,2323.1599999999999 11.99218550696969,46.543251452967525,2324.6100000000001 11.992213586345315,46.543257739394903,2324.6100000000001 11.992234876379371,46.543254135176539,2324.6100000000001 11.992225237190723,46.543247848749161,2324.6100000000001 11.992211658507586,46.543238377198577,2324.6100000000001 11.992214927449822,46.543247513473034,2325.0900000000001 11.992212580516934,46.543242651969194,2325.0900000000001 11.992212664335966,46.543244076892734,2325.0900000000001 11.992195481434464,46.543244998902082,2325.0900000000001 11.992206545546651,46.54324290342629,2325.5700000000002 11.992199253290892,46.543232761323452,2326.0500000000002 11.992202857509255,46.543235778808594,2326.0500000000002 11.992199923843145,46.5432199370116,2326.5300000000002 11.992216017097235,46.543145338073373,2327.4899999999998 11.992234541103244,46.54308850876987,2329.4099999999999 11.99224803596735,46.54302354902029,2330.3699999999999 11.9922592677176,46.542998487129807,2330.8499999999999 11.992329759523273,46.542943753302097,2331.8099999999999 11.992406873032451,46.542886169627309,2332.3000000000002 11.992465797811747,46.542823221534491,2332.3000000000002 11.992396144196391,46.542801344767213,2332.3000000000002 11.99248650111258,46.542747868224978,2332.7800000000002 11.992697305977345,46.542672347277403,2333.2600000000002 11.992811048403382,46.542622810229659,2334.2199999999998 11.992828566581011,46.542611075565219,2334.6999999999998 11.992905512452126,46.542598167434335,2335.1799999999998 11.992882126942277,46.54259498231113,2335.1799999999998 11.992926467210054,46.542534213513136,2336.1399999999999 11.992984134703875,46.542476965114474,2337.0999999999999 11.993017578497529,46.5424445271492,2338.0599999999999 11.993053955957294,46.54242348857224,2338.54 11.99312168173492,46.542412927374244,2339.9899999999998 11.993101565167308,46.54240932315588,2341.4299999999998 11.993008945137262,46.542381411418319,2343.8299999999999 11.993082873523235,46.54232575558126,2344.79 11.993174655362964,46.542282002046704,2345.27 11.993249924853444,46.542242188006639,2346.23 11.993335168808699,46.542190052568913,2347.6799999999998 11.993432650342584,46.542143113911152,2349.5999999999999 11.993518397212029,46.542111011222005,2351.52 11.993638342246413,46.542097851634026,2353.4400000000001 11.99377060867846,46.542093073949218,2354.8899999999999 11.99389960616827,46.542095588520169,2356.3299999999999 11.994018042460084,46.542108412832022,2357.77 11.99412927031517,46.542138922959566,2358.73 11.994144273921847,46.542145125567913,2359.6900000000001 11.994144441559911,46.542121907696128,2360.1700000000001 11.994157265871763,46.542113944888115,2360.1700000000001 11.994345271959901,46.542112855240703,2361.1399999999999 11.994503773748875,46.54208779335022,2363.0599999999999 11.994548365473747,46.542068347334862,2363.54 11.994603266939521,46.54203456826508,2364.02 11.994699072092772,46.541983354836702,2366.4200000000001 11.994754644110799,46.541949911043048,2368.3499999999999 11.99479185976088,46.541911521926522,2369.79 11.994870146736503,46.541891070082784,2370.75 11.994952792301774,46.541879503056407,2372.6700000000001 11.994979865849018,46.541853602975607,2373.6300000000001 11.995002161711454,46.541823176667094,2375.0700000000002 11.995068043470383,46.54179660603404,2376.04 11.995136104524136,46.541758636012673,2377.48 11.995202405378222,46.541718486696482,2378.9200000000001 11.995287733152509,46.541682528331876,2379.8800000000001 11.995330061763525,46.541680684313178,2380.3600000000001 11.995410192757845,46.541670877486467,2381.3200000000002 11.995484540238976,46.541610946878791,2383.25 11.995572214946151,46.541570629924536,2383.73 11.995590068399906,46.54158647172153,2384.21 11.995551930740476,46.541559314355254,2384.21 11.995572717860341,46.541573479771614,2384.6900000000001 11.995595432817936,46.541552608832717,2384.6900000000001 11.995632229372859,46.541577335447073,2384.6900000000001 11.995739601552486,46.541581945493817,2384.6900000000001 11.995834652334452,46.541558895260096,2386.1300000000001 11.995901959016919,46.541494522243738,2387.5700000000002 11.995930373668671,46.541465688496828,2388.0500000000002 11.995963985100389,46.541416151449084,2389.4899999999998 11.995974713936448,46.541359405964613,2389.9699999999998 11.996051743626595,46.54124591499567,2389.9699999999998 11.996137490496039,46.5411511156708,2389.9699999999998 11.996200354769826,46.541084814816713,2389.9699999999998 11.996215023100376,46.541066961362958,2389.9699999999998 11.996281826868653,46.541011892259121,2390.46 11.996290795505047,46.540993954986334,2390.46 11.996391881257296,46.540905442088842,2391.4200000000001 11.996450386941433,46.540845008566976,2392.8600000000001 11.996501181274652,46.540811061859131,2393.8200000000002 11.996526997536421,46.540810726583004,2394.7800000000002 11.996604613959789,46.540786921977997,2396.2199999999998 11.996611654758453,46.540747191756964,2397.6700000000001 11.996651804074645,46.540712993592024,2399.5900000000001 11.996646523475647,46.540683908388019,2401.0300000000002 11.996659934520721,46.540636131539941,2402.4699999999998 11.996737299486995,46.540608890354633,2403.9099999999999 11.996826231479645,46.540576284751296,2405.3600000000001 11.996857915073633,46.540569076314569,2405.3600000000001 11.996950032189488,46.540547618642449,2405.8400000000001 11.997017841786146,46.540535716339946,2406.3200000000002 11.997133176773787,46.540474025532603,2406.8000000000002 11.997246332466602,46.540429685264826,2407.7600000000002 11.997277764603496,46.540418872609735,2408.2399999999998 11.997292935848236,46.540405545383692,2408.2399999999998 11.997323781251907,46.540390374138951,2408.2399999999998 11.997333001345396,46.54037319123745,2408.7199999999998 11.997340125963092,46.540355840697885,2408.7199999999998 11.997425956651568,46.540250647813082,2408.7199999999998 11.997527964413166,46.540161799639463,2409.6799999999998 11.997580099850893,46.540125841274858,2410.6399999999999 11.997680515050888,46.540092146024108,2412.0900000000001 11.997772296890616,46.540059540420771,2413.5300000000002 11.997893750667572,46.540041770786047,2415.4499999999998 11.997988801449537,46.540012685582042,2416.4099999999999 11.998003972694278,46.540012685582042,2416.8899999999999 11.997997686266899,46.540015619248152,2417.3699999999999 11.998035907745361,46.539967255666852,2417.3699999999999 11.998085277155042,46.539921406656504,2417.3699999999999 11.998149314895272,46.539881927892566,2417.3699999999999 11.99828895740211,46.539793834090233,2417.3699999999999 11.998367747291923,46.539737926796079,2417.3699999999999 11.998446704819798,46.539690652862191,2417.3699999999999 11.998464809730649,46.539673721417785,2417.8499999999999 11.998596405610442,46.539623681455851,2419.3000000000002 11.998706376180053,46.539560901001096,2421.2199999999998 11.998851634562016,46.539471298456192,2421.2199999999998 11.998940818011761,46.53943651355803,2421.6999999999998 11.998989516869187,46.539413128048182,2421.6999999999998 11.999006196856499,46.539403824135661,2421.6999999999998 11.99915187433362,46.539387311786413,2421.6999999999998 11.999248852953315,46.539333164691925,2421.6999999999998 11.999357398599386,46.539278430864215,2421.6999999999998 11.999484552070498,46.539208441972733,2422.1799999999998 11.99956426396966,46.539169801399112,2422.1799999999998 11.999584464356303,46.539157396182418,2422.1799999999998 11.999674485996366,46.539125544950366,2422.6599999999999 11.999732907861471,46.539050275459886,2422.6599999999999 11.99984916485846,46.538988249376416,2422.6599999999999 11.99991705827415,46.538957487791777,2421.2199999999998 11.999945472925901,46.538947345688939,2421.2199999999998 12.000080170109868,46.538888085633516,2421.2199999999998 12.000139597803354,46.538801835849881,2420.7399999999998 12.000208999961615,46.53875682502985,2420.7399999999998 12.000244036316872,46.538737127557397,2422.1799999999998 12.00034168548882,46.538710054010153,2422.1799999999998 12.000493397936225,46.538760764524341,2422.6599999999999 12.000619964674115,46.538728829473257,2422.6599999999999 12.000687941908836,46.538709886372089,2422.6599999999999 12.000768659636378,46.538679040968418,2421.6999999999998 12.000963119789958,46.538646351546049,2421.6999999999998 12.001114664599299,46.538584409281611,2423.1399999999999 12.001212229952216,46.538543086498976,2423.1399999999999 12.001272160559893,46.538480054587126,2424.5799999999999 12.00128766708076,46.538461446762085,2424.5799999999999 12.001370312646031,46.53840210288763,2426.9899999999998 12.001421358436346,46.538353655487299,2428.4299999999998 12.00154515914619,46.53829456306994,2430.3499999999999 12.001611040905118,46.538278134539723,2431.3099999999999 12.001742133870721,46.538255251944065,2432.27 12.001766106113791,46.538245277479291,2432.75 12.001785133033991,46.538234883919358,2432.75 12.001938270404935,46.538182916119695,2434.1999999999998 12.002013456076384,46.538119297474623,2434.6799999999998 12.002107668668032,46.538040172308683,2435.6399999999999 12.002116721123457,46.538033802062273,2435.6399999999999 12.00217992067337,46.537984600290656,2436.1199999999999 12.002222584560513,46.537931375205517,2437.0799999999999 12.002232475206256,46.5379339735955,2437.5599999999999 12.002239180728793,46.537928273901343,2437.5599999999999 12.002242030575871,46.537931626662612,2437.5599999999999 12.002249239012599,46.537936571985483,2438.04 12.002237923443317,46.537922406569123,2438.04 12.002261644229293,46.537855435162783,2438.52 12.002269774675369,46.537846131250262,2438.52 12.002366250380874,46.537776812911034,2438.52 12.002388378605247,46.537765497341752,2438.52 12.002475718036294,46.53768377378583,2438.52 12.002568924799562,46.537612276151776,2439.48 12.002649642527103,46.537516890093684,2439.48 12.00268317013979,46.537468358874321,2439.48 12.00278433971107,46.537390658631921,2439.48 12.002880061045289,46.537347575649619,2439.48 12.002945188432932,46.537316897884011,2439.96 12.003040155395865,46.537248501554132,2439.96 12.003149203956127,46.537184044718742,2440.9200000000001 12.003326565027237,46.537155043333769,2441.4099999999999 12.003442822024226,46.537103075534105,2441.4099999999999 12.003464698791504,46.537092765793204,2441.8899999999999 12.003489509224892,46.537086227908731,2441.8899999999999 12.003573663532734,46.537043899297714,2442.3699999999999 12.003576597198844,46.537037445232272,2442.3699999999999 12.003679862245917,46.53698748908937,2443.3299999999999 12.003798549994826,46.536931665614247,2444.77 12.003915645182133,46.536873914301395,2446.21 12.004036847501993,46.536821527406573,2447.1700000000001 12.004187637940049,46.536736115813255,2447.1700000000001 12.004289478063583,46.536703426390886,2448.6199999999999 12.004386121407151,46.536690685898066,2450.0599999999999 12.004472622647882,46.53665523044765,2451.02 12.004518806934357,46.536633269861341,2451.5 12.004570942372084,46.536546936258674,2452.46 12.004569098353386,46.536556323990226,2452.9400000000001 12.004572618752718,46.536515671759844,2452.9400000000001 12.004612348973751,46.536463452503085,2453.9000000000001 12.004640093073249,46.536440989002585,2454.3800000000001 12.004665322601795,46.536432271823287,2454.3800000000001 12.004730198532343,46.536425733938813,2455.3400000000001 12.004756601527333,46.536416094750166,2455.3400000000001 12.004836816340685,46.536395391449332,2455.8200000000002 12.00495533645153,46.536325654014945,2456.79 12.004988444969058,46.53630000539124,2456.79 12.005040915682912,46.53628190048039,2456.79 12.005189275369048,46.536238733679056,2458.23 12.005255743861198,46.536203948780894,2459.1900000000001 12.00528415851295,46.536198919638991,2459.1900000000001 12.005457160994411,46.536121554672718,2459.6700000000001 12.005571741610765,46.536061204969883,2461.5900000000001 12.005668468773365,46.536012338474393,2464 12.005707193166018,46.535946624353528,2464.96 12.00569462031126,46.535926591604948,2465.9200000000001 12.0056804548949,46.535916952416301,2465.9200000000001 12.005691519007087,46.535930782556534,2465.9200000000001 12.005701409652829,46.535896668210626,2464.96 12.005678946152329,46.535874204710126,2464.96 12.005693530663848,46.535880994051695,2464.48 12.005676766857505,46.535908905789256,2464.48 12.005690010264516,46.535892812535167,2464.48 12.005701828747988,46.535898596048355,2464.48 12.005690764635801,46.535897422581911,2464.48 12.005662433803082,46.53589834459126,2464.48 12.005675928667188,46.535920556634665,2464.48 12.005682969465852,46.535934051498771,2464.48 12.005660589784384,46.535936566069722,2466.4000000000001 12.005689423531294,46.535907229408622,2466.4000000000001 12.005733009427786,46.535855093970895,2466.8800000000001 12.005776846781373,46.535783093422651,2467.8400000000001 12.005812050774693,46.535719307139516,2469.2800000000002 12.005868880078197,46.535660047084093,2470.2399999999998 12.005908191204071,46.535568181425333,2470.73 12.005952531471848,46.535516548901796,2471.6900000000001 12.00601615011692,46.535463156178594,2473.1300000000001 12.006070883944631,46.535399034619331,2475.0500000000002 12.006137436255813,46.535354442894459,2476.0100000000002 12.006193427368999,46.535342121496797,2476.4899999999998 12.006274061277509,46.535273976624012,2477.4499999999998 12.006348911672831,46.535197533667088,2479.3800000000001 12.006418397650123,46.535133076831698,2480.3400000000001 12.006498277187347,46.535092424601316,2481.3000000000002 12.006622161716223,46.5350276324898,2482.2600000000002 12.006699778139591,46.534979939460754,2483.6999999999998 12.006795834749937,46.534967618063092,2484.6599999999999 12.006876217201352,46.534919925034046,2485.6300000000001 12.006953414529562,46.534869549795985,2487.0700000000002 12.007042346522212,46.534810960292816,2488.9899999999998 12.007101941853762,46.534758154302835,2489.9499999999998 12.007170589640737,46.534694451838732,2490.4299999999998 12.007230101153255,46.534615494310856,2491.3899999999999 12.007305538281798,46.534547433257103,2492.3600000000001 12.007372844964266,46.53449303470552,2494.7600000000002 12.007405031472445,46.534446096047759,2496.1999999999998 12.007478289306164,46.534408126026392,2497.1599999999999 12.007583063095808,46.534388931468129,2497.6399999999999 12.007682304829359,46.534375101327896,2498.5999999999999 12.007740223780274,46.534330006688833,2500.0500000000002 12.007786827161908,46.534296730533242,2501.4899999999998 12.007798897102475,46.534301256760955,2501.9699999999998 12.007811553776264,46.534287761896849,2501.9699999999998 12.007892690598965,46.534234620630741,2502.4499999999998 12.007955638691783,46.534149125218391,2504.3699999999999 12.008030992001295,46.534107718616724,2505.8099999999999 12.008115230128169,46.534079471603036,2507.2600000000002 12.008104166015983,46.533996490761638,2509.1799999999998 12.008185805752873,46.533968076109886,2510.6199999999999 12.008192930370569,46.533903870731592,2513.02 12.008206257596612,46.533857015892863,2514.4699999999998 12.008261745795608,46.533825499936938,2514.9499999999998 12.008316228166223,46.533773532137275,2516.3899999999999 12.008421504870057,46.533771604299545,2517.3499999999999 12.00850130058825,46.533721648156643,2518.79 12.00849736109376,46.533681834116578,2520.71 12.008538851514459,46.53366582468152,2521.1900000000001 12.008537845686078,46.533664483577013,2521.1900000000001 12.00852669775486,46.533668842166662,2521.1900000000001 12.00853792950511,46.533687533810735,2521.1900000000001 12.008547484874725,46.533675799146295,2521.6799999999998 12.008526613935828,46.533682085573673,2521.6799999999998 12.008514460176229,46.533712092787027,2521.6799999999998 12.008514879271388,46.533730532974005,2521.6799999999998 12.008501887321472,46.533748721703887,2521.6799999999998 12.008524602279067,46.533749140799046,2522.1599999999999 12.008505994454026,46.533749224618077,2522.1599999999999 12.00850666500628,46.533741010352969,2522.1599999999999 12.008525524288416,46.533727264031768,2522.1599999999999 12.008514208719134,46.533721145242453,2522.6399999999999 12.008506245911121,46.533753331750631,2522.6399999999999 12.008517980575562,46.533752158284187,2522.6399999999999 12.008528541773558,46.533755678683519,2523.1199999999999 12.008541114628315,46.533758109435439,2523.1199999999999 12.008572965860367,46.533713433891535,2523.1199999999999 12.008543880656362,46.533691138029099,2522.1599999999999 12.00853549875319,46.533693820238113,2522.1599999999999 12.008505323901772,46.533715613186359,2522.1599999999999 12.008490152657032,46.533695412799716,2523.5999999999999 12.008490487933159,46.533691557124257,2523.5999999999999 12.008586963638663,46.533628860488534,2524.5599999999999 12.008677236735821,46.533574210479856,2525.52 12.008780250325799,46.533547723665833,2526.96 12.008895250037313,46.533520398661494,2527.9200000000001 12.008983427658677,46.533507239073515,2528.4000000000001 12.009064983576536,46.53346499428153,2529.8499999999999 12.009135643020272,46.533436747267842,2531.29 12.009176379069686,46.533384947106242,2532.73 12.009189119562507,46.533339768648148,2533.21 12.009200602769852,46.533296350389719,2533.6900000000001 12.009275117889047,46.533278245478868,2533.6900000000001 12.009426997974515,46.533203478902578,2534.1700000000001 12.009554738178849,46.533167771995068,2534.6500000000001 12.009645011276007,46.533170370385051,2536.0999999999999 12.009646436199546,46.533176908269525,2536.0999999999999 12.009675521403551,46.533249830827117,2537.54 12.009764621034265,46.533319232985377,2538.02 12.009799741208553,46.533347479999065,2538.02 12.009819690138102,46.533394670113921,2536.5799999999999 12.009904514998198,46.53348159044981,2536.5799999999999 12.010063687339425,46.533511010929942,2536.5799999999999 12.01013283804059,46.533522829413414,2536.5799999999999 12.010296788066626,46.53344638645649,2536.5799999999999 12.010315982624888,46.533434651792049,2536.5799999999999 12.010325873270631,46.533416714519262,2538.02 12.010399717837572,46.533339852467179,2538.98 12.010469119995832,46.533241532742977,2539.46 12.010501641780138,46.533196354284883,2538.02 12.010528212413192,46.533112032338977,2538.02 12.010532906278968,46.533090742304921,2538.02 12.010519914329052,46.532962415367365,2537.54 12.010554196313024,46.532860575243831,2537.0599999999999 12.010569032281637,46.53277357108891,2537.0599999999999 12.010610271245241,46.532694194465876,2536.0999999999999 12.010649079456925,46.532588331028819,2534.6500000000001 12.010708758607507,46.53254147619009,2534.6500000000001 12.010719068348408,46.532528232783079,2534.6500000000001 12.010676572099328,46.532545248046517,2534.1700000000001 12.010682942345738,46.532535022124648,2534.1700000000001 12.01067958958447,46.532470230013132,2533.6900000000001 12.010636925697327,46.532392781227827,2533.6900000000001 12.010600632056594,46.532332599163055,2533.6900000000001 12.01063415966928,46.532256156206131,2532.73 12.010634746402502,46.532227909192443,2531.77 12.01064539141953,46.532167140394449,2530.8099999999999 12.010687049478292,46.53209731914103,2530.8099999999999 12.01070062816143,46.532031772658229,2530.3299999999999 12.010704316198826,46.532012913376093,2531.29 12.010757541283965,46.531932195648551,2533.21 12.010775981470942,46.531866565346718,2534.1700000000001 12.01075972057879,46.531855082139373,2535.1300000000001 12.010692413896322,46.531802611425519,2536.0999999999999 12.010673470795155,46.531749051064253,2538.02 12.010631058365107,46.531693479046226,2537.54 12.010609433054924,46.531649474054575,2538.5 12.010630974546075,46.531619634479284,2540.4200000000001 12.010628962889314,46.531564649194479,2540.9000000000001 12.010637428611517,46.531501449644566,2542.3400000000001 12.01065419241786,46.531440261751413,2544.27 12.010683109983802,46.531394245103002,2545.23 12.010759469121695,46.531363651156425,2545.71 12.010848317295313,46.531324926763773,2545.71 12.010930879041553,46.531315539032221,2545.71 12.010988546535373,46.531255692243576,2546.1900000000001 12.011032551527023,46.531237503513694,2546.1900000000001 12.011112682521343,46.531199533492327,2547.1500000000001 12.011136319488287,46.531176986172795,2547.1500000000001 12.011262215673923,46.531116468831897,2548.1100000000001 12.011324241757393,46.531089311465621,2548.5900000000001 12.011438319459558,46.531038517132401,2549.0700000000002 12.011510822921991,46.531007336452603,2549.5500000000002 12.011602520942688,46.530982693657279,2550.5100000000002 12.01168273575604,46.530961822718382,2551.48 12.011747695505619,46.530941873788834,2551.96 12.011822378262877,46.53093826957047,2552.9200000000001 12.011907789856195,46.53094220906496,2554.3600000000001 12.011962104588747,46.530920248478651,2555.8000000000002 12.012008959427476,46.530953776091337,2557.2399999999998 12.012080959975719,46.530927289277315,2558.6900000000001 12.012099148705602,46.53089627623558,2559.6500000000001 12.012097220867872,46.530908429995179,2560.1300000000001 12.012106524780393,46.530901053920388,2560.1300000000001 12.01211079955101,46.530889486894011,2560.1300000000001 12.012066207826138,46.530882278457284,2560.1300000000001 12.012090012431145,46.530882446095347,2559.1700000000001 12.012136615812778,46.530839949846268,2560.6100000000001 12.0121562294662,46.530817234888673,2560.6100000000001 12.01219042763114,46.530791837722063,2559.1700000000001 12.012203335762024,46.530784964561462,2559.1700000000001 12.012237198650837,46.530758058652282,2558.21 12.012368878349662,46.530706342309713,2557.73 12.012533079832792,46.530668623745441,2557.73 12.012578928843141,46.530642472207546,2557.73 12.012702729552984,46.530617494136095,2559.1700000000001 12.012731730937958,46.530606430023909,2559.6500000000001 12.012915462255478,46.530625289306045,2560.1300000000001 12.012989893555641,46.530586648732424,2562.0500000000002 12.013068767264485,46.530585559085011,2563.4899999999998 12.013159543275833,46.530557982623577,2565.9000000000001 12.01317647472024,46.53054054826498,2565.9000000000001 12.013177564367652,46.530512468889356,2566.8600000000001 12.013032808899879,46.53045354411006,2566.8600000000001 12.012960556894541,46.530439462512732,2566.8600000000001 12.012951169162989,46.530382968485355,2566.8600000000001 12.012961897999048,46.530288923531771,2566.8600000000001 12.012963909655809,46.530301831662655,2566.8600000000001 12.012956533581018,46.530268555507064,2566.8600000000001 12.012942871078849,46.530277775600553,2567.3400000000001 12.012878246605396,46.530295880511403,2567.3400000000001 12.012854442000389,46.530299484729767,2567.3400000000001 12.012860896065831,46.53033678419888,2567.8200000000002 12.012861398980021,46.530353128910065,2567.8200000000002 12.012797025963664,46.530408281832933,2566.3800000000001 12.012761486694217,46.530392440035939,2567.8200000000002 12.012677332386374,46.530333682894707,2569.2600000000002 12.012588232755661,46.530286492779851,2571.6599999999999 12.012487733736634,46.530235949903727,2573.5900000000001 12.012379104271531,46.530210468918085,2575.5100000000002 12.012355299666524,46.530163362622261,2576.9499999999998 12.012324035167694,46.530142743140459,2577.9099999999999 12.012231666594744,46.530126566067338,2579.3499999999999 12.012183303013444,46.530080381780863,2580.8000000000002 12.012128904461861,46.530049368739128,2581.7600000000002 12.012171903625131,46.530015505850315,2582.7199999999998 12.012192104011774,46.530019780620933,2582.7199999999998 12.012163102626801,46.530042998492718,2583.1999999999998 12.01219042763114,46.530002681538463,2584.1599999999999 12.012204844504595,46.529984660446644,2585.1199999999999 12.012113314121962,46.529995556920767,2585.5999999999999 12.012029327452183,46.530009722337127,2587.04 12.011955231428146,46.530018607154489,2588.9699999999998 12.011975012719631,46.529918778687716,2590.4099999999999 12.012022035196424,46.529848873615265,2592.3299999999999 12.012116080150008,46.529851220548153,2593.29 12.012194534763694,46.529885418713093,2595.2199999999998 12.012265110388398,46.529858848080039,2597.6199999999999 12.012213310226798,46.529829176142812,2600.02 12.012203251942992,46.529844598844647,2600.5 12.012232923880219,46.529813418164849,2600.98 12.012240216135979,46.529802856966853,2601.9499999999998 12.012185733765364,46.529805790632963,2602.9099999999999 12.012164359912276,46.529760025441647,2603.8699999999999 12.012173412367702,46.529759354889393,2604.8299999999999 12.012144830077887,46.529747620224953,2604.8299999999999 12.012104261666536,46.52970789000392,2606.27 12.012110045179725,46.529701771214604,2607.23 12.012093784287572,46.529689785093069,2607.23 12.012029578909278,46.529656006023288,2608.6700000000001 12.011995213106275,46.5296277590096,2610.1199999999999 12.011981550604105,46.529608899727464,2610.5999999999999 12.012040978297591,46.529641589149833,2609.1599999999999 12.01209269464016,46.529665729030967,2608.1900000000001 12.012100741267204,46.529663046821952,2608.1900000000001 12.012092443183064,46.529649300500751,2608.1900000000001 12.012052126228809,46.529664974659681,2608.1900000000001 12.011995380744338,46.529621556401253,2610.1199999999999 12.011950453743339,46.52957646176219,2610.5999999999999 12.011850876733661,46.529546622186899,2612.52 12.011763034388423,46.529543520882726,2613.48 12.011681394651532,46.529535558074713,2615.4000000000001 12.011596150696278,46.52952860109508,2615.8800000000001 12.011660439893603,46.529458444565535,2617.8099999999999 12.011671671643853,46.529454169794917,2618.29 12.011763537302613,46.529393568634987,2620.6900000000001 12.011771751567721,46.529367668554187,2622.6100000000001 12.011668067425489,46.529380492866039,2624.54 12.011604700237513,46.52938443236053,2626.46 12.011544601991773,46.529377140104771,2627.4200000000001 12.011463213711977,46.529370434582233,2628.3800000000001 12.011548709124327,46.529320059344172,2631.27 12.011553486809134,46.529314443469048,2631.27 12.011598246172071,46.529266415163875,2632.23 12.011513505131006,46.529269181191921,2633.1900000000001 12.011504452675581,46.529277479276061,2634.1500000000001 12.011506296694279,46.529269348829985,2634.1500000000001 12.011504117399454,46.529276221990585,2634.1500000000001 12.011442761868238,46.529278066009283,2634.1500000000001 12.01137444935739,46.529275132343173,2635.5900000000001 12.011432619765401,46.529218219220638,2636.0700000000002 12.011457681655884,46.529198857024312,2636.5500000000002 12.011536555364728,46.52914110571146,2638.48 12.011604448780417,46.529110427945852,2640.4000000000001 12.011638646945357,46.52908637188375,2641.8400000000001 12.011639820411801,46.529057957231998,2643.7600000000002 12.01156253926456,46.529064495116472,2644.7199999999998 12.011473942548037,46.529045468196273,2646.6500000000001 12.011469667777419,46.529058460146189,2647.6100000000001 12.011450892314315,46.529061729088426,2647.6100000000001 12.011451479047537,46.529055442661047,2647.6100000000001 12.011404791846871,46.529056699946523,2648.5700000000002 12.011343687772751,46.529039349406958,2649.5300000000002 12.011344106867909,46.528967181220651,2650.4899999999998 12.011416023597121,46.528922002762556,2652.4200000000001 12.011480648070574,46.528871124610305,2654.3400000000001 12.011549295857549,46.528813121840358,2656.2600000000002 12.011542003601789,46.528825024142861,2656.7399999999998 12.01152540743351,46.528843967244029,2656.7399999999998 12.011481737717986,46.528861569240689,2657.2199999999998 12.011408815160394,46.528859473764896,2658.6599999999999 12.011402109637856,46.528840446844697,2658.1799999999998 12.011392554268241,46.528841536492109,2658.6599999999999 12.01129381544888,46.528857043012977,2659.6199999999999 12.011189041659236,46.528862658888102,2661.0700000000002 12.011063145473599,46.528873303905129,2662.5100000000002 12.01094152405858,46.528870118781924,2663.4699999999998 12.010877234861255,46.528831394389272,2664.9099999999999 12.010823925957084,46.528780600056052,2666.3499999999999 12.010921826586127,46.528730392456055,2667.3099999999999 12.010842366144061,46.528709521517158,2669.7199999999998 12.010798444971442,46.528677251189947,2671.1599999999999 12.010848149657249,46.5286451485008,2672.5999999999999 12.010793415829539,46.528608938679099,2674.04 12.010685121640563,46.52859577909112,2675.0100000000002 12.010670704767108,46.528597958385944,2675.0100000000002 12.010566098615527,46.528601478785276,2676.4499999999998 12.010508431121707,46.528602400794625,2677.8899999999999 12.010449338704348,46.528589073568583,2679.3299999999999 12.010475490242243,46.528531489893794,2679.8099999999999 12.010515807196498,46.528486981987953,2680.77 12.010563751682639,46.528447167947888,2681.25 12.010611360892653,46.528364606201649,2683.1799999999998 12.010656455531716,46.528327474370599,2684.6199999999999 12.010660395026207,46.528301574289799,2686.0599999999999 12.01062586158514,46.528290258720517,2686.54 12.010634746402502,46.528287660330534,2687.5 12.010582443326712,46.528301322832704,2687.98 12.010506754741073,46.528299981728196,2689.9099999999999 12.010521925985813,46.528242314234376,2690.3899999999999 12.010575486347079,46.528186742216349,2691.8299999999999 12.010625945404172,46.528136283159256,2692.79 12.010670620948076,46.528087416663766,2693.75 12.010638853535056,46.528076604008675,2695.1900000000001 12.010590322315693,46.528080962598324,2696.1500000000001 12.010527374222875,46.528068892657757,2698.0799999999999 12.010501474142075,46.528050033375621,2699.04 12.010494517162442,46.528002256527543,2700 12.010456463322043,46.52797769755125,2702.4000000000001 12.010478256270289,46.527929836884141,2703.3600000000001 12.010557549074292,46.527867559343576,2703.8499999999999 12.010614294558764,46.527812657877803,2704.8099999999999 12.010597446933389,46.527803689241409,2706.25 12.010620748624206,46.527808299288154,2706.25 12.010614965111017,46.527800671756268,2706.25 12.010630387812853,46.527806287631392,2706.25 12.010623095557094,46.527804275974631,2706.25 12.010641787201166,46.527813747525215,2706.25 12.010637009516358,46.527812657877803,2706.73 12.010584957897663,46.527790194377303,2706.73 12.010571379214525,46.527789272367954,2706.73 12.010560650378466,46.527796732261777,2706.73 12.01043869368732,46.527835540473461,2707.21 12.010392006486654,46.527848951518536,2708.1700000000001 12.010348504409194,46.527856830507517,2710.0900000000001 12.010320844128728,46.52786529622972,2708.6500000000001 12.010216237977147,46.52789169922471,2708.6500000000001 12.010135101154447,46.527909468859434,2710.0900000000001 12.010120349004865,46.527911983430386,2710.0900000000001 12.010059077292681,46.527929082512856,2710.5700000000002 12.010083384811878,46.527878120541573,2711.0599999999999 12.010151781141758,46.527793547138572,2712.02 12.010137028992176,46.527798576280475,2712.5 12.009997302666306,46.527817267924547,2714.4200000000001 12.009880878031254,46.527835289016366,2715.3800000000001 12.009869059547782,46.527837133035064,2715.3800000000001 12.009835112839937,46.527839815244079,2715.8600000000001 12.009798986837268,46.527793798595667,2716.8200000000002 12.010002918541431,46.527695897966623,2717.7800000000002 12.010052790865302,46.527671925723553,2717.7800000000002 12.010118253529072,46.527643175795674,2717.7800000000002 12.010201988741755,46.527607636526227,2716.3400000000001 12.010192349553108,46.5276073012501,2716.3400000000001 12.010191762819886,46.527610905468464,2716.8200000000002 12.010212382301688,46.527615934610367,2716.8200000000002 12.010236606001854,46.527617024257779,2716.8200000000002 12.010209364816546,46.527616605162621,2716.3400000000001 12.010202659294009,46.527612917125225,2716.3400000000001 12.01021053828299,46.527605876326561,2716.3400000000001 12.010212633758783,46.52763512916863,2716.3400000000001 12.010200396180153,46.527632866054773,2716.3400000000001 12.010142058134079,46.527649210765958,2716.3400000000001 12.010094616562128,46.527695143595338,2716.8200000000002 12.010081205517054,46.5277040284127,2716.8200000000002 12.010010965168476,46.527735460549593,2716.8200000000002 12.009901497513056,46.527782063931227,2716.8200000000002 12.009871825575829,46.527786673977971,2716.8200000000002 12.009787755087018,46.527820955961943,2716.8200000000002 12.009760430082679,46.527825063094497,2716.8200000000002 12.009731931611896,46.52782472781837,2716.8200000000002 12.00966571457684,46.527817184105515,2716.8200000000002 12.009535292163491,46.527766641229391,2718.75 12.009407971054316,46.527755744755268,2720.1900000000001 12.009378466755152,46.527761612087488,2720.1900000000001 12.009351393207908,46.527760690078139,2720.6700000000001 12.009219629690051,46.527782650664449,2721.6300000000001 12.009034641087055,46.527801090851426,2723.0700000000002 12.008971441537142,46.527820620685816,2723.5500000000002 12.008877312764525,46.527834283187985,2724.5100000000002 12.008851496502757,46.527842665091157,2724.5100000000002 12.008830793201923,46.527858087792993,2724.9899999999998 12.008778741583228,46.527880132198334,2724.9899999999998 12.008674554526806,46.527895554900169,2725.96 12.008640607818961,46.527875522151589,2726.4400000000001 12.008670447394252,46.527838390320539,2726.9200000000001 12.008705735206604,46.527802851051092,2727.4000000000001 12.008853340521455,46.527696400880814,2728.3600000000001 12.008857112377882,46.527688521891832,2729.3200000000002 12.008750243112445,46.527738478034735,2730.7600000000002 12.00874412432313,46.527752056717873,2731.2399999999998 12.008684864267707,46.527768485248089,2731.7199999999998 12.008577072992921,46.52779589407146,2732.6799999999998 12.008471461012959,46.527860518544912,2733.1700000000001 12.008466348052025,46.527859680354595,2733.1700000000001 12.008518734946847,46.527800168842077,2733.1700000000001 12.008596183732152,46.527747698128223,2732.1999999999998 12.00874119065702,46.527698999270797,2731.2399999999998 12.008854849264026,46.527656419202685,2730.2800000000002 12.008795086294413,46.527670919895172,2730.2800000000002 12.008785447105765,46.527677876874804,2731.7199999999998 12.008714284747839,46.527692126110196,2732.6799999999998 12.008621580898762,46.527701178565621,2734.6100000000001 12.008532481268048,46.527710314840078,2736.5300000000002 12.008413625881076,46.527718445286155,2737.9699999999998 12.008311785757542,46.527704447507858,2739.4099999999999 12.008232409134507,46.527651641517878,2742.3000000000002 12.008181614801288,46.52762096375227,2742.7800000000002 12.008148338645697,46.527597494423389,2742.3000000000002 12.008149093016982,46.527598332613707,2742.7800000000002 12.008161582052708,46.527593471109867,2741.3400000000001 12.008166024461389,46.527604535222054,2741.8200000000002 12.008187985047698,46.527607468888164,2741.8200000000002 12.008180022239685,46.527600763365626,2741.3400000000001 12.008172478526831,46.52759900316596,2741.3400000000001 12.008161246776581,46.527590872719884,2741.8200000000002 12.008158145472407,46.527594225481153,2741.8200000000002 12.008155966177583,46.52759070508182,2741.8200000000002 12.008146578446031,46.527583077549934,2741.8200000000002 12.008148087188601,46.527578886598349,2742.3000000000002 12.008160743862391,46.527566062286496,2742.3000000000002 12.008180944249034,46.527594896033406,2742.3000000000002 12.008175244554877,46.527601266279817,2742.3000000000002 12.008154792711139,46.527596656233072,2742.3000000000002 12.008152613416314,46.527595901861787,2742.3000000000002 12.008144063875079,46.527598584070802,2742.7800000000002 12.008164515718818,46.527591124176979,2743.7399999999998 12.008176585659385,46.527595818042755,2744.2199999999998 12.008156385272741,46.527598667889833,2744.2199999999998 12.008157474920154,46.527611408382654,2744.2199999999998 12.008163677528501,46.527606211602688,2744.2199999999998 12.008154289796948,46.527614761143923,2744.6999999999998 12.008146578446031,46.527610654011369,2745.1799999999998 12.008158564567566,46.52760679833591,2745.1799999999998 12.008138112723827,46.527591794729233,2745.1799999999998 12.008141800761223,46.527589028701186,2745.1799999999998 12.008158229291439,46.52758726850152,2745.6599999999999 12.00815973803401,46.527594057843089,2745.6599999999999 12.008186224848032,46.527605121955276,2745.6599999999999 12.008166611194611,46.527616856619716,2745.6599999999999 12.008148254826665,46.527605457231402,2745.6599999999999 12.008135849609971,46.527617694810033,2746.1399999999999 12.008129227906466,46.527612414211035,2746.1399999999999 12.008131658658385,46.527629345655441,2746.1399999999999 12.008155127987266,46.527633871883154,2746.1399999999999 12.008165689185262,46.52762196958065,2746.1399999999999 12.008152781054378,46.527604032307863,2746.1399999999999 12.008155714720488,46.527606463059783,2746.6199999999999 12.008136184886098,46.527603613212705,2746.6199999999999 12.008131658658385,46.527604954317212,2746.6199999999999 12.008140459656715,46.527604535222054,2746.6199999999999 12.00815387070179,46.527583077549934,2746.6199999999999 12.00817096978426,46.527588525786996,2747.0999999999999 12.008172562345862,46.527579640969634,2747.0999999999999 12.008164180442691,46.52756916359067,2747.0999999999999 12.008163509890437,46.527580227702856,2747.0999999999999 12.008156720548868,46.527583580464125,2747.0999999999999 12.008167365565896,46.527594728395343,2747.0999999999999 12.008159402757883,46.527589783072472,2747.5900000000001 12.00818563811481,46.52759313583374,2747.5900000000001 12.008163342252374,46.52759506367147,2747.5900000000001 12.008152613416314,46.52759263291955,2747.5900000000001 12.008161582052708,46.527592213824391,2747.5900000000001 12.008143728598952,46.527594979852438,2746.6199999999999 12.008152781054378,46.527580479159951,2747.0999999999999 12.008169461041689,46.527586514130235,2747.0999999999999 12.008162252604961,46.527577964589,2747.0999999999999 12.008154960349202,46.527590118348598,2748.0700000000002 12.008154792711139,46.527592046186328,2746.6199999999999 12.008152781054378,46.527592465281487,2748.0700000000002 12.008150685578585,46.527593638747931,2747.0999999999999 12.008134257048368,46.527599589899182,2747.5900000000001 12.008144231513143,46.527592465281487,2747.5900000000001 12.008172143250704,46.527589866891503,2747.5900000000001 12.008155882358551,46.527597662061453,2747.5900000000001 12.008149176836014,46.527580562978983,2749.0300000000002 12.0081568043679,46.527573354542255,2749.0300000000002 12.008158313110471,46.527585256844759,2749.0300000000002 12.008116822689772,46.527605541050434,2749.0300000000002 12.008149260655046,46.527634626254439,2749.0300000000002 12.008305080235004,46.527653988450766,2747.5900000000001 12.008315306156874,46.527656419202685,2747.5900000000001 12.008485291153193,46.527677122503519,2744.2199999999998 12.008679248392582,46.527644852176309,2741.3400000000001 12.008769772946835,46.527647618204355,2738.9299999999998 12.008840935304761,46.527619203552604,2737.9699999999998 12.008865242823958,46.527636637911201,2737.4899999999998 12.008731551468372,46.527705453336239,2737.0100000000002 12.008684612810612,46.52771333232522,2737.0100000000002 12.008467940613627,46.52781056240201,2739.8899999999999 12.008324023336172,46.527877701446414,2740.3800000000001 12.008108608424664,46.527917599305511,2741.8200000000002 12.008044738322496,46.527936290949583,2742.3000000000002 12.008010037243366,46.527955150231719,2742.3000000000002 12.007871065288782,46.528024552389979,2743.7399999999998 12.007808536291122,46.528045674785972,2744.6999999999998 12.007927894592285,46.527927489951253,2744.6999999999998 12.007967792451382,46.527858255431056,2745.1799999999998 12.007836867123842,46.527918605133891,2747.0999999999999 12.007782552391291,46.52793763205409,2747.5900000000001 12.007792526856065,46.52788289822638,2748.5500000000002 12.00775564648211,46.527937212958932,2749.0300000000002 12.007728908210993,46.527975434437394,2749.5100000000002 12.007695715874434,46.528091691434383,2750.9499999999998 12.007658081129193,46.52813988737762,2751.4299999999998 12.007569903507829,46.528208451345563,2752.3899999999999 12.007513577118516,46.528215492144227,2752.3899999999999 12.007603095844388,46.52823275886476,2752.3899999999999 12.007593456655741,46.52825765311718,2754.3099999999999 12.007531262934208,46.528261760249734,2755.7600000000002 12.007514834403992,46.528330659493804,2758.6399999999999 12.007458256557584,46.528410455211997,2760.5599999999999 12.007488431409001,46.528439624235034,2761.52 12.007547775283456,46.528473068028688,2761.52 12.007544841617346,46.52849025093019,2760.0799999999999 12.007568646222353,46.528486143797636,2760.0799999999999 12.007569400593638,46.528484802693129,2760.0799999999999 12.007523803040385,46.528632072731853,2759.1199999999999 12.007534531876445,46.528697367757559,2758.1599999999999 12.007527239620686,46.528703402727842,2758.1599999999999 12.007533609867096,46.528709270060062,2758.1599999999999 12.007533861324191,46.528708096593618,2758.1599999999999 12.00747518800199,46.528721675276756,2758.1599999999999 12.007371922954917,46.528764087706804,2759.1199999999999 12.007352812215686,46.528781773522496,2759.1199999999999 12.007307969033718,46.528821671381593,2758.1599999999999 12.007190873846412,46.528883362188935,2757.6799999999998 12.007125411182642,46.528978412970901,2757.6799999999998 12.007071767002344,46.529015125706792,2757.6799999999998 12.006944194436073,46.528947986662388,2759.5999999999999 12.00690203346312,46.528980005532503,2760.0799999999999 12.006860040128231,46.528947316110134,2760.5599999999999 12.00681310147047,46.528945388272405,2761.52 12.006805390119553,46.528964079916477,2761.52 12.006607912480831,46.528994254767895,2762.9699999999998 12.006449326872826,46.529000960290432,2763.9299999999998 12.006396856158972,46.528952093794942,2764.8899999999999 12.00637573376298,46.528935162350535,2764.8899999999999 12.00632493942976,46.528916051611304,2764.8899999999999 12.006323430687189,46.528921164572239,2763.4499999999998 12.00634547509253,46.528910184279084,2762.9699999999998 12.006378332152963,46.52888554148376,2762.9699999999998 12.006374392658472,46.528877578675747,2762.9699999999998 12.006393922492862,46.528875818476081,2762.9699999999998 12.006413117051125,46.52887724339962,2762.9699999999998 12.006406830623746,46.528877913951874,2762.4899999999998 12.006404651328921,46.528877578675747,2762.4899999999998 12.006394090130925,46.528881266713142,2762.9699999999998 12.006398783996701,46.528879338875413,2762.9699999999998 12.006408255547285,46.528879087418318,2762.9699999999998 12.00640163384378,46.528879087418318,2762.9699999999998 12.00640800409019,46.528881518170238,2762.9699999999998 12.006399957463145,46.528884116560221,2762.9699999999998 12.00641630217433,46.528886714950204,2763.4499999999998 12.006416721269488,46.52888654731214,2763.4499999999998 12.006409931927919,46.528887134045362,2763.4499999999998 12.006396520882845,46.528890822082758,2763.4499999999998 12.006405405700207,46.528892330825329,2763.4499999999998 12.006403813138604,46.528887553140521,2763.4499999999998 12.006408590823412,46.528893755748868,2763.4499999999998 12.006406998261809,46.528895683586597,2763.4499999999998 12.006409931927919,46.528889564797282,2763.4499999999998 12.006399119272828,46.528893420472741,2763.4499999999998 12.006428623571992,46.52888311073184,2763.4499999999998 12.006439100950956,46.528871711343527,2763.4499999999998 12.006406830623746,46.528872717171907,2763.4499999999998 12.006388055160642,46.52888897806406,2763.4499999999998 12.006400711834431,46.528890319168568,2763.4499999999998 12.0064109377563,46.528892666101456,2763.4499999999998 12.006399370729923,46.528894174844027,2763.4499999999998 12.006390485912561,46.52889677323401,2763.4499999999998 12.006390737369657,46.528895013034344,2763.4499999999998 12.006394928321242,46.528894593939185,2763.4499999999998 12.006395347416401,46.528895515948534,2763.4499999999998 12.006370620802045,46.52889677323401,2763.4499999999998 12.006358131766319,46.528907334432006,2763.4499999999998 12.006365340203047,46.528896857053041,2763.4499999999998 12.00637087225914,46.528893336653709,2763.4499999999998 12.006362238898873,46.528896186500788,2763.4499999999998 12.006372464820743,46.528884703293443,2763.4499999999998 12.00636500492692,46.528888223692775,2763.4499999999998 12.006372297182679,46.528891324996948,2763.4499999999998 12.006369112059474,46.528899455443025,2763.4499999999998 12.006367016583681,46.528900545090437,2762.9699999999998 12.006363328546286,46.528899036347866,2762.9699999999998 12.006354108452797,46.52890364639461,2762.9699999999998 12.006370453163981,46.528910854831338,2762.9699999999998 12.006365340203047,46.528909178450704,2762.9699999999998 12.006357125937939,46.528905993327498,2762.9699999999998 12.006361065432429,46.528906999155879,2762.9699999999998 12.006367854773998,46.528904149308801,2762.9699999999998 12.006363496184349,46.528909094631672,2762.9699999999998 12.006357042118907,46.528908088803291,2762.9699999999998 12.006357042118907,46.528910519555211,2762.9699999999998 12.006346732378006,46.528908591717482,2764.4099999999999 12.006337512284517,46.528897024691105,2764.4099999999999 12.006354695186019,46.528903478756547,2762.9699999999998 12.006358131766319,46.528902808204293,2762.9699999999998 12.006358802318573,46.528903311118484,2763.9299999999998 12.006359808146954,46.528903311118484,2763.9299999999998 12.006337009370327,46.528918398544192,2764.4099999999999 12.006318653002381,46.528932563960552,2764.4099999999999 12.006339188665152,46.528927031904459,2764.4099999999999 12.006332064047456,46.528909346088767,2764.4099999999999 12.006347654387355,46.528912615031004,2764.4099999999999 12.006378415971994,46.528925271704793,2764.4099999999999 12.00644756667316,46.528963493183255,2764.4099999999999 12.006448991596699,46.529003558680415,2764.4099999999999 12.006505653262138,46.529022585600615,2764.4099999999999 12.006622161716223,46.528997607529163,2762.4899999999998 12.006736574694514,46.5289940033108,2761.52 12.006796253845096,46.528952848166227,2761.04 12.006857022643089,46.528930133208632,2760.5599999999999 12.006926005706191,46.52897204272449,2760.0799999999999 12.006964981555939,46.528945555910468,2759.5999999999999 12.006995491683483,46.52894320897758,2759.5999999999999 12.007096074521542,46.529001127928495,2757.6799999999998 12.007174780592322,46.528917895630002,2757.1999999999998 12.00720302760601,46.528873974457383,2757.1999999999998 12.007260108366609,46.528829634189606,2757.1999999999998 12.007284332066774,46.528813038021326,2757.1999999999998 12.007300844416022,46.52879468165338,2757.1999999999998 12.007319200783968,46.52878051623702,2757.1999999999998 12.007386423647404,46.528665767982602,2758.1599999999999 12.007438894361258,46.528617488220334,2758.1599999999999 12.007441157475114,46.528532663360238,2759.5999999999999 12.007454233244061,46.528446162119508,2760.0799999999999 12.00745121575892,46.52844431810081,2761.04 12.007449958473444,46.528415232896805,2761.04 12.007488263770938,46.528411209583282,2760.0799999999999 12.007508045062423,46.528380364179611,2759.5999999999999 12.007506536319852,46.528339460492134,2758.6399999999999 12.007551714777946,46.528296042233706,2757.1999999999998 12.007519192993641,46.528249774128199,2755.7600000000002 12.007588008418679,46.528259078040719,2754.3099999999999 12.007594546303153,46.528238374739885,2752.8699999999999 12.007598066702485,46.528208116069436,2752.3899999999999 12.007693033665419,46.528064114972949,2750.4699999999998 12.007764279842377,46.527895303443074,2749.0300000000002 12.007791018113494,46.527861943468451,2748.0700000000002 12.007823456078768,46.527928663417697,2748.0700000000002 12.007849188521504,46.527935368940234,2747.5900000000001 12.008009618148208,46.527861692011356,2745.6599999999999 12.00787391513586,46.527984822168946,2744.6999999999998 12.007860001176596,46.528021870180964,2744.2199999999998 12.0079081133008,46.527994628995657,2744.2199999999998 12.008127635344863,46.527888933196664,2742.3000000000002 12.008265601471066,46.527845095843077,2741.3400000000001 12.008470203727484,46.527811903506517,2739.4099999999999 12.008628789335489,46.527722720056772,2738.4499999999998 12.00884185731411,46.527658766135573,2737.0100000000002 12.008888460695744,46.527676871046424,2736.5300000000002 12.008860129863024,46.527701430022717,2736.0500000000002 12.008656868711114,46.527817267924547,2734.6100000000001 12.008654102683067,46.527854735031724,2733.6500000000001 12.008799193426967,46.527814669534564,2732.6799999999998 12.008843198418617,46.527795977890491,2732.1999999999998 12.008875971660018,46.527767647057772,2732.1999999999998 12.008917629718781,46.527749039232731,2732.1999999999998 12.0090910512954,46.527715846896172,2730.7600000000002 12.009257348254323,46.527711739763618,2729.3200000000002 12.009445270523429,46.527709560468793,2728.3600000000001 12.009585667401552,46.527732023969293,2726.9200000000001 12.009708629921079,46.527770413085818,2726.4400000000001 12.009760513901711,46.527788685634732,2724.9899999999998 12.0098249707371,46.527797989547253,2724.9899999999998 12.010009959340096,46.527794636785984,2723.0700000000002 12.01014306396246,46.527783907949924,2721.6300000000001 12.010162007063627,46.527802851051092,2720.6700000000001 12.010015323758125,46.527884574607015,2719.71 12.010075924918056,46.527885245159268,2719.23 12.010090090334415,46.527883987873793,2719.23 12.010165862739086,46.527870995923877,2718.27 12.010363843291998,46.527820704504848,2716.8200000000002 12.010421259328723,46.527804024517536,2716.3400000000001 12.010478591546416,46.527793128043413,2715.8600000000001 12.0105916634202,46.527787679806352,2714.4200000000001 12.010566350072622,46.52783059515059,2713.46 12.010495020076632,46.527881557121873,2712.02 12.010405752807856,46.527943583205342,2711.54 12.010342720896006,46.527996640652418,2710.5700000000002 12.010301230475307,46.52803142555058,2710.0900000000001 12.010336266830564,46.528025642037392,2709.6100000000001 12.010406171903014,46.528042238205671,2708.1700000000001 12.010461408644915,46.528043076395988,2707.21 12.010521506890655,46.528039053082466,2706.25 12.010632986202836,46.528034107759595,2704.8099999999999 12.010692078620195,46.528027569875121,2703.8499999999999 12.010656539350748,46.528065288439393,2702.8800000000001 12.010589651763439,46.528115579858422,2701.9200000000001 12.010548915714025,46.528152460232377,2700.48 12.010496780276299,46.52819411829114,2700 12.010467946529388,46.528230579569936,2699.52 12.010502144694328,46.528233010321856,2699.52 12.010594932362437,46.528244074434042,2697.1199999999999 12.010687552392483,46.528229741379619,2695.6700000000001 12.010720744729042,46.528232004493475,2695.1900000000001 12.010658886283636,46.528280787169933,2694.23 12.010613288730383,46.528338538482785,2692.79 12.010566936805844,46.528398469090462,2691.8299999999999 12.010470209643245,46.528485054150224,2689.4299999999998 12.010477166622877,46.528507517650723,2688.9400000000001 12.010510778054595,46.528510702773929,2687.98 12.010547239333391,46.528521599248052,2686.54 12.010594513267279,46.528535010293126,2685.0999999999999 12.010695263743401,46.528536351397634,2684.1399999999999 12.010796600952744,46.528546409681439,2682.6999999999998 12.010862482711673,46.528567615896463,2681.25 12.010825183242559,46.528606507927179,2680.29 12.01078268699348,46.52863928116858,2679.3299999999999 12.010846473276615,46.528644561767578,2678.3699999999999 12.010908415541053,46.528672138229012,2677.4099999999999 12.010864159092307,46.528717316687107,2675.9699999999998 12.010850915685296,46.528718825429678,2675.9699999999998 12.010838175192475,46.528727374970913,2675.9699999999998 12.010820154100657,46.52874774299562,2675.4899999999998 12.010902129113674,46.528777834028006,2674.04 12.010935069993138,46.528793843463063,2673.5599999999999 12.011024169623852,46.528803147375584,2672.1199999999999 12.011151909828186,46.528791664168239,2671.1599999999999 12.011186527088284,46.528796022757888,2670.6799999999998 12.011313596740365,46.528797699138522,2669.2399999999998 12.011413676664233,46.528789736330509,2667.3099999999999 12.011458436027169,46.528791915625334,2667.3099999999999 12.011521551758051,46.528793843463063,2666.3499999999999 12.011520797386765,46.528839943930507,2665.8699999999999 12.011443097144365,46.528884284198284,2663.4699999999998 12.011392135173082,46.528910687193274,2662.5100000000002 12.011329103261232,46.5289456397295,2661.0700000000002 12.011332372203469,46.528951758518815,2660.5900000000001 12.01139448210597,46.528999619185925,2659.1399999999999 12.011444270610809,46.528991153463721,2658.1799999999998 12.011577123776078,46.52898964472115,2656.7399999999998 12.011668067425489,46.528995679691434,2654.8200000000002 12.011649459600449,46.529046976938844,2653.3800000000001 12.011595480144024,46.529077906161547,2651.4499999999998 12.011545607820153,46.529102297499776,2650.4899999999998 12.011491544544697,46.529150074347854,2648.5700000000002 12.011456675827503,46.529176477342844,2646.6500000000001 12.011366402730346,46.529248226433992,2645.6900000000001 12.011432535946369,46.529212854802608,2644.7199999999998 12.011530688032508,46.529203550890088,2643.2800000000002 12.011641832068563,46.529207658022642,2642.3200000000002 12.011580057442188,46.529252836480737,2640.8800000000001 12.011531442403793,46.529271528124809,2640.8800000000001 12.011479223147035,46.529318131506443,2639.4400000000001 12.011588606983423,46.529290052130818,2637.9899999999998 12.011641915887594,46.529288291931152,2637.0300000000002 12.011693129315972,46.529297009110451,2635.5900000000001 12.011725818738341,46.529289549216628,2635.1100000000001 12.0117780379951,46.529266834259033,2633.6700000000001 12.011829921975732,46.529272701591253,2632.71 12.011767057701945,46.52933363802731,2631.75 12.011749790981412,46.529352748766541,2630.79 12.011698745191097,46.52938543818891,2630.3000000000002 12.011585338041186,46.529449140653014,2627.9000000000001 12.011640826240182,46.529454756528139,2627.4200000000001 12.011724477633834,46.529451487585902,2625.98 12.011800836771727,46.52944746427238,2624.0599999999999 12.011894881725311,46.5294533316046,2622.6100000000001 12.011919105425477,46.529456013813615,2622.6100000000001 12.012027986347675,46.5295275952667,2620.21 12.012086743488908,46.529574785381556,2619.25 12.012124210596085,46.529607474803925,2617.8099999999999 12.01217039488256,46.5296311955899,2615.8800000000001 12.012211717665195,46.529671177268028,2614.4400000000001 12.012259243056178,46.52970353141427,2613 12.012259243056178,46.529750302433968,2611.0799999999999 12.012226218357682,46.529797995463014,2610.1199999999999 12.012257315218449,46.529820961877704,2608.6700000000001 12.012178357690573,46.529838228598237,2607.23 12.012103004381061,46.529801934957504,2606.27 12.012077439576387,46.529807467013597,2605.79 12.012039888650179,46.529816519469023,2604.8299999999999 12.01199253089726,46.529878210276365,2602.9099999999999 12.011949364095926,46.529938811436296,2601.46 12.012014826759696,46.529925735667348,2600.5 12.012044498696923,46.529917437583208,2600.02 12.012187158688903,46.529892459511757,2597.6199999999999 12.01217919588089,46.529938811436296,2595.6999999999998 12.01217140071094,46.529948115348816,2595.6999999999998 12.012192355468869,46.530001759529114,2593.77 12.012282125651836,46.530029000714421,2591.3699999999999 12.012373488396406,46.530080968514085,2589.9299999999998 12.012485889717937,46.530155315995216,2587.04 12.012600302696228,46.530221868306398,2584.6399999999999 12.012656042352319,46.5302649512887,2584.1599999999999 12.012753272429109,46.530311806127429,2581.7600000000002 12.012846060097218,46.530354218557477,2580.3200000000002 12.012969022616744,46.530394200235605,2578.8699999999999 12.012986037880182,46.530398642644286,2578.8699999999999 12.013010010123253,46.530408365651965,2578.8699999999999 12.013049824163318,46.530425129458308,2578.8699999999999 12.013094667345285,46.530463434755802,2578.8699999999999 12.01313984580338,46.530542224645615,2579.8400000000001 12.01313347555697,46.530587654560804,2579.8400000000001 12.013080334290862,46.530623445287347,2579.8400000000001 12.013061475008726,46.530595533549786,2579.8400000000001 12.013037670403719,46.530573908239603,2578.3899999999999 12.013008501380682,46.530582876875997,2576.9499999999998 12.012926191091537,46.530574494972825,2575.5100000000002 12.012848071753979,46.530632833018899,2574.0700000000002 12.012783279642463,46.530615147203207,2573.1100000000001 12.012628968805075,46.530645824968815,2572.6300000000001 12.012577252462506,46.530652530491352,2571.6599999999999 12.012541880831122,46.530673569068313,2571.1799999999998 12.012506760656834,46.530697960406542,2570.6999999999998 12.012394359335303,46.530718328431249,2570.6999999999998 12.012240719050169,46.530768619850278,2570.6999999999998 12.012167628854513,46.530823269858956,2570.6999999999998 12.012120774015784,46.530863922089338,2571.6599999999999 12.01205363497138,46.530908178538084,2572.6300000000001 12.012069141492248,46.530908932909369,2572.6300000000001 12.012077523395419,46.53092167340219,2572.6300000000001 12.01206386089325,46.530931731685996,2572.1399999999999 12.012055981904268,46.53091480024159,2572.1399999999999 12.012051288038492,46.530929803848267,2572.1399999999999 12.012047935277224,46.530920164659619,2572.1399999999999 12.012009462341666,46.530882110819221,2571.6599999999999 12.011969480663538,46.530916728079319,2571.6599999999999 12.011961601674557,46.530925529077649,2570.2199999999998 12.01193243265152,46.530941873788834,2569.2600000000002 12.011889517307281,46.530950255692005,2567.8200000000002 12.011828664690256,46.530957464128733,2566.8600000000001 12.011749036610126,46.530956206843257,2565.4200000000001 12.011672342196107,46.530982693657279,2564.4499999999998 12.01157234609127,46.531013790518045,2563.4899999999998 12.011486599221826,46.531033152714372,2563.0100000000002 12.01142180711031,46.531056873500347,2562.5300000000002 12.011397834867239,46.531069111078978,2562.5300000000002 12.011370174586773,46.531077492982149,2562.5300000000002 12.011347962543368,46.531088640913367,2562.0500000000002 12.011320721358061,46.531096016988158,2561.5700000000002 12.011268585920334,46.53110490180552,2561.5700000000002 12.011257354170084,46.531120995059609,2561.0900000000001 12.011169511824846,46.531164580956101,2560.6100000000001 12.011040765792131,46.531243035569787,2559.6500000000001 12.010968513786793,46.531275473535061,2559.1700000000001 12.010938841849566,46.531274132430553,2559.1700000000001 12.010855693370104,46.531325597316027,2558.21 12.01075242832303,46.531358454376459,2557.73 12.010727869346738,46.531368931755424,2557.73 12.010619658976793,46.531400196254253,2557.73 12.010607672855258,46.531422240659595,2557.73 12.010583700612187,46.531434310600162,2557.2399999999998 12.010567858815193,46.531481919810176,2555.3200000000002 12.010575653985143,46.531516872346401,2553.8800000000001 12.010547239333391,46.53154612518847,2553.4000000000001 12.010560231283307,46.531595243141055,2551.96 12.010567942634225,46.531631788238883,2550.5100000000002 12.01057456433773,46.531611001119018,2550.0300000000002 12.010577414184809,46.531603625044227,2550.0300000000002 12.010586969554424,46.531623657792807,2550.0300000000002 12.010606415569782,46.531640170142055,2550.0300000000002 12.01066198758781,46.531744860112667,2548.1100000000001 12.010711776092649,46.531818620860577,2546.6700000000001 12.010658551007509,46.531934458762407,2545.71 12.010659808292985,46.531942505389452,2544.75 12.0106659270823,46.532005956396461,2543.79 12.010618736967444,46.532109808176756,2542.3400000000001 12.010632902383804,46.53217745013535,2544.27 12.010561991482973,46.532290857285261,2545.71 12.010570121929049,46.532355984672904,2546.6700000000001 12.01061949133873,46.532420357689261,2546.1900000000001 12.010627873241901,46.532426476478577,2546.1900000000001 12.010624688118696,46.532488921657205,2546.1900000000001 12.010560482740402,46.532604424282908,2546.1900000000001 12.010577246546745,46.532721351832151,2548.1100000000001 12.010555202141404,46.532820593565702,2549.5500000000002 12.010499630123377,46.532924780622125,2549.5500000000002 12.010467359796166,46.533021675422788,2549.5500000000002 12.010437520220876,46.533159893006086,2550.0300000000002 12.010391000658274,46.533287717029452,2550.5100000000002 12.010285388678312,46.533377654850483,2551 12.010235683992505,46.533454433083534,2549.5500000000002 12.010231744498014,46.53349868953228,2549.5500000000002 12.010197630152106,46.533563816919923,2548.5900000000001 12.010200563818216,46.53356758877635,2548.5900000000001 12.010220093652606,46.533628944307566,2548.5900000000001 12.010240294039249,46.533696502447128,2548.5900000000001 12.01034246943891,46.533852824941278,2548.5900000000001 12.010350935161114,46.533851400017738,2548.1100000000001 12.010362334549427,46.533864894881845,2548.1100000000001 12.010341295972466,46.533867074176669,2548.1100000000001 12.010353952646255,46.533855423331261,2547.6300000000001 12.010352527722716,46.533849555999041,2547.6300000000001 12.010352024808526,46.533855423331261,2547.6300000000001 12.010334674268961,46.533843688666821,2547.6300000000001 12.010330148041248,46.533863553777337,2547.1500000000001 12.010342050343752,46.533864475786686,2546.6700000000001 12.010350516065955,46.53385492041707,2546.6700000000001 12.010329142212868,46.533853076398373,2546.6700000000001 12.010384295135736,46.533884508535266,2546.6700000000001 12.010460989549756,46.533927088603377,2545.71 12.010546149685979,46.533978721126914,2544.27 12.010612953454256,46.534008644521236,2543.3099999999999 12.010613875463605,46.534053152427077,2542.8200000000002 12.010627118870616,46.534149209037423,2541.3800000000001 12.010638182982802,46.534159937873483,2541.3800000000001 12.010681768879294,46.534219868481159,2540.9000000000001 12.010681433603168,46.53424333781004,2540.9000000000001 12.01069962233305,46.534352218732238,2540.4200000000001 12.01075485907495,46.534442575648427,2540.4200000000001 12.010809509083629,46.53450770303607,2539.46 12.010843120515347,46.534534776583314,2538.98 12.010878659784794,46.534563023597002,2538.5 12.010945212095976,46.534672239795327,2537.54 12.011023499071598,46.534729236736894,2535.6100000000001 12.011070353910327,46.534784641116858,2534.6500000000001 12.011078065261245,46.534798219799995,2534.6500000000001 12.011167081072927,46.534915482625365,2533.6900000000001 12.011242434382439,46.535017658025026,2533.6900000000001 12.011355925351381,46.535114636644721,2533.6900000000001 12.011355254799128,46.535128550603986,2533.6900000000001 12.011346202343702,46.535111870616674,2533.21 12.011356428265572,46.535119833424687,2533.21 12.011418035253882,46.535146655514836,2533.21 12.011555414646864,46.535201305523515,2531.77 12.011740151792765,46.535222679376602,2529.3699999999999 12.01189773157239,46.535228127613664,2528.4000000000001 12.011976605281234,46.535238940268755,2527.4400000000001 12.012123791500926,46.535307923331857,2525.52 12.012260667979717,46.535441698506474,2525.52 12.012393521144986,46.535559128969908,2525.04 12.012496367096901,46.53560908511281,2524.0799999999999 12.012505335733294,46.535618891939521,2524.0799999999999 12.012720080092549,46.535671027377248,2522.1599999999999 12.012817561626434,46.535723833367229,2522.1599999999999 12.012996347621083,46.53582064434886,2521.6799999999998 12.013046639040112,46.535861128941178,2521.1900000000001 12.013002969324589,46.535986019298434,2519.27 12.012957371771336,46.536098588258028,2517.3499999999999 12.012963909655809,46.5361363068223,2516.8699999999999 12.012909511104226,46.536219790577888,2515.4299999999998 12.012897608801723,46.536317439749837,2514.9499999999998 12.01285008341074,46.536379298195243,2513.98 12.012805994600058,46.536482647061348,2513.02 12.012868858873844,46.536515168845654,2512.54 12.01289945282042,46.536548612639308,2511.5799999999999 12.012912780046463,46.536553222686052,2510.6199999999999 12.012928118929267,46.536582056432962,2509.6599999999999 12.012921664863825,46.536605190485716,2509.1799999999998 12.012930633500218,46.536636119708419,2509.1799999999998 12.012862740084529,46.536730583757162,2507.2600000000002 12.012816723436117,46.536770313978195,2506.77 12.012735335156322,46.536857318133116,2506.29 12.012737933546305,46.536870812997222,2506.29 12.012749500572681,46.536918254569173,2505.8099999999999 12.012703903019428,46.536978268995881,2505.8099999999999 12.01269862242043,46.536999307572842,2505.8099999999999 12.012654282152653,46.537043396383524,2504.3699999999999 12.012675572186708,46.537128891795874,2501.9699999999998 12.012673728168011,46.537197707220912,2501.0100000000002 12.012601559981704,46.537203658372164,2500.0500000000002 12.01254372484982,46.53723475523293,2498.5999999999999 12.01253199018538,46.537306336686015,2497.6399999999999 12.01252561993897,46.537382276728749,2495.7199999999998 12.012517154216766,46.537408176809549,2495.7199999999998 12.012477423995733,46.537483027204871,2494.2800000000002 12.012434592470527,46.53749761171639,2493.3200000000002 12.012437107041478,46.537487888708711,2493.3200000000002 12.012415146455169,46.537473471835256,2493.3200000000002 12.012414308264852,46.537468861788511,2492.3600000000001 12.012391006574035,46.537446482107043,2491.8699999999999 12.012357898056507,46.537472382187843,2490.9099999999999 12.01234825886786,46.537491995841265,2490.9099999999999 12.01233459636569,46.537470621988177,2490.9099999999999 12.01231112703681,46.537493085488677,2490.4299999999998 12.012288747355342,46.537502976134419,2488.9899999999998 12.012231582775712,46.53754161670804,2488.0300000000002 12.012153547257185,46.537614958360791,2486.1100000000001 12.012119684368372,46.537648234516382,2485.1500000000001 12.012096969410777,46.537665836513042,2484.6599999999999 12.012045588344336,46.537688467651606,2483.2199999999998 12.012038547545671,46.537695927545428,2483.2199999999998 12.011953135952353,46.537804389372468,2480.8200000000002 12.011899994686246,46.537905558943748,2478.9000000000001 12.0118557382375,46.537975380197167,2477.4499999999998 12.011773260310292,46.538039250299335,2476.0100000000002 12.011655997484922,46.538101360201836,2474.5700000000002 12.01158793643117,46.538155255839229,2473.6100000000001 12.011556336656213,46.538231782615185,2472.6500000000001 12.011552648618817,46.538243182003498,2472.1700000000001 12.011554576456547,46.538260029628873,2471.6900000000001 12.011519791558385,46.538310907781124,2470.73 12.011432787403464,46.538412244990468,2469.2800000000002 12.011451898142695,46.538520790636539,2466.8800000000001 12.011449383571744,46.53853059746325,2466.8800000000001 12.01134217903018,46.538660181686282,2464.96 12.011327007785439,46.538687590509653,2464 12.01130848377943,46.538791693747044,2462.0700000000002 12.011262383311987,46.538871824741364,2460.6300000000001 12.011226089671254,46.538963355123997,2458.71 12.011194406077266,46.539010629057884,2458.23 12.011168422177434,46.539069134742022,2458.23 12.011158028617501,46.539117665961385,2458.23 12.011108491569757,46.539148846641183,2458.23 12.011057361960411,46.539211375638843,2457.27 12.010982176288962,46.53931631706655,2455.8200000000002 12.010956360027194,46.53940474614501,2453.4200000000001 12.01091168448329,46.539447158575058,2451.98 12.010861728340387,46.539520919322968,2450.0599999999999 12.010819651186466,46.539574563503265,2448.6199999999999 12.0107367541641,46.539614126086235,2447.1700000000001 12.010622257366776,46.539619658142328,2445.25 12.010558303445578,46.539627369493246,2443.8099999999999 12.010530224069953,46.539665507152677,2442.3699999999999 12.010448081418872,46.539703896269202,2441.8899999999999 12.01036149635911,46.539740357547998,2440.4400000000001 12.010279353708029,46.539810178801417,2439 12.010168544948101,46.539834821596742,2438.04 12.010091934353113,46.539878658950329,2437.5599999999999 12.010010881349444,46.539940182119608,2436.1199999999999 12.009979449212551,46.539977816864848,2435.1599999999999 12.009905772283673,46.540008746087551,2433.23 12.009851122274995,46.540037831291556,2432.27 12.009824635460973,46.540079908445477,2430.3499999999999 12.009739559143782,46.540126679465175,2429.3899999999999 12.009712401777506,46.540171103551984,2428.4299999999998 12.009654147550464,46.540246037766337,2426.5 12.009570831432939,46.540303453803062,2425.0599999999999 12.009512493386865,46.540336981415749,2423.1399999999999 12.009461866691709,46.540374867618084,2421.6999999999998 12.009364888072014,46.540404204279184,2421.2199999999998 12.009282829239964,46.540463715791702,2421.2199999999998 12.009254163131118,46.540474779903889,2420.7399999999998 12.00927478261292,46.54047486372292,2420.2600000000002 12.009221306070685,46.540547870099545,2419.7800000000002 12.009120220318437,46.540652895346284,2417.8499999999999 12.008990719914436,46.540742916986346,2415.9299999999998 12.008920731022954,46.540792202576995,2413.5300000000002 12.008833978325129,46.540834028273821,2412.0900000000001 12.008823668584228,46.540848696604371,2412.0900000000001 12.008809754624963,46.540868980810046,2411.1199999999999 12.00879005715251,46.540885828435421,2411.1199999999999 12.00876415707171,46.540931928902864,2411.1199999999999 12.008724678307772,46.540959421545267,2410.6399999999999 12.008674973621964,46.541011137887836,2409.6799999999998 12.008617222309113,46.541087497025728,2407.7600000000002 12.008506329730153,46.541122030466795,2405.8400000000001 12.008406668901443,46.541162682697177,2403.4299999999998 12.008302733302116,46.541185146197677,2401.5100000000002 12.00831807218492,46.541198557242751,2401.0300000000002 12.008322346955538,46.541210794821382,2401.0300000000002 12.008334500715137,46.541236275807023,2400.5500000000002 12.008365346118808,46.541291512548923,2398.6300000000001 12.008382864296436,46.541298301890492,2398.6300000000001 12.008385546505451,46.541358651593328,2396.6999999999998 12.00838110409677,46.541421012952924,2395.7399999999998 12.008430892601609,46.541459821164608,2393.8200000000002 12.008497947826982,46.541503323242068,2391.9000000000001 12.008567852899432,46.541566019877791,2389.9699999999998 12.008586209267378,46.541643384844065,2388.5300000000002 12.008611774072051,46.54170960187912,2386.1300000000001 12.008568858727813,46.541781267151237,2384.6900000000001 12.008587634190917,46.541860643774271,2382.7600000000002 12.008597860112786,46.541957203298807,2380.3600000000001 12.008530553430319,46.542023252695799,2378.9200000000001 12.008505491539836,46.542106652632356,2377 12.008464504033327,46.542163230478764,2376.04 12.008412703871727,46.542228609323502,2374.1100000000001 12.008403399959207,46.542306812480092,2372.6700000000001 12.008419996127486,46.542413095012307,2371.23 12.00843776576221,46.542477551847696,2370.27 12.008460815995932,46.542599340900779,2368.3499999999999 12.0084572955966,46.54270151630044,2365.9400000000001 12.008460564538836,46.542782988399267,2364.98 12.008423432707787,46.542859598994255,2363.54 12.008417481556535,46.542881559580564,2363.54 12.008408010005951,46.542910225689411,2363.0599999999999 12.008401639759541,46.542932186275721,2363.0599999999999 12.008384456858039,46.542960265651345,2363.0599999999999 12.008381020277739,46.542981304228306,2362.5799999999999 12.008338188752532,46.543096974492073,2361.1399999999999 12.008322346955538,46.543142655864358,2360.6500000000001 12.008318156003952,46.54318330809474,2360.6500000000001 12.008286137133837,46.543234270066023,2359.21 12.008268535137177,46.543246004730463,2359.21 12.008256632834673,46.543281124904752,2359.21 12.00821396894753,46.543393023312092,2357.77 12.008213549852371,46.54344080016017,2357.29 12.00815437361598,46.543502658605576,2355.8499999999999 12.008116068318486,46.543522188439965,2354.8899999999999 12.008072398602962,46.543610533699393,2353.9299999999998 12.008026381954551,46.54371639713645,2353.9299999999998 12.007992519065738,46.543819326907396,2352 12.007987573742867,46.543903816491365,2350.5599999999999 12.007987322285771,46.543910941109061,2350.5599999999999 12.007982796058059,46.543954694643617,2348.6399999999999 12.007982712239027,46.544000040739775,2347.6799999999998 12.00791347771883,46.544084865599871,2345.27 12.007860252633691,46.544145466759801,2343.8299999999999 12.007858660072088,46.544214030727744,2342.3899999999999 12.007828233763576,46.544280163943768,2339.9899999999998 12.007834939286113,46.544310422614217,2339.02 12.007871400564909,46.54438678175211,2337.0999999999999 12.007797388359904,46.544477306306362,2335.1799999999998 12.007800070568919,46.544486358761787,2334.6999999999998 12.007725303992629,46.544584510847926,2332.3000000000002 12.007740139961243,46.544618792831898,2331.3299999999999 12.007721783593297,46.544736977666616,2328.9299999999998 12.007723040878773,46.544797411188483,2328.4499999999998 12.007699906826019,46.544910734519362,2327.0100000000002 12.007664032280445,46.54505230486393,2324.6100000000001 12.007635282352567,46.545116761699319,2323.1599999999999 12.007589349523187,46.545168310403824,2321.7199999999998 12.007565377280116,46.545160766690969,2321.2399999999998 12.007533358410001,46.545201418921351,2319.8000000000002 12.007505530491471,46.545227319002151,2319.3200000000002 12.007471416145563,46.545296721160412,2317.8800000000001 12.007472924888134,46.545308958739042,2317.4000000000001 12.007433613762259,46.545443404465914,2314.5100000000002 12.007364043965936,46.545539293438196,2312.5900000000001 12.007360942661762,46.545546920970082,2312.5900000000001 12.007328253239393,46.545657059177756,2310.1900000000001 12.007325822487473,46.545695951208472,2309.6999999999998 12.007310651242733,46.545803574845195,2308.2600000000002 12.007276704534888,46.545875323936343,2306.3400000000001 12.007209565490484,46.545851184055209,2305.8600000000001 12.007240913808346,46.545881610363722,2304.9000000000001 12.007226245477796,46.54588202945888,2304.4200000000001 12.00722012668848,46.545880604535341,2304.4200000000001 12.007232448086143,46.545886807143688,2304.4200000000001 12.007239824160933,46.545931985601783,2304.4200000000001 12.00715851970017,46.54599342495203,2301.5300000000002 12.007172768935561,46.546018905937672,2301.0500000000002 12.007129183039069,46.546160979196429,2297.6900000000001 12.007051147520542,46.546297688037157,2295.77 12.007026840001345,46.546389888972044,2292.8800000000001 12.00695626437664,46.546464823186398,2291.4400000000001 12.00689759105444,46.546527771279216,2289.04 12.006835732609034,46.546598011627793,2287.1100000000001 12.006798684597015,46.546683507040143,2284.71 12.006725342944264,46.546769589185715,2282.79 12.006639763712883,46.546843936666846,2280.3800000000001 12.006570780649781,46.546954577788711,2277.98 12.006547395139933,46.546997744590044,2277.02 12.006497941911221,46.547099752351642,2275.0999999999999 12.006389480084181,46.547174351289868,2273.1700000000001 12.006336506456137,46.547248698771,2271.25 12.006348827853799,46.547318771481514,2270.29 12.006390737369657,46.547398986294866,2268.8499999999999 12.006312953308225,46.547445170581341,2266.9299999999998 12.006236258894205,46.547507783398032,2265.48 12.006209017708898,46.547552458941936,2264.52 12.00619837269187,46.547604678198695,2263.0799999999999 12.006185380741954,46.547660417854786,2262.1199999999999 12.006138190627098,46.547706183046103,2260.1999999999998 12.006083959713578,46.547748176380992,2259.2399999999998 12.006052108481526,46.547838533297181,2257.3099999999999 12.006044816225767,46.547918245196342,2255.8699999999999 12.006027633324265,46.548045482486486,2253.4699999999998 12.006035847589374,46.548053864389658,2252.9899999999998 12.006085384637117,46.548101138323545,2252.5100000000002 12.006149925291538,46.548266345635056,2252.0300000000002 12.006162079051137,46.548340944573283,2251.0599999999999 12.006234833970666,46.548471534624696,2250.5799999999999 12.006246568635106,46.548502882942557,2250.5799999999999 12.006327034905553,46.548593994230032,2250.0999999999999 12.006352012977004,46.548686111345887,2248.6599999999999 12.006362322717905,46.548711759969592,2247.6999999999998 12.006414793431759,46.548729864880443,2246.7399999999998 12.006593998521566,46.548805553466082,2245.7800000000002 12.006731880828738,46.548836231231689,2243.8499999999999 12.006798852235079,46.54887780547142,2242.4099999999999 12.006823495030403,46.548913596197963,2240.9699999999998 12.006820561364293,46.548944693058729,2240.4899999999998 12.006673207506537,46.548991547897458,2238.0900000000001 12.00663766823709,46.549014179036021,2237.1300000000001 12.006605733186007,46.549030104652047,2237.1300000000001 12.006431054323912,46.549129765480757,2234.7199999999998 12.006362322717905,46.54917050153017,2233.2800000000002 12.006297362968326,46.549210734665394,2232.3200000000002 12.00626433826983,46.549247782677412,2231.3600000000001 12.006267523393035,46.549249207600951,2231.3600000000001 12.006139867007732,46.549319112673402,2230.4000000000001 12.006057053804398,46.549334535375237,2229.4299999999998 12.005945155397058,46.54939278960228,2228.4699999999998 12.00585681013763,46.549469903111458,2227.0300000000002 12.005847925320268,46.549529079347849,2225.5900000000001 12.005837615579367,46.549584567546844,2224.1500000000001 12.005819845944643,46.549664698541164,2222.2199999999998 12.005803333595395,46.549736028537154,2221.2600000000002 12.005780953913927,46.549791181460023,2219.8200000000002 12.005771566182375,46.549801407381892,2219.8200000000002 12.005733177065849,46.549896122887731,2218.8600000000001 12.005725465714931,46.550018917769194,2215.5 12.005722615867853,46.550097540020943,2213.5700000000002 12.005710965022445,46.550168534740806,2211.6500000000001 12.005691351369023,46.550266267731786,2209.25 12.005675090476871,46.550355283543468,2206.8400000000001 12.005671737715602,46.550398198887706,2205.4000000000001 12.005596803501248,46.550451926887035,2203.96 12.005576686933637,46.55046877451241,2203 12.005579117685556,46.550475144758821,2203 12.005433104932308,46.550584025681019,2201.0799999999999 12.005415922030807,46.550586288794875,2200.5900000000001 12.005308130756021,46.550690643489361,2201.0799999999999 12.005252055823803,46.550766583532095,2200.5900000000001 12.005240404978395,46.550820814445615,2200.5900000000001 12.005231603980064,46.550832381471992,2200.5900000000001 12.005206542089581,46.550906728953123,2200.5900000000001 12.00523822568357,46.550988536328077,2200.1100000000001 12.005303520709276,46.551045197993517,2200.1100000000001 12.005346771329641,46.551087191328406,2200.1100000000001 12.005374180153012,46.551123736426234,2199.6300000000001 12.005312908440828,46.551154078915715,2198.1900000000001 12.005278961732984,46.55120512470603,2196.75 12.005220204591751,46.551254997029901,2195.79 12.005191873759031,46.551258685067296,2194.8299999999999 12.005134038627148,46.551339151337743,2194.8299999999999 12.005120292305946,46.55140251852572,2194.8299999999999 12.00510730035603,46.551424479112029,2194.8299999999999 12.005019122734666,46.551461527124047,2194.8299999999999 12.004946283996105,46.551523637026548,2196.27 12.004907308146358,46.551569318398833,2196.27 12.004915019497275,46.551612988114357,2194.8299999999999 12.004961287602782,46.55163855291903,2192.9000000000001 12.005020044744015,46.551690688356757,2191.46 12.005012249574065,46.551708793267608,2191.46 12.005062960088253,46.551719438284636,2190.5 12.005000682547688,46.551726646721363,2190.5 12.004977464675903,46.551676271483302,2190.5 12.004943769425154,46.551709044724703,2189.54 12.004959527403116,46.551661100238562,2189.54 12.005040161311626,46.551692532375455,2189.54 12.005043346434832,46.551688257604837,2189.54 12.005116939544678,46.551693454384804,2189.54 12.005064385011792,46.551649868488312,2190.02 12.004913510754704,46.551633607596159,2190.02 12.004878139123321,46.551637714728713,2190.5 12.004892472177744,46.551662106066942,2190.5 12.004837319254875,46.551640396937728,2190.5 12.004779567942023,46.551625728607178,2191.9400000000001 12.004807395860553,46.551561942324042,2193.3899999999999 12.004858693107963,46.551492372527719,2194.3499999999999 12.004875624552369,46.55142112635076,2194.8299999999999 12.004895154386759,46.551361028105021,2195.3099999999999 12.004860620945692,46.551308473572135,2196.75 12.004852490499616,46.551303192973137,2196.75 12.004880905151367,46.551238317042589,2196.75 12.004905547946692,46.551163969561458,2196.75 12.004911666736007,46.551156593486667,2196.75 12.004991797730327,46.551103703677654,2197.23 12.004998167976737,46.5510995965451,2197.23 12.005039071664214,46.551019214093685,2197.23 12.005075113847852,46.550974873825908,2197.71 12.005131272599101,46.550945034250617,2197.71 12.005236130207777,46.550896167755127,2197.71 12.005268316715956,46.550830621272326,2197.71 12.005252558737993,46.550766164436936,2197.71 12.005285499617457,46.550705563277006,2197.71 12.005320452153683,46.550653092563152,2197.71 12.005401505157351,46.550571117550135,2197.71 12.005450371652842,46.550562987104058,2197.71 12.005476774647832,46.550551168620586,2197.71 12.005505105480552,46.55054060742259,2197.71 12.005537627264857,46.550448406487703,2198.6700000000001 12.005508542060852,46.550453351810575,2199.1500000000001 12.005517091602087,46.550450418144464,2199.1500000000001 12.005528071895242,46.550450334325433,2199.1500000000001 12.005534861236811,46.550455447286367,2199.1500000000001 12.005508793517947,46.550455614924431,2199.1500000000001 12.005503680557013,46.550431307405233,2199.1500000000001 12.005473840981722,46.550360396504402,2199.1500000000001 12.005466381087899,46.550322929397225,2199.1500000000001 12.005465794354677,46.550279930233955,2197.23 12.005437044426799,46.550251767039299,2195.79 12.005385747179389,46.550202732905746,2193.8699999999999 12.005324810743332,46.550139868631959,2191.46 12.005257084965706,46.55006711371243,2189.54 12.005225569009781,46.55006711371243,2188.0999999999999 12.005201345309615,46.550110280513763,2187.1399999999999 12.005187766626477,46.550134588032961,2185.6900000000001 12.005185252055526,46.550179347395897,2184.25 12.005183240398765,46.550219748169184,2182.8099999999999 12.005185503512621,46.550229219719768,2182.3299999999999 12.005144348368049,46.550245815888047,2180.8899999999999 12.005093051120639,46.550275236368179,2179.4499999999998 12.005067821592093,46.550296191126108,2178 12.005054326727986,46.550353774800897,2176.5599999999999 12.004998670890927,46.550388727337122,2174.1599999999999 12.004950307309628,46.550402138382196,2172.7199999999998 12.004921222105622,46.550403647124767,2172.2399999999998 12.004865817725658,46.550402138382196,2171.27 12.004779735580087,46.550470367074013,2169.3499999999999 12.004734892398119,46.550533901900053,2167.4299999999998 12.004685271531343,46.55054647475481,2166.9499999999998 12.004706980660558,46.550571536645293,2166.4699999999998 12.004675883799791,46.550592575222254,2165.5100000000002 12.004651911556721,46.550605231896043,2164.0599999999999 12.004643948748708,46.550541277974844,2161.6599999999999 12.004609415307641,46.550567261874676,2160.6999999999998 12.004596758633852,46.550565585494041,2160.2199999999998 12.004573373124003,46.550509678199887,2157.3400000000001 12.004570607095957,46.550451423972845,2154.4499999999998 12.004499528557062,46.550496099516749,2152.5300000000002 12.004485782235861,46.550515964627266,2151.5700000000002 12.004438592121005,46.550520993769169,2150.6100000000001 12.004421828314662,46.550516886636615,2150.1300000000001 12.004415709525347,46.550561562180519,2149.1599999999999 12.004334488883615,46.550615206360817,2145.8000000000002 12.004249077290297,46.550672622397542,2143.4000000000001 12.004206329584122,46.55065250582993,2142.9200000000001 12.004224015399814,46.550606405362487,2140.9899999999998 12.004217142239213,46.550552509725094,2139.0700000000002 12.004161486402154,46.550615122541785,2136.6700000000001 12.004144806414843,46.550587797537446,2135.71 12.004169449210167,46.550515042617917,2133.3000000000002 12.004107758402824,46.550505319610238,2131.3800000000001 12.004063837230206,46.550515545532107,2130.4200000000001 12.004038356244564,46.550558460876346,2128.5 12.003988483920693,46.550547229126096,2127.0500000000002 12.003963841125369,46.550569608807564,2126.0900000000001 12.003912879154086,46.550574051216245,2124.6500000000001 12.003900306299329,46.550579080358148,2124.6500000000001 12.003924194723368,46.550564076751471,2124.6500000000001 12.003950849175453,46.55058947391808,2123.6900000000001 12.003916315734386,46.550625264644623,2123.21 12.003873148933053,46.550656193867326,2122.25 12.003845488652587,46.550693660974503,2120.3200000000002 12.003831909969449,46.550673879683018,2119.3600000000001 12.003834424540401,46.550658456981182,2117.9200000000001 12.003801483660936,46.550736827775836,2116.48 12.003749348223209,46.550786532461643,2114.5599999999999 12.003745324909687,46.550847049802542,2112.6300000000001 12.00368732213974,46.550820479169488,2111.1900000000001 12.003639880567789,46.550789969041944,2110.23 12.003602497279644,46.550739509984851,2108.79 12.003580117598176,46.550741605460644,2107.8299999999999 12.003568382933736,46.550791310146451,2106.3899999999999 12.003552624955773,46.550847804173827,2104.9400000000001 12.003503339365125,46.550875212997198,2103.98 12.003479786217213,46.550901532173157,2102.0599999999999 12.003440139815211,46.550897592678666,2100.1399999999999 12.003423878923059,46.550940424203873,2099.1799999999998 12.003418682143092,46.550970682874322,2098.6999999999998 12.003404684364796,46.550989877432585,2097.73 12.003343580290675,46.551026422530413,2095.3299999999999 12.003284823149443,46.551043018698692,2093.8899999999999 12.003243248909712,46.551059782505035,2092.9299999999998 12.003173092380166,46.551106721162796,2091 12.003149874508381,46.551139578223228,2089.5599999999999 12.003084411844611,46.551160700619221,2088.5999999999999 12.003028336912394,46.551184756681323,2086.6799999999998 12.002951307222247,46.551212919875979,2084.2800000000002 12.002896070480347,46.551238233223557,2083.3099999999999 12.002805881202221,46.551242591813207,2081.8699999999999 12.002764893695712,46.551208226010203,2079.9499999999998 12.00272373855114,46.55122616328299,2078.9899999999998 12.002695659175515,46.551269246265292,2077.0700000000002 12.002697335556149,46.551276287063956,2077.0700000000002 12.002585604786873,46.551362536847591,2074.1799999999998 12.002523746341467,46.5514000877738,2071.7800000000002 12.002438418567181,46.55142892152071,2070.3400000000001 12.002369184046984,46.551444763317704,2068.4099999999999 12.002379912883043,46.551400339230895,2067.4499999999998 12.002387121319771,46.551392963156104,2067.4499999999998 12.002417296171188,46.551309479400516,2065.0500000000002 12.002365328371525,46.551348622888327,2064.0900000000001 12.002332638949156,46.551294391974807,2062.1700000000001 12.002312270924449,46.551221301779151,2061.1999999999998 12.00227614492178,46.551209315657616,2058.8000000000002 12.002206407487392,46.551222559064627,2057.8400000000001 12.002144046127796,46.551248207688332,2056.4000000000001 12.002059556543827,46.551269330084324,2053.9899999999998 12.001977832987905,46.551277125254273,2053.5100000000002 12.001899965107441,46.551267988979816,2051.1100000000001 12.001818409189582,46.551253823563457,2049.6700000000001 12.001774236559868,46.551232784986496,2049.1900000000001 12.001715898513794,46.551218703389168,2048.23 12.001561252400279,46.55122322961688,2046.3 12.001471649855375,46.551274359226227,2044.8599999999999 12.001444241032004,46.55130285769701,2043.9000000000001 12.001406941562891,46.551328003406525,2043.4200000000001 12.001371653750539,46.551346443593502,2042.46 12.001267382875085,46.551343090832233,2041.5 12.001190185546875,46.551354490220547,2039.5699999999999 12.001182306557894,46.551355747506022,2039.5699999999999 12.001051967963576,46.551384162157774,2037.1700000000001 12.000890029594302,46.551420455798507,2034.77 12.000816352665424,46.551418444141746,2033.8099999999999 12.000771509483457,46.551383826881647,2032.3599999999999 12.000648379325867,46.551361279562116,2029.96 12.000489290803671,46.551484074443579,2027.0799999999999 12.000281419605017,46.551570994779468,2025.1500000000001 12.000265577808022,46.551575437188148,2024.6700000000001 12.000169772654772,46.551612736657262,2023.71 11.999898115172982,46.55170108191669,2022.27 11.999748079106212,46.551757324486971,2020.8299999999999 11.999701140448451,46.551770400255919,2020.3499999999999 11.9995207618922,46.55183401890099,2019.8699999999999 11.999285146594048,46.551905935630202,2017.46 11.999171487987041,46.551922112703323,2016.98 11.999145839363337,46.551968129351735,2016.5 11.998942494392395,46.552041806280613,2015.0599999999999 11.998736886307597,46.552098551765084,2013.6199999999999 11.998624904081225,46.552133001387119,2012.6600000000001 11.998567823320627,46.552155967801809,2012.1800000000001 11.998411165550351,46.552243223413825,2011.22 11.998269595205784,46.552338022738695,2010.25 11.998116541653872,46.552446652203798,2009.77 11.997958375141025,46.552548576146364,2008.3299999999999 11.997796520590782,46.55265687033534,2007.3699999999999 11.997636090964079,46.552761644124985,2006.4100000000001 11.997624691575766,46.5527677629143,2005.9300000000001 11.997542716562748,46.552832638844848,2004.97 11.997519163414836,46.552847474813461,2004.97 11.997431321069598,46.55298812314868,2004.01 11.997372983023524,46.553162550553679,2003.52 11.997230909764767,46.553299343213439,2002.5599999999999 11.997191682457924,46.553415348753333,2001.1199999999999 11.997152371332049,46.55350998044014,1999.6800000000001 11.997116329148412,46.553635457530618,1996.8 11.997081460431218,46.553742829710245,1993.9100000000001 11.996989762410522,46.553864786401391,1990.55 11.996875936165452,46.553991185501218,1987.1800000000001 11.996770072728395,46.554052205756307,1985.26 11.996704358607531,46.554064946249127,1983.8199999999999 11.996530434116721,46.554104592651129,1980.45 11.996407974511385,46.55412127263844,1979.01 11.996243605390191,46.554195955395699,1976.1300000000001 11.996144698932767,46.55436116270721,1974.6900000000001 11.996058113873005,46.554500637575984,1972.28 11.995945041999221,46.554617146030068,1969.4000000000001 11.995844375342131,46.554678501561284,1966.51 11.995819481089711,46.554698534309864,1966.03 11.99572267010808,46.554699707776308,1964.1099999999999 11.995727615430951,46.55466852709651,1963.6300000000001 11.995700458064675,46.554665928706527,1963.1500000000001 11.995648825541139,46.554675316438079,1961.71 11.995526533573866,46.55470322817564,1960.27 11.995332408696413,46.554715214297175,1956.4200000000001 11.995284212753177,46.554726278409362,1955.46 11.99512654915452,46.554816970601678,1953.0599999999999 11.994972070679069,46.554924175143242,1951.1300000000001 11.994882468134165,46.554996594786644,1948.73 11.994776772335172,46.555007575079799,1945.3599999999999 11.994652468711138,46.555029870942235,1942.96 11.99453093111515,46.55503498390317,1940.5599999999999 11.994372345507145,46.555066583678126,1937.1900000000001 11.994204791262746,46.555107487365603,1934.3099999999999 11.994161792099476,46.555154845118523,1932.8699999999999 11.994075793772936,46.555246710777283,1929.5 11.99406280182302,46.555251572281122,1929.5 11.994003457948565,46.555339246988297,1926.1400000000001 11.993994489312172,46.5553545858711,1926.1400000000001 11.993982587009668,46.55545768328011,1922.77 11.993980575352907,46.55557980760932,1919.4100000000001 11.993926428258419,46.555614760145545,1918.45 11.993888793513179,46.555613335222006,1917.97 11.993831628933549,46.555548962205648,1916.53 11.993789887055755,46.55553680844605,1915.0799999999999 11.993771363049746,46.555503951385617,1915.0799999999999 11.993637336418033,46.555499592795968,1911.72 11.993623590096831,46.555527336895466,1911.24 11.993528706952929,46.555619034916162,1908.3499999999999 11.993424268439412,46.555699752643704,1905.95 11.99331128038466,46.555782984942198,1903.0699999999999 11.993272472172976,46.555788014084101,1902.5899999999999 11.993187731131911,46.555714504793286,1900.6600000000001 11.993172895163298,46.555593721568584,1897.3 11.99309628456831,46.555554661899805,1895.8599999999999 11.993004083633423,46.555612999945879,1893.9300000000001 11.992925964295864,46.555694807320833,1891.53 11.992764780297875,46.555747613310814,1887.6900000000001 11.992702670395374,46.555657591670752,1885.28 11.992675429210067,46.555596236139536,1883.3599999999999 11.992539055645466,46.555570587515831,1880 11.992486333474517,46.555599085986614,1878.55 11.992434449493885,46.555621046572924,1877.1099999999999 11.992355072870851,46.555664632469416,1874.71 11.992296064272523,46.555697489529848,1873.75 11.992254909127951,46.555725485086441,1872.79 11.992143429815769,46.555886585265398,1869.4200000000001 11.992039075121284,46.555882897228003,1868.46 11.99197931215167,46.555817853659391,1867.02 11.991929691284895,46.55572104267776,1863.6500000000001 11.991836819797754,46.555593386292458,1860.29 11.991621237248182,46.555537478998303,1858.3699999999999 11.991571113467216,46.555557595565915,1857.4000000000001 11.99150581844151,46.555651389062405,1855 11.99152484536171,46.555683240294456,1854.52 11.991510931402445,46.555779715999961,1854.04 11.991462567821145,46.555957160890102,1851.1600000000001 11.991438763216138,46.555979205295444,1850.6800000000001 11.99130448512733,46.555988006293774,1848.75 11.991255115717649,46.555949533358216,1848.27 11.991194095462561,46.555734956637025,1845.8699999999999 11.991123268380761,46.55565264634788,1843.95 11.991074988618493,46.55561744235456,1842.98 11.990902740508318,46.5556067135185,1840.0999999999999 11.990895615890622,46.555617777630687,1839.6199999999999 11.990861920639873,46.555725233629346,1837.7 11.990879438817501,46.555731184780598,1837.22 11.990836942568421,46.555772675201297,1836.74 11.990824788808823,46.555809890851378,1835.29 11.990780532360077,46.55583830550313,1834.3299999999999 11.990814814344049,46.555846352130175,1834.3299999999999 11.990757314488292,46.555856326594949,1834.3299999999999 11.990626808255911,46.555811064317822,1830.97 11.990491608157754,46.555796563625336,1828.0799999999999 11.990364119410515,46.555782482028008,1824.72 11.99035313911736,46.555781308561563,1824.72 11.99017284438014,46.555813075974584,1822.3199999999999 11.990149794146419,46.555819613859057,1821.3499999999999 11.990120708942413,46.555827744305134,1820.8699999999999 11.989992633461952,46.555907120928168,1817.99 11.989927841350436,46.555966548621655,1816.0699999999999 11.989856595173478,46.556080039590597,1813.1800000000001 11.989746121689677,46.5561817958951,1810.3 11.989708403125405,46.556229908019304,1808.3800000000001 11.989670265465975,46.556264106184244,1807.4200000000001 11.989634726196527,46.556314649060369,1805.49 11.989570436999202,46.556364605203271,1804.53 11.989496592432261,46.556486561894417,1801.1700000000001 11.9893978536129,46.556581445038319,1799.24 11.989397183060646,46.556757045909762,1795.4000000000001 11.989432303234935,46.556888306513429,1793 11.9893719535321,46.556937592104077,1791.55 11.98932166211307,46.556954439729452,1791.0699999999999 11.989227449521422,46.557018728926778,1788.6700000000001 11.989103481173515,46.557123921811581,1784.8199999999999 11.988985128700733,46.55720841139555,1782.4200000000001 11.988939698785543,46.557280411943793,1780.98 11.988915894180536,46.557320896536112,1780.02 11.988900052383542,46.557375630363822,1778.5799999999999 11.988867865875363,46.557471603155136,1776.6500000000001 11.988803325220942,46.557569336146116,1773.29 11.988668879494071,46.557677295058966,1769.9200000000001 11.988640213385224,46.557703111320734,1769.4400000000001 11.988562764599919,46.557803945615888,1767.04 11.988548599183559,46.557815428823233,1766.5599999999999 11.988504426553845,46.557820709422231,1765.5999999999999 11.988446423783898,46.557864798232913,1765.1199999999999 11.988358162343502,46.557961441576481,1763.6800000000001 11.988258082419634,46.558059090748429,1761.75 11.988044176250696,46.55816713348031,1760.3099999999999 11.987973349168897,46.5581832267344,1760.3099999999999 11.987772602587938,46.558203510940075,1759.3499999999999 11.987742846831679,46.558243408799171,1758.8699999999999 11.987695740535855,46.55824969522655,1758.8699999999999 11.98769255541265,46.558250114321709,1758.3900000000001 11.987677635625005,46.558265537023544,1758.3900000000001 11.987713845446706,46.558299567550421,1758.3900000000001 11.987672438845038,46.558292023837566,1757.9100000000001 11.987628685310483,46.55828439630568,1757.9100000000001 11.987466746941209,46.55825556255877,1757.9100000000001 11.987315872684121,46.558233769610524,1756.95 11.987271783873439,46.558236535638571,1756.47 11.987186539918184,46.558228321373463,1755.99 11.986957713961601,46.558203091844916,1755.5 11.986688990145922,46.558192195370793,1754.0599999999999 11.986571894958615,46.558189261704683,1754.0599999999999 11.986320521682501,46.55819202773273,1753.0999999999999 11.98607518337667,46.558273835107684,1751.6600000000001 11.986010055989027,46.558300741016865,1751.6600000000001 11.985850716009736,46.558402497321367,1751.6600000000001 11.985709397122264,46.558539541438222,1751.1800000000001 11.985575873404741,46.558688823133707,1751.1800000000001 11.985483840107918,46.558872805908322,1750.7 11.985478391870856,46.558901555836201,1750.7 11.985497502610087,46.558998785912991,1750.22 11.985407900065184,46.559137003496289,1749.74 11.985286362469196,46.559260636568069,1749.26 11.985118892043829,46.55932710506022,1748.29 11.98498897254467,46.559384521096945,1747.8099999999999 11.984910350292921,46.559432214125991,1747.8099999999999 11.984717566519976,46.559540424495935,1746.8499999999999 11.984591167420149,46.559582082554698,1746.3699999999999 11.984388576820493,46.559649640694261,1745.8900000000001 11.984276259317994,46.559726418927312,1744.9300000000001 11.984222112223506,46.559771010652184,1744.9300000000001 11.983966045081615,46.559853740036488,1744.45 11.983953723683953,46.559859691187739,1744.45 11.983759934082627,46.559934793040156,1744.45 11.983665721490979,46.559956250712276,1743.97 11.983482912182808,46.560003105551004,1743.49 11.983332121744752,46.560042751953006,1743.49 11.983293229714036,46.560065047815442,1743.49 11.983264898881316,46.560076111927629,1743.49 11.983087537810206,46.560102179646492,1744.45 11.983005311340094,46.56009379774332,1745.4100000000001 11.982913110405207,46.560071585699916,1745.4100000000001 11.982861226424575,46.56001509167254,1745.8900000000001 11.982832057401538,46.560020288452506,1745.8900000000001 11.982835410162807,46.560064209625125,1745.4100000000001 11.98286198079586,46.560031855478883,1745.4100000000001 11.982860388234258,46.560034118592739,1746.3699999999999 11.982838679105043,46.560027915984392,1743.97 11.982837170362473,46.56002783216536,1745.4100000000001 </coordinates></LineString></MultiGeometry></Placemark></Folder></Folder></Document></kml>
