<?xml version="1.0" encoding="utf-8"?><kml xmlns="http://www.opengis.net/kml/2.2" xmlns:xsi="http://www.w3.org/2001/XMLSchema-instance" xmlns:kmlx="http://www.google.com/kml/ext/2.2" xmlns:atom="http://www.w3.org/2005/Atom" xmlns:gpxx="http://www.garmin.com/xmlschemas/GpxExtensions/v3"><Document><Style id="point"><IconStyle><scale>0.9</scale><Icon><href>http://maps.google.com/mapfiles/kml/shapes/placemark_circle.png</href></Icon></IconStyle></Style><Folder><name>Tracce</name><Folder><name>Lago della Rossa</name><Folder><name>Punti</name><Style><ListStyle><listItemType>checkHideChildren</listItemType></ListStyle></Style><Placemark><TimeSpan><begin>2023-06-25T07:32:21Z</begin><end>2023-06-25T07:32:21Z</end></TimeSpan><Style><IconStyle><scale>0.9</scale><Icon><href>http://connect.garmin.com/image/main/icons/kml/grn-play.png</href></Icon></IconStyle></Style><Point><altitudeMode>clampToGround</altitudeMode><coordinates>7.183725954964757,45.243861498311162,1473.8399999999999</coordinates></Point></Placemark><Placemark><TimeSpan><begin>2023-06-25T07:32:21Z</begin><end>2023-06-25T07:32:40Z</end></TimeSpan><styleUrl>#point</styleUrl><Point><altitudeMode>clampToGround</altitudeMode><coordinates>7.183435773476958,45.24454646743834,1476.72</coordinates></Point></Placemark><Placemark><TimeSpan><begin>2023-06-25T07:32:40Z</begin><end>2023-06-25T07:32:58Z</end></TimeSpan><styleUrl>#point</styleUrl><Point><altitudeMode>clampToGround</altitudeMode><coordinates>7.18314902856946,45.24481862783432,1478.1600000000001</coordinates></Point></Placemark><Placemark><TimeSpan><begin>2023-06-25T07:32:58Z</begin><end>2023-06-25T07:33:14Z</end></TimeSpan><styleUrl>#point</styleUrl><Point><altitudeMode>clampToGround</altitudeMode><coordinates>7.182969991117716,45.245048040524125,1479.1300000000001</coordinates></Point></Placemark><Placemark><TimeSpan><begin>2023-06-25T07:33:14Z</begin><end>2023-06-25T07:33:31Z</end></TimeSpan><styleUrl>#point</styleUrl><Point><altitudeMode>clampToGround</altitudeMode><coordinates>7.182712750509381,45.245238896459341,1480.5699999999999</coordinates></Point></Placemark><Placemark><TimeSpan><begin>2023-06-25T07:33:31Z</begin><end>2023-06-25T07:33:47Z</end></TimeSpan><styleUrl>#point</styleUrl><Point><altitudeMode>clampToGround</altitudeMode><coordinates>7.182452743873,45.245330007746816,1481.53</coordinates></Point></Placemark><Placemark><TimeSpan><begin>2023-06-25T07:33:47Z</begin><end>2023-06-25T07:34:04Z</end></TimeSpan><styleUrl>#point</styleUrl><Point><altitudeMode>clampToGround</altitudeMode><coordinates>7.182177314534783,45.245430087670684,1483.45</coordinates></Point></Placemark><Placemark><TimeSpan><begin>2023-06-25T07:34:04Z</begin><end>2023-06-25T07:34:19Z</end></TimeSpan><styleUrl>#point</styleUrl><Point><altitudeMode>clampToGround</altitudeMode><coordinates>7.181978411972523,45.24550711736083,1484.4100000000001</coordinates></Point></Placemark><Placemark><TimeSpan><begin>2023-06-25T07:34:19Z</begin><end>2023-06-25T07:34:29Z</end></TimeSpan><styleUrl>#point</styleUrl><Point><altitudeMode>clampToGround</altitudeMode><coordinates>7.181963408365846,45.245475769042969,1484.8900000000001</coordinates></Point></Placemark><Placemark><TimeSpan><begin>2023-06-25T07:34:29Z</begin><end>2023-06-25T07:34:50Z</end></TimeSpan><styleUrl>#point</styleUrl><Point><altitudeMode>clampToGround</altitudeMode><coordinates>7.181978914886713,45.245448108762503,1484.8900000000001</coordinates></Point></Placemark><Placemark><TimeSpan><begin>2023-06-25T07:34:50Z</begin><end>2023-06-25T07:34:52Z</end></TimeSpan><styleUrl>#point</styleUrl><Point><altitudeMode>clampToGround</altitudeMode><coordinates>7.181977154687047,45.245443163439631,1488.74</coordinates></Point></Placemark><Placemark><TimeSpan><begin>2023-06-25T07:34:52Z</begin><end>2023-06-25T07:34:53Z</end></TimeSpan><styleUrl>#point</styleUrl><Point><altitudeMode>clampToGround</altitudeMode><coordinates>7.181979333981872,45.245443750172853,1492.5799999999999</coordinates></Point></Placemark><Placemark><TimeSpan><begin>2023-06-25T07:34:53Z</begin><end>2023-06-25T07:34:54Z</end></TimeSpan><styleUrl>#point</styleUrl><Point><altitudeMode>clampToGround</altitudeMode><coordinates>7.181982351467013,45.245444839820266,1495.95</coordinates></Point></Placemark><Placemark><TimeSpan><begin>2023-06-25T07:34:54Z</begin><end>2023-06-25T07:34:55Z</end></TimeSpan><styleUrl>#point</styleUrl><Point><altitudeMode>clampToGround</altitudeMode><coordinates>7.181990062817931,45.245448779314756,1499.3099999999999</coordinates></Point></Placemark><Placemark><TimeSpan><begin>2023-06-25T07:34:55Z</begin><end>2023-06-25T07:34:56Z</end></TimeSpan><styleUrl>#point</styleUrl><Point><altitudeMode>clampToGround</altitudeMode><coordinates>7.182001210749149,45.245458586141467,1502.6800000000001</coordinates></Point></Placemark><Placemark><TimeSpan><begin>2023-06-25T07:34:56Z</begin><end>2023-06-25T07:34:57Z</end></TimeSpan><styleUrl>#point</styleUrl><Point><altitudeMode>clampToGround</altitudeMode><coordinates>7.182009844109416,45.24546654894948,1506.04</coordinates></Point></Placemark><Placemark><TimeSpan><begin>2023-06-25T07:34:57Z</begin><end>2023-06-25T07:34:58Z</end></TimeSpan><styleUrl>#point</styleUrl><Point><altitudeMode>clampToGround</altitudeMode><coordinates>7.182012274861336,45.245468812063336,1508.9300000000001</coordinates></Point></Placemark><Placemark><TimeSpan><begin>2023-06-25T07:34:58Z</begin><end>2023-06-25T07:35:00Z</end></TimeSpan><styleUrl>#point</styleUrl><Point><altitudeMode>clampToGround</altitudeMode><coordinates>7.182021327316761,45.245474679395556,1514.6900000000001</coordinates></Point></Placemark><Placemark><TimeSpan><begin>2023-06-25T07:35:00Z</begin><end>2023-06-25T07:35:02Z</end></TimeSpan><styleUrl>#point</styleUrl><Point><altitudeMode>clampToGround</altitudeMode><coordinates>7.182033648714423,45.245486246421933,1520.46</coordinates></Point></Placemark><Placemark><TimeSpan><begin>2023-06-25T07:35:02Z</begin><end>2023-06-25T07:35:04Z</end></TimeSpan><styleUrl>#point</styleUrl><Point><altitudeMode>clampToGround</altitudeMode><coordinates>7.182032894343138,45.245485072955489,1525.75</coordinates></Point></Placemark><Placemark><TimeSpan><begin>2023-06-25T07:35:04Z</begin><end>2023-06-25T07:35:06Z</end></TimeSpan><styleUrl>#point</styleUrl><Point><altitudeMode>clampToGround</altitudeMode><coordinates>7.182031134143472,45.245480882003903,1530.0799999999999</coordinates></Point></Placemark><Placemark><TimeSpan><begin>2023-06-25T07:35:06Z</begin><end>2023-06-25T07:35:08Z</end></TimeSpan><styleUrl>#point</styleUrl><Point><altitudeMode>clampToGround</altitudeMode><coordinates>7.182028368115425,45.245478618890047,1534.8800000000001</coordinates></Point></Placemark><Placemark><TimeSpan><begin>2023-06-25T07:35:08Z</begin><end>2023-06-25T07:35:10Z</end></TimeSpan><styleUrl>#point</styleUrl><Point><altitudeMode>clampToGround</altitudeMode><coordinates>7.182038929313421,45.245485156774521,1538.73</coordinates></Point></Placemark><Placemark><TimeSpan><begin>2023-06-25T07:35:10Z</begin><end>2023-06-25T07:35:11Z</end></TimeSpan><styleUrl>#point</styleUrl><Point><altitudeMode>clampToGround</altitudeMode><coordinates>7.182052256539464,45.245492784306407,1542.5699999999999</coordinates></Point></Placemark><Placemark><TimeSpan><begin>2023-06-25T07:35:11Z</begin><end>2023-06-25T07:35:13Z</end></TimeSpan><styleUrl>#point</styleUrl><Point><altitudeMode>clampToGround</altitudeMode><coordinates>7.182085113599896,45.245507955551147,1544.5</coordinates></Point></Placemark><Placemark><TimeSpan><begin>2023-06-25T07:35:13Z</begin><end>2023-06-25T07:35:15Z</end></TimeSpan><styleUrl>#point</styleUrl><Point><altitudeMode>clampToGround</altitudeMode><coordinates>7.182083185762167,45.245513990521431,1547.8599999999999</coordinates></Point></Placemark><Placemark><TimeSpan><begin>2023-06-25T07:35:15Z</begin><end>2023-06-25T07:35:17Z</end></TimeSpan><styleUrl>#point</styleUrl><Point><altitudeMode>clampToGround</altitudeMode><coordinates>7.182078659534454,45.245513655245304,1551.22</coordinates></Point></Placemark><Placemark><TimeSpan><begin>2023-06-25T07:35:17Z</begin><end>2023-06-25T07:35:20Z</end></TimeSpan><styleUrl>#point</styleUrl><Point><altitudeMode>clampToGround</altitudeMode><coordinates>7.182060889899731,45.245483983308077,1555.0699999999999</coordinates></Point></Placemark><Placemark><TimeSpan><begin>2023-06-25T07:35:20Z</begin><end>2023-06-25T07:35:23Z</end></TimeSpan><styleUrl>#point</styleUrl><Point><altitudeMode>clampToGround</altitudeMode><coordinates>7.182044042274356,45.245458753779531,1558.9200000000001</coordinates></Point></Placemark><Placemark><TimeSpan><begin>2023-06-25T07:35:23Z</begin><end>2023-06-25T07:35:26Z</end></TimeSpan><styleUrl>#point</styleUrl><Point><altitudeMode>clampToGround</altitudeMode><coordinates>7.182040605694056,45.245448024943471,1562.28</coordinates></Point></Placemark><Placemark><TimeSpan><begin>2023-06-25T07:35:26Z</begin><end>2023-06-25T07:35:29Z</end></TimeSpan><styleUrl>#point</styleUrl><Point><altitudeMode>clampToGround</altitudeMode><coordinates>7.182043790817261,45.245450371876359,1565.6400000000001</coordinates></Point></Placemark><Placemark><TimeSpan><begin>2023-06-25T07:35:29Z</begin><end>2023-06-25T07:35:33Z</end></TimeSpan><styleUrl>#point</styleUrl><Point><altitudeMode>clampToGround</altitudeMode><coordinates>7.182002551853657,45.245429333299398,1569.01</coordinates></Point></Placemark><Placemark><TimeSpan><begin>2023-06-25T07:35:33Z</begin><end>2023-06-25T07:35:37Z</end></TimeSpan><styleUrl>#point</styleUrl><Point><altitudeMode>clampToGround</altitudeMode><coordinates>7.181957876309753,45.245447522029281,1572.3699999999999</coordinates></Point></Placemark><Placemark><TimeSpan><begin>2023-06-25T07:35:37Z</begin><end>2023-06-25T07:35:42Z</end></TimeSpan><styleUrl>#point</styleUrl><Point><altitudeMode>clampToGround</altitudeMode><coordinates>7.181910015642643,45.245477110147476,1575.74</coordinates></Point></Placemark><Placemark><TimeSpan><begin>2023-06-25T07:35:42Z</begin><end>2023-06-25T07:35:47Z</end></TimeSpan><styleUrl>#point</styleUrl><Point><altitudeMode>clampToGround</altitudeMode><coordinates>7.181808510795236,45.245484737679362,1579.0999999999999</coordinates></Point></Placemark><Placemark><TimeSpan><begin>2023-06-25T07:35:47Z</begin><end>2023-06-25T07:35:52Z</end></TimeSpan><styleUrl>#point</styleUrl><Point><altitudeMode>clampToGround</altitudeMode><coordinates>7.181715471670032,45.245494293048978,1582.47</coordinates></Point></Placemark><Placemark><TimeSpan><begin>2023-06-25T07:35:52Z</begin><end>2023-06-25T07:35:57Z</end></TimeSpan><styleUrl>#point</styleUrl><Point><altitudeMode>clampToGround</altitudeMode><coordinates>7.181635089218617,45.24549588561058,1585.8299999999999</coordinates></Point></Placemark><Placemark><TimeSpan><begin>2023-06-25T07:35:57Z</begin><end>2023-06-25T07:35:58Z</end></TimeSpan><styleUrl>#point</styleUrl><Point><altitudeMode>clampToGround</altitudeMode><coordinates>7.181623438373208,45.245498484000564,1585.8299999999999</coordinates></Point></Placemark><Placemark><TimeSpan><begin>2023-06-25T07:35:58Z</begin><end>2023-06-25T07:36:06Z</end></TimeSpan><styleUrl>#point</styleUrl><Point><altitudeMode>clampToGround</altitudeMode><coordinates>7.181516569107771,45.245534610003233,1588.72</coordinates></Point></Placemark><Placemark><TimeSpan><begin>2023-06-25T07:36:06Z</begin><end>2023-06-25T07:36:13Z</end></TimeSpan><styleUrl>#point</styleUrl><Point><altitudeMode>clampToGround</altitudeMode><coordinates>7.181418668478727,45.245557241141796,1592.0799999999999</coordinates></Point></Placemark><Placemark><TimeSpan><begin>2023-06-25T07:36:13Z</begin><end>2023-06-25T07:36:20Z</end></TimeSpan><styleUrl>#point</styleUrl><Point><altitudeMode>clampToGround</altitudeMode><coordinates>7.18131079338491,45.245577860623598,1594.96</coordinates></Point></Placemark><Placemark><TimeSpan><begin>2023-06-25T07:36:20Z</begin><end>2023-06-25T07:36:30Z</end></TimeSpan><styleUrl>#point</styleUrl><Point><altitudeMode>clampToGround</altitudeMode><coordinates>7.18128782697022,45.245581213384867,1598.3299999999999</coordinates></Point></Placemark><Placemark><TimeSpan><begin>2023-06-25T07:36:30Z</begin><end>2023-06-25T07:36:47Z</end></TimeSpan><styleUrl>#point</styleUrl><Point><altitudeMode>clampToGround</altitudeMode><coordinates>7.181330323219299,45.245583057403564,1601.21</coordinates></Point></Placemark><Placemark><TimeSpan><begin>2023-06-25T07:36:47Z</begin><end>2023-06-25T07:37:05Z</end></TimeSpan><styleUrl>#point</styleUrl><Point><altitudeMode>clampToGround</altitudeMode><coordinates>7.181288162246347,45.245601162314415,1601.21</coordinates></Point></Placemark><Placemark><TimeSpan><begin>2023-06-25T07:37:05Z</begin><end>2023-06-25T07:37:14Z</end></TimeSpan><styleUrl>#point</styleUrl><Point><altitudeMode>clampToGround</altitudeMode><coordinates>7.181157236918807,45.245637791231275,1602.6600000000001</coordinates></Point></Placemark><Placemark><TimeSpan><begin>2023-06-25T07:37:14Z</begin><end>2023-06-25T07:37:25Z</end></TimeSpan><styleUrl>#point</styleUrl><Point><altitudeMode>clampToGround</altitudeMode><coordinates>7.18097954057157,45.245687747374177,1604.5799999999999</coordinates></Point></Placemark><Placemark><TimeSpan><begin>2023-06-25T07:37:25Z</begin><end>2023-06-25T07:37:27Z</end></TimeSpan><styleUrl>#point</styleUrl><Point><altitudeMode>clampToGround</altitudeMode><coordinates>7.180957747623324,45.245692525058985,1604.5799999999999</coordinates></Point></Placemark><Placemark><TimeSpan><begin>2023-06-25T07:37:27Z</begin><end>2023-06-25T07:37:37Z</end></TimeSpan><styleUrl>#point</styleUrl><Point><altitudeMode>clampToGround</altitudeMode><coordinates>7.180802598595619,45.245708618313074,1606.5</coordinates></Point></Placemark><Placemark><TimeSpan><begin>2023-06-25T07:37:37Z</begin><end>2023-06-25T07:37:47Z</end></TimeSpan><styleUrl>#point</styleUrl><Point><altitudeMode>clampToGround</altitudeMode><coordinates>7.180659016594291,45.245716413483024,1607.9400000000001</coordinates></Point></Placemark><Placemark><TimeSpan><begin>2023-06-25T07:37:47Z</begin><end>2023-06-25T07:37:48Z</end></TimeSpan><styleUrl>#point</styleUrl><Point><altitudeMode>clampToGround</altitudeMode><coordinates>7.180646527558565,45.245717503130436,1607.9400000000001</coordinates></Point></Placemark><Placemark><TimeSpan><begin>2023-06-25T07:37:48Z</begin><end>2023-06-25T07:37:57Z</end></TimeSpan><styleUrl>#point</styleUrl><Point><altitudeMode>clampToGround</altitudeMode><coordinates>7.180525828152895,45.245718006044626,1608.9000000000001</coordinates></Point></Placemark><Placemark><TimeSpan><begin>2023-06-25T07:37:57Z</begin><end>2023-06-25T07:38:06Z</end></TimeSpan><styleUrl>#point</styleUrl><Point><altitudeMode>clampToGround</altitudeMode><coordinates>7.180389203131199,45.245735524222255,1610.8299999999999</coordinates></Point></Placemark><Placemark><TimeSpan><begin>2023-06-25T07:38:06Z</begin><end>2023-06-25T07:38:09Z</end></TimeSpan><styleUrl>#point</styleUrl><Point><altitudeMode>clampToGround</altitudeMode><coordinates>7.180348131805658,45.245737703517079,1611.3099999999999</coordinates></Point></Placemark><Placemark><TimeSpan><begin>2023-06-25T07:38:09Z</begin><end>2023-06-25T07:38:19Z</end></TimeSpan><styleUrl>#point</styleUrl><Point><altitudeMode>clampToGround</altitudeMode><coordinates>7.180193066596985,45.245743319392204,1612.27</coordinates></Point></Placemark><Placemark><TimeSpan><begin>2023-06-25T07:38:19Z</begin><end>2023-06-25T07:38:29Z</end></TimeSpan><styleUrl>#point</styleUrl><Point><altitudeMode>clampToGround</altitudeMode><coordinates>7.180024338886142,45.245747845619917,1614.1900000000001</coordinates></Point></Placemark><Placemark><TimeSpan><begin>2023-06-25T07:38:29Z</begin><end>2023-06-25T07:38:40Z</end></TimeSpan><styleUrl>#point</styleUrl><Point><altitudeMode>clampToGround</altitudeMode><coordinates>7.179837757721543,45.245757568627596,1615.1500000000001</coordinates></Point></Placemark><Placemark><TimeSpan><begin>2023-06-25T07:38:40Z</begin><end>2023-06-25T07:38:42Z</end></TimeSpan><styleUrl>#point</styleUrl><Point><altitudeMode>clampToGround</altitudeMode><coordinates>7.179809845983982,45.24575631134212,1615.1500000000001</coordinates></Point></Placemark><Placemark><TimeSpan><begin>2023-06-25T07:38:42Z</begin><end>2023-06-25T07:38:55Z</end></TimeSpan><styleUrl>#point</styleUrl><Point><altitudeMode>clampToGround</altitudeMode><coordinates>7.179710017517209,45.245788246393204,1615.6300000000001</coordinates></Point></Placemark><Placemark><TimeSpan><begin>2023-06-25T07:38:55Z</begin><end>2023-06-25T07:39:18Z</end></TimeSpan><styleUrl>#point</styleUrl><Point><altitudeMode>clampToGround</altitudeMode><coordinates>7.179721249267459,45.24581003934145,1616.1099999999999</coordinates></Point></Placemark><Placemark><TimeSpan><begin>2023-06-25T07:39:18Z</begin><end>2023-06-25T07:39:36Z</end></TimeSpan><styleUrl>#point</styleUrl><Point><altitudeMode>clampToGround</altitudeMode><coordinates>7.179732816293836,45.245802411809564,1616.1099999999999</coordinates></Point></Placemark><Placemark><TimeSpan><begin>2023-06-25T07:39:36Z</begin><end>2023-06-25T07:39:50Z</end></TimeSpan><styleUrl>#point</styleUrl><Point><altitudeMode>clampToGround</altitudeMode><coordinates>7.179534081369638,45.245880447328091,1617.0699999999999</coordinates></Point></Placemark><Placemark><TimeSpan><begin>2023-06-25T07:39:50Z</begin><end>2023-06-25T07:39:55Z</end></TimeSpan><styleUrl>#point</styleUrl><Point><altitudeMode>clampToGround</altitudeMode><coordinates>7.179436767473817,45.245900144800544,1618.04</coordinates></Point></Placemark><Placemark><TimeSpan><begin>2023-06-25T07:39:55Z</begin><end>2023-06-25T07:40:06Z</end></TimeSpan><styleUrl>#point</styleUrl><Point><altitudeMode>clampToGround</altitudeMode><coordinates>7.179263764992356,45.245958901941776,1619</coordinates></Point></Placemark><Placemark><TimeSpan><begin>2023-06-25T07:40:06Z</begin><end>2023-06-25T07:40:15Z</end></TimeSpan><styleUrl>#point</styleUrl><Point><altitudeMode>clampToGround</altitudeMode><coordinates>7.179105011746287,45.245992932468653,1619.96</coordinates></Point></Placemark><Placemark><TimeSpan><begin>2023-06-25T07:40:15Z</begin><end>2023-06-25T07:40:26Z</end></TimeSpan><styleUrl>#point</styleUrl><Point><altitudeMode>clampToGround</altitudeMode><coordinates>7.178969224914908,45.246076500043273,1621.4000000000001</coordinates></Point></Placemark><Placemark><TimeSpan><begin>2023-06-25T07:40:26Z</begin><end>2023-06-25T07:40:38Z</end></TimeSpan><styleUrl>#point</styleUrl><Point><altitudeMode>clampToGround</altitudeMode><coordinates>7.178857745602727,45.246191918849945,1622.8399999999999</coordinates></Point></Placemark><Placemark><TimeSpan><begin>2023-06-25T07:40:38Z</begin><end>2023-06-25T07:40:39Z</end></TimeSpan><styleUrl>#point</styleUrl><Point><altitudeMode>clampToGround</altitudeMode><coordinates>7.178850788623095,45.246200384572148,1623.3199999999999</coordinates></Point></Placemark><Placemark><TimeSpan><begin>2023-06-25T07:40:39Z</begin><end>2023-06-25T07:40:49Z</end></TimeSpan><styleUrl>#point</styleUrl><Point><altitudeMode>clampToGround</altitudeMode><coordinates>7.178824637085199,45.2463064994663,1624.77</coordinates></Point></Placemark><Placemark><TimeSpan><begin>2023-06-25T07:40:49Z</begin><end>2023-06-25T07:40:59Z</end></TimeSpan><styleUrl>#point</styleUrl><Point><altitudeMode>clampToGround</altitudeMode><coordinates>7.178780380636454,45.246421666815877,1625.73</coordinates></Point></Placemark><Placemark><TimeSpan><begin>2023-06-25T07:40:59Z</begin><end>2023-06-25T07:41:13Z</end></TimeSpan><styleUrl>#point</styleUrl><Point><altitudeMode>clampToGround</altitudeMode><coordinates>7.178741404786706,45.246562063694,1627.1700000000001</coordinates></Point></Placemark><Placemark><TimeSpan><begin>2023-06-25T07:41:13Z</begin><end>2023-06-25T07:41:15Z</end></TimeSpan><styleUrl>#point</styleUrl><Point><altitudeMode>clampToGround</altitudeMode><coordinates>7.178729670122266,45.246577989310026,1627.6500000000001</coordinates></Point></Placemark><Placemark><TimeSpan><begin>2023-06-25T07:41:15Z</begin><end>2023-06-25T07:41:25Z</end></TimeSpan><styleUrl>#point</styleUrl><Point><altitudeMode>clampToGround</altitudeMode><coordinates>7.178635373711586,45.246688462793827,1628.6099999999999</coordinates></Point></Placemark><Placemark><TimeSpan><begin>2023-06-25T07:41:25Z</begin><end>2023-06-25T07:41:26Z</end></TimeSpan><styleUrl>#point</styleUrl><Point><altitudeMode>clampToGround</altitudeMode><coordinates>7.178621795028448,45.246700784191489,1628.6099999999999</coordinates></Point></Placemark><Placemark><TimeSpan><begin>2023-06-25T07:41:26Z</begin><end>2023-06-25T07:41:37Z</end></TimeSpan><styleUrl>#point</styleUrl><Point><altitudeMode>clampToGround</altitudeMode><coordinates>7.178530348464847,45.246814107522368,1629.5699999999999</coordinates></Point></Placemark><Placemark><TimeSpan><begin>2023-06-25T07:41:37Z</begin><end>2023-06-25T07:41:48Z</end></TimeSpan><styleUrl>#point</styleUrl><Point><altitudeMode>clampToGround</altitudeMode><coordinates>7.178409229964018,45.246891640126705,1631.01</coordinates></Point></Placemark><Placemark><TimeSpan><begin>2023-06-25T07:41:48Z</begin><end>2023-06-25T07:41:51Z</end></TimeSpan><styleUrl>#point</styleUrl><Point><altitudeMode>clampToGround</altitudeMode><coordinates>7.178381653502584,45.246913181617856,1631.98</coordinates></Point></Placemark><Placemark><TimeSpan><begin>2023-06-25T07:41:51Z</begin><end>2023-06-25T07:42:01Z</end></TimeSpan><styleUrl>#point</styleUrl><Point><altitudeMode>clampToGround</altitudeMode><coordinates>7.178298337385058,45.24698224849999,1632.9400000000001</coordinates></Point></Placemark><Placemark><TimeSpan><begin>2023-06-25T07:42:01Z</begin><end>2023-06-25T07:42:06Z</end></TimeSpan><styleUrl>#point</styleUrl><Point><altitudeMode>clampToGround</altitudeMode><coordinates>7.17826321721077,45.247021391987801,1633.9000000000001</coordinates></Point></Placemark><Placemark><TimeSpan><begin>2023-06-25T07:42:06Z</begin><end>2023-06-25T07:42:17Z</end></TimeSpan><styleUrl>#point</styleUrl><Point><altitudeMode>clampToGround</altitudeMode><coordinates>7.178155342116952,45.247110743075609,1635.3399999999999</coordinates></Point></Placemark><Placemark><TimeSpan><begin>2023-06-25T07:42:17Z</begin><end>2023-06-25T07:42:25Z</end></TimeSpan><styleUrl>#point</styleUrl><Point><altitudeMode>clampToGround</altitudeMode><coordinates>7.178111923858523,45.247163884341717,1635.8199999999999</coordinates></Point></Placemark><Placemark><TimeSpan><begin>2023-06-25T07:42:25Z</begin><end>2023-06-25T07:42:34Z</end></TimeSpan><styleUrl>#point</styleUrl><Point><altitudeMode>clampToGround</altitudeMode><coordinates>7.177994074299932,45.247251139953732,1637.26</coordinates></Point></Placemark><Placemark><TimeSpan><begin>2023-06-25T07:42:34Z</begin><end>2023-06-25T07:42:45Z</end></TimeSpan><styleUrl>#point</styleUrl><Point><altitudeMode>clampToGround</altitudeMode><coordinates>7.177903214469552,45.247328002005816,1638.22</coordinates></Point></Placemark><Placemark><TimeSpan><begin>2023-06-25T07:42:45Z</begin><end>2023-06-25T07:42:51Z</end></TimeSpan><styleUrl>#point</styleUrl><Point><altitudeMode>clampToGround</altitudeMode><coordinates>7.17784789390862,45.247384244576097,1638.7</coordinates></Point></Placemark><Placemark><TimeSpan><begin>2023-06-25T07:42:51Z</begin><end>2023-06-25T07:43:02Z</end></TimeSpan><styleUrl>#point</styleUrl><Point><altitudeMode>clampToGround</altitudeMode><coordinates>7.177721662446857,45.247479630634189,1640.6300000000001</coordinates></Point></Placemark><Placemark><TimeSpan><begin>2023-06-25T07:43:02Z</begin><end>2023-06-25T07:43:14Z</end></TimeSpan><styleUrl>#point</styleUrl><Point><altitudeMode>clampToGround</altitudeMode><coordinates>7.177600711584091,45.247598318383098,1642.0699999999999</coordinates></Point></Placemark><Placemark><TimeSpan><begin>2023-06-25T07:43:14Z</begin><end>2023-06-25T07:43:16Z</end></TimeSpan><styleUrl>#point</styleUrl><Point><altitudeMode>clampToGround</altitudeMode><coordinates>7.177583025768399,45.247618015855551,1642.55</coordinates></Point></Placemark><Placemark><TimeSpan><begin>2023-06-25T07:43:16Z</begin><end>2023-06-25T07:43:20Z</end></TimeSpan><styleUrl>#point</styleUrl><Point><altitudeMode>clampToGround</altitudeMode><coordinates>7.177557880058885,45.247663781046867,1642.55</coordinates></Point></Placemark><Placemark><TimeSpan><begin>2023-06-25T07:43:20Z</begin><end>2023-06-25T07:43:31Z</end></TimeSpan><styleUrl>#point</styleUrl><Point><altitudeMode>clampToGround</altitudeMode><coordinates>7.177483448758721,45.247755311429501,1643.99</coordinates></Point></Placemark><Placemark><TimeSpan><begin>2023-06-25T07:43:31Z</begin><end>2023-06-25T07:43:32Z</end></TimeSpan><styleUrl>#point</styleUrl><Point><altitudeMode>clampToGround</altitudeMode><coordinates>7.177484286949039,45.247765369713306,1643.99</coordinates></Point></Placemark><Placemark><TimeSpan><begin>2023-06-25T07:43:32Z</begin><end>2023-06-25T07:43:39Z</end></TimeSpan><styleUrl>#point</styleUrl><Point><altitudeMode>clampToGround</altitudeMode><coordinates>7.177451010793448,45.247832257300615,1645.4300000000001</coordinates></Point></Placemark><Placemark><TimeSpan><begin>2023-06-25T07:43:39Z</begin><end>2023-06-25T07:43:50Z</end></TimeSpan><styleUrl>#point</styleUrl><Point><altitudeMode>clampToGround</altitudeMode><coordinates>7.17738077044487,45.247939545661211,1646.4000000000001</coordinates></Point></Placemark><Placemark><TimeSpan><begin>2023-06-25T07:43:50Z</begin><end>2023-06-25T07:44:00Z</end></TimeSpan><styleUrl>#point</styleUrl><Point><altitudeMode>clampToGround</altitudeMode><coordinates>7.177305165678263,45.248033003881574,1647.8399999999999</coordinates></Point></Placemark><Placemark><TimeSpan><begin>2023-06-25T07:44:00Z</begin><end>2023-06-25T07:44:02Z</end></TimeSpan><styleUrl>#point</styleUrl><Point><altitudeMode>clampToGround</altitudeMode><coordinates>7.177272476255894,45.248054713010788,1647.8399999999999</coordinates></Point></Placemark><Placemark><TimeSpan><begin>2023-06-25T07:44:02Z</begin><end>2023-06-25T07:44:12Z</end></TimeSpan><styleUrl>#point</styleUrl><Point><altitudeMode>clampToGround</altitudeMode><coordinates>7.177143814042211,45.248118080198765,1648.8</coordinates></Point></Placemark><Placemark><TimeSpan><begin>2023-06-25T07:44:12Z</begin><end>2023-06-25T07:44:21Z</end></TimeSpan><styleUrl>#point</styleUrl><Point><altitudeMode>clampToGround</altitudeMode><coordinates>7.177035855129361,45.248181447386742,1649.76</coordinates></Point></Placemark><Placemark><TimeSpan><begin>2023-06-25T07:44:21Z</begin><end>2023-06-25T07:44:33Z</end></TimeSpan><styleUrl>#point</styleUrl><Point><altitudeMode>clampToGround</altitudeMode><coordinates>7.176877353340387,45.248235845938325,1651.6800000000001</coordinates></Point></Placemark><Placemark><TimeSpan><begin>2023-06-25T07:44:33Z</begin><end>2023-06-25T07:44:42Z</end></TimeSpan><styleUrl>#point</styleUrl><Point><altitudeMode>clampToGround</altitudeMode><coordinates>7.176801832392812,45.248262081295252,1652.6400000000001</coordinates></Point></Placemark><Placemark><TimeSpan><begin>2023-06-25T07:44:42Z</begin><end>2023-06-25T07:44:47Z</end></TimeSpan><styleUrl>#point</styleUrl><Point><altitudeMode>clampToGround</altitudeMode><coordinates>7.176781464368105,45.24826392531395,1652.6400000000001</coordinates></Point></Placemark><Placemark><TimeSpan><begin>2023-06-25T07:44:47Z</begin><end>2023-06-25T07:45:00Z</end></TimeSpan><styleUrl>#point</styleUrl><Point><altitudeMode>clampToGround</altitudeMode><coordinates>7.176600331440568,45.24832259863615,1654.0899999999999</coordinates></Point></Placemark><Placemark><TimeSpan><begin>2023-06-25T07:45:00Z</begin><end>2023-06-25T07:45:09Z</end></TimeSpan><styleUrl>#point</styleUrl><Point><altitudeMode>clampToGround</altitudeMode><coordinates>7.176478207111359,45.248350007459521,1655.05</coordinates></Point></Placemark><Placemark><TimeSpan><begin>2023-06-25T07:45:09Z</begin><end>2023-06-25T07:45:21Z</end></TimeSpan><styleUrl>#point</styleUrl><Point><altitudeMode>clampToGround</altitudeMode><coordinates>7.17631995677948,45.248410273343325,1656.49</coordinates></Point></Placemark><Placemark><TimeSpan><begin>2023-06-25T07:45:21Z</begin><end>2023-06-25T07:45:32Z</end></TimeSpan><styleUrl>#point</styleUrl><Point><altitudeMode>clampToGround</altitudeMode><coordinates>7.176153743639588,45.248457631096244,1657.9300000000001</coordinates></Point></Placemark><Placemark><TimeSpan><begin>2023-06-25T07:45:32Z</begin><end>2023-06-25T07:45:42Z</end></TimeSpan><styleUrl>#point</styleUrl><Point><altitudeMode>clampToGround</altitudeMode><coordinates>7.176021477207542,45.248493924736977,1659.3699999999999</coordinates></Point></Placemark><Placemark><TimeSpan><begin>2023-06-25T07:45:42Z</begin><end>2023-06-25T07:45:47Z</end></TimeSpan><styleUrl>#point</styleUrl><Point><altitudeMode>clampToGround</altitudeMode><coordinates>7.175953080877662,45.248503228649497,1659.8499999999999</coordinates></Point></Placemark><Placemark><TimeSpan><begin>2023-06-25T07:45:47Z</begin><end>2023-06-25T07:45:52Z</end></TimeSpan><styleUrl>#point</styleUrl><Point><altitudeMode>clampToGround</altitudeMode><coordinates>7.175860293209553,45.248504653573036,1660.3299999999999</coordinates></Point></Placemark><Placemark><TimeSpan><begin>2023-06-25T07:45:52Z</begin><end>2023-06-25T07:46:01Z</end></TimeSpan><styleUrl>#point</styleUrl><Point><altitudeMode>clampToGround</altitudeMode><coordinates>7.175679411739111,45.248481938615441,1661.78</coordinates></Point></Placemark><Placemark><TimeSpan><begin>2023-06-25T07:46:01Z</begin><end>2023-06-25T07:46:04Z</end></TimeSpan><styleUrl>#point</styleUrl><Point><altitudeMode>clampToGround</altitudeMode><coordinates>7.175630377605557,45.24847355671227,1662.26</coordinates></Point></Placemark><Placemark><TimeSpan><begin>2023-06-25T07:46:04Z</begin><end>2023-06-25T07:46:08Z</end></TimeSpan><styleUrl>#point</styleUrl><Point><altitudeMode>clampToGround</altitudeMode><coordinates>7.175579499453306,45.248467773199081,1662.74</coordinates></Point></Placemark><Placemark><TimeSpan><begin>2023-06-25T07:46:08Z</begin><end>2023-06-25T07:46:15Z</end></TimeSpan><styleUrl>#point</styleUrl><Point><altitudeMode>clampToGround</altitudeMode><coordinates>7.175480676814914,45.248492918908596,1663.7</coordinates></Point></Placemark><Placemark><TimeSpan><begin>2023-06-25T07:46:15Z</begin><end>2023-06-25T07:46:28Z</end></TimeSpan><styleUrl>#point</styleUrl><Point><altitudeMode>clampToGround</altitudeMode><coordinates>7.175325276330113,45.248571373522282,1665.1400000000001</coordinates></Point></Placemark><Placemark><TimeSpan><begin>2023-06-25T07:46:28Z</begin><end>2023-06-25T07:46:29Z</end></TimeSpan><styleUrl>#point</styleUrl><Point><altitudeMode>clampToGround</altitudeMode><coordinates>7.175313709303737,45.248578162863851,1665.1400000000001</coordinates></Point></Placemark><Placemark><TimeSpan><begin>2023-06-25T07:46:29Z</begin><end>2023-06-25T07:46:31Z</end></TimeSpan><styleUrl>#point</styleUrl><Point><altitudeMode>clampToGround</altitudeMode><coordinates>7.175287725403905,45.24859232828021,1665.1400000000001</coordinates></Point></Placemark><Placemark><TimeSpan><begin>2023-06-25T07:46:31Z</begin><end>2023-06-25T07:46:42Z</end></TimeSpan><styleUrl>#point</styleUrl><Point><altitudeMode>clampToGround</altitudeMode><coordinates>7.175172390416265,45.248682182282209,1666.5799999999999</coordinates></Point></Placemark><Placemark><TimeSpan><begin>2023-06-25T07:46:42Z</begin><end>2023-06-25T07:46:54Z</end></TimeSpan><styleUrl>#point</styleUrl><Point><altitudeMode>clampToGround</altitudeMode><coordinates>7.175046410411596,45.248779244720936,1668.51</coordinates></Point></Placemark><Placemark><TimeSpan><begin>2023-06-25T07:46:54Z</begin><end>2023-06-25T07:46:58Z</end></TimeSpan><styleUrl>#point</styleUrl><Point><altitudeMode>clampToGround</altitudeMode><coordinates>7.174994274973869,45.248808916658163,1668.99</coordinates></Point></Placemark><Placemark><TimeSpan><begin>2023-06-25T07:46:58Z</begin><end>2023-06-25T07:47:01Z</end></TimeSpan><styleUrl>#point</styleUrl><Point><altitudeMode>clampToGround</altitudeMode><coordinates>7.174961417913437,45.24883515201509,1669.47</coordinates></Point></Placemark><Placemark><TimeSpan><begin>2023-06-25T07:47:01Z</begin><end>2023-06-25T07:47:13Z</end></TimeSpan><styleUrl>#point</styleUrl><Point><altitudeMode>clampToGround</altitudeMode><coordinates>7.174825295805931,45.248914528638124,1670.4300000000001</coordinates></Point></Placemark><Placemark><TimeSpan><begin>2023-06-25T07:47:13Z</begin><end>2023-06-25T07:47:26Z</end></TimeSpan><styleUrl>#point</styleUrl><Point><altitudeMode>clampToGround</altitudeMode><coordinates>7.174732675775886,45.248951492831111,1671.3900000000001</coordinates></Point></Placemark><Placemark><TimeSpan><begin>2023-06-25T07:47:26Z</begin><end>2023-06-25T07:47:45Z</end></TimeSpan><styleUrl>#point</styleUrl><Point><altitudeMode>clampToGround</altitudeMode><coordinates>7.174733178690076,45.24891771376133,1671.3900000000001</coordinates></Point></Placemark><Placemark><TimeSpan><begin>2023-06-25T07:47:45Z</begin><end>2023-06-25T07:47:58Z</end></TimeSpan><styleUrl>#point</styleUrl><Point><altitudeMode>clampToGround</altitudeMode><coordinates>7.174893943592906,45.249031120911241,1672.3499999999999</coordinates></Point></Placemark><Placemark><TimeSpan><begin>2023-06-25T07:47:58Z</begin><end>2023-06-25T07:48:00Z</end></TimeSpan><styleUrl>#point</styleUrl><Point><altitudeMode>clampToGround</altitudeMode><coordinates>7.174925291910768,45.249036904424429,1672.3499999999999</coordinates></Point></Placemark><Placemark><TimeSpan><begin>2023-06-25T07:48:00Z</begin><end>2023-06-25T07:48:04Z</end></TimeSpan><styleUrl>#point</styleUrl><Point><altitudeMode>clampToGround</altitudeMode><coordinates>7.175028221681714,45.249052913859487,1672.3499999999999</coordinates></Point></Placemark><Placemark><TimeSpan><begin>2023-06-25T07:48:04Z</begin><end>2023-06-25T07:48:16Z</end></TimeSpan><styleUrl>#point</styleUrl><Point><altitudeMode>clampToGround</altitudeMode><coordinates>7.175246318802238,45.249027600511909,1672.8299999999999</coordinates></Point></Placemark><Placemark><TimeSpan><begin>2023-06-25T07:48:16Z</begin><end>2023-06-25T07:48:17Z</end></TimeSpan><styleUrl>#point</styleUrl><Point><altitudeMode>clampToGround</altitudeMode><coordinates>7.175262998789549,45.249025840312243,1672.8299999999999</coordinates></Point></Placemark><Placemark><TimeSpan><begin>2023-06-25T07:48:17Z</begin><end>2023-06-25T07:48:22Z</end></TimeSpan><styleUrl>#point</styleUrl><Point><altitudeMode>clampToGround</altitudeMode><coordinates>7.175362491980195,45.249036652967334,1673.3099999999999</coordinates></Point></Placemark><Placemark><TimeSpan><begin>2023-06-25T07:48:22Z</begin><end>2023-06-25T07:48:26Z</end></TimeSpan><styleUrl>#point</styleUrl><Point><altitudeMode>clampToGround</altitudeMode><coordinates>7.175417812541127,45.249039335176349,1673.79</coordinates></Point></Placemark><Placemark><TimeSpan><begin>2023-06-25T07:48:26Z</begin><end>2023-06-25T07:48:40Z</end></TimeSpan><styleUrl>#point</styleUrl><Point><altitudeMode>clampToGround</altitudeMode><coordinates>7.175598694011569,45.248938836157322,1673.79</coordinates></Point></Placemark><Placemark><TimeSpan><begin>2023-06-25T07:48:40Z</begin><end>2023-06-25T07:48:42Z</end></TimeSpan><styleUrl>#point</styleUrl><Point><altitudeMode>clampToGround</altitudeMode><coordinates>7.17562316916883,45.248939841985703,1673.79</coordinates></Point></Placemark><Placemark><TimeSpan><begin>2023-06-25T07:48:42Z</begin><end>2023-06-25T07:48:59Z</end></TimeSpan><styleUrl>#point</styleUrl><Point><altitudeMode>clampToGround</altitudeMode><coordinates>7.175872614607215,45.248916707932949,1676.2</coordinates></Point></Placemark><Placemark><TimeSpan><begin>2023-06-25T07:48:59Z</begin><end>2023-06-25T07:49:11Z</end></TimeSpan><styleUrl>#point</styleUrl><Point><altitudeMode>clampToGround</altitudeMode><coordinates>7.176031870767474,45.248834900557995,1677.1600000000001</coordinates></Point></Placemark><Placemark><TimeSpan><begin>2023-06-25T07:49:11Z</begin><end>2023-06-25T07:49:24Z</end></TimeSpan><styleUrl>#point</styleUrl><Point><altitudeMode>clampToGround</altitudeMode><coordinates>7.176214680075645,45.248761726543307,1679.0799999999999</coordinates></Point></Placemark><Placemark><TimeSpan><begin>2023-06-25T07:49:24Z</begin><end>2023-06-25T07:49:37Z</end></TimeSpan><styleUrl>#point</styleUrl><Point><altitudeMode>clampToGround</altitudeMode><coordinates>7.176390616223216,45.248730545863509,1680.04</coordinates></Point></Placemark><Placemark><TimeSpan><begin>2023-06-25T07:49:37Z</begin><end>2023-06-25T07:49:54Z</end></TimeSpan><styleUrl>#point</styleUrl><Point><altitudeMode>clampToGround</altitudeMode><coordinates>7.17662338167429,45.24870565161109,1682.4400000000001</coordinates></Point></Placemark><Placemark><TimeSpan><begin>2023-06-25T07:49:54Z</begin><end>2023-06-25T07:50:12Z</end></TimeSpan><styleUrl>#point</styleUrl><Point><altitudeMode>clampToGround</altitudeMode><coordinates>7.176888668909669,45.248661143705249,1684.3699999999999</coordinates></Point></Placemark><Placemark><TimeSpan><begin>2023-06-25T07:50:12Z</begin><end>2023-06-25T07:50:26Z</end></TimeSpan><styleUrl>#point</styleUrl><Point><altitudeMode>clampToGround</altitudeMode><coordinates>7.177038621157408,45.248568523675203,1685.8099999999999</coordinates></Point></Placemark><Placemark><TimeSpan><begin>2023-06-25T07:50:26Z</begin><end>2023-06-25T07:50:40Z</end></TimeSpan><styleUrl>#point</styleUrl><Point><altitudeMode>clampToGround</altitudeMode><coordinates>7.177191842347384,45.248482776805758,1688.21</coordinates></Point></Placemark><Placemark><TimeSpan><begin>2023-06-25T07:50:40Z</begin><end>2023-06-25T07:50:57Z</end></TimeSpan><styleUrl>#point</styleUrl><Point><altitudeMode>clampToGround</altitudeMode><coordinates>7.177396360784769,45.248387809842825,1689.6500000000001</coordinates></Point></Placemark><Placemark><TimeSpan><begin>2023-06-25T07:50:57Z</begin><end>2023-06-25T07:51:04Z</end></TimeSpan><styleUrl>#point</styleUrl><Point><altitudeMode>clampToGround</altitudeMode><coordinates>7.177496021613479,45.248365849256516,1690.6199999999999</coordinates></Point></Placemark><Placemark><TimeSpan><begin>2023-06-25T07:51:04Z</begin><end>2023-06-25T07:51:15Z</end></TimeSpan><styleUrl>#point</styleUrl><Point><altitudeMode>clampToGround</altitudeMode><coordinates>7.177613452076912,45.24840759113431,1691.5799999999999</coordinates></Point></Placemark><Placemark><TimeSpan><begin>2023-06-25T07:51:15Z</begin><end>2023-06-25T07:51:16Z</end></TimeSpan><styleUrl>#point</styleUrl><Point><altitudeMode>clampToGround</altitudeMode><coordinates>7.177614877000451,45.248412787914276,1691.5799999999999</coordinates></Point></Placemark><Placemark><TimeSpan><begin>2023-06-25T07:51:16Z</begin><end>2023-06-25T07:51:18Z</end></TimeSpan><styleUrl>#point</styleUrl><Point><altitudeMode>clampToGround</altitudeMode><coordinates>7.177621750161052,45.248437179252505,1692.0599999999999</coordinates></Point></Placemark><Placemark><TimeSpan><begin>2023-06-25T07:51:18Z</begin><end>2023-06-25T07:51:28Z</end></TimeSpan><styleUrl>#point</styleUrl><Point><altitudeMode>clampToGround</altitudeMode><coordinates>7.177580343559384,45.248560477048159,1693.98</coordinates></Point></Placemark><Placemark><TimeSpan><begin>2023-06-25T07:51:28Z</begin><end>2023-06-25T07:51:40Z</end></TimeSpan><styleUrl>#point</styleUrl><Point><altitudeMode>clampToGround</altitudeMode><coordinates>7.177424859255552,45.248644296079874,1695.4200000000001</coordinates></Point></Placemark><Placemark><TimeSpan><begin>2023-06-25T07:51:40Z</begin><end>2023-06-25T07:51:50Z</end></TimeSpan><styleUrl>#point</styleUrl><Point><altitudeMode>clampToGround</altitudeMode><coordinates>7.17730893753469,45.248714117333293,1696.3800000000001</coordinates></Point></Placemark><Placemark><TimeSpan><begin>2023-06-25T07:51:50Z</begin><end>2023-06-25T07:52:01Z</end></TimeSpan><styleUrl>#point</styleUrl><Point><altitudeMode>clampToGround</altitudeMode><coordinates>7.177219754084945,45.248816376551986,1698.3099999999999</coordinates></Point></Placemark><Placemark><TimeSpan><begin>2023-06-25T07:52:01Z</begin><end>2023-06-25T07:52:03Z</end></TimeSpan><styleUrl>#point</styleUrl><Point><altitudeMode>clampToGround</altitudeMode><coordinates>7.1772082708776,45.24883221834898,1698.3099999999999</coordinates></Point></Placemark><Placemark><TimeSpan><begin>2023-06-25T07:52:03Z</begin><end>2023-06-25T07:52:15Z</end></TimeSpan><styleUrl>#point</styleUrl><Point><altitudeMode>clampToGround</altitudeMode><coordinates>7.177125038579106,45.248942272737622,1699.75</coordinates></Point></Placemark><Placemark><TimeSpan><begin>2023-06-25T07:52:15Z</begin><end>2023-06-25T07:52:21Z</end></TimeSpan><styleUrl>#point</styleUrl><Point><altitudeMode>clampToGround</altitudeMode><coordinates>7.177082290872932,45.248996503651142,1700.71</coordinates></Point></Placemark><Placemark><TimeSpan><begin>2023-06-25T07:52:21Z</begin><end>2023-06-25T07:52:32Z</end></TimeSpan><styleUrl>#point</styleUrl><Point><altitudeMode>clampToGround</altitudeMode><coordinates>7.176964022219181,45.249079400673509,1702.1500000000001</coordinates></Point></Placemark><Placemark><TimeSpan><begin>2023-06-25T07:52:32Z</begin><end>2023-06-25T07:52:42Z</end></TimeSpan><styleUrl>#point</styleUrl><Point><altitudeMode>clampToGround</altitudeMode><coordinates>7.17687894590199,45.249179480597377,1703.1099999999999</coordinates></Point></Placemark><Placemark><TimeSpan><begin>2023-06-25T07:52:42Z</begin><end>2023-06-25T07:52:43Z</end></TimeSpan><styleUrl>#point</styleUrl><Point><altitudeMode>clampToGround</altitudeMode><coordinates>7.176866540685296,45.249185850843787,1703.1099999999999</coordinates></Point></Placemark><Placemark><TimeSpan><begin>2023-06-25T07:52:43Z</begin><end>2023-06-25T07:52:51Z</end></TimeSpan><styleUrl>#point</styleUrl><Point><altitudeMode>clampToGround</altitudeMode><coordinates>7.176772663369775,45.249251062050462,1704.55</coordinates></Point></Placemark><Placemark><TimeSpan><begin>2023-06-25T07:52:51Z</begin><end>2023-06-25T07:52:58Z</end></TimeSpan><styleUrl>#point</styleUrl><Point><altitudeMode>clampToGround</altitudeMode><coordinates>7.17673284932971,45.249319123104215,1705.52</coordinates></Point></Placemark><Placemark><TimeSpan><begin>2023-06-25T07:52:58Z</begin><end>2023-06-25T07:53:11Z</end></TimeSpan><styleUrl>#point</styleUrl><Point><altitudeMode>clampToGround</altitudeMode><coordinates>7.176620112732053,45.249444516375661,1707.4400000000001</coordinates></Point></Placemark><Placemark><TimeSpan><begin>2023-06-25T07:53:11Z</begin><end>2023-06-25T07:53:18Z</end></TimeSpan><styleUrl>#point</styleUrl><Point><altitudeMode>clampToGround</altitudeMode><coordinates>7.176563199609518,45.249514421448112,1707.9200000000001</coordinates></Point></Placemark><Placemark><TimeSpan><begin>2023-06-25T07:53:18Z</begin><end>2023-06-25T07:53:27Z</end></TimeSpan><styleUrl>#point</styleUrl><Point><altitudeMode>clampToGround</altitudeMode><coordinates>7.176478542387486,45.249591115862131,1709.3599999999999</coordinates></Point></Placemark><Placemark><TimeSpan><begin>2023-06-25T07:53:27Z</begin><end>2023-06-25T07:53:29Z</end></TimeSpan><styleUrl>#point</styleUrl><Point><altitudeMode>clampToGround</altitudeMode><coordinates>7.176470411941409,45.249611400067806,1709.3599999999999</coordinates></Point></Placemark><Placemark><TimeSpan><begin>2023-06-25T07:53:29Z</begin><end>2023-06-25T07:53:41Z</end></TimeSpan><styleUrl>#point</styleUrl><Point><altitudeMode>clampToGround</altitudeMode><coordinates>7.176493545994163,45.249617518857121,1709.8399999999999</coordinates></Point></Placemark><Placemark><TimeSpan><begin>2023-06-25T07:53:41Z</begin><end>2023-06-25T07:53:56Z</end></TimeSpan><styleUrl>#point</styleUrl><Point><altitudeMode>clampToGround</altitudeMode><coordinates>7.176488013938069,45.249615255743265,1709.8399999999999</coordinates></Point></Placemark><Placemark><TimeSpan><begin>2023-06-25T07:53:56Z</begin><end>2023-06-25T07:54:04Z</end></TimeSpan><styleUrl>#point</styleUrl><Point><altitudeMode>clampToGround</altitudeMode><coordinates>7.176512572914362,45.249629924073815,1709.8399999999999</coordinates></Point></Placemark><Placemark><TimeSpan><begin>2023-06-25T07:54:04Z</begin><end>2023-06-25T07:54:14Z</end></TimeSpan><styleUrl>#point</styleUrl><Point><altitudeMode>clampToGround</altitudeMode><coordinates>7.176627153530717,45.249693794175982,1711.76</coordinates></Point></Placemark><Placemark><TimeSpan><begin>2023-06-25T07:54:14Z</begin><end>2023-06-25T07:54:26Z</end></TimeSpan><styleUrl>#point</styleUrl><Point><altitudeMode>clampToGround</altitudeMode><coordinates>7.176745086908341,45.249618692323565,1713.21</coordinates></Point></Placemark><Placemark><TimeSpan><begin>2023-06-25T07:54:26Z</begin><end>2023-06-25T07:54:38Z</end></TimeSpan><styleUrl>#point</styleUrl><Point><altitudeMode>clampToGround</altitudeMode><coordinates>7.176848687231541,45.249528251588345,1714.6500000000001</coordinates></Point></Placemark><Placemark><TimeSpan><begin>2023-06-25T07:54:38Z</begin><end>2023-06-25T07:54:49Z</end></TimeSpan><styleUrl>#point</styleUrl><Point><altitudeMode>clampToGround</altitudeMode><coordinates>7.176963267847896,45.249443342909217,1716.5699999999999</coordinates></Point></Placemark><Placemark><TimeSpan><begin>2023-06-25T07:54:49Z</begin><end>2023-06-25T07:55:00Z</end></TimeSpan><styleUrl>#point</styleUrl><Point><altitudeMode>clampToGround</altitudeMode><coordinates>7.177085727453232,45.249376371502876,1718.01</coordinates></Point></Placemark><Placemark><TimeSpan><begin>2023-06-25T07:55:00Z</begin><end>2023-06-25T07:55:12Z</end></TimeSpan><styleUrl>#point</styleUrl><Point><altitudeMode>clampToGround</altitudeMode><coordinates>7.177222101017833,45.249289870262146,1719.46</coordinates></Point></Placemark><Placemark><TimeSpan><begin>2023-06-25T07:55:12Z</begin><end>2023-06-25T07:55:23Z</end></TimeSpan><styleUrl>#point</styleUrl><Point><altitudeMode>clampToGround</altitudeMode><coordinates>7.177332071587443,45.249206973239779,1720.9000000000001</coordinates></Point></Placemark><Placemark><TimeSpan><begin>2023-06-25T07:55:23Z</begin><end>2023-06-25T07:55:34Z</end></TimeSpan><styleUrl>#point</styleUrl><Point><altitudeMode>clampToGround</altitudeMode><coordinates>7.177434414625168,45.249124243855476,1722.8199999999999</coordinates></Point></Placemark><Placemark><TimeSpan><begin>2023-06-25T07:55:34Z</begin><end>2023-06-25T07:55:44Z</end></TimeSpan><styleUrl>#point</styleUrl><Point><altitudeMode>clampToGround</altitudeMode><coordinates>7.177532063797116,45.249052494764328,1724.26</coordinates></Point></Placemark><Placemark><TimeSpan><begin>2023-06-25T07:55:44Z</begin><end>2023-06-25T07:55:54Z</end></TimeSpan><styleUrl>#point</styleUrl><Point><altitudeMode>clampToGround</altitudeMode><coordinates>7.177634323015809,45.248985690996051,1725.7</coordinates></Point></Placemark><Placemark><TimeSpan><begin>2023-06-25T07:55:54Z</begin><end>2023-06-25T07:56:05Z</end></TimeSpan><styleUrl>#point</styleUrl><Point><altitudeMode>clampToGround</altitudeMode><coordinates>7.177764242514968,45.248918887227774,1726.6700000000001</coordinates></Point></Placemark><Placemark><TimeSpan><begin>2023-06-25T07:56:05Z</begin><end>2023-06-25T07:56:15Z</end></TimeSpan><styleUrl>#point</styleUrl><Point><altitudeMode>clampToGround</altitudeMode><coordinates>7.177883265540004,45.248856106773019,1728.1099999999999</coordinates></Point></Placemark><Placemark><TimeSpan><begin>2023-06-25T07:56:15Z</begin><end>2023-06-25T07:56:25Z</end></TimeSpan><styleUrl>#point</styleUrl><Point><altitudeMode>clampToGround</altitudeMode><coordinates>7.178001785650849,45.248800618574023,1729.0699999999999</coordinates></Point></Placemark><Placemark><TimeSpan><begin>2023-06-25T07:56:25Z</begin><end>2023-06-25T07:56:34Z</end></TimeSpan><styleUrl>#point</styleUrl><Point><altitudeMode>clampToGround</altitudeMode><coordinates>7.178130447864533,45.248762145638466,1730.51</coordinates></Point></Placemark><Placemark><TimeSpan><begin>2023-06-25T07:56:34Z</begin><end>2023-06-25T07:56:38Z</end></TimeSpan><styleUrl>#point</styleUrl><Point><altitudeMode>clampToGround</altitudeMode><coordinates>7.178187612444162,45.248752003535628,1730.99</coordinates></Point></Placemark><Placemark><TimeSpan><begin>2023-06-25T07:56:38Z</begin><end>2023-06-25T07:56:50Z</end></TimeSpan><styleUrl>#point</styleUrl><Point><altitudeMode>clampToGround</altitudeMode><coordinates>7.178351730108261,45.248725265264511,1732.4300000000001</coordinates></Point></Placemark><Placemark><TimeSpan><begin>2023-06-25T07:56:50Z</begin><end>2023-06-25T07:56:57Z</end></TimeSpan><styleUrl>#point</styleUrl><Point><altitudeMode>clampToGround</altitudeMode><coordinates>7.17844795435667,45.24870959110558,1733.8800000000001</coordinates></Point></Placemark><Placemark><TimeSpan><begin>2023-06-25T07:56:57Z</begin><end>2023-06-25T07:57:03Z</end></TimeSpan><styleUrl>#point</styleUrl><Point><altitudeMode>clampToGround</altitudeMode><coordinates>7.178538227453828,45.248693414032459,1734.3599999999999</coordinates></Point></Placemark><Placemark><TimeSpan><begin>2023-06-25T07:57:03Z</begin><end>2023-06-25T07:57:15Z</end></TimeSpan><styleUrl>#point</styleUrl><Point><altitudeMode>clampToGround</altitudeMode><coordinates>7.178694047033787,45.248640943318605,1736.28</coordinates></Point></Placemark><Placemark><TimeSpan><begin>2023-06-25T07:57:15Z</begin><end>2023-06-25T07:57:17Z</end></TimeSpan><styleUrl>#point</styleUrl><Point><altitudeMode>clampToGround</altitudeMode><coordinates>7.178718773648143,45.248633986338973,1736.28</coordinates></Point></Placemark><Placemark><TimeSpan><begin>2023-06-25T07:57:17Z</begin><end>2023-06-25T07:57:27Z</end></TimeSpan><styleUrl>#point</styleUrl><Point><altitudeMode>clampToGround</altitudeMode><coordinates>7.178858248516917,45.248638009652495,1737.72</coordinates></Point></Placemark><Placemark><TimeSpan><begin>2023-06-25T07:57:27Z</begin><end>2023-06-25T07:57:29Z</end></TimeSpan><styleUrl>#point</styleUrl><Point><altitudeMode>clampToGround</altitudeMode><coordinates>7.178874425590038,45.248647062107921,1737.72</coordinates></Point></Placemark><Placemark><TimeSpan><begin>2023-06-25T07:57:29Z</begin><end>2023-06-25T07:57:32Z</end></TimeSpan><styleUrl>#point</styleUrl><Point><altitudeMode>clampToGround</altitudeMode><coordinates>7.178898816928268,45.248664580285549,1738.2</coordinates></Point></Placemark><Placemark><TimeSpan><begin>2023-06-25T07:57:32Z</begin><end>2023-06-25T07:57:43Z</end></TimeSpan><styleUrl>#point</styleUrl><Point><altitudeMode>clampToGround</altitudeMode><coordinates>7.178881634026766,45.248783016577363,1739.6400000000001</coordinates></Point></Placemark><Placemark><TimeSpan><begin>2023-06-25T07:57:43Z</begin><end>2023-06-25T07:57:54Z</end></TimeSpan><styleUrl>#point</styleUrl><Point><altitudeMode>clampToGround</altitudeMode><coordinates>7.178801586851478,45.248859459534287,1740.5999999999999</coordinates></Point></Placemark><Placemark><TimeSpan><begin>2023-06-25T07:57:54Z</begin><end>2023-06-25T07:58:08Z</end></TimeSpan><styleUrl>#point</styleUrl><Point><altitudeMode>clampToGround</altitudeMode><coordinates>7.178761521354318,45.248848311603069,1740.5999999999999</coordinates></Point></Placemark><Placemark><TimeSpan><begin>2023-06-25T07:58:08Z</begin><end>2023-06-25T07:58:12Z</end></TimeSpan><styleUrl>#point</styleUrl><Point><altitudeMode>clampToGround</altitudeMode><coordinates>7.178735621273518,45.24885761551559,1741.0799999999999</coordinates></Point></Placemark><Placemark><TimeSpan><begin>2023-06-25T07:58:12Z</begin><end>2023-06-25T07:58:26Z</end></TimeSpan><styleUrl>#point</styleUrl><Point><altitudeMode>clampToGround</altitudeMode><coordinates>7.178551135584712,45.248930957168341,1743.01</coordinates></Point></Placemark><Placemark><TimeSpan><begin>2023-06-25T07:58:26Z</begin><end>2023-06-25T07:58:38Z</end></TimeSpan><styleUrl>#point</styleUrl><Point><altitudeMode>clampToGround</altitudeMode><coordinates>7.178414426743984,45.248992312699556,1743.97</coordinates></Point></Placemark><Placemark><TimeSpan><begin>2023-06-25T07:58:38Z</begin><end>2023-06-25T07:58:43Z</end></TimeSpan><styleUrl>#point</styleUrl><Point><altitudeMode>clampToGround</altitudeMode><coordinates>7.178347874432802,45.249023493379354,1745.4100000000001</coordinates></Point></Placemark><Placemark><TimeSpan><begin>2023-06-25T07:58:43Z</begin><end>2023-06-25T07:58:56Z</end></TimeSpan><styleUrl>#point</styleUrl><Point><altitudeMode>clampToGround</altitudeMode><coordinates>7.178188031539321,45.249096918851137,1746.8499999999999</coordinates></Point></Placemark><Placemark><TimeSpan><begin>2023-06-25T07:58:56Z</begin><end>2023-06-25T07:59:11Z</end></TimeSpan><styleUrl>#point</styleUrl><Point><altitudeMode>clampToGround</altitudeMode><coordinates>7.178034894168377,45.249203285202384,1748.78</coordinates></Point></Placemark><Placemark><TimeSpan><begin>2023-06-25T07:59:11Z</begin><end>2023-06-25T07:59:25Z</end></TimeSpan><styleUrl>#point</styleUrl><Point><altitudeMode>clampToGround</altitudeMode><coordinates>7.177957026287913,45.2493233140558,1750.7</coordinates></Point></Placemark><Placemark><TimeSpan><begin>2023-06-25T07:59:25Z</begin><end>2023-06-25T07:59:35Z</end></TimeSpan><styleUrl>#point</styleUrl><Point><altitudeMode>clampToGround</altitudeMode><coordinates>7.17793196439743,45.24941761046648,1752.1400000000001</coordinates></Point></Placemark><Placemark><TimeSpan><begin>2023-06-25T07:59:35Z</begin><end>2023-06-25T07:59:46Z</end></TimeSpan><styleUrl>#point</styleUrl><Point><altitudeMode>clampToGround</altitudeMode><coordinates>7.17788795940578,45.249520540237427,1754.0599999999999</coordinates></Point></Placemark><Placemark><TimeSpan><begin>2023-06-25T07:59:46Z</begin><end>2023-06-25T07:59:58Z</end></TimeSpan><styleUrl>#point</styleUrl><Point><altitudeMode>clampToGround</altitudeMode><coordinates>7.177810845896602,45.249612741172314,1755.5</coordinates></Point></Placemark><Placemark><TimeSpan><begin>2023-06-25T07:59:58Z</begin><end>2023-06-25T08:00:09Z</end></TimeSpan><styleUrl>#point</styleUrl><Point><altitudeMode>clampToGround</altitudeMode><coordinates>7.177755692973733,45.249721119180322,1756.95</coordinates></Point></Placemark><Placemark><TimeSpan><begin>2023-06-25T08:00:09Z</begin><end>2023-06-25T08:00:20Z</end></TimeSpan><styleUrl>#point</styleUrl><Point><altitudeMode>clampToGround</altitudeMode><coordinates>7.177694924175739,45.249837124720216,1758.3900000000001</coordinates></Point></Placemark><Placemark><TimeSpan><begin>2023-06-25T08:00:20Z</begin><end>2023-06-25T08:00:33Z</end></TimeSpan><styleUrl>#point</styleUrl><Point><altitudeMode>clampToGround</altitudeMode><coordinates>7.1776123624295,45.249968636780977,1759.8299999999999</coordinates></Point></Placemark><Placemark><TimeSpan><begin>2023-06-25T08:00:33Z</begin><end>2023-06-25T08:00:45Z</end></TimeSpan><styleUrl>#point</styleUrl><Point><altitudeMode>clampToGround</altitudeMode><coordinates>7.177520412951708,45.250075841322541,1760.79</coordinates></Point></Placemark><Placemark><TimeSpan><begin>2023-06-25T08:00:45Z</begin><end>2023-06-25T08:00:54Z</end></TimeSpan><styleUrl>#point</styleUrl><Point><altitudeMode>clampToGround</altitudeMode><coordinates>7.177467774599791,45.250154966488481,1762.71</coordinates></Point></Placemark><Placemark><TimeSpan><begin>2023-06-25T08:00:54Z</begin><end>2023-06-25T08:01:06Z</end></TimeSpan><styleUrl>#point</styleUrl><Point><altitudeMode>clampToGround</altitudeMode><coordinates>7.177442628890276,45.250251442193985,1764.6400000000001</coordinates></Point></Placemark><Placemark><TimeSpan><begin>2023-06-25T08:01:06Z</begin><end>2023-06-25T08:01:10Z</end></TimeSpan><styleUrl>#point</styleUrl><Point><altitudeMode>clampToGround</altitudeMode><coordinates>7.177473558112979,45.250271307304502,1765.1199999999999</coordinates></Point></Placemark><Placemark><TimeSpan><begin>2023-06-25T08:01:10Z</begin><end>2023-06-25T08:01:12Z</end></TimeSpan><styleUrl>#point</styleUrl><Point><altitudeMode>clampToGround</altitudeMode><coordinates>7.177497195079923,45.250274911522865,1765.5999999999999</coordinates></Point></Placemark><Placemark><TimeSpan><begin>2023-06-25T08:01:12Z</begin><end>2023-06-25T08:01:24Z</end></TimeSpan><styleUrl>#point</styleUrl><Point><altitudeMode>clampToGround</altitudeMode><coordinates>7.177656786516309,45.25017449632287,1767.04</coordinates></Point></Placemark><Placemark><TimeSpan><begin>2023-06-25T08:01:24Z</begin><end>2023-06-25T08:01:29Z</end></TimeSpan><styleUrl>#point</styleUrl><Point><altitudeMode>clampToGround</altitudeMode><coordinates>7.177702803164721,45.250115236267447,1768</coordinates></Point></Placemark><Placemark><TimeSpan><begin>2023-06-25T08:01:29Z</begin><end>2023-06-25T08:01:41Z</end></TimeSpan><styleUrl>#point</styleUrl><Point><altitudeMode>clampToGround</altitudeMode><coordinates>7.177807241678238,45.250001745298505,1769.4400000000001</coordinates></Point></Placemark><Placemark><TimeSpan><begin>2023-06-25T08:01:41Z</begin><end>2023-06-25T08:01:45Z</end></TimeSpan><styleUrl>#point</styleUrl><Point><altitudeMode>clampToGround</altitudeMode><coordinates>7.177846217527986,45.249962685629725,1769.4400000000001</coordinates></Point></Placemark><Placemark><TimeSpan><begin>2023-06-25T08:01:45Z</begin><end>2023-06-25T08:01:47Z</end></TimeSpan><styleUrl>#point</styleUrl><Point><altitudeMode>clampToGround</altitudeMode><coordinates>7.177867256104946,45.249944915995002,1769.4400000000001</coordinates></Point></Placemark><Placemark><TimeSpan><begin>2023-06-25T08:01:47Z</begin><end>2023-06-25T08:02:00Z</end></TimeSpan><styleUrl>#point</styleUrl><Point><altitudeMode>clampToGround</altitudeMode><coordinates>7.177992230281234,45.249836705625057,1771.8499999999999</coordinates></Point></Placemark><Placemark><TimeSpan><begin>2023-06-25T08:02:00Z</begin><end>2023-06-25T08:02:13Z</end></TimeSpan><styleUrl>#point</styleUrl><Point><altitudeMode>clampToGround</altitudeMode><coordinates>7.178112845867872,45.249751545488834,1773.77</coordinates></Point></Placemark><Placemark><TimeSpan><begin>2023-06-25T08:02:13Z</begin><end>2023-06-25T08:02:25Z</end></TimeSpan><styleUrl>#point</styleUrl><Point><altitudeMode>clampToGround</altitudeMode><coordinates>7.178227258846164,45.249655488878489,1775.21</coordinates></Point></Placemark><Placemark><TimeSpan><begin>2023-06-25T08:02:25Z</begin><end>2023-06-25T08:02:32Z</end></TimeSpan><styleUrl>#point</styleUrl><Point><altitudeMode>clampToGround</altitudeMode><coordinates>7.178297247737646,45.249591367319226,1775.6900000000001</coordinates></Point></Placemark><Placemark><TimeSpan><begin>2023-06-25T08:02:32Z</begin><end>2023-06-25T08:02:34Z</end></TimeSpan><styleUrl>#point</styleUrl><Point><altitudeMode>clampToGround</altitudeMode><coordinates>7.178322728723288,45.249578710645437,1776.1700000000001</coordinates></Point></Placemark><Placemark><TimeSpan><begin>2023-06-25T08:02:34Z</begin><end>2023-06-25T08:02:45Z</end></TimeSpan><styleUrl>#point</styleUrl><Point><altitudeMode>clampToGround</altitudeMode><coordinates>7.178426580503583,45.249477541074157,1777.6099999999999</coordinates></Point></Placemark><Placemark><TimeSpan><begin>2023-06-25T08:02:45Z</begin><end>2023-06-25T08:02:55Z</end></TimeSpan><styleUrl>#point</styleUrl><Point><altitudeMode>clampToGround</altitudeMode><coordinates>7.178541999310255,45.249412413686514,1778.5799999999999</coordinates></Point></Placemark><Placemark><TimeSpan><begin>2023-06-25T08:02:55Z</begin><end>2023-06-25T08:03:06Z</end></TimeSpan><styleUrl>#point</styleUrl><Point><altitudeMode>clampToGround</altitudeMode><coordinates>7.178672756999731,45.24933991022408,1780.02</coordinates></Point></Placemark><Placemark><TimeSpan><begin>2023-06-25T08:03:06Z</begin><end>2023-06-25T08:03:13Z</end></TimeSpan><styleUrl>#point</styleUrl><Point><altitudeMode>clampToGround</altitudeMode><coordinates>7.178754145279527,45.249308897182345,1780.98</coordinates></Point></Placemark><Placemark><TimeSpan><begin>2023-06-25T08:03:13Z</begin><end>2023-06-25T08:03:15Z</end></TimeSpan><styleUrl>#point</styleUrl><Point><altitudeMode>clampToGround</altitudeMode><coordinates>7.178781805559993,45.249301102012396,1780.98</coordinates></Point></Placemark><Placemark><TimeSpan><begin>2023-06-25T08:03:15Z</begin><end>2023-06-25T08:03:25Z</end></TimeSpan><styleUrl>#point</styleUrl><Point><altitudeMode>clampToGround</altitudeMode><coordinates>7.178907534107566,45.249239997938275,1782.4200000000001</coordinates></Point></Placemark><Placemark><TimeSpan><begin>2023-06-25T08:03:25Z</begin><end>2023-06-25T08:03:26Z</end></TimeSpan><styleUrl>#point</styleUrl><Point><altitudeMode>clampToGround</altitudeMode><coordinates>7.178921950981021,45.249232789501548,1783.3800000000001</coordinates></Point></Placemark><Placemark><TimeSpan><begin>2023-06-25T08:03:26Z</begin><end>2023-06-25T08:03:29Z</end></TimeSpan><styleUrl>#point</styleUrl><Point><altitudeMode>clampToGround</altitudeMode><coordinates>7.178956652060151,45.249210996553302,1783.3800000000001</coordinates></Point></Placemark><Placemark><TimeSpan><begin>2023-06-25T08:03:29Z</begin><end>2023-06-25T08:03:31Z</end></TimeSpan><styleUrl>#point</styleUrl><Point><altitudeMode>clampToGround</altitudeMode><coordinates>7.178977858275175,45.249203704297543,1783.3800000000001</coordinates></Point></Placemark><Placemark><TimeSpan><begin>2023-06-25T08:03:31Z</begin><end>2023-06-25T08:03:40Z</end></TimeSpan><styleUrl>#point</styleUrl><Point><altitudeMode>clampToGround</altitudeMode><coordinates>7.179078944027424,45.249136900529265,1784.3399999999999</coordinates></Point></Placemark><Placemark><TimeSpan><begin>2023-06-25T08:03:40Z</begin><end>2023-06-25T08:03:49Z</end></TimeSpan><styleUrl>#point</styleUrl><Point><altitudeMode>clampToGround</altitudeMode><coordinates>7.179203163832426,45.249088201671839,1785.79</coordinates></Point></Placemark><Placemark><TimeSpan><begin>2023-06-25T08:03:49Z</begin><end>2023-06-25T08:03:55Z</end></TimeSpan><styleUrl>#point</styleUrl><Point><altitudeMode>clampToGround</altitudeMode><coordinates>7.179293436929584,45.249065067619085,1786.27</coordinates></Point></Placemark><Placemark><TimeSpan><begin>2023-06-25T08:03:55Z</begin><end>2023-06-25T08:04:07Z</end></TimeSpan><styleUrl>#point</styleUrl><Point><altitudeMode>clampToGround</altitudeMode><coordinates>7.179478090256453,45.249025924131274,1788.1900000000001</coordinates></Point></Placemark><Placemark><TimeSpan><begin>2023-06-25T08:04:07Z</begin><end>2023-06-25T08:04:10Z</end></TimeSpan><styleUrl>#point</styleUrl><Point><altitudeMode>clampToGround</altitudeMode><coordinates>7.17952486127615,45.249020894989371,1789.1500000000001</coordinates></Point></Placemark><Placemark><TimeSpan><begin>2023-06-25T08:04:10Z</begin><end>2023-06-25T08:04:21Z</end></TimeSpan><styleUrl>#point</styleUrl><Point><altitudeMode>clampToGround</altitudeMode><coordinates>7.179692415520549,45.248993486166,1790.5899999999999</coordinates></Point></Placemark><Placemark><TimeSpan><begin>2023-06-25T08:04:21Z</begin><end>2023-06-25T08:04:32Z</end></TimeSpan><styleUrl>#point</styleUrl><Point><altitudeMode>clampToGround</altitudeMode><coordinates>7.179852509871125,45.248939171433449,1792.03</coordinates></Point></Placemark><Placemark><TimeSpan><begin>2023-06-25T08:04:32Z</begin><end>2023-06-25T08:04:44Z</end></TimeSpan><styleUrl>#point</styleUrl><Point><altitudeMode>clampToGround</altitudeMode><coordinates>7.180001707747579,45.248887119814754,1793.48</coordinates></Point></Placemark><Placemark><TimeSpan><begin>2023-06-25T08:04:44Z</begin><end>2023-06-25T08:04:56Z</end></TimeSpan><styleUrl>#point</styleUrl><Point><altitudeMode>clampToGround</altitudeMode><coordinates>7.180020650848746,45.24887865409255,1793.96</coordinates></Point></Placemark><Placemark><TimeSpan><begin>2023-06-25T08:04:56Z</begin><end>2023-06-25T08:05:11Z</end></TimeSpan><styleUrl>#point</styleUrl><Point><altitudeMode>clampToGround</altitudeMode><coordinates>7.180020315572619,45.248905057087541,1793.48</coordinates></Point></Placemark><Placemark><TimeSpan><begin>2023-06-25T08:05:11Z</begin><end>2023-06-25T08:05:31Z</end></TimeSpan><styleUrl>#point</styleUrl><Point><altitudeMode>clampToGround</altitudeMode><coordinates>7.180045796558261,45.248899944126606,1793.48</coordinates></Point></Placemark><Placemark><TimeSpan><begin>2023-06-25T08:05:31Z</begin><end>2023-06-25T08:05:41Z</end></TimeSpan><styleUrl>#point</styleUrl><Point><altitudeMode>clampToGround</altitudeMode><coordinates>7.180061722174287,45.248875971883535,1793.48</coordinates></Point></Placemark><Placemark><TimeSpan><begin>2023-06-25T08:05:41Z</begin><end>2023-06-25T08:05:51Z</end></TimeSpan><styleUrl>#point</styleUrl><Point><altitudeMode>clampToGround</altitudeMode><coordinates>7.180098351091147,45.24888938292861,1794.9200000000001</coordinates></Point></Placemark><Placemark><TimeSpan><begin>2023-06-25T08:05:51Z</begin><end>2023-06-25T08:05:59Z</end></TimeSpan><styleUrl>#point</styleUrl><Point><altitudeMode>clampToGround</altitudeMode><coordinates>7.180101620033383,45.248855771496892,1795.4000000000001</coordinates></Point></Placemark><Placemark><TimeSpan><begin>2023-06-25T08:05:59Z</begin><end>2023-06-25T08:06:16Z</end></TimeSpan><styleUrl>#point</styleUrl><Point><altitudeMode>clampToGround</altitudeMode><coordinates>7.180100781843066,45.248842863366008,1795.4000000000001</coordinates></Point></Placemark><Placemark><TimeSpan><begin>2023-06-25T08:06:16Z</begin><end>2023-06-25T08:06:36Z</end></TimeSpan><styleUrl>#point</styleUrl><Point><altitudeMode>clampToGround</altitudeMode><coordinates>7.180079575628042,45.248823836445808,1795.8800000000001</coordinates></Point></Placemark><Placemark><TimeSpan><begin>2023-06-25T08:06:36Z</begin><end>2023-06-25T08:06:48Z</end></TimeSpan><styleUrl>#point</styleUrl><Point><altitudeMode>clampToGround</altitudeMode><coordinates>7.180097009986639,45.248832553625107,1793.96</coordinates></Point></Placemark><Placemark><TimeSpan><begin>2023-06-25T08:06:48Z</begin><end>2023-06-25T08:06:50Z</end></TimeSpan><styleUrl>#point</styleUrl><Point><altitudeMode>clampToGround</altitudeMode><coordinates>7.180093238130212,45.248828027397394,1797.3199999999999</coordinates></Point></Placemark><Placemark><TimeSpan><begin>2023-06-25T08:06:50Z</begin><end>2023-06-25T08:06:53Z</end></TimeSpan><styleUrl>#point</styleUrl><Point><altitudeMode>clampToGround</altitudeMode><coordinates>7.180072870105505,45.248831380158663,1795.4000000000001</coordinates></Point></Placemark><Placemark><TimeSpan><begin>2023-06-25T08:06:53Z</begin><end>2023-06-25T08:07:09Z</end></TimeSpan><styleUrl>#point</styleUrl><Point><altitudeMode>clampToGround</altitudeMode><coordinates>7.180074211210012,45.248833894729614,1796.3599999999999</coordinates></Point></Placemark><Placemark><TimeSpan><begin>2023-06-25T08:07:09Z</begin><end>2023-06-25T08:07:22Z</end></TimeSpan><styleUrl>#point</styleUrl><Point><altitudeMode>clampToGround</altitudeMode><coordinates>7.18008091673255,45.248837666586041,1796.3599999999999</coordinates></Point></Placemark><Placemark><TimeSpan><begin>2023-06-25T08:07:22Z</begin><end>2023-06-25T08:07:40Z</end></TimeSpan><styleUrl>#point</styleUrl><Point><altitudeMode>clampToGround</altitudeMode><coordinates>7.180071109905839,45.248842528089881,1796.8399999999999</coordinates></Point></Placemark><Placemark><TimeSpan><begin>2023-06-25T08:07:40Z</begin><end>2023-06-25T08:08:00Z</end></TimeSpan><styleUrl>#point</styleUrl><Point><altitudeMode>clampToGround</altitudeMode><coordinates>7.180086364969611,45.248855939134955,1796.8399999999999</coordinates></Point></Placemark><Placemark><TimeSpan><begin>2023-06-25T08:08:00Z</begin><end>2023-06-25T08:08:14Z</end></TimeSpan><styleUrl>#point</styleUrl><Point><altitudeMode>clampToGround</altitudeMode><coordinates>7.180112516507506,45.248851915821433,1796.8399999999999</coordinates></Point></Placemark><Placemark><TimeSpan><begin>2023-06-25T08:08:14Z</begin><end>2023-06-25T08:08:24Z</end></TimeSpan><styleUrl>#point</styleUrl><Point><altitudeMode>clampToGround</altitudeMode><coordinates>7.180147217586637,45.24880288168788,1796.8399999999999</coordinates></Point></Placemark><Placemark><TimeSpan><begin>2023-06-25T08:08:24Z</begin><end>2023-06-25T08:08:39Z</end></TimeSpan><styleUrl>#point</styleUrl><Point><altitudeMode>clampToGround</altitudeMode><coordinates>7.180177560076118,45.248817382380366,1793.96</coordinates></Point></Placemark><Placemark><TimeSpan><begin>2023-06-25T08:08:39Z</begin><end>2023-06-25T08:08:40Z</end></TimeSpan><styleUrl>#point</styleUrl><Point><altitudeMode>clampToGround</altitudeMode><coordinates>7.1801767218858,45.24882048368454,1800.6900000000001</coordinates></Point></Placemark><Placemark><TimeSpan><begin>2023-06-25T08:08:40Z</begin><end>2023-06-25T08:08:41Z</end></TimeSpan><styleUrl>#point</styleUrl><Point><altitudeMode>clampToGround</altitudeMode><coordinates>7.180180996656418,45.248818388208747,1799.73</coordinates></Point></Placemark><Placemark><TimeSpan><begin>2023-06-25T08:08:41Z</begin><end>2023-06-25T08:08:50Z</end></TimeSpan><styleUrl>#point</styleUrl><Point><altitudeMode>clampToGround</altitudeMode><coordinates>7.180193401873112,45.24872669018805,1797.3199999999999</coordinates></Point></Placemark><Placemark><TimeSpan><begin>2023-06-25T08:08:50Z</begin><end>2023-06-25T08:08:52Z</end></TimeSpan><styleUrl>#point</styleUrl><Point><altitudeMode>clampToGround</altitudeMode><coordinates>7.180205304175615,45.248708250001073,1798.28</coordinates></Point></Placemark><Placemark><TimeSpan><begin>2023-06-25T08:08:52Z</begin><end>2023-06-25T08:09:05Z</end></TimeSpan><styleUrl>#point</styleUrl><Point><altitudeMode>clampToGround</altitudeMode><coordinates>7.180295661091805,45.24861772544682,1800.21</coordinates></Point></Placemark><Placemark><TimeSpan><begin>2023-06-25T08:09:05Z</begin><end>2023-06-25T08:09:07Z</end></TimeSpan><styleUrl>#point</styleUrl><Point><altitudeMode>clampToGround</altitudeMode><coordinates>7.180314604192972,45.248604062944651,1800.21</coordinates></Point></Placemark><Placemark><TimeSpan><begin>2023-06-25T08:09:07Z</begin><end>2023-06-25T08:09:17Z</end></TimeSpan><styleUrl>#point</styleUrl><Point><altitudeMode>clampToGround</altitudeMode><coordinates>7.180409152060747,45.248557459563017,1801.1700000000001</coordinates></Point></Placemark><Placemark><TimeSpan><begin>2023-06-25T08:09:17Z</begin><end>2023-06-25T08:09:32Z</end></TimeSpan><styleUrl>#point</styleUrl><Point><altitudeMode>clampToGround</altitudeMode><coordinates>7.180609563365579,45.2484598942101,1803.5699999999999</coordinates></Point></Placemark><Placemark><TimeSpan><begin>2023-06-25T08:09:32Z</begin><end>2023-06-25T08:09:43Z</end></TimeSpan><styleUrl>#point</styleUrl><Point><altitudeMode>clampToGround</altitudeMode><coordinates>7.180714337155223,45.248366016894579,1804.53</coordinates></Point></Placemark><Placemark><TimeSpan><begin>2023-06-25T08:09:43Z</begin><end>2023-06-25T08:09:54Z</end></TimeSpan><styleUrl>#point</styleUrl><Point><altitudeMode>clampToGround</altitudeMode><coordinates>7.1808554045856,45.248312875628471,1805.97</coordinates></Point></Placemark><Placemark><TimeSpan><begin>2023-06-25T08:09:54Z</begin><end>2023-06-25T08:10:07Z</end></TimeSpan><styleUrl>#point</styleUrl><Point><altitudeMode>clampToGround</altitudeMode><coordinates>7.181034861132503,45.248251017183065,1807.9000000000001</coordinates></Point></Placemark><Placemark><TimeSpan><begin>2023-06-25T08:10:07Z</begin><end>2023-06-25T08:10:20Z</end></TimeSpan><styleUrl>#point</styleUrl><Point><altitudeMode>clampToGround</altitudeMode><coordinates>7.181232087314129,45.248202066868544,1809.3399999999999</coordinates></Point></Placemark><Placemark><TimeSpan><begin>2023-06-25T08:10:20Z</begin><end>2023-06-25T08:10:28Z</end></TimeSpan><styleUrl>#point</styleUrl><Point><altitudeMode>clampToGround</altitudeMode><coordinates>7.181354630738497,45.248174406588078,1810.78</coordinates></Point></Placemark><Placemark><TimeSpan><begin>2023-06-25T08:10:28Z</begin><end>2023-06-25T08:10:34Z</end></TimeSpan><styleUrl>#point</styleUrl><Point><altitudeMode>clampToGround</altitudeMode><coordinates>7.181452950462699,45.248153284192085,1811.74</coordinates></Point></Placemark><Placemark><TimeSpan><begin>2023-06-25T08:10:34Z</begin><end>2023-06-25T08:10:37Z</end></TimeSpan><styleUrl>#point</styleUrl><Point><altitudeMode>clampToGround</altitudeMode><coordinates>7.181488070636988,45.248137777671218,1811.74</coordinates></Point></Placemark><Placemark><TimeSpan><begin>2023-06-25T08:10:37Z</begin><end>2023-06-25T08:10:41Z</end></TimeSpan><styleUrl>#point</styleUrl><Point><altitudeMode>clampToGround</altitudeMode><coordinates>7.18154976144433,45.248139034956694,1812.22</coordinates></Point></Placemark><Placemark><TimeSpan><begin>2023-06-25T08:10:41Z</begin><end>2023-06-25T08:10:47Z</end></TimeSpan><styleUrl>#point</styleUrl><Point><altitudeMode>clampToGround</altitudeMode><coordinates>7.181647829711437,45.248132580891252,1813.1800000000001</coordinates></Point></Placemark><Placemark><TimeSpan><begin>2023-06-25T08:10:47Z</begin><end>2023-06-25T08:10:57Z</end></TimeSpan><styleUrl>#point</styleUrl><Point><altitudeMode>clampToGround</altitudeMode><coordinates>7.181788058951497,45.248162671923637,1814.6300000000001</coordinates></Point></Placemark><Placemark><TimeSpan><begin>2023-06-25T08:10:57Z</begin><end>2023-06-25T08:11:08Z</end></TimeSpan><styleUrl>#point</styleUrl><Point><altitudeMode>clampToGround</altitudeMode><coordinates>7.181959552690387,45.248188991099596,1815.5899999999999</coordinates></Point></Placemark><Placemark><TimeSpan><begin>2023-06-25T08:11:08Z</begin><end>2023-06-25T08:11:19Z</end></TimeSpan><styleUrl>#point</styleUrl><Point><altitudeMode>clampToGround</altitudeMode><coordinates>7.182130878791213,45.248215645551682,1817.03</coordinates></Point></Placemark><Placemark><TimeSpan><begin>2023-06-25T08:11:19Z</begin><end>2023-06-25T08:11:32Z</end></TimeSpan><styleUrl>#point</styleUrl><Point><altitudeMode>clampToGround</altitudeMode><coordinates>7.182325841858983,45.248240288347006,1818.95</coordinates></Point></Placemark><Placemark><TimeSpan><begin>2023-06-25T08:11:32Z</begin><end>2023-06-25T08:11:47Z</end></TimeSpan><styleUrl>#point</styleUrl><Point><altitudeMode>clampToGround</altitudeMode><coordinates>7.182569922879338,45.248251520097256,1819.9100000000001</coordinates></Point></Placemark><Placemark><TimeSpan><begin>2023-06-25T08:11:47Z</begin><end>2023-06-25T08:11:48Z</end></TimeSpan><styleUrl>#point</styleUrl><Point><altitudeMode>clampToGround</altitudeMode><coordinates>7.182580986991525,45.248252023011446,1820.8699999999999</coordinates></Point></Placemark><Placemark><TimeSpan><begin>2023-06-25T08:11:48Z</begin><end>2023-06-25T08:12:01Z</end></TimeSpan><styleUrl>#point</styleUrl><Point><altitudeMode>clampToGround</altitudeMode><coordinates>7.182791121304035,45.24826543405652,1822.3199999999999</coordinates></Point></Placemark><Placemark><TimeSpan><begin>2023-06-25T08:12:01Z</begin><end>2023-06-25T08:12:12Z</end></TimeSpan><styleUrl>#point</styleUrl><Point><altitudeMode>clampToGround</altitudeMode><coordinates>7.182951718568802,45.248240539804101,1823.28</coordinates></Point></Placemark><Placemark><TimeSpan><begin>2023-06-25T08:12:12Z</begin><end>2023-06-25T08:12:18Z</end></TimeSpan><styleUrl>#point</styleUrl><Point><altitudeMode>clampToGround</altitudeMode><coordinates>7.183036878705025,45.24821606464684,1824.24</coordinates></Point></Placemark><Placemark><TimeSpan><begin>2023-06-25T08:12:18Z</begin><end>2023-06-25T08:12:29Z</end></TimeSpan><styleUrl>#point</styleUrl><Point><altitudeMode>clampToGround</altitudeMode><coordinates>7.183216167613864,45.248167114332318,1826.1600000000001</coordinates></Point></Placemark><Placemark><TimeSpan><begin>2023-06-25T08:12:29Z</begin><end>2023-06-25T08:12:41Z</end></TimeSpan><styleUrl>#point</styleUrl><Point><altitudeMode>clampToGround</altitudeMode><coordinates>7.18340995721519,45.248161079362035,1827.5999999999999</coordinates></Point></Placemark><Placemark><TimeSpan><begin>2023-06-25T08:12:41Z</begin><end>2023-06-25T08:12:53Z</end></TimeSpan><styleUrl>#point</styleUrl><Point><altitudeMode>clampToGround</altitudeMode><coordinates>7.18362201936543,45.248175580054522,1829.05</coordinates></Point></Placemark><Placemark><TimeSpan><begin>2023-06-25T08:12:53Z</begin><end>2023-06-25T08:13:02Z</end></TimeSpan><styleUrl>#point</styleUrl><Point><altitudeMode>clampToGround</altitudeMode><coordinates>7.183776330202818,45.248164432123303,1830.49</coordinates></Point></Placemark><Placemark><TimeSpan><begin>2023-06-25T08:13:02Z</begin><end>2023-06-25T08:13:06Z</end></TimeSpan><styleUrl>#point</styleUrl><Point><altitudeMode>clampToGround</altitudeMode><coordinates>7.183836176991463,45.248150182887912,1830.97</coordinates></Point></Placemark><Placemark><TimeSpan><begin>2023-06-25T08:13:06Z</begin><end>2023-06-25T08:13:18Z</end></TimeSpan><styleUrl>#point</styleUrl><Point><altitudeMode>clampToGround</altitudeMode><coordinates>7.184019153937697,45.248133838176727,1832.4100000000001</coordinates></Point></Placemark><Placemark><TimeSpan><begin>2023-06-25T08:13:18Z</begin><end>2023-06-25T08:13:29Z</end></TimeSpan><styleUrl>#point</styleUrl><Point><altitudeMode>clampToGround</altitudeMode><coordinates>7.184176817536354,45.248091425746679,1833.8499999999999</coordinates></Point></Placemark><Placemark><TimeSpan><begin>2023-06-25T08:13:29Z</begin><end>2023-06-25T08:13:37Z</end></TimeSpan><styleUrl>#point</styleUrl><Point><altitudeMode>clampToGround</altitudeMode><coordinates>7.184294918552041,45.248056976124644,1834.8099999999999</coordinates></Point></Placemark><Placemark><TimeSpan><begin>2023-06-25T08:13:37Z</begin><end>2023-06-25T08:13:47Z</end></TimeSpan><styleUrl>#point</styleUrl><Point><altitudeMode>clampToGround</altitudeMode><coordinates>7.18444193713367,45.248002829030156,1836.26</coordinates></Point></Placemark><Placemark><TimeSpan><begin>2023-06-25T08:13:47Z</begin><end>2023-06-25T08:13:57Z</end></TimeSpan><styleUrl>#point</styleUrl><Point><altitudeMode>clampToGround</altitudeMode><coordinates>7.184585016220808,45.24794390425086,1837.7</coordinates></Point></Placemark><Placemark><TimeSpan><begin>2023-06-25T08:13:57Z</begin><end>2023-06-25T08:14:05Z</end></TimeSpan><styleUrl>#point</styleUrl><Point><altitudeMode>clampToGround</altitudeMode><coordinates>7.184710074216127,45.247924374416471,1838.6600000000001</coordinates></Point></Placemark><Placemark><TimeSpan><begin>2023-06-25T08:14:05Z</begin><end>2023-06-25T08:14:13Z</end></TimeSpan><styleUrl>#point</styleUrl><Point><altitudeMode>clampToGround</altitudeMode><coordinates>7.184857428073883,45.247928313910961,1839.6199999999999</coordinates></Point></Placemark><Placemark><TimeSpan><begin>2023-06-25T08:14:13Z</begin><end>2023-06-25T08:14:24Z</end></TimeSpan><styleUrl>#point</styleUrl><Point><altitudeMode>clampToGround</altitudeMode><coordinates>7.184938481077552,45.248013809323311,1841.0599999999999</coordinates></Point></Placemark><Placemark><TimeSpan><begin>2023-06-25T08:14:24Z</begin><end>2023-06-25T08:14:30Z</end></TimeSpan><styleUrl>#point</styleUrl><Point><altitudeMode>clampToGround</altitudeMode><coordinates>7.184952981770039,45.248083965852857,1841.54</coordinates></Point></Placemark><Placemark><TimeSpan><begin>2023-06-25T08:14:30Z</begin><end>2023-06-25T08:14:44Z</end></TimeSpan><styleUrl>#point</styleUrl><Point><altitudeMode>clampToGround</altitudeMode><coordinates>7.184837814420462,45.248253112658858,1843.95</coordinates></Point></Placemark><Placemark><TimeSpan><begin>2023-06-25T08:14:44Z</begin><end>2023-06-25T08:14:51Z</end></TimeSpan><styleUrl>#point</styleUrl><Point><altitudeMode>clampToGround</altitudeMode><coordinates>7.184749552980065,45.24833089672029,1844.4300000000001</coordinates></Point></Placemark><Placemark><TimeSpan><begin>2023-06-25T08:14:51Z</begin><end>2023-06-25T08:15:03Z</end></TimeSpan><styleUrl>#point</styleUrl><Point><altitudeMode>clampToGround</altitudeMode><coordinates>7.184613011777401,45.248441537842155,1845.8699999999999</coordinates></Point></Placemark><Placemark><TimeSpan><begin>2023-06-25T08:15:03Z</begin><end>2023-06-25T08:15:15Z</end></TimeSpan><styleUrl>#point</styleUrl><Point><altitudeMode>clampToGround</altitudeMode><coordinates>7.184474710375071,45.24853466078639,1847.3099999999999</coordinates></Point></Placemark><Placemark><TimeSpan><begin>2023-06-25T08:15:15Z</begin><end>2023-06-25T08:15:26Z</end></TimeSpan><styleUrl>#point</styleUrl><Point><altitudeMode>clampToGround</altitudeMode><coordinates>7.184360800310969,45.248621916398406,1848.75</coordinates></Point></Placemark><Placemark><TimeSpan><begin>2023-06-25T08:15:26Z</begin><end>2023-06-25T08:15:38Z</end></TimeSpan><styleUrl>#point</styleUrl><Point><altitudeMode>clampToGround</altitudeMode><coordinates>7.184225600212812,45.248712692409754,1850.1900000000001</coordinates></Point></Placemark><Placemark><TimeSpan><begin>2023-06-25T08:15:38Z</begin><end>2023-06-25T08:15:43Z</end></TimeSpan><styleUrl>#point</styleUrl><Point><altitudeMode>clampToGround</altitudeMode><coordinates>7.184172458946705,45.248730881139636,1850.1900000000001</coordinates></Point></Placemark><Placemark><TimeSpan><begin>2023-06-25T08:15:43Z</begin><end>2023-06-25T08:15:46Z</end></TimeSpan><styleUrl>#point</styleUrl><Point><altitudeMode>clampToGround</altitudeMode><coordinates>7.184142200276256,45.24874571710825,1850.6800000000001</coordinates></Point></Placemark><Placemark><TimeSpan><begin>2023-06-25T08:15:46Z</begin><end>2023-06-25T08:15:58Z</end></TimeSpan><styleUrl>#point</styleUrl><Point><altitudeMode>clampToGround</altitudeMode><coordinates>7.183959390968084,45.24880631826818,1851.6400000000001</coordinates></Point></Placemark><Placemark><TimeSpan><begin>2023-06-25T08:15:58Z</begin><end>2023-06-25T08:16:10Z</end></TimeSpan><styleUrl>#point</styleUrl><Point><altitudeMode>clampToGround</altitudeMode><coordinates>7.183757470920682,45.248849736526608,1853.5599999999999</coordinates></Point></Placemark><Placemark><TimeSpan><begin>2023-06-25T08:16:10Z</begin><end>2023-06-25T08:16:19Z</end></TimeSpan><styleUrl>#point</styleUrl><Point><altitudeMode>clampToGround</altitudeMode><coordinates>7.183650936931372,45.248866500332952,1854.04</coordinates></Point></Placemark><Placemark><TimeSpan><begin>2023-06-25T08:16:19Z</begin><end>2023-06-25T08:16:29Z</end></TimeSpan><styleUrl>#point</styleUrl><Point><altitudeMode>clampToGround</altitudeMode><coordinates>7.183484053239226,45.248881923034787,1855.48</coordinates></Point></Placemark><Placemark><TimeSpan><begin>2023-06-25T08:16:29Z</begin><end>2023-06-25T08:16:30Z</end></TimeSpan><styleUrl>#point</styleUrl><Point><altitudeMode>clampToGround</altitudeMode><coordinates>7.183470390737057,45.248884269967675,1855.48</coordinates></Point></Placemark><Placemark><TimeSpan><begin>2023-06-25T08:16:30Z</begin><end>2023-06-25T08:16:41Z</end></TimeSpan><styleUrl>#point</styleUrl><Point><altitudeMode>clampToGround</altitudeMode><coordinates>7.183321611955762,45.2489348128438,1856.9200000000001</coordinates></Point></Placemark><Placemark><TimeSpan><begin>2023-06-25T08:16:41Z</begin><end>2023-06-25T08:16:49Z</end></TimeSpan><styleUrl>#point</styleUrl><Point><altitudeMode>clampToGround</altitudeMode><coordinates>7.183208456262946,45.248952247202396,1857.8900000000001</coordinates></Point></Placemark><Placemark><TimeSpan><begin>2023-06-25T08:16:49Z</begin><end>2023-06-25T08:16:59Z</end></TimeSpan><styleUrl>#point</styleUrl><Point><altitudeMode>clampToGround</altitudeMode><coordinates>7.183074597269297,45.248974375426769,1858.8499999999999</coordinates></Point></Placemark><Placemark><TimeSpan><begin>2023-06-25T08:16:59Z</begin><end>2023-06-25T08:17:01Z</end></TimeSpan><styleUrl>#point</styleUrl><Point><altitudeMode>clampToGround</altitudeMode><coordinates>7.183043668046594,45.248973872512579,1859.3299999999999</coordinates></Point></Placemark><Placemark><TimeSpan><begin>2023-06-25T08:17:01Z</begin><end>2023-06-25T08:17:07Z</end></TimeSpan><styleUrl>#point</styleUrl><Point><altitudeMode>clampToGround</altitudeMode><coordinates>7.182955406606197,45.248987954109907,1859.8099999999999</coordinates></Point></Placemark><Placemark><TimeSpan><begin>2023-06-25T08:17:07Z</begin><end>2023-06-25T08:17:16Z</end></TimeSpan><styleUrl>#point</styleUrl><Point><altitudeMode>clampToGround</altitudeMode><coordinates>7.182844849303365,45.249008741229773,1860.77</coordinates></Point></Placemark><Placemark><TimeSpan><begin>2023-06-25T08:17:16Z</begin><end>2023-06-25T08:17:28Z</end></TimeSpan><styleUrl>#point</styleUrl><Point><altitudeMode>clampToGround</altitudeMode><coordinates>7.182657178491354,45.249027935788035,1862.21</coordinates></Point></Placemark><Placemark><TimeSpan><begin>2023-06-25T08:17:28Z</begin><end>2023-06-25T08:17:40Z</end></TimeSpan><styleUrl>#point</styleUrl><Point><altitudeMode>clampToGround</altitudeMode><coordinates>7.182467579841614,45.249054590240121,1863.6500000000001</coordinates></Point></Placemark><Placemark><TimeSpan><begin>2023-06-25T08:17:40Z</begin><end>2023-06-25T08:17:41Z</end></TimeSpan><styleUrl>#point</styleUrl><Point><altitudeMode>clampToGround</altitudeMode><coordinates>7.182453917339444,45.249057104811072,1863.6500000000001</coordinates></Point></Placemark><Placemark><TimeSpan><begin>2023-06-25T08:17:41Z</begin><end>2023-06-25T08:17:43Z</end></TimeSpan><styleUrl>#point</styleUrl><Point><altitudeMode>clampToGround</altitudeMode><coordinates>7.182432543486357,45.249060709029436,1863.6500000000001</coordinates></Point></Placemark><Placemark><TimeSpan><begin>2023-06-25T08:17:43Z</begin><end>2023-06-25T08:17:55Z</end></TimeSpan><styleUrl>#point</styleUrl><Point><altitudeMode>clampToGround</altitudeMode><coordinates>7.182251662015915,45.249083423987031,1865.0899999999999</coordinates></Point></Placemark><Placemark><TimeSpan><begin>2023-06-25T08:17:55Z</begin><end>2023-06-25T08:18:06Z</end></TimeSpan><styleUrl>#point</styleUrl><Point><altitudeMode>clampToGround</altitudeMode><coordinates>7.182104224339128,45.249135307967663,1867.02</coordinates></Point></Placemark><Placemark><TimeSpan><begin>2023-06-25T08:18:06Z</begin><end>2023-06-25T08:18:10Z</end></TimeSpan><styleUrl>#point</styleUrl><Point><altitudeMode>clampToGround</altitudeMode><coordinates>7.18204278498888,45.249155256897211,1867.02</coordinates></Point></Placemark><Placemark><TimeSpan><begin>2023-06-25T08:18:10Z</begin><end>2023-06-25T08:18:22Z</end></TimeSpan><styleUrl>#point</styleUrl><Point><altitudeMode>clampToGround</altitudeMode><coordinates>7.181869950145483,45.249203871935606,1868.9400000000001</coordinates></Point></Placemark><Placemark><TimeSpan><begin>2023-06-25T08:18:22Z</begin><end>2023-06-25T08:18:23Z</end></TimeSpan><styleUrl>#point</styleUrl><Point><altitudeMode>clampToGround</altitudeMode><coordinates>7.181853773072362,45.249208230525255,1868.9400000000001</coordinates></Point></Placemark><Placemark><TimeSpan><begin>2023-06-25T08:18:23Z</begin><end>2023-06-25T08:18:31Z</end></TimeSpan><styleUrl>#point</styleUrl><Point><altitudeMode>clampToGround</altitudeMode><coordinates>7.181722596287727,45.249237399548292,1869.4200000000001</coordinates></Point></Placemark><Placemark><TimeSpan><begin>2023-06-25T08:18:31Z</begin><end>2023-06-25T08:18:43Z</end></TimeSpan><styleUrl>#point</styleUrl><Point><altitudeMode>clampToGround</altitudeMode><coordinates>7.181595023721457,45.249343849718571,1871.3399999999999</coordinates></Point></Placemark><Placemark><TimeSpan><begin>2023-06-25T08:18:43Z</begin><end>2023-06-25T08:18:49Z</end></TimeSpan><styleUrl>#point</styleUrl><Point><altitudeMode>clampToGround</altitudeMode><coordinates>7.181590162217617,45.249396739527583,1871.8199999999999</coordinates></Point></Placemark><Placemark><TimeSpan><begin>2023-06-25T08:18:49Z</begin><end>2023-06-25T08:18:55Z</end></TimeSpan><styleUrl>#point</styleUrl><Point><altitudeMode>clampToGround</altitudeMode><coordinates>7.18164355494082,45.249426662921906,1872.79</coordinates></Point></Placemark><Placemark><TimeSpan><begin>2023-06-25T08:18:55Z</begin><end>2023-06-25T08:19:02Z</end></TimeSpan><styleUrl>#point</styleUrl><Point><altitudeMode>clampToGround</altitudeMode><coordinates>7.181760314851999,45.249430937692523,1873.75</coordinates></Point></Placemark><Placemark><TimeSpan><begin>2023-06-25T08:19:02Z</begin><end>2023-06-25T08:19:12Z</end></TimeSpan><styleUrl>#point</styleUrl><Point><altitudeMode>clampToGround</altitudeMode><coordinates>7.181921331211925,45.24940780363977,1874.71</coordinates></Point></Placemark><Placemark><TimeSpan><begin>2023-06-25T08:19:12Z</begin><end>2023-06-25T08:19:20Z</end></TimeSpan><styleUrl>#point</styleUrl><Point><altitudeMode>clampToGround</altitudeMode><coordinates>7.182045383378863,45.249392716214061,1875.6700000000001</coordinates></Point></Placemark><Placemark><TimeSpan><begin>2023-06-25T08:19:20Z</begin><end>2023-06-25T08:19:26Z</end></TimeSpan><styleUrl>#point</styleUrl><Point><altitudeMode>clampToGround</altitudeMode><coordinates>7.182133812457323,45.249377880245447,1876.6300000000001</coordinates></Point></Placemark><Placemark><TimeSpan><begin>2023-06-25T08:19:26Z</begin><end>2023-06-25T08:19:40Z</end></TimeSpan><styleUrl>#point</styleUrl><Point><altitudeMode>clampToGround</altitudeMode><coordinates>7.182350317016244,45.249355500563979,1878.55</coordinates></Point></Placemark><Placemark><TimeSpan><begin>2023-06-25T08:19:40Z</begin><end>2023-06-25T08:19:51Z</end></TimeSpan><styleUrl>#point</styleUrl><Point><altitudeMode>clampToGround</altitudeMode><coordinates>7.182530695572496,45.249346951022744,1880</coordinates></Point></Placemark><Placemark><TimeSpan><begin>2023-06-25T08:19:51Z</begin><end>2023-06-25T08:19:55Z</end></TimeSpan><styleUrl>#point</styleUrl><Point><altitudeMode>clampToGround</altitudeMode><coordinates>7.182596661150456,45.249337311834097,1880</coordinates></Point></Placemark><Placemark><TimeSpan><begin>2023-06-25T08:19:55Z</begin><end>2023-06-25T08:20:04Z</end></TimeSpan><styleUrl>#point</styleUrl><Point><altitudeMode>clampToGround</altitudeMode><coordinates>7.182688107714057,45.249343933537602,1881.9200000000001</coordinates></Point></Placemark><Placemark><TimeSpan><begin>2023-06-25T08:20:04Z</begin><end>2023-06-25T08:20:14Z</end></TimeSpan><styleUrl>#point</styleUrl><Point><altitudeMode>clampToGround</altitudeMode><coordinates>7.182704117149115,45.24933991022408,1881.9200000000001</coordinates></Point></Placemark><Placemark><TimeSpan><begin>2023-06-25T08:20:14Z</begin><end>2023-06-25T08:20:18Z</end></TimeSpan><styleUrl>#point</styleUrl><Point><altitudeMode>clampToGround</altitudeMode><coordinates>7.182746361941099,45.24934284389019,1881.9200000000001</coordinates></Point></Placemark><Placemark><TimeSpan><begin>2023-06-25T08:20:18Z</begin><end>2023-06-25T08:20:25Z</end></TimeSpan><styleUrl>#point</styleUrl><Point><altitudeMode>clampToGround</altitudeMode><coordinates>7.182866809889674,45.249336725100875,1882.8800000000001</coordinates></Point></Placemark><Placemark><TimeSpan><begin>2023-06-25T08:20:25Z</begin><end>2023-06-25T08:20:39Z</end></TimeSpan><styleUrl>#point</styleUrl><Point><altitudeMode>clampToGround</altitudeMode><coordinates>7.18308893032372,45.249330773949623,1884.3199999999999</coordinates></Point></Placemark><Placemark><TimeSpan><begin>2023-06-25T08:20:39Z</begin><end>2023-06-25T08:20:49Z</end></TimeSpan><styleUrl>#point</styleUrl><Point><altitudeMode>clampToGround</altitudeMode><coordinates>7.183255478739739,45.249331695958972,1885.28</coordinates></Point></Placemark><Placemark><TimeSpan><begin>2023-06-25T08:20:49Z</begin><end>2023-06-25T08:21:02Z</end></TimeSpan><styleUrl>#point</styleUrl><Point><altitudeMode>clampToGround</altitudeMode><coordinates>7.183474916964769,45.249344184994698,1887.21</coordinates></Point></Placemark><Placemark><TimeSpan><begin>2023-06-25T08:21:02Z</begin><end>2023-06-25T08:21:13Z</end></TimeSpan><styleUrl>#point</styleUrl><Point><altitudeMode>clampToGround</altitudeMode><coordinates>7.183668622747064,45.249349381774664,1888.6500000000001</coordinates></Point></Placemark><Placemark><TimeSpan><begin>2023-06-25T08:21:13Z</begin><end>2023-06-25T08:21:19Z</end></TimeSpan><styleUrl>#point</styleUrl><Point><altitudeMode>clampToGround</altitudeMode><coordinates>7.183761494234204,45.249388860538602,1889.6099999999999</coordinates></Point></Placemark><Placemark><TimeSpan><begin>2023-06-25T08:21:19Z</begin><end>2023-06-25T08:21:22Z</end></TimeSpan><styleUrl>#point</styleUrl><Point><altitudeMode>clampToGround</altitudeMode><coordinates>7.183770714327693,45.249418448656797,1889.6099999999999</coordinates></Point></Placemark><Placemark><TimeSpan><begin>2023-06-25T08:21:22Z</begin><end>2023-06-25T08:21:24Z</end></TimeSpan><styleUrl>#point</styleUrl><Point><altitudeMode>clampToGround</altitudeMode><coordinates>7.183764344081283,45.249440241605043,1889.6099999999999</coordinates></Point></Placemark><Placemark><TimeSpan><begin>2023-06-25T08:21:24Z</begin><end>2023-06-25T08:21:29Z</end></TimeSpan><styleUrl>#point</styleUrl><Point><altitudeMode>clampToGround</altitudeMode><coordinates>7.183717237785459,45.249488689005375,1891.05</coordinates></Point></Placemark><Placemark><TimeSpan><begin>2023-06-25T08:21:29Z</begin><end>2023-06-25T08:21:36Z</end></TimeSpan><styleUrl>#point</styleUrl><Point><altitudeMode>clampToGround</altitudeMode><coordinates>7.183605087921023,45.249539650976658,1892.01</coordinates></Point></Placemark><Placemark><TimeSpan><begin>2023-06-25T08:21:36Z</begin><end>2023-06-25T08:21:47Z</end></TimeSpan><styleUrl>#point</styleUrl><Point><altitudeMode>clampToGround</altitudeMode><coordinates>7.183421775698662,45.249546356499195,1893.45</coordinates></Point></Placemark><Placemark><TimeSpan><begin>2023-06-25T08:21:47Z</begin><end>2023-06-25T08:21:57Z</end></TimeSpan><styleUrl>#point</styleUrl><Point><altitudeMode>clampToGround</altitudeMode><coordinates>7.183375423774123,45.249551720917225,1893.45</coordinates></Point></Placemark><Placemark><TimeSpan><begin>2023-06-25T08:21:57Z</begin><end>2023-06-25T08:22:13Z</end></TimeSpan><styleUrl>#point</styleUrl><Point><altitudeMode>clampToGround</altitudeMode><coordinates>7.183371400460601,45.249557169154286,1893.9300000000001</coordinates></Point></Placemark><Placemark><TimeSpan><begin>2023-06-25T08:22:13Z</begin><end>2023-06-25T08:22:26Z</end></TimeSpan><styleUrl>#point</styleUrl><Point><altitudeMode>clampToGround</altitudeMode><coordinates>7.183372573927045,45.249543422833085,1894.4200000000001</coordinates></Point></Placemark><Placemark><TimeSpan><begin>2023-06-25T08:22:26Z</begin><end>2023-06-25T08:22:48Z</end></TimeSpan><styleUrl>#point</styleUrl><Point><altitudeMode>clampToGround</altitudeMode><coordinates>7.183374334126711,45.249556414783001,1894.4200000000001</coordinates></Point></Placemark><Placemark><TimeSpan><begin>2023-06-25T08:22:48Z</begin><end>2023-06-25T08:23:10Z</end></TimeSpan><styleUrl>#point</styleUrl><Point><altitudeMode>clampToGround</altitudeMode><coordinates>7.183356983587146,45.249539567157626,1894.4200000000001</coordinates></Point></Placemark><Placemark><TimeSpan><begin>2023-06-25T08:23:10Z</begin><end>2023-06-25T08:23:28Z</end></TimeSpan><styleUrl>#point</styleUrl><Point><altitudeMode>clampToGround</altitudeMode><coordinates>7.183324210345745,45.249516768381,1894.4200000000001</coordinates></Point></Placemark><Placemark><TimeSpan><begin>2023-06-25T08:23:28Z</begin><end>2023-06-25T08:23:41Z</end></TimeSpan><styleUrl>#point</styleUrl><Point><altitudeMode>clampToGround</altitudeMode><coordinates>7.183343656361103,45.249532191082835,1894.4200000000001</coordinates></Point></Placemark><Placemark><TimeSpan><begin>2023-06-25T08:23:41Z</begin><end>2023-06-25T08:23:45Z</end></TimeSpan><styleUrl>#point</styleUrl><Point><altitudeMode>clampToGround</altitudeMode><coordinates>7.183320606127381,45.249545183032751,1894.4200000000001</coordinates></Point></Placemark><Placemark><TimeSpan><begin>2023-06-25T08:23:45Z</begin><end>2023-06-25T08:23:57Z</end></TimeSpan><styleUrl>#point</styleUrl><Point><altitudeMode>clampToGround</altitudeMode><coordinates>7.183158500120044,45.249603604897857,1895.8599999999999</coordinates></Point></Placemark><Placemark><TimeSpan><begin>2023-06-25T08:23:57Z</begin><end>2023-06-25T08:24:07Z</end></TimeSpan><styleUrl>#point</styleUrl><Point><altitudeMode>clampToGround</altitudeMode><coordinates>7.183039980009198,45.249639814719558,1897.3</coordinates></Point></Placemark><Placemark><TimeSpan><begin>2023-06-25T08:24:07Z</begin><end>2023-06-25T08:24:11Z</end></TimeSpan><styleUrl>#point</styleUrl><Point><altitudeMode>clampToGround</altitudeMode><coordinates>7.182970326393843,45.249653309583664,1898.26</coordinates></Point></Placemark><Placemark><TimeSpan><begin>2023-06-25T08:24:11Z</begin><end>2023-06-25T08:24:14Z</end></TimeSpan><styleUrl>#point</styleUrl><Point><altitudeMode>clampToGround</altitudeMode><coordinates>7.18291936442256,45.24965850636363,1898.26</coordinates></Point></Placemark><Placemark><TimeSpan><begin>2023-06-25T08:24:14Z</begin><end>2023-06-25T08:24:28Z</end></TimeSpan><styleUrl>#point</styleUrl><Point><altitudeMode>clampToGround</altitudeMode><coordinates>7.182696405798197,45.249696560204029,1899.7</coordinates></Point></Placemark><Placemark><TimeSpan><begin>2023-06-25T08:24:28Z</begin><end>2023-06-25T08:24:35Z</end></TimeSpan><styleUrl>#point</styleUrl><Point><altitudeMode>clampToGround</altitudeMode><coordinates>7.182596325874329,45.249721370637417,1901.1400000000001</coordinates></Point></Placemark><Placemark><TimeSpan><begin>2023-06-25T08:24:35Z</begin><end>2023-06-25T08:24:47Z</end></TimeSpan><styleUrl>#point</styleUrl><Point><altitudeMode>clampToGround</altitudeMode><coordinates>7.182430615648627,45.249757077544928,1903.0699999999999</coordinates></Point></Placemark><Placemark><TimeSpan><begin>2023-06-25T08:24:47Z</begin><end>2023-06-25T08:24:57Z</end></TimeSpan><styleUrl>#point</styleUrl><Point><altitudeMode>clampToGround</altitudeMode><coordinates>7.182277478277683,45.249803848564625,1904.03</coordinates></Point></Placemark><Placemark><TimeSpan><begin>2023-06-25T08:24:57Z</begin><end>2023-06-25T08:25:08Z</end></TimeSpan><styleUrl>#point</styleUrl><Point><altitudeMode>clampToGround</altitudeMode><coordinates>7.182133896276355,45.249869646504521,1905.95</coordinates></Point></Placemark><Placemark><TimeSpan><begin>2023-06-25T08:25:08Z</begin><end>2023-06-25T08:25:15Z</end></TimeSpan><styleUrl>#point</styleUrl><Point><altitudeMode>clampToGround</altitudeMode><coordinates>7.182027194648981,45.249914992600679,1906.4300000000001</coordinates></Point></Placemark><Placemark><TimeSpan><begin>2023-06-25T08:25:15Z</begin><end>2023-06-25T08:25:20Z</end></TimeSpan><styleUrl>#point</styleUrl><Point><altitudeMode>clampToGround</altitudeMode><coordinates>7.181962737813592,45.249946005642414,1906.9100000000001</coordinates></Point></Placemark><Placemark><TimeSpan><begin>2023-06-25T08:25:20Z</begin><end>2023-06-25T08:25:24Z</end></TimeSpan><styleUrl>#point</styleUrl><Point><altitudeMode>clampToGround</altitudeMode><coordinates>7.181926360353828,45.249981880187988,1907.3900000000001</coordinates></Point></Placemark><Placemark><TimeSpan><begin>2023-06-25T08:25:24Z</begin><end>2023-06-25T08:25:32Z</end></TimeSpan><styleUrl>#point</styleUrl><Point><altitudeMode>clampToGround</altitudeMode><coordinates>7.181851593777537,45.250054635107517,1908.8299999999999</coordinates></Point></Placemark><Placemark><TimeSpan><begin>2023-06-25T08:25:32Z</begin><end>2023-06-25T08:25:45Z</end></TimeSpan><styleUrl>#point</styleUrl><Point><altitudeMode>clampToGround</altitudeMode><coordinates>7.181809432804585,45.250217160210013,1910.28</coordinates></Point></Placemark><Placemark><TimeSpan><begin>2023-06-25T08:25:45Z</begin><end>2023-06-25T08:25:53Z</end></TimeSpan><styleUrl>#point</styleUrl><Point><altitudeMode>clampToGround</altitudeMode><coordinates>7.181789567694068,45.250291926786304,1911.72</coordinates></Point></Placemark><Placemark><TimeSpan><begin>2023-06-25T08:25:53Z</begin><end>2023-06-25T08:25:58Z</end></TimeSpan><styleUrl>#point</styleUrl><Point><altitudeMode>clampToGround</altitudeMode><coordinates>7.181773977354169,45.250342804938555,1912.2</coordinates></Point></Placemark><Placemark><TimeSpan><begin>2023-06-25T08:25:58Z</begin><end>2023-06-25T08:26:11Z</end></TimeSpan><styleUrl>#point</styleUrl><Point><altitudeMode>clampToGround</altitudeMode><coordinates>7.181756291538477,45.250407764688134,1913.1600000000001</coordinates></Point></Placemark><Placemark><TimeSpan><begin>2023-06-25T08:26:11Z</begin><end>2023-06-25T08:26:41Z</end></TimeSpan><styleUrl>#point</styleUrl><Point><altitudeMode>clampToGround</altitudeMode><coordinates>7.181721087545157,45.250442298129201,1913.1600000000001</coordinates></Point></Placemark><Placemark><TimeSpan><begin>2023-06-25T08:26:41Z</begin><end>2023-06-25T08:26:52Z</end></TimeSpan><styleUrl>#point</styleUrl><Point><altitudeMode>clampToGround</altitudeMode><coordinates>7.181648248806596,45.250459816306829,1913.6400000000001</coordinates></Point></Placemark><Placemark><TimeSpan><begin>2023-06-25T08:26:52Z</begin><end>2023-06-25T08:27:18Z</end></TimeSpan><styleUrl>#point</styleUrl><Point><altitudeMode>clampToGround</altitudeMode><coordinates>7.181639950722456,45.25044129230082,1913.6400000000001</coordinates></Point></Placemark><Placemark><TimeSpan><begin>2023-06-25T08:27:18Z</begin><end>2023-06-25T08:27:33Z</end></TimeSpan><styleUrl>#point</styleUrl><Point><altitudeMode>clampToGround</altitudeMode><coordinates>7.181631736457348,45.250455290079117,1913.6400000000001</coordinates></Point></Placemark><Placemark><TimeSpan><begin>2023-06-25T08:27:33Z</begin><end>2023-06-25T08:27:43Z</end></TimeSpan><styleUrl>#point</styleUrl><Point><altitudeMode>clampToGround</altitudeMode><coordinates>7.181601813063026,45.250484710559249,1913.6400000000001</coordinates></Point></Placemark><Placemark><TimeSpan><begin>2023-06-25T08:27:43Z</begin><end>2023-06-25T08:27:57Z</end></TimeSpan><styleUrl>#point</styleUrl><Point><altitudeMode>clampToGround</altitudeMode><coordinates>7.181518832221627,45.25048135779798,1913.6400000000001</coordinates></Point></Placemark><Placemark><TimeSpan><begin>2023-06-25T08:27:57Z</begin><end>2023-06-25T08:27:59Z</end></TimeSpan><styleUrl>#point</styleUrl><Point><altitudeMode>clampToGround</altitudeMode><coordinates>7.181497123092413,45.250479178503156,1913.6400000000001</coordinates></Point></Placemark><Placemark><TimeSpan><begin>2023-06-25T08:27:59Z</begin><end>2023-06-25T08:28:13Z</end></TimeSpan><styleUrl>#point</styleUrl><Point><altitudeMode>clampToGround</altitudeMode><coordinates>7.181300148367882,45.250409943982959,1915.0799999999999</coordinates></Point></Placemark><Placemark><TimeSpan><begin>2023-06-25T08:28:13Z</begin><end>2023-06-25T08:28:20Z</end></TimeSpan><styleUrl>#point</styleUrl><Point><altitudeMode>clampToGround</altitudeMode><coordinates>7.181202247738838,45.250406926497817,1916.04</coordinates></Point></Placemark><Placemark><TimeSpan><begin>2023-06-25T08:28:20Z</begin><end>2023-06-25T08:28:30Z</end></TimeSpan><styleUrl>#point</styleUrl><Point><altitudeMode>clampToGround</altitudeMode><coordinates>7.181076351553202,45.250430814921856,1917.49</coordinates></Point></Placemark><Placemark><TimeSpan><begin>2023-06-25T08:28:30Z</begin><end>2023-06-25T08:28:40Z</end></TimeSpan><styleUrl>#point</styleUrl><Point><altitudeMode>clampToGround</altitudeMode><coordinates>7.180948946624994,45.250456631183624,1918.45</coordinates></Point></Placemark><Placemark><TimeSpan><begin>2023-06-25T08:28:40Z</begin><end>2023-06-25T08:28:51Z</end></TimeSpan><styleUrl>#point</styleUrl><Point><altitudeMode>clampToGround</altitudeMode><coordinates>7.180825900286436,45.250481106340885,1920.3699999999999</coordinates></Point></Placemark><Placemark><TimeSpan><begin>2023-06-25T08:28:51Z</begin><end>2023-06-25T08:28:54Z</end></TimeSpan><styleUrl>#point</styleUrl><Point><altitudeMode>clampToGround</altitudeMode><coordinates>7.180781224742532,45.250487057492137,1919.8900000000001</coordinates></Point></Placemark><Placemark><TimeSpan><begin>2023-06-25T08:28:54Z</begin><end>2023-06-25T08:28:56Z</end></TimeSpan><styleUrl>#point</styleUrl><Point><altitudeMode>clampToGround</altitudeMode><coordinates>7.180758006870747,45.250500133261085,1920.8499999999999</coordinates></Point></Placemark><Placemark><TimeSpan><begin>2023-06-25T08:28:56Z</begin><end>2023-06-25T08:29:07Z</end></TimeSpan><styleUrl>#point</styleUrl><Point><altitudeMode>clampToGround</altitudeMode><coordinates>7.180658262223005,45.25051848962903,1921.3299999999999</coordinates></Point></Placemark><Placemark><TimeSpan><begin>2023-06-25T08:29:07Z</begin><end>2023-06-25T08:29:17Z</end></TimeSpan><styleUrl>#point</styleUrl><Point><altitudeMode>clampToGround</altitudeMode><coordinates>7.180518032982945,45.250518070533872,1923.25</coordinates></Point></Placemark><Placemark><TimeSpan><begin>2023-06-25T08:29:17Z</begin><end>2023-06-25T08:29:28Z</end></TimeSpan><styleUrl>#point</styleUrl><Point><altitudeMode>clampToGround</altitudeMode><coordinates>7.18034528195858,45.250527877360582,1924.22</coordinates></Point></Placemark><Placemark><TimeSpan><begin>2023-06-25T08:29:28Z</begin><end>2023-06-25T08:29:33Z</end></TimeSpan><styleUrl>#point</styleUrl><Point><altitudeMode>clampToGround</altitudeMode><coordinates>7.180266743525863,45.250540282577276,1925.1800000000001</coordinates></Point></Placemark><Placemark><TimeSpan><begin>2023-06-25T08:29:33Z</begin><end>2023-06-25T08:29:39Z</end></TimeSpan><styleUrl>#point</styleUrl><Point><altitudeMode>clampToGround</altitudeMode><coordinates>7.180191222578287,45.250571127980947,1925.6600000000001</coordinates></Point></Placemark><Placemark><TimeSpan><begin>2023-06-25T08:29:39Z</begin><end>2023-06-25T08:29:43Z</end></TimeSpan><styleUrl>#point</styleUrl><Point><altitudeMode>clampToGround</altitudeMode><coordinates>7.180145289748907,45.250606331974268,1926.6199999999999</coordinates></Point></Placemark><Placemark><TimeSpan><begin>2023-06-25T08:29:43Z</begin><end>2023-06-25T08:29:54Z</end></TimeSpan><styleUrl>#point</styleUrl><Point><altitudeMode>clampToGround</altitudeMode><coordinates>7.18013321980834,45.250734575092793,1927.5799999999999</coordinates></Point></Placemark><Placemark><TimeSpan><begin>2023-06-25T08:29:54Z</begin><end>2023-06-25T08:29:56Z</end></TimeSpan><styleUrl>#point</styleUrl><Point><altitudeMode>clampToGround</altitudeMode><coordinates>7.180135985836387,45.250753769651055,1927.5799999999999</coordinates></Point></Placemark><Placemark><TimeSpan><begin>2023-06-25T08:29:56Z</begin><end>2023-06-25T08:30:04Z</end></TimeSpan><styleUrl>#point</styleUrl><Point><altitudeMode>clampToGround</altitudeMode><coordinates>7.180212596431375,45.250805988907814,1929.5</coordinates></Point></Placemark><Placemark><TimeSpan><begin>2023-06-25T08:30:04Z</begin><end>2023-06-25T08:30:12Z</end></TimeSpan><styleUrl>#point</styleUrl><Point><altitudeMode>clampToGround</altitudeMode><coordinates>7.180311838164926,45.250832727178931,1930.46</coordinates></Point></Placemark><Placemark><TimeSpan><begin>2023-06-25T08:30:12Z</begin><end>2023-06-25T08:30:22Z</end></TimeSpan><styleUrl>#point</styleUrl><Point><altitudeMode>clampToGround</altitudeMode><coordinates>7.1804288495332,45.250803809612989,1931.9100000000001</coordinates></Point></Placemark><Placemark><TimeSpan><begin>2023-06-25T08:30:22Z</begin><end>2023-06-25T08:30:32Z</end></TimeSpan><styleUrl>#point</styleUrl><Point><altitudeMode>clampToGround</altitudeMode><coordinates>7.180582489818335,45.250783609226346,1933.3499999999999</coordinates></Point></Placemark><Placemark><TimeSpan><begin>2023-06-25T08:30:32Z</begin><end>2023-06-25T08:30:44Z</end></TimeSpan><styleUrl>#point</styleUrl><Point><altitudeMode>clampToGround</altitudeMode><coordinates>7.180779548361898,45.25077891536057,1935.27</coordinates></Point></Placemark><Placemark><TimeSpan><begin>2023-06-25T08:30:44Z</begin><end>2023-06-25T08:30:47Z</end></TimeSpan><styleUrl>#point</styleUrl><Point><altitudeMode>clampToGround</altitudeMode><coordinates>7.180826319381595,45.250785117968917,1935.27</coordinates></Point></Placemark><Placemark><TimeSpan><begin>2023-06-25T08:30:47Z</begin><end>2023-06-25T08:30:58Z</end></TimeSpan><styleUrl>#point</styleUrl><Point><altitudeMode>clampToGround</altitudeMode><coordinates>7.180988425388932,45.250797942280769,1937.1900000000001</coordinates></Point></Placemark><Placemark><TimeSpan><begin>2023-06-25T08:30:58Z</begin><end>2023-06-25T08:30:59Z</end></TimeSpan><styleUrl>#point</styleUrl><Point><altitudeMode>clampToGround</altitudeMode><coordinates>7.181003428995609,45.250798277556896,1937.1900000000001</coordinates></Point></Placemark><Placemark><TimeSpan><begin>2023-06-25T08:30:59Z</begin><end>2023-06-25T08:31:02Z</end></TimeSpan><styleUrl>#point</styleUrl><Point><altitudeMode>clampToGround</altitudeMode><coordinates>7.181046679615974,45.250797104090452,1937.6700000000001</coordinates></Point></Placemark><Placemark><TimeSpan><begin>2023-06-25T08:31:02Z</begin><end>2023-06-25T08:31:14Z</end></TimeSpan><styleUrl>#point</styleUrl><Point><altitudeMode>clampToGround</altitudeMode><coordinates>7.181235775351524,45.250795008614659,1939.1199999999999</coordinates></Point></Placemark><Placemark><TimeSpan><begin>2023-06-25T08:31:14Z</begin><end>2023-06-25T08:31:24Z</end></TimeSpan><styleUrl>#point</styleUrl><Point><altitudeMode>clampToGround</altitudeMode><coordinates>7.181395031511784,45.250810263678432,1941.04</coordinates></Point></Placemark><Placemark><TimeSpan><begin>2023-06-25T08:31:24Z</begin><end>2023-06-25T08:31:26Z</end></TimeSpan><styleUrl>#point</styleUrl><Point><altitudeMode>clampToGround</altitudeMode><coordinates>7.181420847773552,45.250817723572254,1941.04</coordinates></Point></Placemark><Placemark><TimeSpan><begin>2023-06-25T08:31:26Z</begin><end>2023-06-25T08:31:29Z</end></TimeSpan><styleUrl>#point</styleUrl><Point><altitudeMode>clampToGround</altitudeMode><coordinates>7.181455381214619,45.25083708576858,1941.52</coordinates></Point></Placemark><Placemark><TimeSpan><begin>2023-06-25T08:31:29Z</begin><end>2023-06-25T08:31:31Z</end></TimeSpan><styleUrl>#point</styleUrl><Point><altitudeMode>clampToGround</altitudeMode><coordinates>7.181482706218958,45.250842031091452,1942</coordinates></Point></Placemark><Placemark><TimeSpan><begin>2023-06-25T08:31:31Z</begin><end>2023-06-25T08:31:42Z</end></TimeSpan><styleUrl>#point</styleUrl><Point><altitudeMode>clampToGround</altitudeMode><coordinates>7.181599633768201,45.25087958201766,1943.4400000000001</coordinates></Point></Placemark><Placemark><TimeSpan><begin>2023-06-25T08:31:42Z</begin><end>2023-06-25T08:31:53Z</end></TimeSpan><styleUrl>#point</styleUrl><Point><altitudeMode>clampToGround</altitudeMode><coordinates>7.181685799732804,45.250859800726175,1943.9200000000001</coordinates></Point></Placemark><Placemark><TimeSpan><begin>2023-06-25T08:31:53Z</begin><end>2023-06-25T08:32:24Z</end></TimeSpan><styleUrl>#point</styleUrl><Point><altitudeMode>clampToGround</altitudeMode><coordinates>7.181717902421951,45.250874049961567,1944.4000000000001</coordinates></Point></Placemark><Placemark><TimeSpan><begin>2023-06-25T08:32:24Z</begin><end>2023-06-25T08:32:43Z</end></TimeSpan><styleUrl>#point</styleUrl><Point><altitudeMode>clampToGround</altitudeMode><coordinates>7.181694684550166,45.250893915072083,1944.4000000000001</coordinates></Point></Placemark><Placemark><TimeSpan><begin>2023-06-25T08:32:43Z</begin><end>2023-06-25T08:32:58Z</end></TimeSpan><styleUrl>#point</styleUrl><Point><altitudeMode>clampToGround</altitudeMode><coordinates>7.181696277111769,45.250958455726504,1944.4000000000001</coordinates></Point></Placemark><Placemark><TimeSpan><begin>2023-06-25T08:32:58Z</begin><end>2023-06-25T08:33:15Z</end></TimeSpan><styleUrl>#point</styleUrl><Point><altitudeMode>clampToGround</altitudeMode><coordinates>7.181631065905094,45.250954516232014,1944.4000000000001</coordinates></Point></Placemark><Placemark><TimeSpan><begin>2023-06-25T08:33:15Z</begin><end>2023-06-25T08:33:22Z</end></TimeSpan><styleUrl>#point</styleUrl><Point><altitudeMode>clampToGround</altitudeMode><coordinates>7.181574068963528,45.250994833186269,1944.4000000000001</coordinates></Point></Placemark><Placemark><TimeSpan><begin>2023-06-25T08:33:22Z</begin><end>2023-06-25T08:33:35Z</end></TimeSpan><styleUrl>#point</styleUrl><Point><altitudeMode>clampToGround</altitudeMode><coordinates>7.181394193321466,45.251066079363227,1945.3599999999999</coordinates></Point></Placemark><Placemark><TimeSpan><begin>2023-06-25T08:33:35Z</begin><end>2023-06-25T08:33:44Z</end></TimeSpan><styleUrl>#point</styleUrl><Point><altitudeMode>clampToGround</altitudeMode><coordinates>7.181316325441003,45.251104719936848,1946.3299999999999</coordinates></Point></Placemark><Placemark><TimeSpan><begin>2023-06-25T08:33:44Z</begin><end>2023-06-25T08:33:46Z</end></TimeSpan><styleUrl>#point</styleUrl><Point><altitudeMode>clampToGround</altitudeMode><coordinates>7.181293275207281,45.251116454601288,1946.8099999999999</coordinates></Point></Placemark><Placemark><TimeSpan><begin>2023-06-25T08:33:46Z</begin><end>2023-06-25T08:33:56Z</end></TimeSpan><styleUrl>#point</styleUrl><Point><altitudeMode>clampToGround</altitudeMode><coordinates>7.181151118129492,45.251164985820651,1948.73</coordinates></Point></Placemark><Placemark><TimeSpan><begin>2023-06-25T08:33:56Z</begin><end>2023-06-25T08:34:04Z</end></TimeSpan><styleUrl>#point</styleUrl><Point><altitudeMode>clampToGround</altitudeMode><coordinates>7.181073250249028,45.25122893974185,1949.6900000000001</coordinates></Point></Placemark><Placemark><TimeSpan><begin>2023-06-25T08:34:04Z</begin><end>2023-06-25T08:34:16Z</end></TimeSpan><styleUrl>#point</styleUrl><Point><altitudeMode>clampToGround</altitudeMode><coordinates>7.180989263579249,45.251317620277405,1952.5699999999999</coordinates></Point></Placemark><Placemark><TimeSpan><begin>2023-06-25T08:34:16Z</begin><end>2023-06-25T08:34:28Z</end></TimeSpan><styleUrl>#point</styleUrl><Point><altitudeMode>clampToGround</altitudeMode><coordinates>7.180921705439687,45.251403450965881,1954.02</coordinates></Point></Placemark><Placemark><TimeSpan><begin>2023-06-25T08:34:28Z</begin><end>2023-06-25T08:34:39Z</end></TimeSpan><styleUrl>#point</styleUrl><Point><altitudeMode>clampToGround</altitudeMode><coordinates>7.180833946913481,45.25149037130177,1955.46</coordinates></Point></Placemark><Placemark><TimeSpan><begin>2023-06-25T08:34:39Z</begin><end>2023-06-25T08:34:50Z</end></TimeSpan><styleUrl>#point</styleUrl><Point><altitudeMode>clampToGround</altitudeMode><coordinates>7.180765047669411,45.251588858664036,1958.3399999999999</coordinates></Point></Placemark><Placemark><TimeSpan><begin>2023-06-25T08:34:50Z</begin><end>2023-06-25T08:35:01Z</end></TimeSpan><styleUrl>#point</styleUrl><Point><altitudeMode>clampToGround</altitudeMode><coordinates>7.18072640709579,45.251709222793579,1959.3</coordinates></Point></Placemark><Placemark><TimeSpan><begin>2023-06-25T08:35:01Z</begin><end>2023-06-25T08:35:08Z</end></TimeSpan><styleUrl>#point</styleUrl><Point><altitudeMode>clampToGround</altitudeMode><coordinates>7.180691622197628,45.251775942742825,1960.27</coordinates></Point></Placemark><Placemark><TimeSpan><begin>2023-06-25T08:35:08Z</begin><end>2023-06-25T08:35:19Z</end></TimeSpan><styleUrl>#point</styleUrl><Point><altitudeMode>clampToGround</altitudeMode><coordinates>7.180703524500132,45.251884907484055,1961.23</coordinates></Point></Placemark><Placemark><TimeSpan><begin>2023-06-25T08:35:19Z</begin><end>2023-06-25T08:35:28Z</end></TimeSpan><styleUrl>#point</styleUrl><Point><altitudeMode>clampToGround</altitudeMode><coordinates>7.180736381560564,45.251972498372197,1962.6700000000001</coordinates></Point></Placemark><Placemark><TimeSpan><begin>2023-06-25T08:35:28Z</begin><end>2023-06-25T08:35:39Z</end></TimeSpan><styleUrl>#point</styleUrl><Point><altitudeMode>clampToGround</altitudeMode><coordinates>7.18080067075789,45.252062687650323,1963.6300000000001</coordinates></Point></Placemark><Placemark><TimeSpan><begin>2023-06-25T08:35:39Z</begin><end>2023-06-25T08:35:49Z</end></TimeSpan><styleUrl>#point</styleUrl><Point><altitudeMode>clampToGround</altitudeMode><coordinates>7.180758425965905,45.25217542424798,1964.5899999999999</coordinates></Point></Placemark><Placemark><TimeSpan><begin>2023-06-25T08:35:49Z</begin><end>2023-06-25T08:35:51Z</end></TimeSpan><styleUrl>#point</styleUrl><Point><altitudeMode>clampToGround</altitudeMode><coordinates>7.180739399045706,45.252193529158831,1964.5899999999999</coordinates></Point></Placemark><Placemark><TimeSpan><begin>2023-06-25T08:35:51Z</begin><end>2023-06-25T08:35:57Z</end></TimeSpan><styleUrl>#point</styleUrl><Point><altitudeMode>clampToGround</altitudeMode><coordinates>7.180644683539867,45.252240970730782,1964.5899999999999</coordinates></Point></Placemark><Placemark><TimeSpan><begin>2023-06-25T08:35:57Z</begin><end>2023-06-25T08:36:11Z</end></TimeSpan><styleUrl>#point</styleUrl><Point><altitudeMode>clampToGround</altitudeMode><coordinates>7.180392388254404,45.252290843054652,1965.55</coordinates></Point></Placemark><Placemark><TimeSpan><begin>2023-06-25T08:36:11Z</begin><end>2023-06-25T08:36:20Z</end></TimeSpan><styleUrl>#point</styleUrl><Point><altitudeMode>clampToGround</altitudeMode><coordinates>7.180253667756915,45.252349767833948,1966.99</coordinates></Point></Placemark><Placemark><TimeSpan><begin>2023-06-25T08:36:20Z</begin><end>2023-06-25T08:36:32Z</end></TimeSpan><styleUrl>#point</styleUrl><Point><altitudeMode>clampToGround</altitudeMode><coordinates>7.180123832076788,45.252417325973511,1967.96</coordinates></Point></Placemark><Placemark><TimeSpan><begin>2023-06-25T08:36:32Z</begin><end>2023-06-25T08:36:36Z</end></TimeSpan><styleUrl>#point</styleUrl><Point><altitudeMode>clampToGround</altitudeMode><coordinates>7.180103128775954,45.252423193305731,1967.96</coordinates></Point></Placemark><Placemark><TimeSpan><begin>2023-06-25T08:36:36Z</begin><end>2023-06-25T08:36:45Z</end></TimeSpan><styleUrl>#point</styleUrl><Point><altitudeMode>clampToGround</altitudeMode><coordinates>7.18001889064908,45.25248765014112,1968.9200000000001</coordinates></Point></Placemark><Placemark><TimeSpan><begin>2023-06-25T08:36:45Z</begin><end>2023-06-25T08:36:56Z</end></TimeSpan><styleUrl>#point</styleUrl><Point><altitudeMode>clampToGround</altitudeMode><coordinates>7.179910345003009,45.252579851076007,1970.8399999999999</coordinates></Point></Placemark><Placemark><TimeSpan><begin>2023-06-25T08:36:56Z</begin><end>2023-06-25T08:37:07Z</end></TimeSpan><styleUrl>#point</styleUrl><Point><altitudeMode>clampToGround</altitudeMode><coordinates>7.179817976430059,45.252674063667655,1972.28</coordinates></Point></Placemark><Placemark><TimeSpan><begin>2023-06-25T08:37:07Z</begin><end>2023-06-25T08:37:14Z</end></TimeSpan><styleUrl>#point</styleUrl><Point><altitudeMode>clampToGround</altitudeMode><coordinates>7.179740443825722,45.252727204933763,1972.76</coordinates></Point></Placemark><Placemark><TimeSpan><begin>2023-06-25T08:37:14Z</begin><end>2023-06-25T08:37:18Z</end></TimeSpan><styleUrl>#point</styleUrl><Point><altitudeMode>clampToGround</altitudeMode><coordinates>7.179688895121217,45.252759559080005,1973.72</coordinates></Point></Placemark><Placemark><TimeSpan><begin>2023-06-25T08:37:18Z</begin><end>2023-06-25T08:37:25Z</end></TimeSpan><styleUrl>#point</styleUrl><Point><altitudeMode>clampToGround</altitudeMode><coordinates>7.179646650329232,45.252837846055627,1974.2</coordinates></Point></Placemark><Placemark><TimeSpan><begin>2023-06-25T08:37:25Z</begin><end>2023-06-25T08:37:33Z</end></TimeSpan><styleUrl>#point</styleUrl><Point><altitudeMode>clampToGround</altitudeMode><coordinates>7.179702641442418,45.25291227735579,1975.6500000000001</coordinates></Point></Placemark><Placemark><TimeSpan><begin>2023-06-25T08:37:33Z</begin><end>2023-06-25T08:37:40Z</end></TimeSpan><styleUrl>#point</styleUrl><Point><altitudeMode>clampToGround</altitudeMode><coordinates>7.17980825342238,45.252910265699029,1976.6099999999999</coordinates></Point></Placemark><Placemark><TimeSpan><begin>2023-06-25T08:37:40Z</begin><end>2023-06-25T08:37:45Z</end></TimeSpan><styleUrl>#point</styleUrl><Point><altitudeMode>clampToGround</altitudeMode><coordinates>7.179872877895832,45.25286927819252,1977.5699999999999</coordinates></Point></Placemark><Placemark><TimeSpan><begin>2023-06-25T08:37:45Z</begin><end>2023-06-25T08:37:55Z</end></TimeSpan><styleUrl>#point</styleUrl><Point><altitudeMode>clampToGround</altitudeMode><coordinates>7.179956529289484,45.252776322886348,1978.53</coordinates></Point></Placemark><Placemark><TimeSpan><begin>2023-06-25T08:37:55Z</begin><end>2023-06-25T08:37:57Z</end></TimeSpan><styleUrl>#point</styleUrl><Point><altitudeMode>clampToGround</altitudeMode><coordinates>7.179968934506178,45.252758888527751,1979.01</coordinates></Point></Placemark><Placemark><TimeSpan><begin>2023-06-25T08:37:57Z</begin><end>2023-06-25T08:38:05Z</end></TimeSpan><styleUrl>#point</styleUrl><Point><altitudeMode>clampToGround</altitudeMode><coordinates>7.180037414655089,45.252696024253964,1979.97</coordinates></Point></Placemark><Placemark><TimeSpan><begin>2023-06-25T08:38:05Z</begin><end>2023-06-25T08:38:07Z</end></TimeSpan><styleUrl>#point</styleUrl><Point><altitudeMode>clampToGround</altitudeMode><coordinates>7.180045712739229,45.252679930999875,1980.45</coordinates></Point></Placemark><Placemark><TimeSpan><begin>2023-06-25T08:38:07Z</begin><end>2023-06-25T08:38:18Z</end></TimeSpan><styleUrl>#point</styleUrl><Point><altitudeMode>clampToGround</altitudeMode><coordinates>7.180196922272444,45.252617066726089,1981.9000000000001</coordinates></Point></Placemark><Placemark><TimeSpan><begin>2023-06-25T08:38:18Z</begin><end>2023-06-25T08:38:28Z</end></TimeSpan><styleUrl>#point</styleUrl><Point><altitudeMode>clampToGround</altitudeMode><coordinates>7.180340336635709,45.252558644860983,1983.3399999999999</coordinates></Point></Placemark><Placemark><TimeSpan><begin>2023-06-25T08:38:28Z</begin><end>2023-06-25T08:38:38Z</end></TimeSpan><styleUrl>#point</styleUrl><Point><altitudeMode>clampToGround</altitudeMode><coordinates>7.180492803454399,45.252543389797211,1984.78</coordinates></Point></Placemark><Placemark><TimeSpan><begin>2023-06-25T08:38:38Z</begin><end>2023-06-25T08:38:41Z</end></TimeSpan><styleUrl>#point</styleUrl><Point><altitudeMode>clampToGround</altitudeMode><coordinates>7.180541418492794,45.252559566870332,1985.26</coordinates></Point></Placemark><Placemark><TimeSpan><begin>2023-06-25T08:38:41Z</begin><end>2023-06-25T08:38:52Z</end></TimeSpan><styleUrl>#point</styleUrl><Point><altitudeMode>clampToGround</altitudeMode><coordinates>7.18057687394321,45.252647241577506,1986.22</coordinates></Point></Placemark><Placemark><TimeSpan><begin>2023-06-25T08:38:52Z</begin><end>2023-06-25T08:38:54Z</end></TimeSpan><styleUrl>#point</styleUrl><Point><altitudeMode>clampToGround</altitudeMode><coordinates>7.180572599172592,45.252678506076336,1986.7</coordinates></Point></Placemark><Placemark><TimeSpan><begin>2023-06-25T08:38:54Z</begin><end>2023-06-25T08:39:02Z</end></TimeSpan><styleUrl>#point</styleUrl><Point><altitudeMode>clampToGround</altitudeMode><coordinates>7.180456845089793,45.252765594050288,1987.6600000000001</coordinates></Point></Placemark><Placemark><TimeSpan><begin>2023-06-25T08:39:02Z</begin><end>2023-06-25T08:39:15Z</end></TimeSpan><styleUrl>#point</styleUrl><Point><altitudeMode>clampToGround</altitudeMode><coordinates>7.180271940305829,45.25282921269536,1989.5899999999999</coordinates></Point></Placemark><Placemark><TimeSpan><begin>2023-06-25T08:39:15Z</begin><end>2023-06-25T08:39:26Z</end></TimeSpan><styleUrl>#point</styleUrl><Point><altitudeMode>clampToGround</altitudeMode><coordinates>7.180181834846735,45.252915378659964,1991.51</coordinates></Point></Placemark><Placemark><TimeSpan><begin>2023-06-25T08:39:26Z</begin><end>2023-06-25T08:39:36Z</end></TimeSpan><styleUrl>#point</styleUrl><Point><altitudeMode>clampToGround</altitudeMode><coordinates>7.18011662364006,45.253010094165802,1992.47</coordinates></Point></Placemark><Placemark><TimeSpan><begin>2023-06-25T08:39:36Z</begin><end>2023-06-25T08:39:47Z</end></TimeSpan><styleUrl>#point</styleUrl><Point><altitudeMode>clampToGround</altitudeMode><coordinates>7.180096255615354,45.253034401684999,1993.4300000000001</coordinates></Point></Placemark><Placemark><TimeSpan><begin>2023-06-25T08:39:47Z</begin><end>2023-06-25T08:40:11Z</end></TimeSpan><styleUrl>#point</styleUrl><Point><altitudeMode>clampToGround</altitudeMode><coordinates>7.180120060220361,45.253035742789507,1993.4300000000001</coordinates></Point></Placemark><Placemark><TimeSpan><begin>2023-06-25T08:40:11Z</begin><end>2023-06-25T08:40:24Z</end></TimeSpan><styleUrl>#point</styleUrl><Point><altitudeMode>clampToGround</altitudeMode><coordinates>7.180056441575289,45.253065582364798,1994.3900000000001</coordinates></Point></Placemark><Placemark><TimeSpan><begin>2023-06-25T08:40:24Z</begin><end>2023-06-25T08:40:55Z</end></TimeSpan><styleUrl>#point</styleUrl><Point><altitudeMode>clampToGround</altitudeMode><coordinates>7.180036157369614,45.253066085278988,1994.3900000000001</coordinates></Point></Placemark><Placemark><TimeSpan><begin>2023-06-25T08:40:55Z</begin><end>2023-06-25T08:41:05Z</end></TimeSpan><styleUrl>#point</styleUrl><Point><altitudeMode>clampToGround</altitudeMode><coordinates>7.18003255315125,45.253183180466294,1995.8299999999999</coordinates></Point></Placemark><Placemark><TimeSpan><begin>2023-06-25T08:41:05Z</begin><end>2023-06-25T08:41:17Z</end></TimeSpan><styleUrl>#point</styleUrl><Point><altitudeMode>clampToGround</altitudeMode><coordinates>7.180034900084138,45.253304550424218,1997.28</coordinates></Point></Placemark><Placemark><TimeSpan><begin>2023-06-25T08:41:17Z</begin><end>2023-06-25T08:41:31Z</end></TimeSpan><styleUrl>#point</styleUrl><Point><altitudeMode>clampToGround</altitudeMode><coordinates>7.179991146549583,45.253465650603175,1999.6800000000001</coordinates></Point></Placemark><Placemark><TimeSpan><begin>2023-06-25T08:41:31Z</begin><end>2023-06-25T08:41:32Z</end></TimeSpan><styleUrl>#point</styleUrl><Point><altitudeMode>clampToGround</altitudeMode><coordinates>7.179990895092487,45.25347420014441,1999.6800000000001</coordinates></Point></Placemark><Placemark><TimeSpan><begin>2023-06-25T08:41:32Z</begin><end>2023-06-25T08:41:42Z</end></TimeSpan><styleUrl>#point</styleUrl><Point><altitudeMode>clampToGround</altitudeMode><coordinates>7.179962312802672,45.253584841266274,2001.1199999999999</coordinates></Point></Placemark><Placemark><TimeSpan><begin>2023-06-25T08:41:42Z</begin><end>2023-06-25T08:41:47Z</end></TimeSpan><styleUrl>#point</styleUrl><Point><altitudeMode>clampToGround</altitudeMode><coordinates>7.17996901832521,45.253631277009845,2002.5599999999999</coordinates></Point></Placemark><Placemark><TimeSpan><begin>2023-06-25T08:41:47Z</begin><end>2023-06-25T08:41:52Z</end></TimeSpan><styleUrl>#point</styleUrl><Point><altitudeMode>clampToGround</altitudeMode><coordinates>7.180008161813021,45.253678970038891,2003.04</coordinates></Point></Placemark><Placemark><TimeSpan><begin>2023-06-25T08:41:52Z</begin><end>2023-06-25T08:41:57Z</end></TimeSpan><styleUrl>#point</styleUrl><Point><altitudeMode>clampToGround</altitudeMode><coordinates>7.18006775714457,45.253705373033881,2004.01</coordinates></Point></Placemark><Placemark><TimeSpan><begin>2023-06-25T08:41:57Z</begin><end>2023-06-25T08:42:00Z</end></TimeSpan><styleUrl>#point</styleUrl><Point><altitudeMode>clampToGround</altitudeMode><coordinates>7.180116372182965,45.253701852634549,2004.97</coordinates></Point></Placemark><Placemark><TimeSpan><begin>2023-06-25T08:42:00Z</begin><end>2023-06-25T08:42:02Z</end></TimeSpan><styleUrl>#point</styleUrl><Point><altitudeMode>clampToGround</altitudeMode><coordinates>7.180145373567939,45.253689112141728,2004.97</coordinates></Point></Placemark><Placemark><TimeSpan><begin>2023-06-25T08:42:02Z</begin><end>2023-06-25T08:42:11Z</end></TimeSpan><styleUrl>#point</styleUrl><Point><altitudeMode>clampToGround</altitudeMode><coordinates>7.180228354409337,45.253595318645239,2006.4100000000001</coordinates></Point></Placemark><Placemark><TimeSpan><begin>2023-06-25T08:42:11Z</begin><end>2023-06-25T08:42:13Z</end></TimeSpan><styleUrl>#point</styleUrl><Point><altitudeMode>clampToGround</altitudeMode><coordinates>7.180241430178285,45.253573274239898,2006.8900000000001</coordinates></Point></Placemark><Placemark><TimeSpan><begin>2023-06-25T08:42:13Z</begin><end>2023-06-25T08:42:18Z</end></TimeSpan><styleUrl>#point</styleUrl><Point><altitudeMode>clampToGround</altitudeMode><coordinates>7.180261043831706,45.253506386652589,2007.3699999999999</coordinates></Point></Placemark><Placemark><TimeSpan><begin>2023-06-25T08:42:18Z</begin><end>2023-06-25T08:42:30Z</end></TimeSpan><styleUrl>#point</styleUrl><Point><altitudeMode>clampToGround</altitudeMode><coordinates>7.180306641384959,45.253381412476301,2008.8099999999999</coordinates></Point></Placemark><Placemark><TimeSpan><begin>2023-06-25T08:42:30Z</begin><end>2023-06-25T08:42:42Z</end></TimeSpan><styleUrl>#point</styleUrl><Point><altitudeMode>clampToGround</altitudeMode><coordinates>7.180359028279781,45.253262557089329,2010.25</coordinates></Point></Placemark><Placemark><TimeSpan><begin>2023-06-25T08:42:42Z</begin><end>2023-06-25T08:42:53Z</end></TimeSpan><styleUrl>#point</styleUrl><Point><altitudeMode>clampToGround</altitudeMode><coordinates>7.180447792634368,45.253184856846929,2012.1800000000001</coordinates></Point></Placemark><Placemark><TimeSpan><begin>2023-06-25T08:42:53Z</begin><end>2023-06-25T08:43:06Z</end></TimeSpan><styleUrl>#point</styleUrl><Point><altitudeMode>clampToGround</altitudeMode><coordinates>7.180573185905814,45.253080250695348,2013.1400000000001</coordinates></Point></Placemark><Placemark><TimeSpan><begin>2023-06-25T08:43:06Z</begin><end>2023-06-25T08:43:21Z</end></TimeSpan><styleUrl>#point</styleUrl><Point><altitudeMode>clampToGround</altitudeMode><coordinates>7.180692292749882,45.252967178821564,2015.54</coordinates></Point></Placemark><Placemark><TimeSpan><begin>2023-06-25T08:43:21Z</begin><end>2023-06-25T08:43:31Z</end></TimeSpan><styleUrl>#point</styleUrl><Point><altitudeMode>clampToGround</altitudeMode><coordinates>7.180702351033688,45.252961730584502,2015.54</coordinates></Point></Placemark><Placemark><TimeSpan><begin>2023-06-25T08:43:31Z</begin><end>2023-06-25T08:43:34Z</end></TimeSpan><styleUrl>#point</styleUrl><Point><altitudeMode>clampToGround</altitudeMode><coordinates>7.180718276649714,45.252953516319394,2015.54</coordinates></Point></Placemark><Placemark><TimeSpan><begin>2023-06-25T08:43:34Z</begin><end>2023-06-25T08:43:38Z</end></TimeSpan><styleUrl>#point</styleUrl><Point><altitudeMode>clampToGround</altitudeMode><coordinates>7.180749457329512,45.252917222678661,2016.02</coordinates></Point></Placemark><Placemark><TimeSpan><begin>2023-06-25T08:43:38Z</begin><end>2023-06-25T08:43:52Z</end></TimeSpan><styleUrl>#point</styleUrl><Point><altitudeMode>clampToGround</altitudeMode><coordinates>7.180874682962894,45.25280331261456,2018.4300000000001</coordinates></Point></Placemark><Placemark><TimeSpan><begin>2023-06-25T08:43:52Z</begin><end>2023-06-25T08:44:03Z</end></TimeSpan><styleUrl>#point</styleUrl><Point><altitudeMode>clampToGround</altitudeMode><coordinates>7.180984988808632,45.252713961526752,2020.3499999999999</coordinates></Point></Placemark><Placemark><TimeSpan><begin>2023-06-25T08:44:03Z</begin><end>2023-06-25T08:44:13Z</end></TimeSpan><styleUrl>#point</styleUrl><Point><altitudeMode>clampToGround</altitudeMode><coordinates>7.181104850023985,45.252652270719409,2021.3099999999999</coordinates></Point></Placemark><Placemark><TimeSpan><begin>2023-06-25T08:44:13Z</begin><end>2023-06-25T08:44:25Z</end></TimeSpan><styleUrl>#point</styleUrl><Point><altitudeMode>clampToGround</altitudeMode><coordinates>7.181273493915796,45.252595189958811,2023.23</coordinates></Point></Placemark><Placemark><TimeSpan><begin>2023-06-25T08:44:25Z</begin><end>2023-06-25T08:44:37Z</end></TimeSpan><styleUrl>#point</styleUrl><Point><altitudeMode>clampToGround</altitudeMode><coordinates>7.18143149279058,45.25253064930439,2025.1500000000001</coordinates></Point></Placemark><Placemark><TimeSpan><begin>2023-06-25T08:44:37Z</begin><end>2023-06-25T08:44:48Z</end></TimeSpan><styleUrl>#point</styleUrl><Point><altitudeMode>clampToGround</altitudeMode><coordinates>7.181496033445001,45.252497289329767,2026.1199999999999</coordinates></Point></Placemark><Placemark><TimeSpan><begin>2023-06-25T08:44:48Z</begin><end>2023-06-25T08:44:59Z</end></TimeSpan><styleUrl>#point</styleUrl><Point><altitudeMode>clampToGround</altitudeMode><coordinates>7.181642632931471,45.252445992082357,2027.5599999999999</coordinates></Point></Placemark><Placemark><TimeSpan><begin>2023-06-25T08:44:59Z</begin><end>2023-06-25T08:45:00Z</end></TimeSpan><styleUrl>#point</styleUrl><Point><altitudeMode>clampToGround</altitudeMode><coordinates>7.181656546890736,45.252443142235279,2027.5599999999999</coordinates></Point></Placemark><Placemark><TimeSpan><begin>2023-06-25T08:45:00Z</begin><end>2023-06-25T08:45:13Z</end></TimeSpan><styleUrl>#point</styleUrl><Point><altitudeMode>clampToGround</altitudeMode><coordinates>7.181818904355168,45.252364268526435,2029</coordinates></Point></Placemark><Placemark><TimeSpan><begin>2023-06-25T08:45:13Z</begin><end>2023-06-25T08:45:19Z</end></TimeSpan><styleUrl>#point</styleUrl><Point><altitudeMode>clampToGround</altitudeMode><coordinates>7.181872380897403,45.252312887459993,2029.48</coordinates></Point></Placemark><Placemark><TimeSpan><begin>2023-06-25T08:45:19Z</begin><end>2023-06-25T08:45:30Z</end></TimeSpan><styleUrl>#point</styleUrl><Point><altitudeMode>clampToGround</altitudeMode><coordinates>7.18199098482728,45.252226889133453,2031.4000000000001</coordinates></Point></Placemark><Placemark><TimeSpan><begin>2023-06-25T08:45:30Z</begin><end>2023-06-25T08:45:40Z</end></TimeSpan><styleUrl>#point</styleUrl><Point><altitudeMode>clampToGround</altitudeMode><coordinates>7.182097854092717,45.252148015424609,2032.3599999999999</coordinates></Point></Placemark><Placemark><TimeSpan><begin>2023-06-25T08:45:40Z</begin><end>2023-06-25T08:45:46Z</end></TimeSpan><styleUrl>#point</styleUrl><Point><altitudeMode>clampToGround</altitudeMode><coordinates>7.18216055072844,45.252106189727783,2033.3299999999999</coordinates></Point></Placemark><Placemark><TimeSpan><begin>2023-06-25T08:45:46Z</begin><end>2023-06-25T08:45:57Z</end></TimeSpan><styleUrl>#point</styleUrl><Point><altitudeMode>clampToGround</altitudeMode><coordinates>7.182275550439954,45.252007702365518,2034.29</coordinates></Point></Placemark><Placemark><TimeSpan><begin>2023-06-25T08:45:57Z</begin><end>2023-06-25T08:45:58Z</end></TimeSpan><styleUrl>#point</styleUrl><Point><altitudeMode>clampToGround</altitudeMode><coordinates>7.182288290932775,45.252000661566854,2034.29</coordinates></Point></Placemark><Placemark><TimeSpan><begin>2023-06-25T08:45:58Z</begin><end>2023-06-25T08:46:09Z</end></TimeSpan><styleUrl>#point</styleUrl><Point><altitudeMode>clampToGround</altitudeMode><coordinates>7.182396249845624,45.251943664625287,2034.77</coordinates></Point></Placemark><Placemark><TimeSpan><begin>2023-06-25T08:46:09Z</begin><end>2023-06-25T08:46:16Z</end></TimeSpan><styleUrl>#point</styleUrl><Point><altitudeMode>clampToGround</altitudeMode><coordinates>7.182464143261313,45.25190519168973,2035.73</coordinates></Point></Placemark><Placemark><TimeSpan><begin>2023-06-25T08:46:16Z</begin><end>2023-06-25T08:46:27Z</end></TimeSpan><styleUrl>#point</styleUrl><Point><altitudeMode>clampToGround</altitudeMode><coordinates>7.182485852390528,45.251880213618279,2035.73</coordinates></Point></Placemark><Placemark><TimeSpan><begin>2023-06-25T08:46:27Z</begin><end>2023-06-25T08:46:50Z</end></TimeSpan><styleUrl>#point</styleUrl><Point><altitudeMode>clampToGround</altitudeMode><coordinates>7.182495910674334,45.251893792301416,2035.73</coordinates></Point></Placemark><Placemark><TimeSpan><begin>2023-06-25T08:46:50Z</begin><end>2023-06-25T08:46:51Z</end></TimeSpan><styleUrl>#point</styleUrl><Point><altitudeMode>clampToGround</altitudeMode><coordinates>7.182494485750794,45.251901838928461,2035.73</coordinates></Point></Placemark><Placemark><TimeSpan><begin>2023-06-25T08:46:51Z</begin><end>2023-06-25T08:47:01Z</end></TimeSpan><styleUrl>#point</styleUrl><Point><altitudeMode>clampToGround</altitudeMode><coordinates>7.182496413588524,45.252029998227954,2035.73</coordinates></Point></Placemark><Placemark><TimeSpan><begin>2023-06-25T08:47:01Z</begin><end>2023-06-25T08:47:03Z</end></TimeSpan><styleUrl>#point</styleUrl><Point><altitudeMode>clampToGround</altitudeMode><coordinates>7.182501526549459,45.252055479213595,2035.73</coordinates></Point></Placemark><Placemark><TimeSpan><begin>2023-06-25T08:47:03Z</begin><end>2023-06-25T08:47:14Z</end></TimeSpan><styleUrl>#point</styleUrl><Point><altitudeMode>clampToGround</altitudeMode><coordinates>7.182455928996205,45.252178190276027,2037.6500000000001</coordinates></Point></Placemark><Placemark><TimeSpan><begin>2023-06-25T08:47:14Z</begin><end>2023-06-25T08:47:26Z</end></TimeSpan><styleUrl>#point</styleUrl><Point><altitudeMode>clampToGround</altitudeMode><coordinates>7.182366494089365,45.252307271584868,2038.6099999999999</coordinates></Point></Placemark><Placemark><TimeSpan><begin>2023-06-25T08:47:26Z</begin><end>2023-06-25T08:47:28Z</end></TimeSpan><styleUrl>#point</styleUrl><Point><altitudeMode>clampToGround</altitudeMode><coordinates>7.182348892092705,45.252326633781195,2039.0899999999999</coordinates></Point></Placemark><Placemark><TimeSpan><begin>2023-06-25T08:47:28Z</begin><end>2023-06-25T08:47:39Z</end></TimeSpan><styleUrl>#point</styleUrl><Point><altitudeMode>clampToGround</altitudeMode><coordinates>7.182272281497717,45.252434760332108,2040.54</coordinates></Point></Placemark><Placemark><TimeSpan><begin>2023-06-25T08:47:39Z</begin><end>2023-06-25T08:47:50Z</end></TimeSpan><styleUrl>#point</styleUrl><Point><altitudeMode>clampToGround</altitudeMode><coordinates>7.182214111089706,45.25254582054913,2041.98</coordinates></Point></Placemark><Placemark><TimeSpan><begin>2023-06-25T08:47:50Z</begin><end>2023-06-25T08:48:01Z</end></TimeSpan><styleUrl>#point</styleUrl><Point><altitudeMode>clampToGround</altitudeMode><coordinates>7.182127945125103,45.252647409215569,2043.4200000000001</coordinates></Point></Placemark><Placemark><TimeSpan><begin>2023-06-25T08:48:01Z</begin><end>2023-06-25T08:48:10Z</end></TimeSpan><styleUrl>#point</styleUrl><Point><altitudeMode>clampToGround</altitudeMode><coordinates>7.18205401673913,45.25274321436882,2044.8599999999999</coordinates></Point></Placemark><Placemark><TimeSpan><begin>2023-06-25T08:48:10Z</begin><end>2023-06-25T08:48:20Z</end></TimeSpan><styleUrl>#point</styleUrl><Point><altitudeMode>clampToGround</altitudeMode><coordinates>7.1819968521595,45.252836169674993,2045.8199999999999</coordinates></Point></Placemark><Placemark><TimeSpan><begin>2023-06-25T08:48:20Z</begin><end>2023-06-25T08:48:29Z</end></TimeSpan><styleUrl>#point</styleUrl><Point><altitudeMode>clampToGround</altitudeMode><coordinates>7.181935664266348,45.252903224900365,2047.26</coordinates></Point></Placemark><Placemark><TimeSpan><begin>2023-06-25T08:48:29Z</begin><end>2023-06-25T08:48:38Z</end></TimeSpan><styleUrl>#point</styleUrl><Point><altitudeMode>clampToGround</altitudeMode><coordinates>7.181937927380204,45.252878498286009,2047.26</coordinates></Point></Placemark><Placemark><TimeSpan><begin>2023-06-25T08:48:38Z</begin><end>2023-06-25T08:48:47Z</end></TimeSpan><styleUrl>#point</styleUrl><Point><altitudeMode>clampToGround</altitudeMode><coordinates>7.181953098624945,45.25281404145062,2047.26</coordinates></Point></Placemark><Placemark><TimeSpan><begin>2023-06-25T08:48:47Z</begin><end>2023-06-25T08:48:59Z</end></TimeSpan><styleUrl>#point</styleUrl><Point><altitudeMode>clampToGround</altitudeMode><coordinates>7.18194991350174,45.252813706174493,2045.8199999999999</coordinates></Point></Placemark><Placemark><TimeSpan><begin>2023-06-25T08:48:59Z</begin><end>2023-06-25T08:49:03Z</end></TimeSpan><styleUrl>#point</styleUrl><Point><altitudeMode>clampToGround</altitudeMode><coordinates>7.181956535205245,45.252866260707378,2047.26</coordinates></Point></Placemark><Placemark><TimeSpan><begin>2023-06-25T08:49:03Z</begin><end>2023-06-25T08:49:15Z</end></TimeSpan><styleUrl>#point</styleUrl><Point><altitudeMode>clampToGround</altitudeMode><coordinates>7.181873805820942,45.253003807738423,2049.1900000000001</coordinates></Point></Placemark><Placemark><TimeSpan><begin>2023-06-25T08:49:15Z</begin><end>2023-06-25T08:49:25Z</end></TimeSpan><styleUrl>#point</styleUrl><Point><altitudeMode>clampToGround</altitudeMode><coordinates>7.181800045073032,45.253111766651273,2050.6300000000001</coordinates></Point></Placemark><Placemark><TimeSpan><begin>2023-06-25T08:49:25Z</begin><end>2023-06-25T08:49:34Z</end></TimeSpan><styleUrl>#point</styleUrl><Point><altitudeMode>clampToGround</altitudeMode><coordinates>7.181773725897074,45.253187539055943,2051.5900000000001</coordinates></Point></Placemark><Placemark><TimeSpan><begin>2023-06-25T08:49:34Z</begin><end>2023-06-25T08:49:46Z</end></TimeSpan><styleUrl>#point</styleUrl><Point><altitudeMode>clampToGround</altitudeMode><coordinates>7.181887049227953,45.25326456874609,2053.5100000000002</coordinates></Point></Placemark><Placemark><TimeSpan><begin>2023-06-25T08:49:46Z</begin><end>2023-06-25T08:49:55Z</end></TimeSpan><styleUrl>#point</styleUrl><Point><altitudeMode>clampToGround</altitudeMode><coordinates>7.182008754462004,45.253257025033236,2054.4699999999998</coordinates></Point></Placemark><Placemark><TimeSpan><begin>2023-06-25T08:49:55Z</begin><end>2023-06-25T08:49:59Z</end></TimeSpan><styleUrl>#point</styleUrl><Point><altitudeMode>clampToGround</altitudeMode><coordinates>7.182065416127443,45.253241183236241,2054.96</coordinates></Point></Placemark><Placemark><TimeSpan><begin>2023-06-25T08:49:59Z</begin><end>2023-06-25T08:50:10Z</end></TimeSpan><styleUrl>#point</styleUrl><Point><altitudeMode>clampToGround</altitudeMode><coordinates>7.182184774428606,45.253165327012539,2056.4000000000001</coordinates></Point></Placemark><Placemark><TimeSpan><begin>2023-06-25T08:50:10Z</begin><end>2023-06-25T08:50:13Z</end></TimeSpan><styleUrl>#point</styleUrl><Point><altitudeMode>clampToGround</altitudeMode><coordinates>7.182215116918087,45.253139678388834,2056.8800000000001</coordinates></Point></Placemark><Placemark><TimeSpan><begin>2023-06-25T08:50:13Z</begin><end>2023-06-25T08:50:18Z</end></TimeSpan><styleUrl>#point</styleUrl><Point><altitudeMode>clampToGround</altitudeMode><coordinates>7.182266917079687,45.253112353384495,2058.3200000000002</coordinates></Point></Placemark><Placemark><TimeSpan><begin>2023-06-25T08:50:18Z</begin><end>2023-06-25T08:50:22Z</end></TimeSpan><styleUrl>#point</styleUrl><Point><altitudeMode>clampToGround</altitudeMode><coordinates>7.182299941778183,45.253083100542426,2058.3200000000002</coordinates></Point></Placemark><Placemark><TimeSpan><begin>2023-06-25T08:50:22Z</begin><end>2023-06-25T08:50:31Z</end></TimeSpan><styleUrl>#point</styleUrl><Point><altitudeMode>clampToGround</altitudeMode><coordinates>7.18239457346499,45.253036497160792,2059.2800000000002</coordinates></Point></Placemark><Placemark><TimeSpan><begin>2023-06-25T08:50:31Z</begin><end>2023-06-25T08:50:35Z</end></TimeSpan><styleUrl>#point</styleUrl><Point><altitudeMode>clampToGround</altitudeMode><coordinates>7.182438243180513,45.253013698384166,2059.7600000000002</coordinates></Point></Placemark><Placemark><TimeSpan><begin>2023-06-25T08:50:35Z</begin><end>2023-06-25T08:50:47Z</end></TimeSpan><styleUrl>#point</styleUrl><Point><altitudeMode>clampToGround</altitudeMode><coordinates>7.182541424408555,45.252942033112049,2061.1999999999998</coordinates></Point></Placemark><Placemark><TimeSpan><begin>2023-06-25T08:50:47Z</begin><end>2023-06-25T08:51:00Z</end></TimeSpan><styleUrl>#point</styleUrl><Point><altitudeMode>clampToGround</altitudeMode><coordinates>7.182660195976496,45.252865171059966,2063.1300000000001</coordinates></Point></Placemark><Placemark><TimeSpan><begin>2023-06-25T08:51:00Z</begin><end>2023-06-25T08:51:09Z</end></TimeSpan><styleUrl>#point</styleUrl><Point><altitudeMode>clampToGround</altitudeMode><coordinates>7.182745104655623,45.252817058935761,2064.5700000000002</coordinates></Point></Placemark><Placemark><TimeSpan><begin>2023-06-25T08:51:09Z</begin><end>2023-06-25T08:51:22Z</end></TimeSpan><styleUrl>#point</styleUrl><Point><altitudeMode>clampToGround</altitudeMode><coordinates>7.182860691100359,45.252727791666985,2066.0100000000002</coordinates></Point></Placemark><Placemark><TimeSpan><begin>2023-06-25T08:51:22Z</begin><end>2023-06-25T08:51:33Z</end></TimeSpan><styleUrl>#point</styleUrl><Point><altitudeMode>clampToGround</altitudeMode><coordinates>7.182962698861957,45.252660736441612,2066.9699999999998</coordinates></Point></Placemark><Placemark><TimeSpan><begin>2023-06-25T08:51:33Z</begin><end>2023-06-25T08:51:46Z</end></TimeSpan><styleUrl>#point</styleUrl><Point><altitudeMode>clampToGround</altitudeMode><coordinates>7.183062275871635,45.252554202452302,2069.3800000000001</coordinates></Point></Placemark><Placemark><TimeSpan><begin>2023-06-25T08:51:46Z</begin><end>2023-06-25T08:51:50Z</end></TimeSpan><styleUrl>#point</styleUrl><Point><altitudeMode>clampToGround</altitudeMode><coordinates>7.183100078254938,45.252526458352804,2069.8600000000001</coordinates></Point></Placemark><Placemark><TimeSpan><begin>2023-06-25T08:51:50Z</begin><end>2023-06-25T08:52:03Z</end></TimeSpan><styleUrl>#point</styleUrl><Point><altitudeMode>clampToGround</altitudeMode><coordinates>7.18325455673039,45.25247298181057,2071.7800000000002</coordinates></Point></Placemark><Placemark><TimeSpan><begin>2023-06-25T08:52:03Z</begin><end>2023-06-25T08:52:13Z</end></TimeSpan><styleUrl>#point</styleUrl><Point><altitudeMode>clampToGround</altitudeMode><coordinates>7.183368299156427,45.252513214945793,2072.2600000000002</coordinates></Point></Placemark><Placemark><TimeSpan><begin>2023-06-25T08:52:13Z</begin><end>2023-06-25T08:52:18Z</end></TimeSpan><styleUrl>#point</styleUrl><Point><altitudeMode>clampToGround</altitudeMode><coordinates>7.183431498706341,45.252485806122422,2072.7399999999998</coordinates></Point></Placemark><Placemark><TimeSpan><begin>2023-06-25T08:52:18Z</begin><end>2023-06-25T08:52:30Z</end></TimeSpan><styleUrl>#point</styleUrl><Point><altitudeMode>clampToGround</altitudeMode><coordinates>7.183564435690641,45.252427132800221,2073.6999999999998</coordinates></Point></Placemark><Placemark><TimeSpan><begin>2023-06-25T08:52:30Z</begin><end>2023-06-25T08:52:44Z</end></TimeSpan><styleUrl>#point</styleUrl><Point><altitudeMode>clampToGround</altitudeMode><coordinates>7.183570303022862,45.252430401742458,2073.6999999999998</coordinates></Point></Placemark><Placemark><TimeSpan><begin>2023-06-25T08:52:44Z</begin><end>2023-06-25T08:53:03Z</end></TimeSpan><styleUrl>#point</styleUrl><Point><altitudeMode>clampToGround</altitudeMode><coordinates>7.183554628863931,45.252451607957482,2073.6999999999998</coordinates></Point></Placemark><Placemark><TimeSpan><begin>2023-06-25T08:53:03Z</begin><end>2023-06-25T08:53:07Z</end></TimeSpan><styleUrl>#point</styleUrl><Point><altitudeMode>clampToGround</altitudeMode><coordinates>7.183500146493316,45.252477591857314,2073.6999999999998</coordinates></Point></Placemark><Placemark><TimeSpan><begin>2023-06-25T08:53:07Z</begin><end>2023-06-25T08:53:19Z</end></TimeSpan><styleUrl>#point</styleUrl><Point><altitudeMode>clampToGround</altitudeMode><coordinates>7.183429822325707,45.252614300698042,2073.6999999999998</coordinates></Point></Placemark><Placemark><TimeSpan><begin>2023-06-25T08:53:19Z</begin><end>2023-06-25T08:53:25Z</end></TimeSpan><styleUrl>#point</styleUrl><Point><altitudeMode>clampToGround</altitudeMode><coordinates>7.183385901153088,45.252669202163815,2074.1799999999998</coordinates></Point></Placemark><Placemark><TimeSpan><begin>2023-06-25T08:53:25Z</begin><end>2023-06-25T08:53:28Z</end></TimeSpan><styleUrl>#point</styleUrl><Point><altitudeMode>clampToGround</altitudeMode><coordinates>7.183337286114693,45.252697113901377,2074.1799999999998</coordinates></Point></Placemark><Placemark><TimeSpan><begin>2023-06-25T08:53:28Z</begin><end>2023-06-25T08:53:39Z</end></TimeSpan><styleUrl>#point</styleUrl><Point><altitudeMode>clampToGround</altitudeMode><coordinates>7.183216921985149,45.252779759466648,2076.0999999999999</coordinates></Point></Placemark><Placemark><TimeSpan><begin>2023-06-25T08:53:39Z</begin><end>2023-06-25T08:53:50Z</end></TimeSpan><styleUrl>#point</styleUrl><Point><altitudeMode>clampToGround</altitudeMode><coordinates>7.183121619746089,45.252875983715057,2077.0700000000002</coordinates></Point></Placemark><Placemark><TimeSpan><begin>2023-06-25T08:53:50Z</begin><end>2023-06-25T08:54:01Z</end></TimeSpan><styleUrl>#point</styleUrl><Point><altitudeMode>clampToGround</altitudeMode><coordinates>7.183038219809532,45.252978913486004,2078.5100000000002</coordinates></Point></Placemark><Placemark><TimeSpan><begin>2023-06-25T08:54:01Z</begin><end>2023-06-25T08:54:10Z</end></TimeSpan><styleUrl>#point</styleUrl><Point><altitudeMode>clampToGround</altitudeMode><coordinates>7.182973762974143,45.253060553222895,2079.4699999999998</coordinates></Point></Placemark><Placemark><TimeSpan><begin>2023-06-25T08:54:10Z</begin><end>2023-06-25T08:54:21Z</end></TimeSpan><styleUrl>#point</styleUrl><Point><altitudeMode>clampToGround</altitudeMode><coordinates>7.182937301695347,45.253091650083661,2079.9499999999998</coordinates></Point></Placemark><Placemark><TimeSpan><begin>2023-06-25T08:54:21Z</begin><end>2023-06-25T08:54:30Z</end></TimeSpan><styleUrl>#point</styleUrl><Point><altitudeMode>clampToGround</altitudeMode><coordinates>7.18299413099885,45.253059212118387,2079.9499999999998</coordinates></Point></Placemark><Placemark><TimeSpan><begin>2023-06-25T08:54:30Z</begin><end>2023-06-25T08:54:45Z</end></TimeSpan><styleUrl>#point</styleUrl><Point><altitudeMode>clampToGround</altitudeMode><coordinates>7.183014582842588,45.253048734739423,2079.9499999999998</coordinates></Point></Placemark><Placemark><TimeSpan><begin>2023-06-25T08:54:45Z</begin><end>2023-06-25T08:55:02Z</end></TimeSpan><styleUrl>#point</styleUrl><Point><altitudeMode>clampToGround</altitudeMode><coordinates>7.182969572022557,45.253040185198188,2079.9499999999998</coordinates></Point></Placemark><Placemark><TimeSpan><begin>2023-06-25T08:55:02Z</begin><end>2023-06-25T08:55:12Z</end></TimeSpan><styleUrl>#point</styleUrl><Point><altitudeMode>clampToGround</altitudeMode><coordinates>7.182963285595179,45.253022080287337,2080.4299999999998</coordinates></Point></Placemark><Placemark><TimeSpan><begin>2023-06-25T08:55:12Z</begin><end>2023-06-25T08:55:20Z</end></TimeSpan><styleUrl>#point</styleUrl><Point><altitudeMode>clampToGround</altitudeMode><coordinates>7.18297359533608,45.253059044480324,2080.4299999999998</coordinates></Point></Placemark><Placemark><TimeSpan><begin>2023-06-25T08:55:20Z</begin><end>2023-06-25T08:55:31Z</end></TimeSpan><styleUrl>#point</styleUrl><Point><altitudeMode>clampToGround</altitudeMode><coordinates>7.182932356372476,45.253176307305694,2080.9099999999999</coordinates></Point></Placemark><Placemark><TimeSpan><begin>2023-06-25T08:55:31Z</begin><end>2023-06-25T08:55:32Z</end></TimeSpan><styleUrl>#point</styleUrl><Point><altitudeMode>clampToGround</altitudeMode><coordinates>7.182931434363127,45.253188377246261,2080.9099999999999</coordinates></Point></Placemark><Placemark><TimeSpan><begin>2023-06-25T08:55:32Z</begin><end>2023-06-25T08:55:43Z</end></TimeSpan><styleUrl>#point</styleUrl><Point><altitudeMode>clampToGround</altitudeMode><coordinates>7.182881645858288,45.253291809931397,2081.8699999999999</coordinates></Point></Placemark><Placemark><TimeSpan><begin>2023-06-25T08:55:43Z</begin><end>2023-06-25T08:55:50Z</end></TimeSpan><styleUrl>#point</styleUrl><Point><altitudeMode>clampToGround</altitudeMode><coordinates>7.182839065790176,45.253361044451594,2083.3099999999999</coordinates></Point></Placemark><Placemark><TimeSpan><begin>2023-06-25T08:55:50Z</begin><end>2023-06-25T08:55:53Z</end></TimeSpan><styleUrl>#point</styleUrl><Point><altitudeMode>clampToGround</altitudeMode><coordinates>7.182809393852949,45.253390967845917,2083.79</coordinates></Point></Placemark><Placemark><TimeSpan><begin>2023-06-25T08:55:53Z</begin><end>2023-06-25T08:55:57Z</end></TimeSpan><styleUrl>#point</styleUrl><Point><altitudeMode>clampToGround</altitudeMode><coordinates>7.182789444923401,45.25343363173306,2083.79</coordinates></Point></Placemark><Placemark><TimeSpan><begin>2023-06-25T08:55:57Z</begin><end>2023-06-25T08:56:04Z</end></TimeSpan><styleUrl>#point</styleUrl><Point><altitudeMode>clampToGround</altitudeMode><coordinates>7.182718282565475,45.253504542633891,2084.7600000000002</coordinates></Point></Placemark><Placemark><TimeSpan><begin>2023-06-25T08:56:04Z</begin><end>2023-06-25T08:56:14Z</end></TimeSpan><styleUrl>#point</styleUrl><Point><altitudeMode>clampToGround</altitudeMode><coordinates>7.182608311995864,45.253586266189814,2086.1999999999998</coordinates></Point></Placemark><Placemark><TimeSpan><begin>2023-06-25T08:56:14Z</begin><end>2023-06-25T08:56:24Z</end></TimeSpan><styleUrl>#point</styleUrl><Point><altitudeMode>clampToGround</altitudeMode><coordinates>7.182569252327085,45.253631779924035,2087.1599999999999</coordinates></Point></Placemark><Placemark><TimeSpan><begin>2023-06-25T08:56:24Z</begin><end>2023-06-25T08:56:39Z</end></TimeSpan><styleUrl>#point</styleUrl><Point><altitudeMode>clampToGround</altitudeMode><coordinates>7.182523068040609,45.253630522638559,2087.6399999999999</coordinates></Point></Placemark><Placemark><TimeSpan><begin>2023-06-25T08:56:39Z</begin><end>2023-06-25T08:56:50Z</end></TimeSpan><styleUrl>#point</styleUrl><Point><altitudeMode>clampToGround</altitudeMode><coordinates>7.182433297857642,45.253688441589475,2088.5999999999999</coordinates></Point></Placemark><Placemark><TimeSpan><begin>2023-06-25T08:56:50Z</begin><end>2023-06-25T08:56:59Z</end></TimeSpan><styleUrl>#point</styleUrl><Point><altitudeMode>clampToGround</altitudeMode><coordinates>7.182375127449632,45.253692297264934,2089.0799999999999</coordinates></Point></Placemark><Placemark><TimeSpan><begin>2023-06-25T08:56:59Z</begin><end>2023-06-25T08:57:03Z</end></TimeSpan><styleUrl>#point</styleUrl><Point><altitudeMode>clampToGround</altitudeMode><coordinates>7.182327518239617,45.253694728016853,2089.0799999999999</coordinates></Point></Placemark><Placemark><TimeSpan><begin>2023-06-25T08:57:03Z</begin><end>2023-06-25T08:57:05Z</end></TimeSpan><styleUrl>#point</styleUrl><Point><altitudeMode>clampToGround</altitudeMode><coordinates>7.182300193235278,45.253701349720359,2089.5599999999999</coordinates></Point></Placemark><Placemark><TimeSpan><begin>2023-06-25T08:57:05Z</begin><end>2023-06-25T08:57:08Z</end></TimeSpan><styleUrl>#point</styleUrl><Point><altitudeMode>clampToGround</altitudeMode><coordinates>7.182256607338786,45.253717778250575,2089.5599999999999</coordinates></Point></Placemark><Placemark><TimeSpan><begin>2023-06-25T08:57:08Z</begin><end>2023-06-25T08:57:12Z</end></TimeSpan><styleUrl>#point</styleUrl><Point><altitudeMode>clampToGround</altitudeMode><coordinates>7.182230120524764,45.253729932010174,2090.04</coordinates></Point></Placemark><Placemark><TimeSpan><begin>2023-06-25T08:57:12Z</begin><end>2023-06-25T08:57:15Z</end></TimeSpan><styleUrl>#point</styleUrl><Point><altitudeMode>clampToGround</altitudeMode><coordinates>7.182188294827938,45.253746695816517,2091</coordinates></Point></Placemark><Placemark><TimeSpan><begin>2023-06-25T08:57:15Z</begin><end>2023-06-25T08:57:19Z</end></TimeSpan><styleUrl>#point</styleUrl><Point><altitudeMode>clampToGround</altitudeMode><coordinates>7.18215418048203,45.253770919516683,2091</coordinates></Point></Placemark><Placemark><TimeSpan><begin>2023-06-25T08:57:19Z</begin><end>2023-06-25T08:57:28Z</end></TimeSpan><styleUrl>#point</styleUrl><Point><altitudeMode>clampToGround</altitudeMode><coordinates>7.182101039215922,45.253834370523691,2092.9299999999998</coordinates></Point></Placemark><Placemark><TimeSpan><begin>2023-06-25T08:57:28Z</begin><end>2023-06-25T08:57:40Z</end></TimeSpan><styleUrl>#point</styleUrl><Point><altitudeMode>clampToGround</altitudeMode><coordinates>7.182010598480701,45.253938725218177,2093.8899999999999</coordinates></Point></Placemark><Placemark><TimeSpan><begin>2023-06-25T08:57:40Z</begin><end>2023-06-25T08:57:41Z</end></TimeSpan><styleUrl>#point</styleUrl><Point><altitudeMode>clampToGround</altitudeMode><coordinates>7.182001629844308,45.253948615863919,2094.3699999999999</coordinates></Point></Placemark><Placemark><TimeSpan><begin>2023-06-25T08:57:41Z</begin><end>2023-06-25T08:57:43Z</end></TimeSpan><styleUrl>#point</styleUrl><Point><altitudeMode>clampToGround</altitudeMode><coordinates>7.181987045332789,45.253970827907324,2095.3299999999999</coordinates></Point></Placemark><Placemark><TimeSpan><begin>2023-06-25T08:57:43Z</begin><end>2023-06-25T08:57:53Z</end></TimeSpan><styleUrl>#point</styleUrl><Point><altitudeMode>clampToGround</altitudeMode><coordinates>7.181913536041975,45.254052048549056,2095.8099999999999</coordinates></Point></Placemark><Placemark><TimeSpan><begin>2023-06-25T08:57:53Z</begin><end>2023-06-25T08:58:03Z</end></TimeSpan><styleUrl>#point</styleUrl><Point><altitudeMode>clampToGround</altitudeMode><coordinates>7.181857461109757,45.254137460142374,2097.25</coordinates></Point></Placemark><Placemark><TimeSpan><begin>2023-06-25T08:58:03Z</begin><end>2023-06-25T08:58:09Z</end></TimeSpan><styleUrl>#point</styleUrl><Point><altitudeMode>clampToGround</altitudeMode><coordinates>7.181821670383215,45.254190936684608,2098.21</coordinates></Point></Placemark><Placemark><TimeSpan><begin>2023-06-25T08:58:09Z</begin><end>2023-06-25T08:58:18Z</end></TimeSpan><styleUrl>#point</styleUrl><Point><altitudeMode>clampToGround</altitudeMode><coordinates>7.181787388399243,45.254273498430848,2099.6599999999999</coordinates></Point></Placemark><Placemark><TimeSpan><begin>2023-06-25T08:58:18Z</begin><end>2023-06-25T08:58:26Z</end></TimeSpan><styleUrl>#point</styleUrl><Point><altitudeMode>clampToGround</altitudeMode><coordinates>7.181755788624287,45.254335356876254,2101.0999999999999</coordinates></Point></Placemark><Placemark><TimeSpan><begin>2023-06-25T08:58:26Z</begin><end>2023-06-25T08:58:33Z</end></TimeSpan><styleUrl>#point</styleUrl><Point><altitudeMode>clampToGround</altitudeMode><coordinates>7.181726368144155,45.254396125674248,2101.5799999999999</coordinates></Point></Placemark><Placemark><TimeSpan><begin>2023-06-25T08:58:33Z</begin><end>2023-06-25T08:58:45Z</end></TimeSpan><styleUrl>#point</styleUrl><Point><altitudeMode>clampToGround</altitudeMode><coordinates>7.181653529405594,45.254517830908298,2103.02</coordinates></Point></Placemark><Placemark><TimeSpan><begin>2023-06-25T08:58:45Z</begin><end>2023-06-25T08:58:48Z</end></TimeSpan><styleUrl>#point</styleUrl><Point><altitudeMode>clampToGround</altitudeMode><coordinates>7.181633999571204,45.254548173397779,2103.5</coordinates></Point></Placemark><Placemark><TimeSpan><begin>2023-06-25T08:58:48Z</begin><end>2023-06-25T08:58:56Z</end></TimeSpan><styleUrl>#point</styleUrl><Point><altitudeMode>clampToGround</altitudeMode><coordinates>7.181599549949169,45.254609612748027,2104.9400000000001</coordinates></Point></Placemark><Placemark><TimeSpan><begin>2023-06-25T08:58:56Z</begin><end>2023-06-25T08:59:02Z</end></TimeSpan><styleUrl>#point</styleUrl><Point><altitudeMode>clampToGround</altitudeMode><coordinates>7.181563675403595,45.254656383767724,2105.9099999999999</coordinates></Point></Placemark><Placemark><TimeSpan><begin>2023-06-25T08:59:02Z</begin><end>2023-06-25T08:59:08Z</end></TimeSpan><styleUrl>#point</styleUrl><Point><altitudeMode>clampToGround</altitudeMode><coordinates>7.181534338742495,45.254686055704951,2105.9099999999999</coordinates></Point></Placemark><Placemark><TimeSpan><begin>2023-06-25T08:59:08Z</begin><end>2023-06-25T08:59:17Z</end></TimeSpan><styleUrl>#point</styleUrl><Point><altitudeMode>clampToGround</altitudeMode><coordinates>7.181473150849342,45.254753362387419,2107.3499999999999</coordinates></Point></Placemark><Placemark><TimeSpan><begin>2023-06-25T08:59:17Z</begin><end>2023-06-25T08:59:26Z</end></TimeSpan><styleUrl>#point</styleUrl><Point><altitudeMode>clampToGround</altitudeMode><coordinates>7.181412801146507,45.254805330187082,2108.79</coordinates></Point></Placemark><Placemark><TimeSpan><begin>2023-06-25T08:59:26Z</begin><end>2023-06-25T08:59:28Z</end></TimeSpan><styleUrl>#point</styleUrl><Point><altitudeMode>clampToGround</altitudeMode><coordinates>7.181403916329145,45.254827123135328,2108.79</coordinates></Point></Placemark><Placemark><TimeSpan><begin>2023-06-25T08:59:28Z</begin><end>2023-06-25T08:59:39Z</end></TimeSpan><styleUrl>#point</styleUrl><Point><altitudeMode>clampToGround</altitudeMode><coordinates>7.181325545534492,45.254923766478896,2110.23</coordinates></Point></Placemark><Placemark><TimeSpan><begin>2023-06-25T08:59:39Z</begin><end>2023-06-25T08:59:48Z</end></TimeSpan><styleUrl>#point</styleUrl><Point><altitudeMode>clampToGround</altitudeMode><coordinates>7.181255724281073,45.254996605217457,2111.1900000000001</coordinates></Point></Placemark><Placemark><TimeSpan><begin>2023-06-25T08:59:48Z</begin><end>2023-06-25T08:59:50Z</end></TimeSpan><styleUrl>#point</styleUrl><Point><altitudeMode>clampToGround</altitudeMode><coordinates>7.181238206103444,45.2550168056041,2111.6700000000001</coordinates></Point></Placemark><Placemark><TimeSpan><begin>2023-06-25T08:59:50Z</begin><end>2023-06-25T09:00:01Z</end></TimeSpan><styleUrl>#point</styleUrl><Point><altitudeMode>clampToGround</altitudeMode><coordinates>7.18117349781096,45.255098277702928,2113.1199999999999</coordinates></Point></Placemark><Placemark><TimeSpan><begin>2023-06-25T09:00:01Z</begin><end>2023-06-25T09:00:11Z</end></TimeSpan><styleUrl>#point</styleUrl><Point><altitudeMode>clampToGround</altitudeMode><coordinates>7.181115997955203,45.255176061764359,2114.0799999999999</coordinates></Point></Placemark><Placemark><TimeSpan><begin>2023-06-25T09:00:11Z</begin><end>2023-06-25T09:00:21Z</end></TimeSpan><styleUrl>#point</styleUrl><Point><altitudeMode>clampToGround</altitudeMode><coordinates>7.181046511977911,45.255234651267529,2115.52</coordinates></Point></Placemark><Placemark><TimeSpan><begin>2023-06-25T09:00:21Z</begin><end>2023-06-25T09:00:33Z</end></TimeSpan><styleUrl>#point</styleUrl><Point><altitudeMode>clampToGround</altitudeMode><coordinates>7.180965542793274,45.255326684564352,2116.96</coordinates></Point></Placemark><Placemark><TimeSpan><begin>2023-06-25T09:00:33Z</begin><end>2023-06-25T09:00:43Z</end></TimeSpan><styleUrl>#point</styleUrl><Point><altitudeMode>clampToGround</altitudeMode><coordinates>7.180905528366566,45.255419053137302,2117.9200000000001</coordinates></Point></Placemark><Placemark><TimeSpan><begin>2023-06-25T09:00:43Z</begin><end>2023-06-25T09:00:53Z</end></TimeSpan><styleUrl>#point</styleUrl><Point><altitudeMode>clampToGround</altitudeMode><coordinates>7.180851800367236,45.255496921017766,2119.3600000000001</coordinates></Point></Placemark><Placemark><TimeSpan><begin>2023-06-25T09:00:53Z</begin><end>2023-06-25T09:00:59Z</end></TimeSpan><styleUrl>#point</styleUrl><Point><altitudeMode>clampToGround</altitudeMode><coordinates>7.180816344916821,45.255538243800402,2119.8400000000001</coordinates></Point></Placemark><Placemark><TimeSpan><begin>2023-06-25T09:00:59Z</begin><end>2023-06-25T09:01:04Z</end></TimeSpan><styleUrl>#point</styleUrl><Point><altitudeMode>clampToGround</altitudeMode><coordinates>7.180776279419661,45.255576046183705,2120.3200000000002</coordinates></Point></Placemark><Placemark><TimeSpan><begin>2023-06-25T09:01:04Z</begin><end>2023-06-25T09:01:13Z</end></TimeSpan><styleUrl>#point</styleUrl><Point><altitudeMode>clampToGround</altitudeMode><coordinates>7.180698914453387,45.255628935992718,2121.77</coordinates></Point></Placemark><Placemark><TimeSpan><begin>2023-06-25T09:01:13Z</begin><end>2023-06-25T09:01:22Z</end></TimeSpan><styleUrl>#point</styleUrl><Point><altitudeMode>clampToGround</altitudeMode><coordinates>7.180608892813325,45.255664978176355,2122.73</coordinates></Point></Placemark><Placemark><TimeSpan><begin>2023-06-25T09:01:22Z</begin><end>2023-06-25T09:01:32Z</end></TimeSpan><styleUrl>#point</styleUrl><Point><altitudeMode>clampToGround</altitudeMode><coordinates>7.180484505370259,45.255696913227439,2123.21</coordinates></Point></Placemark><Placemark><TimeSpan><begin>2023-06-25T09:01:32Z</begin><end>2023-06-25T09:01:44Z</end></TimeSpan><styleUrl>#point</styleUrl><Point><altitudeMode>clampToGround</altitudeMode><coordinates>7.180447373539209,45.255754077807069,2123.6900000000001</coordinates></Point></Placemark><Placemark><TimeSpan><begin>2023-06-25T09:01:44Z</begin><end>2023-06-25T09:02:07Z</end></TimeSpan><styleUrl>#point</styleUrl><Point><altitudeMode>clampToGround</altitudeMode><coordinates>7.180453827604652,45.255749132484198,2123.6900000000001</coordinates></Point></Placemark><Placemark><TimeSpan><begin>2023-06-25T09:02:07Z</begin><end>2023-06-25T09:02:18Z</end></TimeSpan><styleUrl>#point</styleUrl><Point><altitudeMode>clampToGround</altitudeMode><coordinates>7.18041175045073,45.255747707560658,2124.1700000000001</coordinates></Point></Placemark><Placemark><TimeSpan><begin>2023-06-25T09:02:18Z</begin><end>2023-06-25T09:02:29Z</end></TimeSpan><styleUrl>#point</styleUrl><Point><altitudeMode>clampToGround</altitudeMode><coordinates>7.180333882570267,45.255794730037451,2124.1700000000001</coordinates></Point></Placemark><Placemark><TimeSpan><begin>2023-06-25T09:02:29Z</begin><end>2023-06-25T09:02:48Z</end></TimeSpan><styleUrl>#point</styleUrl><Point><altitudeMode>clampToGround</altitudeMode><coordinates>7.180318543687463,45.255816355347633,2124.6500000000001</coordinates></Point></Placemark><Placemark><TimeSpan><begin>2023-06-25T09:02:48Z</begin><end>2023-06-25T09:03:06Z</end></TimeSpan><styleUrl>#point</styleUrl><Point><altitudeMode>clampToGround</altitudeMode><coordinates>7.18028518371284,45.255806464701891,2124.6500000000001</coordinates></Point></Placemark><Placemark><TimeSpan><begin>2023-06-25T09:03:06Z</begin><end>2023-06-25T09:03:15Z</end></TimeSpan><styleUrl>#point</styleUrl><Point><altitudeMode>clampToGround</altitudeMode><coordinates>7.180213602259755,45.255780396983027,2124.6500000000001</coordinates></Point></Placemark><Placemark><TimeSpan><begin>2023-06-25T09:03:15Z</begin><end>2023-06-25T09:03:23Z</end></TimeSpan><styleUrl>#point</styleUrl><Point><altitudeMode>clampToGround</altitudeMode><coordinates>7.180214272812009,45.255797244608402,2124.6500000000001</coordinates></Point></Placemark><Placemark><TimeSpan><begin>2023-06-25T09:03:23Z</begin><end>2023-06-25T09:03:33Z</end></TimeSpan><styleUrl>#point</styleUrl><Point><altitudeMode>clampToGround</altitudeMode><coordinates>7.18020748347044,45.255821216851473,2125.1300000000001</coordinates></Point></Placemark><Placemark><TimeSpan><begin>2023-06-25T09:03:33Z</begin><end>2023-06-25T09:03:43Z</end></TimeSpan><styleUrl>#point</styleUrl><Point><altitudeMode>clampToGround</altitudeMode><coordinates>7.180202454328537,45.255802273750305,2125.1300000000001</coordinates></Point></Placemark><Placemark><TimeSpan><begin>2023-06-25T09:03:43Z</begin><end>2023-06-25T09:03:51Z</end></TimeSpan><styleUrl>#point</styleUrl><Point><altitudeMode>clampToGround</altitudeMode><coordinates>7.180183930322528,45.255748713389039,2125.1300000000001</coordinates></Point></Placemark><Placemark><TimeSpan><begin>2023-06-25T09:03:51Z</begin><end>2023-06-25T09:04:08Z</end></TimeSpan><styleUrl>#point</styleUrl><Point><altitudeMode>clampToGround</altitudeMode><coordinates>7.180170100182295,45.255728848278522,2125.6100000000001</coordinates></Point></Placemark><Placemark><TimeSpan><begin>2023-06-25T09:04:08Z</begin><end>2023-06-25T09:04:20Z</end></TimeSpan><styleUrl>#point</styleUrl><Point><altitudeMode>clampToGround</altitudeMode><coordinates>7.180151827633381,45.255733039230108,2125.6100000000001</coordinates></Point></Placemark><Placemark><TimeSpan><begin>2023-06-25T09:04:20Z</begin><end>2023-06-25T09:04:38Z</end></TimeSpan><styleUrl>#point</styleUrl><Point><altitudeMode>clampToGround</altitudeMode><coordinates>7.180145289748907,45.255757598206401,2125.6100000000001</coordinates></Point></Placemark><Placemark><TimeSpan><begin>2023-06-25T09:04:38Z</begin><end>2023-06-25T09:04:39Z</end></TimeSpan><styleUrl>#point</styleUrl><Point><altitudeMode>clampToGround</altitudeMode><coordinates>7.18013221397996,45.255755335092545,2125.6100000000001</coordinates></Point></Placemark><Placemark><TimeSpan><begin>2023-06-25T09:04:39Z</begin><end>2023-06-25T09:04:46Z</end></TimeSpan><styleUrl>#point</styleUrl><Point><altitudeMode>clampToGround</altitudeMode><coordinates>7.180026853457093,45.25574485771358,2125.6100000000001</coordinates></Point></Placemark><Placemark><TimeSpan><begin>2023-06-25T09:04:46Z</begin><end>2023-06-25T09:04:59Z</end></TimeSpan><styleUrl>#point</styleUrl><Point><altitudeMode>clampToGround</altitudeMode><coordinates>7.179839182645083,45.255721220746636,2125.6100000000001</coordinates></Point></Placemark><Placemark><TimeSpan><begin>2023-06-25T09:04:59Z</begin><end>2023-06-25T09:05:12Z</end></TimeSpan><styleUrl>#point</styleUrl><Point><altitudeMode>clampToGround</altitudeMode><coordinates>7.179679088294506,45.255691045895219,2126.0900000000001</coordinates></Point></Placemark><Placemark><TimeSpan><begin>2023-06-25T09:05:12Z</begin><end>2023-06-25T09:05:17Z</end></TimeSpan><styleUrl>#point</styleUrl><Point><altitudeMode>clampToGround</altitudeMode><coordinates>7.179601220414043,45.255685178562999,2126.5700000000002</coordinates></Point></Placemark><Placemark><TimeSpan><begin>2023-06-25T09:05:17Z</begin><end>2023-06-25T09:05:28Z</end></TimeSpan><styleUrl>#point</styleUrl><Point><altitudeMode>clampToGround</altitudeMode><coordinates>7.179439784958959,45.255637653172016,2127.0500000000002</coordinates></Point></Placemark><Placemark><TimeSpan><begin>2023-06-25T09:05:28Z</begin><end>2023-06-25T09:05:37Z</end></TimeSpan><styleUrl>#point</styleUrl><Point><altitudeMode>clampToGround</altitudeMode><coordinates>7.17929620295763,45.255601862445474,2127.0500000000002</coordinates></Point></Placemark><Placemark><TimeSpan><begin>2023-06-25T09:05:37Z</begin><end>2023-06-25T09:05:42Z</end></TimeSpan><styleUrl>#point</styleUrl><Point><altitudeMode>clampToGround</altitudeMode><coordinates>7.179226381704211,45.255597084760666,2127.0500000000002</coordinates></Point></Placemark><Placemark><TimeSpan><begin>2023-06-25T09:05:42Z</begin><end>2023-06-25T09:05:46Z</end></TimeSpan><styleUrl>#point</styleUrl><Point><altitudeMode>clampToGround</altitudeMode><coordinates>7.179169468581677,45.255602449178696,2127.0500000000002</coordinates></Point></Placemark><Placemark><TimeSpan><begin>2023-06-25T09:05:46Z</begin><end>2023-06-25T09:05:56Z</end></TimeSpan><styleUrl>#point</styleUrl><Point><altitudeMode>clampToGround</altitudeMode><coordinates>7.17911196872592,45.255597168579698,2127.5300000000002</coordinates></Point></Placemark><Placemark><TimeSpan><begin>2023-06-25T09:05:56Z</begin><end>2023-06-25T09:06:21Z</end></TimeSpan><styleUrl>#point</styleUrl><Point><altitudeMode>clampToGround</altitudeMode><coordinates>7.17911884188652,45.255616949871182,2128.02</coordinates></Point></Placemark><Placemark><TimeSpan><begin>2023-06-25T09:06:21Z</begin><end>2023-06-25T09:06:34Z</end></TimeSpan><styleUrl>#point</styleUrl><Point><altitudeMode>clampToGround</altitudeMode><coordinates>7.179005267098546,45.255644358694553,2128.5</coordinates></Point></Placemark><Placemark><TimeSpan><begin>2023-06-25T09:06:34Z</begin><end>2023-06-25T09:06:46Z</end></TimeSpan><styleUrl>#point</styleUrl><Point><altitudeMode>clampToGround</altitudeMode><coordinates>7.178934691473842,45.255680317059159,2128.5</coordinates></Point></Placemark><Placemark><TimeSpan><begin>2023-06-25T09:06:46Z</begin><end>2023-06-25T09:07:01Z</end></TimeSpan><styleUrl>#point</styleUrl><Point><altitudeMode>clampToGround</altitudeMode><coordinates>7.17887794598937,45.255667995661497,2128.98</coordinates></Point></Placemark><Placemark><TimeSpan><begin>2023-06-25T09:07:01Z</begin><end>2023-06-25T09:07:11Z</end></TimeSpan><styleUrl>#point</styleUrl><Point><altitudeMode>clampToGround</altitudeMode><coordinates>7.17875330708921,45.255695823580027,2128.98</coordinates></Point></Placemark><Placemark><TimeSpan><begin>2023-06-25T09:07:11Z</begin><end>2023-06-25T09:07:21Z</end></TimeSpan><styleUrl>#point</styleUrl><Point><altitudeMode>clampToGround</altitudeMode><coordinates>7.178625650703907,45.255697332322598,2129.46</coordinates></Point></Placemark><Placemark><TimeSpan><begin>2023-06-25T09:07:21Z</begin><end>2023-06-25T09:07:28Z</end></TimeSpan><styleUrl>#point</styleUrl><Point><altitudeMode>clampToGround</altitudeMode><coordinates>7.178559601306915,45.255693309009075,2129.46</coordinates></Point></Placemark><Placemark><TimeSpan><begin>2023-06-25T09:07:28Z</begin><end>2023-06-25T09:07:36Z</end></TimeSpan><styleUrl>#point</styleUrl><Point><altitudeMode>clampToGround</altitudeMode><coordinates>7.178528755903244,45.255694733932614,2129.46</coordinates></Point></Placemark><Placemark><TimeSpan><begin>2023-06-25T09:07:36Z</begin><end>2023-06-25T09:07:46Z</end></TimeSpan><styleUrl>#point</styleUrl><Point><altitudeMode>clampToGround</altitudeMode><coordinates>7.178361620754004,45.25569255463779,2130.4200000000001</coordinates></Point></Placemark><Placemark><TimeSpan><begin>2023-06-25T09:07:46Z</begin><end>2023-06-25T09:07:47Z</end></TimeSpan><styleUrl>#point</styleUrl><Point><altitudeMode>clampToGround</altitudeMode><coordinates>7.178344102576375,45.255692135542631,2130.9000000000001</coordinates></Point></Placemark><Placemark><TimeSpan><begin>2023-06-25T09:07:47Z</begin><end>2023-06-25T09:07:57Z</end></TimeSpan><styleUrl>#point</styleUrl><Point><altitudeMode>clampToGround</altitudeMode><coordinates>7.178178559988737,45.255681490525603,2131.3800000000001</coordinates></Point></Placemark><Placemark><TimeSpan><begin>2023-06-25T09:07:57Z</begin><end>2023-06-25T09:07:59Z</end></TimeSpan><styleUrl>#point</styleUrl><Point><altitudeMode>clampToGround</altitudeMode><coordinates>7.178139835596085,45.25568182580173,2131.3800000000001</coordinates></Point></Placemark><Placemark><TimeSpan><begin>2023-06-25T09:07:59Z</begin><end>2023-06-25T09:08:03Z</end></TimeSpan><styleUrl>#point</styleUrl><Point><altitudeMode>clampToGround</altitudeMode><coordinates>7.178084012120962,45.255713174119592,2131.8600000000001</coordinates></Point></Placemark><Placemark><TimeSpan><begin>2023-06-25T09:08:03Z</begin><end>2023-06-25T09:08:08Z</end></TimeSpan><styleUrl>#point</styleUrl><Point><altitudeMode>clampToGround</altitudeMode><coordinates>7.178031206130981,45.255753910169005,2131.8600000000001</coordinates></Point></Placemark><Placemark><TimeSpan><begin>2023-06-25T09:08:08Z</begin><end>2023-06-25T09:08:14Z</end></TimeSpan><styleUrl>#point</styleUrl><Point><altitudeMode>clampToGround</altitudeMode><coordinates>7.178027685731649,45.255820294842124,2132.8200000000002</coordinates></Point></Placemark><Placemark><TimeSpan><begin>2023-06-25T09:08:14Z</begin><end>2023-06-25T09:08:25Z</end></TimeSpan><styleUrl>#point</styleUrl><Point><altitudeMode>clampToGround</altitudeMode><coordinates>7.178124915808439,45.255879806354642,2134.2600000000002</coordinates></Point></Placemark><Placemark><TimeSpan><begin>2023-06-25T09:08:25Z</begin><end>2023-06-25T09:08:33Z</end></TimeSpan><styleUrl>#point</styleUrl><Point><altitudeMode>clampToGround</altitudeMode><coordinates>7.17821435071528,45.255893049761653,2135.71</coordinates></Point></Placemark><Placemark><TimeSpan><begin>2023-06-25T09:08:33Z</begin><end>2023-06-25T09:08:43Z</end></TimeSpan><styleUrl>#point</styleUrl><Point><altitudeMode>clampToGround</altitudeMode><coordinates>7.178360028192401,45.255873436108232,2137.6300000000001</coordinates></Point></Placemark><Placemark><TimeSpan><begin>2023-06-25T09:08:43Z</begin><end>2023-06-25T09:08:52Z</end></TimeSpan><styleUrl>#point</styleUrl><Point><altitudeMode>clampToGround</altitudeMode><coordinates>7.17848651111126,45.255862707272172,2138.5900000000001</coordinates></Point></Placemark><Placemark><TimeSpan><begin>2023-06-25T09:08:52Z</begin><end>2023-06-25T09:08:57Z</end></TimeSpan><styleUrl>#point</styleUrl><Point><altitudeMode>clampToGround</altitudeMode><coordinates>7.178548369556665,45.255871759727597,2139.0700000000002</coordinates></Point></Placemark><Placemark><TimeSpan><begin>2023-06-25T09:08:57Z</begin><end>2023-06-25T09:09:08Z</end></TimeSpan><styleUrl>#point</styleUrl><Point><altitudeMode>clampToGround</altitudeMode><coordinates>7.178705781698227,45.255851643159986,2140.9899999999998</coordinates></Point></Placemark><Placemark><TimeSpan><begin>2023-06-25T09:09:08Z</begin><end>2023-06-25T09:09:18Z</end></TimeSpan><styleUrl>#point</styleUrl><Point><altitudeMode>clampToGround</altitudeMode><coordinates>7.17882270924747,45.255830269306898,2142.4400000000001</coordinates></Point></Placemark><Placemark><TimeSpan><begin>2023-06-25T09:09:18Z</begin><end>2023-06-25T09:09:30Z</end></TimeSpan><styleUrl>#point</styleUrl><Point><altitudeMode>clampToGround</altitudeMode><coordinates>7.178965117782354,45.255823647603393,2144.3600000000001</coordinates></Point></Placemark><Placemark><TimeSpan><begin>2023-06-25T09:09:30Z</begin><end>2023-06-25T09:09:34Z</end></TimeSpan><styleUrl>#point</styleUrl><Point><altitudeMode>clampToGround</altitudeMode><coordinates>7.179013816639781,45.255830436944962,2144.8400000000001</coordinates></Point></Placemark><Placemark><TimeSpan><begin>2023-06-25T09:09:34Z</begin><end>2023-06-25T09:09:45Z</end></TimeSpan><styleUrl>#point</styleUrl><Point><altitudeMode>clampToGround</altitudeMode><coordinates>7.179161505773664,45.255858767777681,2145.8000000000002</coordinates></Point></Placemark><Placemark><TimeSpan><begin>2023-06-25T09:09:45Z</begin><end>2023-06-25T09:09:56Z</end></TimeSpan><styleUrl>#point</styleUrl><Point><altitudeMode>clampToGround</altitudeMode><coordinates>7.179283797740936,45.255907718092203,2148.1999999999998</coordinates></Point></Placemark><Placemark><TimeSpan><begin>2023-06-25T09:09:56Z</begin><end>2023-06-25T09:10:08Z</end></TimeSpan><styleUrl>#point</styleUrl><Point><altitudeMode>clampToGround</altitudeMode><coordinates>7.17940466478467,45.255989860743284,2149.6500000000001</coordinates></Point></Placemark><Placemark><TimeSpan><begin>2023-06-25T09:10:08Z</begin><end>2023-06-25T09:10:12Z</end></TimeSpan><styleUrl>#point</styleUrl><Point><altitudeMode>clampToGround</altitudeMode><coordinates>7.179437521845102,45.256018778309226,2149.6500000000001</coordinates></Point></Placemark><Placemark><TimeSpan><begin>2023-06-25T09:10:12Z</begin><end>2023-06-25T09:10:14Z</end></TimeSpan><styleUrl>#point</styleUrl><Point><altitudeMode>clampToGround</altitudeMode><coordinates>7.179456632584333,45.25603654794395,2150.1300000000001</coordinates></Point></Placemark><Placemark><TimeSpan><begin>2023-06-25T09:10:14Z</begin><end>2023-06-25T09:10:24Z</end></TimeSpan><styleUrl>#point</styleUrl><Point><altitudeMode>clampToGround</altitudeMode><coordinates>7.179542044177651,45.256081558763981,2151.5700000000002</coordinates></Point></Placemark><Placemark><TimeSpan><begin>2023-06-25T09:10:24Z</begin><end>2023-06-25T09:10:34Z</end></TimeSpan><styleUrl>#point</styleUrl><Point><altitudeMode>clampToGround</altitudeMode><coordinates>7.179665425792337,45.256105866283178,2152.5300000000002</coordinates></Point></Placemark><Placemark><TimeSpan><begin>2023-06-25T09:10:34Z</begin><end>2023-06-25T09:10:46Z</end></TimeSpan><styleUrl>#point</styleUrl><Point><altitudeMode>clampToGround</altitudeMode><coordinates>7.179796518757939,45.256091365590692,2154.4499999999998</coordinates></Point></Placemark><Placemark><TimeSpan><begin>2023-06-25T09:10:46Z</begin><end>2023-06-25T09:10:57Z</end></TimeSpan><styleUrl>#point</styleUrl><Point><altitudeMode>clampToGround</altitudeMode><coordinates>7.179932054132223,45.256059933453798,2155.4099999999999</coordinates></Point></Placemark><Placemark><TimeSpan><begin>2023-06-25T09:10:57Z</begin><end>2023-06-25T09:11:07Z</end></TimeSpan><styleUrl>#point</styleUrl><Point><altitudeMode>clampToGround</altitudeMode><coordinates>7.180023835971952,45.256103184074163,2156.8600000000001</coordinates></Point></Placemark><Placemark><TimeSpan><begin>2023-06-25T09:11:07Z</begin><end>2023-06-25T09:11:12Z</end></TimeSpan><styleUrl>#point</styleUrl><Point><altitudeMode>clampToGround</altitudeMode><coordinates>7.180056106299162,45.256148111075163,2157.3400000000001</coordinates></Point></Placemark><Placemark><TimeSpan><begin>2023-06-25T09:11:12Z</begin><end>2023-06-25T09:11:22Z</end></TimeSpan><styleUrl>#point</styleUrl><Point><altitudeMode>clampToGround</altitudeMode><coordinates>7.180057698860765,45.256237126886845,2158.7800000000002</coordinates></Point></Placemark><Placemark><TimeSpan><begin>2023-06-25T09:11:22Z</begin><end>2023-06-25T09:11:32Z</end></TimeSpan><styleUrl>#point</styleUrl><Point><altitudeMode>clampToGround</altitudeMode><coordinates>7.179965330287814,45.25630627758801,2159.2600000000002</coordinates></Point></Placemark><Placemark><TimeSpan><begin>2023-06-25T09:11:32Z</begin><end>2023-06-25T09:11:40Z</end></TimeSpan><styleUrl>#point</styleUrl><Point><altitudeMode>clampToGround</altitudeMode><coordinates>7.179892659187317,45.256329076364636,2160.2199999999998</coordinates></Point></Placemark><Placemark><TimeSpan><begin>2023-06-25T09:11:40Z</begin><end>2023-06-25T09:11:51Z</end></TimeSpan><styleUrl>#point</styleUrl><Point><altitudeMode>clampToGround</altitudeMode><coordinates>7.17971102334559,45.256333686411381,2161.6599999999999</coordinates></Point></Placemark><Placemark><TimeSpan><begin>2023-06-25T09:11:51Z</begin><end>2023-06-25T09:12:00Z</end></TimeSpan><styleUrl>#point</styleUrl><Point><altitudeMode>clampToGround</altitudeMode><coordinates>7.179585294798017,45.256337290629745,2162.6199999999999</coordinates></Point></Placemark><Placemark><TimeSpan><begin>2023-06-25T09:12:00Z</begin><end>2023-06-25T09:12:02Z</end></TimeSpan><styleUrl>#point</styleUrl><Point><altitudeMode>clampToGround</altitudeMode><coordinates>7.179557718336582,45.256328573450446,2162.6199999999999</coordinates></Point></Placemark><Placemark><TimeSpan><begin>2023-06-25T09:12:02Z</begin><end>2023-06-25T09:12:11Z</end></TimeSpan><styleUrl>#point</styleUrl><Point><altitudeMode>clampToGround</altitudeMode><coordinates>7.179443389177322,45.256304601207376,2163.5799999999999</coordinates></Point></Placemark><Placemark><TimeSpan><begin>2023-06-25T09:12:11Z</begin><end>2023-06-25T09:12:21Z</end></TimeSpan><styleUrl>#point</styleUrl><Point><altitudeMode>clampToGround</altitudeMode><coordinates>7.179333586245775,45.256263948976994,2165.0300000000002</coordinates></Point></Placemark><Placemark><TimeSpan><begin>2023-06-25T09:12:21Z</begin><end>2023-06-25T09:12:30Z</end></TimeSpan><styleUrl>#point</styleUrl><Point><altitudeMode>clampToGround</altitudeMode><coordinates>7.179228058084846,45.256223464384675,2165.5100000000002</coordinates></Point></Placemark><Placemark><TimeSpan><begin>2023-06-25T09:12:30Z</begin><end>2023-06-25T09:12:39Z</end></TimeSpan><styleUrl>#point</styleUrl><Point><altitudeMode>clampToGround</altitudeMode><coordinates>7.179119344800711,45.256183482706547,2166.4699999999998</coordinates></Point></Placemark><Placemark><TimeSpan><begin>2023-06-25T09:12:39Z</begin><end>2023-06-25T09:12:45Z</end></TimeSpan><styleUrl>#point</styleUrl><Point><altitudeMode>clampToGround</altitudeMode><coordinates>7.179043656215072,45.256161857396364,2167.9099999999999</coordinates></Point></Placemark><Placemark><TimeSpan><begin>2023-06-25T09:12:45Z</begin><end>2023-06-25T09:12:47Z</end></TimeSpan><styleUrl>#point</styleUrl><Point><altitudeMode>clampToGround</altitudeMode><coordinates>7.179019348695874,45.256156325340271,2167.9099999999999</coordinates></Point></Placemark><Placemark><TimeSpan><begin>2023-06-25T09:12:47Z</begin><end>2023-06-25T09:12:51Z</end></TimeSpan><styleUrl>#point</styleUrl><Point><altitudeMode>clampToGround</altitudeMode><coordinates>7.178967799991369,45.256135370582342,2168.3899999999999</coordinates></Point></Placemark><Placemark><TimeSpan><begin>2023-06-25T09:12:51Z</begin><end>2023-06-25T09:13:00Z</end></TimeSpan><styleUrl>#point</styleUrl><Point><altitudeMode>clampToGround</altitudeMode><coordinates>7.178912227973342,45.256119361147285,2168.8699999999999</coordinates></Point></Placemark><Placemark><TimeSpan><begin>2023-06-25T09:13:00Z</begin><end>2023-06-25T09:13:15Z</end></TimeSpan><styleUrl>#point</styleUrl><Point><altitudeMode>clampToGround</altitudeMode><coordinates>7.178893787786365,45.256132017821074,2169.3499999999999</coordinates></Point></Placemark><Placemark><TimeSpan><begin>2023-06-25T09:13:15Z</begin><end>2023-06-25T09:13:35Z</end></TimeSpan><styleUrl>#point</styleUrl><Point><altitudeMode>clampToGround</altitudeMode><coordinates>7.178882556036115,45.256122713908553,2169.3499999999999</coordinates></Point></Placemark><Placemark><TimeSpan><begin>2023-06-25T09:13:35Z</begin><end>2023-06-25T09:13:40Z</end></TimeSpan><styleUrl>#point</styleUrl><Point><altitudeMode>clampToGround</altitudeMode><coordinates>7.178808711469173,45.256128162145615,2169.8299999999999</coordinates></Point></Placemark><Placemark><TimeSpan><begin>2023-06-25T09:13:40Z</begin><end>2023-06-25T09:13:50Z</end></TimeSpan><styleUrl>#point</styleUrl><Point><altitudeMode>clampToGround</altitudeMode><coordinates>7.178759425878525,45.256129838526249,2170.3099999999999</coordinates></Point></Placemark><Placemark><TimeSpan><begin>2023-06-25T09:13:50Z</begin><end>2023-06-25T09:14:06Z</end></TimeSpan><styleUrl>#point</styleUrl><Point><altitudeMode>clampToGround</altitudeMode><coordinates>7.178732687607408,45.256122630089521,2170.3099999999999</coordinates></Point></Placemark><Placemark><TimeSpan><begin>2023-06-25T09:14:06Z</begin><end>2023-06-25T09:14:08Z</end></TimeSpan><styleUrl>#point</styleUrl><Point><altitudeMode>clampToGround</altitudeMode><coordinates>7.178721036761999,45.256139477714896,2170.3099999999999</coordinates></Point></Placemark><Placemark><TimeSpan><begin>2023-06-25T09:14:08Z</begin><end>2023-06-25T09:14:21Z</end></TimeSpan><styleUrl>#point</styleUrl><Point><altitudeMode>clampToGround</altitudeMode><coordinates>7.178593380376697,45.256223296746612,2171.7600000000002</coordinates></Point></Placemark><Placemark><TimeSpan><begin>2023-06-25T09:14:21Z</begin><end>2023-06-25T09:14:25Z</end></TimeSpan><styleUrl>#point</styleUrl><Point><altitudeMode>clampToGround</altitudeMode><coordinates>7.178552728146315,45.256242491304874,2171.7600000000002</coordinates></Point></Placemark><Placemark><TimeSpan><begin>2023-06-25T09:14:25Z</begin><end>2023-06-25T09:14:29Z</end></TimeSpan><styleUrl>#point</styleUrl><Point><altitudeMode>clampToGround</altitudeMode><coordinates>7.178508136421442,45.25627207942307,2172.7199999999998</coordinates></Point></Placemark><Placemark><TimeSpan><begin>2023-06-25T09:14:29Z</begin><end>2023-06-25T09:14:40Z</end></TimeSpan><styleUrl>#point</styleUrl><Point><altitudeMode>clampToGround</altitudeMode><coordinates>7.178380563855171,45.256351288408041,2174.1599999999999</coordinates></Point></Placemark><Placemark><TimeSpan><begin>2023-06-25T09:14:40Z</begin><end>2023-06-25T09:14:50Z</end></TimeSpan><styleUrl>#point</styleUrl><Point><altitudeMode>clampToGround</altitudeMode><coordinates>7.178343767300248,45.256368555128574,2174.6399999999999</coordinates></Point></Placemark><Placemark><TimeSpan><begin>2023-06-25T09:14:50Z</begin><end>2023-06-25T09:15:01Z</end></TimeSpan><styleUrl>#point</styleUrl><Point><altitudeMode>clampToGround</altitudeMode><coordinates>7.178299846127629,45.256473748013377,2175.5999999999999</coordinates></Point></Placemark><Placemark><TimeSpan><begin>2023-06-25T09:15:01Z</begin><end>2023-06-25T09:15:06Z</end></TimeSpan><styleUrl>#point</styleUrl><Point><altitudeMode>clampToGround</altitudeMode><coordinates>7.178340665996075,45.256516663357615,2176.0799999999999</coordinates></Point></Placemark><Placemark><TimeSpan><begin>2023-06-25T09:15:06Z</begin><end>2023-06-25T09:15:11Z</end></TimeSpan><styleUrl>#point</styleUrl><Point><altitudeMode>clampToGround</altitudeMode><coordinates>7.178397411480546,45.256534600630403,2176.5599999999999</coordinates></Point></Placemark><Placemark><TimeSpan><begin>2023-06-25T09:15:11Z</begin><end>2023-06-25T09:15:17Z</end></TimeSpan><styleUrl>#point</styleUrl><Point><altitudeMode>clampToGround</altitudeMode><coordinates>7.178477793931961,45.256524374708533,2177.52</coordinates></Point></Placemark><Placemark><TimeSpan><begin>2023-06-25T09:15:17Z</begin><end>2023-06-25T09:15:28Z</end></TimeSpan><styleUrl>#point</styleUrl><Point><altitudeMode>clampToGround</altitudeMode><coordinates>7.178628416731954,45.256467293947935,2178.9699999999998</coordinates></Point></Placemark><Placemark><TimeSpan><begin>2023-06-25T09:15:28Z</begin><end>2023-06-25T09:15:40Z</end></TimeSpan><styleUrl>#point</styleUrl><Point><altitudeMode>clampToGround</altitudeMode><coordinates>7.178784571588039,45.256423288956285,2180.4099999999999</coordinates></Point></Placemark><Placemark><TimeSpan><begin>2023-06-25T09:15:40Z</begin><end>2023-06-25T09:15:45Z</end></TimeSpan><styleUrl>#point</styleUrl><Point><altitudeMode>clampToGround</altitudeMode><coordinates>7.178850285708904,45.256421780213714,2180.8899999999999</coordinates></Point></Placemark><Placemark><TimeSpan><begin>2023-06-25T09:15:45Z</begin><end>2023-06-25T09:15:51Z</end></TimeSpan><styleUrl>#point</styleUrl><Point><altitudeMode>clampToGround</altitudeMode><coordinates>7.178933518007398,45.256423875689507,2181.8499999999999</coordinates></Point></Placemark><Placemark><TimeSpan><begin>2023-06-25T09:15:51Z</begin><end>2023-06-25T09:16:01Z</end></TimeSpan><styleUrl>#point</styleUrl><Point><altitudeMode>clampToGround</altitudeMode><coordinates>7.179066203534603,45.256447931751609,2182.8099999999999</coordinates></Point></Placemark><Placemark><TimeSpan><begin>2023-06-25T09:16:01Z</begin><end>2023-06-25T09:16:14Z</end></TimeSpan><styleUrl>#point</styleUrl><Point><altitudeMode>clampToGround</altitudeMode><coordinates>7.17924490571022,45.256504509598017,2184.25</coordinates></Point></Placemark><Placemark><TimeSpan><begin>2023-06-25T09:16:14Z</begin><end>2023-06-25T09:16:27Z</end></TimeSpan><styleUrl>#point</styleUrl><Point><altitudeMode>clampToGround</altitudeMode><coordinates>7.179387733340263,45.256585059687495,2185.6900000000001</coordinates></Point></Placemark><Placemark><TimeSpan><begin>2023-06-25T09:16:27Z</begin><end>2023-06-25T09:16:37Z</end></TimeSpan><styleUrl>#point</styleUrl><Point><altitudeMode>clampToGround</altitudeMode><coordinates>7.179507594555616,45.256664771586657,2187.1399999999999</coordinates></Point></Placemark><Placemark><TimeSpan><begin>2023-06-25T09:16:37Z</begin><end>2023-06-25T09:16:44Z</end></TimeSpan><styleUrl>#point</styleUrl><Point><altitudeMode>clampToGround</altitudeMode><coordinates>7.179576912894845,45.256720343604684,2187.6199999999999</coordinates></Point></Placemark><Placemark><TimeSpan><begin>2023-06-25T09:16:44Z</begin><end>2023-06-25T09:16:51Z</end></TimeSpan><styleUrl>#point</styleUrl><Point><altitudeMode>clampToGround</altitudeMode><coordinates>7.179566435515881,45.256798295304179,2188.5799999999999</coordinates></Point></Placemark><Placemark><TimeSpan><begin>2023-06-25T09:16:51Z</begin><end>2023-06-25T09:16:59Z</end></TimeSpan><styleUrl>#point</styleUrl><Point><altitudeMode>clampToGround</altitudeMode><coordinates>7.179499045014381,45.256853364408016,2189.0599999999999</coordinates></Point></Placemark><Placemark><TimeSpan><begin>2023-06-25T09:16:59Z</begin><end>2023-06-25T09:17:09Z</end></TimeSpan><styleUrl>#point</styleUrl><Point><altitudeMode>clampToGround</altitudeMode><coordinates>7.179372059181333,45.256861411035061,2190.5</coordinates></Point></Placemark><Placemark><TimeSpan><begin>2023-06-25T09:17:09Z</begin><end>2023-06-25T09:17:13Z</end></TimeSpan><styleUrl>#point</styleUrl><Point><altitudeMode>clampToGround</altitudeMode><coordinates>7.179305255413055,45.256848335266113,2190.5</coordinates></Point></Placemark><Placemark><TimeSpan><begin>2023-06-25T09:17:13Z</begin><end>2023-06-25T09:17:15Z</end></TimeSpan><styleUrl>#point</styleUrl><Point><altitudeMode>clampToGround</altitudeMode><coordinates>7.17927030287683,45.256837522611022,2190.5</coordinates></Point></Placemark><Placemark><TimeSpan><begin>2023-06-25T09:17:15Z</begin><end>2023-06-25T09:17:26Z</end></TimeSpan><styleUrl>#point</styleUrl><Point><altitudeMode>clampToGround</altitudeMode><coordinates>7.179107442498207,45.25676510296762,2191.9400000000001</coordinates></Point></Placemark><Placemark><TimeSpan><begin>2023-06-25T09:17:26Z</begin><end>2023-06-25T09:17:36Z</end></TimeSpan><styleUrl>#point</styleUrl><Point><altitudeMode>clampToGround</altitudeMode><coordinates>7.178957322612405,45.256732245907187,2193.3899999999999</coordinates></Point></Placemark><Placemark><TimeSpan><begin>2023-06-25T09:17:36Z</begin><end>2023-06-25T09:17:37Z</end></TimeSpan><styleUrl>#point</styleUrl><Point><altitudeMode>clampToGround</altitudeMode><coordinates>7.178946677595377,45.256733587011695,2193.3899999999999</coordinates></Point></Placemark><Placemark><TimeSpan><begin>2023-06-25T09:17:37Z</begin><end>2023-06-25T09:17:47Z</end></TimeSpan><styleUrl>#point</styleUrl><Point><altitudeMode>clampToGround</altitudeMode><coordinates>7.178821451961994,45.256770802661777,2194.8299999999999</coordinates></Point></Placemark><Placemark><TimeSpan><begin>2023-06-25T09:17:47Z</begin><end>2023-06-25T09:17:56Z</end></TimeSpan><styleUrl>#point</styleUrl><Point><altitudeMode>clampToGround</altitudeMode><coordinates>7.178730424493551,45.256803156808019,2194.8299999999999</coordinates></Point></Placemark><Placemark><TimeSpan><begin>2023-06-25T09:17:56Z</begin><end>2023-06-25T09:18:09Z</end></TimeSpan><styleUrl>#point</styleUrl><Point><altitudeMode>clampToGround</altitudeMode><coordinates>7.178663369268179,45.256823692470789,2195.79</coordinates></Point></Placemark><Placemark><TimeSpan><begin>2023-06-25T09:18:09Z</begin><end>2023-06-25T09:18:10Z</end></TimeSpan><styleUrl>#point</styleUrl><Point><altitudeMode>clampToGround</altitudeMode><coordinates>7.178653310984373,45.256830733269453,2195.79</coordinates></Point></Placemark><Placemark><TimeSpan><begin>2023-06-25T09:18:10Z</begin><end>2023-06-25T09:18:20Z</end></TimeSpan><styleUrl>#point</styleUrl><Point><altitudeMode>clampToGround</altitudeMode><coordinates>7.178539400920272,45.256892843171954,2197.23</coordinates></Point></Placemark><Placemark><TimeSpan><begin>2023-06-25T09:18:20Z</begin><end>2023-06-25T09:18:30Z</end></TimeSpan><styleUrl>#point</styleUrl><Point><altitudeMode>clampToGround</altitudeMode><coordinates>7.178468070924282,45.25695419870317,2197.71</coordinates></Point></Placemark><Placemark><TimeSpan><begin>2023-06-25T09:18:30Z</begin><end>2023-06-25T09:18:42Z</end></TimeSpan><styleUrl>#point</styleUrl><Point><altitudeMode>clampToGround</altitudeMode><coordinates>7.178463879972696,45.256987139582634,2198.1900000000001</coordinates></Point></Placemark><Placemark><TimeSpan><begin>2023-06-25T09:18:42Z</begin><end>2023-06-25T09:19:04Z</end></TimeSpan><styleUrl>#point</styleUrl><Point><altitudeMode>clampToGround</altitudeMode><coordinates>7.178473100066185,45.256975907832384,2198.1900000000001</coordinates></Point></Placemark><Placemark><TimeSpan><begin>2023-06-25T09:19:04Z</begin><end>2023-06-25T09:19:12Z</end></TimeSpan><styleUrl>#point</styleUrl><Point><altitudeMode>clampToGround</altitudeMode><coordinates>7.178422305732966,45.256960904225707,2198.1900000000001</coordinates></Point></Placemark><Placemark><TimeSpan><begin>2023-06-25T09:19:12Z</begin><end>2023-06-25T09:19:24Z</end></TimeSpan><styleUrl>#point</styleUrl><Point><altitudeMode>clampToGround</altitudeMode><coordinates>7.178277214989066,45.256975153461099,2198.6700000000001</coordinates></Point></Placemark><Placemark><TimeSpan><begin>2023-06-25T09:19:24Z</begin><end>2023-06-25T09:19:26Z</end></TimeSpan><styleUrl>#point</styleUrl><Point><altitudeMode>clampToGround</altitudeMode><coordinates>7.178250560536981,45.25698303245008,2199.1500000000001</coordinates></Point></Placemark><Placemark><TimeSpan><begin>2023-06-25T09:19:26Z</begin><end>2023-06-25T09:19:36Z</end></TimeSpan><styleUrl>#point</styleUrl><Point><altitudeMode>clampToGround</altitudeMode><coordinates>7.178093232214451,45.25698060169816,2200.1100000000001</coordinates></Point></Placemark><Placemark><TimeSpan><begin>2023-06-25T09:19:36Z</begin><end>2023-06-25T09:19:46Z</end></TimeSpan><styleUrl>#point</styleUrl><Point><altitudeMode>clampToGround</altitudeMode><coordinates>7.177956188097596,45.256992839276791,2202.04</coordinates></Point></Placemark><Placemark><TimeSpan><begin>2023-06-25T09:19:46Z</begin><end>2023-06-25T09:19:55Z</end></TimeSpan><styleUrl>#point</styleUrl><Point><altitudeMode>clampToGround</altitudeMode><coordinates>7.177834482863545,45.257022930309176,2203</coordinates></Point></Placemark><Placemark><TimeSpan><begin>2023-06-25T09:19:55Z</begin><end>2023-06-25T09:20:04Z</end></TimeSpan><styleUrl>#point</styleUrl><Point><altitudeMode>clampToGround</altitudeMode><coordinates>7.177724847570062,45.257073892280459,2204.4400000000001</coordinates></Point></Placemark><Placemark><TimeSpan><begin>2023-06-25T09:20:04Z</begin><end>2023-06-25T09:20:11Z</end></TimeSpan><styleUrl>#point</styleUrl><Point><altitudeMode>clampToGround</altitudeMode><coordinates>7.177653266116977,45.257117310538888,2204.9200000000001</coordinates></Point></Placemark><Placemark><TimeSpan><begin>2023-06-25T09:20:11Z</begin><end>2023-06-25T09:20:17Z</end></TimeSpan><styleUrl>#point</styleUrl><Point><altitudeMode>clampToGround</altitudeMode><coordinates>7.177593084052205,45.257153855636716,2205.4000000000001</coordinates></Point></Placemark><Placemark><TimeSpan><begin>2023-06-25T09:20:17Z</begin><end>2023-06-25T09:20:20Z</end></TimeSpan><styleUrl>#point</styleUrl><Point><altitudeMode>clampToGround</altitudeMode><coordinates>7.177565842866898,45.257175145670772,2206.3600000000001</coordinates></Point></Placemark><Placemark><TimeSpan><begin>2023-06-25T09:20:20Z</begin><end>2023-06-25T09:20:22Z</end></TimeSpan><styleUrl>#point</styleUrl><Point><altitudeMode>clampToGround</altitudeMode><coordinates>7.177540780976415,45.257185539230704,2206.3600000000001</coordinates></Point></Placemark><Placemark><TimeSpan><begin>2023-06-25T09:20:22Z</begin><end>2023-06-25T09:20:28Z</end></TimeSpan><styleUrl>#point</styleUrl><Point><altitudeMode>clampToGround</altitudeMode><coordinates>7.177467355504632,45.257212445139885,2207.3200000000002</coordinates></Point></Placemark><Placemark><TimeSpan><begin>2023-06-25T09:20:28Z</begin><end>2023-06-25T09:20:38Z</end></TimeSpan><styleUrl>#point</styleUrl><Point><altitudeMode>clampToGround</altitudeMode><coordinates>7.17731824144721,45.25723029859364,2208.29</coordinates></Point></Placemark><Placemark><TimeSpan><begin>2023-06-25T09:20:38Z</begin><end>2023-06-25T09:20:47Z</end></TimeSpan><styleUrl>#point</styleUrl><Point><altitudeMode>clampToGround</altitudeMode><coordinates>7.177187651395798,45.257226778194308,2209.73</coordinates></Point></Placemark><Placemark><TimeSpan><begin>2023-06-25T09:20:47Z</begin><end>2023-06-25T09:20:48Z</end></TimeSpan><styleUrl>#point</styleUrl><Point><altitudeMode>clampToGround</altitudeMode><coordinates>7.177175497636199,45.257225520908833,2209.73</coordinates></Point></Placemark><Placemark><TimeSpan><begin>2023-06-25T09:20:48Z</begin><end>2023-06-25T09:20:56Z</end></TimeSpan><styleUrl>#point</styleUrl><Point><altitudeMode>clampToGround</altitudeMode><coordinates>7.177068209275603,45.257216887548566,2210.21</coordinates></Point></Placemark><Placemark><TimeSpan><begin>2023-06-25T09:20:56Z</begin><end>2023-06-25T09:20:58Z</end></TimeSpan><styleUrl>#point</styleUrl><Point><altitudeMode>clampToGround</altitudeMode><coordinates>7.177036358043551,45.257218647748232,2210.21</coordinates></Point></Placemark><Placemark><TimeSpan><begin>2023-06-25T09:20:58Z</begin><end>2023-06-25T09:21:07Z</end></TimeSpan><styleUrl>#point</styleUrl><Point><altitudeMode>clampToGround</altitudeMode><coordinates>7.176901744678617,45.257220156490803,2211.6500000000001</coordinates></Point></Placemark><Placemark><TimeSpan><begin>2023-06-25T09:21:07Z</begin><end>2023-06-25T09:21:16Z</end></TimeSpan><styleUrl>#point</styleUrl><Point><altitudeMode>clampToGround</altitudeMode><coordinates>7.176765203475952,45.25722342543304,2213.0900000000001</coordinates></Point></Placemark><Placemark><TimeSpan><begin>2023-06-25T09:21:16Z</begin><end>2023-06-25T09:21:24Z</end></TimeSpan><styleUrl>#point</styleUrl><Point><altitudeMode>clampToGround</altitudeMode><coordinates>7.176661435514689,45.257238009944558,2213.5700000000002</coordinates></Point></Placemark><Placemark><TimeSpan><begin>2023-06-25T09:21:24Z</begin><end>2023-06-25T09:21:33Z</end></TimeSpan><styleUrl>#point</styleUrl><Point><altitudeMode>clampToGround</altitudeMode><coordinates>7.176529169082642,45.257263742387295,2214.5300000000002</coordinates></Point></Placemark><Placemark><TimeSpan><begin>2023-06-25T09:21:33Z</begin><end>2023-06-25T09:21:42Z</end></TimeSpan><styleUrl>#point</styleUrl><Point><altitudeMode>clampToGround</altitudeMode><coordinates>7.176431771367788,45.257305316627026,2215.0100000000002</coordinates></Point></Placemark><Placemark><TimeSpan><begin>2023-06-25T09:21:42Z</begin><end>2023-06-25T09:21:59Z</end></TimeSpan><styleUrl>#point</styleUrl><Point><altitudeMode>clampToGround</altitudeMode><coordinates>7.176430849358439,45.257305568084121,2215.0100000000002</coordinates></Point></Placemark><Placemark><TimeSpan><begin>2023-06-25T09:21:59Z</begin><end>2023-06-25T09:22:12Z</end></TimeSpan><styleUrl>#point</styleUrl><Point><altitudeMode>clampToGround</altitudeMode><coordinates>7.176347365602851,45.257318392395973,2215.5</coordinates></Point></Placemark><Placemark><TimeSpan><begin>2023-06-25T09:22:12Z</begin><end>2023-06-25T09:22:22Z</end></TimeSpan><styleUrl>#point</styleUrl><Point><altitudeMode>clampToGround</altitudeMode><coordinates>7.176200011745095,45.257347896695137,2216.46</coordinates></Point></Placemark><Placemark><TimeSpan><begin>2023-06-25T09:22:22Z</begin><end>2023-06-25T09:22:30Z</end></TimeSpan><styleUrl>#point</styleUrl><Point><altitudeMode>clampToGround</altitudeMode><coordinates>7.176102865487337,45.257369773462415,2217.4200000000001</coordinates></Point></Placemark><Placemark><TimeSpan><begin>2023-06-25T09:22:30Z</begin><end>2023-06-25T09:22:34Z</end></TimeSpan><styleUrl>#point</styleUrl><Point><altitudeMode>clampToGround</altitudeMode><coordinates>7.176062716171145,45.257384022697806,2217.9000000000001</coordinates></Point></Placemark><Placemark><TimeSpan><begin>2023-06-25T09:22:34Z</begin><end>2023-06-25T09:22:38Z</end></TimeSpan><styleUrl>#point</styleUrl><Point><altitudeMode>clampToGround</altitudeMode><coordinates>7.17601016163826,45.257395589724183,2217.9000000000001</coordinates></Point></Placemark><Placemark><TimeSpan><begin>2023-06-25T09:22:38Z</begin><end>2023-06-25T09:22:48Z</end></TimeSpan><styleUrl>#point</styleUrl><Point><altitudeMode>clampToGround</altitudeMode><coordinates>7.17585626989603,45.257428279146552,2219.3400000000001</coordinates></Point></Placemark><Placemark><TimeSpan><begin>2023-06-25T09:22:48Z</begin><end>2023-06-25T09:22:49Z</end></TimeSpan><styleUrl>#point</styleUrl><Point><altitudeMode>clampToGround</altitudeMode><coordinates>7.175841433927417,45.257429201155901,2219.3400000000001</coordinates></Point></Placemark><Placemark><TimeSpan><begin>2023-06-25T09:22:49Z</begin><end>2023-06-25T09:22:56Z</end></TimeSpan><styleUrl>#point</styleUrl><Point><altitudeMode>clampToGround</altitudeMode><coordinates>7.175732217729092,45.257433475926518,2219.8200000000002</coordinates></Point></Placemark><Placemark><TimeSpan><begin>2023-06-25T09:22:56Z</begin><end>2023-06-25T09:22:58Z</end></TimeSpan><styleUrl>#point</styleUrl><Point><altitudeMode>clampToGround</altitudeMode><coordinates>7.175701037049294,45.257431883364916,2219.8200000000002</coordinates></Point></Placemark><Placemark><TimeSpan><begin>2023-06-25T09:22:58Z</begin><end>2023-06-25T09:23:05Z</end></TimeSpan><styleUrl>#point</styleUrl><Point><altitudeMode>clampToGround</altitudeMode><coordinates>7.175611602142453,45.257442109286785,2221.2600000000002</coordinates></Point></Placemark><Placemark><TimeSpan><begin>2023-06-25T09:23:05Z</begin><end>2023-06-25T09:23:08Z</end></TimeSpan><styleUrl>#point</styleUrl><Point><altitudeMode>clampToGround</altitudeMode><coordinates>7.175567680969834,45.257440935820341,2221.2600000000002</coordinates></Point></Placemark><Placemark><TimeSpan><begin>2023-06-25T09:23:08Z</begin><end>2023-06-25T09:23:18Z</end></TimeSpan><styleUrl>#point</styleUrl><Point><altitudeMode>clampToGround</altitudeMode><coordinates>7.175422003492713,45.25744772516191,2222.71</coordinates></Point></Placemark><Placemark><TimeSpan><begin>2023-06-25T09:23:18Z</begin><end>2023-06-25T09:23:26Z</end></TimeSpan><styleUrl>#point</styleUrl><Point><altitudeMode>clampToGround</altitudeMode><coordinates>7.175312535837293,45.257453424856067,2223.1900000000001</coordinates></Point></Placemark><Placemark><TimeSpan><begin>2023-06-25T09:23:26Z</begin><end>2023-06-25T09:23:30Z</end></TimeSpan><styleUrl>#point</styleUrl><Point><altitudeMode>clampToGround</altitudeMode><coordinates>7.17526157386601,45.257442779839039,2223.6700000000001</coordinates></Point></Placemark><Placemark><TimeSpan><begin>2023-06-25T09:23:30Z</begin><end>2023-06-25T09:23:32Z</end></TimeSpan><styleUrl>#point</styleUrl><Point><altitudeMode>clampToGround</altitudeMode><coordinates>7.175236511975527,45.257446635514498,2223.6700000000001</coordinates></Point></Placemark><Placemark><TimeSpan><begin>2023-06-25T09:23:32Z</begin><end>2023-06-25T09:23:42Z</end></TimeSpan><styleUrl>#point</styleUrl><Point><altitudeMode>clampToGround</altitudeMode><coordinates>7.175092762336135,45.257451497018337,2225.5900000000001</coordinates></Point></Placemark><Placemark><TimeSpan><begin>2023-06-25T09:23:42Z</begin><end>2023-06-25T09:23:44Z</end></TimeSpan><styleUrl>#point</styleUrl><Point><altitudeMode>clampToGround</altitudeMode><coordinates>7.17506904155016,45.257447976619005,2225.5900000000001</coordinates></Point></Placemark><Placemark><TimeSpan><begin>2023-06-25T09:23:44Z</begin><end>2023-06-25T09:23:55Z</end></TimeSpan><styleUrl>#point</styleUrl><Point><altitudeMode>clampToGround</altitudeMode><coordinates>7.174915987998247,45.257434314116836,2226.5500000000002</coordinates></Point></Placemark><Placemark><TimeSpan><begin>2023-06-25T09:23:55Z</begin><end>2023-06-25T09:24:04Z</end></TimeSpan><styleUrl>#point</styleUrl><Point><altitudeMode>clampToGround</altitudeMode><coordinates>7.174785062670708,45.257417885586619,2227.9899999999998</coordinates></Point></Placemark><Placemark><TimeSpan><begin>2023-06-25T09:24:04Z</begin><end>2023-06-25T09:24:08Z</end></TimeSpan><styleUrl>#point</styleUrl><Point><altitudeMode>clampToGround</altitudeMode><coordinates>7.174719516187906,45.257405731827021,2228.9499999999998</coordinates></Point></Placemark><Placemark><TimeSpan><begin>2023-06-25T09:24:08Z</begin><end>2023-06-25T09:24:17Z</end></TimeSpan><styleUrl>#point</styleUrl><Point><altitudeMode>clampToGround</altitudeMode><coordinates>7.174634356051683,45.25737832300365,2229.4299999999998</coordinates></Point></Placemark><Placemark><TimeSpan><begin>2023-06-25T09:24:17Z</begin><end>2023-06-25T09:24:27Z</end></TimeSpan><styleUrl>#point</styleUrl><Point><altitudeMode>clampToGround</altitudeMode><coordinates>7.174522541463375,45.257336664944887,2230.8800000000001</coordinates></Point></Placemark><Placemark><TimeSpan><begin>2023-06-25T09:24:27Z</begin><end>2023-06-25T09:24:30Z</end></TimeSpan><styleUrl>#point</styleUrl><Point><altitudeMode>clampToGround</altitudeMode><coordinates>7.174495216459036,45.257326690480113,2230.8800000000001</coordinates></Point></Placemark><Placemark><TimeSpan><begin>2023-06-25T09:24:30Z</begin><end>2023-06-25T09:24:33Z</end></TimeSpan><styleUrl>#point</styleUrl><Point><altitudeMode>clampToGround</altitudeMode><coordinates>7.174449618905783,45.257315207272768,2231.3600000000001</coordinates></Point></Placemark><Placemark><TimeSpan><begin>2023-06-25T09:24:33Z</begin><end>2023-06-25T09:24:36Z</end></TimeSpan><styleUrl>#point</styleUrl><Point><altitudeMode>clampToGround</altitudeMode><coordinates>7.174400668591261,45.257311770692468,2231.8400000000001</coordinates></Point></Placemark><Placemark><TimeSpan><begin>2023-06-25T09:24:36Z</begin><end>2023-06-25T09:24:38Z</end></TimeSpan><styleUrl>#point</styleUrl><Point><altitudeMode>clampToGround</altitudeMode><coordinates>7.174372924491763,45.257299616932869,2231.8400000000001</coordinates></Point></Placemark><Placemark><TimeSpan><begin>2023-06-25T09:24:38Z</begin><end>2023-06-25T09:24:48Z</end></TimeSpan><styleUrl>#point</styleUrl><Point><altitudeMode>clampToGround</altitudeMode><coordinates>7.174236718565226,45.257260305806994,2232.8000000000002</coordinates></Point></Placemark><Placemark><TimeSpan><begin>2023-06-25T09:24:48Z</begin><end>2023-06-25T09:24:58Z</end></TimeSpan><styleUrl>#point</styleUrl><Point><altitudeMode>clampToGround</altitudeMode><coordinates>7.174097998067737,45.257225688546896,2234.2399999999998</coordinates></Point></Placemark><Placemark><TimeSpan><begin>2023-06-25T09:24:58Z</begin><end>2023-06-25T09:25:09Z</end></TimeSpan><styleUrl>#point</styleUrl><Point><altitudeMode>clampToGround</altitudeMode><coordinates>7.173934718593955,45.257190736010671,2235.1999999999998</coordinates></Point></Placemark><Placemark><TimeSpan><begin>2023-06-25T09:25:09Z</begin><end>2023-06-25T09:25:14Z</end></TimeSpan><styleUrl>#point</styleUrl><Point><altitudeMode>clampToGround</altitudeMode><coordinates>7.173869172111154,45.257182186469436,2235.6799999999998</coordinates></Point></Placemark><Placemark><TimeSpan><begin>2023-06-25T09:25:14Z</begin><end>2023-06-25T09:25:21Z</end></TimeSpan><styleUrl>#point</styleUrl><Point><altitudeMode>clampToGround</altitudeMode><coordinates>7.173762805759907,45.257179839536548,2236.6399999999999</coordinates></Point></Placemark><Placemark><TimeSpan><begin>2023-06-25T09:25:21Z</begin><end>2023-06-25T09:25:31Z</end></TimeSpan><styleUrl>#point</styleUrl><Point><altitudeMode>clampToGround</altitudeMode><coordinates>7.173633640632033,45.257178330793977,2238.5700000000002</coordinates></Point></Placemark><Placemark><TimeSpan><begin>2023-06-25T09:25:31Z</begin><end>2023-06-25T09:25:32Z</end></TimeSpan><styleUrl>#point</styleUrl><Point><altitudeMode>clampToGround</altitudeMode><coordinates>7.173625510185957,45.257176822051406,2238.5700000000002</coordinates></Point></Placemark><Placemark><TimeSpan><begin>2023-06-25T09:25:32Z</begin><end>2023-06-25T09:25:34Z</end></TimeSpan><styleUrl>#point</styleUrl><Point><altitudeMode>clampToGround</altitudeMode><coordinates>7.173603633418679,45.257183695212007,2238.5700000000002</coordinates></Point></Placemark><Placemark><TimeSpan><begin>2023-06-25T09:25:34Z</begin><end>2023-06-25T09:25:37Z</end></TimeSpan><styleUrl>#point</styleUrl><Point><altitudeMode>clampToGround</altitudeMode><coordinates>7.173575470224023,45.257199201732874,2239.0500000000002</coordinates></Point></Placemark><Placemark><TimeSpan><begin>2023-06-25T09:25:37Z</begin><end>2023-06-25T09:25:47Z</end></TimeSpan><styleUrl>#point</styleUrl><Point><altitudeMode>clampToGround</altitudeMode><coordinates>7.17344781383872,45.257236333563924,2240.0100000000002</coordinates></Point></Placemark><Placemark><TimeSpan><begin>2023-06-25T09:25:47Z</begin><end>2023-06-25T09:25:54Z</end></TimeSpan><styleUrl>#point</styleUrl><Point><altitudeMode>clampToGround</altitudeMode><coordinates>7.173366593196988,45.257243542000651,2240.9699999999998</coordinates></Point></Placemark><Placemark><TimeSpan><begin>2023-06-25T09:25:54Z</begin><end>2023-06-25T09:26:07Z</end></TimeSpan><styleUrl>#point</styleUrl><Point><altitudeMode>clampToGround</altitudeMode><coordinates>7.173348655924201,45.257245050743222,2241.4499999999998</coordinates></Point></Placemark><Placemark><TimeSpan><begin>2023-06-25T09:26:07Z</begin><end>2023-06-25T09:26:12Z</end></TimeSpan><styleUrl>#point</styleUrl><Point><altitudeMode>clampToGround</altitudeMode><coordinates>7.173341950401664,45.257256533950567,2241.4499999999998</coordinates></Point></Placemark><Placemark><TimeSpan><begin>2023-06-25T09:26:12Z</begin><end>2023-06-25T09:26:15Z</end></TimeSpan><styleUrl>#point</styleUrl><Point><altitudeMode>clampToGround</altitudeMode><coordinates>7.17330607585609,45.257255863398314,2241.4499999999998</coordinates></Point></Placemark><Placemark><TimeSpan><begin>2023-06-25T09:26:15Z</begin><end>2023-06-25T09:26:29Z</end></TimeSpan><styleUrl>#point</styleUrl><Point><altitudeMode>clampToGround</altitudeMode><coordinates>7.173174563795328,45.257252594456077,2242.4099999999999</coordinates></Point></Placemark><Placemark><TimeSpan><begin>2023-06-25T09:26:29Z</begin><end>2023-06-25T09:31:35Z</end></TimeSpan><styleUrl>#point</styleUrl><Point><altitudeMode>clampToGround</altitudeMode><coordinates>7.169483508914709,45.256560752168298,2260.6799999999998</coordinates></Point></Placemark><Placemark><TimeSpan><begin>2023-06-25T09:31:35Z</begin><end>2023-06-25T09:31:46Z</end></TimeSpan><styleUrl>#point</styleUrl><Point><altitudeMode>clampToGround</altitudeMode><coordinates>7.169471774250269,45.256561925634742,2261.1599999999999</coordinates></Point></Placemark><Placemark><TimeSpan><begin>2023-06-25T09:31:46Z</begin><end>2023-06-25T09:31:52Z</end></TimeSpan><styleUrl>#point</styleUrl><Point><altitudeMode>clampToGround</altitudeMode><coordinates>7.169405221939087,45.25658237747848,2261.6399999999999</coordinates></Point></Placemark><Placemark><TimeSpan><begin>2023-06-25T09:31:52Z</begin><end>2023-06-25T09:31:55Z</end></TimeSpan><styleUrl>#point</styleUrl><Point><altitudeMode>clampToGround</altitudeMode><coordinates>7.169367587193847,45.256597548723221,2262.1199999999999</coordinates></Point></Placemark><Placemark><TimeSpan><begin>2023-06-25T09:31:55Z</begin><end>2023-06-25T09:32:06Z</end></TimeSpan><styleUrl>#point</styleUrl><Point><altitudeMode>clampToGround</altitudeMode><coordinates>7.169220484793186,45.256627136841416,2263.5599999999999</coordinates></Point></Placemark><Placemark><TimeSpan><begin>2023-06-25T09:32:06Z</begin><end>2023-06-25T09:32:16Z</end></TimeSpan><styleUrl>#point</styleUrl><Point><altitudeMode>clampToGround</altitudeMode><coordinates>7.169085955247283,45.256653958931565,2264.04</coordinates></Point></Placemark><Placemark><TimeSpan><begin>2023-06-25T09:32:16Z</begin><end>2023-06-25T09:32:27Z</end></TimeSpan><styleUrl>#point</styleUrl><Point><altitudeMode>clampToGround</altitudeMode><coordinates>7.168922675773501,45.256665945053101,2265.96</coordinates></Point></Placemark><Placemark><TimeSpan><begin>2023-06-25T09:32:27Z</begin><end>2023-06-25T09:32:37Z</end></TimeSpan><styleUrl>#point</styleUrl><Point><altitudeMode>clampToGround</altitudeMode><coordinates>7.168772304430604,45.256671477109194,2266.4499999999998</coordinates></Point></Placemark><Placemark><TimeSpan><begin>2023-06-25T09:32:37Z</begin><end>2023-06-25T09:32:43Z</end></TimeSpan><styleUrl>#point</styleUrl><Point><altitudeMode>clampToGround</altitudeMode><coordinates>7.168691754341126,45.256667956709862,2267.4099999999999</coordinates></Point></Placemark><Placemark><TimeSpan><begin>2023-06-25T09:32:43Z</begin><end>2023-06-25T09:32:46Z</end></TimeSpan><styleUrl>#point</styleUrl><Point><altitudeMode>clampToGround</altitudeMode><coordinates>7.168651772662997,45.256668124347925,2267.4099999999999</coordinates></Point></Placemark><Placemark><TimeSpan><begin>2023-06-25T09:32:46Z</begin><end>2023-06-25T09:32:48Z</end></TimeSpan><styleUrl>#point</styleUrl><Point><altitudeMode>clampToGround</altitudeMode><coordinates>7.168623609468341,45.256666950881481,2267.4099999999999</coordinates></Point></Placemark><Placemark><TimeSpan><begin>2023-06-25T09:32:48Z</begin><end>2023-06-25T09:32:55Z</end></TimeSpan><styleUrl>#point</styleUrl><Point><altitudeMode>clampToGround</altitudeMode><coordinates>7.168531911447644,45.256655300036073,2268.3699999999999</coordinates></Point></Placemark><Placemark><TimeSpan><begin>2023-06-25T09:32:55Z</begin><end>2023-06-25T09:32:58Z</end></TimeSpan><styleUrl>#point</styleUrl><Point><altitudeMode>clampToGround</altitudeMode><coordinates>7.168490253388882,45.256650606170297,2268.3699999999999</coordinates></Point></Placemark><Placemark><TimeSpan><begin>2023-06-25T09:32:58Z</begin><end>2023-06-25T09:33:00Z</end></TimeSpan><styleUrl>#point</styleUrl><Point><altitudeMode>clampToGround</altitudeMode><coordinates>7.168464437127113,45.25664540939033,2268.3699999999999</coordinates></Point></Placemark><Placemark><TimeSpan><begin>2023-06-25T09:33:00Z</begin><end>2023-06-25T09:33:10Z</end></TimeSpan><styleUrl>#point</styleUrl><Point><altitudeMode>clampToGround</altitudeMode><coordinates>7.168327560648322,45.256624203175306,2269.8099999999999</coordinates></Point></Placemark><Placemark><TimeSpan><begin>2023-06-25T09:33:10Z</begin><end>2023-06-25T09:33:19Z</end></TimeSpan><styleUrl>#point</styleUrl><Point><altitudeMode>clampToGround</altitudeMode><coordinates>7.168206358328462,45.256598386913538,2270.77</coordinates></Point></Placemark><Placemark><TimeSpan><begin>2023-06-25T09:33:19Z</begin><end>2023-06-25T09:33:29Z</end></TimeSpan><styleUrl>#point</styleUrl><Point><altitudeMode>clampToGround</altitudeMode><coordinates>7.168145338073373,45.256585143506527,2271.25</coordinates></Point></Placemark><Placemark><TimeSpan><begin>2023-06-25T09:33:29Z</begin><end>2023-06-25T09:33:54Z</end></TimeSpan><styleUrl>#point</styleUrl><Point><altitudeMode>clampToGround</altitudeMode><coordinates>7.16814030893147,45.256589083001018,2271.25</coordinates></Point></Placemark><Placemark><TimeSpan><begin>2023-06-25T09:33:54Z</begin><end>2023-06-25T09:34:02Z</end></TimeSpan><styleUrl>#point</styleUrl><Point><altitudeMode>clampToGround</altitudeMode><coordinates>7.168108960613608,45.256611714139581,2271.25</coordinates></Point></Placemark><Placemark><TimeSpan><begin>2023-06-25T09:34:02Z</begin><end>2023-06-25T09:34:12Z</end></TimeSpan><styleUrl>#point</styleUrl><Point><altitudeMode>clampToGround</altitudeMode><coordinates>7.167944172397256,45.256624286994338,2272.21</coordinates></Point></Placemark><Placemark><TimeSpan><begin>2023-06-25T09:34:12Z</begin><end>2023-06-25T09:34:14Z</end></TimeSpan><styleUrl>#point</styleUrl><Point><altitudeMode>clampToGround</altitudeMode><coordinates>7.167916344478726,45.256621604785323,2272.21</coordinates></Point></Placemark><Placemark><TimeSpan><begin>2023-06-25T09:34:14Z</begin><end>2023-06-25T09:34:18Z</end></TimeSpan><styleUrl>#point</styleUrl><Point><altitudeMode>clampToGround</altitudeMode><coordinates>7.167856832966209,45.256629483774304,2272.6900000000001</coordinates></Point></Placemark><Placemark><TimeSpan><begin>2023-06-25T09:34:18Z</begin><end>2023-06-25T09:34:29Z</end></TimeSpan><styleUrl>#point</styleUrl><Point><altitudeMode>clampToGround</altitudeMode><coordinates>7.167689027264714,45.256622945889831,2274.1399999999999</coordinates></Point></Placemark><Placemark><TimeSpan><begin>2023-06-25T09:34:29Z</begin><end>2023-06-25T09:34:39Z</end></TimeSpan><styleUrl>#point</styleUrl><Point><altitudeMode>clampToGround</altitudeMode><coordinates>7.167543265968561,45.256619174033403,2275.0999999999999</coordinates></Point></Placemark><Placemark><TimeSpan><begin>2023-06-25T09:34:39Z</begin><end>2023-06-25T09:34:45Z</end></TimeSpan><styleUrl>#point</styleUrl><Point><altitudeMode>clampToGround</altitudeMode><coordinates>7.167448969557881,45.256628980860114,2275.5799999999999</coordinates></Point></Placemark><Placemark><TimeSpan><begin>2023-06-25T09:34:45Z</begin><end>2023-06-25T09:34:54Z</end></TimeSpan><styleUrl>#point</styleUrl><Point><altitudeMode>clampToGround</altitudeMode><coordinates>7.167311338707805,45.256637027487159,2277.5</coordinates></Point></Placemark><Placemark><TimeSpan><begin>2023-06-25T09:34:54Z</begin><end>2023-06-25T09:35:03Z</end></TimeSpan><styleUrl>#point</styleUrl><Point><altitudeMode>clampToGround</altitudeMode><coordinates>7.167183347046375,45.256654880940914,2277.98</coordinates></Point></Placemark><Placemark><TimeSpan><begin>2023-06-25T09:35:03Z</begin><end>2023-06-25T09:35:14Z</end></TimeSpan><styleUrl>#point</styleUrl><Point><altitudeMode>clampToGround</altitudeMode><coordinates>7.167038843035698,45.256697880104184,2279.4200000000001</coordinates></Point></Placemark><Placemark><TimeSpan><begin>2023-06-25T09:35:14Z</begin><end>2023-06-25T09:35:15Z</end></TimeSpan><styleUrl>#point</styleUrl><Point><altitudeMode>clampToGround</altitudeMode><coordinates>7.167026856914163,45.256705088540912,2279.9000000000001</coordinates></Point></Placemark><Placemark><TimeSpan><begin>2023-06-25T09:35:15Z</begin><end>2023-06-25T09:35:25Z</end></TimeSpan><styleUrl>#point</styleUrl><Point><altitudeMode>clampToGround</altitudeMode><coordinates>7.166934236884117,45.256756553426385,2280.8699999999999</coordinates></Point></Placemark><Placemark><TimeSpan><begin>2023-06-25T09:35:25Z</begin><end>2023-06-25T09:35:33Z</end></TimeSpan><styleUrl>#point</styleUrl><Point><altitudeMode>clampToGround</altitudeMode><coordinates>7.16686986386776,45.256802486255765,2281.8299999999999</coordinates></Point></Placemark><Placemark><TimeSpan><begin>2023-06-25T09:35:33Z</begin><end>2023-06-25T09:35:41Z</end></TimeSpan><styleUrl>#point</styleUrl><Point><altitudeMode>clampToGround</altitudeMode><coordinates>7.166843377053738,45.256829895079136,2282.3099999999999</coordinates></Point></Placemark><Placemark><TimeSpan><begin>2023-06-25T09:35:41Z</begin><end>2023-06-25T09:35:50Z</end></TimeSpan><styleUrl>#point</styleUrl><Point><altitudeMode>clampToGround</altitudeMode><coordinates>7.166809095069766,45.256862416863441,2283.27</coordinates></Point></Placemark><Placemark><TimeSpan><begin>2023-06-25T09:35:50Z</begin><end>2023-06-25T09:35:58Z</end></TimeSpan><styleUrl>#point</styleUrl><Point><altitudeMode>clampToGround</altitudeMode><coordinates>7.166763162240386,45.256910948082805,2283.75</coordinates></Point></Placemark><Placemark><TimeSpan><begin>2023-06-25T09:35:58Z</begin><end>2023-06-25T09:36:07Z</end></TimeSpan><styleUrl>#point</styleUrl><Point><altitudeMode>clampToGround</altitudeMode><coordinates>7.1667037345469,45.256986636668444,2284.71</coordinates></Point></Placemark><Placemark><TimeSpan><begin>2023-06-25T09:36:07Z</begin><end>2023-06-25T09:36:14Z</end></TimeSpan><styleUrl>#point</styleUrl><Point><altitudeMode>clampToGround</altitudeMode><coordinates>7.166671296581626,45.257058469578624,2286.1500000000001</coordinates></Point></Placemark><Placemark><TimeSpan><begin>2023-06-25T09:36:14Z</begin><end>2023-06-25T09:36:23Z</end></TimeSpan><styleUrl>#point</styleUrl><Point><altitudeMode>clampToGround</altitudeMode><coordinates>7.166584879159927,45.25712569244206,2286.6300000000001</coordinates></Point></Placemark><Placemark><TimeSpan><begin>2023-06-25T09:36:23Z</begin><end>2023-06-25T09:36:31Z</end></TimeSpan><styleUrl>#point</styleUrl><Point><altitudeMode>clampToGround</altitudeMode><coordinates>7.166475327685475,45.257162824273109,2287.5900000000001</coordinates></Point></Placemark><Placemark><TimeSpan><begin>2023-06-25T09:36:31Z</begin><end>2023-06-25T09:36:36Z</end></TimeSpan><styleUrl>#point</styleUrl><Point><altitudeMode>clampToGround</altitudeMode><coordinates>7.166402405127883,45.257170367985964,2288.0799999999999</coordinates></Point></Placemark><Placemark><TimeSpan><begin>2023-06-25T09:36:36Z</begin><end>2023-06-25T09:36:39Z</end></TimeSpan><styleUrl>#point</styleUrl><Point><altitudeMode>clampToGround</altitudeMode><coordinates>7.166366195306182,45.257180342450738,2288.5599999999999</coordinates></Point></Placemark><Placemark><TimeSpan><begin>2023-06-25T09:36:39Z</begin><end>2023-06-25T09:36:42Z</end></TimeSpan><styleUrl>#point</styleUrl><Point><altitudeMode>clampToGround</altitudeMode><coordinates>7.166324788704515,45.257186461240053,2288.5599999999999</coordinates></Point></Placemark><Placemark><TimeSpan><begin>2023-06-25T09:36:42Z</begin><end>2023-06-25T09:36:52Z</end></TimeSpan><styleUrl>#point</styleUrl><Point><altitudeMode>clampToGround</altitudeMode><coordinates>7.16626544483006,45.257169529795647,2289.52</coordinates></Point></Placemark><Placemark><TimeSpan><begin>2023-06-25T09:36:52Z</begin><end>2023-06-25T09:37:14Z</end></TimeSpan><styleUrl>#point</styleUrl><Point><altitudeMode>clampToGround</altitudeMode><coordinates>7.166241556406021,45.25715553201735,2289.52</coordinates></Point></Placemark><Placemark><TimeSpan><begin>2023-06-25T09:37:14Z</begin><end>2023-06-25T09:37:23Z</end></TimeSpan><styleUrl>#point</styleUrl><Point><altitudeMode>clampToGround</altitudeMode><coordinates>7.166129406541586,45.257161650806665,2290.48</coordinates></Point></Placemark><Placemark><TimeSpan><begin>2023-06-25T09:37:23Z</begin><end>2023-06-25T09:37:30Z</end></TimeSpan><styleUrl>#point</styleUrl><Point><altitudeMode>clampToGround</altitudeMode><coordinates>7.166051371023059,45.257173888385296,2291.4400000000001</coordinates></Point></Placemark><Placemark><TimeSpan><begin>2023-06-25T09:37:30Z</begin><end>2023-06-25T09:37:37Z</end></TimeSpan><styleUrl>#point</styleUrl><Point><altitudeMode>clampToGround</altitudeMode><coordinates>7.165967635810375,45.25719459168613,2292.4000000000001</coordinates></Point></Placemark><Placemark><TimeSpan><begin>2023-06-25T09:37:37Z</begin><end>2023-06-25T09:37:47Z</end></TimeSpan><styleUrl>#point</styleUrl><Point><altitudeMode>clampToGround</altitudeMode><coordinates>7.16588918119669,45.257254019379616,2293.8400000000001</coordinates></Point></Placemark><Placemark><TimeSpan><begin>2023-06-25T09:37:47Z</begin><end>2023-06-25T09:37:57Z</end></TimeSpan><styleUrl>#point</styleUrl><Point><altitudeMode>clampToGround</altitudeMode><coordinates>7.165824891999364,45.257324175909162,2295.2800000000002</coordinates></Point></Placemark><Placemark><TimeSpan><begin>2023-06-25T09:37:57Z</begin><end>2023-06-25T09:38:06Z</end></TimeSpan><styleUrl>#point</styleUrl><Point><altitudeMode>clampToGround</altitudeMode><coordinates>7.165723722428083,45.257387040182948,2296.73</coordinates></Point></Placemark><Placemark><TimeSpan><begin>2023-06-25T09:38:06Z</begin><end>2023-06-25T09:38:09Z</end></TimeSpan><styleUrl>#point</styleUrl><Point><altitudeMode>clampToGround</altitudeMode><coordinates>7.165698325261474,45.257415790110826,2296.73</coordinates></Point></Placemark><Placemark><TimeSpan><begin>2023-06-25T09:38:09Z</begin><end>2023-06-25T09:38:11Z</end></TimeSpan><styleUrl>#point</styleUrl><Point><altitudeMode>clampToGround</altitudeMode><coordinates>7.165679633617401,45.257433643564582,2296.73</coordinates></Point></Placemark><Placemark><TimeSpan><begin>2023-06-25T09:38:11Z</begin><end>2023-06-25T09:38:24Z</end></TimeSpan><styleUrl>#point</styleUrl><Point><altitudeMode>clampToGround</altitudeMode><coordinates>7.165540242567658,45.257527939975262,2299.1300000000001</coordinates></Point></Placemark><Placemark><TimeSpan><begin>2023-06-25T09:38:24Z</begin><end>2023-06-25T09:38:35Z</end></TimeSpan><styleUrl>#point</styleUrl><Point><altitudeMode>clampToGround</altitudeMode><coordinates>7.165438318625093,45.257621565833688,2301.0500000000002</coordinates></Point></Placemark><Placemark><TimeSpan><begin>2023-06-25T09:38:35Z</begin><end>2023-06-25T09:38:40Z</end></TimeSpan><styleUrl>#point</styleUrl><Point><altitudeMode>clampToGround</altitudeMode><coordinates>7.165395319461823,45.257655847817659,2301.5300000000002</coordinates></Point></Placemark><Placemark><TimeSpan><begin>2023-06-25T09:38:40Z</begin><end>2023-06-25T09:38:51Z</end></TimeSpan><styleUrl>#point</styleUrl><Point><altitudeMode>clampToGround</altitudeMode><coordinates>7.165314517915249,45.257749138399959,2302.4899999999998</coordinates></Point></Placemark><Placemark><TimeSpan><begin>2023-06-25T09:38:51Z</begin><end>2023-06-25T09:38:58Z</end></TimeSpan><styleUrl>#point</styleUrl><Point><altitudeMode>clampToGround</altitudeMode><coordinates>7.165291802957654,45.257820216938853,2303.46</coordinates></Point></Placemark><Placemark><TimeSpan><begin>2023-06-25T09:38:58Z</begin><end>2023-06-25T09:39:02Z</end></TimeSpan><styleUrl>#point</styleUrl><Point><altitudeMode>clampToGround</altitudeMode><coordinates>7.165268920361996,45.25786112062633,2304.4200000000001</coordinates></Point></Placemark><Placemark><TimeSpan><begin>2023-06-25T09:39:02Z</begin><end>2023-06-25T09:39:12Z</end></TimeSpan><styleUrl>#point</styleUrl><Point><altitudeMode>clampToGround</altitudeMode><coordinates>7.165269758552313,45.257945023477077,2305.8600000000001</coordinates></Point></Placemark><Placemark><TimeSpan><begin>2023-06-25T09:39:12Z</begin><end>2023-06-25T09:39:18Z</end></TimeSpan><styleUrl>#point</styleUrl><Point><altitudeMode>clampToGround</altitudeMode><coordinates>7.16529012657702,45.258007049560547,2306.3400000000001</coordinates></Point></Placemark><Placemark><TimeSpan><begin>2023-06-25T09:39:18Z</begin><end>2023-06-25T09:39:25Z</end></TimeSpan><styleUrl>#point</styleUrl><Point><altitudeMode>clampToGround</altitudeMode><coordinates>7.165309656411409,45.258083241060376,2307.3000000000002</coordinates></Point></Placemark><Placemark><TimeSpan><begin>2023-06-25T09:39:25Z</begin><end>2023-06-25T09:39:34Z</end></TimeSpan><styleUrl>#point</styleUrl><Point><altitudeMode>clampToGround</altitudeMode><coordinates>7.165334383025765,45.258148452267051,2307.7800000000002</coordinates></Point></Placemark><Placemark><TimeSpan><begin>2023-06-25T09:39:34Z</begin><end>2023-06-25T09:39:43Z</end></TimeSpan><styleUrl>#point</styleUrl><Point><altitudeMode>clampToGround</altitudeMode><coordinates>7.165372101590037,45.25822808034718,2309.2199999999998</coordinates></Point></Placemark><Placemark><TimeSpan><begin>2023-06-25T09:39:43Z</begin><end>2023-06-25T09:39:55Z</end></TimeSpan><styleUrl>#point</styleUrl><Point><altitudeMode>clampToGround</altitudeMode><coordinates>7.165420297533274,45.258339643478394,2310.6700000000001</coordinates></Point></Placemark><Placemark><TimeSpan><begin>2023-06-25T09:39:55Z</begin><end>2023-06-25T09:40:03Z</end></TimeSpan><styleUrl>#point</styleUrl><Point><altitudeMode>clampToGround</altitudeMode><coordinates>7.165441922843456,45.258414996787906,2311.6300000000001</coordinates></Point></Placemark><Placemark><TimeSpan><begin>2023-06-25T09:40:03Z</begin><end>2023-06-25T09:40:06Z</end></TimeSpan><styleUrl>#point</styleUrl><Point><altitudeMode>clampToGround</altitudeMode><coordinates>7.165444102138281,45.25843033567071,2312.1100000000001</coordinates></Point></Placemark><Placemark><TimeSpan><begin>2023-06-25T09:40:06Z</begin><end>2023-06-25T09:40:10Z</end></TimeSpan><styleUrl>#point</styleUrl><Point><altitudeMode>clampToGround</altitudeMode><coordinates>7.165444018319249,45.258463863283396,2312.1100000000001</coordinates></Point></Placemark><Placemark><TimeSpan><begin>2023-06-25T09:40:10Z</begin><end>2023-06-25T09:40:20Z</end></TimeSpan><styleUrl>#point</styleUrl><Point><altitudeMode>clampToGround</altitudeMode><coordinates>7.165430774912238,45.258471490815282,2313.0700000000002</coordinates></Point></Placemark><Placemark><TimeSpan><begin>2023-06-25T09:40:20Z</begin><end>2023-06-25T09:40:30Z</end></TimeSpan><styleUrl>#point</styleUrl><Point><altitudeMode>clampToGround</altitudeMode><coordinates>7.165413340553641,45.258473670110106,2313.5500000000002</coordinates></Point></Placemark><Placemark><TimeSpan><begin>2023-06-25T09:40:30Z</begin><end>2023-06-25T09:40:38Z</end></TimeSpan><styleUrl>#point</styleUrl><Point><altitudeMode>clampToGround</altitudeMode><coordinates>7.165444856509566,45.258537791669369,2313.5500000000002</coordinates></Point></Placemark><Placemark><TimeSpan><begin>2023-06-25T09:40:38Z</begin><end>2023-06-25T09:40:48Z</end></TimeSpan><styleUrl>#point</styleUrl><Point><altitudeMode>clampToGround</altitudeMode><coordinates>7.165448796004057,45.258617922663689,2315.4699999999998</coordinates></Point></Placemark><Placemark><TimeSpan><begin>2023-06-25T09:40:48Z</begin><end>2023-06-25T09:40:57Z</end></TimeSpan><styleUrl>#point</styleUrl><Point><altitudeMode>clampToGround</altitudeMode><coordinates>7.165438737720251,45.258687324821949,2316.4299999999998</coordinates></Point></Placemark><Placemark><TimeSpan><begin>2023-06-25T09:40:57Z</begin><end>2023-06-25T09:41:02Z</end></TimeSpan><styleUrl>#point</styleUrl><Point><altitudeMode>clampToGround</altitudeMode><coordinates>7.165437815710902,45.258736610412598,2316.4299999999998</coordinates></Point></Placemark><Placemark><TimeSpan><begin>2023-06-25T09:41:02Z</begin><end>2023-06-25T09:41:12Z</end></TimeSpan><styleUrl>#point</styleUrl><Point><altitudeMode>clampToGround</altitudeMode><coordinates>7.165395319461823,45.258822608739138,2317.8800000000001</coordinates></Point></Placemark><Placemark><TimeSpan><begin>2023-06-25T09:41:12Z</begin><end>2023-06-25T09:41:18Z</end></TimeSpan><styleUrl>#point</styleUrl><Point><altitudeMode>clampToGround</altitudeMode><coordinates>7.165368413552642,45.258870301768184,2318.3600000000001</coordinates></Point></Placemark><Placemark><TimeSpan><begin>2023-06-25T09:41:18Z</begin><end>2023-06-25T09:41:26Z</end></TimeSpan><styleUrl>#point</styleUrl><Point><altitudeMode>clampToGround</altitudeMode><coordinates>7.165336394682527,45.258940625935793,2319.3200000000002</coordinates></Point></Placemark><Placemark><TimeSpan><begin>2023-06-25T09:41:26Z</begin><end>2023-06-25T09:41:30Z</end></TimeSpan><styleUrl>#point</styleUrl><Point><altitudeMode>clampToGround</altitudeMode><coordinates>7.165324576199055,45.258973482996225,2319.8000000000002</coordinates></Point></Placemark><Placemark><TimeSpan><begin>2023-06-25T09:41:30Z</begin><end>2023-06-25T09:41:32Z</end></TimeSpan><styleUrl>#point</styleUrl><Point><altitudeMode>clampToGround</altitudeMode><coordinates>7.165325498208404,45.258989743888378,2319.8000000000002</coordinates></Point></Placemark><Placemark><TimeSpan><begin>2023-06-25T09:41:32Z</begin><end>2023-06-25T09:41:39Z</end></TimeSpan><styleUrl>#point</styleUrl><Point><altitudeMode>clampToGround</altitudeMode><coordinates>7.165359361097217,45.259044142439961,2320.7600000000002</coordinates></Point></Placemark><Placemark><TimeSpan><begin>2023-06-25T09:41:39Z</begin><end>2023-06-25T09:41:44Z</end></TimeSpan><styleUrl>#point</styleUrl><Point><altitudeMode>clampToGround</altitudeMode><coordinates>7.165416022762656,45.259069204330444,2321.2399999999998</coordinates></Point></Placemark><Placemark><TimeSpan><begin>2023-06-25T09:41:44Z</begin><end>2023-06-25T09:41:53Z</end></TimeSpan><styleUrl>#point</styleUrl><Point><altitudeMode>clampToGround</altitudeMode><coordinates>7.165537727996707,45.259043304249644,2322.6799999999998</coordinates></Point></Placemark><Placemark><TimeSpan><begin>2023-06-25T09:41:53Z</begin><end>2023-06-25T09:42:03Z</end></TimeSpan><styleUrl>#point</styleUrl><Point><altitudeMode>clampToGround</altitudeMode><coordinates>7.16563219204545,45.258970549330115,2323.6399999999999</coordinates></Point></Placemark><Placemark><TimeSpan><begin>2023-06-25T09:42:03Z</begin><end>2023-06-25T09:42:13Z</end></TimeSpan><styleUrl>#point</styleUrl><Point><altitudeMode>clampToGround</altitudeMode><coordinates>7.165703689679503,45.258887568488717,2324.6100000000001</coordinates></Point></Placemark><Placemark><TimeSpan><begin>2023-06-25T09:42:13Z</begin><end>2023-06-25T09:42:24Z</end></TimeSpan><styleUrl>#point</styleUrl><Point><altitudeMode>clampToGround</altitudeMode><coordinates>7.165773510932922,45.258804755285382,2326.0500000000002</coordinates></Point></Placemark><Placemark><TimeSpan><begin>2023-06-25T09:42:24Z</begin><end>2023-06-25T09:42:34Z</end></TimeSpan><styleUrl>#point</styleUrl><Point><altitudeMode>clampToGround</altitudeMode><coordinates>7.165876608341932,45.258740466088057,2327.0100000000002</coordinates></Point></Placemark><Placemark><TimeSpan><begin>2023-06-25T09:42:34Z</begin><end>2023-06-25T09:42:38Z</end></TimeSpan><styleUrl>#point</styleUrl><Point><altitudeMode>clampToGround</altitudeMode><coordinates>7.165928911417723,45.258736778050661,2327.4899999999998</coordinates></Point></Placemark><Placemark><TimeSpan><begin>2023-06-25T09:42:38Z</begin><end>2023-06-25T09:42:44Z</end></TimeSpan><styleUrl>#point</styleUrl><Point><altitudeMode>clampToGround</altitudeMode><coordinates>7.166003426536918,45.258757313713431,2327.9699999999998</coordinates></Point></Placemark><Placemark><TimeSpan><begin>2023-06-25T09:42:44Z</begin><end>2023-06-25T09:42:54Z</end></TimeSpan><styleUrl>#point</styleUrl><Point><altitudeMode>clampToGround</altitudeMode><coordinates>7.166062351316214,45.258837193250656,2328.9299999999998</coordinates></Point></Placemark><Placemark><TimeSpan><begin>2023-06-25T09:42:54Z</begin><end>2023-06-25T09:42:57Z</end></TimeSpan><styleUrl>#point</styleUrl><Point><altitudeMode>clampToGround</altitudeMode><coordinates>7.166067380458117,45.258862255141139,2329.4099999999999</coordinates></Point></Placemark><Placemark><TimeSpan><begin>2023-06-25T09:42:57Z</begin><end>2023-06-25T09:42:59Z</end></TimeSpan><styleUrl>#point</styleUrl><Point><altitudeMode>clampToGround</altitudeMode><coordinates>7.166068973019719,45.258884718641639,2329.4099999999999</coordinates></Point></Placemark><Placemark><TimeSpan><begin>2023-06-25T09:42:59Z</begin><end>2023-06-25T09:43:09Z</end></TimeSpan><styleUrl>#point</styleUrl><Point><altitudeMode>clampToGround</altitudeMode><coordinates>7.166074924170971,45.258983038365841,2331.3299999999999</coordinates></Point></Placemark><Placemark><TimeSpan><begin>2023-06-25T09:43:09Z</begin><end>2023-06-25T09:43:13Z</end></TimeSpan><styleUrl>#point</styleUrl><Point><altitudeMode>clampToGround</altitudeMode><coordinates>7.166065284982324,45.25901229120791,2331.8099999999999</coordinates></Point></Placemark><Placemark><TimeSpan><begin>2023-06-25T09:43:13Z</begin><end>2023-06-25T09:43:15Z</end></TimeSpan><styleUrl>#point</styleUrl><Point><altitudeMode>clampToGround</altitudeMode><coordinates>7.166057405993342,45.259030731394887,2331.8099999999999</coordinates></Point></Placemark><Placemark><TimeSpan><begin>2023-06-25T09:43:15Z</begin><end>2023-06-25T09:43:21Z</end></TimeSpan><styleUrl>#point</styleUrl><Point><altitudeMode>clampToGround</altitudeMode><coordinates>7.166038127616048,45.25908412411809,2332.7800000000002</coordinates></Point></Placemark><Placemark><TimeSpan><begin>2023-06-25T09:43:21Z</begin><end>2023-06-25T09:43:31Z</end></TimeSpan><styleUrl>#point</styleUrl><Point><altitudeMode>clampToGround</altitudeMode><coordinates>7.165994541719556,45.259168278425932,2334.2199999999998</coordinates></Point></Placemark><Placemark><TimeSpan><begin>2023-06-25T09:43:31Z</begin><end>2023-06-25T09:43:42Z</end></TimeSpan><styleUrl>#point</styleUrl><Point><altitudeMode>clampToGround</altitudeMode><coordinates>7.165911141782999,45.259223179891706,2334.6999999999998</coordinates></Point></Placemark><Placemark><TimeSpan><begin>2023-06-25T09:43:42Z</begin><end>2023-06-25T09:43:58Z</end></TimeSpan><styleUrl>#point</styleUrl><Point><altitudeMode>clampToGround</altitudeMode><coordinates>7.165892953053117,45.259227622300386,2335.1799999999998</coordinates></Point></Placemark><Placemark><TimeSpan><begin>2023-06-25T09:43:58Z</begin><end>2023-06-25T09:44:25Z</end></TimeSpan><styleUrl>#point</styleUrl><Point><altitudeMode>clampToGround</altitudeMode><coordinates>7.165868394076824,45.259263161569834,2335.1799999999998</coordinates></Point></Placemark><Placemark><TimeSpan><begin>2023-06-25T09:44:25Z</begin><end>2023-06-25T09:44:33Z</end></TimeSpan><styleUrl>#point</styleUrl><Point><altitudeMode>clampToGround</altitudeMode><coordinates>7.165865879505873,45.259272381663322,2335.1799999999998</coordinates></Point></Placemark><Placemark><TimeSpan><begin>2023-06-25T09:44:33Z</begin><end>2023-06-25T09:44:38Z</end></TimeSpan><styleUrl>#point</styleUrl><Point><altitudeMode>clampToGround</altitudeMode><coordinates>7.165839308872819,45.259310016408563,2335.6599999999999</coordinates></Point></Placemark><Placemark><TimeSpan><begin>2023-06-25T09:44:38Z</begin><end>2023-06-25T09:44:42Z</end></TimeSpan><styleUrl>#point</styleUrl><Point><altitudeMode>clampToGround</altitudeMode><coordinates>7.165808547288179,45.259336670860648,2335.6599999999999</coordinates></Point></Placemark><Placemark><TimeSpan><begin>2023-06-25T09:44:42Z</begin><end>2023-06-25T09:44:46Z</end></TimeSpan><styleUrl>#point</styleUrl><Point><altitudeMode>clampToGround</altitudeMode><coordinates>7.165763536468148,45.259350417181849,2336.6199999999999</coordinates></Point></Placemark><Placemark><TimeSpan><begin>2023-06-25T09:44:46Z</begin><end>2023-06-25T09:44:49Z</end></TimeSpan><styleUrl>#point</styleUrl><Point><altitudeMode>clampToGround</altitudeMode><coordinates>7.165729757398367,45.259359469637275,2336.6199999999999</coordinates></Point></Placemark><Placemark><TimeSpan><begin>2023-06-25T09:44:49Z</begin><end>2023-06-25T09:45:01Z</end></TimeSpan><styleUrl>#point</styleUrl><Point><altitudeMode>clampToGround</altitudeMode><coordinates>7.165592461824417,45.259395511820912,2338.0599999999999</coordinates></Point></Placemark><Placemark><TimeSpan><begin>2023-06-25T09:45:01Z</begin><end>2023-06-25T09:45:03Z</end></TimeSpan><styleUrl>#point</styleUrl><Point><altitudeMode>clampToGround</altitudeMode><coordinates>7.165572680532932,45.259400373324752,2338.54</coordinates></Point></Placemark><Placemark><TimeSpan><begin>2023-06-25T09:45:03Z</begin><end>2023-06-25T09:45:14Z</end></TimeSpan><styleUrl>#point</styleUrl><Point><altitudeMode>clampToGround</altitudeMode><coordinates>7.165507636964321,45.259415796026587,2339.02</coordinates></Point></Placemark><Placemark><TimeSpan><begin>2023-06-25T09:45:14Z</begin><end>2023-06-25T09:45:23Z</end></TimeSpan><styleUrl>#point</styleUrl><Point><altitudeMode>clampToGround</altitudeMode><coordinates>7.165415100753307,45.259447479620576,2339.9899999999998</coordinates></Point></Placemark><Placemark><TimeSpan><begin>2023-06-25T09:45:23Z</begin><end>2023-06-25T09:45:34Z</end></TimeSpan><styleUrl>#point</styleUrl><Point><altitudeMode>clampToGround</altitudeMode><coordinates>7.165301274508238,45.259516127407551,2341.4299999999998</coordinates></Point></Placemark><Placemark><TimeSpan><begin>2023-06-25T09:45:34Z</begin><end>2023-06-25T09:45:43Z</end></TimeSpan><styleUrl>#point</styleUrl><Point><altitudeMode>clampToGround</altitudeMode><coordinates>7.165217706933618,45.259590810164809,2342.3899999999999</coordinates></Point></Placemark><Placemark><TimeSpan><begin>2023-06-25T09:45:43Z</begin><end>2023-06-25T09:45:48Z</end></TimeSpan><styleUrl>#point</styleUrl><Point><altitudeMode>clampToGround</altitudeMode><coordinates>7.165188537910581,45.259633725509048,2342.8699999999999</coordinates></Point></Placemark><Placemark><TimeSpan><begin>2023-06-25T09:45:48Z</begin><end>2023-06-25T09:45:56Z</end></TimeSpan><styleUrl>#point</styleUrl><Point><altitudeMode>clampToGround</altitudeMode><coordinates>7.165123159065843,45.259698098525405,2343.8299999999999</coordinates></Point></Placemark><Placemark><TimeSpan><begin>2023-06-25T09:45:56Z</begin><end>2023-06-25T09:46:06Z</end></TimeSpan><styleUrl>#point</styleUrl><Point><altitudeMode>clampToGround</altitudeMode><coordinates>7.165056942030788,45.259780827909708,2344.3099999999999</coordinates></Point></Placemark><Placemark><TimeSpan><begin>2023-06-25T09:46:06Z</begin><end>2023-06-25T09:46:09Z</end></TimeSpan><styleUrl>#point</styleUrl><Point><altitudeMode>clampToGround</altitudeMode><coordinates>7.165039591491222,45.25980438105762,2344.79</coordinates></Point></Placemark><Placemark><TimeSpan><begin>2023-06-25T09:46:09Z</begin><end>2023-06-25T09:46:17Z</end></TimeSpan><styleUrl>#point</styleUrl><Point><altitudeMode>clampToGround</altitudeMode><coordinates>7.164971362799406,45.259876381605864,2345.75</coordinates></Point></Placemark><Placemark><TimeSpan><begin>2023-06-25T09:46:17Z</begin><end>2023-06-25T09:46:27Z</end></TimeSpan><styleUrl>#point</styleUrl><Point><altitudeMode>clampToGround</altitudeMode><coordinates>7.164919897913933,45.259963218122721,2346.7199999999998</coordinates></Point></Placemark><Placemark><TimeSpan><begin>2023-06-25T09:46:27Z</begin><end>2023-06-25T09:46:37Z</end></TimeSpan><styleUrl>#point</styleUrl><Point><altitudeMode>clampToGround</altitudeMode><coordinates>7.164821913465858,45.260044941678643,2347.1999999999998</coordinates></Point></Placemark><Placemark><TimeSpan><begin>2023-06-25T09:46:37Z</begin><end>2023-06-25T09:46:38Z</end></TimeSpan><styleUrl>#point</styleUrl><Point><altitudeMode>clampToGround</altitudeMode><coordinates>7.164811519905925,45.26005164720118,2347.6799999999998</coordinates></Point></Placemark><Placemark><TimeSpan><begin>2023-06-25T09:46:38Z</begin><end>2023-06-25T09:46:49Z</end></TimeSpan><styleUrl>#point</styleUrl><Point><altitudeMode>clampToGround</altitudeMode><coordinates>7.16475117020309,45.260082324966788,2348.6399999999999</coordinates></Point></Placemark><Placemark><TimeSpan><begin>2023-06-25T09:46:49Z</begin><end>2023-06-25T09:47:05Z</end></TimeSpan><styleUrl>#point</styleUrl><Point><altitudeMode>clampToGround</altitudeMode><coordinates>7.164723509922624,45.260033290833235,2348.6399999999999</coordinates></Point></Placemark><Placemark><TimeSpan><begin>2023-06-25T09:47:05Z</begin><end>2023-06-25T09:47:26Z</end></TimeSpan><styleUrl>#point</styleUrl><Point><altitudeMode>clampToGround</altitudeMode><coordinates>7.164750667288899,45.26007017120719,2348.6399999999999</coordinates></Point></Placemark><Placemark><TimeSpan><begin>2023-06-25T09:47:26Z</begin><end>2023-06-25T09:47:27Z</end></TimeSpan><styleUrl>#point</styleUrl><Point><altitudeMode>clampToGround</altitudeMode><coordinates>7.164760138839483,45.260063214227557,2348.6399999999999</coordinates></Point></Placemark><Placemark><TimeSpan><begin>2023-06-25T09:47:27Z</begin><end>2023-06-25T09:47:29Z</end></TimeSpan><styleUrl>#point</styleUrl><Point><altitudeMode>clampToGround</altitudeMode><coordinates>7.164764497429133,45.260041505098343,2348.6399999999999</coordinates></Point></Placemark><Placemark><TimeSpan><begin>2023-06-25T09:47:29Z</begin><end>2023-06-25T09:47:40Z</end></TimeSpan><styleUrl>#point</styleUrl><Point><altitudeMode>clampToGround</altitudeMode><coordinates>7.164725018665195,45.259975120425224,2348.6399999999999</coordinates></Point></Placemark><Placemark><TimeSpan><begin>2023-06-25T09:47:40Z</begin><end>2023-06-25T09:47:47Z</end></TimeSpan><styleUrl>#point</styleUrl><Point><altitudeMode>clampToGround</altitudeMode><coordinates>7.164721582084894,45.259977467358112,2347.1999999999998</coordinates></Point></Placemark><Placemark><TimeSpan><begin>2023-06-25T09:47:47Z</begin><end>2023-06-25T09:48:04Z</end></TimeSpan><styleUrl>#point</styleUrl><Point><altitudeMode>clampToGround</altitudeMode><coordinates>7.164781093597412,45.260010827332735,2347.1999999999998</coordinates></Point></Placemark><Placemark><TimeSpan><begin>2023-06-25T09:48:04Z</begin><end>2023-06-25T09:48:15Z</end></TimeSpan><styleUrl>#point</styleUrl><Point><altitudeMode>clampToGround</altitudeMode><coordinates>7.16477463953197,45.2600540779531,2347.1999999999998</coordinates></Point></Placemark><Placemark><TimeSpan><begin>2023-06-25T09:48:15Z</begin><end>2023-06-25T09:48:17Z</end></TimeSpan><styleUrl>#point</styleUrl><Point><altitudeMode>clampToGround</altitudeMode><coordinates>7.164784865453839,45.260068411007524,2347.1999999999998</coordinates></Point></Placemark><Placemark><TimeSpan><begin>2023-06-25T09:48:17Z</begin><end>2023-06-25T09:48:27Z</end></TimeSpan><styleUrl>#point</styleUrl><Point><altitudeMode>clampToGround</altitudeMode><coordinates>7.16477807611227,45.260156337171793,2348.6399999999999</coordinates></Point></Placemark><Placemark><TimeSpan><begin>2023-06-25T09:48:27Z</begin><end>2023-06-25T09:48:36Z</end></TimeSpan><styleUrl>#point</styleUrl><Point><altitudeMode>clampToGround</altitudeMode><coordinates>7.164729293435812,45.2602319419384,2349.1199999999999</coordinates></Point></Placemark><Placemark><TimeSpan><begin>2023-06-25T09:48:36Z</begin><end>2023-06-25T09:48:46Z</end></TimeSpan><styleUrl>#point</styleUrl><Point><altitudeMode>clampToGround</altitudeMode><coordinates>7.164653185755014,45.260306121781468,2350.0799999999999</coordinates></Point></Placemark><Placemark><TimeSpan><begin>2023-06-25T09:48:46Z</begin><end>2023-06-25T09:48:57Z</end></TimeSpan><styleUrl>#point</styleUrl><Point><altitudeMode>clampToGround</altitudeMode><coordinates>7.164528043940663,45.260361861437559,2351.04</coordinates></Point></Placemark><Placemark><TimeSpan><begin>2023-06-25T09:48:57Z</begin><end>2023-06-25T09:49:07Z</end></TimeSpan><styleUrl>#point</styleUrl><Point><altitudeMode>clampToGround</altitudeMode><coordinates>7.164422012865543,45.260361274704337,2351.52</coordinates></Point></Placemark><Placemark><TimeSpan><begin>2023-06-25T09:49:07Z</begin><end>2023-06-25T09:49:19Z</end></TimeSpan><styleUrl>#point</styleUrl><Point><altitudeMode>clampToGround</altitudeMode><coordinates>7.164285387843847,45.260366722941399,2352.48</coordinates></Point></Placemark><Placemark><TimeSpan><begin>2023-06-25T09:49:19Z</begin><end>2023-06-25T09:49:24Z</end></TimeSpan><styleUrl>#point</styleUrl><Point><altitudeMode>clampToGround</altitudeMode><coordinates>7.164219338446856,45.260358173400164,2352.96</coordinates></Point></Placemark><Placemark><TimeSpan><begin>2023-06-25T09:49:24Z</begin><end>2023-06-25T09:49:31Z</end></TimeSpan><styleUrl>#point</styleUrl><Point><altitudeMode>clampToGround</altitudeMode><coordinates>7.164137363433838,45.260349959135056,2353.4400000000001</coordinates></Point></Placemark><Placemark><TimeSpan><begin>2023-06-25T09:49:31Z</begin><end>2023-06-25T09:49:42Z</end></TimeSpan><styleUrl>#point</styleUrl><Point><altitudeMode>clampToGround</altitudeMode><coordinates>7.163993362337351,45.2603511326015,2354.4099999999999</coordinates></Point></Placemark><Placemark><TimeSpan><begin>2023-06-25T09:49:42Z</begin><end>2023-06-25T09:49:51Z</end></TimeSpan><styleUrl>#point</styleUrl><Point><altitudeMode>clampToGround</altitudeMode><coordinates>7.163882050663233,45.260338140651584,2354.8899999999999</coordinates></Point></Placemark><Placemark><TimeSpan><begin>2023-06-25T09:49:51Z</begin><end>2023-06-25T09:50:01Z</end></TimeSpan><styleUrl>#point</styleUrl><Point><altitudeMode>clampToGround</altitudeMode><coordinates>7.163758836686611,45.260341158136725,2355.8499999999999</coordinates></Point></Placemark><Placemark><TimeSpan><begin>2023-06-25T09:50:01Z</begin><end>2023-06-25T09:50:06Z</end></TimeSpan><styleUrl>#point</styleUrl><Point><altitudeMode>clampToGround</altitudeMode><coordinates>7.163703935220838,45.260367477312684,2356.3299999999999</coordinates></Point></Placemark><Placemark><TimeSpan><begin>2023-06-25T09:50:06Z</begin><end>2023-06-25T09:50:17Z</end></TimeSpan><styleUrl>#point</styleUrl><Point><altitudeMode>clampToGround</altitudeMode><coordinates>7.163646603003144,45.260368147864938,2357.29</coordinates></Point></Placemark><Placemark><TimeSpan><begin>2023-06-25T09:50:17Z</begin><end>2023-06-25T09:50:45Z</end></TimeSpan><styleUrl>#point</styleUrl><Point><altitudeMode>clampToGround</altitudeMode><coordinates>7.163659343495965,45.260360855609179,2357.29</coordinates></Point></Placemark><Placemark><TimeSpan><begin>2023-06-25T09:50:45Z</begin><end>2023-06-25T09:50:50Z</end></TimeSpan><styleUrl>#point</styleUrl><Point><altitudeMode>clampToGround</altitudeMode><coordinates>7.163662612438202,45.260382564738393,2357.29</coordinates></Point></Placemark><Placemark><TimeSpan><begin>2023-06-25T09:50:50Z</begin><end>2023-06-25T09:51:01Z</end></TimeSpan><styleUrl>#point</styleUrl><Point><altitudeMode>clampToGround</altitudeMode><coordinates>7.163636796176434,45.260491026565433,2357.77</coordinates></Point></Placemark><Placemark><TimeSpan><begin>2023-06-25T09:51:01Z</begin><end>2023-06-25T09:51:02Z</end></TimeSpan><styleUrl>#point</styleUrl><Point><altitudeMode>clampToGround</altitudeMode><coordinates>7.163635287433863,45.260501923039556,2357.77</coordinates></Point></Placemark><Placemark><TimeSpan><begin>2023-06-25T09:51:02Z</begin><end>2023-06-25T09:51:15Z</end></TimeSpan><styleUrl>#point</styleUrl><Point><altitudeMode>clampToGround</altitudeMode><coordinates>7.163665378466249,45.260640308260918,2358.25</coordinates></Point></Placemark><Placemark><TimeSpan><begin>2023-06-25T09:51:15Z</begin><end>2023-06-25T09:51:26Z</end></TimeSpan><styleUrl>#point</styleUrl><Point><altitudeMode>clampToGround</altitudeMode><coordinates>7.16369136236608,45.260767545551062,2358.25</coordinates></Point></Placemark><Placemark><TimeSpan><begin>2023-06-25T09:51:26Z</begin><end>2023-06-25T09:51:36Z</end></TimeSpan><styleUrl>#point</styleUrl><Point><altitudeMode>clampToGround</altitudeMode><coordinates>7.163707204163075,45.260874666273594,2358.73</coordinates></Point></Placemark><Placemark><TimeSpan><begin>2023-06-25T09:51:36Z</begin><end>2023-06-25T09:51:47Z</end></TimeSpan><styleUrl>#point</styleUrl><Point><altitudeMode>clampToGround</altitudeMode><coordinates>7.163726650178433,45.260975752025843,2359.21</coordinates></Point></Placemark><Placemark><TimeSpan><begin>2023-06-25T09:51:47Z</begin><end>2023-06-25T09:51:57Z</end></TimeSpan><styleUrl>#point</styleUrl><Point><altitudeMode>clampToGround</altitudeMode><coordinates>7.163728829473257,45.261089578270912,2359.6900000000001</coordinates></Point></Placemark><Placemark><TimeSpan><begin>2023-06-25T09:51:57Z</begin><end>2023-06-25T09:52:04Z</end></TimeSpan><styleUrl>#point</styleUrl><Point><altitudeMode>clampToGround</altitudeMode><coordinates>7.16371432878077,45.261156130582094,2360.1700000000001</coordinates></Point></Placemark><Placemark><TimeSpan><begin>2023-06-25T09:52:04Z</begin><end>2023-06-25T09:52:06Z</end></TimeSpan><styleUrl>#point</styleUrl><Point><altitudeMode>clampToGround</altitudeMode><coordinates>7.163706785067916,45.261174822226167,2360.1700000000001</coordinates></Point></Placemark><Placemark><TimeSpan><begin>2023-06-25T09:52:06Z</begin><end>2023-06-25T09:52:17Z</end></TimeSpan><styleUrl>#point</styleUrl><Point><altitudeMode>clampToGround</altitudeMode><coordinates>7.163693206384778,45.261293090879917,2361.1399999999999</coordinates></Point></Placemark><Placemark><TimeSpan><begin>2023-06-25T09:52:17Z</begin><end>2023-06-25T09:52:26Z</end></TimeSpan><styleUrl>#point</styleUrl><Point><altitudeMode>clampToGround</altitudeMode><coordinates>7.16368842869997,45.261387806385756,2362.0999999999999</coordinates></Point></Placemark><Placemark><TimeSpan><begin>2023-06-25T09:52:26Z</begin><end>2023-06-25T09:52:36Z</end></TimeSpan><styleUrl>#point</styleUrl><Point><altitudeMode>clampToGround</altitudeMode><coordinates>7.163688596338034,45.261509176343679,2363.0599999999999</coordinates></Point></Placemark><Placemark><TimeSpan><begin>2023-06-25T09:52:36Z</begin><end>2023-06-25T09:52:41Z</end></TimeSpan><styleUrl>#point</styleUrl><Point><altitudeMode>clampToGround</altitudeMode><coordinates>7.163689183071256,45.261560389772058,2363.0599999999999</coordinates></Point></Placemark><Placemark><TimeSpan><begin>2023-06-25T09:52:41Z</begin><end>2023-06-25T09:52:52Z</end></TimeSpan><styleUrl>#point</styleUrl><Point><altitudeMode>clampToGround</altitudeMode><coordinates>7.163700833916664,45.261675221845508,2364.02</coordinates></Point></Placemark><Placemark><TimeSpan><begin>2023-06-25T09:52:52Z</begin><end>2023-06-25T09:52:58Z</end></TimeSpan><styleUrl>#point</styleUrl><Point><altitudeMode>clampToGround</altitudeMode><coordinates>7.163703767582774,45.261740852147341,2364.98</coordinates></Point></Placemark><Placemark><TimeSpan><begin>2023-06-25T09:52:58Z</begin><end>2023-06-25T09:53:04Z</end></TimeSpan><styleUrl>#point</styleUrl><Point><altitudeMode>clampToGround</altitudeMode><coordinates>7.16369865462184,45.261807991191745,2365.9400000000001</coordinates></Point></Placemark><Placemark><TimeSpan><begin>2023-06-25T09:53:04Z</begin><end>2023-06-25T09:53:13Z</end></TimeSpan><styleUrl>#point</styleUrl><Point><altitudeMode>clampToGround</altitudeMode><coordinates>7.1637196931988,45.261904466897249,2366.9000000000001</coordinates></Point></Placemark><Placemark><TimeSpan><begin>2023-06-25T09:53:13Z</begin><end>2023-06-25T09:53:17Z</end></TimeSpan><styleUrl>#point</styleUrl><Point><altitudeMode>clampToGround</altitudeMode><coordinates>7.16373335570097,45.261945873498917,2367.3800000000001</coordinates></Point></Placemark><Placemark><TimeSpan><begin>2023-06-25T09:53:17Z</begin><end>2023-06-25T09:53:28Z</end></TimeSpan><styleUrl>#point</styleUrl><Point><altitudeMode>clampToGround</altitudeMode><coordinates>7.163774259388447,45.262058023363352,2369.3099999999999</coordinates></Point></Placemark><Placemark><TimeSpan><begin>2023-06-25T09:53:28Z</begin><end>2023-06-25T09:53:37Z</end></TimeSpan><styleUrl>#point</styleUrl><Point><altitudeMode>clampToGround</altitudeMode><coordinates>7.163808960467577,45.262137902900577,2371.23</coordinates></Point></Placemark><Placemark><TimeSpan><begin>2023-06-25T09:53:37Z</begin><end>2023-06-25T09:53:43Z</end></TimeSpan><styleUrl>#point</styleUrl><Point><altitudeMode>clampToGround</altitudeMode><coordinates>7.16382916085422,45.262189032509923,2372.6700000000001</coordinates></Point></Placemark><Placemark><TimeSpan><begin>2023-06-25T09:53:43Z</begin><end>2023-06-25T09:53:54Z</end></TimeSpan><styleUrl>#point</styleUrl><Point><altitudeMode>clampToGround</altitudeMode><coordinates>7.163806529715657,45.262286430224776,2373.6300000000001</coordinates></Point></Placemark><Placemark><TimeSpan><begin>2023-06-25T09:53:54Z</begin><end>2023-06-25T09:54:03Z</end></TimeSpan><styleUrl>#point</styleUrl><Point><altitudeMode>clampToGround</altitudeMode><coordinates>7.163797309622169,45.262359688058496,2375.0700000000002</coordinates></Point></Placemark><Placemark><TimeSpan><begin>2023-06-25T09:54:03Z</begin><end>2023-06-25T09:54:12Z</end></TimeSpan><styleUrl>#point</styleUrl><Point><altitudeMode>clampToGround</altitudeMode><coordinates>7.163846930488944,45.262433281168342,2376.04</coordinates></Point></Placemark><Placemark><TimeSpan><begin>2023-06-25T09:54:12Z</begin><end>2023-06-25T09:54:23Z</end></TimeSpan><styleUrl>#point</styleUrl><Point><altitudeMode>clampToGround</altitudeMode><coordinates>7.163895545527339,45.262476531788707,2377.96</coordinates></Point></Placemark><Placemark><TimeSpan><begin>2023-06-25T09:54:23Z</begin><end>2023-06-25T09:54:31Z</end></TimeSpan><styleUrl>#point</styleUrl><Point><altitudeMode>clampToGround</altitudeMode><coordinates>7.163919098675251,45.26253336109221,2379.8800000000001</coordinates></Point></Placemark><Placemark><TimeSpan><begin>2023-06-25T09:54:31Z</begin><end>2023-06-25T09:54:40Z</end></TimeSpan><styleUrl>#point</styleUrl><Point><altitudeMode>clampToGround</altitudeMode><coordinates>7.163931839168072,45.262582981958985,2381.8000000000002</coordinates></Point></Placemark><Placemark><TimeSpan><begin>2023-06-25T09:54:40Z</begin><end>2023-06-25T09:54:53Z</end></TimeSpan><styleUrl>#point</styleUrl><Point><altitudeMode>clampToGround</altitudeMode><coordinates>7.163946339860559,45.262621454894543,2382.2800000000002</coordinates></Point></Placemark><Placemark><TimeSpan><begin>2023-06-25T09:54:53Z</begin><end>2023-06-25T09:55:05Z</end></TimeSpan><styleUrl>#point</styleUrl><Point><altitudeMode>clampToGround</altitudeMode><coordinates>7.163971150293946,45.26266286149621,2383.25</coordinates></Point></Placemark><Placemark><TimeSpan><begin>2023-06-25T09:55:05Z</begin><end>2023-06-25T09:55:15Z</end></TimeSpan><styleUrl>#point</styleUrl><Point><altitudeMode>clampToGround</altitudeMode><coordinates>7.163964528590441,45.262697814032435,2384.21</coordinates></Point></Placemark><Placemark><TimeSpan><begin>2023-06-25T09:55:15Z</begin><end>2023-06-25T09:55:25Z</end></TimeSpan><styleUrl>#point</styleUrl><Point><altitudeMode>clampToGround</altitudeMode><coordinates>7.163964444771409,45.262737460434437,2384.6900000000001</coordinates></Point></Placemark><Placemark><TimeSpan><begin>2023-06-25T09:55:25Z</begin><end>2023-06-25T09:55:36Z</end></TimeSpan><styleUrl>#point</styleUrl><Point><altitudeMode>clampToGround</altitudeMode><coordinates>7.163987662643194,45.262808287516236,2386.1300000000001</coordinates></Point></Placemark><Placemark><TimeSpan><begin>2023-06-25T09:55:36Z</begin><end>2023-06-25T09:55:44Z</end></TimeSpan><styleUrl>#point</styleUrl><Point><altitudeMode>clampToGround</altitudeMode><coordinates>7.163978442549706,45.262855896726251,2387.5700000000002</coordinates></Point></Placemark><Placemark><TimeSpan><begin>2023-06-25T09:55:44Z</begin><end>2023-06-25T09:55:52Z</end></TimeSpan><styleUrl>#point</styleUrl><Point><altitudeMode>clampToGround</altitudeMode><coordinates>7.163991434499621,45.262894369661808,2389.0100000000002</coordinates></Point></Placemark><Placemark><TimeSpan><begin>2023-06-25T09:55:52Z</begin><end>2023-06-25T09:56:04Z</end></TimeSpan><styleUrl>#point</styleUrl><Point><altitudeMode>clampToGround</altitudeMode><coordinates>7.164012305438519,45.262946505099535,2390.9400000000001</coordinates></Point></Placemark><Placemark><TimeSpan><begin>2023-06-25T09:56:04Z</begin><end>2023-06-25T09:56:13Z</end></TimeSpan><styleUrl>#point</styleUrl><Point><altitudeMode>clampToGround</altitudeMode><coordinates>7.163996798917651,45.262984810397029,2392.8600000000001</coordinates></Point></Placemark><Placemark><TimeSpan><begin>2023-06-25T09:56:13Z</begin><end>2023-06-25T09:56:24Z</end></TimeSpan><styleUrl>#point</styleUrl><Point><altitudeMode>clampToGround</altitudeMode><coordinates>7.163975676521659,45.263010710477829,2393.8200000000002</coordinates></Point></Placemark><Placemark><TimeSpan><begin>2023-06-25T09:56:24Z</begin><end>2023-06-25T09:56:39Z</end></TimeSpan><styleUrl>#point</styleUrl><Point><altitudeMode>clampToGround</altitudeMode><coordinates>7.163914991542697,45.263012889772654,2394.3000000000002</coordinates></Point></Placemark><Placemark><TimeSpan><begin>2023-06-25T09:56:39Z</begin><end>2023-06-25T09:56:41Z</end></TimeSpan><styleUrl>#point</styleUrl><Point><altitudeMode>clampToGround</altitudeMode><coordinates>7.163906777277589,45.263014985248446,2392.8600000000001</coordinates></Point></Placemark><Placemark><TimeSpan><begin>2023-06-25T09:56:41Z</begin><end>2023-06-25T09:56:58Z</end></TimeSpan><styleUrl>#point</styleUrl><Point><altitudeMode>clampToGround</altitudeMode><coordinates>7.163911974057555,45.263017667457461,2392.8600000000001</coordinates></Point></Placemark><Placemark><TimeSpan><begin>2023-06-25T09:56:58Z</begin><end>2023-06-25T09:57:16Z</end></TimeSpan><styleUrl>#point</styleUrl><Point><altitudeMode>clampToGround</altitudeMode><coordinates>7.163970731198788,45.263008363544941,2392.8600000000001</coordinates></Point></Placemark><Placemark><TimeSpan><begin>2023-06-25T09:57:16Z</begin><end>2023-06-25T09:57:19Z</end></TimeSpan><styleUrl>#point</styleUrl><Point><altitudeMode>clampToGround</altitudeMode><coordinates>7.163981627672911,45.263030659407377,2394.3000000000002</coordinates></Point></Placemark><Placemark><TimeSpan><begin>2023-06-25T09:57:19Z</begin><end>2023-06-25T09:57:28Z</end></TimeSpan><styleUrl>#point</styleUrl><Point><altitudeMode>clampToGround</altitudeMode><coordinates>7.163968635722995,45.263050105422735,2395.7399999999998</coordinates></Point></Placemark><Placemark><TimeSpan><begin>2023-06-25T09:57:28Z</begin><end>2023-06-25T09:57:45Z</end></TimeSpan><styleUrl>#point</styleUrl><Point><altitudeMode>clampToGround</altitudeMode><coordinates>7.163941394537687,45.263068294152617,2395.7399999999998</coordinates></Point></Placemark><Placemark><TimeSpan><begin>2023-06-25T09:57:45Z</begin><end>2023-06-25T09:57:51Z</end></TimeSpan><styleUrl>#point</styleUrl><Point><altitudeMode>clampToGround</altitudeMode><coordinates>7.163933767005801,45.263114478439093,2397.1799999999998</coordinates></Point></Placemark><Placemark><TimeSpan><begin>2023-06-25T09:57:51Z</begin><end>2023-06-25T09:58:02Z</end></TimeSpan><styleUrl>#point</styleUrl><Point><altitudeMode>clampToGround</altitudeMode><coordinates>7.163935694843531,45.263169128447771,2400.0700000000002</coordinates></Point></Placemark><Placemark><TimeSpan><begin>2023-06-25T09:58:02Z</begin><end>2023-06-25T09:58:11Z</end></TimeSpan><styleUrl>#point</styleUrl><Point><altitudeMode>clampToGround</altitudeMode><coordinates>7.16389806009829,45.263224616646767,2401.5100000000002</coordinates></Point></Placemark><Placemark><TimeSpan><begin>2023-06-25T09:58:11Z</begin><end>2023-06-25T09:58:21Z</end></TimeSpan><styleUrl>#point</styleUrl><Point><altitudeMode>clampToGround</altitudeMode><coordinates>7.163828741759062,45.263290917500854,2403.9099999999999</coordinates></Point></Placemark><Placemark><TimeSpan><begin>2023-06-25T09:58:21Z</begin><end>2023-06-25T09:58:33Z</end></TimeSpan><styleUrl>#point</styleUrl><Point><altitudeMode>clampToGround</altitudeMode><coordinates>7.163800494745374,45.263368198648095,2405.3600000000001</coordinates></Point></Placemark><Placemark><TimeSpan><begin>2023-06-25T09:58:33Z</begin><end>2023-06-25T09:58:42Z</end></TimeSpan><styleUrl>#point</styleUrl><Point><altitudeMode>clampToGround</altitudeMode><coordinates>7.16381692327559,45.263427291065454,2407.7600000000002</coordinates></Point></Placemark><Placemark><TimeSpan><begin>2023-06-25T09:58:42Z</begin><end>2023-06-25T09:58:52Z</end></TimeSpan><styleUrl>#point</styleUrl><Point><altitudeMode>clampToGround</altitudeMode><coordinates>7.16385506093502,45.263460902497172,2407.7600000000002</coordinates></Point></Placemark><Placemark><TimeSpan><begin>2023-06-25T09:58:52Z</begin><end>2023-06-25T09:59:02Z</end></TimeSpan><styleUrl>#point</styleUrl><Point><altitudeMode>clampToGround</altitudeMode><coordinates>7.163814660161734,45.26348328217864,2408.7199999999998</coordinates></Point></Placemark><Placemark><TimeSpan><begin>2023-06-25T09:59:02Z</begin><end>2023-06-25T09:59:15Z</end></TimeSpan><styleUrl>#point</styleUrl><Point><altitudeMode>clampToGround</altitudeMode><coordinates>7.163804015144706,45.26349350810051,2408.7199999999998</coordinates></Point></Placemark><Placemark><TimeSpan><begin>2023-06-25T09:59:15Z</begin><end>2023-06-25T09:59:24Z</end></TimeSpan><styleUrl>#point</styleUrl><Point><altitudeMode>clampToGround</altitudeMode><coordinates>7.163767972961068,45.26355947367847,2409.1999999999998</coordinates></Point></Placemark><Placemark><TimeSpan><begin>2023-06-25T09:59:24Z</begin><end>2023-06-25T09:59:34Z</end></TimeSpan><styleUrl>#point</styleUrl><Point><altitudeMode>clampToGround</altitudeMode><coordinates>7.163706365972757,45.263635162264109,2410.1599999999999</coordinates></Point></Placemark><Placemark><TimeSpan><begin>2023-06-25T09:59:34Z</begin><end>2023-06-25T09:59:46Z</end></TimeSpan><styleUrl>#point</styleUrl><Point><altitudeMode>clampToGround</altitudeMode><coordinates>7.16363076120615,45.263727949932218,2410.6399999999999</coordinates></Point></Placemark><Placemark><TimeSpan><begin>2023-06-25T09:59:46Z</begin><end>2023-06-25T09:59:56Z</end></TimeSpan><styleUrl>#point</styleUrl><Point><altitudeMode>clampToGround</altitudeMode><coordinates>7.163588097319007,45.263814954087138,2411.1199999999999</coordinates></Point></Placemark><Placemark><TimeSpan><begin>2023-06-25T09:59:56Z</begin><end>2023-06-25T10:00:08Z</end></TimeSpan><styleUrl>#point</styleUrl><Point><altitudeMode>clampToGround</altitudeMode><coordinates>7.163550546392798,45.263915956020355,2411.1199999999999</coordinates></Point></Placemark><Placemark><TimeSpan><begin>2023-06-25T10:00:08Z</begin><end>2023-06-25T10:00:11Z</end></TimeSpan><styleUrl>#point</styleUrl><Point><altitudeMode>clampToGround</altitudeMode><coordinates>7.163532357662916,45.26394059881568,2411.1199999999999</coordinates></Point></Placemark><Placemark><TimeSpan><begin>2023-06-25T10:00:11Z</begin><end>2023-06-25T10:00:23Z</end></TimeSpan><styleUrl>#point</styleUrl><Point><altitudeMode>clampToGround</altitudeMode><coordinates>7.163449376821518,45.264053838327527,2411.5999999999999</coordinates></Point></Placemark><Placemark><TimeSpan><begin>2023-06-25T10:00:23Z</begin><end>2023-06-25T10:00:35Z</end></TimeSpan><styleUrl>#point</styleUrl><Point><altitudeMode>clampToGround</altitudeMode><coordinates>7.163332365453243,45.264132879674435,2411.5999999999999</coordinates></Point></Placemark><Placemark><TimeSpan><begin>2023-06-25T10:00:35Z</begin><end>2023-06-25T10:00:37Z</end></TimeSpan><styleUrl>#point</styleUrl><Point><altitudeMode>clampToGround</altitudeMode><coordinates>7.163314847275615,45.264144027605653,2410.1599999999999</coordinates></Point></Placemark><Placemark><TimeSpan><begin>2023-06-25T10:00:37Z</begin><end>2023-06-25T10:00:49Z</end></TimeSpan><styleUrl>#point</styleUrl><Point><altitudeMode>clampToGround</altitudeMode><coordinates>7.163213929161429,45.264218961820006,2409.6799999999998</coordinates></Point></Placemark><Placemark><TimeSpan><begin>2023-06-25T10:00:49Z</begin><end>2023-06-25T10:01:03Z</end></TimeSpan><styleUrl>#point</styleUrl><Point><altitudeMode>clampToGround</altitudeMode><coordinates>7.163077890872955,45.264288363978267,2409.6799999999998</coordinates></Point></Placemark><Placemark><TimeSpan><begin>2023-06-25T10:01:03Z</begin><end>2023-06-25T10:01:13Z</end></TimeSpan><styleUrl>#point</styleUrl><Point><altitudeMode>clampToGround</altitudeMode><coordinates>7.163022821769118,45.26434276252985,2409.6799999999998</coordinates></Point></Placemark><Placemark><TimeSpan><begin>2023-06-25T10:01:13Z</begin><end>2023-06-25T10:01:15Z</end></TimeSpan><styleUrl>#point</styleUrl><Point><altitudeMode>clampToGround</altitudeMode><coordinates>7.163017457351089,45.264345444738865,2411.1199999999999</coordinates></Point></Placemark><Placemark><TimeSpan><begin>2023-06-25T10:01:15Z</begin><end>2023-06-25T10:01:24Z</end></TimeSpan><styleUrl>#point</styleUrl><Point><altitudeMode>clampToGround</altitudeMode><coordinates>7.16299356892705,45.264376709237695,2411.1199999999999</coordinates></Point></Placemark><Placemark><TimeSpan><begin>2023-06-25T10:01:24Z</begin><end>2023-06-25T10:01:35Z</end></TimeSpan><styleUrl>#point</styleUrl><Point><altitudeMode>clampToGround</altitudeMode><coordinates>7.162950821220875,45.264423647895455,2412.0900000000001</coordinates></Point></Placemark><Placemark><TimeSpan><begin>2023-06-25T10:01:35Z</begin><end>2023-06-25T10:01:44Z</end></TimeSpan><styleUrl>#point</styleUrl><Point><altitudeMode>clampToGround</altitudeMode><coordinates>7.162883765995503,45.26446832343936,2413.0500000000002</coordinates></Point></Placemark><Placemark><TimeSpan><begin>2023-06-25T10:01:44Z</begin><end>2023-06-25T10:01:54Z</end></TimeSpan><styleUrl>#point</styleUrl><Point><altitudeMode>clampToGround</altitudeMode><coordinates>7.162819309160113,45.264500761404634,2413.5300000000002</coordinates></Point></Placemark><Placemark><TimeSpan><begin>2023-06-25T10:01:54Z</begin><end>2023-06-25T10:02:03Z</end></TimeSpan><styleUrl>#point</styleUrl><Point><altitudeMode>clampToGround</altitudeMode><coordinates>7.162770191207528,45.264488272368908,2413.5300000000002</coordinates></Point></Placemark><Placemark><TimeSpan><begin>2023-06-25T10:02:03Z</begin><end>2023-06-25T10:02:20Z</end></TimeSpan><styleUrl>#point</styleUrl><Point><altitudeMode>clampToGround</altitudeMode><coordinates>7.162718810141087,45.264473017305136,2413.5300000000002</coordinates></Point></Placemark><Placemark><TimeSpan><begin>2023-06-25T10:02:20Z</begin><end>2023-06-25T10:02:34Z</end></TimeSpan><styleUrl>#point</styleUrl><Point><altitudeMode>clampToGround</altitudeMode><coordinates>7.162664998322725,45.264449045062065,2412.5700000000002</coordinates></Point></Placemark><Placemark><TimeSpan><begin>2023-06-25T10:02:34Z</begin><end>2023-06-25T10:02:43Z</end></TimeSpan><styleUrl>#point</styleUrl><Point><altitudeMode>clampToGround</altitudeMode><coordinates>7.16268670745194,45.264449045062065,2411.5999999999999</coordinates></Point></Placemark><Placemark><TimeSpan><begin>2023-06-25T10:02:43Z</begin><end>2023-06-25T10:02:57Z</end></TimeSpan><styleUrl>#point</styleUrl><Point><altitudeMode>clampToGround</altitudeMode><coordinates>7.162685114890337,45.264459103345871,2412.0900000000001</coordinates></Point></Placemark><Placemark><TimeSpan><begin>2023-06-25T10:02:57Z</begin><end>2023-06-25T10:03:06Z</end></TimeSpan><styleUrl>#point</styleUrl><Point><altitudeMode>clampToGround</altitudeMode><coordinates>7.162656029686332,45.264492882415652,2412.0900000000001</coordinates></Point></Placemark><Placemark><TimeSpan><begin>2023-06-25T10:03:06Z</begin><end>2023-06-25T10:03:17Z</end></TimeSpan><styleUrl>#point</styleUrl><Point><altitudeMode>clampToGround</altitudeMode><coordinates>7.162669021636248,45.264533283188939,2413.0500000000002</coordinates></Point></Placemark><Placemark><TimeSpan><begin>2023-06-25T10:03:17Z</begin><end>2023-06-25T10:03:29Z</end></TimeSpan><styleUrl>#point</styleUrl><Point><altitudeMode>clampToGround</altitudeMode><coordinates>7.162682851776481,45.264540910720825,2413.0500000000002</coordinates></Point></Placemark><Placemark><TimeSpan><begin>2023-06-25T10:03:29Z</begin><end>2023-06-25T10:03:47Z</end></TimeSpan><styleUrl>#point</styleUrl><Point><altitudeMode>clampToGround</altitudeMode><coordinates>7.162687880918384,45.264535127207637,2412.0900000000001</coordinates></Point></Placemark><Placemark><TimeSpan><begin>2023-06-25T10:03:47Z</begin><end>2023-06-25T10:03:57Z</end></TimeSpan><styleUrl>#point</styleUrl><Point><altitudeMode>clampToGround</altitudeMode><coordinates>7.16267790645361,45.264545269310474,2413.5300000000002</coordinates></Point></Placemark><Placemark><TimeSpan><begin>2023-06-25T10:03:57Z</begin><end>2023-06-25T10:04:07Z</end></TimeSpan><styleUrl>#point</styleUrl><Point><altitudeMode>clampToGround</altitudeMode><coordinates>7.162689724937081,45.264525404199958,2414.0100000000002</coordinates></Point></Placemark><Placemark><TimeSpan><begin>2023-06-25T10:04:07Z</begin><end>2023-06-25T10:04:32Z</end></TimeSpan><styleUrl>#point</styleUrl><Point><altitudeMode>clampToGround</altitudeMode><coordinates>7.162714116275311,45.264533534646034,2414.0100000000002</coordinates></Point></Placemark><Placemark><TimeSpan><begin>2023-06-25T10:04:32Z</begin><end>2023-06-25T10:04:48Z</end></TimeSpan><styleUrl>#point</styleUrl><Point><altitudeMode>clampToGround</altitudeMode><coordinates>7.162695089355111,45.264506377279758,2414.0100000000002</coordinates></Point></Placemark><Placemark><TimeSpan><begin>2023-06-25T10:04:48Z</begin><end>2023-06-25T10:04:50Z</end></TimeSpan><styleUrl>#point</styleUrl><Point><altitudeMode>clampToGround</altitudeMode><coordinates>7.162690982222557,45.264490032568574,2414.0100000000002</coordinates></Point></Placemark><Placemark><TimeSpan><begin>2023-06-25T10:04:50Z</begin><end>2023-06-25T10:04:59Z</end></TimeSpan><styleUrl>#point</styleUrl><Point><altitudeMode>clampToGround</altitudeMode><coordinates>7.16257531195879,45.264478381723166,2414.0100000000002</coordinates></Point></Placemark><Placemark><TimeSpan><begin>2023-06-25T10:04:59Z</begin><end>2023-06-25T10:05:08Z</end></TimeSpan><styleUrl>#point</styleUrl><Point><altitudeMode>clampToGround</altitudeMode><coordinates>7.162449918687344,45.264518614858389,2416.4099999999999</coordinates></Point></Placemark><Placemark><TimeSpan><begin>2023-06-25T10:05:08Z</begin><end>2023-06-25T10:05:09Z</end></TimeSpan><styleUrl>#point</styleUrl><Point><altitudeMode>clampToGround</altitudeMode><coordinates>7.162436423823237,45.264522386714816,2416.4099999999999</coordinates></Point></Placemark><Placemark><TimeSpan><begin>2023-06-25T10:05:09Z</begin><end>2023-06-25T10:05:21Z</end></TimeSpan><styleUrl>#point</styleUrl><Point><altitudeMode>clampToGround</altitudeMode><coordinates>7.162308935075998,45.26458952575922,2418.8099999999999</coordinates></Point></Placemark><Placemark><TimeSpan><begin>2023-06-25T10:05:21Z</begin><end>2023-06-25T10:05:32Z</end></TimeSpan><styleUrl>#point</styleUrl><Point><altitudeMode>clampToGround</altitudeMode><coordinates>7.162189492955804,45.264646522700787,2420.7399999999998</coordinates></Point></Placemark><Placemark><TimeSpan><begin>2023-06-25T10:05:32Z</begin><end>2023-06-25T10:05:44Z</end></TimeSpan><styleUrl>#point</styleUrl><Point><altitudeMode>clampToGround</altitudeMode><coordinates>7.162123778834939,45.26468331925571,2421.6999999999998</coordinates></Point></Placemark><Placemark><TimeSpan><begin>2023-06-25T10:05:44Z</begin><end>2023-06-25T10:05:57Z</end></TimeSpan><styleUrl>#point</styleUrl><Point><altitudeMode>clampToGround</altitudeMode><coordinates>7.162122521549463,45.264687929302454,2421.6999999999998</coordinates></Point></Placemark><Placemark><TimeSpan><begin>2023-06-25T10:05:57Z</begin><end>2023-06-25T10:06:09Z</end></TimeSpan><styleUrl>#point</styleUrl><Point><altitudeMode>clampToGround</altitudeMode><coordinates>7.162023028358817,45.264717601239681,2422.1799999999998</coordinates></Point></Placemark><Placemark><TimeSpan><begin>2023-06-25T10:06:09Z</begin><end>2023-06-25T10:06:19Z</end></TimeSpan><styleUrl>#point</styleUrl><Point><altitudeMode>clampToGround</altitudeMode><coordinates>7.161917164921761,45.264765378087759,2423.6199999999999</coordinates></Point></Placemark><Placemark><TimeSpan><begin>2023-06-25T10:06:19Z</begin><end>2023-06-25T10:06:25Z</end></TimeSpan><styleUrl>#point</styleUrl><Point><altitudeMode>clampToGround</altitudeMode><coordinates>7.16184189543128,45.264808377251029,2423.6199999999999</coordinates></Point></Placemark><Placemark><TimeSpan><begin>2023-06-25T10:06:25Z</begin><end>2023-06-25T10:06:38Z</end></TimeSpan><styleUrl>#point</styleUrl><Point><altitudeMode>clampToGround</altitudeMode><coordinates>7.161720525473356,45.264879036694765,2425.54</coordinates></Point></Placemark><Placemark><TimeSpan><begin>2023-06-25T10:06:38Z</begin><end>2023-06-25T10:06:50Z</end></TimeSpan><styleUrl>#point</styleUrl><Point><altitudeMode>clampToGround</altitudeMode><coordinates>7.161574764177203,45.264960341155529,2426.5</coordinates></Point></Placemark><Placemark><TimeSpan><begin>2023-06-25T10:06:50Z</begin><end>2023-06-25T10:06:54Z</end></TimeSpan><styleUrl>#point</styleUrl><Point><altitudeMode>clampToGround</altitudeMode><coordinates>7.161534111946821,45.2649843133986,2426.9899999999998</coordinates></Point></Placemark><Placemark><TimeSpan><begin>2023-06-25T10:06:54Z</begin><end>2023-06-25T10:07:07Z</end></TimeSpan><styleUrl>#point</styleUrl><Point><altitudeMode>clampToGround</altitudeMode><coordinates>7.161364797502756,45.265040136873722,2427.4699999999998</coordinates></Point></Placemark><Placemark><TimeSpan><begin>2023-06-25T10:07:07Z</begin><end>2023-06-25T10:07:19Z</end></TimeSpan><styleUrl>#point</styleUrl><Point><altitudeMode>clampToGround</altitudeMode><coordinates>7.161193387582898,45.2650913503021,2427.9499999999998</coordinates></Point></Placemark><Placemark><TimeSpan><begin>2023-06-25T10:07:19Z</begin><end>2023-06-25T10:07:28Z</end></TimeSpan><styleUrl>#point</styleUrl><Point><altitudeMode>clampToGround</altitudeMode><coordinates>7.161092888563871,45.265114232897758,2427.9499999999998</coordinates></Point></Placemark><Placemark><TimeSpan><begin>2023-06-25T10:07:28Z</begin><end>2023-06-25T10:07:40Z</end></TimeSpan><styleUrl>#point</styleUrl><Point><altitudeMode>clampToGround</altitudeMode><coordinates>7.160932878032327,45.265169385820627,2427.9499999999998</coordinates></Point></Placemark><Placemark><TimeSpan><begin>2023-06-25T10:07:40Z</begin><end>2023-06-25T10:07:53Z</end></TimeSpan><styleUrl>#point</styleUrl><Point><altitudeMode>clampToGround</altitudeMode><coordinates>7.160862972959876,45.265219509601593,2428.4299999999998</coordinates></Point></Placemark><Placemark><TimeSpan><begin>2023-06-25T10:07:53Z</begin><end>2023-06-25T10:08:13Z</end></TimeSpan><styleUrl>#point</styleUrl><Point><altitudeMode>clampToGround</altitudeMode><coordinates>7.1609066426754,45.265250103548169,2428.9099999999999</coordinates></Point></Placemark><Placemark><TimeSpan><begin>2023-06-25T10:08:13Z</begin><end>2023-06-25T10:08:23Z</end></TimeSpan><styleUrl>#point</styleUrl><Point><altitudeMode>clampToGround</altitudeMode><coordinates>7.160898176953197,45.265250187367201,2428.9099999999999</coordinates></Point></Placemark><Placemark><TimeSpan><begin>2023-06-25T10:08:23Z</begin><end>2023-06-25T10:08:30Z</end></TimeSpan><styleUrl>#point</styleUrl><Point><altitudeMode>clampToGround</altitudeMode><coordinates>7.160795079544187,45.265264185145497,2428.9099999999999</coordinates></Point></Placemark><Placemark><TimeSpan><begin>2023-06-25T10:08:30Z</begin><end>2023-06-25T10:08:42Z</end></TimeSpan><styleUrl>#point</styleUrl><Point><altitudeMode>clampToGround</altitudeMode><coordinates>7.160626854747534,45.265324786305428,2427.9499999999998</coordinates></Point></Placemark><Placemark><TimeSpan><begin>2023-06-25T10:08:42Z</begin><end>2023-06-25T10:08:54Z</end></TimeSpan><styleUrl>#point</styleUrl><Point><altitudeMode>clampToGround</altitudeMode><coordinates>7.160510262474418,45.265365689992905,2427.9499999999998</coordinates></Point></Placemark><Placemark><TimeSpan><begin>2023-06-25T10:08:54Z</begin><end>2023-06-25T10:09:09Z</end></TimeSpan><styleUrl>#point</styleUrl><Point><altitudeMode>clampToGround</altitudeMode><coordinates>7.160456031560898,45.265340460464358,2427.9499999999998</coordinates></Point></Placemark><Placemark><TimeSpan><begin>2023-06-25T10:09:09Z</begin><end>2023-06-25T10:09:19Z</end></TimeSpan><styleUrl>#point</styleUrl><Point><altitudeMode>clampToGround</altitudeMode><coordinates>7.160408841446042,45.265398127958179,2427.9499999999998</coordinates></Point></Placemark><Placemark><TimeSpan><begin>2023-06-25T10:09:19Z</begin><end>2023-06-25T10:09:31Z</end></TimeSpan><styleUrl>#point</styleUrl><Point><altitudeMode>clampToGround</altitudeMode><coordinates>7.160366009920836,45.265453532338142,2427.9499999999998</coordinates></Point></Placemark><Placemark><TimeSpan><begin>2023-06-25T10:09:31Z</begin><end>2023-06-25T10:09:41Z</end></TimeSpan><styleUrl>#point</styleUrl><Point><altitudeMode>clampToGround</altitudeMode><coordinates>7.160328291356564,45.265495609492064,2427.4699999999998</coordinates></Point></Placemark><Placemark><TimeSpan><begin>2023-06-25T10:09:41Z</begin><end>2023-06-25T10:09:45Z</end></TimeSpan><styleUrl>#point</styleUrl><Point><altitudeMode>clampToGround</altitudeMode><coordinates>7.16028168797493,45.265519497916102,2426.9899999999998</coordinates></Point></Placemark><Placemark><TimeSpan><begin>2023-06-25T10:09:45Z</begin><end>2023-06-25T10:09:50Z</end></TimeSpan><styleUrl>#point</styleUrl><Point><altitudeMode>clampToGround</altitudeMode><coordinates>7.160231983289123,45.2655472420156,2426.9899999999998</coordinates></Point></Placemark><Placemark><TimeSpan><begin>2023-06-25T10:09:50Z</begin><end>2023-06-25T10:10:02Z</end></TimeSpan><styleUrl>#point</styleUrl><Point><altitudeMode>clampToGround</altitudeMode><coordinates>7.160078259184957,45.265628965571523,2426.5</coordinates></Point></Placemark><Placemark><TimeSpan><begin>2023-06-25T10:10:02Z</begin><end>2023-06-25T10:10:13Z</end></TimeSpan><styleUrl>#point</styleUrl><Point><altitudeMode>clampToGround</altitudeMode><coordinates>7.159977341070771,45.265670120716095,2426.5</coordinates></Point></Placemark><Placemark><TimeSpan><begin>2023-06-25T10:10:13Z</begin><end>2023-06-25T10:10:24Z</end></TimeSpan><styleUrl>#point</styleUrl><Point><altitudeMode>clampToGround</altitudeMode><coordinates>7.159955045208335,45.265675988048315,2426.5</coordinates></Point></Placemark><Placemark><TimeSpan><begin>2023-06-25T10:10:24Z</begin><end>2023-06-25T10:10:34Z</end></TimeSpan><styleUrl>#point</styleUrl><Point><altitudeMode>clampToGround</altitudeMode><coordinates>7.159888911992312,45.265713538974524,2426.5</coordinates></Point></Placemark><Placemark><TimeSpan><begin>2023-06-25T10:10:34Z</begin><end>2023-06-25T10:10:46Z</end></TimeSpan><styleUrl>#point</styleUrl><Point><altitudeMode>clampToGround</altitudeMode><coordinates>7.159823533147574,45.265754275023937,2426.5</coordinates></Point></Placemark><Placemark><TimeSpan><begin>2023-06-25T10:10:46Z</begin><end>2023-06-25T10:10:57Z</end></TimeSpan><styleUrl>#point</styleUrl><Point><altitudeMode>clampToGround</altitudeMode><coordinates>7.159756226465106,45.265825102105737,2426.5</coordinates></Point></Placemark><Placemark><TimeSpan><begin>2023-06-25T10:10:57Z</begin><end>2023-06-25T10:11:09Z</end></TimeSpan><styleUrl>#point</styleUrl><Point><altitudeMode>clampToGround</altitudeMode><coordinates>7.159680621698499,45.26587950065732,2426.5</coordinates></Point></Placemark><Placemark><TimeSpan><begin>2023-06-25T10:11:09Z</begin><end>2023-06-25T10:11:22Z</end></TimeSpan><styleUrl>#point</styleUrl><Point><altitudeMode>clampToGround</altitudeMode><coordinates>7.159644914790988,45.26591319590807,2428.4299999999998</coordinates></Point></Placemark><Placemark><TimeSpan><begin>2023-06-25T10:11:22Z</begin><end>2023-06-25T10:11:34Z</end></TimeSpan><styleUrl>#point</styleUrl><Point><altitudeMode>clampToGround</altitudeMode><coordinates>7.159573333337903,45.26595326140523,2428.4299999999998</coordinates></Point></Placemark><Placemark><TimeSpan><begin>2023-06-25T10:11:34Z</begin><end>2023-06-25T10:11:43Z</end></TimeSpan><styleUrl>#point</styleUrl><Point><altitudeMode>clampToGround</altitudeMode><coordinates>7.159530334174633,45.265981256961823,2428.4299999999998</coordinates></Point></Placemark><Placemark><TimeSpan><begin>2023-06-25T10:11:43Z</begin><end>2023-06-25T10:11:54Z</end></TimeSpan><styleUrl>#point</styleUrl><Point><altitudeMode>clampToGround</altitudeMode><coordinates>7.159458417445421,45.2660290338099,2428.9099999999999</coordinates></Point></Placemark><Placemark><TimeSpan><begin>2023-06-25T10:11:54Z</begin><end>2023-06-25T10:12:05Z</end></TimeSpan><styleUrl>#point</styleUrl><Point><altitudeMode>clampToGround</altitudeMode><coordinates>7.159387338906527,45.266078654676676,2429.3899999999999</coordinates></Point></Placemark><Placemark><TimeSpan><begin>2023-06-25T10:12:05Z</begin><end>2023-06-25T10:12:15Z</end></TimeSpan><styleUrl>#point</styleUrl><Point><altitudeMode>clampToGround</altitudeMode><coordinates>7.159355571493506,45.266111176460981,2429.3899999999999</coordinates></Point></Placemark><Placemark><TimeSpan><begin>2023-06-25T10:12:15Z</begin><end>2023-06-25T10:12:26Z</end></TimeSpan><styleUrl>#point</styleUrl><Point><altitudeMode>clampToGround</altitudeMode><coordinates>7.159298826009035,45.266162222251296,2430.3499999999999</coordinates></Point></Placemark><Placemark><TimeSpan><begin>2023-06-25T10:12:26Z</begin><end>2023-06-25T10:12:35Z</end></TimeSpan><styleUrl>#point</styleUrl><Point><altitudeMode>clampToGround</altitudeMode><coordinates>7.159254485741258,45.266205221414566,2430.3499999999999</coordinates></Point></Placemark><Placemark><TimeSpan><begin>2023-06-25T10:12:35Z</begin><end>2023-06-25T10:12:44Z</end></TimeSpan><styleUrl>#point</styleUrl><Point><altitudeMode>clampToGround</altitudeMode><coordinates>7.159191537648439,45.266247130930424,2430.8299999999999</coordinates></Point></Placemark><Placemark><TimeSpan><begin>2023-06-25T10:12:44Z</begin><end>2023-06-25T10:12:58Z</end></TimeSpan><styleUrl>#point</styleUrl><Point><altitudeMode>clampToGround</altitudeMode><coordinates>7.159183407202363,45.266266660764813,2431.79</coordinates></Point></Placemark><Placemark><TimeSpan><begin>2023-06-25T10:12:58Z</begin><end>2023-06-25T10:13:20Z</end></TimeSpan><styleUrl>#point</styleUrl><Point><altitudeMode>clampToGround</altitudeMode><coordinates>7.159190615639091,45.266284681856632,2430.8299999999999</coordinates></Point></Placemark><Placemark><TimeSpan><begin>2023-06-25T10:13:20Z</begin><end>2023-06-25T10:13:34Z</end></TimeSpan><styleUrl>#point</styleUrl><Point><altitudeMode>clampToGround</altitudeMode><coordinates>7.159166056662798,45.266291387379169,2430.8299999999999</coordinates></Point></Placemark><Placemark><TimeSpan><begin>2023-06-25T10:13:34Z</begin><end>2023-06-25T10:13:45Z</end></TimeSpan><styleUrl>#point</styleUrl><Point><altitudeMode>clampToGround</altitudeMode><coordinates>7.159084668383002,45.266329776495695,2431.79</coordinates></Point></Placemark><Placemark><TimeSpan><begin>2023-06-25T10:13:45Z</begin><end>2023-06-25T10:13:46Z</end></TimeSpan><styleUrl>#point</styleUrl><Point><altitudeMode>clampToGround</altitudeMode><coordinates>7.159074442461133,45.266331788152456,2431.79</coordinates></Point></Placemark><Placemark><TimeSpan><begin>2023-06-25T10:13:46Z</begin><end>2023-06-25T10:13:56Z</end></TimeSpan><styleUrl>#point</styleUrl><Point><altitudeMode>clampToGround</altitudeMode><coordinates>7.158995820209384,45.26636422611773,2431.79</coordinates></Point></Placemark><Placemark><TimeSpan><begin>2023-06-25T10:13:56Z</begin><end>2023-06-25T10:14:07Z</end></TimeSpan><styleUrl>#point</styleUrl><Point><altitudeMode>clampToGround</altitudeMode><coordinates>7.15894334949553,45.266426838934422,2431.79</coordinates></Point></Placemark><Placemark><TimeSpan><begin>2023-06-25T10:14:07Z</begin><end>2023-06-25T10:14:18Z</end></TimeSpan><styleUrl>#point</styleUrl><Point><altitudeMode>clampToGround</altitudeMode><coordinates>7.158944271504879,45.266432287171483,2432.27</coordinates></Point></Placemark><Placemark><TimeSpan><begin>2023-06-25T10:14:18Z</begin><end>2023-06-25T10:14:33Z</end></TimeSpan><styleUrl>#point</styleUrl><Point><altitudeMode>clampToGround</altitudeMode><coordinates>7.15889984741807,45.26644435711205,2430.8299999999999</coordinates></Point></Placemark><Placemark><TimeSpan><begin>2023-06-25T10:14:33Z</begin><end>2023-06-25T10:14:43Z</end></TimeSpan><styleUrl>#point</styleUrl><Point><altitudeMode>clampToGround</altitudeMode><coordinates>7.15884025208652,45.266449637711048,2430.8299999999999</coordinates></Point></Placemark><Placemark><TimeSpan><begin>2023-06-25T10:14:43Z</begin><end>2023-06-25T10:14:58Z</end></TimeSpan><styleUrl>#point</styleUrl><Point><altitudeMode>clampToGround</altitudeMode><coordinates>7.158800438046455,45.266470843926072,2430.8299999999999</coordinates></Point></Placemark><Placemark><TimeSpan><begin>2023-06-25T10:14:58Z</begin><end>2023-06-25T10:15:16Z</end></TimeSpan><styleUrl>#point</styleUrl><Point><altitudeMode>clampToGround</altitudeMode><coordinates>7.158807059749961,45.266457600519061,2430.8299999999999</coordinates></Point></Placemark><Placemark><TimeSpan><begin>2023-06-25T10:15:16Z</begin><end>2023-06-25T10:15:34Z</end></TimeSpan><styleUrl>#point</styleUrl><Point><altitudeMode>clampToGround</altitudeMode><coordinates>7.158802868798375,45.266449637711048,2430.8299999999999</coordinates></Point></Placemark><Placemark><TimeSpan><begin>2023-06-25T10:15:34Z</begin><end>2023-06-25T10:15:46Z</end></TimeSpan><styleUrl>#point</styleUrl><Point><altitudeMode>clampToGround</altitudeMode><coordinates>7.158774621784687,45.266477549448609,2430.8299999999999</coordinates></Point></Placemark><Placemark><TimeSpan><begin>2023-06-25T10:15:46Z</begin><end>2023-06-25T10:15:55Z</end></TimeSpan><styleUrl>#point</styleUrl><Point><altitudeMode>clampToGround</altitudeMode><coordinates>7.158735059201717,45.266517195850611,2430.3499999999999</coordinates></Point></Placemark><Placemark><TimeSpan><begin>2023-06-25T10:15:55Z</begin><end>2023-06-25T10:16:06Z</end></TimeSpan><styleUrl>#point</styleUrl><Point><altitudeMode>clampToGround</altitudeMode><coordinates>7.158683761954308,45.26651032269001,2430.3499999999999</coordinates></Point></Placemark><Placemark><TimeSpan><begin>2023-06-25T10:16:06Z</begin><end>2023-06-25T10:16:15Z</end></TimeSpan><styleUrl>#point</styleUrl><Point><altitudeMode>clampToGround</altitudeMode><coordinates>7.158640259876847,45.266488362103701,2430.8299999999999</coordinates></Point></Placemark><Placemark><TimeSpan><begin>2023-06-25T10:16:15Z</begin><end>2023-06-25T10:16:21Z</end></TimeSpan><styleUrl>#point</styleUrl><Point><altitudeMode>clampToGround</altitudeMode><coordinates>7.15863254852593,45.266471849754453,2431.79</coordinates></Point></Placemark><Placemark><TimeSpan><begin>2023-06-25T10:16:21Z</begin><end>2023-06-25T10:16:33Z</end></TimeSpan><styleUrl>#point</styleUrl><Point><altitudeMode>clampToGround</altitudeMode><coordinates>7.158608576282859,45.26645265519619,2432.27</coordinates></Point></Placemark><Placemark><TimeSpan><begin>2023-06-25T10:16:33Z</begin><end>2023-06-25T10:16:42Z</end></TimeSpan><styleUrl>#point</styleUrl><Point><altitudeMode>clampToGround</altitudeMode><coordinates>7.158583514392376,45.266430610790849,2432.75</coordinates></Point></Placemark><Placemark><TimeSpan><begin>2023-06-25T10:16:42Z</begin><end>2023-06-25T10:16:53Z</end></TimeSpan><styleUrl>#point</styleUrl><Point><altitudeMode>clampToGround</altitudeMode><coordinates>7.158588375896215,45.266428431496024,2434.1999999999998</coordinates></Point></Placemark><Placemark><TimeSpan><begin>2023-06-25T10:16:53Z</begin><end>2023-06-25T10:17:09Z</end></TimeSpan><styleUrl>#point</styleUrl><Point><altitudeMode>clampToGround</altitudeMode><coordinates>7.158561386168003,45.266415188089013,2434.1999999999998</coordinates></Point></Placemark><Placemark><TimeSpan><begin>2023-06-25T10:17:09Z</begin><end>2023-06-25T10:17:19Z</end></TimeSpan><styleUrl>#point</styleUrl><Point><altitudeMode>clampToGround</altitudeMode><coordinates>7.158502964302898,45.266434382647276,2434.6799999999998</coordinates></Point></Placemark><Placemark><TimeSpan><begin>2023-06-25T10:17:19Z</begin><end>2023-06-25T10:17:31Z</end></TimeSpan><styleUrl>#point</styleUrl><Point><altitudeMode>clampToGround</altitudeMode><coordinates>7.158465078100562,45.26644142344594,2437.0799999999999</coordinates></Point></Placemark><Placemark><TimeSpan><begin>2023-06-25T10:17:31Z</begin><end>2023-06-25T10:17:40Z</end></TimeSpan><styleUrl>#point</styleUrl><Point><altitudeMode>clampToGround</altitudeMode><coordinates>7.158414702862501,45.266445949673653,2438.52</coordinates></Point></Placemark><Placemark><TimeSpan><begin>2023-06-25T10:17:40Z</begin><end>2023-06-25T10:17:48Z</end></TimeSpan><styleUrl>#point</styleUrl><Point><altitudeMode>clampToGround</altitudeMode><coordinates>7.158396430313587,45.266442177817225,2439.48</coordinates></Point></Placemark><Placemark><TimeSpan><begin>2023-06-25T10:17:48Z</begin><end>2023-06-25T10:17:56Z</end></TimeSpan><styleUrl>#point</styleUrl><Point><altitudeMode>clampToGround</altitudeMode><coordinates>7.158347899094224,45.266423989087343,2440.9200000000001</coordinates></Point></Placemark><Placemark><TimeSpan><begin>2023-06-25T10:17:56Z</begin><end>2023-06-25T10:18:06Z</end></TimeSpan><styleUrl>#point</styleUrl><Point><altitudeMode>clampToGround</altitudeMode><coordinates>7.15829148888588,45.26641258969903,2443.3299999999999</coordinates></Point></Placemark><Placemark><TimeSpan><begin>2023-06-25T10:18:06Z</begin><end>2023-06-25T10:18:14Z</end></TimeSpan><styleUrl>#point</styleUrl><Point><altitudeMode>clampToGround</altitudeMode><coordinates>7.15826609171927,45.266417702659965,2443.8099999999999</coordinates></Point></Placemark><Placemark><TimeSpan><begin>2023-06-25T10:18:14Z</begin><end>2023-06-25T10:18:21Z</end></TimeSpan><styleUrl>#point</styleUrl><Point><altitudeMode>clampToGround</altitudeMode><coordinates>7.158225188031793,45.266395322978497,2445.73</coordinates></Point></Placemark><Placemark><TimeSpan><begin>2023-06-25T10:18:21Z</begin><end>2023-06-25T10:18:29Z</end></TimeSpan><styleUrl>#point</styleUrl><Point><altitudeMode>clampToGround</altitudeMode><coordinates>7.158214207738638,45.266379229724407,2446.21</coordinates></Point></Placemark><Placemark><TimeSpan><begin>2023-06-25T10:18:29Z</begin><end>2023-06-25T10:18:41Z</end></TimeSpan><styleUrl>#point</styleUrl><Point><altitudeMode>clampToGround</altitudeMode><coordinates>7.158192666247487,45.266379229724407,2446.6900000000001</coordinates></Point></Placemark><Placemark><TimeSpan><begin>2023-06-25T10:18:41Z</begin><end>2023-06-25T10:19:03Z</end></TimeSpan><styleUrl>#point</styleUrl><Point><altitudeMode>clampToGround</altitudeMode><coordinates>7.15818596072495,45.266369841992855,2447.1700000000001</coordinates></Point></Placemark><Placemark><TimeSpan><begin>2023-06-25T10:19:03Z</begin><end>2023-06-25T10:19:17Z</end></TimeSpan><styleUrl>#point</styleUrl><Point><altitudeMode>clampToGround</altitudeMode><coordinates>7.158163832500577,45.26634762994945,2447.6500000000001</coordinates></Point></Placemark><Placemark><TimeSpan><begin>2023-06-25T10:19:17Z</begin><end>2023-06-25T10:19:27Z</end></TimeSpan><styleUrl>#point</styleUrl><Point><altitudeMode>clampToGround</altitudeMode><coordinates>7.158141201362014,45.266328351572156,2450.0599999999999</coordinates></Point></Placemark><Placemark><TimeSpan><begin>2023-06-25T10:19:27Z</begin><end>2023-06-25T10:19:35Z</end></TimeSpan><styleUrl>#point</styleUrl><Point><altitudeMode>clampToGround</altitudeMode><coordinates>7.158127455040813,45.26630119420588,2451.98</coordinates></Point></Placemark><Placemark><TimeSpan><begin>2023-06-25T10:19:35Z</begin><end>2023-06-25T10:19:45Z</end></TimeSpan><styleUrl>#point</styleUrl><Point><altitudeMode>clampToGround</altitudeMode><coordinates>7.15810876339674,45.266253082081676,2453.9000000000001</coordinates></Point></Placemark><Placemark><TimeSpan><begin>2023-06-25T10:19:45Z</begin><end>2023-06-25T10:19:47Z</end></TimeSpan><styleUrl>#point</styleUrl><Point><altitudeMode>clampToGround</altitudeMode><coordinates>7.158095939084888,45.266251740977168,2454.3800000000001</coordinates></Point></Placemark><Placemark><TimeSpan><begin>2023-06-25T10:19:47Z</begin><end>2023-06-25T10:19:56Z</end></TimeSpan><styleUrl>#point</styleUrl><Point><altitudeMode>clampToGround</altitudeMode><coordinates>7.158063584938645,45.266248472034931,2456.3099999999999</coordinates></Point></Placemark><Placemark><TimeSpan><begin>2023-06-25T10:19:56Z</begin><end>2023-06-25T10:20:12Z</end></TimeSpan><styleUrl>#point</styleUrl><Point><altitudeMode>clampToGround</altitudeMode><coordinates>7.158017233014107,45.266236485913396,2457.75</coordinates></Point></Placemark><Placemark><TimeSpan><begin>2023-06-25T10:20:12Z</begin><end>2023-06-25T10:20:22Z</end></TimeSpan><styleUrl>#point</styleUrl><Point><altitudeMode>clampToGround</altitudeMode><coordinates>7.15796610340476,45.266203377395868,2460.1500000000001</coordinates></Point></Placemark><Placemark><TimeSpan><begin>2023-06-25T10:20:22Z</begin><end>2023-06-25T10:20:34Z</end></TimeSpan><styleUrl>#point</styleUrl><Point><altitudeMode>clampToGround</altitudeMode><coordinates>7.157963924109936,45.266195833683014,2460.6300000000001</coordinates></Point></Placemark><Placemark><TimeSpan><begin>2023-06-25T10:20:34Z</begin><end>2023-06-25T10:20:44Z</end></TimeSpan><styleUrl>#point</styleUrl><Point><altitudeMode>clampToGround</altitudeMode><coordinates>7.157949088141322,45.266184266656637,2461.1100000000001</coordinates></Point></Placemark><Placemark><TimeSpan><begin>2023-06-25T10:20:44Z</begin><end>2023-06-25T10:20:54Z</end></TimeSpan><styleUrl>#point</styleUrl><Point><altitudeMode>clampToGround</altitudeMode><coordinates>7.157922852784395,45.26618979871273,2462.0700000000002</coordinates></Point></Placemark><Placemark><TimeSpan><begin>2023-06-25T10:20:54Z</begin><end>2023-06-25T10:21:03Z</end></TimeSpan><styleUrl>#point</styleUrl><Point><altitudeMode>clampToGround</altitudeMode><coordinates>7.157935006543994,45.266169095411897,2463.04</coordinates></Point></Placemark><Placemark><TimeSpan><begin>2023-06-25T10:21:03Z</begin><end>2023-06-25T10:21:12Z</end></TimeSpan><styleUrl>#point</styleUrl><Point><altitudeMode>clampToGround</altitudeMode><coordinates>7.15792017057538,45.266134981065989,2464.96</coordinates></Point></Placemark><Placemark><TimeSpan><begin>2023-06-25T10:21:12Z</begin><end>2023-06-25T10:21:26Z</end></TimeSpan><styleUrl>#point</styleUrl><Point><altitudeMode>clampToGround</altitudeMode><coordinates>7.15788253583014,45.266123078763485,2465.9200000000001</coordinates></Point></Placemark><Placemark><TimeSpan><begin>2023-06-25T10:21:26Z</begin><end>2023-06-25T10:21:39Z</end></TimeSpan><styleUrl>#point</styleUrl><Point><altitudeMode>clampToGround</altitudeMode><coordinates>7.157881781458855,45.266121486201882,2466.8800000000001</coordinates></Point></Placemark><Placemark><TimeSpan><begin>2023-06-25T10:21:39Z</begin><end>2023-06-25T10:21:48Z</end></TimeSpan><styleUrl>#point</styleUrl><Point><altitudeMode>clampToGround</altitudeMode><coordinates>7.157872226089239,45.266103381291032,2469.2800000000002</coordinates></Point></Placemark><Placemark><TimeSpan><begin>2023-06-25T10:21:48Z</begin><end>2023-06-25T10:21:59Z</end></TimeSpan><styleUrl>#point</styleUrl><Point><altitudeMode>clampToGround</altitudeMode><coordinates>7.157796453684568,45.266117379069328,2469.7600000000002</coordinates></Point></Placemark><Placemark><TimeSpan><begin>2023-06-25T10:21:59Z</begin><end>2023-06-25T10:22:08Z</end></TimeSpan><styleUrl>#point</styleUrl><Point><altitudeMode>clampToGround</altitudeMode><coordinates>7.157746832817793,45.266103381291032,2471.21</coordinates></Point></Placemark><Placemark><TimeSpan><begin>2023-06-25T10:22:08Z</begin><end>2023-06-25T10:22:16Z</end></TimeSpan><styleUrl>#point</styleUrl><Point><altitudeMode>clampToGround</altitudeMode><coordinates>7.157757645472884,45.266089886426926,2473.1300000000001</coordinates></Point></Placemark><Placemark><TimeSpan><begin>2023-06-25T10:22:16Z</begin><end>2023-06-25T10:22:26Z</end></TimeSpan><styleUrl>#point</styleUrl><Point><altitudeMode>clampToGround</altitudeMode><coordinates>7.157726967707276,45.266090305522084,2474.0900000000001</coordinates></Point></Placemark><Placemark><TimeSpan><begin>2023-06-25T10:22:26Z</begin><end>2023-06-25T10:22:35Z</end></TimeSpan><styleUrl>#point</styleUrl><Point><altitudeMode>clampToGround</altitudeMode><coordinates>7.15772420167923,45.266078151762486,2476.0100000000002</coordinates></Point></Placemark><Placemark><TimeSpan><begin>2023-06-25T10:22:35Z</begin><end>2023-06-25T10:22:44Z</end></TimeSpan><styleUrl>#point</styleUrl><Point><altitudeMode>clampToGround</altitudeMode><coordinates>7.157682711258531,45.266076643019915,2476.4899999999998</coordinates></Point></Placemark><Placemark><TimeSpan><begin>2023-06-25T10:22:44Z</begin><end>2023-06-25T10:22:53Z</end></TimeSpan><styleUrl>#point</styleUrl><Point><altitudeMode>clampToGround</altitudeMode><coordinates>7.157636191695929,45.266077648848295,2478.9000000000001</coordinates></Point></Placemark><Placemark><TimeSpan><begin>2023-06-25T10:22:53Z</begin><end>2023-06-25T10:23:01Z</end></TimeSpan><styleUrl>#point</styleUrl><Point><altitudeMode>clampToGround</altitudeMode><coordinates>7.157598976045847,45.266072787344456,2479.8600000000001</coordinates></Point></Placemark><Placemark><TimeSpan><begin>2023-06-25T10:23:01Z</begin><end>2023-06-25T10:23:08Z</end></TimeSpan><styleUrl>#point</styleUrl><Point><altitudeMode>clampToGround</altitudeMode><coordinates>7.157556479796767,45.266071613878012,2480.8200000000002</coordinates></Point></Placemark><Placemark><TimeSpan><begin>2023-06-25T10:23:08Z</begin><end>2023-06-25T10:23:16Z</end></TimeSpan><styleUrl>#point</styleUrl><Point><altitudeMode>clampToGround</altitudeMode><coordinates>7.157520186156035,45.266096089035273,2481.3000000000002</coordinates></Point></Placemark><Placemark><TimeSpan><begin>2023-06-25T10:23:16Z</begin><end>2023-06-25T10:23:26Z</end></TimeSpan><styleUrl>#point</styleUrl><Point><altitudeMode>clampToGround</altitudeMode><coordinates>7.157452208921313,45.266096005216241,2481.3000000000002</coordinates></Point></Placemark><Placemark><TimeSpan><begin>2023-06-25T10:23:26Z</begin><end>2023-06-25T10:23:34Z</end></TimeSpan><styleUrl>#point</styleUrl><Point><altitudeMode>clampToGround</altitudeMode><coordinates>7.157486155629158,45.266100279986858,2481.7800000000002</coordinates></Point></Placemark><Placemark><TimeSpan><begin>2023-06-25T10:23:34Z</begin><end>2023-06-25T10:23:44Z</end></TimeSpan><styleUrl>#point</styleUrl><Point><altitudeMode>clampToGround</altitudeMode><coordinates>7.157525550574064,45.266088880598545,2482.2600000000002</coordinates></Point></Placemark><Placemark><TimeSpan><begin>2023-06-25T10:23:44Z</begin><end>2023-06-25T10:23:59Z</end></TimeSpan><styleUrl>#point</styleUrl><Point><altitudeMode>clampToGround</altitudeMode><coordinates>7.15759034268558,45.26609793305397,2483.2199999999998</coordinates></Point></Placemark><Placemark><TimeSpan><begin>2023-06-25T10:23:59Z</begin><end>2023-06-25T10:24:10Z</end></TimeSpan><styleUrl>#point</styleUrl><Point><altitudeMode>clampToGround</altitudeMode><coordinates>7.157603250816464,45.26601972989738,2484.6599999999999</coordinates></Point></Placemark><Placemark><TimeSpan><begin>2023-06-25T10:24:10Z</begin><end>2023-06-25T10:24:20Z</end></TimeSpan><styleUrl>#point</styleUrl><Point><altitudeMode>clampToGround</altitudeMode><coordinates>7.157621355727315,45.265973629429936,2486.1100000000001</coordinates></Point></Placemark><Placemark><TimeSpan><begin>2023-06-25T10:24:20Z</begin><end>2023-06-25T10:24:31Z</end></TimeSpan><styleUrl>#point</styleUrl><Point><altitudeMode>clampToGround</altitudeMode><coordinates>7.157615823671222,45.265924343839288,2488.0300000000002</coordinates></Point></Placemark><Placemark><TimeSpan><begin>2023-06-25T10:24:31Z</begin><end>2023-06-25T10:24:41Z</end></TimeSpan><styleUrl>#point</styleUrl><Point><altitudeMode>clampToGround</altitudeMode><coordinates>7.157641975209117,45.265866843983531,2489.4699999999998</coordinates></Point></Placemark><Placemark><TimeSpan><begin>2023-06-25T10:24:41Z</begin><end>2023-06-25T10:24:44Z</end></TimeSpan><styleUrl>#point</styleUrl><Point><altitudeMode>clampToGround</altitudeMode><coordinates>7.157655721530318,45.265855947509408,2490.4299999999998</coordinates></Point></Placemark><Placemark><TimeSpan><begin>2023-06-25T10:24:44Z</begin><end>2023-06-25T10:24:54Z</end></TimeSpan><styleUrl>#point</styleUrl><Point><altitudeMode>clampToGround</altitudeMode><coordinates>7.157676843926311,45.2657959330827,2491.8699999999999</coordinates></Point></Placemark><Placemark><TimeSpan><begin>2023-06-25T10:24:54Z</begin><end>2023-06-25T10:25:02Z</end></TimeSpan><styleUrl>#point</styleUrl><Point><altitudeMode>clampToGround</altitudeMode><coordinates>7.157607944682241,45.265784449875355,2493.3200000000002</coordinates></Point></Placemark><Placemark><TimeSpan><begin>2023-06-25T10:25:02Z</begin><end>2023-06-25T10:25:11Z</end></TimeSpan><styleUrl>#point</styleUrl><Point><altitudeMode>clampToGround</altitudeMode><coordinates>7.157547846436501,45.265790820121765,2494.2800000000002</coordinates></Point></Placemark><Placemark><TimeSpan><begin>2023-06-25T10:25:11Z</begin><end>2023-06-25T10:25:21Z</end></TimeSpan><styleUrl>#point</styleUrl><Point><altitudeMode>clampToGround</altitudeMode><coordinates>7.157501326873899,45.265820492058992,2496.6799999999998</coordinates></Point></Placemark><Placemark><TimeSpan><begin>2023-06-25T10:25:21Z</begin><end>2023-06-25T10:25:32Z</end></TimeSpan><styleUrl>#point</styleUrl><Point><altitudeMode>clampToGround</altitudeMode><coordinates>7.157484479248524,45.265778917819262,2498.1199999999999</coordinates></Point></Placemark><Placemark><TimeSpan><begin>2023-06-25T10:25:32Z</begin><end>2023-06-25T10:25:40Z</end></TimeSpan><styleUrl>#point</styleUrl><Point><altitudeMode>clampToGround</altitudeMode><coordinates>7.15747157111764,45.265738014131784,2499.5700000000002</coordinates></Point></Placemark><Placemark><TimeSpan><begin>2023-06-25T10:25:40Z</begin><end>2023-06-25T10:25:51Z</end></TimeSpan><styleUrl>#point</styleUrl><Point><altitudeMode>clampToGround</altitudeMode><coordinates>7.157490346580744,45.265680095180869,2501.0100000000002</coordinates></Point></Placemark><Placemark><TimeSpan><begin>2023-06-25T10:25:51Z</begin><end>2023-06-25T10:26:02Z</end></TimeSpan><styleUrl>#point</styleUrl><Point><altitudeMode>clampToGround</altitudeMode><coordinates>7.15745790861547,45.265674060210586,2501.9699999999998</coordinates></Point></Placemark><Placemark><TimeSpan><begin>2023-06-25T10:26:02Z</begin><end>2023-06-25T10:26:17Z</end></TimeSpan><styleUrl>#point</styleUrl><Point><altitudeMode>clampToGround</altitudeMode><coordinates>7.15740904211998,45.265661152079701,2502.9299999999998</coordinates></Point></Placemark><Placemark><TimeSpan><begin>2023-06-25T10:26:17Z</begin><end>2023-06-25T10:26:26Z</end></TimeSpan><styleUrl>#point</styleUrl><Point><altitudeMode>clampToGround</altitudeMode><coordinates>7.157367551699281,45.265672383829951,2504.3699999999999</coordinates></Point></Placemark><Placemark><TimeSpan><begin>2023-06-25T10:26:26Z</begin><end>2023-06-25T10:26:36Z</end></TimeSpan><styleUrl>#point</styleUrl><Point><altitudeMode>clampToGround</altitudeMode><coordinates>7.15731231495738,45.265683531761169,2505.8099999999999</coordinates></Point></Placemark><Placemark><TimeSpan><begin>2023-06-25T10:26:36Z</begin><end>2023-06-25T10:26:47Z</end></TimeSpan><styleUrl>#point</styleUrl><Point><altitudeMode>clampToGround</altitudeMode><coordinates>7.157250205054879,45.265709180384874,2507.2600000000002</coordinates></Point></Placemark><Placemark><TimeSpan><begin>2023-06-25T10:26:47Z</begin><end>2023-06-25T10:26:58Z</end></TimeSpan><styleUrl>#point</styleUrl><Point><altitudeMode>clampToGround</altitudeMode><coordinates>7.157187508419156,45.265726782381535,2509.1799999999998</coordinates></Point></Placemark><Placemark><TimeSpan><begin>2023-06-25T10:26:58Z</begin><end>2023-06-25T10:27:08Z</end></TimeSpan><styleUrl>#point</styleUrl><Point><altitudeMode>clampToGround</altitudeMode><coordinates>7.157136714085937,45.265736505389214,2512.0599999999999</coordinates></Point></Placemark><Placemark><TimeSpan><begin>2023-06-25T10:27:08Z</begin><end>2023-06-25T10:27:19Z</end></TimeSpan><styleUrl>#point</styleUrl><Point><altitudeMode>clampToGround</altitudeMode><coordinates>7.157073011621833,45.265771960839629,2513.5</coordinates></Point></Placemark><Placemark><TimeSpan><begin>2023-06-25T10:27:19Z</begin><end>2023-06-25T10:27:27Z</end></TimeSpan><styleUrl>#point</styleUrl><Point><altitudeMode>clampToGround</altitudeMode><coordinates>7.157000927254558,45.265780845656991,2515.4299999999998</coordinates></Point></Placemark><Placemark><TimeSpan><begin>2023-06-25T10:27:27Z</begin><end>2023-06-25T10:27:37Z</end></TimeSpan><styleUrl>#point</styleUrl><Point><altitudeMode>clampToGround</altitudeMode><coordinates>7.156942756846547,45.265795346349478,2516.3899999999999</coordinates></Point></Placemark><Placemark><TimeSpan><begin>2023-06-25T10:27:37Z</begin><end>2023-06-25T10:27:51Z</end></TimeSpan><styleUrl>#point</styleUrl><Point><altitudeMode>clampToGround</altitudeMode><coordinates>7.156886346638203,45.265767434611917,2516.8699999999999</coordinates></Point></Placemark><Placemark><TimeSpan><begin>2023-06-25T10:27:51Z</begin><end>2023-06-25T10:27:53Z</end></TimeSpan><styleUrl>#point</styleUrl><Point><altitudeMode>clampToGround</altitudeMode><coordinates>7.156893806532025,45.265754861757159,2516.8699999999999</coordinates></Point></Placemark><Placemark><TimeSpan><begin>2023-06-25T10:27:53Z</begin><end>2023-06-25T10:28:02Z</end></TimeSpan><styleUrl>#point</styleUrl><Point><altitudeMode>clampToGround</altitudeMode><coordinates>7.156897243112326,45.265707336366177,2517.8299999999999</coordinates></Point></Placemark><Placemark><TimeSpan><begin>2023-06-25T10:28:02Z</begin><end>2023-06-25T10:28:11Z</end></TimeSpan><styleUrl>#point</styleUrl><Point><altitudeMode>clampToGround</altitudeMode><coordinates>7.156894309446216,45.265653943642974,2519.27</coordinates></Point></Placemark><Placemark><TimeSpan><begin>2023-06-25T10:28:11Z</begin><end>2023-06-25T10:28:21Z</end></TimeSpan><styleUrl>#point</styleUrl><Point><altitudeMode>clampToGround</altitudeMode><coordinates>7.156902020797133,45.265565011650324,2520.23</coordinates></Point></Placemark><Placemark><TimeSpan><begin>2023-06-25T10:28:21Z</begin><end>2023-06-25T10:28:29Z</end></TimeSpan><styleUrl>#point</styleUrl><Point><altitudeMode>clampToGround</altitudeMode><coordinates>7.15691652148962,45.265515055507421,2522.1599999999999</coordinates></Point></Placemark><Placemark><TimeSpan><begin>2023-06-25T10:28:29Z</begin><end>2023-06-25T10:28:38Z</end></TimeSpan><styleUrl>#point</styleUrl><Point><altitudeMode>clampToGround</altitudeMode><coordinates>7.156914593651891,45.265448838472366,2523.1199999999999</coordinates></Point></Placemark><Placemark><TimeSpan><begin>2023-06-25T10:28:38Z</begin><end>2023-06-25T10:28:50Z</end></TimeSpan><styleUrl>#point</styleUrl><Point><altitudeMode>clampToGround</altitudeMode><coordinates>7.156915348023176,45.265392512083054,2525.52</coordinates></Point></Placemark><Placemark><TimeSpan><begin>2023-06-25T10:28:50Z</begin><end>2023-06-25T10:29:02Z</end></TimeSpan><styleUrl>#point</styleUrl><Point><altitudeMode>clampToGround</altitudeMode><coordinates>7.156902523711324,45.265371138229966,2526</coordinates></Point></Placemark><Placemark><TimeSpan><begin>2023-06-25T10:29:02Z</begin><end>2023-06-25T10:29:12Z</end></TimeSpan><styleUrl>#point</styleUrl><Point><altitudeMode>clampToGround</altitudeMode><coordinates>7.15691258199513,45.265311794355512,2526.96</coordinates></Point></Placemark><Placemark><TimeSpan><begin>2023-06-25T10:29:12Z</begin><end>2023-06-25T10:29:23Z</end></TimeSpan><styleUrl>#point</styleUrl><Point><altitudeMode>clampToGround</altitudeMode><coordinates>7.156934458762407,45.265259994193912,2527.4400000000001</coordinates></Point></Placemark><Placemark><TimeSpan><begin>2023-06-25T10:29:23Z</begin><end>2023-06-25T10:29:32Z</end></TimeSpan><styleUrl>#point</styleUrl><Point><altitudeMode>clampToGround</altitudeMode><coordinates>7.156963292509317,45.265207104384899,2529.8499999999999</coordinates></Point></Placemark><Placemark><TimeSpan><begin>2023-06-25T10:29:32Z</begin><end>2023-06-25T10:29:44Z</end></TimeSpan><styleUrl>#point</styleUrl><Point><altitudeMode>clampToGround</altitudeMode><coordinates>7.156973853707314,45.265169637277722,2531.77</coordinates></Point></Placemark><Placemark><TimeSpan><begin>2023-06-25T10:29:44Z</begin><end>2023-06-25T10:29:52Z</end></TimeSpan><styleUrl>#point</styleUrl><Point><altitudeMode>clampToGround</altitudeMode><coordinates>7.156975362449884,45.265144910663366,2531.29</coordinates></Point></Placemark><Placemark><TimeSpan><begin>2023-06-25T10:29:52Z</begin><end>2023-06-25T10:30:01Z</end></TimeSpan><styleUrl>#point</styleUrl><Point><altitudeMode>clampToGround</altitudeMode><coordinates>7.156926831230521,45.265135271474719,2532.73</coordinates></Point></Placemark><Placemark><TimeSpan><begin>2023-06-25T10:30:01Z</begin><end>2023-06-25T10:30:09Z</end></TimeSpan><styleUrl>#point</styleUrl><Point><altitudeMode>clampToGround</altitudeMode><coordinates>7.156894225627184,45.265128230676055,2534.1700000000001</coordinates></Point></Placemark><Placemark><TimeSpan><begin>2023-06-25T10:30:09Z</begin><end>2023-06-25T10:30:22Z</end></TimeSpan><styleUrl>#point</styleUrl><Point><altitudeMode>clampToGround</altitudeMode><coordinates>7.156893303617835,45.265166787430644,2534.6500000000001</coordinates></Point></Placemark><Placemark><TimeSpan><begin>2023-06-25T10:30:22Z</begin><end>2023-06-25T10:30:33Z</end></TimeSpan><styleUrl>#point</styleUrl><Point><altitudeMode>clampToGround</altitudeMode><coordinates>7.156855836510658,45.265162093564868,2534.6500000000001</coordinates></Point></Placemark><Placemark><TimeSpan><begin>2023-06-25T10:30:33Z</begin><end>2023-06-25T10:30:42Z</end></TimeSpan><styleUrl>#point</styleUrl><Point><altitudeMode>clampToGround</altitudeMode><coordinates>7.156822895631194,45.265165949240327,2535.6100000000001</coordinates></Point></Placemark><Placemark><TimeSpan><begin>2023-06-25T10:30:42Z</begin><end>2023-06-25T10:30:45Z</end></TimeSpan><styleUrl>#point</styleUrl><Point><altitudeMode>clampToGround</altitudeMode><coordinates>7.156806215643883,45.265163434669375,2537.0599999999999</coordinates></Point></Placemark><Placemark><TimeSpan><begin>2023-06-25T10:30:45Z</begin><end>2023-06-25T10:30:54Z</end></TimeSpan><styleUrl>#point</styleUrl><Point><altitudeMode>clampToGround</altitudeMode><coordinates>7.156768497079611,45.26514851488173,2538.5</coordinates></Point></Placemark><Placemark><TimeSpan><begin>2023-06-25T10:30:54Z</begin><end>2023-06-25T10:31:07Z</end></TimeSpan><styleUrl>#point</styleUrl><Point><altitudeMode>clampToGround</altitudeMode><coordinates>7.156712086871266,45.265140971168876,2539.9400000000001</coordinates></Point></Placemark><Placemark><TimeSpan><begin>2023-06-25T10:31:07Z</begin><end>2023-06-25T10:31:18Z</end></TimeSpan><styleUrl>#point</styleUrl><Point><altitudeMode>clampToGround</altitudeMode><coordinates>7.156663471832871,45.265121525153518,2540.9000000000001</coordinates></Point></Placemark><Placemark><TimeSpan><begin>2023-06-25T10:31:18Z</begin><end>2023-06-25T10:31:28Z</end></TimeSpan><styleUrl>#point</styleUrl><Point><altitudeMode>clampToGround</altitudeMode><coordinates>7.156657269224525,45.265092104673386,2543.3099999999999</coordinates></Point></Placemark><Placemark><TimeSpan><begin>2023-06-25T10:31:28Z</begin><end>2023-06-25T10:31:39Z</end></TimeSpan><styleUrl>#point</styleUrl><Point><altitudeMode>clampToGround</altitudeMode><coordinates>7.156641259789467,45.26506151072681,2545.23</coordinates></Point></Placemark><Placemark><TimeSpan><begin>2023-06-25T10:31:39Z</begin><end>2023-06-25T10:31:49Z</end></TimeSpan><styleUrl>#point</styleUrl><Point><altitudeMode>clampToGround</altitudeMode><coordinates>7.15662382543087,45.265021529048681,2547.1500000000001</coordinates></Point></Placemark><Placemark><TimeSpan><begin>2023-06-25T10:31:49Z</begin><end>2023-06-25T10:31:58Z</end></TimeSpan><styleUrl>#point</styleUrl><Point><altitudeMode>clampToGround</altitudeMode><coordinates>7.156634218990803,45.264997975900769,2548.1100000000001</coordinates></Point></Placemark><Placemark><TimeSpan><begin>2023-06-25T10:31:58Z</begin><end>2023-06-25T10:32:08Z</end></TimeSpan><styleUrl>#point</styleUrl><Point><altitudeMode>clampToGround</altitudeMode><coordinates>7.156645031645894,45.264985570684075,2549.5500000000002</coordinates></Point></Placemark><Placemark><TimeSpan><begin>2023-06-25T10:32:08Z</begin><end>2023-06-25T10:32:17Z</end></TimeSpan><styleUrl>#point</styleUrl><Point><altitudeMode>clampToGround</altitudeMode><coordinates>7.156631872057915,45.264936201274395,2550.5100000000002</coordinates></Point></Placemark><Placemark><TimeSpan><begin>2023-06-25T10:32:17Z</begin><end>2023-06-25T10:32:29Z</end></TimeSpan><styleUrl>#point</styleUrl><Point><altitudeMode>clampToGround</altitudeMode><coordinates>7.156597590073943,45.264946259558201,2551.48</coordinates></Point></Placemark><Placemark><TimeSpan><begin>2023-06-25T10:32:29Z</begin><end>2023-06-25T10:32:39Z</end></TimeSpan><styleUrl>#point</styleUrl><Point><altitudeMode>clampToGround</altitudeMode><coordinates>7.156559368595481,45.264973668381572,2552.9200000000001</coordinates></Point></Placemark><Placemark><TimeSpan><begin>2023-06-25T10:32:39Z</begin><end>2023-06-25T10:32:49Z</end></TimeSpan><styleUrl>#point</styleUrl><Point><altitudeMode>clampToGround</altitudeMode><coordinates>7.156477142125368,45.264942571520805,2553.4000000000001</coordinates></Point></Placemark><Placemark><TimeSpan><begin>2023-06-25T10:32:49Z</begin><end>2023-06-25T10:32:59Z</end></TimeSpan><styleUrl>#point</styleUrl><Point><altitudeMode>clampToGround</altitudeMode><coordinates>7.156453337520361,45.264982553198934,2554.3600000000001</coordinates></Point></Placemark><Placemark><TimeSpan><begin>2023-06-25T10:32:59Z</begin><end>2023-06-25T10:33:11Z</end></TimeSpan><styleUrl>#point</styleUrl><Point><altitudeMode>clampToGround</altitudeMode><coordinates>7.156421821564436,45.265062851831317,2555.8000000000002</coordinates></Point></Placemark><Placemark><TimeSpan><begin>2023-06-25T10:33:11Z</begin><end>2023-06-25T10:33:21Z</end></TimeSpan><styleUrl>#point</styleUrl><Point><altitudeMode>clampToGround</altitudeMode><coordinates>7.156419809907675,45.265076765790582,2556.7600000000002</coordinates></Point></Placemark><Placemark><TimeSpan><begin>2023-06-25T10:33:21Z</begin><end>2023-06-25T10:33:31Z</end></TimeSpan><styleUrl>#point</styleUrl><Point><altitudeMode>clampToGround</altitudeMode><coordinates>7.156384186819196,45.265123955905437,2557.2399999999998</coordinates></Point></Placemark><Placemark><TimeSpan><begin>2023-06-25T10:33:31Z</begin><end>2023-06-25T10:33:41Z</end></TimeSpan><styleUrl>#point</styleUrl><Point><altitudeMode>clampToGround</altitudeMode><coordinates>7.156365914270282,45.265173241496086,2559.1700000000001</coordinates></Point></Placemark><Placemark><TimeSpan><begin>2023-06-25T10:33:41Z</begin><end>2023-06-25T10:33:50Z</end></TimeSpan><styleUrl>#point</styleUrl><Point><altitudeMode>clampToGround</altitudeMode><coordinates>7.156329285353422,45.265201907604933,2561.0900000000001</coordinates></Point></Placemark><Placemark><TimeSpan><begin>2023-06-25T10:33:50Z</begin><end>2023-06-25T10:34:00Z</end></TimeSpan><styleUrl>#point</styleUrl><Point><altitudeMode>clampToGround</altitudeMode><coordinates>7.156310426071286,45.2652398776263,2562.5300000000002</coordinates></Point></Placemark><Placemark><TimeSpan><begin>2023-06-25T10:34:00Z</begin><end>2023-06-25T10:34:09Z</end></TimeSpan><styleUrl>#point</styleUrl><Point><altitudeMode>clampToGround</altitudeMode><coordinates>7.156294668093324,45.265258150175214,2563.4899999999998</coordinates></Point></Placemark><Placemark><TimeSpan><begin>2023-06-25T10:34:09Z</begin><end>2023-06-25T10:34:20Z</end></TimeSpan><styleUrl>#point</styleUrl><Point><altitudeMode>clampToGround</altitudeMode><coordinates>7.156303636729717,45.265316823497415,2563.9699999999998</coordinates></Point></Placemark><Placemark><TimeSpan><begin>2023-06-25T10:34:20Z</begin><end>2023-06-25T10:34:44Z</end></TimeSpan><styleUrl>#point</styleUrl><Point><altitudeMode>clampToGround</altitudeMode><coordinates>7.156294919550419,45.2653918415308,2563.9699999999998</coordinates></Point></Placemark><Placemark><TimeSpan><begin>2023-06-25T10:34:44Z</begin><end>2023-06-25T10:34:53Z</end></TimeSpan><styleUrl>#point</styleUrl><Point><altitudeMode>clampToGround</altitudeMode><coordinates>7.156224092468619,45.265430565923452,2564.9299999999998</coordinates></Point></Placemark><Placemark><TimeSpan><begin>2023-06-25T10:34:53Z</begin><end>2023-06-25T10:35:01Z</end></TimeSpan><styleUrl>#point</styleUrl><Point><altitudeMode>clampToGround</altitudeMode><coordinates>7.156201126053929,45.265474319458008,2565.4200000000001</coordinates></Point></Placemark><Placemark><TimeSpan><begin>2023-06-25T10:35:01Z</begin><end>2023-06-25T10:35:09Z</end></TimeSpan><styleUrl>#point</styleUrl><Point><altitudeMode>clampToGround</altitudeMode><coordinates>7.156120240688324,45.265473229810596,2565.9000000000001</coordinates></Point></Placemark><Placemark><TimeSpan><begin>2023-06-25T10:35:09Z</begin><end>2023-06-25T10:35:18Z</end></TimeSpan><styleUrl>#point</styleUrl><Point><altitudeMode>clampToGround</altitudeMode><coordinates>7.156084952875972,45.265517486259341,2567.3400000000001</coordinates></Point></Placemark><Placemark><TimeSpan><begin>2023-06-25T10:35:18Z</begin><end>2023-06-25T10:35:27Z</end></TimeSpan><styleUrl>#point</styleUrl><Point><altitudeMode>clampToGround</altitudeMode><coordinates>7.15603793039918,45.265575405210257,2568.7800000000002</coordinates></Point></Placemark><Placemark><TimeSpan><begin>2023-06-25T10:35:27Z</begin><end>2023-06-25T10:35:36Z</end></TimeSpan><styleUrl>#point</styleUrl><Point><altitudeMode>clampToGround</altitudeMode><coordinates>7.15599786490202,45.265597868710756,2570.2199999999998</coordinates></Point></Placemark><Placemark><TimeSpan><begin>2023-06-25T10:35:36Z</begin><end>2023-06-25T10:35:47Z</end></TimeSpan><styleUrl>#point</styleUrl><Point><altitudeMode>clampToGround</altitudeMode><coordinates>7.155922846868634,45.265613542869687,2572.1399999999999</coordinates></Point></Placemark><Placemark><TimeSpan><begin>2023-06-25T10:35:47Z</begin><end>2023-06-25T10:35:57Z</end></TimeSpan><styleUrl>#point</styleUrl><Point><altitudeMode>clampToGround</altitudeMode><coordinates>7.155896611511707,45.265653440728784,2572.6300000000001</coordinates></Point></Placemark><Placemark><TimeSpan><begin>2023-06-25T10:35:57Z</begin><end>2023-06-25T10:36:05Z</end></TimeSpan><styleUrl>#point</styleUrl><Point><altitudeMode>clampToGround</altitudeMode><coordinates>7.155876662582159,45.265704318881035,2574.0700000000002</coordinates></Point></Placemark><Placemark><TimeSpan><begin>2023-06-25T10:36:05Z</begin><end>2023-06-25T10:36:15Z</end></TimeSpan><styleUrl>#point</styleUrl><Point><altitudeMode>clampToGround</altitudeMode><coordinates>7.15582737699151,45.265751928091049,2574.5500000000002</coordinates></Point></Placemark><Placemark><TimeSpan><begin>2023-06-25T10:36:15Z</begin><end>2023-06-25T10:36:24Z</end></TimeSpan><styleUrl>#point</styleUrl><Point><altitudeMode>clampToGround</altitudeMode><coordinates>7.155788149684668,45.265796184539795,2576.9499999999998</coordinates></Point></Placemark><Placemark><TimeSpan><begin>2023-06-25T10:36:24Z</begin><end>2023-06-25T10:36:32Z</end></TimeSpan><styleUrl>#point</styleUrl><Point><altitudeMode>clampToGround</altitudeMode><coordinates>7.155742635950446,45.265807751566172,2577.9099999999999</coordinates></Point></Placemark><Placemark><TimeSpan><begin>2023-06-25T10:36:32Z</begin><end>2023-06-25T10:36:45Z</end></TimeSpan><styleUrl>#point</styleUrl><Point><altitudeMode>clampToGround</altitudeMode><coordinates>7.155671138316393,45.265804314985871,2578.8699999999999</coordinates></Point></Placemark><Placemark><TimeSpan><begin>2023-06-25T10:36:45Z</begin><end>2023-06-25T10:36:56Z</end></TimeSpan><styleUrl>#point</styleUrl><Point><altitudeMode>clampToGround</altitudeMode><coordinates>7.155640795826912,45.265890480950475,2579.3499999999999</coordinates></Point></Placemark><Placemark><TimeSpan><begin>2023-06-25T10:36:56Z</begin><end>2023-06-25T10:37:04Z</end></TimeSpan><styleUrl>#point</styleUrl><Point><altitudeMode>clampToGround</altitudeMode><coordinates>7.155605843290687,45.26593473739922,2579.8400000000001</coordinates></Point></Placemark><Placemark><TimeSpan><begin>2023-06-25T10:37:04Z</begin><end>2023-06-25T10:37:12Z</end></TimeSpan><styleUrl>#point</styleUrl><Point><altitudeMode>clampToGround</altitudeMode><coordinates>7.155562592670322,45.265950243920088,2581.2800000000002</coordinates></Point></Placemark><Placemark><TimeSpan><begin>2023-06-25T10:37:12Z</begin><end>2023-06-25T10:37:21Z</end></TimeSpan><styleUrl>#point</styleUrl><Point><altitudeMode>clampToGround</altitudeMode><coordinates>7.155504506081343,45.265975138172507,2583.1999999999998</coordinates></Point></Placemark><Placemark><TimeSpan><begin>2023-06-25T10:37:21Z</begin><end>2023-06-25T10:37:31Z</end></TimeSpan><styleUrl>#point</styleUrl><Point><altitudeMode>clampToGround</altitudeMode><coordinates>7.155481455847621,45.266004726290703,2584.1599999999999</coordinates></Point></Placemark><Placemark><TimeSpan><begin>2023-06-25T10:37:31Z</begin><end>2023-06-25T10:37:42Z</end></TimeSpan><styleUrl>#point</styleUrl><Point><altitudeMode>clampToGround</altitudeMode><coordinates>7.155443653464317,45.266030542552471,2585.1199999999999</coordinates></Point></Placemark><Placemark><TimeSpan><begin>2023-06-25T10:37:42Z</begin><end>2023-06-25T10:37:48Z</end></TimeSpan><styleUrl>#point</styleUrl><Point><altitudeMode>clampToGround</altitudeMode><coordinates>7.155432170256972,45.266070524230599,2585.5999999999999</coordinates></Point></Placemark><Placemark><TimeSpan><begin>2023-06-25T10:37:48Z</begin><end>2023-06-25T10:37:59Z</end></TimeSpan><styleUrl>#point</styleUrl><Point><altitudeMode>clampToGround</altitudeMode><coordinates>7.155387327075005,45.266184350475669,2586.0799999999999</coordinates></Point></Placemark><Placemark><TimeSpan><begin>2023-06-25T10:37:59Z</begin><end>2023-06-25T10:38:09Z</end></TimeSpan><styleUrl>#point</styleUrl><Point><altitudeMode>clampToGround</altitudeMode><coordinates>7.155353296548128,45.266215363517404,2586.5599999999999</coordinates></Point></Placemark><Placemark><TimeSpan><begin>2023-06-25T10:38:09Z</begin><end>2023-06-25T10:38:19Z</end></TimeSpan><styleUrl>#point</styleUrl><Point><altitudeMode>clampToGround</altitudeMode><coordinates>7.155283726751804,45.266257859766483,2586.5599999999999</coordinates></Point></Placemark><Placemark><TimeSpan><begin>2023-06-25T10:38:19Z</begin><end>2023-06-25T10:38:31Z</end></TimeSpan><styleUrl>#point</styleUrl><Point><altitudeMode>clampToGround</altitudeMode><coordinates>7.155205942690373,45.266324244439602,2587.5300000000002</coordinates></Point></Placemark><Placemark><TimeSpan><begin>2023-06-25T10:38:31Z</begin><end>2023-06-25T10:38:40Z</end></TimeSpan><styleUrl>#point</styleUrl><Point><altitudeMode>clampToGround</altitudeMode><coordinates>7.155188592150807,45.266384426504374,2587.5300000000002</coordinates></Point></Placemark><Placemark><TimeSpan><begin>2023-06-25T10:38:40Z</begin><end>2023-06-25T10:38:49Z</end></TimeSpan><styleUrl>#point</styleUrl><Point><altitudeMode>clampToGround</altitudeMode><coordinates>7.155155567452312,45.266419295221567,2588.4899999999998</coordinates></Point></Placemark><Placemark><TimeSpan><begin>2023-06-25T10:38:49Z</begin><end>2023-06-25T10:38:59Z</end></TimeSpan><styleUrl>#point</styleUrl><Point><altitudeMode>clampToGround</altitudeMode><coordinates>7.155095301568508,45.266436645761132,2588.9699999999998</coordinates></Point></Placemark><Placemark><TimeSpan><begin>2023-06-25T10:38:59Z</begin><end>2023-06-25T10:39:10Z</end></TimeSpan><styleUrl>#point</styleUrl><Point><altitudeMode>clampToGround</altitudeMode><coordinates>7.155030928552151,45.266479896381497,2590.4099999999999</coordinates></Point></Placemark><Placemark><TimeSpan><begin>2023-06-25T10:39:10Z</begin><end>2023-06-25T10:39:20Z</end></TimeSpan><styleUrl>#point</styleUrl><Point><altitudeMode>clampToGround</altitudeMode><coordinates>7.154980134218931,45.266532534733415,2591.8499999999999</coordinates></Point></Placemark><Placemark><TimeSpan><begin>2023-06-25T10:39:20Z</begin><end>2023-06-25T10:39:31Z</end></TimeSpan><styleUrl>#point</styleUrl><Point><altitudeMode>clampToGround</altitudeMode><coordinates>7.154976278543472,45.26660168543458,2593.77</coordinates></Point></Placemark><Placemark><TimeSpan><begin>2023-06-25T10:39:31Z</begin><end>2023-06-25T10:39:41Z</end></TimeSpan><styleUrl>#point</styleUrl><Point><altitudeMode>clampToGround</altitudeMode><coordinates>7.154915677383542,45.26664468459785,2595.6999999999998</coordinates></Point></Placemark><Placemark><TimeSpan><begin>2023-06-25T10:39:41Z</begin><end>2023-06-25T10:39:54Z</end></TimeSpan><styleUrl>#point</styleUrl><Point><altitudeMode>clampToGround</altitudeMode><coordinates>7.154894219711423,45.266678631305695,2596.1799999999998</coordinates></Point></Placemark><Placemark><TimeSpan><begin>2023-06-25T10:39:54Z</begin><end>2023-06-25T10:40:03Z</end></TimeSpan><styleUrl>#point</styleUrl><Point><altitudeMode>clampToGround</altitudeMode><coordinates>7.154852729290724,45.266727078706026,2597.1399999999999</coordinates></Point></Placemark><Placemark><TimeSpan><begin>2023-06-25T10:40:03Z</begin><end>2023-06-25T10:40:14Z</end></TimeSpan><styleUrl>#point</styleUrl><Point><altitudeMode>clampToGround</altitudeMode><coordinates>7.154786176979542,45.266785500571132,2598.5799999999999</coordinates></Point></Placemark><Placemark><TimeSpan><begin>2023-06-25T10:40:14Z</begin><end>2023-06-25T10:40:24Z</end></TimeSpan><styleUrl>#point</styleUrl><Point><altitudeMode>clampToGround</altitudeMode><coordinates>7.154729766771197,45.266846939921379,2600.02</coordinates></Point></Placemark><Placemark><TimeSpan><begin>2023-06-25T10:40:24Z</begin><end>2023-06-25T10:40:33Z</end></TimeSpan><styleUrl>#point</styleUrl><Point><altitudeMode>clampToGround</altitudeMode><coordinates>7.15467126108706,45.266863703727722,2601.46</coordinates></Point></Placemark><Placemark><TimeSpan><begin>2023-06-25T10:40:33Z</begin><end>2023-06-25T10:40:45Z</end></TimeSpan><styleUrl>#point</styleUrl><Point><altitudeMode>clampToGround</altitudeMode><coordinates>7.154582161456347,45.26689974591136,2603.3899999999999</coordinates></Point></Placemark><Placemark><TimeSpan><begin>2023-06-25T10:40:45Z</begin><end>2023-06-25T10:40:55Z</end></TimeSpan><styleUrl>#point</styleUrl><Point><altitudeMode>clampToGround</altitudeMode><coordinates>7.154533797875047,45.266936291009188,2604.3499999999999</coordinates></Point></Placemark><Placemark><TimeSpan><begin>2023-06-25T10:40:55Z</begin><end>2023-06-25T10:41:02Z</end></TimeSpan><styleUrl>#point</styleUrl><Point><altitudeMode>clampToGround</altitudeMode><coordinates>7.154494235292077,45.266941487789154,2606.27</coordinates></Point></Placemark><Placemark><TimeSpan><begin>2023-06-25T10:41:02Z</begin><end>2023-06-25T10:41:11Z</end></TimeSpan><styleUrl>#point</styleUrl><Point><altitudeMode>clampToGround</altitudeMode><coordinates>7.154440423473716,45.266974261030555,2607.71</coordinates></Point></Placemark><Placemark><TimeSpan><begin>2023-06-25T10:41:11Z</begin><end>2023-06-25T10:41:23Z</end></TimeSpan><styleUrl>#point</styleUrl><Point><altitudeMode>clampToGround</altitudeMode><coordinates>7.154418714344502,45.267033604905009,2609.1599999999999</coordinates></Point></Placemark><Placemark><TimeSpan><begin>2023-06-25T10:41:23Z</begin><end>2023-06-25T10:41:34Z</end></TimeSpan><styleUrl>#point</styleUrl><Point><altitudeMode>clampToGround</altitudeMode><coordinates>7.154401447623968,45.267069395631552,2609.6399999999999</coordinates></Point></Placemark><Placemark><TimeSpan><begin>2023-06-25T10:41:34Z</begin><end>2023-06-25T10:41:53Z</end></TimeSpan><styleUrl>#point</styleUrl><Point><altitudeMode>clampToGround</altitudeMode><coordinates>7.154389126226306,45.267083141952753,2610.5999999999999</coordinates></Point></Placemark><Placemark><TimeSpan><begin>2023-06-25T10:41:53Z</begin><end>2023-06-25T10:42:12Z</end></TimeSpan><styleUrl>#point</styleUrl><Point><altitudeMode>clampToGround</altitudeMode><coordinates>7.154393568634987,45.267079118639231,2610.5999999999999</coordinates></Point></Placemark><Placemark><TimeSpan><begin>2023-06-25T10:42:12Z</begin><end>2023-06-25T10:42:34Z</end></TimeSpan><styleUrl>#point</styleUrl><Point><altitudeMode>clampToGround</altitudeMode><coordinates>7.154391556978226,45.267080375924706,2611.0799999999999</coordinates></Point></Placemark><Placemark><TimeSpan><begin>2023-06-25T10:42:34Z</begin><end>2023-06-25T10:42:49Z</end></TimeSpan><styleUrl>#point</styleUrl><Point><altitudeMode>clampToGround</altitudeMode><coordinates>7.154350904747844,45.26708984747529,2611.0799999999999</coordinates></Point></Placemark><Placemark><TimeSpan><begin>2023-06-25T10:42:49Z</begin><end>2023-06-25T10:43:01Z</end></TimeSpan><styleUrl>#point</styleUrl><Point><altitudeMode>clampToGround</altitudeMode><coordinates>7.154282256960869,45.267059924080968,2612.04</coordinates></Point></Placemark><Placemark><TimeSpan><begin>2023-06-25T10:43:01Z</begin><end>2023-06-25T10:43:10Z</end></TimeSpan><styleUrl>#point</styleUrl><Point><altitudeMode>clampToGround</altitudeMode><coordinates>7.154224924743176,45.267082555219531,2614.4400000000001</coordinates></Point></Placemark><Placemark><TimeSpan><begin>2023-06-25T10:43:10Z</begin><end>2023-06-25T10:43:19Z</end></TimeSpan><styleUrl>#point</styleUrl><Point><altitudeMode>clampToGround</altitudeMode><coordinates>7.154189217835665,45.267060259357095,2615.8800000000001</coordinates></Point></Placemark><Placemark><TimeSpan><begin>2023-06-25T10:43:19Z</begin><end>2023-06-25T10:43:22Z</end></TimeSpan><styleUrl>#point</styleUrl><Point><altitudeMode>clampToGround</altitudeMode><coordinates>7.154179830104113,45.267040394246578,2616.3699999999999</coordinates></Point></Placemark><Placemark><TimeSpan><begin>2023-06-25T10:43:22Z</begin><end>2023-06-25T10:43:31Z</end></TimeSpan><styleUrl>#point</styleUrl><Point><altitudeMode>clampToGround</altitudeMode><coordinates>7.154127694666386,45.26700871065259,2618.29</coordinates></Point></Placemark><Placemark><TimeSpan><begin>2023-06-25T10:43:31Z</begin><end>2023-06-25T10:43:40Z</end></TimeSpan><styleUrl>#point</styleUrl><Point><altitudeMode>clampToGround</altitudeMode><coordinates>7.154091317206621,45.26702580973506,2620.21</coordinates></Point></Placemark><Placemark><TimeSpan><begin>2023-06-25T10:43:40Z</begin><end>2023-06-25T10:43:50Z</end></TimeSpan><styleUrl>#point</styleUrl><Point><altitudeMode>clampToGround</altitudeMode><coordinates>7.154053514823318,45.267002508044243,2621.6500000000001</coordinates></Point></Placemark><Placemark><TimeSpan><begin>2023-06-25T10:43:50Z</begin><end>2023-06-25T10:44:00Z</end></TimeSpan><styleUrl>#point</styleUrl><Point><altitudeMode>clampToGround</altitudeMode><coordinates>7.154035493731499,45.266960095614195,2623.5799999999999</coordinates></Point></Placemark><Placemark><TimeSpan><begin>2023-06-25T10:44:00Z</begin><end>2023-06-25T10:44:10Z</end></TimeSpan><styleUrl>#point</styleUrl><Point><altitudeMode>clampToGround</altitudeMode><coordinates>7.15400917455554,45.266924640163779,2625.02</coordinates></Point></Placemark><Placemark><TimeSpan><begin>2023-06-25T10:44:10Z</begin><end>2023-06-25T10:44:21Z</end></TimeSpan><styleUrl>#point</styleUrl><Point><altitudeMode>clampToGround</altitudeMode><coordinates>7.153938012197614,45.266930172219872,2626.46</coordinates></Point></Placemark><Placemark><TimeSpan><begin>2023-06-25T10:44:21Z</begin><end>2023-06-25T10:44:30Z</end></TimeSpan><styleUrl>#point</styleUrl><Point><altitudeMode>clampToGround</altitudeMode><coordinates>7.153900042176247,45.266945511102676,2627.9000000000001</coordinates></Point></Placemark><Placemark><TimeSpan><begin>2023-06-25T10:44:30Z</begin><end>2023-06-25T10:44:39Z</end></TimeSpan><styleUrl>#point</styleUrl><Point><altitudeMode>clampToGround</altitudeMode><coordinates>7.153849499300122,45.266962861642241,2629.8200000000002</coordinates></Point></Placemark><Placemark><TimeSpan><begin>2023-06-25T10:44:39Z</begin><end>2023-06-25T10:44:53Z</end></TimeSpan><styleUrl>#point</styleUrl><Point><altitudeMode>clampToGround</altitudeMode><coordinates>7.153825527057052,45.266978284344077,2631.27</coordinates></Point></Placemark><Placemark><TimeSpan><begin>2023-06-25T10:44:53Z</begin><end>2023-06-25T10:45:02Z</end></TimeSpan><styleUrl>#point</styleUrl><Point><altitudeMode>clampToGround</altitudeMode><coordinates>7.153779678046703,45.266999406740069,2632.23</coordinates></Point></Placemark><Placemark><TimeSpan><begin>2023-06-25T10:45:02Z</begin><end>2023-06-25T10:45:15Z</end></TimeSpan><styleUrl>#point</styleUrl><Point><altitudeMode>clampToGround</altitudeMode><coordinates>7.153770374134183,45.266976607963443,2634.1500000000001</coordinates></Point></Placemark><Placemark><TimeSpan><begin>2023-06-25T10:45:15Z</begin><end>2023-06-25T10:45:26Z</end></TimeSpan><styleUrl>#point</styleUrl><Point><altitudeMode>clampToGround</altitudeMode><coordinates>7.15371890924871,45.266981134191155,2635.1100000000001</coordinates></Point></Placemark><Placemark><TimeSpan><begin>2023-06-25T10:45:26Z</begin><end>2023-06-25T10:45:30Z</end></TimeSpan><styleUrl>#point</styleUrl><Point><altitudeMode>clampToGround</altitudeMode><coordinates>7.153689991682768,45.266987672075629,2636.5500000000002</coordinates></Point></Placemark><Placemark><TimeSpan><begin>2023-06-25T10:45:30Z</begin><end>2023-06-25T10:45:38Z</end></TimeSpan><styleUrl>#point</styleUrl><Point><altitudeMode>clampToGround</altitudeMode><coordinates>7.153646908700466,45.266992449760437,2638.48</coordinates></Point></Placemark><Placemark><TimeSpan><begin>2023-06-25T10:45:38Z</begin><end>2023-06-25T10:45:50Z</end></TimeSpan><styleUrl>#point</styleUrl><Point><altitudeMode>clampToGround</altitudeMode><coordinates>7.153601562604308,45.266967555508018,2640.8800000000001</coordinates></Point></Placemark><Placemark><TimeSpan><begin>2023-06-25T10:45:50Z</begin><end>2023-06-25T10:46:00Z</end></TimeSpan><styleUrl>#point</styleUrl><Point><altitudeMode>clampToGround</altitudeMode><coordinates>7.153555629774928,45.266951126977801,2642.3200000000002</coordinates></Point></Placemark><Placemark><TimeSpan><begin>2023-06-25T10:46:00Z</begin><end>2023-06-25T10:46:10Z</end></TimeSpan><styleUrl>#point</styleUrl><Point><altitudeMode>clampToGround</altitudeMode><coordinates>7.15347264893353,45.266957245767117,2643.7600000000002</coordinates></Point></Placemark><Placemark><TimeSpan><begin>2023-06-25T10:46:10Z</begin><end>2023-06-25T10:46:20Z</end></TimeSpan><styleUrl>#point</styleUrl><Point><altitudeMode>clampToGround</altitudeMode><coordinates>7.153441803529859,45.266963699832559,2644.7199999999998</coordinates></Point></Placemark><Placemark><TimeSpan><begin>2023-06-25T10:46:20Z</begin><end>2023-06-25T10:46:29Z</end></TimeSpan><styleUrl>#point</styleUrl><Point><altitudeMode>clampToGround</altitudeMode><coordinates>7.153409952297807,45.266983984038234,2645.21</coordinates></Point></Placemark><Placemark><TimeSpan><begin>2023-06-25T10:46:29Z</begin><end>2023-06-25T10:46:40Z</end></TimeSpan><styleUrl>#point</styleUrl><Point><altitudeMode>clampToGround</altitudeMode><coordinates>7.153350859880447,45.267004352062941,2646.6500000000001</coordinates></Point></Placemark><Placemark><TimeSpan><begin>2023-06-25T10:46:40Z</begin><end>2023-06-25T10:46:51Z</end></TimeSpan><styleUrl>#point</styleUrl><Point><altitudeMode>clampToGround</altitudeMode><coordinates>7.153265364468098,45.267016422003508,2647.6100000000001</coordinates></Point></Placemark><Placemark><TimeSpan><begin>2023-06-25T10:46:51Z</begin><end>2023-06-25T10:47:01Z</end></TimeSpan><styleUrl>#point</styleUrl><Point><altitudeMode>clampToGround</altitudeMode><coordinates>7.153238542377949,45.2670375443995,2649.5300000000002</coordinates></Point></Placemark><Placemark><TimeSpan><begin>2023-06-25T10:47:01Z</begin><end>2023-06-25T10:47:11Z</end></TimeSpan><styleUrl>#point</styleUrl><Point><altitudeMode>clampToGround</altitudeMode><coordinates>7.153204176574945,45.267069982364774,2650.4899999999998</coordinates></Point></Placemark><Placemark><TimeSpan><begin>2023-06-25T10:47:11Z</begin><end>2023-06-25T10:47:27Z</end></TimeSpan><styleUrl>#point</styleUrl><Point><altitudeMode>clampToGround</altitudeMode><coordinates>7.15314676053822,45.267120944336057,2651.9299999999998</coordinates></Point></Placemark><Placemark><TimeSpan><begin>2023-06-25T10:47:27Z</begin><end>2023-06-25T10:47:35Z</end></TimeSpan><styleUrl>#point</styleUrl><Point><altitudeMode>clampToGround</altitudeMode><coordinates>7.153115663677454,45.26714994572103,2652.9000000000001</coordinates></Point></Placemark><Placemark><TimeSpan><begin>2023-06-25T10:47:35Z</begin><end>2023-06-25T10:47:45Z</end></TimeSpan><styleUrl>#point</styleUrl><Point><altitudeMode>clampToGround</altitudeMode><coordinates>7.153071742504835,45.267202332615852,2654.3400000000001</coordinates></Point></Placemark><Placemark><TimeSpan><begin>2023-06-25T10:47:45Z</begin><end>2023-06-25T10:47:55Z</end></TimeSpan><styleUrl>#point</styleUrl><Point><altitudeMode>clampToGround</altitudeMode><coordinates>7.152996892109513,45.267232842743397,2656.2600000000002</coordinates></Point></Placemark><Placemark><TimeSpan><begin>2023-06-25T10:47:55Z</begin><end>2023-06-25T10:48:06Z</end></TimeSpan><styleUrl>#point</styleUrl><Point><altitudeMode>clampToGround</altitudeMode><coordinates>7.152918605133891,45.267255557700992,2658.6599999999999</coordinates></Point></Placemark><Placemark><TimeSpan><begin>2023-06-25T10:48:06Z</begin><end>2023-06-25T10:48:15Z</end></TimeSpan><styleUrl>#point</styleUrl><Point><altitudeMode>clampToGround</altitudeMode><coordinates>7.152871917933226,45.26728137396276,2660.1100000000001</coordinates></Point></Placemark><Placemark><TimeSpan><begin>2023-06-25T10:48:15Z</begin><end>2023-06-25T10:48:26Z</end></TimeSpan><styleUrl>#point</styleUrl><Point><altitudeMode>clampToGround</altitudeMode><coordinates>7.152844341471791,45.267325965687633,2661.5500000000002</coordinates></Point></Placemark><Placemark><TimeSpan><begin>2023-06-25T10:48:26Z</begin><end>2023-06-25T10:48:40Z</end></TimeSpan><styleUrl>#point</styleUrl><Point><altitudeMode>clampToGround</altitudeMode><coordinates>7.152769658714533,45.267362091690302,2662.9899999999998</coordinates></Point></Placemark><Placemark><TimeSpan><begin>2023-06-25T10:48:40Z</begin><end>2023-06-25T10:48:53Z</end></TimeSpan><styleUrl>#point</styleUrl><Point><altitudeMode>clampToGround</altitudeMode><coordinates>7.152676032856107,45.267372066155076,2664.4299999999998</coordinates></Point></Placemark><Placemark><TimeSpan><begin>2023-06-25T10:48:53Z</begin><end>2023-06-25T10:49:04Z</end></TimeSpan><styleUrl>#point</styleUrl><Point><altitudeMode>clampToGround</altitudeMode><coordinates>7.15262389741838,45.267392350360751,2665.3899999999999</coordinates></Point></Placemark><Placemark><TimeSpan><begin>2023-06-25T10:49:04Z</begin><end>2023-06-25T10:49:15Z</end></TimeSpan><styleUrl>#point</styleUrl><Point><altitudeMode>clampToGround</altitudeMode><coordinates>7.152566900476813,45.267430571839213,2665.8699999999999</coordinates></Point></Placemark><Placemark><TimeSpan><begin>2023-06-25T10:49:15Z</begin><end>2023-06-25T10:49:28Z</end></TimeSpan><styleUrl>#point</styleUrl><Point><altitudeMode>clampToGround</altitudeMode><coordinates>7.152514010667801,45.267481366172433,2665.8699999999999</coordinates></Point></Placemark><Placemark><TimeSpan><begin>2023-06-25T10:49:28Z</begin><end>2023-06-25T10:49:38Z</end></TimeSpan><styleUrl>#point</styleUrl><Point><altitudeMode>clampToGround</altitudeMode><coordinates>7.15244603343308,45.26750466786325,2666.3499999999999</coordinates></Point></Placemark><Placemark><TimeSpan><begin>2023-06-25T10:49:38Z</begin><end>2023-06-25T10:49:49Z</end></TimeSpan><styleUrl>#point</styleUrl><Point><altitudeMode>clampToGround</altitudeMode><coordinates>7.152383755892515,45.267548253759742,2665.3899999999999</coordinates></Point></Placemark><Placemark><TimeSpan><begin>2023-06-25T10:49:49Z</begin><end>2023-06-25T10:50:02Z</end></TimeSpan><styleUrl>#point</styleUrl><Point><altitudeMode>clampToGround</altitudeMode><coordinates>7.152318628504872,45.267609944567084,2665.3899999999999</coordinates></Point></Placemark><Placemark><TimeSpan><begin>2023-06-25T10:50:02Z</begin><end>2023-06-25T10:50:07Z</end></TimeSpan><styleUrl>#point</styleUrl><Point><altitudeMode>clampToGround</altitudeMode><coordinates>7.152286693453789,45.267683872953057,2666.8299999999999</coordinates></Point></Placemark><Placemark><TimeSpan><begin>2023-06-25T10:50:07Z</begin><end>2023-06-25T10:50:16Z</end></TimeSpan><styleUrl>#point</styleUrl><Point><altitudeMode>clampToGround</altitudeMode><coordinates>7.152213854715228,45.26771379634738,2666.8299999999999</coordinates></Point></Placemark><Placemark><TimeSpan><begin>2023-06-25T10:50:16Z</begin><end>2023-06-25T10:50:28Z</end></TimeSpan><styleUrl>#point</styleUrl><Point><altitudeMode>clampToGround</altitudeMode><coordinates>7.152115870267153,45.26775193400681,2666.8299999999999</coordinates></Point></Placemark><Placemark><TimeSpan><begin>2023-06-25T10:50:28Z</begin><end>2023-06-25T10:50:40Z</end></TimeSpan><styleUrl>#point</styleUrl><Point><altitudeMode>clampToGround</altitudeMode><coordinates>7.152044540271163,45.267815552651882,2667.3099999999999</coordinates></Point></Placemark><Placemark><TimeSpan><begin>2023-06-25T10:50:40Z</begin><end>2023-06-25T10:50:51Z</end></TimeSpan><styleUrl>#point</styleUrl><Point><altitudeMode>clampToGround</altitudeMode><coordinates>7.151987291872501,45.267897360026836,2667.3099999999999</coordinates></Point></Placemark><Placemark><TimeSpan><begin>2023-06-25T10:50:51Z</begin><end>2023-06-25T10:51:02Z</end></TimeSpan><styleUrl>#point</styleUrl><Point><altitudeMode>clampToGround</altitudeMode><coordinates>7.151928618550301,45.267937090247869,2667.3099999999999</coordinates></Point></Placemark><Placemark><TimeSpan><begin>2023-06-25T10:51:02Z</begin><end>2023-06-25T10:51:12Z</end></TimeSpan><styleUrl>#point</styleUrl><Point><altitudeMode>clampToGround</altitudeMode><coordinates>7.1518440451473,45.267996853217483,2667.8000000000002</coordinates></Point></Placemark><Placemark><TimeSpan><begin>2023-06-25T10:51:12Z</begin><end>2023-06-25T10:51:24Z</end></TimeSpan><styleUrl>#point</styleUrl><Point><altitudeMode>clampToGround</altitudeMode><coordinates>7.151775481179357,45.268075978383422,2667.8000000000002</coordinates></Point></Placemark><Placemark><TimeSpan><begin>2023-06-25T10:51:24Z</begin><end>2023-06-25T10:51:35Z</end></TimeSpan><styleUrl>#point</styleUrl><Point><altitudeMode>clampToGround</altitudeMode><coordinates>7.151685710996389,45.268133310601115,2667.8000000000002</coordinates></Point></Placemark><Placemark><TimeSpan><begin>2023-06-25T10:51:35Z</begin><end>2023-06-25T10:51:46Z</end></TimeSpan><styleUrl>#point</styleUrl><Point><altitudeMode>clampToGround</altitudeMode><coordinates>7.151603735983372,45.268203215673566,2667.8000000000002</coordinates></Point></Placemark><Placemark><TimeSpan><begin>2023-06-25T10:51:46Z</begin><end>2023-06-25T10:51:58Z</end></TimeSpan><styleUrl>#point</styleUrl><Point><altitudeMode>clampToGround</altitudeMode><coordinates>7.151547158136964,45.26828452013433,2667.8000000000002</coordinates></Point></Placemark><Placemark><TimeSpan><begin>2023-06-25T10:51:58Z</begin><end>2023-06-25T10:52:09Z</end></TimeSpan><styleUrl>#point</styleUrl><Point><altitudeMode>clampToGround</altitudeMode><coordinates>7.151498291641474,45.26831679046154,2668.2800000000002</coordinates></Point></Placemark><Placemark><TimeSpan><begin>2023-06-25T10:52:09Z</begin><end>2023-06-25T10:52:19Z</end></TimeSpan><styleUrl>#point</styleUrl><Point><altitudeMode>clampToGround</altitudeMode><coordinates>7.151420759037137,45.268355766311288,2669.2399999999998</coordinates></Point></Placemark><Placemark><TimeSpan><begin>2023-06-25T10:52:19Z</begin><end>2023-06-25T10:52:29Z</end></TimeSpan><styleUrl>#point</styleUrl><Point><altitudeMode>clampToGround</altitudeMode><coordinates>7.151361247524619,45.26835392229259,2669.7199999999998</coordinates></Point></Placemark><Placemark><TimeSpan><begin>2023-06-25T10:52:29Z</begin><end>2023-06-25T10:52:41Z</end></TimeSpan><styleUrl>#point</styleUrl><Point><altitudeMode>clampToGround</altitudeMode><coordinates>7.151280697435141,45.268385605886579,2670.6799999999998</coordinates></Point></Placemark><Placemark><TimeSpan><begin>2023-06-25T10:52:41Z</begin><end>2023-06-25T10:52:53Z</end></TimeSpan><styleUrl>#point</styleUrl><Point><altitudeMode>clampToGround</altitudeMode><coordinates>7.151201907545328,45.268389880657196,2671.1599999999999</coordinates></Point></Placemark><Placemark><TimeSpan><begin>2023-06-25T10:52:53Z</begin><end>2023-06-25T10:53:03Z</end></TimeSpan><styleUrl>#point</styleUrl><Point><altitudeMode>clampToGround</altitudeMode><coordinates>7.151141138747335,45.268408907577395,2671.6399999999999</coordinates></Point></Placemark><Placemark><TimeSpan><begin>2023-06-25T10:53:03Z</begin><end>2023-06-25T10:53:12Z</end></TimeSpan><styleUrl>#point</styleUrl><Point><altitudeMode>clampToGround</altitudeMode><coordinates>7.151086321100593,45.268406895920634,2673.5599999999999</coordinates></Point></Placemark><Placemark><TimeSpan><begin>2023-06-25T10:53:12Z</begin><end>2023-06-25T10:53:22Z</end></TimeSpan><styleUrl>#point</styleUrl><Point><altitudeMode>clampToGround</altitudeMode><coordinates>7.151047429069877,45.268440591171384,2674.52</coordinates></Point></Placemark><Placemark><TimeSpan><begin>2023-06-25T10:53:22Z</begin><end>2023-06-25T10:53:29Z</end></TimeSpan><styleUrl>#point</styleUrl><Point><altitudeMode>clampToGround</altitudeMode><coordinates>7.151000574231148,45.268460623919964,2675.0100000000002</coordinates></Point></Placemark><Placemark><TimeSpan><begin>2023-06-25T10:53:29Z</begin><end>2023-06-25T10:53:43Z</end></TimeSpan><styleUrl>#point</styleUrl><Point><altitudeMode>clampToGround</altitudeMode><coordinates>7.150934357196093,45.268488116562366,2676.4499999999998</coordinates></Point></Placemark><Placemark><TimeSpan><begin>2023-06-25T10:53:43Z</begin><end>2023-06-25T10:53:55Z</end></TimeSpan><styleUrl>#point</styleUrl><Point><altitudeMode>clampToGround</altitudeMode><coordinates>7.150895381346345,45.268483841791749,2676.9299999999998</coordinates></Point></Placemark><Placemark><TimeSpan><begin>2023-06-25T10:53:55Z</begin><end>2023-06-25T10:54:03Z</end></TimeSpan><styleUrl>#point</styleUrl><Point><altitudeMode>clampToGround</altitudeMode><coordinates>7.150860680267215,45.268470263108611,2677.4099999999999</coordinates></Point></Placemark><Placemark><TimeSpan><begin>2023-06-25T10:54:03Z</begin><end>2023-06-25T10:54:13Z</end></TimeSpan><styleUrl>#point</styleUrl><Point><altitudeMode>clampToGround</altitudeMode><coordinates>7.150826398283243,45.268449224531651,2678.8499999999999</coordinates></Point></Placemark><Placemark><TimeSpan><begin>2023-06-25T10:54:13Z</begin><end>2023-06-25T10:54:25Z</end></TimeSpan><styleUrl>#point</styleUrl><Point><altitudeMode>clampToGround</altitudeMode><coordinates>7.150755822658539,45.268438328057528,2681.73</coordinates></Point></Placemark><Placemark><TimeSpan><begin>2023-06-25T10:54:25Z</begin><end>2023-06-25T10:54:35Z</end></TimeSpan><styleUrl>#point</styleUrl><Point><altitudeMode>clampToGround</altitudeMode><coordinates>7.150730425491929,45.268420977517962,2683.6599999999999</coordinates></Point></Placemark><Placemark><TimeSpan><begin>2023-06-25T10:54:35Z</begin><end>2023-06-25T10:54:51Z</end></TimeSpan><styleUrl>#point</styleUrl><Point><altitudeMode>clampToGround</altitudeMode><coordinates>7.15071483515203,45.268408823758364,2684.6199999999999</coordinates></Point></Placemark><Placemark><TimeSpan><begin>2023-06-25T10:54:51Z</begin><end>2023-06-25T10:55:00Z</end></TimeSpan><styleUrl>#point</styleUrl><Point><altitudeMode>clampToGround</altitudeMode><coordinates>7.150651635602117,45.268390215933323,2686.0599999999999</coordinates></Point></Placemark><Placemark><TimeSpan><begin>2023-06-25T10:55:00Z</begin><end>2023-06-25T10:55:13Z</end></TimeSpan><styleUrl>#point</styleUrl><Point><altitudeMode>clampToGround</altitudeMode><coordinates>7.150609139353037,45.26836859062314,2686.54</coordinates></Point></Placemark><Placemark><TimeSpan><begin>2023-06-25T10:55:13Z</begin><end>2023-06-25T10:55:23Z</end></TimeSpan><styleUrl>#point</styleUrl><Point><altitudeMode>clampToGround</altitudeMode><coordinates>7.150551974773407,45.268341852352023,2687.5</coordinates></Point></Placemark><Placemark><TimeSpan><begin>2023-06-25T10:55:23Z</begin><end>2023-06-25T10:55:34Z</end></TimeSpan><styleUrl>#point</styleUrl><Point><altitudeMode>clampToGround</altitudeMode><coordinates>7.150479974225164,45.26831142604351,2688.9400000000001</coordinates></Point></Placemark><Placemark><TimeSpan><begin>2023-06-25T10:55:34Z</begin><end>2023-06-25T10:55:46Z</end></TimeSpan><styleUrl>#point</styleUrl><Point><altitudeMode>clampToGround</altitudeMode><coordinates>7.150468910112977,45.268277060240507,2689.9099999999999</coordinates></Point></Placemark><Placemark><TimeSpan><begin>2023-06-25T10:55:46Z</begin><end>2023-06-25T10:55:55Z</end></TimeSpan><styleUrl>#point</styleUrl><Point><altitudeMode>clampToGround</altitudeMode><coordinates>7.150411577895284,45.268223583698273,2691.3499999999999</coordinates></Point></Placemark><Placemark><TimeSpan><begin>2023-06-25T10:55:55Z</begin><end>2023-06-25T10:56:07Z</end></TimeSpan><styleUrl>#point</styleUrl><Point><altitudeMode>clampToGround</altitudeMode><coordinates>7.150365980342031,45.268188631162047,2692.3099999999999</coordinates></Point></Placemark><Placemark><TimeSpan><begin>2023-06-25T10:56:07Z</begin><end>2023-06-25T10:56:13Z</end></TimeSpan><styleUrl>#point</styleUrl><Point><altitudeMode>clampToGround</altitudeMode><coordinates>7.150433203205466,45.268186870962381,2692.3099999999999</coordinates></Point></Placemark><Placemark><TimeSpan><begin>2023-06-25T10:56:13Z</begin><end>2023-06-25T10:56:24Z</end></TimeSpan><styleUrl>#point</styleUrl><Point><altitudeMode>clampToGround</altitudeMode><coordinates>7.150573767721653,45.268157618120313,2692.3099999999999</coordinates></Point></Placemark><Placemark><TimeSpan><begin>2023-06-25T10:56:24Z</begin><end>2023-06-25T10:56:33Z</end></TimeSpan><styleUrl>#point</styleUrl><Point><altitudeMode>clampToGround</altitudeMode><coordinates>7.15064249932766,45.268114870414138,2693.27</coordinates></Point></Placemark><Placemark><TimeSpan><begin>2023-06-25T10:56:33Z</begin><end>2023-06-25T10:56:43Z</end></TimeSpan><styleUrl>#point</styleUrl><Point><altitudeMode>clampToGround</altitudeMode><coordinates>7.150668567046523,45.268066087737679,2695.1900000000001</coordinates></Point></Placemark><Placemark><TimeSpan><begin>2023-06-25T10:56:43Z</begin><end>2023-06-25T10:56:52Z</end></TimeSpan><styleUrl>#point</styleUrl><Point><altitudeMode>clampToGround</altitudeMode><coordinates>7.150663789361715,45.268023926764727,2695.1900000000001</coordinates></Point></Placemark><Placemark><TimeSpan><begin>2023-06-25T10:56:52Z</begin><end>2023-06-25T10:57:01Z</end></TimeSpan><styleUrl>#point</styleUrl><Point><altitudeMode>clampToGround</altitudeMode><coordinates>7.15056924149394,45.268003307282925,2695.6700000000001</coordinates></Point></Placemark><Placemark><TimeSpan><begin>2023-06-25T10:57:01Z</begin><end>2023-06-25T10:57:12Z</end></TimeSpan><styleUrl>#point</styleUrl><Point><altitudeMode>clampToGround</altitudeMode><coordinates>7.150450469926,45.26798696257174,2698.0799999999999</coordinates></Point></Placemark><Placemark><TimeSpan><begin>2023-06-25T10:57:12Z</begin><end>2023-06-25T10:57:22Z</end></TimeSpan><styleUrl>#point</styleUrl><Point><altitudeMode>clampToGround</altitudeMode><coordinates>7.150329099968076,45.267961230129004,2698.5599999999999</coordinates></Point></Placemark><Placemark><TimeSpan><begin>2023-06-25T10:57:22Z</begin><end>2023-06-25T10:57:32Z</end></TimeSpan><styleUrl>#point</styleUrl><Point><altitudeMode>clampToGround</altitudeMode><coordinates>7.150264978408814,45.267913201823831,2700</coordinates></Point></Placemark><Placemark><TimeSpan><begin>2023-06-25T10:57:32Z</begin><end>2023-06-25T10:57:42Z</end></TimeSpan><styleUrl>#point</styleUrl><Point><altitudeMode>clampToGround</altitudeMode><coordinates>7.150167245417833,45.267888810485601,2700</coordinates></Point></Placemark><Placemark><TimeSpan><begin>2023-06-25T10:57:42Z</begin><end>2023-06-25T10:57:53Z</end></TimeSpan><styleUrl>#point</styleUrl><Point><altitudeMode>clampToGround</altitudeMode><coordinates>7.150093652307987,45.26786383241415,2698.5599999999999</coordinates></Point></Placemark><Placemark><TimeSpan><begin>2023-06-25T10:57:53Z</begin><end>2023-06-25T10:58:03Z</end></TimeSpan><styleUrl>#point</styleUrl><Point><altitudeMode>clampToGround</altitudeMode><coordinates>7.150015952065587,45.267847152426839,2697.5999999999999</coordinates></Point></Placemark><Placemark><TimeSpan><begin>2023-06-25T10:58:03Z</begin><end>2023-06-25T10:58:12Z</end></TimeSpan><styleUrl>#point</styleUrl><Point><altitudeMode>clampToGround</altitudeMode><coordinates>7.149937162175775,45.267825191840529,2698.0799999999999</coordinates></Point></Placemark><Placemark><TimeSpan><begin>2023-06-25T10:58:12Z</begin><end>2023-06-25T10:58:25Z</end></TimeSpan><styleUrl>#point</styleUrl><Point><altitudeMode>clampToGround</altitudeMode><coordinates>7.149841524660587,45.267812367528677,2698.0799999999999</coordinates></Point></Placemark><Placemark><TimeSpan><begin>2023-06-25T10:58:25Z</begin><end>2023-06-25T10:58:30Z</end></TimeSpan><styleUrl>#point</styleUrl><Point><altitudeMode>clampToGround</altitudeMode><coordinates>7.14983238838613,45.26780859567225,2699.52</coordinates></Point></Placemark><Placemark><TimeSpan><begin>2023-06-25T10:58:30Z</begin><end>2023-06-25T10:58:43Z</end></TimeSpan><styleUrl>#point</styleUrl><Point><altitudeMode>clampToGround</altitudeMode><coordinates>7.14981378056109,45.267816139385104,2699.52</coordinates></Point></Placemark><Placemark><TimeSpan><begin>2023-06-25T10:58:43Z</begin><end>2023-06-25T10:58:51Z</end></TimeSpan><styleUrl>#point</styleUrl><Point><altitudeMode>clampToGround</altitudeMode><coordinates>7.149801878258586,45.267815217375755,2700.48</coordinates></Point></Placemark><Placemark><TimeSpan><begin>2023-06-25T10:58:51Z</begin><end>2023-06-25T10:58:57Z</end></TimeSpan><styleUrl>#point</styleUrl><Point><altitudeMode>clampToGround</altitudeMode><coordinates>7.149749659001827,45.267816474661231,2700.96</coordinates></Point></Placemark><Placemark><TimeSpan><begin>2023-06-25T10:58:57Z</begin><end>2023-06-25T10:59:09Z</end></TimeSpan><styleUrl>#point</styleUrl><Point><altitudeMode>clampToGround</altitudeMode><coordinates>7.149624852463603,45.267774146050215,2701.9200000000001</coordinates></Point></Placemark><Placemark><TimeSpan><begin>2023-06-25T10:59:09Z</begin><end>2023-06-25T10:59:26Z</end></TimeSpan><styleUrl>#point</styleUrl><Point><altitudeMode>clampToGround</altitudeMode><coordinates>7.149478336796165,45.267741456627846,2701.9200000000001</coordinates></Point></Placemark><Placemark><TimeSpan><begin>2023-06-25T10:59:26Z</begin><end>2023-06-25T10:59:27Z</end></TimeSpan><styleUrl>#point</styleUrl><Point><altitudeMode>clampToGround</altitudeMode><coordinates>7.149474564939737,45.267738774418831,2701.9200000000001</coordinates></Point></Placemark><Placemark><TimeSpan><begin>2023-06-25T10:59:27Z</begin><end>2023-06-25T10:59:42Z</end></TimeSpan><styleUrl>#point</styleUrl><Point><altitudeMode>clampToGround</altitudeMode><coordinates>7.149429135024548,45.26772016659379,2701.9200000000001</coordinates></Point></Placemark><Placemark><TimeSpan><begin>2023-06-25T10:59:42Z</begin><end>2023-06-25T10:59:44Z</end></TimeSpan><styleUrl>#point</styleUrl><Point><altitudeMode>clampToGround</altitudeMode><coordinates>7.14942242950201,45.267714466899633,2701.9200000000001</coordinates></Point></Placemark><Placemark><TimeSpan><begin>2023-06-25T10:59:44Z</begin><end>2023-06-25T10:59:55Z</end></TimeSpan><styleUrl>#point</styleUrl><Point><altitudeMode>clampToGround</altitudeMode><coordinates>7.14933785609901,45.267668031156063,2702.4000000000001</coordinates></Point></Placemark><Placemark><TimeSpan><begin>2023-06-25T10:59:55Z</begin><end>2023-06-25T11:00:05Z</end></TimeSpan><styleUrl>#point</styleUrl><Point><altitudeMode>clampToGround</altitudeMode><coordinates>7.149241799488664,45.26766199618578,2702.8800000000001</coordinates></Point></Placemark><Placemark><TimeSpan><begin>2023-06-25T11:00:05Z</begin><end>2023-06-25T11:00:15Z</end></TimeSpan><styleUrl>#point</styleUrl><Point><altitudeMode>clampToGround</altitudeMode><coordinates>7.149208523333073,45.267662834376097,2702.8800000000001</coordinates></Point></Placemark><Placemark><TimeSpan><begin>2023-06-25T11:00:15Z</begin><end>2023-06-25T11:00:30Z</end></TimeSpan><styleUrl>#point</styleUrl><Point><altitudeMode>clampToGround</altitudeMode><coordinates>7.149210283532739,45.267665851861238,2700.96</coordinates></Point></Placemark><Placemark><TimeSpan><begin>2023-06-25T11:00:30Z</begin><end>2023-06-25T11:00:54Z</end></TimeSpan><styleUrl>#point</styleUrl><Point><altitudeMode>clampToGround</altitudeMode><coordinates>7.149213133379817,45.267681693658233,2702.8800000000001</coordinates></Point></Placemark><Placemark><TimeSpan><begin>2023-06-25T11:00:54Z</begin><end>2023-06-25T11:01:17Z</end></TimeSpan><styleUrl>#point</styleUrl><Point><altitudeMode>clampToGround</altitudeMode><coordinates>7.149219755083323,45.267671719193459,2701.9200000000001</coordinates></Point></Placemark></Folder><Placemark><name>Lago della Rossa</name><Style><LineStyle><color>ff600060</color><width>4</width></LineStyle></Style><MultiGeometry><LineString><coordinates>7.183725954964757,45.243861498311162,1473.8399999999999 7.183435773476958,45.24454646743834,1476.72 7.18314902856946,45.24481862783432,1478.1600000000001 7.182969991117716,45.245048040524125,1479.1300000000001 7.182712750509381,45.245238896459341,1480.5699999999999 7.182452743873,45.245330007746816,1481.53 7.182177314534783,45.245430087670684,1483.45 7.181978411972523,45.24550711736083,1484.4100000000001 7.181963408365846,45.245475769042969,1484.8900000000001 7.181978914886713,45.245448108762503,1484.8900000000001 7.181977154687047,45.245443163439631,1488.74 7.181979333981872,45.245443750172853,1492.5799999999999 7.181982351467013,45.245444839820266,1495.95 7.181990062817931,45.245448779314756,1499.3099999999999 7.182001210749149,45.245458586141467,1502.6800000000001 7.182009844109416,45.24546654894948,1506.04 7.182012274861336,45.245468812063336,1508.9300000000001 7.182021327316761,45.245474679395556,1514.6900000000001 7.182033648714423,45.245486246421933,1520.46 7.182032894343138,45.245485072955489,1525.75 7.182031134143472,45.245480882003903,1530.0799999999999 7.182028368115425,45.245478618890047,1534.8800000000001 7.182038929313421,45.245485156774521,1538.73 7.182052256539464,45.245492784306407,1542.5699999999999 7.182085113599896,45.245507955551147,1544.5 7.182083185762167,45.245513990521431,1547.8599999999999 7.182078659534454,45.245513655245304,1551.22 7.182060889899731,45.245483983308077,1555.0699999999999 7.182044042274356,45.245458753779531,1558.9200000000001 7.182040605694056,45.245448024943471,1562.28 7.182043790817261,45.245450371876359,1565.6400000000001 7.182002551853657,45.245429333299398,1569.01 7.181957876309753,45.245447522029281,1572.3699999999999 7.181910015642643,45.245477110147476,1575.74 7.181808510795236,45.245484737679362,1579.0999999999999 7.181715471670032,45.245494293048978,1582.47 7.181635089218617,45.24549588561058,1585.8299999999999 7.181623438373208,45.245498484000564,1585.8299999999999 7.181516569107771,45.245534610003233,1588.72 7.181418668478727,45.245557241141796,1592.0799999999999 7.18131079338491,45.245577860623598,1594.96 7.18128782697022,45.245581213384867,1598.3299999999999 7.181330323219299,45.245583057403564,1601.21 7.181288162246347,45.245601162314415,1601.21 7.181157236918807,45.245637791231275,1602.6600000000001 7.18097954057157,45.245687747374177,1604.5799999999999 7.180957747623324,45.245692525058985,1604.5799999999999 7.180802598595619,45.245708618313074,1606.5 7.180659016594291,45.245716413483024,1607.9400000000001 7.180646527558565,45.245717503130436,1607.9400000000001 7.180525828152895,45.245718006044626,1608.9000000000001 7.180389203131199,45.245735524222255,1610.8299999999999 7.180348131805658,45.245737703517079,1611.3099999999999 7.180193066596985,45.245743319392204,1612.27 7.180024338886142,45.245747845619917,1614.1900000000001 7.179837757721543,45.245757568627596,1615.1500000000001 7.179809845983982,45.24575631134212,1615.1500000000001 7.179710017517209,45.245788246393204,1615.6300000000001 7.179721249267459,45.24581003934145,1616.1099999999999 7.179732816293836,45.245802411809564,1616.1099999999999 7.179534081369638,45.245880447328091,1617.0699999999999 7.179436767473817,45.245900144800544,1618.04 7.179263764992356,45.245958901941776,1619 7.179105011746287,45.245992932468653,1619.96 7.178969224914908,45.246076500043273,1621.4000000000001 7.178857745602727,45.246191918849945,1622.8399999999999 7.178850788623095,45.246200384572148,1623.3199999999999 7.178824637085199,45.2463064994663,1624.77 7.178780380636454,45.246421666815877,1625.73 7.178741404786706,45.246562063694,1627.1700000000001 7.178729670122266,45.246577989310026,1627.6500000000001 7.178635373711586,45.246688462793827,1628.6099999999999 7.178621795028448,45.246700784191489,1628.6099999999999 7.178530348464847,45.246814107522368,1629.5699999999999 7.178409229964018,45.246891640126705,1631.01 7.178381653502584,45.246913181617856,1631.98 7.178298337385058,45.24698224849999,1632.9400000000001 7.17826321721077,45.247021391987801,1633.9000000000001 7.178155342116952,45.247110743075609,1635.3399999999999 7.178111923858523,45.247163884341717,1635.8199999999999 7.177994074299932,45.247251139953732,1637.26 7.177903214469552,45.247328002005816,1638.22 7.17784789390862,45.247384244576097,1638.7 7.177721662446857,45.247479630634189,1640.6300000000001 7.177600711584091,45.247598318383098,1642.0699999999999 7.177583025768399,45.247618015855551,1642.55 7.177557880058885,45.247663781046867,1642.55 7.177483448758721,45.247755311429501,1643.99 7.177484286949039,45.247765369713306,1643.99 7.177451010793448,45.247832257300615,1645.4300000000001 7.17738077044487,45.247939545661211,1646.4000000000001 7.177305165678263,45.248033003881574,1647.8399999999999 7.177272476255894,45.248054713010788,1647.8399999999999 7.177143814042211,45.248118080198765,1648.8 7.177035855129361,45.248181447386742,1649.76 7.176877353340387,45.248235845938325,1651.6800000000001 7.176801832392812,45.248262081295252,1652.6400000000001 7.176781464368105,45.24826392531395,1652.6400000000001 7.176600331440568,45.24832259863615,1654.0899999999999 7.176478207111359,45.248350007459521,1655.05 7.17631995677948,45.248410273343325,1656.49 7.176153743639588,45.248457631096244,1657.9300000000001 7.176021477207542,45.248493924736977,1659.3699999999999 7.175953080877662,45.248503228649497,1659.8499999999999 7.175860293209553,45.248504653573036,1660.3299999999999 7.175679411739111,45.248481938615441,1661.78 7.175630377605557,45.24847355671227,1662.26 7.175579499453306,45.248467773199081,1662.74 7.175480676814914,45.248492918908596,1663.7 7.175325276330113,45.248571373522282,1665.1400000000001 7.175313709303737,45.248578162863851,1665.1400000000001 7.175287725403905,45.24859232828021,1665.1400000000001 7.175172390416265,45.248682182282209,1666.5799999999999 7.175046410411596,45.248779244720936,1668.51 7.174994274973869,45.248808916658163,1668.99 7.174961417913437,45.24883515201509,1669.47 7.174825295805931,45.248914528638124,1670.4300000000001 7.174732675775886,45.248951492831111,1671.3900000000001 7.174733178690076,45.24891771376133,1671.3900000000001 7.174893943592906,45.249031120911241,1672.3499999999999 7.174925291910768,45.249036904424429,1672.3499999999999 7.175028221681714,45.249052913859487,1672.3499999999999 7.175246318802238,45.249027600511909,1672.8299999999999 7.175262998789549,45.249025840312243,1672.8299999999999 7.175362491980195,45.249036652967334,1673.3099999999999 7.175417812541127,45.249039335176349,1673.79 7.175598694011569,45.248938836157322,1673.79 7.17562316916883,45.248939841985703,1673.79 7.175872614607215,45.248916707932949,1676.2 7.176031870767474,45.248834900557995,1677.1600000000001 7.176214680075645,45.248761726543307,1679.0799999999999 7.176390616223216,45.248730545863509,1680.04 7.17662338167429,45.24870565161109,1682.4400000000001 7.176888668909669,45.248661143705249,1684.3699999999999 7.177038621157408,45.248568523675203,1685.8099999999999 7.177191842347384,45.248482776805758,1688.21 7.177396360784769,45.248387809842825,1689.6500000000001 7.177496021613479,45.248365849256516,1690.6199999999999 7.177613452076912,45.24840759113431,1691.5799999999999 7.177614877000451,45.248412787914276,1691.5799999999999 7.177621750161052,45.248437179252505,1692.0599999999999 7.177580343559384,45.248560477048159,1693.98 7.177424859255552,45.248644296079874,1695.4200000000001 7.17730893753469,45.248714117333293,1696.3800000000001 7.177219754084945,45.248816376551986,1698.3099999999999 7.1772082708776,45.24883221834898,1698.3099999999999 7.177125038579106,45.248942272737622,1699.75 7.177082290872932,45.248996503651142,1700.71 7.176964022219181,45.249079400673509,1702.1500000000001 7.17687894590199,45.249179480597377,1703.1099999999999 7.176866540685296,45.249185850843787,1703.1099999999999 7.176772663369775,45.249251062050462,1704.55 7.17673284932971,45.249319123104215,1705.52 7.176620112732053,45.249444516375661,1707.4400000000001 7.176563199609518,45.249514421448112,1707.9200000000001 7.176478542387486,45.249591115862131,1709.3599999999999 7.176470411941409,45.249611400067806,1709.3599999999999 7.176493545994163,45.249617518857121,1709.8399999999999 7.176488013938069,45.249615255743265,1709.8399999999999 7.176512572914362,45.249629924073815,1709.8399999999999 7.176627153530717,45.249693794175982,1711.76 7.176745086908341,45.249618692323565,1713.21 7.176848687231541,45.249528251588345,1714.6500000000001 7.176963267847896,45.249443342909217,1716.5699999999999 7.177085727453232,45.249376371502876,1718.01 7.177222101017833,45.249289870262146,1719.46 7.177332071587443,45.249206973239779,1720.9000000000001 7.177434414625168,45.249124243855476,1722.8199999999999 7.177532063797116,45.249052494764328,1724.26 7.177634323015809,45.248985690996051,1725.7 7.177764242514968,45.248918887227774,1726.6700000000001 7.177883265540004,45.248856106773019,1728.1099999999999 7.178001785650849,45.248800618574023,1729.0699999999999 7.178130447864533,45.248762145638466,1730.51 7.178187612444162,45.248752003535628,1730.99 7.178351730108261,45.248725265264511,1732.4300000000001 7.17844795435667,45.24870959110558,1733.8800000000001 7.178538227453828,45.248693414032459,1734.3599999999999 7.178694047033787,45.248640943318605,1736.28 7.178718773648143,45.248633986338973,1736.28 7.178858248516917,45.248638009652495,1737.72 7.178874425590038,45.248647062107921,1737.72 7.178898816928268,45.248664580285549,1738.2 7.178881634026766,45.248783016577363,1739.6400000000001 7.178801586851478,45.248859459534287,1740.5999999999999 7.178761521354318,45.248848311603069,1740.5999999999999 7.178735621273518,45.24885761551559,1741.0799999999999 7.178551135584712,45.248930957168341,1743.01 7.178414426743984,45.248992312699556,1743.97 7.178347874432802,45.249023493379354,1745.4100000000001 7.178188031539321,45.249096918851137,1746.8499999999999 7.178034894168377,45.249203285202384,1748.78 7.177957026287913,45.2493233140558,1750.7 7.17793196439743,45.24941761046648,1752.1400000000001 7.17788795940578,45.249520540237427,1754.0599999999999 7.177810845896602,45.249612741172314,1755.5 7.177755692973733,45.249721119180322,1756.95 7.177694924175739,45.249837124720216,1758.3900000000001 7.1776123624295,45.249968636780977,1759.8299999999999 7.177520412951708,45.250075841322541,1760.79 7.177467774599791,45.250154966488481,1762.71 7.177442628890276,45.250251442193985,1764.6400000000001 7.177473558112979,45.250271307304502,1765.1199999999999 7.177497195079923,45.250274911522865,1765.5999999999999 7.177656786516309,45.25017449632287,1767.04 7.177702803164721,45.250115236267447,1768 7.177807241678238,45.250001745298505,1769.4400000000001 7.177846217527986,45.249962685629725,1769.4400000000001 7.177867256104946,45.249944915995002,1769.4400000000001 7.177992230281234,45.249836705625057,1771.8499999999999 7.178112845867872,45.249751545488834,1773.77 7.178227258846164,45.249655488878489,1775.21 7.178297247737646,45.249591367319226,1775.6900000000001 7.178322728723288,45.249578710645437,1776.1700000000001 7.178426580503583,45.249477541074157,1777.6099999999999 7.178541999310255,45.249412413686514,1778.5799999999999 7.178672756999731,45.24933991022408,1780.02 7.178754145279527,45.249308897182345,1780.98 7.178781805559993,45.249301102012396,1780.98 7.178907534107566,45.249239997938275,1782.4200000000001 7.178921950981021,45.249232789501548,1783.3800000000001 7.178956652060151,45.249210996553302,1783.3800000000001 7.178977858275175,45.249203704297543,1783.3800000000001 7.179078944027424,45.249136900529265,1784.3399999999999 7.179203163832426,45.249088201671839,1785.79 7.179293436929584,45.249065067619085,1786.27 7.179478090256453,45.249025924131274,1788.1900000000001 7.17952486127615,45.249020894989371,1789.1500000000001 7.179692415520549,45.248993486166,1790.5899999999999 7.179852509871125,45.248939171433449,1792.03 7.180001707747579,45.248887119814754,1793.48 7.180020650848746,45.24887865409255,1793.96 7.180020315572619,45.248905057087541,1793.48 7.180045796558261,45.248899944126606,1793.48 7.180061722174287,45.248875971883535,1793.48 7.180098351091147,45.24888938292861,1794.9200000000001 7.180101620033383,45.248855771496892,1795.4000000000001 7.180100781843066,45.248842863366008,1795.4000000000001 7.180079575628042,45.248823836445808,1795.8800000000001 7.180097009986639,45.248832553625107,1793.96 7.180093238130212,45.248828027397394,1797.3199999999999 7.180072870105505,45.248831380158663,1795.4000000000001 7.180074211210012,45.248833894729614,1796.3599999999999 7.18008091673255,45.248837666586041,1796.3599999999999 7.180071109905839,45.248842528089881,1796.8399999999999 7.180086364969611,45.248855939134955,1796.8399999999999 7.180112516507506,45.248851915821433,1796.8399999999999 7.180147217586637,45.24880288168788,1796.8399999999999 7.180177560076118,45.248817382380366,1793.96 7.1801767218858,45.24882048368454,1800.6900000000001 7.180180996656418,45.248818388208747,1799.73 7.180193401873112,45.24872669018805,1797.3199999999999 7.180205304175615,45.248708250001073,1798.28 7.180295661091805,45.24861772544682,1800.21 7.180314604192972,45.248604062944651,1800.21 7.180409152060747,45.248557459563017,1801.1700000000001 7.180609563365579,45.2484598942101,1803.5699999999999 7.180714337155223,45.248366016894579,1804.53 7.1808554045856,45.248312875628471,1805.97 7.181034861132503,45.248251017183065,1807.9000000000001 7.181232087314129,45.248202066868544,1809.3399999999999 7.181354630738497,45.248174406588078,1810.78 7.181452950462699,45.248153284192085,1811.74 7.181488070636988,45.248137777671218,1811.74 7.18154976144433,45.248139034956694,1812.22 7.181647829711437,45.248132580891252,1813.1800000000001 7.181788058951497,45.248162671923637,1814.6300000000001 7.181959552690387,45.248188991099596,1815.5899999999999 7.182130878791213,45.248215645551682,1817.03 7.182325841858983,45.248240288347006,1818.95 7.182569922879338,45.248251520097256,1819.9100000000001 7.182580986991525,45.248252023011446,1820.8699999999999 7.182791121304035,45.24826543405652,1822.3199999999999 7.182951718568802,45.248240539804101,1823.28 7.183036878705025,45.24821606464684,1824.24 7.183216167613864,45.248167114332318,1826.1600000000001 7.18340995721519,45.248161079362035,1827.5999999999999 7.18362201936543,45.248175580054522,1829.05 7.183776330202818,45.248164432123303,1830.49 7.183836176991463,45.248150182887912,1830.97 7.184019153937697,45.248133838176727,1832.4100000000001 7.184176817536354,45.248091425746679,1833.8499999999999 7.184294918552041,45.248056976124644,1834.8099999999999 7.18444193713367,45.248002829030156,1836.26 7.184585016220808,45.24794390425086,1837.7 7.184710074216127,45.247924374416471,1838.6600000000001 7.184857428073883,45.247928313910961,1839.6199999999999 7.184938481077552,45.248013809323311,1841.0599999999999 7.184952981770039,45.248083965852857,1841.54 7.184837814420462,45.248253112658858,1843.95 7.184749552980065,45.24833089672029,1844.4300000000001 7.184613011777401,45.248441537842155,1845.8699999999999 7.184474710375071,45.24853466078639,1847.3099999999999 7.184360800310969,45.248621916398406,1848.75 7.184225600212812,45.248712692409754,1850.1900000000001 7.184172458946705,45.248730881139636,1850.1900000000001 7.184142200276256,45.24874571710825,1850.6800000000001 7.183959390968084,45.24880631826818,1851.6400000000001 7.183757470920682,45.248849736526608,1853.5599999999999 7.183650936931372,45.248866500332952,1854.04 7.183484053239226,45.248881923034787,1855.48 7.183470390737057,45.248884269967675,1855.48 7.183321611955762,45.2489348128438,1856.9200000000001 7.183208456262946,45.248952247202396,1857.8900000000001 7.183074597269297,45.248974375426769,1858.8499999999999 7.183043668046594,45.248973872512579,1859.3299999999999 7.182955406606197,45.248987954109907,1859.8099999999999 7.182844849303365,45.249008741229773,1860.77 7.182657178491354,45.249027935788035,1862.21 7.182467579841614,45.249054590240121,1863.6500000000001 7.182453917339444,45.249057104811072,1863.6500000000001 7.182432543486357,45.249060709029436,1863.6500000000001 7.182251662015915,45.249083423987031,1865.0899999999999 7.182104224339128,45.249135307967663,1867.02 7.18204278498888,45.249155256897211,1867.02 7.181869950145483,45.249203871935606,1868.9400000000001 7.181853773072362,45.249208230525255,1868.9400000000001 7.181722596287727,45.249237399548292,1869.4200000000001 7.181595023721457,45.249343849718571,1871.3399999999999 7.181590162217617,45.249396739527583,1871.8199999999999 7.18164355494082,45.249426662921906,1872.79 7.181760314851999,45.249430937692523,1873.75 7.181921331211925,45.24940780363977,1874.71 7.182045383378863,45.249392716214061,1875.6700000000001 7.182133812457323,45.249377880245447,1876.6300000000001 7.182350317016244,45.249355500563979,1878.55 7.182530695572496,45.249346951022744,1880 7.182596661150456,45.249337311834097,1880 7.182688107714057,45.249343933537602,1881.9200000000001 7.182704117149115,45.24933991022408,1881.9200000000001 7.182746361941099,45.24934284389019,1881.9200000000001 7.182866809889674,45.249336725100875,1882.8800000000001 7.18308893032372,45.249330773949623,1884.3199999999999 7.183255478739739,45.249331695958972,1885.28 7.183474916964769,45.249344184994698,1887.21 7.183668622747064,45.249349381774664,1888.6500000000001 7.183761494234204,45.249388860538602,1889.6099999999999 7.183770714327693,45.249418448656797,1889.6099999999999 7.183764344081283,45.249440241605043,1889.6099999999999 7.183717237785459,45.249488689005375,1891.05 7.183605087921023,45.249539650976658,1892.01 7.183421775698662,45.249546356499195,1893.45 7.183375423774123,45.249551720917225,1893.45 7.183371400460601,45.249557169154286,1893.9300000000001 7.183372573927045,45.249543422833085,1894.4200000000001 7.183374334126711,45.249556414783001,1894.4200000000001 7.183356983587146,45.249539567157626,1894.4200000000001 7.183324210345745,45.249516768381,1894.4200000000001 7.183343656361103,45.249532191082835,1894.4200000000001 7.183320606127381,45.249545183032751,1894.4200000000001 7.183158500120044,45.249603604897857,1895.8599999999999 7.183039980009198,45.249639814719558,1897.3 7.182970326393843,45.249653309583664,1898.26 7.18291936442256,45.24965850636363,1898.26 7.182696405798197,45.249696560204029,1899.7 7.182596325874329,45.249721370637417,1901.1400000000001 7.182430615648627,45.249757077544928,1903.0699999999999 7.182277478277683,45.249803848564625,1904.03 7.182133896276355,45.249869646504521,1905.95 7.182027194648981,45.249914992600679,1906.4300000000001 7.181962737813592,45.249946005642414,1906.9100000000001 7.181926360353828,45.249981880187988,1907.3900000000001 7.181851593777537,45.250054635107517,1908.8299999999999 7.181809432804585,45.250217160210013,1910.28 7.181789567694068,45.250291926786304,1911.72 7.181773977354169,45.250342804938555,1912.2 7.181756291538477,45.250407764688134,1913.1600000000001 7.181721087545157,45.250442298129201,1913.1600000000001 7.181648248806596,45.250459816306829,1913.6400000000001 7.181639950722456,45.25044129230082,1913.6400000000001 7.181631736457348,45.250455290079117,1913.6400000000001 7.181601813063026,45.250484710559249,1913.6400000000001 7.181518832221627,45.25048135779798,1913.6400000000001 7.181497123092413,45.250479178503156,1913.6400000000001 7.181300148367882,45.250409943982959,1915.0799999999999 7.181202247738838,45.250406926497817,1916.04 7.181076351553202,45.250430814921856,1917.49 7.180948946624994,45.250456631183624,1918.45 7.180825900286436,45.250481106340885,1920.3699999999999 7.180781224742532,45.250487057492137,1919.8900000000001 7.180758006870747,45.250500133261085,1920.8499999999999 7.180658262223005,45.25051848962903,1921.3299999999999 7.180518032982945,45.250518070533872,1923.25 7.18034528195858,45.250527877360582,1924.22 7.180266743525863,45.250540282577276,1925.1800000000001 7.180191222578287,45.250571127980947,1925.6600000000001 7.180145289748907,45.250606331974268,1926.6199999999999 7.18013321980834,45.250734575092793,1927.5799999999999 7.180135985836387,45.250753769651055,1927.5799999999999 7.180212596431375,45.250805988907814,1929.5 7.180311838164926,45.250832727178931,1930.46 7.1804288495332,45.250803809612989,1931.9100000000001 7.180582489818335,45.250783609226346,1933.3499999999999 7.180779548361898,45.25077891536057,1935.27 7.180826319381595,45.250785117968917,1935.27 7.180988425388932,45.250797942280769,1937.1900000000001 7.181003428995609,45.250798277556896,1937.1900000000001 7.181046679615974,45.250797104090452,1937.6700000000001 7.181235775351524,45.250795008614659,1939.1199999999999 7.181395031511784,45.250810263678432,1941.04 7.181420847773552,45.250817723572254,1941.04 7.181455381214619,45.25083708576858,1941.52 7.181482706218958,45.250842031091452,1942 7.181599633768201,45.25087958201766,1943.4400000000001 7.181685799732804,45.250859800726175,1943.9200000000001 7.181717902421951,45.250874049961567,1944.4000000000001 7.181694684550166,45.250893915072083,1944.4000000000001 7.181696277111769,45.250958455726504,1944.4000000000001 7.181631065905094,45.250954516232014,1944.4000000000001 7.181574068963528,45.250994833186269,1944.4000000000001 7.181394193321466,45.251066079363227,1945.3599999999999 7.181316325441003,45.251104719936848,1946.3299999999999 7.181293275207281,45.251116454601288,1946.8099999999999 7.181151118129492,45.251164985820651,1948.73 7.181073250249028,45.25122893974185,1949.6900000000001 7.180989263579249,45.251317620277405,1952.5699999999999 7.180921705439687,45.251403450965881,1954.02 7.180833946913481,45.25149037130177,1955.46 7.180765047669411,45.251588858664036,1958.3399999999999 7.18072640709579,45.251709222793579,1959.3 7.180691622197628,45.251775942742825,1960.27 7.180703524500132,45.251884907484055,1961.23 7.180736381560564,45.251972498372197,1962.6700000000001 7.18080067075789,45.252062687650323,1963.6300000000001 7.180758425965905,45.25217542424798,1964.5899999999999 7.180739399045706,45.252193529158831,1964.5899999999999 7.180644683539867,45.252240970730782,1964.5899999999999 7.180392388254404,45.252290843054652,1965.55 7.180253667756915,45.252349767833948,1966.99 7.180123832076788,45.252417325973511,1967.96 7.180103128775954,45.252423193305731,1967.96 7.18001889064908,45.25248765014112,1968.9200000000001 7.179910345003009,45.252579851076007,1970.8399999999999 7.179817976430059,45.252674063667655,1972.28 7.179740443825722,45.252727204933763,1972.76 7.179688895121217,45.252759559080005,1973.72 7.179646650329232,45.252837846055627,1974.2 7.179702641442418,45.25291227735579,1975.6500000000001 7.17980825342238,45.252910265699029,1976.6099999999999 7.179872877895832,45.25286927819252,1977.5699999999999 7.179956529289484,45.252776322886348,1978.53 7.179968934506178,45.252758888527751,1979.01 7.180037414655089,45.252696024253964,1979.97 7.180045712739229,45.252679930999875,1980.45 7.180196922272444,45.252617066726089,1981.9000000000001 7.180340336635709,45.252558644860983,1983.3399999999999 7.180492803454399,45.252543389797211,1984.78 7.180541418492794,45.252559566870332,1985.26 7.18057687394321,45.252647241577506,1986.22 7.180572599172592,45.252678506076336,1986.7 7.180456845089793,45.252765594050288,1987.6600000000001 7.180271940305829,45.25282921269536,1989.5899999999999 7.180181834846735,45.252915378659964,1991.51 7.18011662364006,45.253010094165802,1992.47 7.180096255615354,45.253034401684999,1993.4300000000001 7.180120060220361,45.253035742789507,1993.4300000000001 7.180056441575289,45.253065582364798,1994.3900000000001 7.180036157369614,45.253066085278988,1994.3900000000001 7.18003255315125,45.253183180466294,1995.8299999999999 7.180034900084138,45.253304550424218,1997.28 7.179991146549583,45.253465650603175,1999.6800000000001 7.179990895092487,45.25347420014441,1999.6800000000001 7.179962312802672,45.253584841266274,2001.1199999999999 7.17996901832521,45.253631277009845,2002.5599999999999 7.180008161813021,45.253678970038891,2003.04 7.18006775714457,45.253705373033881,2004.01 7.180116372182965,45.253701852634549,2004.97 7.180145373567939,45.253689112141728,2004.97 7.180228354409337,45.253595318645239,2006.4100000000001 7.180241430178285,45.253573274239898,2006.8900000000001 7.180261043831706,45.253506386652589,2007.3699999999999 7.180306641384959,45.253381412476301,2008.8099999999999 7.180359028279781,45.253262557089329,2010.25 7.180447792634368,45.253184856846929,2012.1800000000001 7.180573185905814,45.253080250695348,2013.1400000000001 7.180692292749882,45.252967178821564,2015.54 7.180702351033688,45.252961730584502,2015.54 7.180718276649714,45.252953516319394,2015.54 7.180749457329512,45.252917222678661,2016.02 7.180874682962894,45.25280331261456,2018.4300000000001 7.180984988808632,45.252713961526752,2020.3499999999999 7.181104850023985,45.252652270719409,2021.3099999999999 7.181273493915796,45.252595189958811,2023.23 7.18143149279058,45.25253064930439,2025.1500000000001 7.181496033445001,45.252497289329767,2026.1199999999999 7.181642632931471,45.252445992082357,2027.5599999999999 7.181656546890736,45.252443142235279,2027.5599999999999 7.181818904355168,45.252364268526435,2029 7.181872380897403,45.252312887459993,2029.48 7.18199098482728,45.252226889133453,2031.4000000000001 7.182097854092717,45.252148015424609,2032.3599999999999 7.18216055072844,45.252106189727783,2033.3299999999999 7.182275550439954,45.252007702365518,2034.29 7.182288290932775,45.252000661566854,2034.29 7.182396249845624,45.251943664625287,2034.77 7.182464143261313,45.25190519168973,2035.73 7.182485852390528,45.251880213618279,2035.73 7.182495910674334,45.251893792301416,2035.73 7.182494485750794,45.251901838928461,2035.73 7.182496413588524,45.252029998227954,2035.73 7.182501526549459,45.252055479213595,2035.73 7.182455928996205,45.252178190276027,2037.6500000000001 7.182366494089365,45.252307271584868,2038.6099999999999 7.182348892092705,45.252326633781195,2039.0899999999999 7.182272281497717,45.252434760332108,2040.54 7.182214111089706,45.25254582054913,2041.98 7.182127945125103,45.252647409215569,2043.4200000000001 7.18205401673913,45.25274321436882,2044.8599999999999 7.1819968521595,45.252836169674993,2045.8199999999999 7.181935664266348,45.252903224900365,2047.26 7.181937927380204,45.252878498286009,2047.26 7.181953098624945,45.25281404145062,2047.26 7.18194991350174,45.252813706174493,2045.8199999999999 7.181956535205245,45.252866260707378,2047.26 7.181873805820942,45.253003807738423,2049.1900000000001 7.181800045073032,45.253111766651273,2050.6300000000001 7.181773725897074,45.253187539055943,2051.5900000000001 7.181887049227953,45.25326456874609,2053.5100000000002 7.182008754462004,45.253257025033236,2054.4699999999998 7.182065416127443,45.253241183236241,2054.96 7.182184774428606,45.253165327012539,2056.4000000000001 7.182215116918087,45.253139678388834,2056.8800000000001 7.182266917079687,45.253112353384495,2058.3200000000002 7.182299941778183,45.253083100542426,2058.3200000000002 7.18239457346499,45.253036497160792,2059.2800000000002 7.182438243180513,45.253013698384166,2059.7600000000002 7.182541424408555,45.252942033112049,2061.1999999999998 7.182660195976496,45.252865171059966,2063.1300000000001 7.182745104655623,45.252817058935761,2064.5700000000002 7.182860691100359,45.252727791666985,2066.0100000000002 7.182962698861957,45.252660736441612,2066.9699999999998 7.183062275871635,45.252554202452302,2069.3800000000001 7.183100078254938,45.252526458352804,2069.8600000000001 7.18325455673039,45.25247298181057,2071.7800000000002 7.183368299156427,45.252513214945793,2072.2600000000002 7.183431498706341,45.252485806122422,2072.7399999999998 7.183564435690641,45.252427132800221,2073.6999999999998 7.183570303022862,45.252430401742458,2073.6999999999998 7.183554628863931,45.252451607957482,2073.6999999999998 7.183500146493316,45.252477591857314,2073.6999999999998 7.183429822325707,45.252614300698042,2073.6999999999998 7.183385901153088,45.252669202163815,2074.1799999999998 7.183337286114693,45.252697113901377,2074.1799999999998 7.183216921985149,45.252779759466648,2076.0999999999999 7.183121619746089,45.252875983715057,2077.0700000000002 7.183038219809532,45.252978913486004,2078.5100000000002 7.182973762974143,45.253060553222895,2079.4699999999998 7.182937301695347,45.253091650083661,2079.9499999999998 7.18299413099885,45.253059212118387,2079.9499999999998 7.183014582842588,45.253048734739423,2079.9499999999998 7.182969572022557,45.253040185198188,2079.9499999999998 7.182963285595179,45.253022080287337,2080.4299999999998 7.18297359533608,45.253059044480324,2080.4299999999998 7.182932356372476,45.253176307305694,2080.9099999999999 7.182931434363127,45.253188377246261,2080.9099999999999 7.182881645858288,45.253291809931397,2081.8699999999999 7.182839065790176,45.253361044451594,2083.3099999999999 7.182809393852949,45.253390967845917,2083.79 7.182789444923401,45.25343363173306,2083.79 7.182718282565475,45.253504542633891,2084.7600000000002 7.182608311995864,45.253586266189814,2086.1999999999998 7.182569252327085,45.253631779924035,2087.1599999999999 7.182523068040609,45.253630522638559,2087.6399999999999 7.182433297857642,45.253688441589475,2088.5999999999999 7.182375127449632,45.253692297264934,2089.0799999999999 7.182327518239617,45.253694728016853,2089.0799999999999 7.182300193235278,45.253701349720359,2089.5599999999999 7.182256607338786,45.253717778250575,2089.5599999999999 7.182230120524764,45.253729932010174,2090.04 7.182188294827938,45.253746695816517,2091 7.18215418048203,45.253770919516683,2091 7.182101039215922,45.253834370523691,2092.9299999999998 7.182010598480701,45.253938725218177,2093.8899999999999 7.182001629844308,45.253948615863919,2094.3699999999999 7.181987045332789,45.253970827907324,2095.3299999999999 7.181913536041975,45.254052048549056,2095.8099999999999 7.181857461109757,45.254137460142374,2097.25 7.181821670383215,45.254190936684608,2098.21 7.181787388399243,45.254273498430848,2099.6599999999999 7.181755788624287,45.254335356876254,2101.0999999999999 7.181726368144155,45.254396125674248,2101.5799999999999 7.181653529405594,45.254517830908298,2103.02 7.181633999571204,45.254548173397779,2103.5 7.181599549949169,45.254609612748027,2104.9400000000001 7.181563675403595,45.254656383767724,2105.9099999999999 7.181534338742495,45.254686055704951,2105.9099999999999 7.181473150849342,45.254753362387419,2107.3499999999999 7.181412801146507,45.254805330187082,2108.79 7.181403916329145,45.254827123135328,2108.79 7.181325545534492,45.254923766478896,2110.23 7.181255724281073,45.254996605217457,2111.1900000000001 7.181238206103444,45.2550168056041,2111.6700000000001 7.18117349781096,45.255098277702928,2113.1199999999999 7.181115997955203,45.255176061764359,2114.0799999999999 7.181046511977911,45.255234651267529,2115.52 7.180965542793274,45.255326684564352,2116.96 7.180905528366566,45.255419053137302,2117.9200000000001 7.180851800367236,45.255496921017766,2119.3600000000001 7.180816344916821,45.255538243800402,2119.8400000000001 7.180776279419661,45.255576046183705,2120.3200000000002 7.180698914453387,45.255628935992718,2121.77 7.180608892813325,45.255664978176355,2122.73 7.180484505370259,45.255696913227439,2123.21 7.180447373539209,45.255754077807069,2123.6900000000001 7.180453827604652,45.255749132484198,2123.6900000000001 7.18041175045073,45.255747707560658,2124.1700000000001 7.180333882570267,45.255794730037451,2124.1700000000001 7.180318543687463,45.255816355347633,2124.6500000000001 7.18028518371284,45.255806464701891,2124.6500000000001 7.180213602259755,45.255780396983027,2124.6500000000001 7.180214272812009,45.255797244608402,2124.6500000000001 7.18020748347044,45.255821216851473,2125.1300000000001 7.180202454328537,45.255802273750305,2125.1300000000001 7.180183930322528,45.255748713389039,2125.1300000000001 7.180170100182295,45.255728848278522,2125.6100000000001 7.180151827633381,45.255733039230108,2125.6100000000001 7.180145289748907,45.255757598206401,2125.6100000000001 7.18013221397996,45.255755335092545,2125.6100000000001 7.180026853457093,45.25574485771358,2125.6100000000001 7.179839182645083,45.255721220746636,2125.6100000000001 7.179679088294506,45.255691045895219,2126.0900000000001 7.179601220414043,45.255685178562999,2126.5700000000002 7.179439784958959,45.255637653172016,2127.0500000000002 7.17929620295763,45.255601862445474,2127.0500000000002 7.179226381704211,45.255597084760666,2127.0500000000002 7.179169468581677,45.255602449178696,2127.0500000000002 7.17911196872592,45.255597168579698,2127.5300000000002 7.17911884188652,45.255616949871182,2128.02 7.179005267098546,45.255644358694553,2128.5 7.178934691473842,45.255680317059159,2128.5 7.17887794598937,45.255667995661497,2128.98 7.17875330708921,45.255695823580027,2128.98 7.178625650703907,45.255697332322598,2129.46 7.178559601306915,45.255693309009075,2129.46 7.178528755903244,45.255694733932614,2129.46 7.178361620754004,45.25569255463779,2130.4200000000001 7.178344102576375,45.255692135542631,2130.9000000000001 7.178178559988737,45.255681490525603,2131.3800000000001 7.178139835596085,45.25568182580173,2131.3800000000001 7.178084012120962,45.255713174119592,2131.8600000000001 7.178031206130981,45.255753910169005,2131.8600000000001 7.178027685731649,45.255820294842124,2132.8200000000002 7.178124915808439,45.255879806354642,2134.2600000000002 7.17821435071528,45.255893049761653,2135.71 7.178360028192401,45.255873436108232,2137.6300000000001 7.17848651111126,45.255862707272172,2138.5900000000001 7.178548369556665,45.255871759727597,2139.0700000000002 7.178705781698227,45.255851643159986,2140.9899999999998 7.17882270924747,45.255830269306898,2142.4400000000001 7.178965117782354,45.255823647603393,2144.3600000000001 7.179013816639781,45.255830436944962,2144.8400000000001 7.179161505773664,45.255858767777681,2145.8000000000002 7.179283797740936,45.255907718092203,2148.1999999999998 7.17940466478467,45.255989860743284,2149.6500000000001 7.179437521845102,45.256018778309226,2149.6500000000001 7.179456632584333,45.25603654794395,2150.1300000000001 7.179542044177651,45.256081558763981,2151.5700000000002 7.179665425792337,45.256105866283178,2152.5300000000002 7.179796518757939,45.256091365590692,2154.4499999999998 7.179932054132223,45.256059933453798,2155.4099999999999 7.180023835971952,45.256103184074163,2156.8600000000001 7.180056106299162,45.256148111075163,2157.3400000000001 7.180057698860765,45.256237126886845,2158.7800000000002 7.179965330287814,45.25630627758801,2159.2600000000002 7.179892659187317,45.256329076364636,2160.2199999999998 7.17971102334559,45.256333686411381,2161.6599999999999 7.179585294798017,45.256337290629745,2162.6199999999999 7.179557718336582,45.256328573450446,2162.6199999999999 7.179443389177322,45.256304601207376,2163.5799999999999 7.179333586245775,45.256263948976994,2165.0300000000002 7.179228058084846,45.256223464384675,2165.5100000000002 7.179119344800711,45.256183482706547,2166.4699999999998 7.179043656215072,45.256161857396364,2167.9099999999999 7.179019348695874,45.256156325340271,2167.9099999999999 7.178967799991369,45.256135370582342,2168.3899999999999 7.178912227973342,45.256119361147285,2168.8699999999999 7.178893787786365,45.256132017821074,2169.3499999999999 7.178882556036115,45.256122713908553,2169.3499999999999 7.178808711469173,45.256128162145615,2169.8299999999999 7.178759425878525,45.256129838526249,2170.3099999999999 7.178732687607408,45.256122630089521,2170.3099999999999 7.178721036761999,45.256139477714896,2170.3099999999999 7.178593380376697,45.256223296746612,2171.7600000000002 7.178552728146315,45.256242491304874,2171.7600000000002 7.178508136421442,45.25627207942307,2172.7199999999998 7.178380563855171,45.256351288408041,2174.1599999999999 7.178343767300248,45.256368555128574,2174.6399999999999 7.178299846127629,45.256473748013377,2175.5999999999999 7.178340665996075,45.256516663357615,2176.0799999999999 7.178397411480546,45.256534600630403,2176.5599999999999 7.178477793931961,45.256524374708533,2177.52 7.178628416731954,45.256467293947935,2178.9699999999998 7.178784571588039,45.256423288956285,2180.4099999999999 7.178850285708904,45.256421780213714,2180.8899999999999 7.178933518007398,45.256423875689507,2181.8499999999999 7.179066203534603,45.256447931751609,2182.8099999999999 7.17924490571022,45.256504509598017,2184.25 7.179387733340263,45.256585059687495,2185.6900000000001 7.179507594555616,45.256664771586657,2187.1399999999999 7.179576912894845,45.256720343604684,2187.6199999999999 7.179566435515881,45.256798295304179,2188.5799999999999 7.179499045014381,45.256853364408016,2189.0599999999999 7.179372059181333,45.256861411035061,2190.5 7.179305255413055,45.256848335266113,2190.5 7.17927030287683,45.256837522611022,2190.5 7.179107442498207,45.25676510296762,2191.9400000000001 7.178957322612405,45.256732245907187,2193.3899999999999 7.178946677595377,45.256733587011695,2193.3899999999999 7.178821451961994,45.256770802661777,2194.8299999999999 7.178730424493551,45.256803156808019,2194.8299999999999 7.178663369268179,45.256823692470789,2195.79 7.178653310984373,45.256830733269453,2195.79 7.178539400920272,45.256892843171954,2197.23 7.178468070924282,45.25695419870317,2197.71 7.178463879972696,45.256987139582634,2198.1900000000001 7.178473100066185,45.256975907832384,2198.1900000000001 7.178422305732966,45.256960904225707,2198.1900000000001 7.178277214989066,45.256975153461099,2198.6700000000001 7.178250560536981,45.25698303245008,2199.1500000000001 7.178093232214451,45.25698060169816,2200.1100000000001 7.177956188097596,45.256992839276791,2202.04 7.177834482863545,45.257022930309176,2203 7.177724847570062,45.257073892280459,2204.4400000000001 7.177653266116977,45.257117310538888,2204.9200000000001 7.177593084052205,45.257153855636716,2205.4000000000001 7.177565842866898,45.257175145670772,2206.3600000000001 7.177540780976415,45.257185539230704,2206.3600000000001 7.177467355504632,45.257212445139885,2207.3200000000002 7.17731824144721,45.25723029859364,2208.29 7.177187651395798,45.257226778194308,2209.73 7.177175497636199,45.257225520908833,2209.73 7.177068209275603,45.257216887548566,2210.21 7.177036358043551,45.257218647748232,2210.21 7.176901744678617,45.257220156490803,2211.6500000000001 7.176765203475952,45.25722342543304,2213.0900000000001 7.176661435514689,45.257238009944558,2213.5700000000002 7.176529169082642,45.257263742387295,2214.5300000000002 7.176431771367788,45.257305316627026,2215.0100000000002 7.176430849358439,45.257305568084121,2215.0100000000002 7.176347365602851,45.257318392395973,2215.5 7.176200011745095,45.257347896695137,2216.46 7.176102865487337,45.257369773462415,2217.4200000000001 7.176062716171145,45.257384022697806,2217.9000000000001 7.17601016163826,45.257395589724183,2217.9000000000001 7.17585626989603,45.257428279146552,2219.3400000000001 7.175841433927417,45.257429201155901,2219.3400000000001 7.175732217729092,45.257433475926518,2219.8200000000002 7.175701037049294,45.257431883364916,2219.8200000000002 7.175611602142453,45.257442109286785,2221.2600000000002 7.175567680969834,45.257440935820341,2221.2600000000002 7.175422003492713,45.25744772516191,2222.71 7.175312535837293,45.257453424856067,2223.1900000000001 7.17526157386601,45.257442779839039,2223.6700000000001 7.175236511975527,45.257446635514498,2223.6700000000001 7.175092762336135,45.257451497018337,2225.5900000000001 7.17506904155016,45.257447976619005,2225.5900000000001 7.174915987998247,45.257434314116836,2226.5500000000002 7.174785062670708,45.257417885586619,2227.9899999999998 7.174719516187906,45.257405731827021,2228.9499999999998 7.174634356051683,45.25737832300365,2229.4299999999998 7.174522541463375,45.257336664944887,2230.8800000000001 7.174495216459036,45.257326690480113,2230.8800000000001 7.174449618905783,45.257315207272768,2231.3600000000001 7.174400668591261,45.257311770692468,2231.8400000000001 7.174372924491763,45.257299616932869,2231.8400000000001 7.174236718565226,45.257260305806994,2232.8000000000002 7.174097998067737,45.257225688546896,2234.2399999999998 7.173934718593955,45.257190736010671,2235.1999999999998 7.173869172111154,45.257182186469436,2235.6799999999998 7.173762805759907,45.257179839536548,2236.6399999999999 7.173633640632033,45.257178330793977,2238.5700000000002 7.173625510185957,45.257176822051406,2238.5700000000002 7.173603633418679,45.257183695212007,2238.5700000000002 7.173575470224023,45.257199201732874,2239.0500000000002 7.17344781383872,45.257236333563924,2240.0100000000002 7.173366593196988,45.257243542000651,2240.9699999999998 7.173348655924201,45.257245050743222,2241.4499999999998 7.173341950401664,45.257256533950567,2241.4499999999998 7.17330607585609,45.257255863398314,2241.4499999999998 7.173174563795328,45.257252594456077,2242.4099999999999 7.169483508914709,45.256560752168298,2260.6799999999998 7.169471774250269,45.256561925634742,2261.1599999999999 7.169405221939087,45.25658237747848,2261.6399999999999 7.169367587193847,45.256597548723221,2262.1199999999999 7.169220484793186,45.256627136841416,2263.5599999999999 7.169085955247283,45.256653958931565,2264.04 7.168922675773501,45.256665945053101,2265.96 7.168772304430604,45.256671477109194,2266.4499999999998 7.168691754341126,45.256667956709862,2267.4099999999999 7.168651772662997,45.256668124347925,2267.4099999999999 7.168623609468341,45.256666950881481,2267.4099999999999 7.168531911447644,45.256655300036073,2268.3699999999999 7.168490253388882,45.256650606170297,2268.3699999999999 7.168464437127113,45.25664540939033,2268.3699999999999 7.168327560648322,45.256624203175306,2269.8099999999999 7.168206358328462,45.256598386913538,2270.77 7.168145338073373,45.256585143506527,2271.25 7.16814030893147,45.256589083001018,2271.25 7.168108960613608,45.256611714139581,2271.25 7.167944172397256,45.256624286994338,2272.21 7.167916344478726,45.256621604785323,2272.21 7.167856832966209,45.256629483774304,2272.6900000000001 7.167689027264714,45.256622945889831,2274.1399999999999 7.167543265968561,45.256619174033403,2275.0999999999999 7.167448969557881,45.256628980860114,2275.5799999999999 7.167311338707805,45.256637027487159,2277.5 7.167183347046375,45.256654880940914,2277.98 7.167038843035698,45.256697880104184,2279.4200000000001 7.167026856914163,45.256705088540912,2279.9000000000001 7.166934236884117,45.256756553426385,2280.8699999999999 7.16686986386776,45.256802486255765,2281.8299999999999 7.166843377053738,45.256829895079136,2282.3099999999999 7.166809095069766,45.256862416863441,2283.27 7.166763162240386,45.256910948082805,2283.75 7.1667037345469,45.256986636668444,2284.71 7.166671296581626,45.257058469578624,2286.1500000000001 7.166584879159927,45.25712569244206,2286.6300000000001 7.166475327685475,45.257162824273109,2287.5900000000001 7.166402405127883,45.257170367985964,2288.0799999999999 7.166366195306182,45.257180342450738,2288.5599999999999 7.166324788704515,45.257186461240053,2288.5599999999999 7.16626544483006,45.257169529795647,2289.52 7.166241556406021,45.25715553201735,2289.52 7.166129406541586,45.257161650806665,2290.48 7.166051371023059,45.257173888385296,2291.4400000000001 7.165967635810375,45.25719459168613,2292.4000000000001 7.16588918119669,45.257254019379616,2293.8400000000001 7.165824891999364,45.257324175909162,2295.2800000000002 7.165723722428083,45.257387040182948,2296.73 7.165698325261474,45.257415790110826,2296.73 7.165679633617401,45.257433643564582,2296.73 7.165540242567658,45.257527939975262,2299.1300000000001 7.165438318625093,45.257621565833688,2301.0500000000002 7.165395319461823,45.257655847817659,2301.5300000000002 7.165314517915249,45.257749138399959,2302.4899999999998 7.165291802957654,45.257820216938853,2303.46 7.165268920361996,45.25786112062633,2304.4200000000001 7.165269758552313,45.257945023477077,2305.8600000000001 7.16529012657702,45.258007049560547,2306.3400000000001 7.165309656411409,45.258083241060376,2307.3000000000002 7.165334383025765,45.258148452267051,2307.7800000000002 7.165372101590037,45.25822808034718,2309.2199999999998 7.165420297533274,45.258339643478394,2310.6700000000001 7.165441922843456,45.258414996787906,2311.6300000000001 7.165444102138281,45.25843033567071,2312.1100000000001 7.165444018319249,45.258463863283396,2312.1100000000001 7.165430774912238,45.258471490815282,2313.0700000000002 7.165413340553641,45.258473670110106,2313.5500000000002 7.165444856509566,45.258537791669369,2313.5500000000002 7.165448796004057,45.258617922663689,2315.4699999999998 7.165438737720251,45.258687324821949,2316.4299999999998 7.165437815710902,45.258736610412598,2316.4299999999998 7.165395319461823,45.258822608739138,2317.8800000000001 7.165368413552642,45.258870301768184,2318.3600000000001 7.165336394682527,45.258940625935793,2319.3200000000002 7.165324576199055,45.258973482996225,2319.8000000000002 7.165325498208404,45.258989743888378,2319.8000000000002 7.165359361097217,45.259044142439961,2320.7600000000002 7.165416022762656,45.259069204330444,2321.2399999999998 7.165537727996707,45.259043304249644,2322.6799999999998 7.16563219204545,45.258970549330115,2323.6399999999999 7.165703689679503,45.258887568488717,2324.6100000000001 7.165773510932922,45.258804755285382,2326.0500000000002 7.165876608341932,45.258740466088057,2327.0100000000002 7.165928911417723,45.258736778050661,2327.4899999999998 7.166003426536918,45.258757313713431,2327.9699999999998 7.166062351316214,45.258837193250656,2328.9299999999998 7.166067380458117,45.258862255141139,2329.4099999999999 7.166068973019719,45.258884718641639,2329.4099999999999 7.166074924170971,45.258983038365841,2331.3299999999999 7.166065284982324,45.25901229120791,2331.8099999999999 7.166057405993342,45.259030731394887,2331.8099999999999 7.166038127616048,45.25908412411809,2332.7800000000002 7.165994541719556,45.259168278425932,2334.2199999999998 7.165911141782999,45.259223179891706,2334.6999999999998 7.165892953053117,45.259227622300386,2335.1799999999998 7.165868394076824,45.259263161569834,2335.1799999999998 7.165865879505873,45.259272381663322,2335.1799999999998 7.165839308872819,45.259310016408563,2335.6599999999999 7.165808547288179,45.259336670860648,2335.6599999999999 7.165763536468148,45.259350417181849,2336.6199999999999 7.165729757398367,45.259359469637275,2336.6199999999999 7.165592461824417,45.259395511820912,2338.0599999999999 7.165572680532932,45.259400373324752,2338.54 7.165507636964321,45.259415796026587,2339.02 7.165415100753307,45.259447479620576,2339.9899999999998 7.165301274508238,45.259516127407551,2341.4299999999998 7.165217706933618,45.259590810164809,2342.3899999999999 7.165188537910581,45.259633725509048,2342.8699999999999 7.165123159065843,45.259698098525405,2343.8299999999999 7.165056942030788,45.259780827909708,2344.3099999999999 7.165039591491222,45.25980438105762,2344.79 7.164971362799406,45.259876381605864,2345.75 7.164919897913933,45.259963218122721,2346.7199999999998 7.164821913465858,45.260044941678643,2347.1999999999998 7.164811519905925,45.26005164720118,2347.6799999999998 7.16475117020309,45.260082324966788,2348.6399999999999 7.164723509922624,45.260033290833235,2348.6399999999999 7.164750667288899,45.26007017120719,2348.6399999999999 7.164760138839483,45.260063214227557,2348.6399999999999 7.164764497429133,45.260041505098343,2348.6399999999999 7.164725018665195,45.259975120425224,2348.6399999999999 7.164721582084894,45.259977467358112,2347.1999999999998 7.164781093597412,45.260010827332735,2347.1999999999998 7.16477463953197,45.2600540779531,2347.1999999999998 7.164784865453839,45.260068411007524,2347.1999999999998 7.16477807611227,45.260156337171793,2348.6399999999999 7.164729293435812,45.2602319419384,2349.1199999999999 7.164653185755014,45.260306121781468,2350.0799999999999 7.164528043940663,45.260361861437559,2351.04 7.164422012865543,45.260361274704337,2351.52 7.164285387843847,45.260366722941399,2352.48 7.164219338446856,45.260358173400164,2352.96 7.164137363433838,45.260349959135056,2353.4400000000001 7.163993362337351,45.2603511326015,2354.4099999999999 7.163882050663233,45.260338140651584,2354.8899999999999 7.163758836686611,45.260341158136725,2355.8499999999999 7.163703935220838,45.260367477312684,2356.3299999999999 7.163646603003144,45.260368147864938,2357.29 7.163659343495965,45.260360855609179,2357.29 7.163662612438202,45.260382564738393,2357.29 7.163636796176434,45.260491026565433,2357.77 7.163635287433863,45.260501923039556,2357.77 7.163665378466249,45.260640308260918,2358.25 7.16369136236608,45.260767545551062,2358.25 7.163707204163075,45.260874666273594,2358.73 7.163726650178433,45.260975752025843,2359.21 7.163728829473257,45.261089578270912,2359.6900000000001 7.16371432878077,45.261156130582094,2360.1700000000001 7.163706785067916,45.261174822226167,2360.1700000000001 7.163693206384778,45.261293090879917,2361.1399999999999 7.16368842869997,45.261387806385756,2362.0999999999999 7.163688596338034,45.261509176343679,2363.0599999999999 7.163689183071256,45.261560389772058,2363.0599999999999 7.163700833916664,45.261675221845508,2364.02 7.163703767582774,45.261740852147341,2364.98 7.16369865462184,45.261807991191745,2365.9400000000001 7.1637196931988,45.261904466897249,2366.9000000000001 7.16373335570097,45.261945873498917,2367.3800000000001 7.163774259388447,45.262058023363352,2369.3099999999999 7.163808960467577,45.262137902900577,2371.23 7.16382916085422,45.262189032509923,2372.6700000000001 7.163806529715657,45.262286430224776,2373.6300000000001 7.163797309622169,45.262359688058496,2375.0700000000002 7.163846930488944,45.262433281168342,2376.04 7.163895545527339,45.262476531788707,2377.96 7.163919098675251,45.26253336109221,2379.8800000000001 7.163931839168072,45.262582981958985,2381.8000000000002 7.163946339860559,45.262621454894543,2382.2800000000002 7.163971150293946,45.26266286149621,2383.25 7.163964528590441,45.262697814032435,2384.21 7.163964444771409,45.262737460434437,2384.6900000000001 7.163987662643194,45.262808287516236,2386.1300000000001 7.163978442549706,45.262855896726251,2387.5700000000002 7.163991434499621,45.262894369661808,2389.0100000000002 7.164012305438519,45.262946505099535,2390.9400000000001 7.163996798917651,45.262984810397029,2392.8600000000001 7.163975676521659,45.263010710477829,2393.8200000000002 7.163914991542697,45.263012889772654,2394.3000000000002 7.163906777277589,45.263014985248446,2392.8600000000001 7.163911974057555,45.263017667457461,2392.8600000000001 7.163970731198788,45.263008363544941,2392.8600000000001 7.163981627672911,45.263030659407377,2394.3000000000002 7.163968635722995,45.263050105422735,2395.7399999999998 7.163941394537687,45.263068294152617,2395.7399999999998 7.163933767005801,45.263114478439093,2397.1799999999998 7.163935694843531,45.263169128447771,2400.0700000000002 7.16389806009829,45.263224616646767,2401.5100000000002 7.163828741759062,45.263290917500854,2403.9099999999999 7.163800494745374,45.263368198648095,2405.3600000000001 7.16381692327559,45.263427291065454,2407.7600000000002 7.16385506093502,45.263460902497172,2407.7600000000002 7.163814660161734,45.26348328217864,2408.7199999999998 7.163804015144706,45.26349350810051,2408.7199999999998 7.163767972961068,45.26355947367847,2409.1999999999998 7.163706365972757,45.263635162264109,2410.1599999999999 7.16363076120615,45.263727949932218,2410.6399999999999 7.163588097319007,45.263814954087138,2411.1199999999999 7.163550546392798,45.263915956020355,2411.1199999999999 7.163532357662916,45.26394059881568,2411.1199999999999 7.163449376821518,45.264053838327527,2411.5999999999999 7.163332365453243,45.264132879674435,2411.5999999999999 7.163314847275615,45.264144027605653,2410.1599999999999 7.163213929161429,45.264218961820006,2409.6799999999998 7.163077890872955,45.264288363978267,2409.6799999999998 7.163022821769118,45.26434276252985,2409.6799999999998 7.163017457351089,45.264345444738865,2411.1199999999999 7.16299356892705,45.264376709237695,2411.1199999999999 7.162950821220875,45.264423647895455,2412.0900000000001 7.162883765995503,45.26446832343936,2413.0500000000002 7.162819309160113,45.264500761404634,2413.5300000000002 7.162770191207528,45.264488272368908,2413.5300000000002 7.162718810141087,45.264473017305136,2413.5300000000002 7.162664998322725,45.264449045062065,2412.5700000000002 7.16268670745194,45.264449045062065,2411.5999999999999 7.162685114890337,45.264459103345871,2412.0900000000001 7.162656029686332,45.264492882415652,2412.0900000000001 7.162669021636248,45.264533283188939,2413.0500000000002 7.162682851776481,45.264540910720825,2413.0500000000002 7.162687880918384,45.264535127207637,2412.0900000000001 7.16267790645361,45.264545269310474,2413.5300000000002 7.162689724937081,45.264525404199958,2414.0100000000002 7.162714116275311,45.264533534646034,2414.0100000000002 7.162695089355111,45.264506377279758,2414.0100000000002 7.162690982222557,45.264490032568574,2414.0100000000002 7.16257531195879,45.264478381723166,2414.0100000000002 7.162449918687344,45.264518614858389,2416.4099999999999 7.162436423823237,45.264522386714816,2416.4099999999999 7.162308935075998,45.26458952575922,2418.8099999999999 7.162189492955804,45.264646522700787,2420.7399999999998 7.162123778834939,45.26468331925571,2421.6999999999998 7.162122521549463,45.264687929302454,2421.6999999999998 7.162023028358817,45.264717601239681,2422.1799999999998 7.161917164921761,45.264765378087759,2423.6199999999999 7.16184189543128,45.264808377251029,2423.6199999999999 7.161720525473356,45.264879036694765,2425.54 7.161574764177203,45.264960341155529,2426.5 7.161534111946821,45.2649843133986,2426.9899999999998 7.161364797502756,45.265040136873722,2427.4699999999998 7.161193387582898,45.2650913503021,2427.9499999999998 7.161092888563871,45.265114232897758,2427.9499999999998 7.160932878032327,45.265169385820627,2427.9499999999998 7.160862972959876,45.265219509601593,2428.4299999999998 7.1609066426754,45.265250103548169,2428.9099999999999 7.160898176953197,45.265250187367201,2428.9099999999999 7.160795079544187,45.265264185145497,2428.9099999999999 7.160626854747534,45.265324786305428,2427.9499999999998 7.160510262474418,45.265365689992905,2427.9499999999998 7.160456031560898,45.265340460464358,2427.9499999999998 7.160408841446042,45.265398127958179,2427.9499999999998 7.160366009920836,45.265453532338142,2427.9499999999998 7.160328291356564,45.265495609492064,2427.4699999999998 7.16028168797493,45.265519497916102,2426.9899999999998 7.160231983289123,45.2655472420156,2426.9899999999998 7.160078259184957,45.265628965571523,2426.5 7.159977341070771,45.265670120716095,2426.5 7.159955045208335,45.265675988048315,2426.5 7.159888911992312,45.265713538974524,2426.5 7.159823533147574,45.265754275023937,2426.5 7.159756226465106,45.265825102105737,2426.5 7.159680621698499,45.26587950065732,2426.5 7.159644914790988,45.26591319590807,2428.4299999999998 7.159573333337903,45.26595326140523,2428.4299999999998 7.159530334174633,45.265981256961823,2428.4299999999998 7.159458417445421,45.2660290338099,2428.9099999999999 7.159387338906527,45.266078654676676,2429.3899999999999 7.159355571493506,45.266111176460981,2429.3899999999999 7.159298826009035,45.266162222251296,2430.3499999999999 7.159254485741258,45.266205221414566,2430.3499999999999 7.159191537648439,45.266247130930424,2430.8299999999999 7.159183407202363,45.266266660764813,2431.79 7.159190615639091,45.266284681856632,2430.8299999999999 7.159166056662798,45.266291387379169,2430.8299999999999 7.159084668383002,45.266329776495695,2431.79 7.159074442461133,45.266331788152456,2431.79 7.158995820209384,45.26636422611773,2431.79 7.15894334949553,45.266426838934422,2431.79 7.158944271504879,45.266432287171483,2432.27 7.15889984741807,45.26644435711205,2430.8299999999999 7.15884025208652,45.266449637711048,2430.8299999999999 7.158800438046455,45.266470843926072,2430.8299999999999 7.158807059749961,45.266457600519061,2430.8299999999999 7.158802868798375,45.266449637711048,2430.8299999999999 7.158774621784687,45.266477549448609,2430.8299999999999 7.158735059201717,45.266517195850611,2430.3499999999999 7.158683761954308,45.26651032269001,2430.3499999999999 7.158640259876847,45.266488362103701,2430.8299999999999 7.15863254852593,45.266471849754453,2431.79 7.158608576282859,45.26645265519619,2432.27 7.158583514392376,45.266430610790849,2432.75 7.158588375896215,45.266428431496024,2434.1999999999998 7.158561386168003,45.266415188089013,2434.1999999999998 7.158502964302898,45.266434382647276,2434.6799999999998 7.158465078100562,45.26644142344594,2437.0799999999999 7.158414702862501,45.266445949673653,2438.52 7.158396430313587,45.266442177817225,2439.48 7.158347899094224,45.266423989087343,2440.9200000000001 7.15829148888588,45.26641258969903,2443.3299999999999 7.15826609171927,45.266417702659965,2443.8099999999999 7.158225188031793,45.266395322978497,2445.73 7.158214207738638,45.266379229724407,2446.21 7.158192666247487,45.266379229724407,2446.6900000000001 7.15818596072495,45.266369841992855,2447.1700000000001 7.158163832500577,45.26634762994945,2447.6500000000001 7.158141201362014,45.266328351572156,2450.0599999999999 7.158127455040813,45.26630119420588,2451.98 7.15810876339674,45.266253082081676,2453.9000000000001 7.158095939084888,45.266251740977168,2454.3800000000001 7.158063584938645,45.266248472034931,2456.3099999999999 7.158017233014107,45.266236485913396,2457.75 7.15796610340476,45.266203377395868,2460.1500000000001 7.157963924109936,45.266195833683014,2460.6300000000001 7.157949088141322,45.266184266656637,2461.1100000000001 7.157922852784395,45.26618979871273,2462.0700000000002 7.157935006543994,45.266169095411897,2463.04 7.15792017057538,45.266134981065989,2464.96 7.15788253583014,45.266123078763485,2465.9200000000001 7.157881781458855,45.266121486201882,2466.8800000000001 7.157872226089239,45.266103381291032,2469.2800000000002 7.157796453684568,45.266117379069328,2469.7600000000002 7.157746832817793,45.266103381291032,2471.21 7.157757645472884,45.266089886426926,2473.1300000000001 7.157726967707276,45.266090305522084,2474.0900000000001 7.15772420167923,45.266078151762486,2476.0100000000002 7.157682711258531,45.266076643019915,2476.4899999999998 7.157636191695929,45.266077648848295,2478.9000000000001 7.157598976045847,45.266072787344456,2479.8600000000001 7.157556479796767,45.266071613878012,2480.8200000000002 7.157520186156035,45.266096089035273,2481.3000000000002 7.157452208921313,45.266096005216241,2481.3000000000002 7.157486155629158,45.266100279986858,2481.7800000000002 7.157525550574064,45.266088880598545,2482.2600000000002 7.15759034268558,45.26609793305397,2483.2199999999998 7.157603250816464,45.26601972989738,2484.6599999999999 7.157621355727315,45.265973629429936,2486.1100000000001 7.157615823671222,45.265924343839288,2488.0300000000002 7.157641975209117,45.265866843983531,2489.4699999999998 7.157655721530318,45.265855947509408,2490.4299999999998 7.157676843926311,45.2657959330827,2491.8699999999999 7.157607944682241,45.265784449875355,2493.3200000000002 7.157547846436501,45.265790820121765,2494.2800000000002 7.157501326873899,45.265820492058992,2496.6799999999998 7.157484479248524,45.265778917819262,2498.1199999999999 7.15747157111764,45.265738014131784,2499.5700000000002 7.157490346580744,45.265680095180869,2501.0100000000002 7.15745790861547,45.265674060210586,2501.9699999999998 7.15740904211998,45.265661152079701,2502.9299999999998 7.157367551699281,45.265672383829951,2504.3699999999999 7.15731231495738,45.265683531761169,2505.8099999999999 7.157250205054879,45.265709180384874,2507.2600000000002 7.157187508419156,45.265726782381535,2509.1799999999998 7.157136714085937,45.265736505389214,2512.0599999999999 7.157073011621833,45.265771960839629,2513.5 7.157000927254558,45.265780845656991,2515.4299999999998 7.156942756846547,45.265795346349478,2516.3899999999999 7.156886346638203,45.265767434611917,2516.8699999999999 7.156893806532025,45.265754861757159,2516.8699999999999 7.156897243112326,45.265707336366177,2517.8299999999999 7.156894309446216,45.265653943642974,2519.27 7.156902020797133,45.265565011650324,2520.23 7.15691652148962,45.265515055507421,2522.1599999999999 7.156914593651891,45.265448838472366,2523.1199999999999 7.156915348023176,45.265392512083054,2525.52 7.156902523711324,45.265371138229966,2526 7.15691258199513,45.265311794355512,2526.96 7.156934458762407,45.265259994193912,2527.4400000000001 7.156963292509317,45.265207104384899,2529.8499999999999 7.156973853707314,45.265169637277722,2531.77 7.156975362449884,45.265144910663366,2531.29 7.156926831230521,45.265135271474719,2532.73 7.156894225627184,45.265128230676055,2534.1700000000001 7.156893303617835,45.265166787430644,2534.6500000000001 7.156855836510658,45.265162093564868,2534.6500000000001 7.156822895631194,45.265165949240327,2535.6100000000001 7.156806215643883,45.265163434669375,2537.0599999999999 7.156768497079611,45.26514851488173,2538.5 7.156712086871266,45.265140971168876,2539.9400000000001 7.156663471832871,45.265121525153518,2540.9000000000001 7.156657269224525,45.265092104673386,2543.3099999999999 7.156641259789467,45.26506151072681,2545.23 7.15662382543087,45.265021529048681,2547.1500000000001 7.156634218990803,45.264997975900769,2548.1100000000001 7.156645031645894,45.264985570684075,2549.5500000000002 7.156631872057915,45.264936201274395,2550.5100000000002 7.156597590073943,45.264946259558201,2551.48 7.156559368595481,45.264973668381572,2552.9200000000001 7.156477142125368,45.264942571520805,2553.4000000000001 7.156453337520361,45.264982553198934,2554.3600000000001 7.156421821564436,45.265062851831317,2555.8000000000002 7.156419809907675,45.265076765790582,2556.7600000000002 7.156384186819196,45.265123955905437,2557.2399999999998 7.156365914270282,45.265173241496086,2559.1700000000001 7.156329285353422,45.265201907604933,2561.0900000000001 7.156310426071286,45.2652398776263,2562.5300000000002 7.156294668093324,45.265258150175214,2563.4899999999998 7.156303636729717,45.265316823497415,2563.9699999999998 7.156294919550419,45.2653918415308,2563.9699999999998 7.156224092468619,45.265430565923452,2564.9299999999998 7.156201126053929,45.265474319458008,2565.4200000000001 7.156120240688324,45.265473229810596,2565.9000000000001 7.156084952875972,45.265517486259341,2567.3400000000001 7.15603793039918,45.265575405210257,2568.7800000000002 7.15599786490202,45.265597868710756,2570.2199999999998 7.155922846868634,45.265613542869687,2572.1399999999999 7.155896611511707,45.265653440728784,2572.6300000000001 7.155876662582159,45.265704318881035,2574.0700000000002 7.15582737699151,45.265751928091049,2574.5500000000002 7.155788149684668,45.265796184539795,2576.9499999999998 7.155742635950446,45.265807751566172,2577.9099999999999 7.155671138316393,45.265804314985871,2578.8699999999999 7.155640795826912,45.265890480950475,2579.3499999999999 7.155605843290687,45.26593473739922,2579.8400000000001 7.155562592670322,45.265950243920088,2581.2800000000002 7.155504506081343,45.265975138172507,2583.1999999999998 7.155481455847621,45.266004726290703,2584.1599999999999 7.155443653464317,45.266030542552471,2585.1199999999999 7.155432170256972,45.266070524230599,2585.5999999999999 7.155387327075005,45.266184350475669,2586.0799999999999 7.155353296548128,45.266215363517404,2586.5599999999999 7.155283726751804,45.266257859766483,2586.5599999999999 7.155205942690373,45.266324244439602,2587.5300000000002 7.155188592150807,45.266384426504374,2587.5300000000002 7.155155567452312,45.266419295221567,2588.4899999999998 7.155095301568508,45.266436645761132,2588.9699999999998 7.155030928552151,45.266479896381497,2590.4099999999999 7.154980134218931,45.266532534733415,2591.8499999999999 7.154976278543472,45.26660168543458,2593.77 7.154915677383542,45.26664468459785,2595.6999999999998 7.154894219711423,45.266678631305695,2596.1799999999998 7.154852729290724,45.266727078706026,2597.1399999999999 7.154786176979542,45.266785500571132,2598.5799999999999 7.154729766771197,45.266846939921379,2600.02 7.15467126108706,45.266863703727722,2601.46 7.154582161456347,45.26689974591136,2603.3899999999999 7.154533797875047,45.266936291009188,2604.3499999999999 7.154494235292077,45.266941487789154,2606.27 7.154440423473716,45.266974261030555,2607.71 7.154418714344502,45.267033604905009,2609.1599999999999 7.154401447623968,45.267069395631552,2609.6399999999999 7.154389126226306,45.267083141952753,2610.5999999999999 7.154393568634987,45.267079118639231,2610.5999999999999 7.154391556978226,45.267080375924706,2611.0799999999999 7.154350904747844,45.26708984747529,2611.0799999999999 7.154282256960869,45.267059924080968,2612.04 7.154224924743176,45.267082555219531,2614.4400000000001 7.154189217835665,45.267060259357095,2615.8800000000001 7.154179830104113,45.267040394246578,2616.3699999999999 7.154127694666386,45.26700871065259,2618.29 7.154091317206621,45.26702580973506,2620.21 7.154053514823318,45.267002508044243,2621.6500000000001 7.154035493731499,45.266960095614195,2623.5799999999999 7.15400917455554,45.266924640163779,2625.02 7.153938012197614,45.266930172219872,2626.46 7.153900042176247,45.266945511102676,2627.9000000000001 7.153849499300122,45.266962861642241,2629.8200000000002 7.153825527057052,45.266978284344077,2631.27 7.153779678046703,45.266999406740069,2632.23 7.153770374134183,45.266976607963443,2634.1500000000001 7.15371890924871,45.266981134191155,2635.1100000000001 7.153689991682768,45.266987672075629,2636.5500000000002 7.153646908700466,45.266992449760437,2638.48 7.153601562604308,45.266967555508018,2640.8800000000001 7.153555629774928,45.266951126977801,2642.3200000000002 7.15347264893353,45.266957245767117,2643.7600000000002 7.153441803529859,45.266963699832559,2644.7199999999998 7.153409952297807,45.266983984038234,2645.21 7.153350859880447,45.267004352062941,2646.6500000000001 7.153265364468098,45.267016422003508,2647.6100000000001 7.153238542377949,45.2670375443995,2649.5300000000002 7.153204176574945,45.267069982364774,2650.4899999999998 7.15314676053822,45.267120944336057,2651.9299999999998 7.153115663677454,45.26714994572103,2652.9000000000001 7.153071742504835,45.267202332615852,2654.3400000000001 7.152996892109513,45.267232842743397,2656.2600000000002 7.152918605133891,45.267255557700992,2658.6599999999999 7.152871917933226,45.26728137396276,2660.1100000000001 7.152844341471791,45.267325965687633,2661.5500000000002 7.152769658714533,45.267362091690302,2662.9899999999998 7.152676032856107,45.267372066155076,2664.4299999999998 7.15262389741838,45.267392350360751,2665.3899999999999 7.152566900476813,45.267430571839213,2665.8699999999999 7.152514010667801,45.267481366172433,2665.8699999999999 7.15244603343308,45.26750466786325,2666.3499999999999 7.152383755892515,45.267548253759742,2665.3899999999999 7.152318628504872,45.267609944567084,2665.3899999999999 7.152286693453789,45.267683872953057,2666.8299999999999 7.152213854715228,45.26771379634738,2666.8299999999999 7.152115870267153,45.26775193400681,2666.8299999999999 7.152044540271163,45.267815552651882,2667.3099999999999 7.151987291872501,45.267897360026836,2667.3099999999999 7.151928618550301,45.267937090247869,2667.3099999999999 7.1518440451473,45.267996853217483,2667.8000000000002 7.151775481179357,45.268075978383422,2667.8000000000002 7.151685710996389,45.268133310601115,2667.8000000000002 7.151603735983372,45.268203215673566,2667.8000000000002 7.151547158136964,45.26828452013433,2667.8000000000002 7.151498291641474,45.26831679046154,2668.2800000000002 7.151420759037137,45.268355766311288,2669.2399999999998 7.151361247524619,45.26835392229259,2669.7199999999998 7.151280697435141,45.268385605886579,2670.6799999999998 7.151201907545328,45.268389880657196,2671.1599999999999 7.151141138747335,45.268408907577395,2671.6399999999999 7.151086321100593,45.268406895920634,2673.5599999999999 7.151047429069877,45.268440591171384,2674.52 7.151000574231148,45.268460623919964,2675.0100000000002 7.150934357196093,45.268488116562366,2676.4499999999998 7.150895381346345,45.268483841791749,2676.9299999999998 7.150860680267215,45.268470263108611,2677.4099999999999 7.150826398283243,45.268449224531651,2678.8499999999999 7.150755822658539,45.268438328057528,2681.73 7.150730425491929,45.268420977517962,2683.6599999999999 7.15071483515203,45.268408823758364,2684.6199999999999 7.150651635602117,45.268390215933323,2686.0599999999999 7.150609139353037,45.26836859062314,2686.54 7.150551974773407,45.268341852352023,2687.5 7.150479974225164,45.26831142604351,2688.9400000000001 7.150468910112977,45.268277060240507,2689.9099999999999 7.150411577895284,45.268223583698273,2691.3499999999999 7.150365980342031,45.268188631162047,2692.3099999999999 7.150433203205466,45.268186870962381,2692.3099999999999 7.150573767721653,45.268157618120313,2692.3099999999999 7.15064249932766,45.268114870414138,2693.27 7.150668567046523,45.268066087737679,2695.1900000000001 7.150663789361715,45.268023926764727,2695.1900000000001 7.15056924149394,45.268003307282925,2695.6700000000001 7.150450469926,45.26798696257174,2698.0799999999999 7.150329099968076,45.267961230129004,2698.5599999999999 7.150264978408814,45.267913201823831,2700 7.150167245417833,45.267888810485601,2700 7.150093652307987,45.26786383241415,2698.5599999999999 7.150015952065587,45.267847152426839,2697.5999999999999 7.149937162175775,45.267825191840529,2698.0799999999999 7.149841524660587,45.267812367528677,2698.0799999999999 7.14983238838613,45.26780859567225,2699.52 7.14981378056109,45.267816139385104,2699.52 7.149801878258586,45.267815217375755,2700.48 7.149749659001827,45.267816474661231,2700.96 7.149624852463603,45.267774146050215,2701.9200000000001 7.149478336796165,45.267741456627846,2701.9200000000001 7.149474564939737,45.267738774418831,2701.9200000000001 7.149429135024548,45.26772016659379,2701.9200000000001 7.14942242950201,45.267714466899633,2701.9200000000001 7.14933785609901,45.267668031156063,2702.4000000000001 7.149241799488664,45.26766199618578,2702.8800000000001 7.149208523333073,45.267662834376097,2702.8800000000001 7.149210283532739,45.267665851861238,2700.96 7.149213133379817,45.267681693658233,2702.8800000000001 7.149219755083323,45.267671719193459,2701.9200000000001 </coordinates></LineString></MultiGeometry></Placemark></Folder></Folder></Document></kml>