<?xml version="1.0" encoding="utf-8"?><kml xmlns="http://www.opengis.net/kml/2.2" xmlns:xsi="http://www.w3.org/2001/XMLSchema-instance" xmlns:kmlx="http://www.google.com/kml/ext/2.2" xmlns:atom="http://www.w3.org/2005/Atom" xmlns:gpxx="http://www.garmin.com/xmlschemas/GpxExtensions/v3"><Document><Style id="point"><IconStyle><scale>0.9</scale><Icon><href>http://maps.google.com/mapfiles/kml/shapes/placemark_circle.png</href></Icon></IconStyle></Style><Folder><name>Tracce</name><Folder><name>Longiarù - Rif. Genova</name><Folder><name>Punti</name><Style><ListStyle><listItemType>checkHideChildren</listItemType></ListStyle></Style><Placemark><TimeSpan><begin>2026-08-04T06:14:57Z</begin><end>2026-08-04T06:14:57Z</end></TimeSpan><Style><IconStyle><scale>0.9</scale><Icon><href>http://connect.garmin.com/image/main/icons/kml/grn-play.png</href></Icon></IconStyle></Style><Point><altitudeMode>clampToGround</altitudeMode><coordinates>11.845610244199634,46.630991287529469,1516.1400000000001</coordinates></Point></Placemark><Placemark><TimeSpan><begin>2026-08-04T06:14:57Z</begin><end>2026-08-04T06:15:03Z</end></TimeSpan><styleUrl>#point</styleUrl><Point><altitudeMode>clampToGround</altitudeMode><coordinates>11.84565500356257,46.630905875936151,1516.1400000000001</coordinates></Point></Placemark><Placemark><TimeSpan><begin>2026-08-04T06:15:03Z</begin><end>2026-08-04T06:15:05Z</end></TimeSpan><styleUrl>#point</styleUrl><Point><altitudeMode>clampToGround</altitudeMode><coordinates>11.845631701871753,46.630884502083063,1520.46</coordinates></Point></Placemark><Placemark><TimeSpan><begin>2026-08-04T06:15:05Z</begin><end>2026-08-04T06:15:06Z</end></TimeSpan><styleUrl>#point</styleUrl><Point><altitudeMode>clampToGround</altitudeMode><coordinates>11.845624828711152,46.630884669721127,1519.98</coordinates></Point></Placemark><Placemark><TimeSpan><begin>2026-08-04T06:15:06Z</begin><end>2026-08-04T06:15:09Z</end></TimeSpan><styleUrl>#point</styleUrl><Point><altitudeMode>clampToGround</altitudeMode><coordinates>11.845593145117164,46.630850974470377,1524.3099999999999</coordinates></Point></Placemark><Placemark><TimeSpan><begin>2026-08-04T06:15:09Z</begin><end>2026-08-04T06:15:11Z</end></TimeSpan><styleUrl>#point</styleUrl><Point><altitudeMode>clampToGround</altitudeMode><coordinates>11.845560036599636,46.630832701921463,1528.1500000000001</coordinates></Point></Placemark><Placemark><TimeSpan><begin>2026-08-04T06:15:11Z</begin><end>2026-08-04T06:15:13Z</end></TimeSpan><styleUrl>#point</styleUrl><Point><altitudeMode>clampToGround</altitudeMode><coordinates>11.845517037436366,46.630808226764202,1531.04</coordinates></Point></Placemark><Placemark><TimeSpan><begin>2026-08-04T06:15:13Z</begin><end>2026-08-04T06:15:16Z</end></TimeSpan><styleUrl>#point</styleUrl><Point><altitudeMode>clampToGround</altitudeMode><coordinates>11.845452664420009,46.630773525685072,1535.3599999999999</coordinates></Point></Placemark><Placemark><TimeSpan><begin>2026-08-04T06:15:16Z</begin><end>2026-08-04T06:15:19Z</end></TimeSpan><styleUrl>#point</styleUrl><Point><altitudeMode>clampToGround</altitudeMode><coordinates>11.845410503447056,46.630753828212619,1539.21</coordinates></Point></Placemark><Placemark><TimeSpan><begin>2026-08-04T06:15:19Z</begin><end>2026-08-04T06:15:21Z</end></TimeSpan><styleUrl>#point</styleUrl><Point><altitudeMode>clampToGround</altitudeMode><coordinates>11.845387285575271,46.630754750221968,1542.5699999999999</coordinates></Point></Placemark><Placemark><TimeSpan><begin>2026-08-04T06:15:21Z</begin><end>2026-08-04T06:15:25Z</end></TimeSpan><styleUrl>#point</styleUrl><Point><altitudeMode>clampToGround</altitudeMode><coordinates>11.845341855660081,46.63076707161963,1546.4200000000001</coordinates></Point></Placemark><Placemark><TimeSpan><begin>2026-08-04T06:15:25Z</begin><end>2026-08-04T06:15:27Z</end></TimeSpan><styleUrl>#point</styleUrl><Point><altitudeMode>clampToGround</altitudeMode><coordinates>11.845313021913171,46.630749050527811,1548.8199999999999</coordinates></Point></Placemark><Placemark><TimeSpan><begin>2026-08-04T06:15:27Z</begin><end>2026-08-04T06:15:28Z</end></TimeSpan><styleUrl>#point</styleUrl><Point><altitudeMode>clampToGround</altitudeMode><coordinates>11.845292737707496,46.630739076063037,1549.3</coordinates></Point></Placemark><Placemark><TimeSpan><begin>2026-08-04T06:15:28Z</begin><end>2026-08-04T06:15:36Z</end></TimeSpan><styleUrl>#point</styleUrl><Point><altitudeMode>clampToGround</altitudeMode><coordinates>11.845179162919521,46.630703117698431,1553.1500000000001</coordinates></Point></Placemark><Placemark><TimeSpan><begin>2026-08-04T06:15:36Z</begin><end>2026-08-04T06:15:39Z</end></TimeSpan><styleUrl>#point</styleUrl><Point><altitudeMode>clampToGround</altitudeMode><coordinates>11.845139097422361,46.630705380812287,1554.5899999999999</coordinates></Point></Placemark><Placemark><TimeSpan><begin>2026-08-04T06:15:39Z</begin><end>2026-08-04T06:15:42Z</end></TimeSpan><styleUrl>#point</styleUrl><Point><altitudeMode>clampToGround</altitudeMode><coordinates>11.845094840973616,46.630690125748515,1556.03</coordinates></Point></Placemark><Placemark><TimeSpan><begin>2026-08-04T06:15:42Z</begin><end>2026-08-04T06:15:48Z</end></TimeSpan><styleUrl>#point</styleUrl><Point><altitudeMode>clampToGround</altitudeMode><coordinates>11.844992833212018,46.63066640496254,1559.8800000000001</coordinates></Point></Placemark><Placemark><TimeSpan><begin>2026-08-04T06:15:48Z</begin><end>2026-08-04T06:15:54Z</end></TimeSpan><styleUrl>#point</styleUrl><Point><altitudeMode>clampToGround</altitudeMode><coordinates>11.844897028058767,46.630667913705111,1562.76</coordinates></Point></Placemark><Placemark><TimeSpan><begin>2026-08-04T06:15:54Z</begin><end>2026-08-04T06:16:04Z</end></TimeSpan><styleUrl>#point</styleUrl><Point><altitudeMode>clampToGround</altitudeMode><coordinates>11.84470072388649,46.63057311438024,1566.6099999999999</coordinates></Point></Placemark><Placemark><TimeSpan><begin>2026-08-04T06:16:04Z</begin><end>2026-08-04T06:16:08Z</end></TimeSpan><styleUrl>#point</styleUrl><Point><altitudeMode>clampToGround</altitudeMode><coordinates>11.844629645347595,46.630551991984248,1568.05</coordinates></Point></Placemark><Placemark><TimeSpan><begin>2026-08-04T06:16:08Z</begin><end>2026-08-04T06:16:15Z</end></TimeSpan><styleUrl>#point</styleUrl><Point><altitudeMode>clampToGround</altitudeMode><coordinates>11.844530487433076,46.630597924813628,1569.49</coordinates></Point></Placemark><Placemark><TimeSpan><begin>2026-08-04T06:16:15Z</begin><end>2026-08-04T06:16:29Z</end></TimeSpan><styleUrl>#point</styleUrl><Point><altitudeMode>clampToGround</altitudeMode><coordinates>11.844340385869145,46.630619969218969,1570.45</coordinates></Point></Placemark><Placemark><TimeSpan><begin>2026-08-04T06:16:29Z</begin><end>2026-08-04T06:16:39Z</end></TimeSpan><styleUrl>#point</styleUrl><Point><altitudeMode>clampToGround</altitudeMode><coordinates>11.844180040061474,46.630594320595264,1571.8900000000001</coordinates></Point></Placemark><Placemark><TimeSpan><begin>2026-08-04T06:16:39Z</begin><end>2026-08-04T06:16:53Z</end></TimeSpan><styleUrl>#point</styleUrl><Point><altitudeMode>clampToGround</altitudeMode><coordinates>11.843929002061486,46.630463059991598,1572.8499999999999</coordinates></Point></Placemark><Placemark><TimeSpan><begin>2026-08-04T06:16:53Z</begin><end>2026-08-04T06:17:07Z</end></TimeSpan><styleUrl>#point</styleUrl><Point><altitudeMode>clampToGround</altitudeMode><coordinates>11.84370981529355,46.630392065271735,1573.8199999999999</coordinates></Point></Placemark><Placemark><TimeSpan><begin>2026-08-04T06:17:07Z</begin><end>2026-08-04T06:17:16Z</end></TimeSpan><styleUrl>#point</styleUrl><Point><altitudeMode>clampToGround</altitudeMode><coordinates>11.843686262145638,46.630345713347197,1574.3</coordinates></Point></Placemark><Placemark><TimeSpan><begin>2026-08-04T06:17:16Z</begin><end>2026-08-04T06:17:25Z</end></TimeSpan><styleUrl>#point</styleUrl><Point><altitudeMode>clampToGround</altitudeMode><coordinates>11.843696823343635,46.630349652841687,1574.3</coordinates></Point></Placemark><Placemark><TimeSpan><begin>2026-08-04T06:17:25Z</begin><end>2026-08-04T06:17:38Z</end></TimeSpan><styleUrl>#point</styleUrl><Point><altitudeMode>clampToGround</altitudeMode><coordinates>11.843491634353995,46.630319058895111,1574.78</coordinates></Point></Placemark><Placemark><TimeSpan><begin>2026-08-04T06:17:38Z</begin><end>2026-08-04T06:17:52Z</end></TimeSpan><styleUrl>#point</styleUrl><Point><altitudeMode>clampToGround</altitudeMode><coordinates>11.843275548890233,46.630265163257718,1575.74</coordinates></Point></Placemark><Placemark><TimeSpan><begin>2026-08-04T06:17:52Z</begin><end>2026-08-04T06:18:05Z</end></TimeSpan><styleUrl>#point</styleUrl><Point><altitudeMode>clampToGround</altitudeMode><coordinates>11.843024678528309,46.630232390016317,1576.22</coordinates></Point></Placemark><Placemark><TimeSpan><begin>2026-08-04T06:18:05Z</begin><end>2026-08-04T06:18:19Z</end></TimeSpan><styleUrl>#point</styleUrl><Point><altitudeMode>clampToGround</altitudeMode><coordinates>11.842788141220808,46.630205987021327,1576.22</coordinates></Point></Placemark><Placemark><TimeSpan><begin>2026-08-04T06:18:19Z</begin><end>2026-08-04T06:18:31Z</end></TimeSpan><styleUrl>#point</styleUrl><Point><altitudeMode>clampToGround</altitudeMode><coordinates>11.842581024393439,46.630160389468074,1576.7</coordinates></Point></Placemark><Placemark><TimeSpan><begin>2026-08-04T06:18:31Z</begin><end>2026-08-04T06:18:42Z</end></TimeSpan><styleUrl>#point</styleUrl><Point><altitudeMode>clampToGround</altitudeMode><coordinates>11.842393018305302,46.630111858248711,1577.1800000000001</coordinates></Point></Placemark><Placemark><TimeSpan><begin>2026-08-04T06:18:42Z</begin><end>2026-08-04T06:18:53Z</end></TimeSpan><styleUrl>#point</styleUrl><Point><altitudeMode>clampToGround</altitudeMode><coordinates>11.842187074944377,46.630021082237363,1578.1400000000001</coordinates></Point></Placemark><Placemark><TimeSpan><begin>2026-08-04T06:18:53Z</begin><end>2026-08-04T06:19:04Z</end></TimeSpan><styleUrl>#point</styleUrl><Point><altitudeMode>clampToGround</altitudeMode><coordinates>11.842045923694968,46.629974730312824,1579.0999999999999</coordinates></Point></Placemark><Placemark><TimeSpan><begin>2026-08-04T06:19:04Z</begin><end>2026-08-04T06:19:15Z</end></TimeSpan><styleUrl>#point</styleUrl><Point><altitudeMode>clampToGround</altitudeMode><coordinates>11.841875687241554,46.629925612360239,1579.5799999999999</coordinates></Point></Placemark><Placemark><TimeSpan><begin>2026-08-04T06:19:15Z</begin><end>2026-08-04T06:19:26Z</end></TimeSpan><styleUrl>#point</styleUrl><Point><altitudeMode>clampToGround</altitudeMode><coordinates>11.841647950932384,46.6298533603549,1581.03</coordinates></Point></Placemark><Placemark><TimeSpan><begin>2026-08-04T06:19:26Z</begin><end>2026-08-04T06:19:38Z</end></TimeSpan><styleUrl>#point</styleUrl><Point><altitudeMode>clampToGround</altitudeMode><coordinates>11.841417280957103,46.629801644012332,1581.99</coordinates></Point></Placemark><Placemark><TimeSpan><begin>2026-08-04T06:19:38Z</begin><end>2026-08-04T06:19:50Z</end></TimeSpan><styleUrl>#point</styleUrl><Point><altitudeMode>clampToGround</altitudeMode><coordinates>11.841243105009198,46.629736265167594,1583.4300000000001</coordinates></Point></Placemark><Placemark><TimeSpan><begin>2026-08-04T06:19:50Z</begin><end>2026-08-04T06:20:02Z</end></TimeSpan><styleUrl>#point</styleUrl><Point><altitudeMode>clampToGround</altitudeMode><coordinates>11.841065743938088,46.629652865231037,1584.8699999999999</coordinates></Point></Placemark><Placemark><TimeSpan><begin>2026-08-04T06:20:02Z</begin><end>2026-08-04T06:20:16Z</end></TimeSpan><styleUrl>#point</styleUrl><Point><altitudeMode>clampToGround</altitudeMode><coordinates>11.84091042727232,46.629563849419355,1586.79</coordinates></Point></Placemark><Placemark><TimeSpan><begin>2026-08-04T06:20:16Z</begin><end>2026-08-04T06:20:30Z</end></TimeSpan><styleUrl>#point</styleUrl><Point><altitudeMode>clampToGround</altitudeMode><coordinates>11.840749410912395,46.629445748403668,1589.2</coordinates></Point></Placemark><Placemark><TimeSpan><begin>2026-08-04T06:20:30Z</begin><end>2026-08-04T06:20:43Z</end></TimeSpan><styleUrl>#point</styleUrl><Point><altitudeMode>clampToGround</altitudeMode><coordinates>11.840621251612902,46.629327395930886,1590.1600000000001</coordinates></Point></Placemark><Placemark><TimeSpan><begin>2026-08-04T06:20:43Z</begin><end>2026-08-04T06:20:55Z</end></TimeSpan><styleUrl>#point</styleUrl><Point><altitudeMode>clampToGround</altitudeMode><coordinates>11.840509437024593,46.629229746758938,1592.0799999999999</coordinates></Point></Placemark><Placemark><TimeSpan><begin>2026-08-04T06:20:55Z</begin><end>2026-08-04T06:21:08Z</end></TimeSpan><styleUrl>#point</styleUrl><Point><altitudeMode>clampToGround</altitudeMode><coordinates>11.840381361544132,46.629117010161281,1594</coordinates></Point></Placemark><Placemark><TimeSpan><begin>2026-08-04T06:21:08Z</begin><end>2026-08-04T06:21:19Z</end></TimeSpan><styleUrl>#point</styleUrl><Point><altitudeMode>clampToGround</altitudeMode><coordinates>11.840276420116425,46.629019528627396,1595.45</coordinates></Point></Placemark><Placemark><TimeSpan><begin>2026-08-04T06:21:19Z</begin><end>2026-08-04T06:21:34Z</end></TimeSpan><styleUrl>#point</styleUrl><Point><altitudeMode>clampToGround</altitudeMode><coordinates>11.840183213353157,46.628901930525899,1596.8900000000001</coordinates></Point></Placemark><Placemark><TimeSpan><begin>2026-08-04T06:21:34Z</begin><end>2026-08-04T06:21:46Z</end></TimeSpan><styleUrl>#point</styleUrl><Point><altitudeMode>clampToGround</altitudeMode><coordinates>11.840106602758169,46.62879690527916,1598.3299999999999</coordinates></Point></Placemark><Placemark><TimeSpan><begin>2026-08-04T06:21:46Z</begin><end>2026-08-04T06:21:59Z</end></TimeSpan><styleUrl>#point</styleUrl><Point><altitudeMode>clampToGround</altitudeMode><coordinates>11.839971737936139,46.628687856718898,1600.25</coordinates></Point></Placemark><Placemark><TimeSpan><begin>2026-08-04T06:21:59Z</begin><end>2026-08-04T06:22:14Z</end></TimeSpan><styleUrl>#point</styleUrl><Point><altitudeMode>clampToGround</altitudeMode><coordinates>11.839835532009602,46.628555255010724,1601.6900000000001</coordinates></Point></Placemark><Placemark><TimeSpan><begin>2026-08-04T06:22:14Z</begin><end>2026-08-04T06:22:27Z</end></TimeSpan><styleUrl>#point</styleUrl><Point><altitudeMode>clampToGround</altitudeMode><coordinates>11.839714078232646,46.628434890881181,1604.0999999999999</coordinates></Point></Placemark><Placemark><TimeSpan><begin>2026-08-04T06:22:27Z</begin><end>2026-08-04T06:22:38Z</end></TimeSpan><styleUrl>#point</styleUrl><Point><altitudeMode>clampToGround</altitudeMode><coordinates>11.839590864256024,46.628330368548632,1605.0599999999999</coordinates></Point></Placemark><Placemark><TimeSpan><begin>2026-08-04T06:22:38Z</begin><end>2026-08-04T06:22:50Z</end></TimeSpan><styleUrl>#point</styleUrl><Point><altitudeMode>clampToGround</altitudeMode><coordinates>11.839486174285412,46.628217380493879,1606.5</coordinates></Point></Placemark><Placemark><TimeSpan><begin>2026-08-04T06:22:50Z</begin><end>2026-08-04T06:23:02Z</end></TimeSpan><styleUrl>#point</styleUrl><Point><altitudeMode>clampToGround</altitudeMode><coordinates>11.839383998885751,46.628109337761998,1608.4200000000001</coordinates></Point></Placemark><Placemark><TimeSpan><begin>2026-08-04T06:23:02Z</begin><end>2026-08-04T06:23:14Z</end></TimeSpan><styleUrl>#point</styleUrl><Point><altitudeMode>clampToGround</altitudeMode><coordinates>11.839268915355206,46.628014706075191,1609.8599999999999</coordinates></Point></Placemark><Placemark><TimeSpan><begin>2026-08-04T06:23:14Z</begin><end>2026-08-04T06:23:27Z</end></TimeSpan><styleUrl>#point</styleUrl><Point><altitudeMode>clampToGround</altitudeMode><coordinates>11.839145701378584,46.627901634201407,1611.3099999999999</coordinates></Point></Placemark><Placemark><TimeSpan><begin>2026-08-04T06:23:27Z</begin><end>2026-08-04T06:23:42Z</end></TimeSpan><styleUrl>#point</styleUrl><Point><altitudeMode>clampToGround</altitudeMode><coordinates>11.839012680575252,46.62777179852128,1613.23</coordinates></Point></Placemark><Placemark><TimeSpan><begin>2026-08-04T06:23:42Z</begin><end>2026-08-04T06:23:54Z</end></TimeSpan><styleUrl>#point</styleUrl><Point><altitudeMode>clampToGround</altitudeMode><coordinates>11.838910588994622,46.627676580101252,1614.6700000000001</coordinates></Point></Placemark><Placemark><TimeSpan><begin>2026-08-04T06:23:54Z</begin><end>2026-08-04T06:24:06Z</end></TimeSpan><styleUrl>#point</styleUrl><Point><altitudeMode>clampToGround</altitudeMode><coordinates>11.838775388896465,46.62755093537271,1616.1099999999999</coordinates></Point></Placemark><Placemark><TimeSpan><begin>2026-08-04T06:24:06Z</begin><end>2026-08-04T06:24:18Z</end></TimeSpan><styleUrl>#point</styleUrl><Point><altitudeMode>clampToGround</altitudeMode><coordinates>11.838663490489125,46.627438785508275,1617.0699999999999</coordinates></Point></Placemark><Placemark><TimeSpan><begin>2026-08-04T06:24:18Z</begin><end>2026-08-04T06:24:24Z</end></TimeSpan><styleUrl>#point</styleUrl><Point><altitudeMode>clampToGround</altitudeMode><coordinates>11.838597692549229,46.627383548766375,1618.52</coordinates></Point></Placemark><Placemark><TimeSpan><begin>2026-08-04T06:24:24Z</begin><end>2026-08-04T06:24:29Z</end></TimeSpan><styleUrl>#point</styleUrl><Point><altitudeMode>clampToGround</altitudeMode><coordinates>11.838543964549899,46.627331748604774,1619</coordinates></Point></Placemark><Placemark><TimeSpan><begin>2026-08-04T06:24:29Z</begin><end>2026-08-04T06:24:42Z</end></TimeSpan><styleUrl>#point</styleUrl><Point><altitudeMode>clampToGround</altitudeMode><coordinates>11.838397197425365,46.627197805792093,1620.9200000000001</coordinates></Point></Placemark><Placemark><TimeSpan><begin>2026-08-04T06:24:42Z</begin><end>2026-08-04T06:24:55Z</end></TimeSpan><styleUrl>#point</styleUrl><Point><altitudeMode>clampToGround</altitudeMode><coordinates>11.83825520798564,46.62707107141614,1622.3599999999999</coordinates></Point></Placemark><Placemark><TimeSpan><begin>2026-08-04T06:24:55Z</begin><end>2026-08-04T06:25:05Z</end></TimeSpan><styleUrl>#point</styleUrl><Point><altitudeMode>clampToGround</altitudeMode><coordinates>11.838206006214023,46.627050451934338,1623.3199999999999</coordinates></Point></Placemark><Placemark><TimeSpan><begin>2026-08-04T06:25:05Z</begin><end>2026-08-04T06:25:25Z</end></TimeSpan><styleUrl>#point</styleUrl><Point><altitudeMode>clampToGround</altitudeMode><coordinates>11.838178597390652,46.627034191042185,1623.3199999999999</coordinates></Point></Placemark><Placemark><TimeSpan><begin>2026-08-04T06:25:25Z</begin><end>2026-08-04T06:25:46Z</end></TimeSpan><styleUrl>#point</styleUrl><Point><altitudeMode>clampToGround</altitudeMode><coordinates>11.838198211044073,46.62703737616539,1623.3199999999999</coordinates></Point></Placemark><Placemark><TimeSpan><begin>2026-08-04T06:25:46Z</begin><end>2026-08-04T06:25:59Z</end></TimeSpan><styleUrl>#point</styleUrl><Point><altitudeMode>clampToGround</altitudeMode><coordinates>11.838242718949914,46.627034526318312,1623.3199999999999</coordinates></Point></Placemark><Placemark><TimeSpan><begin>2026-08-04T06:25:59Z</begin><end>2026-08-04T06:26:14Z</end></TimeSpan><styleUrl>#point</styleUrl><Point><altitudeMode>clampToGround</altitudeMode><coordinates>11.838239282369614,46.627028910443187,1623.3199999999999</coordinates></Point></Placemark><Placemark><TimeSpan><begin>2026-08-04T06:26:14Z</begin><end>2026-08-04T06:26:29Z</end></TimeSpan><styleUrl>#point</styleUrl><Point><altitudeMode>clampToGround</altitudeMode><coordinates>11.838223608210683,46.6269885096699,1623.8</coordinates></Point></Placemark><Placemark><TimeSpan><begin>2026-08-04T06:26:29Z</begin><end>2026-08-04T06:26:39Z</end></TimeSpan><styleUrl>#point</styleUrl><Point><altitudeMode>clampToGround</altitudeMode><coordinates>11.838142890483141,46.626904774457216,1624.77</coordinates></Point></Placemark><Placemark><TimeSpan><begin>2026-08-04T06:26:39Z</begin><end>2026-08-04T06:26:52Z</end></TimeSpan><styleUrl>#point</styleUrl><Point><altitudeMode>clampToGround</altitudeMode><coordinates>11.838045241311193,46.62679698318243,1626.21</coordinates></Point></Placemark><Placemark><TimeSpan><begin>2026-08-04T06:26:52Z</begin><end>2026-08-04T06:27:04Z</end></TimeSpan><styleUrl>#point</styleUrl><Point><altitudeMode>clampToGround</altitudeMode><coordinates>11.838035266846418,46.626787511631846,1626.6900000000001</coordinates></Point></Placemark><Placemark><TimeSpan><begin>2026-08-04T06:27:04Z</begin><end>2026-08-04T06:27:26Z</end></TimeSpan><styleUrl>#point</styleUrl><Point><altitudeMode>clampToGround</altitudeMode><coordinates>11.838054293766618,46.626790948212147,1626.6900000000001</coordinates></Point></Placemark><Placemark><TimeSpan><begin>2026-08-04T06:27:26Z</begin><end>2026-08-04T06:27:39Z</end></TimeSpan><styleUrl>#point</styleUrl><Point><altitudeMode>clampToGround</altitudeMode><coordinates>11.838013557717204,46.626787008717656,1626.6900000000001</coordinates></Point></Placemark><Placemark><TimeSpan><begin>2026-08-04T06:27:39Z</begin><end>2026-08-04T06:27:50Z</end></TimeSpan><styleUrl>#point</styleUrl><Point><altitudeMode>clampToGround</altitudeMode><coordinates>11.837960332632065,46.626660022884607,1628.1300000000001</coordinates></Point></Placemark><Placemark><TimeSpan><begin>2026-08-04T06:27:50Z</begin><end>2026-08-04T06:28:00Z</end></TimeSpan><styleUrl>#point</styleUrl><Point><altitudeMode>clampToGround</altitudeMode><coordinates>11.83790098875761,46.626569917425513,1628.6099999999999</coordinates></Point></Placemark><Placemark><TimeSpan><begin>2026-08-04T06:28:00Z</begin><end>2026-08-04T06:28:13Z</end></TimeSpan><styleUrl>#point</styleUrl><Point><altitudeMode>clampToGround</altitudeMode><coordinates>11.837808955460787,46.626437650993466,1629.0899999999999</coordinates></Point></Placemark><Placemark><TimeSpan><begin>2026-08-04T06:28:13Z</begin><end>2026-08-04T06:28:24Z</end></TimeSpan><styleUrl>#point</styleUrl><Point><altitudeMode>clampToGround</altitudeMode><coordinates>11.837725723162293,46.626322064548731,1629.5699999999999</coordinates></Point></Placemark><Placemark><TimeSpan><begin>2026-08-04T06:28:24Z</begin><end>2026-08-04T06:28:35Z</end></TimeSpan><styleUrl>#point</styleUrl><Point><altitudeMode>clampToGround</altitudeMode><coordinates>11.837583817541599,46.62619692273438,1630.53</coordinates></Point></Placemark><Placemark><TimeSpan><begin>2026-08-04T06:28:35Z</begin><end>2026-08-04T06:28:45Z</end></TimeSpan><styleUrl>#point</styleUrl><Point><altitudeMode>clampToGround</altitudeMode><coordinates>11.837494550272822,46.62612559273839,1631.01</coordinates></Point></Placemark><Placemark><TimeSpan><begin>2026-08-04T06:28:45Z</begin><end>2026-08-04T06:28:57Z</end></TimeSpan><styleUrl>#point</styleUrl><Point><altitudeMode>clampToGround</altitudeMode><coordinates>11.837366307154298,46.625998690724373,1631.49</coordinates></Point></Placemark><Placemark><TimeSpan><begin>2026-08-04T06:28:57Z</begin><end>2026-08-04T06:29:08Z</end></TimeSpan><styleUrl>#point</styleUrl><Point><altitudeMode>clampToGround</altitudeMode><coordinates>11.837244350463152,46.62588469684124,1631.98</coordinates></Point></Placemark><Placemark><TimeSpan><begin>2026-08-04T06:29:08Z</begin><end>2026-08-04T06:29:19Z</end></TimeSpan><styleUrl>#point</styleUrl><Point><altitudeMode>clampToGround</altitudeMode><coordinates>11.837151562795043,46.625764248892665,1632.9400000000001</coordinates></Point></Placemark><Placemark><TimeSpan><begin>2026-08-04T06:29:19Z</begin><end>2026-08-04T06:29:20Z</end></TimeSpan><styleUrl>#point</styleUrl><Point><altitudeMode>clampToGround</altitudeMode><coordinates>11.837147707119584,46.625753603875637,1633.4200000000001</coordinates></Point></Placemark><Placemark><TimeSpan><begin>2026-08-04T06:29:20Z</begin><end>2026-08-04T06:29:33Z</end></TimeSpan><styleUrl>#point</styleUrl><Point><altitudeMode>clampToGround</altitudeMode><coordinates>11.837125159800053,46.625624019652605,1633.9000000000001</coordinates></Point></Placemark><Placemark><TimeSpan><begin>2026-08-04T06:29:33Z</begin><end>2026-08-04T06:29:42Z</end></TimeSpan><styleUrl>#point</styleUrl><Point><altitudeMode>clampToGround</altitudeMode><coordinates>11.837113676592708,46.625615051016212,1633.9000000000001</coordinates></Point></Placemark><Placemark><TimeSpan><begin>2026-08-04T06:29:42Z</begin><end>2026-08-04T06:30:00Z</end></TimeSpan><styleUrl>#point</styleUrl><Point><altitudeMode>clampToGround</altitudeMode><coordinates>11.837034216150641,46.625598035752773,1632.46</coordinates></Point></Placemark><Placemark><TimeSpan><begin>2026-08-04T06:30:00Z</begin><end>2026-08-04T06:30:17Z</end></TimeSpan><styleUrl>#point</styleUrl><Point><altitudeMode>clampToGround</altitudeMode><coordinates>11.837027091532946,46.625596527010202,1632.46</coordinates></Point></Placemark><Placemark><TimeSpan><begin>2026-08-04T06:30:17Z</begin><end>2026-08-04T06:30:41Z</end></TimeSpan><styleUrl>#point</styleUrl><Point><altitudeMode>clampToGround</altitudeMode><coordinates>11.837087860330939,46.62562619894743,1632.46</coordinates></Point></Placemark><Placemark><TimeSpan><begin>2026-08-04T06:30:41Z</begin><end>2026-08-04T06:31:10Z</end></TimeSpan><styleUrl>#point</styleUrl><Point><altitudeMode>clampToGround</altitudeMode><coordinates>11.837180983275175,46.625593760982156,1632.46</coordinates></Point></Placemark><Placemark><TimeSpan><begin>2026-08-04T06:31:10Z</begin><end>2026-08-04T06:31:21Z</end></TimeSpan><styleUrl>#point</styleUrl><Point><altitudeMode>clampToGround</altitudeMode><coordinates>11.837162543088198,46.625608177855611,1633.9000000000001</coordinates></Point></Placemark><Placemark><TimeSpan><begin>2026-08-04T06:31:21Z</begin><end>2026-08-04T06:31:33Z</end></TimeSpan><styleUrl>#point</styleUrl><Point><altitudeMode>clampToGround</altitudeMode><coordinates>11.837190957739949,46.625590408220887,1633.9000000000001</coordinates></Point></Placemark><Placemark><TimeSpan><begin>2026-08-04T06:31:33Z</begin><end>2026-08-04T06:31:34Z</end></TimeSpan><styleUrl>#point</styleUrl><Point><altitudeMode>clampToGround</altitudeMode><coordinates>11.837190622463822,46.625581607222557,1633.9000000000001</coordinates></Point></Placemark><Placemark><TimeSpan><begin>2026-08-04T06:31:34Z</begin><end>2026-08-04T06:31:49Z</end></TimeSpan><styleUrl>#point</styleUrl><Point><altitudeMode>clampToGround</altitudeMode><coordinates>11.837160531431437,46.625387649983168,1635.3399999999999</coordinates></Point></Placemark><Placemark><TimeSpan><begin>2026-08-04T06:31:49Z</begin><end>2026-08-04T06:31:56Z</end></TimeSpan><styleUrl>#point</styleUrl><Point><altitudeMode>clampToGround</altitudeMode><coordinates>11.837138319388032,46.625306345522404,1635.8199999999999</coordinates></Point></Placemark><Placemark><TimeSpan><begin>2026-08-04T06:31:56Z</begin><end>2026-08-04T06:32:08Z</end></TimeSpan><styleUrl>#point</styleUrl><Point><altitudeMode>clampToGround</altitudeMode><coordinates>11.837107054889202,46.625167038291693,1636.78</coordinates></Point></Placemark><Placemark><TimeSpan><begin>2026-08-04T06:32:08Z</begin><end>2026-08-04T06:32:21Z</end></TimeSpan><styleUrl>#point</styleUrl><Point><altitudeMode>clampToGround</altitudeMode><coordinates>11.837046789005399,46.625035023316741,1637.26</coordinates></Point></Placemark><Placemark><TimeSpan><begin>2026-08-04T06:32:21Z</begin><end>2026-08-04T06:32:33Z</end></TimeSpan><styleUrl>#point</styleUrl><Point><altitudeMode>clampToGround</altitudeMode><coordinates>11.836960203945637,46.624917006120086,1638.7</coordinates></Point></Placemark><Placemark><TimeSpan><begin>2026-08-04T06:32:33Z</begin><end>2026-08-04T06:32:40Z</end></TimeSpan><styleUrl>#point</styleUrl><Point><altitudeMode>clampToGround</altitudeMode><coordinates>11.83688904158771,46.62483754567802,1639.1900000000001</coordinates></Point></Placemark><Placemark><TimeSpan><begin>2026-08-04T06:32:40Z</begin><end>2026-08-04T06:32:53Z</end></TimeSpan><styleUrl>#point</styleUrl><Point><altitudeMode>clampToGround</altitudeMode><coordinates>11.836769431829453,46.624702010303736,1640.6300000000001</coordinates></Point></Placemark><Placemark><TimeSpan><begin>2026-08-04T06:32:53Z</begin><end>2026-08-04T06:33:07Z</end></TimeSpan><styleUrl>#point</styleUrl><Point><altitudeMode>clampToGround</altitudeMode><coordinates>11.836632052436471,46.624547531828284,1642.0699999999999</coordinates></Point></Placemark><Placemark><TimeSpan><begin>2026-08-04T06:33:07Z</begin><end>2026-08-04T06:33:19Z</end></TimeSpan><styleUrl>#point</styleUrl><Point><altitudeMode>clampToGround</altitudeMode><coordinates>11.836547395214438,46.624423731118441,1643.51</coordinates></Point></Placemark><Placemark><TimeSpan><begin>2026-08-04T06:33:19Z</begin><end>2026-08-04T06:33:29Z</end></TimeSpan><styleUrl>#point</styleUrl><Point><altitudeMode>clampToGround</altitudeMode><coordinates>11.836506659165025,46.624345611780882,1644.47</coordinates></Point></Placemark><Placemark><TimeSpan><begin>2026-08-04T06:33:29Z</begin><end>2026-08-04T06:33:41Z</end></TimeSpan><styleUrl>#point</styleUrl><Point><altitudeMode>clampToGround</altitudeMode><coordinates>11.836382523179054,46.624244190752506,1645.9100000000001</coordinates></Point></Placemark><Placemark><TimeSpan><begin>2026-08-04T06:33:41Z</begin><end>2026-08-04T06:33:47Z</end></TimeSpan><styleUrl>#point</styleUrl><Point><altitudeMode>clampToGround</altitudeMode><coordinates>11.836312366649508,46.624187948182225,1647.3599999999999</coordinates></Point></Placemark><Placemark><TimeSpan><begin>2026-08-04T06:33:47Z</begin><end>2026-08-04T06:33:59Z</end></TimeSpan><styleUrl>#point</styleUrl><Point><altitudeMode>clampToGround</altitudeMode><coordinates>11.836194852367043,46.624063979834318,1648.3199999999999</coordinates></Point></Placemark><Placemark><TimeSpan><begin>2026-08-04T06:33:59Z</begin><end>2026-08-04T06:34:12Z</end></TimeSpan><styleUrl>#point</styleUrl><Point><altitudeMode>clampToGround</altitudeMode><coordinates>11.836068537086248,46.623945878818631,1650.24</coordinates></Point></Placemark><Placemark><TimeSpan><begin>2026-08-04T06:34:12Z</begin><end>2026-08-04T06:34:24Z</end></TimeSpan><styleUrl>#point</styleUrl><Point><altitudeMode>clampToGround</altitudeMode><coordinates>11.835973989218473,46.623849738389254,1651.6800000000001</coordinates></Point></Placemark><Placemark><TimeSpan><begin>2026-08-04T06:34:24Z</begin><end>2026-08-04T06:34:35Z</end></TimeSpan><styleUrl>#point</styleUrl><Point><altitudeMode>clampToGround</altitudeMode><coordinates>11.835854295641184,46.623765081167221,1653.5999999999999</coordinates></Point></Placemark><Placemark><TimeSpan><begin>2026-08-04T06:34:35Z</begin><end>2026-08-04T06:34:46Z</end></TimeSpan><styleUrl>#point</styleUrl><Point><altitudeMode>clampToGround</altitudeMode><coordinates>11.835729321464896,46.62367707118392,1655.53</coordinates></Point></Placemark><Placemark><TimeSpan><begin>2026-08-04T06:34:46Z</begin><end>2026-08-04T06:34:56Z</end></TimeSpan><styleUrl>#point</styleUrl><Point><altitudeMode>clampToGround</altitudeMode><coordinates>11.835594456642866,46.623603142797947,1656.97</coordinates></Point></Placemark><Placemark><TimeSpan><begin>2026-08-04T06:34:56Z</begin><end>2026-08-04T06:35:06Z</end></TimeSpan><styleUrl>#point</styleUrl><Point><altitudeMode>clampToGround</altitudeMode><coordinates>11.835445091128349,46.623538099229336,1657.9300000000001</coordinates></Point></Placemark><Placemark><TimeSpan><begin>2026-08-04T06:35:06Z</begin><end>2026-08-04T06:35:19Z</end></TimeSpan><styleUrl>#point</styleUrl><Point><altitudeMode>clampToGround</altitudeMode><coordinates>11.835285415872931,46.623465344309807,1660.3299999999999</coordinates></Point></Placemark><Placemark><TimeSpan><begin>2026-08-04T06:35:19Z</begin><end>2026-08-04T06:35:30Z</end></TimeSpan><styleUrl>#point</styleUrl><Point><altitudeMode>clampToGround</altitudeMode><coordinates>11.835166811943054,46.623395858332515,1661.78</coordinates></Point></Placemark><Placemark><TimeSpan><begin>2026-08-04T06:35:30Z</begin><end>2026-08-04T06:35:41Z</end></TimeSpan><styleUrl>#point</styleUrl><Point><altitudeMode>clampToGround</altitudeMode><coordinates>11.835028175264597,46.623317571356893,1663.22</coordinates></Point></Placemark><Placemark><TimeSpan><begin>2026-08-04T06:35:41Z</begin><end>2026-08-04T06:35:53Z</end></TimeSpan><styleUrl>#point</styleUrl><Point><altitudeMode>clampToGround</altitudeMode><coordinates>11.834875624626875,46.623228974640369,1665.1400000000001</coordinates></Point></Placemark><Placemark><TimeSpan><begin>2026-08-04T06:35:53Z</begin><end>2026-08-04T06:36:04Z</end></TimeSpan><styleUrl>#point</styleUrl><Point><altitudeMode>clampToGround</altitudeMode><coordinates>11.834747632965446,46.623151022940874,1666.5799999999999</coordinates></Point></Placemark><Placemark><TimeSpan><begin>2026-08-04T06:36:04Z</begin><end>2026-08-04T06:36:05Z</end></TimeSpan><styleUrl>#point</styleUrl><Point><altitudeMode>clampToGround</altitudeMode><coordinates>11.834739921614528,46.623141802847385,1667.54</coordinates></Point></Placemark><Placemark><TimeSpan><begin>2026-08-04T06:36:05Z</begin><end>2026-08-04T06:36:12Z</end></TimeSpan><styleUrl>#point</styleUrl><Point><altitudeMode>clampToGround</altitudeMode><coordinates>11.834672195836902,46.623065862804651,1668.02</coordinates></Point></Placemark><Placemark><TimeSpan><begin>2026-08-04T06:36:12Z</begin><end>2026-08-04T06:36:24Z</end></TimeSpan><styleUrl>#point</styleUrl><Point><altitudeMode>clampToGround</altitudeMode><coordinates>11.834580162540078,46.622956562787294,1669.95</coordinates></Point></Placemark><Placemark><TimeSpan><begin>2026-08-04T06:36:24Z</begin><end>2026-08-04T06:36:28Z</end></TimeSpan><styleUrl>#point</styleUrl><Point><altitudeMode>clampToGround</altitudeMode><coordinates>11.834548898041248,46.622914401814342,1670.4300000000001</coordinates></Point></Placemark><Placemark><TimeSpan><begin>2026-08-04T06:36:28Z</begin><end>2026-08-04T06:36:35Z</end></TimeSpan><styleUrl>#point</styleUrl><Point><altitudeMode>clampToGround</altitudeMode><coordinates>11.834456697106361,46.622857237234712,1671.3900000000001</coordinates></Point></Placemark><Placemark><TimeSpan><begin>2026-08-04T06:36:35Z</begin><end>2026-08-04T06:36:46Z</end></TimeSpan><styleUrl>#point</styleUrl><Point><altitudeMode>clampToGround</altitudeMode><coordinates>11.834332812577486,46.62278238683939,1672.8299999999999</coordinates></Point></Placemark><Placemark><TimeSpan><begin>2026-08-04T06:36:46Z</begin><end>2026-08-04T06:36:59Z</end></TimeSpan><styleUrl>#point</styleUrl><Point><altitudeMode>clampToGround</altitudeMode><coordinates>11.834196103736758,46.62267635576427,1674.27</coordinates></Point></Placemark><Placemark><TimeSpan><begin>2026-08-04T06:36:59Z</begin><end>2026-08-04T06:37:01Z</end></TimeSpan><styleUrl>#point</styleUrl><Point><altitudeMode>clampToGround</altitudeMode><coordinates>11.834177076816559,46.622659089043736,1675.23</coordinates></Point></Placemark><Placemark><TimeSpan><begin>2026-08-04T06:37:01Z</begin><end>2026-08-04T06:37:12Z</end></TimeSpan><styleUrl>#point</styleUrl><Point><altitudeMode>clampToGround</altitudeMode><coordinates>11.834036596119404,46.622581640258431,1676.6800000000001</coordinates></Point></Placemark><Placemark><TimeSpan><begin>2026-08-04T06:37:12Z</begin><end>2026-08-04T06:37:16Z</end></TimeSpan><styleUrl>#point</styleUrl><Point><altitudeMode>clampToGround</altitudeMode><coordinates>11.833991501480341,46.622549453750253,1676.6800000000001</coordinates></Point></Placemark><Placemark><TimeSpan><begin>2026-08-04T06:37:16Z</begin><end>2026-08-04T06:37:28Z</end></TimeSpan><styleUrl>#point</styleUrl><Point><altitudeMode>clampToGround</altitudeMode><coordinates>11.833838447928429,46.62243059836328,1678.1199999999999</coordinates></Point></Placemark><Placemark><TimeSpan><begin>2026-08-04T06:37:28Z</begin><end>2026-08-04T06:37:40Z</end></TimeSpan><styleUrl>#point</styleUrl><Point><altitudeMode>clampToGround</altitudeMode><coordinates>11.833676006644964,46.622334541752934,1680.04</coordinates></Point></Placemark><Placemark><TimeSpan><begin>2026-08-04T06:37:40Z</begin><end>2026-08-04T06:37:51Z</end></TimeSpan><styleUrl>#point</styleUrl><Point><altitudeMode>clampToGround</altitudeMode><coordinates>11.83347056619823,46.622260613366961,1681</coordinates></Point></Placemark><Placemark><TimeSpan><begin>2026-08-04T06:37:51Z</begin><end>2026-08-04T06:38:04Z</end></TimeSpan><styleUrl>#point</styleUrl><Point><altitudeMode>clampToGround</altitudeMode><coordinates>11.83332446962595,46.62220579572022,1682.4400000000001</coordinates></Point></Placemark><Placemark><TimeSpan><begin>2026-08-04T06:38:04Z</begin><end>2026-08-04T06:38:15Z</end></TimeSpan><styleUrl>#point</styleUrl><Point><altitudeMode>clampToGround</altitudeMode><coordinates>11.833178624510765,46.622134549543262,1683.8900000000001</coordinates></Point></Placemark><Placemark><TimeSpan><begin>2026-08-04T06:38:15Z</begin><end>2026-08-04T06:38:23Z</end></TimeSpan><styleUrl>#point</styleUrl><Point><altitudeMode>clampToGround</altitudeMode><coordinates>11.833091201260686,46.622069757431746,1684.8499999999999</coordinates></Point></Placemark><Placemark><TimeSpan><begin>2026-08-04T06:38:23Z</begin><end>2026-08-04T06:38:34Z</end></TimeSpan><styleUrl>#point</styleUrl><Point><altitudeMode>clampToGround</altitudeMode><coordinates>11.832981649786234,46.621961547061801,1686.29</coordinates></Point></Placemark><Placemark><TimeSpan><begin>2026-08-04T06:38:34Z</begin><end>2026-08-04T06:38:46Z</end></TimeSpan><styleUrl>#point</styleUrl><Point><altitudeMode>clampToGround</altitudeMode><coordinates>11.832910738885403,46.62185350432992,1688.21</coordinates></Point></Placemark><Placemark><TimeSpan><begin>2026-08-04T06:38:46Z</begin><end>2026-08-04T06:38:59Z</end></TimeSpan><styleUrl>#point</styleUrl><Point><altitudeMode>clampToGround</altitudeMode><coordinates>11.83281778357923,46.62173917517066,1690.6199999999999</coordinates></Point></Placemark><Placemark><TimeSpan><begin>2026-08-04T06:38:59Z</begin><end>2026-08-04T06:39:10Z</end></TimeSpan><styleUrl>#point</styleUrl><Point><altitudeMode>clampToGround</altitudeMode><coordinates>11.832698760554194,46.621650662273169,1692.0599999999999</coordinates></Point></Placemark><Placemark><TimeSpan><begin>2026-08-04T06:39:10Z</begin><end>2026-08-04T06:39:20Z</end></TimeSpan><styleUrl>#point</styleUrl><Point><altitudeMode>clampToGround</altitudeMode><coordinates>11.83259641751647,46.621559383347631,1693.5</coordinates></Point></Placemark><Placemark><TimeSpan><begin>2026-08-04T06:39:20Z</begin><end>2026-08-04T06:39:32Z</end></TimeSpan><styleUrl>#point</styleUrl><Point><altitudeMode>clampToGround</altitudeMode><coordinates>11.832497594878078,46.621455196291208,1694.9400000000001</coordinates></Point></Placemark><Placemark><TimeSpan><begin>2026-08-04T06:39:32Z</begin><end>2026-08-04T06:39:39Z</end></TimeSpan><styleUrl>#point</styleUrl><Point><altitudeMode>clampToGround</altitudeMode><coordinates>11.832423750311136,46.621406245976686,1695.9000000000001</coordinates></Point></Placemark><Placemark><TimeSpan><begin>2026-08-04T06:39:39Z</begin><end>2026-08-04T06:39:52Z</end></TimeSpan><styleUrl>#point</styleUrl><Point><altitudeMode>clampToGround</altitudeMode><coordinates>11.832224680110812,46.621362660080194,1697.8299999999999</coordinates></Point></Placemark><Placemark><TimeSpan><begin>2026-08-04T06:39:52Z</begin><end>2026-08-04T06:40:02Z</end></TimeSpan><styleUrl>#point</styleUrl><Point><altitudeMode>clampToGround</altitudeMode><coordinates>11.83204036206007,46.621358972042799,1699.27</coordinates></Point></Placemark><Placemark><TimeSpan><begin>2026-08-04T06:40:02Z</begin><end>2026-08-04T06:40:11Z</end></TimeSpan><styleUrl>#point</styleUrl><Point><altitudeMode>clampToGround</altitudeMode><coordinates>11.832025106996298,46.621331227943301,1699.75</coordinates></Point></Placemark><Placemark><TimeSpan><begin>2026-08-04T06:40:11Z</begin><end>2026-08-04T06:40:25Z</end></TimeSpan><styleUrl>#point</styleUrl><Point><altitudeMode>clampToGround</altitudeMode><coordinates>11.832026951014996,46.621305495500565,1699.75</coordinates></Point></Placemark><Placemark><TimeSpan><begin>2026-08-04T06:40:25Z</begin><end>2026-08-04T06:40:40Z</end></TimeSpan><styleUrl>#point</styleUrl><Point><altitudeMode>clampToGround</altitudeMode><coordinates>11.831972552463412,46.621308177709579,1700.23</coordinates></Point></Placemark><Placemark><TimeSpan><begin>2026-08-04T06:40:40Z</begin><end>2026-08-04T06:40:58Z</end></TimeSpan><styleUrl>#point</styleUrl><Point><altitudeMode>clampToGround</altitudeMode><coordinates>11.831979090347886,46.621283115819097,1700.23</coordinates></Point></Placemark><Placemark><TimeSpan><begin>2026-08-04T06:40:58Z</begin><end>2026-08-04T06:41:13Z</end></TimeSpan><styleUrl>#point</styleUrl><Point><altitudeMode>clampToGround</altitudeMode><coordinates>11.831955704838037,46.621292335912585,1700.23</coordinates></Point></Placemark><Placemark><TimeSpan><begin>2026-08-04T06:41:13Z</begin><end>2026-08-04T06:41:23Z</end></TimeSpan><styleUrl>#point</styleUrl><Point><altitudeMode>clampToGround</altitudeMode><coordinates>11.831833412870765,46.621290408074856,1701.1900000000001</coordinates></Point></Placemark><Placemark><TimeSpan><begin>2026-08-04T06:41:23Z</begin><end>2026-08-04T06:41:34Z</end></TimeSpan><styleUrl>#point</styleUrl><Point><altitudeMode>clampToGround</altitudeMode><coordinates>11.831710366532207,46.621271464973688,1702.1500000000001</coordinates></Point></Placemark><Placemark><TimeSpan><begin>2026-08-04T06:41:34Z</begin><end>2026-08-04T06:41:46Z</end></TimeSpan><styleUrl>#point</styleUrl><Point><altitudeMode>clampToGround</altitudeMode><coordinates>11.831552367657423,46.621217569336295,1704.0699999999999</coordinates></Point></Placemark><Placemark><TimeSpan><begin>2026-08-04T06:41:46Z</begin><end>2026-08-04T06:41:57Z</end></TimeSpan><styleUrl>#point</styleUrl><Point><altitudeMode>clampToGround</altitudeMode><coordinates>11.83144323527813,46.621193429455161,1706</coordinates></Point></Placemark><Placemark><TimeSpan><begin>2026-08-04T06:41:57Z</begin><end>2026-08-04T06:42:06Z</end></TimeSpan><styleUrl>#point</styleUrl><Point><altitudeMode>clampToGround</altitudeMode><coordinates>11.831304430961609,46.621136516332626,1706</coordinates></Point></Placemark><Placemark><TimeSpan><begin>2026-08-04T06:42:06Z</begin><end>2026-08-04T06:42:08Z</end></TimeSpan><styleUrl>#point</styleUrl><Point><altitudeMode>clampToGround</altitudeMode><coordinates>11.831273669376969,46.621125284582376,1706.96</coordinates></Point></Placemark><Placemark><TimeSpan><begin>2026-08-04T06:42:08Z</begin><end>2026-08-04T06:42:20Z</end></TimeSpan><styleUrl>#point</styleUrl><Point><altitudeMode>clampToGround</altitudeMode><coordinates>11.831104690209031,46.621089661493897,1708.4000000000001</coordinates></Point></Placemark><Placemark><TimeSpan><begin>2026-08-04T06:42:20Z</begin><end>2026-08-04T06:42:23Z</end></TimeSpan><styleUrl>#point</styleUrl><Point><altitudeMode>clampToGround</altitudeMode><coordinates>11.831059847027063,46.621074071153998,1708.4000000000001</coordinates></Point></Placemark><Placemark><TimeSpan><begin>2026-08-04T06:42:23Z</begin><end>2026-08-04T06:42:35Z</end></TimeSpan><styleUrl>#point</styleUrl><Point><altitudeMode>clampToGround</altitudeMode><coordinates>11.83088131248951,46.621105000376701,1709.8399999999999</coordinates></Point></Placemark><Placemark><TimeSpan><begin>2026-08-04T06:42:35Z</begin><end>2026-08-04T06:42:47Z</end></TimeSpan><styleUrl>#point</styleUrl><Point><altitudeMode>clampToGround</altitudeMode><coordinates>11.830895813181996,46.621230896562338,1711.76</coordinates></Point></Placemark><Placemark><TimeSpan><begin>2026-08-04T06:42:47Z</begin><end>2026-08-04T06:42:48Z</end></TimeSpan><styleUrl>#point</styleUrl><Point><altitudeMode>clampToGround</altitudeMode><coordinates>11.830903356894851,46.621237015351653,1711.76</coordinates></Point></Placemark><Placemark><TimeSpan><begin>2026-08-04T06:42:48Z</begin><end>2026-08-04T06:43:00Z</end></TimeSpan><styleUrl>#point</styleUrl><Point><altitudeMode>clampToGround</altitudeMode><coordinates>11.831005280837417,46.621315805241466,1713.21</coordinates></Point></Placemark><Placemark><TimeSpan><begin>2026-08-04T06:43:00Z</begin><end>2026-08-04T06:43:01Z</end></TimeSpan><styleUrl>#point</styleUrl><Point><altitudeMode>clampToGround</altitudeMode><coordinates>11.831019865348935,46.621321002021432,1713.21</coordinates></Point></Placemark><Placemark><TimeSpan><begin>2026-08-04T06:43:01Z</begin><end>2026-08-04T06:43:13Z</end></TimeSpan><styleUrl>#point</styleUrl><Point><altitudeMode>clampToGround</altitudeMode><coordinates>11.831177864223719,46.621371377259493,1714.6500000000001</coordinates></Point></Placemark><Placemark><TimeSpan><begin>2026-08-04T06:43:13Z</begin><end>2026-08-04T06:43:24Z</end></TimeSpan><styleUrl>#point</styleUrl><Point><altitudeMode>clampToGround</altitudeMode><coordinates>11.83122094720602,46.621465589851141,1715.6099999999999</coordinates></Point></Placemark><Placemark><TimeSpan><begin>2026-08-04T06:43:24Z</begin><end>2026-08-04T06:43:28Z</end></TimeSpan><styleUrl>#point</styleUrl><Point><altitudeMode>clampToGround</altitudeMode><coordinates>11.831182222813368,46.621487382799387,1716.0899999999999</coordinates></Point></Placemark><Placemark><TimeSpan><begin>2026-08-04T06:43:28Z</begin><end>2026-08-04T06:43:40Z</end></TimeSpan><styleUrl>#point</styleUrl><Point><altitudeMode>clampToGround</altitudeMode><coordinates>11.831098403781652,46.621481934562325,1716.5699999999999</coordinates></Point></Placemark><Placemark><TimeSpan><begin>2026-08-04T06:43:40Z</begin><end>2026-08-04T06:43:53Z</end></TimeSpan><styleUrl>#point</styleUrl><Point><altitudeMode>clampToGround</altitudeMode><coordinates>11.831034198403358,46.621453855186701,1717.05</coordinates></Point></Placemark><Placemark><TimeSpan><begin>2026-08-04T06:43:53Z</begin><end>2026-08-04T06:44:02Z</end></TimeSpan><styleUrl>#point</styleUrl><Point><altitudeMode>clampToGround</altitudeMode><coordinates>11.83094241656363,46.621443461626768,1718.01</coordinates></Point></Placemark><Placemark><TimeSpan><begin>2026-08-04T06:44:02Z</begin><end>2026-08-04T06:44:14Z</end></TimeSpan><styleUrl>#point</styleUrl><Point><altitudeMode>clampToGround</altitudeMode><coordinates>11.830787854269147,46.621391829103231,1718.97</coordinates></Point></Placemark><Placemark><TimeSpan><begin>2026-08-04T06:44:14Z</begin><end>2026-08-04T06:44:27Z</end></TimeSpan><styleUrl>#point</styleUrl><Point><altitudeMode>clampToGround</altitudeMode><coordinates>11.830611666664481,46.621330892667174,1720.9000000000001</coordinates></Point></Placemark><Placemark><TimeSpan><begin>2026-08-04T06:44:27Z</begin><end>2026-08-04T06:44:38Z</end></TimeSpan><styleUrl>#point</styleUrl><Point><altitudeMode>clampToGround</altitudeMode><coordinates>11.830460540950298,46.62126375362277,1722.8199999999999</coordinates></Point></Placemark><Placemark><TimeSpan><begin>2026-08-04T06:44:38Z</begin><end>2026-08-04T06:44:47Z</end></TimeSpan><styleUrl>#point</styleUrl><Point><altitudeMode>clampToGround</altitudeMode><coordinates>11.830353671684861,46.62121488712728,1723.78</coordinates></Point></Placemark><Placemark><TimeSpan><begin>2026-08-04T06:44:47Z</begin><end>2026-08-04T06:44:58Z</end></TimeSpan><styleUrl>#point</styleUrl><Point><altitudeMode>clampToGround</altitudeMode><coordinates>11.830223752185702,46.621149675920606,1725.7</coordinates></Point></Placemark><Placemark><TimeSpan><begin>2026-08-04T06:44:58Z</begin><end>2026-08-04T06:45:11Z</end></TimeSpan><styleUrl>#point</styleUrl><Point><altitudeMode>clampToGround</altitudeMode><coordinates>11.830056449398398,46.621067952364683,1727.1500000000001</coordinates></Point></Placemark><Placemark><TimeSpan><begin>2026-08-04T06:45:11Z</begin><end>2026-08-04T06:45:22Z</end></TimeSpan><styleUrl>#point</styleUrl><Point><altitudeMode>clampToGround</altitudeMode><coordinates>11.82998470030725,46.621029647067189,1728.5899999999999</coordinates></Point></Placemark><Placemark><TimeSpan><begin>2026-08-04T06:45:22Z</begin><end>2026-08-04T06:45:32Z</end></TimeSpan><styleUrl>#point</styleUrl><Point><altitudeMode>clampToGround</altitudeMode><coordinates>11.829890152439475,46.620989162474871,1729.55</coordinates></Point></Placemark><Placemark><TimeSpan><begin>2026-08-04T06:45:32Z</begin><end>2026-08-04T06:45:40Z</end></TimeSpan><styleUrl>#point</styleUrl><Point><altitudeMode>clampToGround</altitudeMode><coordinates>11.829808596521616,46.620956305414438,1730.51</coordinates></Point></Placemark><Placemark><TimeSpan><begin>2026-08-04T06:45:40Z</begin><end>2026-08-04T06:45:50Z</end></TimeSpan><styleUrl>#point</styleUrl><Point><altitudeMode>clampToGround</altitudeMode><coordinates>11.829716730862856,46.620893022045493,1732.4300000000001</coordinates></Point></Placemark><Placemark><TimeSpan><begin>2026-08-04T06:45:50Z</begin><end>2026-08-04T06:46:01Z</end></TimeSpan><styleUrl>#point</styleUrl><Point><altitudeMode>clampToGround</altitudeMode><coordinates>11.829573484137654,46.620812471956015,1733.8800000000001</coordinates></Point></Placemark><Placemark><TimeSpan><begin>2026-08-04T06:46:01Z</begin><end>2026-08-04T06:46:12Z</end></TimeSpan><styleUrl>#point</styleUrl><Point><altitudeMode>clampToGround</altitudeMode><coordinates>11.829463429749012,46.620730832219124,1735.3199999999999</coordinates></Point></Placemark><Placemark><TimeSpan><begin>2026-08-04T06:46:12Z</begin><end>2026-08-04T06:46:23Z</end></TimeSpan><styleUrl>#point</styleUrl><Point><altitudeMode>clampToGround</altitudeMode><coordinates>11.82937047444284,46.620649611577392,1737.24</coordinates></Point></Placemark><Placemark><TimeSpan><begin>2026-08-04T06:46:23Z</begin><end>2026-08-04T06:46:33Z</end></TimeSpan><styleUrl>#point</styleUrl><Point><altitudeMode>clampToGround</altitudeMode><coordinates>11.829279530793428,46.620566379278898,1738.6800000000001</coordinates></Point></Placemark><Placemark><TimeSpan><begin>2026-08-04T06:46:33Z</begin><end>2026-08-04T06:46:47Z</end></TimeSpan><styleUrl>#point</styleUrl><Point><altitudeMode>clampToGround</altitudeMode><coordinates>11.829239213839173,46.620529247447848,1739.1600000000001</coordinates></Point></Placemark><Placemark><TimeSpan><begin>2026-08-04T06:46:47Z</begin><end>2026-08-04T06:47:07Z</end></TimeSpan><styleUrl>#point</styleUrl><Point><altitudeMode>clampToGround</altitudeMode><coordinates>11.829249188303947,46.620498234406114,1739.1600000000001</coordinates></Point></Placemark><Placemark><TimeSpan><begin>2026-08-04T06:47:07Z</begin><end>2026-08-04T06:47:29Z</end></TimeSpan><styleUrl>#point</styleUrl><Point><altitudeMode>clampToGround</altitudeMode><coordinates>11.829234436154366,46.620476441457868,1739.6400000000001</coordinates></Point></Placemark><Placemark><TimeSpan><begin>2026-08-04T06:47:29Z</begin><end>2026-08-04T06:47:44Z</end></TimeSpan><styleUrl>#point</styleUrl><Point><altitudeMode>clampToGround</altitudeMode><coordinates>11.82903335429728,46.620421791449189,1741.5699999999999</coordinates></Point></Placemark><Placemark><TimeSpan><begin>2026-08-04T06:47:44Z</begin><end>2026-08-04T06:47:56Z</end></TimeSpan><styleUrl>#point</styleUrl><Point><altitudeMode>clampToGround</altitudeMode><coordinates>11.82886915281415,46.620377283543348,1743.49</coordinates></Point></Placemark><Placemark><TimeSpan><begin>2026-08-04T06:47:56Z</begin><end>2026-08-04T06:48:09Z</end></TimeSpan><styleUrl>#point</styleUrl><Point><altitudeMode>clampToGround</altitudeMode><coordinates>11.828688187524676,46.620306540280581,1745.8900000000001</coordinates></Point></Placemark><Placemark><TimeSpan><begin>2026-08-04T06:48:09Z</begin><end>2026-08-04T06:48:21Z</end></TimeSpan><styleUrl>#point</styleUrl><Point><altitudeMode>clampToGround</altitudeMode><coordinates>11.828559106215835,46.620239652693272,1747.8099999999999</coordinates></Point></Placemark><Placemark><TimeSpan><begin>2026-08-04T06:48:21Z</begin><end>2026-08-04T06:48:34Z</end></TimeSpan><styleUrl>#point</styleUrl><Point><altitudeMode>clampToGround</altitudeMode><coordinates>11.82840739376843,46.620178045704961,1749.74</coordinates></Point></Placemark><Placemark><TimeSpan><begin>2026-08-04T06:48:34Z</begin><end>2026-08-04T06:48:46Z</end></TimeSpan><styleUrl>#point</styleUrl><Point><altitudeMode>clampToGround</altitudeMode><coordinates>11.82822466827929,46.620122725144029,1751.6600000000001</coordinates></Point></Placemark><Placemark><TimeSpan><begin>2026-08-04T06:48:46Z</begin><end>2026-08-04T06:48:56Z</end></TimeSpan><styleUrl>#point</styleUrl><Point><altitudeMode>clampToGround</altitudeMode><coordinates>11.828090557828546,46.620079558342695,1753.0999999999999</coordinates></Point></Placemark><Placemark><TimeSpan><begin>2026-08-04T06:48:56Z</begin><end>2026-08-04T06:49:06Z</end></TimeSpan><styleUrl>#point</styleUrl><Point><altitudeMode>clampToGround</altitudeMode><coordinates>11.827963823452592,46.620070757344365,1754.0599999999999</coordinates></Point></Placemark><Placemark><TimeSpan><begin>2026-08-04T06:49:06Z</begin><end>2026-08-04T06:49:23Z</end></TimeSpan><styleUrl>#point</styleUrl><Point><altitudeMode>clampToGround</altitudeMode><coordinates>11.828036243095994,46.620058687403798,1754.54</coordinates></Point></Placemark><Placemark><TimeSpan><begin>2026-08-04T06:49:23Z</begin><end>2026-08-04T06:49:38Z</end></TimeSpan><styleUrl>#point</styleUrl><Point><altitudeMode>clampToGround</altitudeMode><coordinates>11.827956615015864,46.620055167004466,1754.54</coordinates></Point></Placemark><Placemark><TimeSpan><begin>2026-08-04T06:49:38Z</begin><end>2026-08-04T06:49:50Z</end></TimeSpan><styleUrl>#point</styleUrl><Point><altitudeMode>clampToGround</altitudeMode><coordinates>11.827759556472301,46.62001384422183,1756.47</coordinates></Point></Placemark><Placemark><TimeSpan><begin>2026-08-04T06:49:50Z</begin><end>2026-08-04T06:50:00Z</end></TimeSpan><styleUrl>#point</styleUrl><Point><altitudeMode>clampToGround</altitudeMode><coordinates>11.827618153765798,46.619982328265905,1757.9100000000001</coordinates></Point></Placemark><Placemark><TimeSpan><begin>2026-08-04T06:50:00Z</begin><end>2026-08-04T06:50:12Z</end></TimeSpan><styleUrl>#point</styleUrl><Point><altitudeMode>clampToGround</altitudeMode><coordinates>11.8274609092623,46.619945028796792,1759.8299999999999</coordinates></Point></Placemark><Placemark><TimeSpan><begin>2026-08-04T06:50:12Z</begin><end>2026-08-04T06:50:23Z</end></TimeSpan><styleUrl>#point</styleUrl><Point><altitudeMode>clampToGround</altitudeMode><coordinates>11.827319171279669,46.61990680731833,1761.27</coordinates></Point></Placemark><Placemark><TimeSpan><begin>2026-08-04T06:50:23Z</begin><end>2026-08-04T06:50:35Z</end></TimeSpan><styleUrl>#point</styleUrl><Point><altitudeMode>clampToGround</altitudeMode><coordinates>11.827208111062646,46.61984084174037,1762.71</coordinates></Point></Placemark><Placemark><TimeSpan><begin>2026-08-04T06:50:35Z</begin><end>2026-08-04T06:50:38Z</end></TimeSpan><styleUrl>#point</styleUrl><Point><altitudeMode>clampToGround</altitudeMode><coordinates>11.827172404155135,46.619829693809152,1763.6800000000001</coordinates></Point></Placemark><Placemark><TimeSpan><begin>2026-08-04T06:50:38Z</begin><end>2026-08-04T06:50:49Z</end></TimeSpan><styleUrl>#point</styleUrl><Point><altitudeMode>clampToGround</altitudeMode><coordinates>11.827062349766493,46.619763309136033,1764.6400000000001</coordinates></Point></Placemark><Placemark><TimeSpan><begin>2026-08-04T06:50:49Z</begin><end>2026-08-04T06:50:59Z</end></TimeSpan><styleUrl>#point</styleUrl><Point><altitudeMode>clampToGround</altitudeMode><coordinates>11.826946847140789,46.619722489267588,1766.0799999999999</coordinates></Point></Placemark><Placemark><TimeSpan><begin>2026-08-04T06:50:59Z</begin><end>2026-08-04T06:51:11Z</end></TimeSpan><styleUrl>#point</styleUrl><Point><altitudeMode>clampToGround</altitudeMode><coordinates>11.826802343130112,46.619670437648892,1767.52</coordinates></Point></Placemark><Placemark><TimeSpan><begin>2026-08-04T06:51:11Z</begin><end>2026-08-04T06:51:23Z</end></TimeSpan><styleUrl>#point</styleUrl><Point><altitudeMode>clampToGround</altitudeMode><coordinates>11.826666388660669,46.619606902822852,1769.9200000000001</coordinates></Point></Placemark><Placemark><TimeSpan><begin>2026-08-04T06:51:23Z</begin><end>2026-08-04T06:51:26Z</end></TimeSpan><styleUrl>#point</styleUrl><Point><altitudeMode>clampToGround</altitudeMode><coordinates>11.826629256829619,46.619590222835541,1769.9200000000001</coordinates></Point></Placemark><Placemark><TimeSpan><begin>2026-08-04T06:51:26Z</begin><end>2026-08-04T06:51:39Z</end></TimeSpan><styleUrl>#point</styleUrl><Point><altitudeMode>clampToGround</altitudeMode><coordinates>11.826477041468024,46.619553258642554,1771.3699999999999</coordinates></Point></Placemark><Placemark><TimeSpan><begin>2026-08-04T06:51:39Z</begin><end>2026-08-04T06:51:55Z</end></TimeSpan><styleUrl>#point</styleUrl><Point><altitudeMode>clampToGround</altitudeMode><coordinates>11.826531859114766,46.619530124589801,1771.3699999999999</coordinates></Point></Placemark><Placemark><TimeSpan><begin>2026-08-04T06:51:55Z</begin><end>2026-08-04T06:52:08Z</end></TimeSpan><styleUrl>#point</styleUrl><Point><altitudeMode>clampToGround</altitudeMode><coordinates>11.826545940712094,46.619536746293306,1771.3699999999999</coordinates></Point></Placemark><Placemark><TimeSpan><begin>2026-08-04T06:52:08Z</begin><end>2026-08-04T06:52:19Z</end></TimeSpan><styleUrl>#point</styleUrl><Point><altitudeMode>clampToGround</altitudeMode><coordinates>11.826467486098409,46.619533812627196,1771.8499999999999</coordinates></Point></Placemark><Placemark><TimeSpan><begin>2026-08-04T06:52:19Z</begin><end>2026-08-04T06:52:34Z</end></TimeSpan><styleUrl>#point</styleUrl><Point><altitudeMode>clampToGround</altitudeMode><coordinates>11.826349971815944,46.619539260864258,1772.3299999999999</coordinates></Point></Placemark><Placemark><TimeSpan><begin>2026-08-04T06:52:34Z</begin><end>2026-08-04T06:52:43Z</end></TimeSpan><styleUrl>#point</styleUrl><Point><altitudeMode>clampToGround</altitudeMode><coordinates>11.826205803081393,46.619516965001822,1773.29</coordinates></Point></Placemark><Placemark><TimeSpan><begin>2026-08-04T06:52:43Z</begin><end>2026-08-04T06:52:54Z</end></TimeSpan><styleUrl>#point</styleUrl><Point><altitudeMode>clampToGround</altitudeMode><coordinates>11.82603606954217,46.619495842605829,1774.73</coordinates></Point></Placemark><Placemark><TimeSpan><begin>2026-08-04T06:52:54Z</begin><end>2026-08-04T06:53:05Z</end></TimeSpan><styleUrl>#point</styleUrl><Point><altitudeMode>clampToGround</altitudeMode><coordinates>11.825876729562879,46.619475390762091,1776.6500000000001</coordinates></Point></Placemark><Placemark><TimeSpan><begin>2026-08-04T06:53:05Z</begin><end>2026-08-04T06:53:18Z</end></TimeSpan><styleUrl>#point</styleUrl><Point><altitudeMode>clampToGround</altitudeMode><coordinates>11.825711354613304,46.619375729933381,1777.6099999999999</coordinates></Point></Placemark><Placemark><TimeSpan><begin>2026-08-04T06:53:18Z</begin><end>2026-08-04T06:53:28Z</end></TimeSpan><styleUrl>#point</styleUrl><Point><altitudeMode>clampToGround</altitudeMode><coordinates>11.825668103992939,46.619300041347742,1779.0599999999999</coordinates></Point></Placemark><Placemark><TimeSpan><begin>2026-08-04T06:53:28Z</begin><end>2026-08-04T06:53:39Z</end></TimeSpan><styleUrl>#point</styleUrl><Point><altitudeMode>clampToGround</altitudeMode><coordinates>11.825595600530505,46.619213037192822,1780.02</coordinates></Point></Placemark><Placemark><TimeSpan><begin>2026-08-04T06:53:39Z</begin><end>2026-08-04T06:53:50Z</end></TimeSpan><styleUrl>#point</styleUrl><Point><altitudeMode>clampToGround</altitudeMode><coordinates>11.825500214472413,46.619126703590155,1781.9400000000001</coordinates></Point></Placemark><Placemark><TimeSpan><begin>2026-08-04T06:53:50Z</begin><end>2026-08-04T06:54:04Z</end></TimeSpan><styleUrl>#point</styleUrl><Point><altitudeMode>clampToGround</altitudeMode><coordinates>11.825319584459066,46.618991754949093,1783.3800000000001</coordinates></Point></Placemark><Placemark><TimeSpan><begin>2026-08-04T06:54:04Z</begin><end>2026-08-04T06:54:16Z</end></TimeSpan><styleUrl>#point</styleUrl><Point><altitudeMode>clampToGround</altitudeMode><coordinates>11.82517021894455,46.618938781321049,1784.8199999999999</coordinates></Point></Placemark><Placemark><TimeSpan><begin>2026-08-04T06:54:16Z</begin><end>2026-08-04T06:54:28Z</end></TimeSpan><styleUrl>#point</styleUrl><Point><altitudeMode>clampToGround</altitudeMode><coordinates>11.825144654139876,46.618942469358444,1784.3399999999999</coordinates></Point></Placemark><Placemark><TimeSpan><begin>2026-08-04T06:54:28Z</begin><end>2026-08-04T06:54:51Z</end></TimeSpan><styleUrl>#point</styleUrl><Point><altitudeMode>clampToGround</altitudeMode><coordinates>11.825106013566256,46.618961915373802,1784.8199999999999</coordinates></Point></Placemark><Placemark><TimeSpan><begin>2026-08-04T06:54:51Z</begin><end>2026-08-04T06:55:02Z</end></TimeSpan><styleUrl>#point</styleUrl><Point><altitudeMode>clampToGround</altitudeMode><coordinates>11.82494692504406,46.618918245658278,1786.27</coordinates></Point></Placemark><Placemark><TimeSpan><begin>2026-08-04T06:55:02Z</begin><end>2026-08-04T06:55:15Z</end></TimeSpan><styleUrl>#point</styleUrl><Point><altitudeMode>clampToGround</altitudeMode><coordinates>11.824768641963601,46.618888908997178,1788.1900000000001</coordinates></Point></Placemark><Placemark><TimeSpan><begin>2026-08-04T06:55:15Z</begin><end>2026-08-04T06:55:25Z</end></TimeSpan><styleUrl>#point</styleUrl><Point><altitudeMode>clampToGround</altitudeMode><coordinates>11.824626568704844,46.618864350020885,1789.6300000000001</coordinates></Point></Placemark><Placemark><TimeSpan><begin>2026-08-04T06:55:25Z</begin><end>2026-08-04T06:55:40Z</end></TimeSpan><styleUrl>#point</styleUrl><Point><altitudeMode>clampToGround</altitudeMode><coordinates>11.824419116601348,46.618833839893341,1791.55</coordinates></Point></Placemark><Placemark><TimeSpan><begin>2026-08-04T06:55:40Z</begin><end>2026-08-04T06:55:53Z</end></TimeSpan><styleUrl>#point</styleUrl><Point><altitudeMode>clampToGround</altitudeMode><coordinates>11.824230020865798,46.618814980611205,1793.48</coordinates></Point></Placemark><Placemark><TimeSpan><begin>2026-08-04T06:55:53Z</begin><end>2026-08-04T06:56:03Z</end></TimeSpan><styleUrl>#point</styleUrl><Point><altitudeMode>clampToGround</altitudeMode><coordinates>11.824079062789679,46.618799474090338,1794.9200000000001</coordinates></Point></Placemark><Placemark><TimeSpan><begin>2026-08-04T06:56:03Z</begin><end>2026-08-04T06:56:13Z</end></TimeSpan><styleUrl>#point</styleUrl><Point><altitudeMode>clampToGround</altitudeMode><coordinates>11.823927937075496,46.618767790496349,1796.8399999999999</coordinates></Point></Placemark><Placemark><TimeSpan><begin>2026-08-04T06:56:13Z</begin><end>2026-08-04T06:56:24Z</end></TimeSpan><styleUrl>#point</styleUrl><Point><altitudeMode>clampToGround</altitudeMode><coordinates>11.823835819959641,46.618731580674648,1798.28</coordinates></Point></Placemark><Placemark><TimeSpan><begin>2026-08-04T06:56:24Z</begin><end>2026-08-04T06:56:45Z</end></TimeSpan><styleUrl>#point</styleUrl><Point><altitudeMode>clampToGround</altitudeMode><coordinates>11.823821319267154,46.618685144931078,1798.28</coordinates></Point></Placemark><Placemark><TimeSpan><begin>2026-08-04T06:56:45Z</begin><end>2026-08-04T06:57:04Z</end></TimeSpan><styleUrl>#point</styleUrl><Point><altitudeMode>clampToGround</altitudeMode><coordinates>11.823707912117243,46.618694951757789,1799.24</coordinates></Point></Placemark><Placemark><TimeSpan><begin>2026-08-04T06:57:04Z</begin><end>2026-08-04T06:57:14Z</end></TimeSpan><styleUrl>#point</styleUrl><Point><altitudeMode>clampToGround</altitudeMode><coordinates>11.823717886582017,46.618668464943767,1799.73</coordinates></Point></Placemark><Placemark><TimeSpan><begin>2026-08-04T06:57:14Z</begin><end>2026-08-04T06:57:43Z</end></TimeSpan><styleUrl>#point</styleUrl><Point><altitudeMode>clampToGround</altitudeMode><coordinates>11.823733812198043,46.618637703359127,1799.73</coordinates></Point></Placemark><Placemark><TimeSpan><begin>2026-08-04T06:57:43Z</begin><end>2026-08-04T06:57:55Z</end></TimeSpan><styleUrl>#point</styleUrl><Point><altitudeMode>clampToGround</altitudeMode><coordinates>11.823734566569328,46.618654886260629,1799.73</coordinates></Point></Placemark><Placemark><TimeSpan><begin>2026-08-04T06:57:55Z</begin><end>2026-08-04T06:58:10Z</end></TimeSpan><styleUrl>#point</styleUrl><Point><altitudeMode>clampToGround</altitudeMode><coordinates>11.823720233514905,46.618704423308372,1799.73</coordinates></Point></Placemark><Placemark><TimeSpan><begin>2026-08-04T06:58:10Z</begin><end>2026-08-04T06:58:23Z</end></TimeSpan><styleUrl>#point</styleUrl><Point><altitudeMode>clampToGround</altitudeMode><coordinates>11.823662398383021,46.61873945966363,1800.6900000000001</coordinates></Point></Placemark><Placemark><TimeSpan><begin>2026-08-04T06:58:23Z</begin><end>2026-08-04T06:58:30Z</end></TimeSpan><styleUrl>#point</styleUrl><Point><altitudeMode>clampToGround</altitudeMode><coordinates>11.823559300974011,46.618761839345098,1801.1700000000001</coordinates></Point></Placemark><Placemark><TimeSpan><begin>2026-08-04T06:58:30Z</begin><end>2026-08-04T06:58:32Z</end></TimeSpan><styleUrl>#point</styleUrl><Point><altitudeMode>clampToGround</altitudeMode><coordinates>11.823527617380023,46.618772400543094,1801.1700000000001</coordinates></Point></Placemark><Placemark><TimeSpan><begin>2026-08-04T06:58:32Z</begin><end>2026-08-04T06:58:36Z</end></TimeSpan><styleUrl>#point</styleUrl><Point><altitudeMode>clampToGround</altitudeMode><coordinates>11.8234683573246,46.618790337815881,1802.1300000000001</coordinates></Point></Placemark><Placemark><TimeSpan><begin>2026-08-04T06:58:36Z</begin><end>2026-08-04T06:58:49Z</end></TimeSpan><styleUrl>#point</styleUrl><Point><altitudeMode>clampToGround</altitudeMode><coordinates>11.823305413126945,46.618835180997849,1803.5699999999999</coordinates></Point></Placemark><Placemark><TimeSpan><begin>2026-08-04T06:58:49Z</begin><end>2026-08-04T06:58:52Z</end></TimeSpan><styleUrl>#point</styleUrl><Point><altitudeMode>clampToGround</altitudeMode><coordinates>11.823264844715595,46.618846328929067,1804.05</coordinates></Point></Placemark><Placemark><TimeSpan><begin>2026-08-04T06:58:52Z</begin><end>2026-08-04T06:59:05Z</end></TimeSpan><styleUrl>#point</styleUrl><Point><altitudeMode>clampToGround</altitudeMode><coordinates>11.823086645454168,46.61888019181788,1805.97</coordinates></Point></Placemark><Placemark><TimeSpan><begin>2026-08-04T06:59:05Z</begin><end>2026-08-04T06:59:16Z</end></TimeSpan><styleUrl>#point</styleUrl><Point><altitudeMode>clampToGround</altitudeMode><coordinates>11.82293769903481,46.618876419961452,1806.9400000000001</coordinates></Point></Placemark><Placemark><TimeSpan><begin>2026-08-04T06:59:16Z</begin><end>2026-08-04T06:59:29Z</end></TimeSpan><styleUrl>#point</styleUrl><Point><altitudeMode>clampToGround</altitudeMode><coordinates>11.822743825614452,46.618811041116714,1809.3399999999999</coordinates></Point></Placemark><Placemark><TimeSpan><begin>2026-08-04T06:59:29Z</begin><end>2026-08-04T06:59:40Z</end></TimeSpan><styleUrl>#point</styleUrl><Point><altitudeMode>clampToGround</altitudeMode><coordinates>11.822639806196094,46.618741890415549,1810.78</coordinates></Point></Placemark><Placemark><TimeSpan><begin>2026-08-04T06:59:40Z</begin><end>2026-08-04T06:59:52Z</end></TimeSpan><styleUrl>#point</styleUrl><Point><altitudeMode>clampToGround</altitudeMode><coordinates>11.822551125660539,46.61865396425128,1812.7</coordinates></Point></Placemark><Placemark><TimeSpan><begin>2026-08-04T06:59:52Z</begin><end>2026-08-04T07:00:03Z</end></TimeSpan><styleUrl>#point</styleUrl><Point><altitudeMode>clampToGround</altitudeMode><coordinates>11.822500750422478,46.618588082492352,1814.1500000000001</coordinates></Point></Placemark><Placemark><TimeSpan><begin>2026-08-04T07:00:03Z</begin><end>2026-08-04T07:00:15Z</end></TimeSpan><styleUrl>#point</styleUrl><Point><altitudeMode>clampToGround</altitudeMode><coordinates>11.8224823102355,46.618575258180499,1814.1500000000001</coordinates></Point></Placemark><Placemark><TimeSpan><begin>2026-08-04T07:00:15Z</begin><end>2026-08-04T07:00:30Z</end></TimeSpan><styleUrl>#point</styleUrl><Point><altitudeMode>clampToGround</altitudeMode><coordinates>11.822432605549693,46.618518512696028,1814.6300000000001</coordinates></Point></Placemark><Placemark><TimeSpan><begin>2026-08-04T07:00:30Z</begin><end>2026-08-04T07:00:43Z</end></TimeSpan><styleUrl>#point</styleUrl><Point><altitudeMode>clampToGround</altitudeMode><coordinates>11.82231861166656,46.618429580703378,1817.03</coordinates></Point></Placemark><Placemark><TimeSpan><begin>2026-08-04T07:00:43Z</begin><end>2026-08-04T07:00:54Z</end></TimeSpan><styleUrl>#point</styleUrl><Point><altitudeMode>clampToGround</altitudeMode><coordinates>11.822242755442858,46.618361687287688,1818.47</coordinates></Point></Placemark><Placemark><TimeSpan><begin>2026-08-04T07:00:54Z</begin><end>2026-08-04T07:01:08Z</end></TimeSpan><styleUrl>#point</styleUrl><Point><altitudeMode>clampToGround</altitudeMode><coordinates>11.822107387706637,46.618289770558476,1820.3900000000001</coordinates></Point></Placemark><Placemark><TimeSpan><begin>2026-08-04T07:01:08Z</begin><end>2026-08-04T07:01:18Z</end></TimeSpan><styleUrl>#point</styleUrl><Point><altitudeMode>clampToGround</altitudeMode><coordinates>11.821998087689281,46.618253141641617,1821.8399999999999</coordinates></Point></Placemark><Placemark><TimeSpan><begin>2026-08-04T07:01:18Z</begin><end>2026-08-04T07:01:30Z</end></TimeSpan><styleUrl>#point</styleUrl><Point><altitudeMode>clampToGround</altitudeMode><coordinates>11.82181871496141,46.618162868544459,1823.76</coordinates></Point></Placemark><Placemark><TimeSpan><begin>2026-08-04T07:01:30Z</begin><end>2026-08-04T07:01:41Z</end></TimeSpan><styleUrl>#point</styleUrl><Point><altitudeMode>clampToGround</altitudeMode><coordinates>11.821653759106994,46.618108721449971,1824.72</coordinates></Point></Placemark><Placemark><TimeSpan><begin>2026-08-04T07:01:41Z</begin><end>2026-08-04T07:01:56Z</end></TimeSpan><styleUrl>#point</styleUrl><Point><altitudeMode>clampToGround</altitudeMode><coordinates>11.821447564288974,46.618046276271343,1827.1199999999999</coordinates></Point></Placemark><Placemark><TimeSpan><begin>2026-08-04T07:01:56Z</begin><end>2026-08-04T07:02:07Z</end></TimeSpan><styleUrl>#point</styleUrl><Point><altitudeMode>clampToGround</altitudeMode><coordinates>11.821308089420199,46.617997074499726,1828.5599999999999</coordinates></Point></Placemark><Placemark><TimeSpan><begin>2026-08-04T07:02:07Z</begin><end>2026-08-04T07:02:20Z</end></TimeSpan><styleUrl>#point</styleUrl><Point><altitudeMode>clampToGround</altitudeMode><coordinates>11.82116006501019,46.617948208004236,1830.49</coordinates></Point></Placemark><Placemark><TimeSpan><begin>2026-08-04T07:02:20Z</begin><end>2026-08-04T07:02:33Z</end></TimeSpan><styleUrl>#point</styleUrl><Point><altitudeMode>clampToGround</altitudeMode><coordinates>11.821161406114697,46.617922727018595,1830.49</coordinates></Point></Placemark><Placemark><TimeSpan><begin>2026-08-04T07:02:33Z</begin><end>2026-08-04T07:02:46Z</end></TimeSpan><styleUrl>#point</styleUrl><Point><altitudeMode>clampToGround</altitudeMode><coordinates>11.820994857698679,46.617890121415257,1831.9300000000001</coordinates></Point></Placemark><Placemark><TimeSpan><begin>2026-08-04T07:02:46Z</begin><end>2026-08-04T07:02:58Z</end></TimeSpan><styleUrl>#point</styleUrl><Point><altitudeMode>clampToGround</altitudeMode><coordinates>11.82083367370069,46.617849133908749,1833.3699999999999</coordinates></Point></Placemark><Placemark><TimeSpan><begin>2026-08-04T07:02:58Z</begin><end>2026-08-04T07:03:10Z</end></TimeSpan><styleUrl>#point</styleUrl><Point><altitudeMode>clampToGround</altitudeMode><coordinates>11.820681458339095,46.617787359282374,1834.8099999999999</coordinates></Point></Placemark><Placemark><TimeSpan><begin>2026-08-04T07:03:10Z</begin><end>2026-08-04T07:03:21Z</end></TimeSpan><styleUrl>#point</styleUrl><Point><altitudeMode>clampToGround</altitudeMode><coordinates>11.820567464455962,46.617709742859006,1836.26</coordinates></Point></Placemark><Placemark><TimeSpan><begin>2026-08-04T07:03:21Z</begin><end>2026-08-04T07:03:30Z</end></TimeSpan><styleUrl>#point</styleUrl><Point><altitudeMode>clampToGround</altitudeMode><coordinates>11.82048138231039,46.617733715102077,1836.74</coordinates></Point></Placemark><Placemark><TimeSpan><begin>2026-08-04T07:03:30Z</begin><end>2026-08-04T07:03:43Z</end></TimeSpan><styleUrl>#point</styleUrl><Point><altitudeMode>clampToGround</altitudeMode><coordinates>11.820478951558471,46.617739163339138,1837.22</coordinates></Point></Placemark><Placemark><TimeSpan><begin>2026-08-04T07:03:43Z</begin><end>2026-08-04T07:03:44Z</end></TimeSpan><styleUrl>#point</styleUrl><Point><altitudeMode>clampToGround</altitudeMode><coordinates>11.820477358996868,46.617732206359506,1837.22</coordinates></Point></Placemark><Placemark><TimeSpan><begin>2026-08-04T07:03:44Z</begin><end>2026-08-04T07:03:52Z</end></TimeSpan><styleUrl>#point</styleUrl><Point><altitudeMode>clampToGround</altitudeMode><coordinates>11.820429498329759,46.617645621299744,1837.22</coordinates></Point></Placemark><Placemark><TimeSpan><begin>2026-08-04T07:03:52Z</begin><end>2026-08-04T07:04:03Z</end></TimeSpan><styleUrl>#point</styleUrl><Point><altitudeMode>clampToGround</altitudeMode><coordinates>11.820288095623255,46.61758191883564,1838.1800000000001</coordinates></Point></Placemark><Placemark><TimeSpan><begin>2026-08-04T07:04:03Z</begin><end>2026-08-04T07:04:18Z</end></TimeSpan><styleUrl>#point</styleUrl><Point><altitudeMode>clampToGround</altitudeMode><coordinates>11.820041500031948,46.617554426193237,1839.1400000000001</coordinates></Point></Placemark><Placemark><TimeSpan><begin>2026-08-04T07:04:18Z</begin><end>2026-08-04T07:04:33Z</end></TimeSpan><styleUrl>#point</styleUrl><Point><altitudeMode>clampToGround</altitudeMode><coordinates>11.819766908884048,46.617536069825292,1840.5799999999999</coordinates></Point></Placemark><Placemark><TimeSpan><begin>2026-08-04T07:04:33Z</begin><end>2026-08-04T07:04:46Z</end></TimeSpan><styleUrl>#point</styleUrl><Point><altitudeMode>clampToGround</altitudeMode><coordinates>11.819525677710772,46.617517797276378,1842.02</coordinates></Point></Placemark><Placemark><TimeSpan><begin>2026-08-04T07:04:46Z</begin><end>2026-08-04T07:04:49Z</end></TimeSpan><styleUrl>#point</styleUrl><Point><altitudeMode>clampToGround</altitudeMode><coordinates>11.819477649405599,46.617517713457346,1842.5</coordinates></Point></Placemark><Placemark><TimeSpan><begin>2026-08-04T07:04:49Z</begin><end>2026-08-04T07:05:04Z</end></TimeSpan><styleUrl>#point</styleUrl><Point><altitudeMode>clampToGround</altitudeMode><coordinates>11.819384275004268,46.617498267441988,1842.98</coordinates></Point></Placemark><Placemark><TimeSpan><begin>2026-08-04T07:05:04Z</begin><end>2026-08-04T07:05:25Z</end></TimeSpan><styleUrl>#point</styleUrl><Point><altitudeMode>clampToGround</altitudeMode><coordinates>11.819391399621964,46.617507487535477,1842.98</coordinates></Point></Placemark><Placemark><TimeSpan><begin>2026-08-04T07:05:25Z</begin><end>2026-08-04T07:05:37Z</end></TimeSpan><styleUrl>#point</styleUrl><Point><altitudeMode>clampToGround</altitudeMode><coordinates>11.819210182875395,46.617479743435979,1842.98</coordinates></Point></Placemark><Placemark><TimeSpan><begin>2026-08-04T07:05:37Z</begin><end>2026-08-04T07:05:51Z</end></TimeSpan><styleUrl>#point</styleUrl><Point><altitudeMode>clampToGround</altitudeMode><coordinates>11.818993343040347,46.617408161982894,1844.4300000000001</coordinates></Point></Placemark><Placemark><TimeSpan><begin>2026-08-04T07:05:51Z</begin><end>2026-08-04T07:06:04Z</end></TimeSpan><styleUrl>#point</styleUrl><Point><altitudeMode>clampToGround</altitudeMode><coordinates>11.818810030817986,46.617364156991243,1845.3900000000001</coordinates></Point></Placemark><Placemark><TimeSpan><begin>2026-08-04T07:06:04Z</begin><end>2026-08-04T07:06:19Z</end></TimeSpan><styleUrl>#point</styleUrl><Point><altitudeMode>clampToGround</altitudeMode><coordinates>11.818563183769584,46.61733565852046,1846.3499999999999</coordinates></Point></Placemark><Placemark><TimeSpan><begin>2026-08-04T07:06:19Z</begin><end>2026-08-04T07:06:32Z</end></TimeSpan><styleUrl>#point</styleUrl><Point><altitudeMode>clampToGround</altitudeMode><coordinates>11.818434521555901,46.617299197241664,1846.8299999999999</coordinates></Point></Placemark><Placemark><TimeSpan><begin>2026-08-04T07:06:32Z</begin><end>2026-08-04T07:06:44Z</end></TimeSpan><styleUrl>#point</styleUrl><Point><altitudeMode>clampToGround</altitudeMode><coordinates>11.818392025306821,46.617268938571215,1847.3099999999999</coordinates></Point></Placemark><Placemark><TimeSpan><begin>2026-08-04T07:06:44Z</begin><end>2026-08-04T07:07:04Z</end></TimeSpan><styleUrl>#point</styleUrl><Point><altitudeMode>clampToGround</altitudeMode><coordinates>11.818362101912498,46.617290060967207,1847.3099999999999</coordinates></Point></Placemark><Placemark><TimeSpan><begin>2026-08-04T07:07:04Z</begin><end>2026-08-04T07:07:19Z</end></TimeSpan><styleUrl>#point</styleUrl><Point><altitudeMode>clampToGround</altitudeMode><coordinates>11.818330250680447,46.617285702377558,1847.79</coordinates></Point></Placemark><Placemark><TimeSpan><begin>2026-08-04T07:07:19Z</begin><end>2026-08-04T07:07:26Z</end></TimeSpan><styleUrl>#point</styleUrl><Point><altitudeMode>clampToGround</altitudeMode><coordinates>11.81826931424439,46.617274470627308,1847.79</coordinates></Point></Placemark><Placemark><TimeSpan><begin>2026-08-04T07:07:26Z</begin><end>2026-08-04T07:07:40Z</end></TimeSpan><styleUrl>#point</styleUrl><Point><altitudeMode>clampToGround</altitudeMode><coordinates>11.818121457472444,46.617209175601602,1848.27</coordinates></Point></Placemark><Placemark><TimeSpan><begin>2026-08-04T07:07:40Z</begin><end>2026-08-04T07:07:59Z</end></TimeSpan><styleUrl>#point</styleUrl><Point><altitudeMode>clampToGround</altitudeMode><coordinates>11.818113746121526,46.617193669080734,1848.75</coordinates></Point></Placemark><Placemark><TimeSpan><begin>2026-08-04T07:07:59Z</begin><end>2026-08-04T07:08:15Z</end></TimeSpan><styleUrl>#point</styleUrl><Point><altitudeMode>clampToGround</altitudeMode><coordinates>11.818112321197987,46.617202302441001,1848.75</coordinates></Point></Placemark><Placemark><TimeSpan><begin>2026-08-04T07:08:15Z</begin><end>2026-08-04T07:08:24Z</end></TimeSpan><styleUrl>#point</styleUrl><Point><altitudeMode>clampToGround</altitudeMode><coordinates>11.818040572106838,46.617182437330484,1848.75</coordinates></Point></Placemark><Placemark><TimeSpan><begin>2026-08-04T07:08:24Z</begin><end>2026-08-04T07:08:34Z</end></TimeSpan><styleUrl>#point</styleUrl><Point><altitudeMode>clampToGround</altitudeMode><coordinates>11.818048534914851,46.617218814790249,1848.75</coordinates></Point></Placemark><Placemark><TimeSpan><begin>2026-08-04T07:08:34Z</begin><end>2026-08-04T07:08:45Z</end></TimeSpan><styleUrl>#point</styleUrl><Point><altitudeMode>clampToGround</altitudeMode><coordinates>11.817863881587982,46.617212276905775,1849.23</coordinates></Point></Placemark><Placemark><TimeSpan><begin>2026-08-04T07:08:45Z</begin><end>2026-08-04T07:08:58Z</end></TimeSpan><styleUrl>#point</styleUrl><Point><altitudeMode>clampToGround</altitudeMode><coordinates>11.817659698426723,46.617243541404605,1850.1900000000001</coordinates></Point></Placemark><Placemark><TimeSpan><begin>2026-08-04T07:08:58Z</begin><end>2026-08-04T07:09:09Z</end></TimeSpan><styleUrl>#point</styleUrl><Point><altitudeMode>clampToGround</altitudeMode><coordinates>11.81764000095427,46.617234321311116,1850.1900000000001</coordinates></Point></Placemark><Placemark><TimeSpan><begin>2026-08-04T07:09:09Z</begin><end>2026-08-04T07:09:20Z</end></TimeSpan><styleUrl>#point</styleUrl><Point><altitudeMode>clampToGround</altitudeMode><coordinates>11.817485941573977,46.617274638265371,1851.6400000000001</coordinates></Point></Placemark><Placemark><TimeSpan><begin>2026-08-04T07:09:20Z</begin><end>2026-08-04T07:09:22Z</end></TimeSpan><styleUrl>#point</styleUrl><Point><altitudeMode>clampToGround</altitudeMode><coordinates>11.817459538578987,46.617283942177892,1852.1199999999999</coordinates></Point></Placemark><Placemark><TimeSpan><begin>2026-08-04T07:09:22Z</begin><end>2026-08-04T07:09:31Z</end></TimeSpan><styleUrl>#point</styleUrl><Point><altitudeMode>clampToGround</altitudeMode><coordinates>11.817338336259127,46.617322666570544,1853.5599999999999</coordinates></Point></Placemark><Placemark><TimeSpan><begin>2026-08-04T07:09:31Z</begin><end>2026-08-04T07:09:33Z</end></TimeSpan><styleUrl>#point</styleUrl><Point><altitudeMode>clampToGround</altitudeMode><coordinates>11.817317130044103,46.617330964654684,1853.5599999999999</coordinates></Point></Placemark><Placemark><TimeSpan><begin>2026-08-04T07:09:33Z</begin><end>2026-08-04T07:09:45Z</end></TimeSpan><styleUrl>#point</styleUrl><Point><altitudeMode>clampToGround</altitudeMode><coordinates>11.817140355706215,46.617383435368538,1855</coordinates></Point></Placemark><Placemark><TimeSpan><begin>2026-08-04T07:09:45Z</begin><end>2026-08-04T07:09:47Z</end></TimeSpan><styleUrl>#point</styleUrl><Point><altitudeMode>clampToGround</altitudeMode><coordinates>11.817112946882844,46.617390224710107,1855.48</coordinates></Point></Placemark><Placemark><TimeSpan><begin>2026-08-04T07:09:47Z</begin><end>2026-08-04T07:09:49Z</end></TimeSpan><styleUrl>#point</styleUrl><Point><altitudeMode>clampToGround</altitudeMode><coordinates>11.817082101479173,46.617396092042327,1855.96</coordinates></Point></Placemark><Placemark><TimeSpan><begin>2026-08-04T07:09:49Z</begin><end>2026-08-04T07:09:57Z</end></TimeSpan><styleUrl>#point</styleUrl><Point><altitudeMode>clampToGround</altitudeMode><coordinates>11.816967688500881,46.617447976022959,1856.4400000000001</coordinates></Point></Placemark><Placemark><TimeSpan><begin>2026-08-04T07:09:57Z</begin><end>2026-08-04T07:10:04Z</end></TimeSpan><styleUrl>#point</styleUrl><Point><altitudeMode>clampToGround</altitudeMode><coordinates>11.816858137026429,46.617460381239653,1857.8900000000001</coordinates></Point></Placemark><Placemark><TimeSpan><begin>2026-08-04T07:10:04Z</begin><end>2026-08-04T07:10:11Z</end></TimeSpan><styleUrl>#point</styleUrl><Point><altitudeMode>clampToGround</altitudeMode><coordinates>11.816758643835783,46.617485946044326,1858.3699999999999</coordinates></Point></Placemark><Placemark><TimeSpan><begin>2026-08-04T07:10:11Z</begin><end>2026-08-04T07:10:19Z</end></TimeSpan><styleUrl>#point</styleUrl><Point><altitudeMode>clampToGround</altitudeMode><coordinates>11.816639201715589,46.617513690143824,1859.3299999999999</coordinates></Point></Placemark><Placemark><TimeSpan><begin>2026-08-04T07:10:19Z</begin><end>2026-08-04T07:10:31Z</end></TimeSpan><styleUrl>#point</styleUrl><Point><altitudeMode>clampToGround</altitudeMode><coordinates>11.816454296931624,46.617526765912771,1860.77</coordinates></Point></Placemark><Placemark><TimeSpan><begin>2026-08-04T07:10:31Z</begin><end>2026-08-04T07:10:43Z</end></TimeSpan><styleUrl>#point</styleUrl><Point><altitudeMode>clampToGround</altitudeMode><coordinates>11.816275091841817,46.617540763691068,1861.73</coordinates></Point></Placemark><Placemark><TimeSpan><begin>2026-08-04T07:10:43Z</begin><end>2026-08-04T07:10:47Z</end></TimeSpan><styleUrl>#point</styleUrl><Point><altitudeMode>clampToGround</altitudeMode><coordinates>11.816218430176377,46.617550319060683,1862.21</coordinates></Point></Placemark><Placemark><TimeSpan><begin>2026-08-04T07:10:47Z</begin><end>2026-08-04T07:10:55Z</end></TimeSpan><styleUrl>#point</styleUrl><Point><altitudeMode>clampToGround</altitudeMode><coordinates>11.816111309453845,46.617569345980883,1863.6500000000001</coordinates></Point></Placemark><Placemark><TimeSpan><begin>2026-08-04T07:10:55Z</begin><end>2026-08-04T07:11:07Z</end></TimeSpan><styleUrl>#point</styleUrl><Point><altitudeMode>clampToGround</altitudeMode><coordinates>11.8159771990031,46.617661211639643,1865.5799999999999</coordinates></Point></Placemark><Placemark><TimeSpan><begin>2026-08-04T07:11:07Z</begin><end>2026-08-04T07:11:20Z</end></TimeSpan><styleUrl>#point</styleUrl><Point><altitudeMode>clampToGround</altitudeMode><coordinates>11.815985916182399,46.617776630446315,1867.98</coordinates></Point></Placemark><Placemark><TimeSpan><begin>2026-08-04T07:11:20Z</begin><end>2026-08-04T07:11:31Z</end></TimeSpan><styleUrl>#point</styleUrl><Point><altitudeMode>clampToGround</altitudeMode><coordinates>11.816038638353348,46.617860617116094,1868.9400000000001</coordinates></Point></Placemark><Placemark><TimeSpan><begin>2026-08-04T07:11:31Z</begin><end>2026-08-04T07:11:44Z</end></TimeSpan><styleUrl>#point</styleUrl><Point><altitudeMode>clampToGround</altitudeMode><coordinates>11.816058252006769,46.617897329851985,1869.4200000000001</coordinates></Point></Placemark><Placemark><TimeSpan><begin>2026-08-04T07:11:44Z</begin><end>2026-08-04T07:11:54Z</end></TimeSpan><styleUrl>#point</styleUrl><Point><altitudeMode>clampToGround</altitudeMode><coordinates>11.816063616424799,46.617877297103405,1869.4200000000001</coordinates></Point></Placemark><Placemark><TimeSpan><begin>2026-08-04T07:11:54Z</begin><end>2026-08-04T07:12:07Z</end></TimeSpan><styleUrl>#point</styleUrl><Point><altitudeMode>clampToGround</altitudeMode><coordinates>11.816120948642492,46.617918284609914,1870.3800000000001</coordinates></Point></Placemark><Placemark><TimeSpan><begin>2026-08-04T07:12:07Z</begin><end>2026-08-04T07:12:08Z</end></TimeSpan><styleUrl>#point</styleUrl><Point><altitudeMode>clampToGround</altitudeMode><coordinates>11.816127486526966,46.617924571037292,1870.3800000000001</coordinates></Point></Placemark><Placemark><TimeSpan><begin>2026-08-04T07:12:08Z</begin><end>2026-08-04T07:12:18Z</end></TimeSpan><styleUrl>#point</styleUrl><Point><altitudeMode>clampToGround</altitudeMode><coordinates>11.816209210082889,46.617990033701062,1871.3399999999999</coordinates></Point></Placemark><Placemark><TimeSpan><begin>2026-08-04T07:12:18Z</begin><end>2026-08-04T07:12:28Z</end></TimeSpan><styleUrl>#point</styleUrl><Point><altitudeMode>clampToGround</altitudeMode><coordinates>11.816294370219111,46.618055077269673,1872.79</coordinates></Point></Placemark><Placemark><TimeSpan><begin>2026-08-04T07:12:28Z</begin><end>2026-08-04T07:12:39Z</end></TimeSpan><styleUrl>#point</styleUrl><Point><altitudeMode>clampToGround</altitudeMode><coordinates>11.816401239484549,46.61812674254179,1874.23</coordinates></Point></Placemark><Placemark><TimeSpan><begin>2026-08-04T07:12:39Z</begin><end>2026-08-04T07:12:50Z</end></TimeSpan><styleUrl>#point</styleUrl><Point><altitudeMode>clampToGround</altitudeMode><coordinates>11.816483633592725,46.618190361186862,1875.6700000000001</coordinates></Point></Placemark><Placemark><TimeSpan><begin>2026-08-04T07:12:50Z</begin><end>2026-08-04T07:12:59Z</end></TimeSpan><styleUrl>#point</styleUrl><Point><altitudeMode>clampToGround</altitudeMode><coordinates>11.816547084599733,46.618258086964488,1877.1099999999999</coordinates></Point></Placemark><Placemark><TimeSpan><begin>2026-08-04T07:12:59Z</begin><end>2026-08-04T07:13:09Z</end></TimeSpan><styleUrl>#point</styleUrl><Point><altitudeMode>clampToGround</altitudeMode><coordinates>11.816640123724937,46.618331596255302,1878.0699999999999</coordinates></Point></Placemark><Placemark><TimeSpan><begin>2026-08-04T07:13:09Z</begin><end>2026-08-04T07:13:19Z</end></TimeSpan><styleUrl>#point</styleUrl><Point><altitudeMode>clampToGround</altitudeMode><coordinates>11.816730899736285,46.61841306835413,1879.03</coordinates></Point></Placemark><Placemark><TimeSpan><begin>2026-08-04T07:13:19Z</begin><end>2026-08-04T07:13:29Z</end></TimeSpan><styleUrl>#point</styleUrl><Point><altitudeMode>clampToGround</altitudeMode><coordinates>11.816821340471506,46.618485236540437,1880.96</coordinates></Point></Placemark><Placemark><TimeSpan><begin>2026-08-04T07:13:29Z</begin><end>2026-08-04T07:13:41Z</end></TimeSpan><styleUrl>#point</styleUrl><Point><altitudeMode>clampToGround</altitudeMode><coordinates>11.816870290786028,46.618588250130415,1882.4000000000001</coordinates></Point></Placemark><Placemark><TimeSpan><begin>2026-08-04T07:13:41Z</begin><end>2026-08-04T07:13:53Z</end></TimeSpan><styleUrl>#point</styleUrl><Point><altitudeMode>clampToGround</altitudeMode><coordinates>11.816885126754642,46.618694784119725,1883.3599999999999</coordinates></Point></Placemark><Placemark><TimeSpan><begin>2026-08-04T07:13:53Z</begin><end>2026-08-04T07:14:05Z</end></TimeSpan><styleUrl>#point</styleUrl><Point><altitudeMode>clampToGround</altitudeMode><coordinates>11.81687381118536,46.618800144642591,1884.8</coordinates></Point></Placemark><Placemark><TimeSpan><begin>2026-08-04T07:14:05Z</begin><end>2026-08-04T07:14:16Z</end></TimeSpan><styleUrl>#point</styleUrl><Point><altitudeMode>clampToGround</altitudeMode><coordinates>11.816866518929601,46.618915563449264,1886.72</coordinates></Point></Placemark><Placemark><TimeSpan><begin>2026-08-04T07:14:16Z</begin><end>2026-08-04T07:14:27Z</end></TimeSpan><styleUrl>#point</styleUrl><Point><altitudeMode>clampToGround</altitudeMode><coordinates>11.816899040713906,46.619031233713031,1888.1700000000001</coordinates></Point></Placemark><Placemark><TimeSpan><begin>2026-08-04T07:14:27Z</begin><end>2026-08-04T07:14:38Z</end></TimeSpan><styleUrl>#point</styleUrl><Point><altitudeMode>clampToGround</altitudeMode><coordinates>11.816966766491532,46.619128882884979,1889.6099999999999</coordinates></Point></Placemark><Placemark><TimeSpan><begin>2026-08-04T07:14:38Z</begin><end>2026-08-04T07:14:48Z</end></TimeSpan><styleUrl>#point</styleUrl><Point><altitudeMode>clampToGround</altitudeMode><coordinates>11.817028876394033,46.619231561198831,1891.05</coordinates></Point></Placemark><Placemark><TimeSpan><begin>2026-08-04T07:14:48Z</begin><end>2026-08-04T07:15:00Z</end></TimeSpan><styleUrl>#point</styleUrl><Point><altitudeMode>clampToGround</altitudeMode><coordinates>11.817074893042445,46.619369946420193,1892.97</coordinates></Point></Placemark><Placemark><TimeSpan><begin>2026-08-04T07:15:00Z</begin><end>2026-08-04T07:15:11Z</end></TimeSpan><styleUrl>#point</styleUrl><Point><altitudeMode>clampToGround</altitudeMode><coordinates>11.81707950308919,46.61948905326426,1893.9300000000001</coordinates></Point></Placemark><Placemark><TimeSpan><begin>2026-08-04T07:15:11Z</begin><end>2026-08-04T07:15:23Z</end></TimeSpan><styleUrl>#point</styleUrl><Point><altitudeMode>clampToGround</altitudeMode><coordinates>11.817090902477503,46.619608160108328,1895.3800000000001</coordinates></Point></Placemark><Placemark><TimeSpan><begin>2026-08-04T07:15:23Z</begin><end>2026-08-04T07:15:34Z</end></TimeSpan><styleUrl>#point</styleUrl><Point><altitudeMode>clampToGround</altitudeMode><coordinates>11.817134572193027,46.619718046858907,1897.3</coordinates></Point></Placemark><Placemark><TimeSpan><begin>2026-08-04T07:15:34Z</begin><end>2026-08-04T07:15:46Z</end></TimeSpan><styleUrl>#point</styleUrl><Point><altitudeMode>clampToGround</altitudeMode><coordinates>11.817203052341938,46.619832795113325,1898.74</coordinates></Point></Placemark><Placemark><TimeSpan><begin>2026-08-04T07:15:46Z</begin><end>2026-08-04T07:15:56Z</end></TimeSpan><styleUrl>#point</styleUrl><Point><altitudeMode>clampToGround</altitudeMode><coordinates>11.817123340442777,46.61989264190197,1899.7</coordinates></Point></Placemark><Placemark><TimeSpan><begin>2026-08-04T07:15:56Z</begin><end>2026-08-04T07:15:59Z</end></TimeSpan><styleUrl>#point</styleUrl><Point><altitudeMode>clampToGround</altitudeMode><coordinates>11.81708394549787,46.619880991056561,1900.1800000000001</coordinates></Point></Placemark><Placemark><TimeSpan><begin>2026-08-04T07:15:59Z</begin><end>2026-08-04T07:16:11Z</end></TimeSpan><styleUrl>#point</styleUrl><Point><altitudeMode>clampToGround</altitudeMode><coordinates>11.816988559439778,46.619811253622174,1902.1099999999999</coordinates></Point></Placemark><Placemark><TimeSpan><begin>2026-08-04T07:16:11Z</begin><end>2026-08-04T07:16:20Z</end></TimeSpan><styleUrl>#point</styleUrl><Point><altitudeMode>clampToGround</altitudeMode><coordinates>11.816901471465826,46.619776552543044,1903.0699999999999</coordinates></Point></Placemark><Placemark><TimeSpan><begin>2026-08-04T07:16:20Z</begin><end>2026-08-04T07:16:30Z</end></TimeSpan><styleUrl>#point</styleUrl><Point><altitudeMode>clampToGround</altitudeMode><coordinates>11.816769791767001,46.619742438197136,1904.03</coordinates></Point></Placemark><Placemark><TimeSpan><begin>2026-08-04T07:16:30Z</begin><end>2026-08-04T07:16:42Z</end></TimeSpan><styleUrl>#point</styleUrl><Point><altitudeMode>clampToGround</altitudeMode><coordinates>11.816554795950651,46.619718465954065,1905.47</coordinates></Point></Placemark><Placemark><TimeSpan><begin>2026-08-04T07:16:42Z</begin><end>2026-08-04T07:16:52Z</end></TimeSpan><styleUrl>#point</styleUrl><Point><altitudeMode>clampToGround</altitudeMode><coordinates>11.816419679671526,46.619699858129025,1906.9100000000001</coordinates></Point></Placemark><Placemark><TimeSpan><begin>2026-08-04T07:16:52Z</begin><end>2026-08-04T07:17:04Z</end></TimeSpan><styleUrl>#point</styleUrl><Point><altitudeMode>clampToGround</altitudeMode><coordinates>11.816299399361014,46.619661552831531,1907.8699999999999</coordinates></Point></Placemark><Placemark><TimeSpan><begin>2026-08-04T07:17:04Z</begin><end>2026-08-04T07:17:16Z</end></TimeSpan><styleUrl>#point</styleUrl><Point><altitudeMode>clampToGround</altitudeMode><coordinates>11.816260004416108,46.619624672457576,1908.3499999999999</coordinates></Point></Placemark><Placemark><TimeSpan><begin>2026-08-04T07:17:16Z</begin><end>2026-08-04T07:17:30Z</end></TimeSpan><styleUrl>#point</styleUrl><Point><altitudeMode>clampToGround</altitudeMode><coordinates>11.816289257258177,46.61960044875741,1908.3499999999999</coordinates></Point></Placemark><Placemark><TimeSpan><begin>2026-08-04T07:17:30Z</begin><end>2026-08-04T07:17:48Z</end></TimeSpan><styleUrl>#point</styleUrl><Point><altitudeMode>clampToGround</altitudeMode><coordinates>11.81632412597537,46.619580499827862,1908.3499999999999</coordinates></Point></Placemark><Placemark><TimeSpan><begin>2026-08-04T07:17:48Z</begin><end>2026-08-04T07:18:13Z</end></TimeSpan><styleUrl>#point</styleUrl><Point><altitudeMode>clampToGround</altitudeMode><coordinates>11.81636075489223,46.619558623060584,1908.8299999999999</coordinates></Point></Placemark><Placemark><TimeSpan><begin>2026-08-04T07:18:13Z</begin><end>2026-08-04T07:18:32Z</end></TimeSpan><styleUrl>#point</styleUrl><Point><altitudeMode>clampToGround</altitudeMode><coordinates>11.816258830949664,46.61956281401217,1908.8299999999999</coordinates></Point></Placemark><Placemark><TimeSpan><begin>2026-08-04T07:18:32Z</begin><end>2026-08-04T07:18:50Z</end></TimeSpan><styleUrl>#point</styleUrl><Point><altitudeMode>clampToGround</altitudeMode><coordinates>11.816146932542324,46.619580248370767,1909.3199999999999</coordinates></Point></Placemark><Placemark><TimeSpan><begin>2026-08-04T07:18:50Z</begin><end>2026-08-04T07:19:01Z</end></TimeSpan><styleUrl>#point</styleUrl><Point><altitudeMode>clampToGround</altitudeMode><coordinates>11.816009217873216,46.619564909487963,1910.28</coordinates></Point></Placemark><Placemark><TimeSpan><begin>2026-08-04T07:19:01Z</begin><end>2026-08-04T07:19:10Z</end></TimeSpan><styleUrl>#point</styleUrl><Point><altitudeMode>clampToGround</altitudeMode><coordinates>11.815916262567043,46.619534734636545,1911.24</coordinates></Point></Placemark><Placemark><TimeSpan><begin>2026-08-04T07:19:10Z</begin><end>2026-08-04T07:19:21Z</end></TimeSpan><styleUrl>#point</styleUrl><Point><altitudeMode>clampToGround</altitudeMode><coordinates>11.815836802124977,46.619500704109669,1913.1600000000001</coordinates></Point></Placemark><Placemark><TimeSpan><begin>2026-08-04T07:19:21Z</begin><end>2026-08-04T07:19:32Z</end></TimeSpan><styleUrl>#point</styleUrl><Point><altitudeMode>clampToGround</altitudeMode><coordinates>11.81572213768959,46.619452927261591,1914.5999999999999</coordinates></Point></Placemark><Placemark><TimeSpan><begin>2026-08-04T07:19:32Z</begin><end>2026-08-04T07:19:43Z</end></TimeSpan><styleUrl>#point</styleUrl><Point><altitudeMode>clampToGround</altitudeMode><coordinates>11.815622393041849,46.619392326101661,1915.5599999999999</coordinates></Point></Placemark><Placemark><TimeSpan><begin>2026-08-04T07:19:43Z</begin><end>2026-08-04T07:19:55Z</end></TimeSpan><styleUrl>#point</styleUrl><Point><altitudeMode>clampToGround</altitudeMode><coordinates>11.815472859889269,46.619312027469277,1917.01</coordinates></Point></Placemark><Placemark><TimeSpan><begin>2026-08-04T07:19:55Z</begin><end>2026-08-04T07:20:06Z</end></TimeSpan><styleUrl>#point</styleUrl><Point><altitudeMode>clampToGround</altitudeMode><coordinates>11.815315028652549,46.619254527613521,1918.45</coordinates></Point></Placemark><Placemark><TimeSpan><begin>2026-08-04T07:20:06Z</begin><end>2026-08-04T07:20:16Z</end></TimeSpan><styleUrl>#point</styleUrl><Point><altitudeMode>clampToGround</altitudeMode><coordinates>11.815188881009817,46.619216725230217,1919.8900000000001</coordinates></Point></Placemark><Placemark><TimeSpan><begin>2026-08-04T07:20:16Z</begin><end>2026-08-04T07:20:29Z</end></TimeSpan><styleUrl>#point</styleUrl><Point><altitudeMode>clampToGround</altitudeMode><coordinates>11.815027948468924,46.619168696925044,1921.3299999999999</coordinates></Point></Placemark><Placemark><TimeSpan><begin>2026-08-04T07:20:29Z</begin><end>2026-08-04T07:20:41Z</end></TimeSpan><styleUrl>#point</styleUrl><Point><altitudeMode>clampToGround</altitudeMode><coordinates>11.814929461106658,46.61909619346261,1922.77</coordinates></Point></Placemark><Placemark><TimeSpan><begin>2026-08-04T07:20:41Z</begin><end>2026-08-04T07:20:52Z</end></TimeSpan><styleUrl>#point</styleUrl><Point><altitudeMode>clampToGround</altitudeMode><coordinates>11.814797278493643,46.619017822667956,1924.22</coordinates></Point></Placemark><Placemark><TimeSpan><begin>2026-08-04T07:20:52Z</begin><end>2026-08-04T07:21:02Z</end></TimeSpan><styleUrl>#point</styleUrl><Point><altitudeMode>clampToGround</altitudeMode><coordinates>11.814650427550077,46.618959400802851,1925.6600000000001</coordinates></Point></Placemark><Placemark><TimeSpan><begin>2026-08-04T07:21:02Z</begin><end>2026-08-04T07:21:08Z</end></TimeSpan><styleUrl>#point</styleUrl><Point><altitudeMode>clampToGround</altitudeMode><coordinates>11.814568703994155,46.618925118818879,1926.1400000000001</coordinates></Point></Placemark><Placemark><TimeSpan><begin>2026-08-04T07:21:08Z</begin><end>2026-08-04T07:21:20Z</end></TimeSpan><styleUrl>#point</styleUrl><Point><altitudeMode>clampToGround</altitudeMode><coordinates>11.814398299902678,46.618848340585828,1927.5799999999999</coordinates></Point></Placemark><Placemark><TimeSpan><begin>2026-08-04T07:21:20Z</begin><end>2026-08-04T07:21:22Z</end></TimeSpan><styleUrl>#point</styleUrl><Point><altitudeMode>clampToGround</altitudeMode><coordinates>11.814366029575467,46.618840042501688,1928.0599999999999</coordinates></Point></Placemark><Placemark><TimeSpan><begin>2026-08-04T07:21:22Z</begin><end>2026-08-04T07:21:34Z</end></TimeSpan><styleUrl>#point</styleUrl><Point><altitudeMode>clampToGround</altitudeMode><coordinates>11.814202414825559,46.618790170177817,1929.02</coordinates></Point></Placemark><Placemark><TimeSpan><begin>2026-08-04T07:21:34Z</begin><end>2026-08-04T07:21:47Z</end></TimeSpan><styleUrl>#point</styleUrl><Point><altitudeMode>clampToGround</altitudeMode><coordinates>11.81401340290904,46.618755636736751,1930.95</coordinates></Point></Placemark><Placemark><TimeSpan><begin>2026-08-04T07:21:47Z</begin><end>2026-08-04T07:21:59Z</end></TimeSpan><styleUrl>#point</styleUrl><Point><altitudeMode>clampToGround</altitudeMode><coordinates>11.813869569450617,46.618723282590508,1931.4300000000001</coordinates></Point></Placemark><Placemark><TimeSpan><begin>2026-08-04T07:21:59Z</begin><end>2026-08-04T07:22:09Z</end></TimeSpan><styleUrl>#point</styleUrl><Point><altitudeMode>clampToGround</altitudeMode><coordinates>11.813762532547116,46.618720348924398,1931.9100000000001</coordinates></Point></Placemark><Placemark><TimeSpan><begin>2026-08-04T07:22:09Z</begin><end>2026-08-04T07:22:23Z</end></TimeSpan><styleUrl>#point</styleUrl><Point><altitudeMode>clampToGround</altitudeMode><coordinates>11.813603192567825,46.618739543482661,1933.3499999999999</coordinates></Point></Placemark><Placemark><TimeSpan><begin>2026-08-04T07:22:23Z</begin><end>2026-08-04T07:22:41Z</end></TimeSpan><styleUrl>#point</styleUrl><Point><altitudeMode>clampToGround</altitudeMode><coordinates>11.813639486208558,46.618661927059293,1933.8299999999999</coordinates></Point></Placemark><Placemark><TimeSpan><begin>2026-08-04T07:22:41Z</begin><end>2026-08-04T07:22:52Z</end></TimeSpan><styleUrl>#point</styleUrl><Point><altitudeMode>clampToGround</altitudeMode><coordinates>11.813727831467986,46.618609959259629,1933.8299999999999</coordinates></Point></Placemark><Placemark><TimeSpan><begin>2026-08-04T07:22:52Z</begin><end>2026-08-04T07:23:06Z</end></TimeSpan><styleUrl>#point</styleUrl><Point><altitudeMode>clampToGround</altitudeMode><coordinates>11.813720371574163,46.618595207110047,1933.8299999999999</coordinates></Point></Placemark><Placemark><TimeSpan><begin>2026-08-04T07:23:06Z</begin><end>2026-08-04T07:23:26Z</end></TimeSpan><styleUrl>#point</styleUrl><Point><altitudeMode>clampToGround</altitudeMode><coordinates>11.813739482313395,46.618601661175489,1933.8299999999999</coordinates></Point></Placemark><Placemark><TimeSpan><begin>2026-08-04T07:23:26Z</begin><end>2026-08-04T07:23:47Z</end></TimeSpan><styleUrl>#point</styleUrl><Point><altitudeMode>clampToGround</altitudeMode><coordinates>11.81372263468802,46.618618005886674,1934.3099999999999</coordinates></Point></Placemark><Placemark><TimeSpan><begin>2026-08-04T07:23:47Z</begin><end>2026-08-04T07:24:01Z</end></TimeSpan><styleUrl>#point</styleUrl><Point><altitudeMode>clampToGround</altitudeMode><coordinates>11.813729675486684,46.61863787099719,1934.3099999999999</coordinates></Point></Placemark><Placemark><TimeSpan><begin>2026-08-04T07:24:01Z</begin><end>2026-08-04T07:24:07Z</end></TimeSpan><styleUrl>#point</styleUrl><Point><altitudeMode>clampToGround</altitudeMode><coordinates>11.813722802326083,46.61865103058517,1934.3099999999999</coordinates></Point></Placemark><Placemark><TimeSpan><begin>2026-08-04T07:24:07Z</begin><end>2026-08-04T07:24:10Z</end></TimeSpan><styleUrl>#point</styleUrl><Point><altitudeMode>clampToGround</altitudeMode><coordinates>11.813722299411893,46.618675170466304,1934.3099999999999</coordinates></Point></Placemark><Placemark><TimeSpan><begin>2026-08-04T07:24:10Z</begin><end>2026-08-04T07:24:23Z</end></TimeSpan><styleUrl>#point</styleUrl><Point><altitudeMode>clampToGround</altitudeMode><coordinates>11.813724730163813,46.618800396099687,1934.3099999999999</coordinates></Point></Placemark><Placemark><TimeSpan><begin>2026-08-04T07:24:23Z</begin><end>2026-08-04T07:24:35Z</end></TimeSpan><styleUrl>#point</styleUrl><Point><altitudeMode>clampToGround</altitudeMode><coordinates>11.813803855329752,46.618883041664958,1935.75</coordinates></Point></Placemark><Placemark><TimeSpan><begin>2026-08-04T07:24:35Z</begin><end>2026-08-04T07:24:47Z</end></TimeSpan><styleUrl>#point</styleUrl><Point><altitudeMode>clampToGround</altitudeMode><coordinates>11.813925644382834,46.61897205747664,1937.1900000000001</coordinates></Point></Placemark><Placemark><TimeSpan><begin>2026-08-04T07:24:47Z</begin><end>2026-08-04T07:24:50Z</end></TimeSpan><styleUrl>#point</styleUrl><Point><altitudeMode>clampToGround</altitudeMode><coordinates>11.813962021842599,46.618994269520044,1937.6700000000001</coordinates></Point></Placemark><Placemark><TimeSpan><begin>2026-08-04T07:24:50Z</begin><end>2026-08-04T07:24:59Z</end></TimeSpan><styleUrl>#point</styleUrl><Point><altitudeMode>clampToGround</altitudeMode><coordinates>11.814035279676318,46.619065934792161,1938.1600000000001</coordinates></Point></Placemark><Placemark><TimeSpan><begin>2026-08-04T07:24:59Z</begin><end>2026-08-04T07:25:10Z</end></TimeSpan><styleUrl>#point</styleUrl><Point><altitudeMode>clampToGround</altitudeMode><coordinates>11.814083643257618,46.619169199839234,1939.1199999999999</coordinates></Point></Placemark><Placemark><TimeSpan><begin>2026-08-04T07:25:10Z</begin><end>2026-08-04T07:25:13Z</end></TimeSpan><styleUrl>#point</styleUrl><Point><altitudeMode>clampToGround</altitudeMode><coordinates>11.81408422999084,46.619201134890318,1939.1199999999999</coordinates></Point></Placemark><Placemark><TimeSpan><begin>2026-08-04T07:25:13Z</begin><end>2026-08-04T07:25:18Z</end></TimeSpan><styleUrl>#point</styleUrl><Point><altitudeMode>clampToGround</altitudeMode><coordinates>11.814103843644261,46.619253102689981,1940.0799999999999</coordinates></Point></Placemark><Placemark><TimeSpan><begin>2026-08-04T07:25:18Z</begin><end>2026-08-04T07:25:21Z</end></TimeSpan><styleUrl>#point</styleUrl><Point><altitudeMode>clampToGround</altitudeMode><coordinates>11.81411792524159,46.61928235553205,1940.0799999999999</coordinates></Point></Placemark><Placemark><TimeSpan><begin>2026-08-04T07:25:21Z</begin><end>2026-08-04T07:25:23Z</end></TimeSpan><styleUrl>#point</styleUrl><Point><altitudeMode>clampToGround</altitudeMode><coordinates>11.814123876392841,46.61930481903255,1940.0799999999999</coordinates></Point></Placemark><Placemark><TimeSpan><begin>2026-08-04T07:25:23Z</begin><end>2026-08-04T07:25:36Z</end></TimeSpan><styleUrl>#point</styleUrl><Point><altitudeMode>clampToGround</altitudeMode><coordinates>11.814221777021885,46.619423171505332,1941.52</coordinates></Point></Placemark><Placemark><TimeSpan><begin>2026-08-04T07:25:36Z</begin><end>2026-08-04T07:25:47Z</end></TimeSpan><styleUrl>#point</styleUrl><Point><altitudeMode>clampToGround</altitudeMode><coordinates>11.814333256334066,46.619513025507331,1942.96</coordinates></Point></Placemark><Placemark><TimeSpan><begin>2026-08-04T07:25:47Z</begin><end>2026-08-04T07:25:59Z</end></TimeSpan><styleUrl>#point</styleUrl><Point><altitudeMode>clampToGround</altitudeMode><coordinates>11.814446495845914,46.619610087946057,1943.9200000000001</coordinates></Point></Placemark><Placemark><TimeSpan><begin>2026-08-04T07:25:59Z</begin><end>2026-08-04T07:26:09Z</end></TimeSpan><styleUrl>#point</styleUrl><Point><altitudeMode>clampToGround</altitudeMode><coordinates>11.814571134746075,46.619687536731362,1944.8800000000001</coordinates></Point></Placemark><Placemark><TimeSpan><begin>2026-08-04T07:26:09Z</begin><end>2026-08-04T07:26:22Z</end></TimeSpan><styleUrl>#point</styleUrl><Point><altitudeMode>clampToGround</altitudeMode><coordinates>11.814737096428871,46.619785353541374,1945.8499999999999</coordinates></Point></Placemark><Placemark><TimeSpan><begin>2026-08-04T07:26:22Z</begin><end>2026-08-04T07:26:35Z</end></TimeSpan><styleUrl>#point</styleUrl><Point><altitudeMode>clampToGround</altitudeMode><coordinates>11.814888305962086,46.61987503990531,1947.29</coordinates></Point></Placemark><Placemark><TimeSpan><begin>2026-08-04T07:26:35Z</begin><end>2026-08-04T07:26:47Z</end></TimeSpan><styleUrl>#point</styleUrl><Point><altitudeMode>clampToGround</altitudeMode><coordinates>11.815015627071261,46.619971850886941,1949.21</coordinates></Point></Placemark><Placemark><TimeSpan><begin>2026-08-04T07:26:47Z</begin><end>2026-08-04T07:26:51Z</end></TimeSpan><styleUrl>#point</styleUrl><Point><altitudeMode>clampToGround</altitudeMode><coordinates>11.815050914883614,46.620004875585437,1949.21</coordinates></Point></Placemark><Placemark><TimeSpan><begin>2026-08-04T07:26:51Z</begin><end>2026-08-04T07:27:03Z</end></TimeSpan><styleUrl>#point</styleUrl><Point><altitudeMode>clampToGround</altitudeMode><coordinates>11.815180582925677,46.620120881125331,1949.6900000000001</coordinates></Point></Placemark><Placemark><TimeSpan><begin>2026-08-04T07:27:03Z</begin><end>2026-08-04T07:27:04Z</end></TimeSpan><styleUrl>#point</styleUrl><Point><altitudeMode>clampToGround</altitudeMode><coordinates>11.815190305933356,46.620130185037851,1949.6900000000001</coordinates></Point></Placemark><Placemark><TimeSpan><begin>2026-08-04T07:27:04Z</begin><end>2026-08-04T07:27:17Z</end></TimeSpan><styleUrl>#point</styleUrl><Point><altitudeMode>clampToGround</altitudeMode><coordinates>11.815333133563399,46.620245603844523,1951.6099999999999</coordinates></Point></Placemark><Placemark><TimeSpan><begin>2026-08-04T07:27:17Z</begin><end>2026-08-04T07:27:23Z</end></TimeSpan><styleUrl>#point</styleUrl><Point><altitudeMode>clampToGround</altitudeMode><coordinates>11.815388202667236,46.620301259681582,1952.0899999999999</coordinates></Point></Placemark><Placemark><TimeSpan><begin>2026-08-04T07:27:23Z</begin><end>2026-08-04T07:27:26Z</end></TimeSpan><styleUrl>#point</styleUrl><Point><altitudeMode>clampToGround</altitudeMode><coordinates>11.815419802442193,46.620325734838843,1952.0899999999999</coordinates></Point></Placemark><Placemark><TimeSpan><begin>2026-08-04T07:27:26Z</begin><end>2026-08-04T07:27:37Z</end></TimeSpan><styleUrl>#point</styleUrl><Point><altitudeMode>clampToGround</altitudeMode><coordinates>11.815447211265564,46.620391700416803,1953.54</coordinates></Point></Placemark><Placemark><TimeSpan><begin>2026-08-04T07:27:37Z</begin><end>2026-08-04T07:28:04Z</end></TimeSpan><styleUrl>#point</styleUrl><Point><altitudeMode>clampToGround</altitudeMode><coordinates>11.81543380022049,46.620415756478906,1954.02</coordinates></Point></Placemark><Placemark><TimeSpan><begin>2026-08-04T07:28:04Z</begin><end>2026-08-04T07:28:22Z</end></TimeSpan><styleUrl>#point</styleUrl><Point><altitudeMode>clampToGround</altitudeMode><coordinates>11.815439164638519,46.620395053178072,1954.02</coordinates></Point></Placemark><Placemark><TimeSpan><begin>2026-08-04T07:28:22Z</begin><end>2026-08-04T07:28:42Z</end></TimeSpan><styleUrl>#point</styleUrl><Point><altitudeMode>clampToGround</altitudeMode><coordinates>11.815514685586095,46.620396478101611,1954.5</coordinates></Point></Placemark><Placemark><TimeSpan><begin>2026-08-04T07:28:42Z</begin><end>2026-08-04T07:28:52Z</end></TimeSpan><styleUrl>#point</styleUrl><Point><altitudeMode>clampToGround</altitudeMode><coordinates>11.815581154078245,46.620470574125648,1955.46</coordinates></Point></Placemark><Placemark><TimeSpan><begin>2026-08-04T07:28:52Z</begin><end>2026-08-04T07:29:04Z</end></TimeSpan><styleUrl>#point</styleUrl><Point><altitudeMode>clampToGround</altitudeMode><coordinates>11.815572520717978,46.620508879423141,1955.9400000000001</coordinates></Point></Placemark><Placemark><TimeSpan><begin>2026-08-04T07:29:04Z</begin><end>2026-08-04T07:29:18Z</end></TimeSpan><styleUrl>#point</styleUrl><Point><altitudeMode>clampToGround</altitudeMode><coordinates>11.815588278695941,46.620521452277899,1955.9400000000001</coordinates></Point></Placemark><Placemark><TimeSpan><begin>2026-08-04T07:29:18Z</begin><end>2026-08-04T07:29:33Z</end></TimeSpan><styleUrl>#point</styleUrl><Point><altitudeMode>clampToGround</altitudeMode><coordinates>11.815575622022152,46.620496055111289,1955.9400000000001</coordinates></Point></Placemark><Placemark><TimeSpan><begin>2026-08-04T07:29:33Z</begin><end>2026-08-04T07:29:43Z</end></TimeSpan><styleUrl>#point</styleUrl><Point><altitudeMode>clampToGround</altitudeMode><coordinates>11.815612837672234,46.620529498904943,1955.9400000000001</coordinates></Point></Placemark><Placemark><TimeSpan><begin>2026-08-04T07:29:43Z</begin><end>2026-08-04T07:29:50Z</end></TimeSpan><styleUrl>#point</styleUrl><Point><altitudeMode>clampToGround</altitudeMode><coordinates>11.81567913852632,46.620581718161702,1956.4200000000001</coordinates></Point></Placemark><Placemark><TimeSpan><begin>2026-08-04T07:29:50Z</begin><end>2026-08-04T07:29:54Z</end></TimeSpan><styleUrl>#point</styleUrl><Point><altitudeMode>clampToGround</altitudeMode><coordinates>11.815731944516301,46.620608875527978,1957.3800000000001</coordinates></Point></Placemark><Placemark><TimeSpan><begin>2026-08-04T07:29:54Z</begin><end>2026-08-04T07:29:57Z</end></TimeSpan><styleUrl>#point</styleUrl><Point><altitudeMode>clampToGround</altitudeMode><coordinates>11.81577050127089,46.620634691789746,1957.3800000000001</coordinates></Point></Placemark><Placemark><TimeSpan><begin>2026-08-04T07:29:57Z</begin><end>2026-08-04T07:30:00Z</end></TimeSpan><styleUrl>#point</styleUrl><Point><altitudeMode>clampToGround</altitudeMode><coordinates>11.815820457413793,46.620657742023468,1957.8599999999999</coordinates></Point></Placemark><Placemark><TimeSpan><begin>2026-08-04T07:30:00Z</begin><end>2026-08-04T07:30:14Z</end></TimeSpan><styleUrl>#point</styleUrl><Point><altitudeMode>clampToGround</altitudeMode><coordinates>11.8159996625036,46.620771232992411,1959.3</coordinates></Point></Placemark><Placemark><TimeSpan><begin>2026-08-04T07:30:14Z</begin><end>2026-08-04T07:30:27Z</end></TimeSpan><styleUrl>#point</styleUrl><Point><altitudeMode>clampToGround</altitudeMode><coordinates>11.81613938882947,46.62087676115334,1961.23</coordinates></Point></Placemark><Placemark><TimeSpan><begin>2026-08-04T07:30:27Z</begin><end>2026-08-04T07:30:39Z</end></TimeSpan><styleUrl>#point</styleUrl><Point><altitudeMode>clampToGround</altitudeMode><coordinates>11.816250449046493,46.62099938839674,1962.1900000000001</coordinates></Point></Placemark><Placemark><TimeSpan><begin>2026-08-04T07:30:39Z</begin><end>2026-08-04T07:30:48Z</end></TimeSpan><styleUrl>#point</styleUrl><Point><altitudeMode>clampToGround</altitudeMode><coordinates>11.816257322207093,46.621020091697574,1962.1900000000001</coordinates></Point></Placemark><Placemark><TimeSpan><begin>2026-08-04T07:30:48Z</begin><end>2026-08-04T07:31:11Z</end></TimeSpan><styleUrl>#point</styleUrl><Point><altitudeMode>clampToGround</altitudeMode><coordinates>11.816268973052502,46.621053284034133,1962.6700000000001</coordinates></Point></Placemark><Placemark><TimeSpan><begin>2026-08-04T07:31:11Z</begin><end>2026-08-04T07:31:24Z</end></TimeSpan><styleUrl>#point</styleUrl><Point><altitudeMode>clampToGround</altitudeMode><coordinates>11.816308787092566,46.621217150241137,1963.6300000000001</coordinates></Point></Placemark><Placemark><TimeSpan><begin>2026-08-04T07:31:24Z</begin><end>2026-08-04T07:31:36Z</end></TimeSpan><styleUrl>#point</styleUrl><Point><altitudeMode>clampToGround</altitudeMode><coordinates>11.816188925877213,46.621335251256824,1964.5899999999999</coordinates></Point></Placemark><Placemark><TimeSpan><begin>2026-08-04T07:31:36Z</begin><end>2026-08-04T07:31:46Z</end></TimeSpan><styleUrl>#point</styleUrl><Point><altitudeMode>clampToGround</altitudeMode><coordinates>11.816145591437817,46.621350422501564,1965.55</coordinates></Point></Placemark><Placemark><TimeSpan><begin>2026-08-04T07:31:46Z</begin><end>2026-08-04T07:32:04Z</end></TimeSpan><styleUrl>#point</styleUrl><Point><altitudeMode>clampToGround</altitudeMode><coordinates>11.816152632236481,46.621333071961999,1965.0699999999999</coordinates></Point></Placemark><Placemark><TimeSpan><begin>2026-08-04T07:32:04Z</begin><end>2026-08-04T07:32:27Z</end></TimeSpan><styleUrl>#point</styleUrl><Point><altitudeMode>clampToGround</altitudeMode><coordinates>11.816152883693576,46.621323432773352,1965.55</coordinates></Point></Placemark><Placemark><TimeSpan><begin>2026-08-04T07:32:27Z</begin><end>2026-08-04T07:32:38Z</end></TimeSpan><styleUrl>#point</styleUrl><Point><altitudeMode>clampToGround</altitudeMode><coordinates>11.816160678863525,46.621307423338294,1965.55</coordinates></Point></Placemark><Placemark><TimeSpan><begin>2026-08-04T07:32:38Z</begin><end>2026-08-04T07:32:51Z</end></TimeSpan><styleUrl>#point</styleUrl><Point><altitudeMode>clampToGround</altitudeMode><coordinates>11.816083816811442,46.621340783312917,1966.03</coordinates></Point></Placemark><Placemark><TimeSpan><begin>2026-08-04T07:32:51Z</begin><end>2026-08-04T07:33:01Z</end></TimeSpan><styleUrl>#point</styleUrl><Point><altitudeMode>clampToGround</altitudeMode><coordinates>11.816071830689907,46.621307004243135,1966.03</coordinates></Point></Placemark><Placemark><TimeSpan><begin>2026-08-04T07:33:01Z</begin><end>2026-08-04T07:33:18Z</end></TimeSpan><styleUrl>#point</styleUrl><Point><altitudeMode>clampToGround</altitudeMode><coordinates>11.81608465500176,46.621294096112251,1966.03</coordinates></Point></Placemark><Placemark><TimeSpan><begin>2026-08-04T07:33:18Z</begin><end>2026-08-04T07:33:30Z</end></TimeSpan><styleUrl>#point</styleUrl><Point><altitudeMode>clampToGround</altitudeMode><coordinates>11.816059844568372,46.621286133304238,1966.51</coordinates></Point></Placemark><Placemark><TimeSpan><begin>2026-08-04T07:33:30Z</begin><end>2026-08-04T07:33:42Z</end></TimeSpan><styleUrl>#point</styleUrl><Point><altitudeMode>clampToGround</altitudeMode><coordinates>11.815970661118627,46.621316643431783,1966.51</coordinates></Point></Placemark><Placemark><TimeSpan><begin>2026-08-04T07:33:42Z</begin><end>2026-08-04T07:33:56Z</end></TimeSpan><styleUrl>#point</styleUrl><Point><altitudeMode>clampToGround</altitudeMode><coordinates>11.815946688875556,46.621285798028111,1967.48</coordinates></Point></Placemark><Placemark><TimeSpan><begin>2026-08-04T07:33:56Z</begin><end>2026-08-04T07:34:10Z</end></TimeSpan><styleUrl>#point</styleUrl><Point><altitudeMode>clampToGround</altitudeMode><coordinates>11.8159219622612,46.621314883232117,1967.48</coordinates></Point></Placemark><Placemark><TimeSpan><begin>2026-08-04T07:34:10Z</begin><end>2026-08-04T07:34:31Z</end></TimeSpan><styleUrl>#point</styleUrl><Point><altitudeMode>clampToGround</altitudeMode><coordinates>11.815902935341001,46.621309854090214,1967.48</coordinates></Point></Placemark><Placemark><TimeSpan><begin>2026-08-04T07:34:31Z</begin><end>2026-08-04T07:34:42Z</end></TimeSpan><styleUrl>#point</styleUrl><Point><altitudeMode>clampToGround</altitudeMode><coordinates>11.815897570922971,46.621302394196391,1967.48</coordinates></Point></Placemark><Placemark><TimeSpan><begin>2026-08-04T07:34:42Z</begin><end>2026-08-04T07:34:57Z</end></TimeSpan><styleUrl>#point</styleUrl><Point><altitudeMode>clampToGround</altitudeMode><coordinates>11.815847530961037,46.621283367276192,1968.4400000000001</coordinates></Point></Placemark><Placemark><TimeSpan><begin>2026-08-04T07:34:57Z</begin><end>2026-08-04T07:34:59Z</end></TimeSpan><styleUrl>#point</styleUrl><Point><altitudeMode>clampToGround</altitudeMode><coordinates>11.815827414393425,46.621272386983037,1968.4400000000001</coordinates></Point></Placemark><Placemark><TimeSpan><begin>2026-08-04T07:34:59Z</begin><end>2026-08-04T07:35:03Z</end></TimeSpan><styleUrl>#point</styleUrl><Point><altitudeMode>clampToGround</altitudeMode><coordinates>11.815781313925982,46.621254030615091,1969.4000000000001</coordinates></Point></Placemark><Placemark><TimeSpan><begin>2026-08-04T07:35:03Z</begin><end>2026-08-04T07:35:16Z</end></TimeSpan><styleUrl>#point</styleUrl><Point><altitudeMode>clampToGround</altitudeMode><coordinates>11.815630942583084,46.62120658904314,1970.8399999999999</coordinates></Point></Placemark><Placemark><TimeSpan><begin>2026-08-04T07:35:16Z</begin><end>2026-08-04T07:35:30Z</end></TimeSpan><styleUrl>#point</styleUrl><Point><altitudeMode>clampToGround</altitudeMode><coordinates>11.815454000607133,46.621176078915596,1972.28</coordinates></Point></Placemark><Placemark><TimeSpan><begin>2026-08-04T07:35:30Z</begin><end>2026-08-04T07:35:39Z</end></TimeSpan><styleUrl>#point</styleUrl><Point><altitudeMode>clampToGround</altitudeMode><coordinates>11.815336821600795,46.621157471090555,1974.2</coordinates></Point></Placemark><Placemark><TimeSpan><begin>2026-08-04T07:35:39Z</begin><end>2026-08-04T07:35:54Z</end></TimeSpan><styleUrl>#point</styleUrl><Point><altitudeMode>clampToGround</altitudeMode><coordinates>11.815140768885612,46.621138947084546,1976.1300000000001</coordinates></Point></Placemark><Placemark><TimeSpan><begin>2026-08-04T07:35:54Z</begin><end>2026-08-04T07:36:08Z</end></TimeSpan><styleUrl>#point</styleUrl><Point><altitudeMode>clampToGround</altitudeMode><coordinates>11.814953684806824,46.621110700070858,1978.05</coordinates></Point></Placemark><Placemark><TimeSpan><begin>2026-08-04T07:36:08Z</begin><end>2026-08-04T07:36:22Z</end></TimeSpan><styleUrl>#point</styleUrl><Point><altitudeMode>clampToGround</altitudeMode><coordinates>11.814773473888636,46.621084129437804,1979.97</coordinates></Point></Placemark><Placemark><TimeSpan><begin>2026-08-04T07:36:22Z</begin><end>2026-08-04T07:36:32Z</end></TimeSpan><styleUrl>#point</styleUrl><Point><altitudeMode>clampToGround</altitudeMode><coordinates>11.814652774482965,46.621050266548991,1981.4100000000001</coordinates></Point></Placemark><Placemark><TimeSpan><begin>2026-08-04T07:36:32Z</begin><end>2026-08-04T07:36:43Z</end></TimeSpan><styleUrl>#point</styleUrl><Point><altitudeMode>clampToGround</altitudeMode><coordinates>11.814512126147747,46.621031323447824,1983.3399999999999</coordinates></Point></Placemark><Placemark><TimeSpan><begin>2026-08-04T07:36:43Z</begin><end>2026-08-04T07:36:48Z</end></TimeSpan><styleUrl>#point</styleUrl><Point><altitudeMode>clampToGround</altitudeMode><coordinates>11.81444339454174,46.621011709794402,1983.8199999999999</coordinates></Point></Placemark><Placemark><TimeSpan><begin>2026-08-04T07:36:48Z</begin><end>2026-08-04T07:37:01Z</end></TimeSpan><styleUrl>#point</styleUrl><Point><altitudeMode>clampToGround</altitudeMode><coordinates>11.814290676265955,46.620946247130632,1986.7</coordinates></Point></Placemark><Placemark><TimeSpan><begin>2026-08-04T07:37:01Z</begin><end>2026-08-04T07:37:11Z</end></TimeSpan><styleUrl>#point</styleUrl><Point><altitudeMode>clampToGround</altitudeMode><coordinates>11.814199816435575,46.620902074500918,1988.6199999999999</coordinates></Point></Placemark><Placemark><TimeSpan><begin>2026-08-04T07:37:11Z</begin><end>2026-08-04T07:37:23Z</end></TimeSpan><styleUrl>#point</styleUrl><Point><altitudeMode>clampToGround</altitudeMode><coordinates>11.814092947170138,46.620866702869534,1990.55</coordinates></Point></Placemark><Placemark><TimeSpan><begin>2026-08-04T07:37:23Z</begin><end>2026-08-04T07:37:35Z</end></TimeSpan><styleUrl>#point</styleUrl><Point><altitudeMode>clampToGround</altitudeMode><coordinates>11.81406126357615,46.620875587686896,1991.51</coordinates></Point></Placemark><Placemark><TimeSpan><begin>2026-08-04T07:37:35Z</begin><end>2026-08-04T07:37:51Z</end></TimeSpan><styleUrl>#point</styleUrl><Point><altitudeMode>clampToGround</altitudeMode><coordinates>11.814095210283995,46.620892267674208,1991.99</coordinates></Point></Placemark><Placemark><TimeSpan><begin>2026-08-04T07:37:51Z</begin><end>2026-08-04T07:38:13Z</end></TimeSpan><styleUrl>#point</styleUrl><Point><altitudeMode>clampToGround</altitudeMode><coordinates>11.814125049859285,46.620912300422788,1991.99</coordinates></Point></Placemark><Placemark><TimeSpan><begin>2026-08-04T07:38:13Z</begin><end>2026-08-04T07:38:28Z</end></TimeSpan><styleUrl>#point</styleUrl><Point><altitudeMode>clampToGround</altitudeMode><coordinates>11.814088923856616,46.620919676497579,1992.47</coordinates></Point></Placemark><Placemark><TimeSpan><begin>2026-08-04T07:38:28Z</begin><end>2026-08-04T07:38:41Z</end></TimeSpan><styleUrl>#point</styleUrl><Point><altitudeMode>clampToGround</altitudeMode><coordinates>11.81393176317215,46.620877180248499,1993.9100000000001</coordinates></Point></Placemark><Placemark><TimeSpan><begin>2026-08-04T07:38:41Z</begin><end>2026-08-04T07:38:53Z</end></TimeSpan><styleUrl>#point</styleUrl><Point><altitudeMode>clampToGround</altitudeMode><coordinates>11.813800670206547,46.620857818052173,1996.3199999999999</coordinates></Point></Placemark><Placemark><TimeSpan><begin>2026-08-04T07:38:53Z</begin><end>2026-08-04T07:39:03Z</end></TimeSpan><styleUrl>#point</styleUrl><Point><altitudeMode>clampToGround</altitudeMode><coordinates>11.813719784840941,46.620841221883893,1997.76</coordinates></Point></Placemark><Placemark><TimeSpan><begin>2026-08-04T07:39:03Z</begin><end>2026-08-04T07:39:16Z</end></TimeSpan><styleUrl>#point</styleUrl><Point><altitudeMode>clampToGround</altitudeMode><coordinates>11.8135941401124,46.620829990133643,2000.6400000000001</coordinates></Point></Placemark><Placemark><TimeSpan><begin>2026-08-04T07:39:16Z</begin><end>2026-08-04T07:39:31Z</end></TimeSpan><styleUrl>#point</styleUrl><Point><altitudeMode>clampToGround</altitudeMode><coordinates>11.813467657193542,46.620813813060522,2003.04</coordinates></Point></Placemark><Placemark><TimeSpan><begin>2026-08-04T07:39:31Z</begin><end>2026-08-04T07:39:42Z</end></TimeSpan><styleUrl>#point</styleUrl><Point><altitudeMode>clampToGround</altitudeMode><coordinates>11.813391046598554,46.620806101709604,2004.97</coordinates></Point></Placemark><Placemark><TimeSpan><begin>2026-08-04T07:39:42Z</begin><end>2026-08-04T07:39:52Z</end></TimeSpan><styleUrl>#point</styleUrl><Point><altitudeMode>clampToGround</altitudeMode><coordinates>11.813328433781862,46.620811466127634,2006.4100000000001</coordinates></Point></Placemark><Placemark><TimeSpan><begin>2026-08-04T07:39:52Z</begin><end>2026-08-04T07:40:04Z</end></TimeSpan><styleUrl>#point</styleUrl><Point><altitudeMode>clampToGround</altitudeMode><coordinates>11.813234472647309,46.62081808783114,2008.8099999999999</coordinates></Point></Placemark><Placemark><TimeSpan><begin>2026-08-04T07:40:04Z</begin><end>2026-08-04T07:40:16Z</end></TimeSpan><styleUrl>#point</styleUrl><Point><altitudeMode>clampToGround</altitudeMode><coordinates>11.813139421865344,46.620860416442156,2011.22</coordinates></Point></Placemark><Placemark><TimeSpan><begin>2026-08-04T07:40:16Z</begin><end>2026-08-04T07:40:28Z</end></TimeSpan><styleUrl>#point</styleUrl><Point><altitudeMode>clampToGround</altitudeMode><coordinates>11.813044873997569,46.62087089382112,2012.6600000000001</coordinates></Point></Placemark><Placemark><TimeSpan><begin>2026-08-04T07:40:28Z</begin><end>2026-08-04T07:40:35Z</end></TimeSpan><styleUrl>#point</styleUrl><Point><altitudeMode>clampToGround</altitudeMode><coordinates>11.812978405505419,46.620869217440486,2013.6199999999999</coordinates></Point></Placemark><Placemark><TimeSpan><begin>2026-08-04T07:40:35Z</begin><end>2026-08-04T07:40:48Z</end></TimeSpan><styleUrl>#point</styleUrl><Point><altitudeMode>clampToGround</altitudeMode><coordinates>11.812960719689727,46.62082688882947,2014.5799999999999</coordinates></Point></Placemark><Placemark><TimeSpan><begin>2026-08-04T07:40:48Z</begin><end>2026-08-04T07:41:12Z</end></TimeSpan><styleUrl>#point</styleUrl><Point><altitudeMode>clampToGround</altitudeMode><coordinates>11.81292518042028,46.620798977091908,2014.5799999999999</coordinates></Point></Placemark><Placemark><TimeSpan><begin>2026-08-04T07:41:12Z</begin><end>2026-08-04T07:41:24Z</end></TimeSpan><styleUrl>#point</styleUrl><Point><altitudeMode>clampToGround</altitudeMode><coordinates>11.812929790467024,46.620788499712944,2014.5799999999999</coordinates></Point></Placemark><Placemark><TimeSpan><begin>2026-08-04T07:41:24Z</begin><end>2026-08-04T07:41:41Z</end></TimeSpan><styleUrl>#point</styleUrl><Point><altitudeMode>clampToGround</altitudeMode><coordinates>11.812943201512098,46.620796881616116,2014.5799999999999</coordinates></Point></Placemark><Placemark><TimeSpan><begin>2026-08-04T07:41:41Z</begin><end>2026-08-04T07:41:54Z</end></TimeSpan><styleUrl>#point</styleUrl><Point><altitudeMode>clampToGround</altitudeMode><coordinates>11.812936747446656,46.62080199457705,2014.5799999999999</coordinates></Point></Placemark><Placemark><TimeSpan><begin>2026-08-04T07:41:54Z</begin><end>2026-08-04T07:42:04Z</end></TimeSpan><styleUrl>#point</styleUrl><Point><altitudeMode>clampToGround</altitudeMode><coordinates>11.81297262199223,46.620802665129304,2015.0599999999999</coordinates></Point></Placemark><Placemark><TimeSpan><begin>2026-08-04T07:42:04Z</begin><end>2026-08-04T07:42:22Z</end></TimeSpan><styleUrl>#point</styleUrl><Point><altitudeMode>clampToGround</altitudeMode><coordinates>11.812990978360176,46.620802916586399,2015.0599999999999</coordinates></Point></Placemark><Placemark><TimeSpan><begin>2026-08-04T07:42:22Z</begin><end>2026-08-04T07:42:38Z</end></TimeSpan><styleUrl>#point</styleUrl><Point><altitudeMode>clampToGround</altitudeMode><coordinates>11.812972957268357,46.620819345116615,2015.0599999999999</coordinates></Point></Placemark><Placemark><TimeSpan><begin>2026-08-04T07:42:38Z</begin><end>2026-08-04T07:42:58Z</end></TimeSpan><styleUrl>#point</styleUrl><Point><altitudeMode>clampToGround</altitudeMode><coordinates>11.812947979196906,46.620826134458184,2015.0599999999999</coordinates></Point></Placemark><Placemark><TimeSpan><begin>2026-08-04T07:42:58Z</begin><end>2026-08-04T07:43:14Z</end></TimeSpan><styleUrl>#point</styleUrl><Point><altitudeMode>clampToGround</altitudeMode><coordinates>11.812946554273367,46.620827140286565,2015.54</coordinates></Point></Placemark><Placemark><TimeSpan><begin>2026-08-04T07:43:14Z</begin><end>2026-08-04T07:43:37Z</end></TimeSpan><styleUrl>#point</styleUrl><Point><altitudeMode>clampToGround</altitudeMode><coordinates>11.812938591465354,46.620835606008768,2015.54</coordinates></Point></Placemark><Placemark><TimeSpan><begin>2026-08-04T07:43:37Z</begin><end>2026-08-04T07:43:55Z</end></TimeSpan><styleUrl>#point</styleUrl><Point><altitudeMode>clampToGround</altitudeMode><coordinates>11.81295108050108,46.620820434764028,2015.54</coordinates></Point></Placemark><Placemark><TimeSpan><begin>2026-08-04T07:43:55Z</begin><end>2026-08-04T07:44:10Z</end></TimeSpan><styleUrl>#point</styleUrl><Point><altitudeMode>clampToGround</altitudeMode><coordinates>11.812945464625955,46.620802916586399,2015.54</coordinates></Point></Placemark><Placemark><TimeSpan><begin>2026-08-04T07:44:10Z</begin><end>2026-08-04T07:44:29Z</end></TimeSpan><styleUrl>#point</styleUrl><Point><altitudeMode>clampToGround</altitudeMode><coordinates>11.812953846529126,46.620795875787735,2016.02</coordinates></Point></Placemark><Placemark><TimeSpan><begin>2026-08-04T07:44:29Z</begin><end>2026-08-04T07:44:43Z</end></TimeSpan><styleUrl>#point</styleUrl><Point><altitudeMode>clampToGround</altitudeMode><coordinates>11.812962396070361,46.620794618502259,2016.5</coordinates></Point></Placemark><Placemark><TimeSpan><begin>2026-08-04T07:44:43Z</begin><end>2026-08-04T07:45:11Z</end></TimeSpan><styleUrl>#point</styleUrl><Point><altitudeMode>clampToGround</altitudeMode><coordinates>11.812943369150162,46.620799731463194,2016.5</coordinates></Point></Placemark><Placemark><TimeSpan><begin>2026-08-04T07:45:11Z</begin><end>2026-08-04T07:45:32Z</end></TimeSpan><styleUrl>#point</styleUrl><Point><altitudeMode>clampToGround</altitudeMode><coordinates>11.812926605343819,46.620782464742661,2016.98</coordinates></Point></Placemark><Placemark><TimeSpan><begin>2026-08-04T07:45:32Z</begin><end>2026-08-04T07:45:50Z</end></TimeSpan><styleUrl>#point</styleUrl><Point><altitudeMode>clampToGround</altitudeMode><coordinates>11.812961809337139,46.620767209678888,2016.98</coordinates></Point></Placemark><Placemark><TimeSpan><begin>2026-08-04T07:45:50Z</begin><end>2026-08-04T07:46:11Z</end></TimeSpan><styleUrl>#point</styleUrl><Point><altitudeMode>clampToGround</altitudeMode><coordinates>11.812981674447656,46.620798474177718,2016.98</coordinates></Point></Placemark><Placemark><TimeSpan><begin>2026-08-04T07:46:11Z</begin><end>2026-08-04T07:46:32Z</end></TimeSpan><styleUrl>#point</styleUrl><Point><altitudeMode>clampToGround</altitudeMode><coordinates>11.812950409948826,46.620823284611106,2017.46</coordinates></Point></Placemark><Placemark><TimeSpan><begin>2026-08-04T07:46:32Z</begin><end>2026-08-04T07:46:41Z</end></TimeSpan><styleUrl>#point</styleUrl><Point><altitudeMode>clampToGround</altitudeMode><coordinates>11.812950074672699,46.620809035375714,2017.46</coordinates></Point></Placemark><Placemark><TimeSpan><begin>2026-08-04T07:46:41Z</begin><end>2026-08-04T07:46:47Z</end></TimeSpan><styleUrl>#point</styleUrl><Point><altitudeMode>clampToGround</altitudeMode><coordinates>11.812955774366856,46.620813896879554,2016.02</coordinates></Point></Placemark><Placemark><TimeSpan><begin>2026-08-04T07:46:47Z</begin><end>2026-08-04T07:47:17Z</end></TimeSpan><styleUrl>#point</styleUrl><Point><altitudeMode>clampToGround</altitudeMode><coordinates>11.812979578971863,46.620884891599417,2016.02</coordinates></Point></Placemark><Placemark><TimeSpan><begin>2026-08-04T07:47:17Z</begin><end>2026-08-04T07:47:43Z</end></TimeSpan><styleUrl>#point</styleUrl><Point><altitudeMode>clampToGround</altitudeMode><coordinates>11.812937334179878,46.620899392291903,2016.02</coordinates></Point></Placemark><Placemark><TimeSpan><begin>2026-08-04T07:47:43Z</begin><end>2026-08-04T07:48:11Z</end></TimeSpan><styleUrl>#point</styleUrl><Point><altitudeMode>clampToGround</altitudeMode><coordinates>11.812955187633634,46.620863769203424,2016.5</coordinates></Point></Placemark><Placemark><TimeSpan><begin>2026-08-04T07:48:11Z</begin><end>2026-08-04T07:48:36Z</end></TimeSpan><styleUrl>#point</styleUrl><Point><altitudeMode>clampToGround</altitudeMode><coordinates>11.812968598678708,46.620827224105597,2016.5</coordinates></Point></Placemark><Placemark><TimeSpan><begin>2026-08-04T07:48:36Z</begin><end>2026-08-04T07:48:47Z</end></TimeSpan><styleUrl>#point</styleUrl><Point><altitudeMode>clampToGround</altitudeMode><coordinates>11.812966084107757,46.62082982249558,2016.5</coordinates></Point></Placemark><Placemark><TimeSpan><begin>2026-08-04T07:48:47Z</begin><end>2026-08-04T07:48:58Z</end></TimeSpan><styleUrl>#point</styleUrl><Point><altitudeMode>clampToGround</altitudeMode><coordinates>11.812924928963184,46.620847005397081,2017.46</coordinates></Point></Placemark><Placemark><TimeSpan><begin>2026-08-04T07:48:58Z</begin><end>2026-08-04T07:48:59Z</end></TimeSpan><styleUrl>#point</styleUrl><Point><altitudeMode>clampToGround</altitudeMode><coordinates>11.812914367765188,46.620848597958684,2017.46</coordinates></Point></Placemark><Placemark><TimeSpan><begin>2026-08-04T07:48:59Z</begin><end>2026-08-04T07:49:10Z</end></TimeSpan><styleUrl>#point</styleUrl><Point><altitudeMode>clampToGround</altitudeMode><coordinates>11.812811773270369,46.620879946276546,2019.8699999999999</coordinates></Point></Placemark><Placemark><TimeSpan><begin>2026-08-04T07:49:10Z</begin><end>2026-08-04T07:49:22Z</end></TimeSpan><styleUrl>#point</styleUrl><Point><altitudeMode>clampToGround</altitudeMode><coordinates>11.812687637284398,46.620904421433806,2021.79</coordinates></Point></Placemark><Placemark><TimeSpan><begin>2026-08-04T07:49:22Z</begin><end>2026-08-04T07:49:33Z</end></TimeSpan><styleUrl>#point</styleUrl><Point><altitudeMode>clampToGround</altitudeMode><coordinates>11.8125787563622,46.620914563536644,2023.23</coordinates></Point></Placemark><Placemark><TimeSpan><begin>2026-08-04T07:49:33Z</begin><end>2026-08-04T07:49:46Z</end></TimeSpan><styleUrl>#point</styleUrl><Point><altitudeMode>clampToGround</altitudeMode><coordinates>11.812437269836664,46.620926801115274,2025.6400000000001</coordinates></Point></Placemark><Placemark><TimeSpan><begin>2026-08-04T07:49:46Z</begin><end>2026-08-04T07:49:58Z</end></TimeSpan><styleUrl>#point</styleUrl><Point><altitudeMode>clampToGround</altitudeMode><coordinates>11.812292346730828,46.620920514687896,2027.0799999999999</coordinates></Point></Placemark><Placemark><TimeSpan><begin>2026-08-04T07:49:58Z</begin><end>2026-08-04T07:50:08Z</end></TimeSpan><styleUrl>#point</styleUrl><Point><altitudeMode>clampToGround</altitudeMode><coordinates>11.812180113047361,46.620912216603756,2028.52</coordinates></Point></Placemark><Placemark><TimeSpan><begin>2026-08-04T07:50:08Z</begin><end>2026-08-04T07:50:20Z</end></TimeSpan><styleUrl>#point</styleUrl><Point><altitudeMode>clampToGround</altitudeMode><coordinates>11.812040386721492,46.620916994288564,2029.96</coordinates></Point></Placemark><Placemark><TimeSpan><begin>2026-08-04T07:50:20Z</begin><end>2026-08-04T07:50:32Z</end></TimeSpan><styleUrl>#point</styleUrl><Point><altitudeMode>clampToGround</altitudeMode><coordinates>11.811972241848707,46.620887070894241,2031.4000000000001</coordinates></Point></Placemark><Placemark><TimeSpan><begin>2026-08-04T07:50:32Z</begin><end>2026-08-04T07:50:50Z</end></TimeSpan><styleUrl>#point</styleUrl><Point><altitudeMode>clampToGround</altitudeMode><coordinates>11.811945922672749,46.62089578807354,2031.4000000000001</coordinates></Point></Placemark><Placemark><TimeSpan><begin>2026-08-04T07:50:50Z</begin><end>2026-08-04T07:51:03Z</end></TimeSpan><styleUrl>#point</styleUrl><Point><altitudeMode>clampToGround</altitudeMode><coordinates>11.811789097264409,46.62092562764883,2033.8099999999999</coordinates></Point></Placemark><Placemark><TimeSpan><begin>2026-08-04T07:51:03Z</begin><end>2026-08-04T07:51:15Z</end></TimeSpan><styleUrl>#point</styleUrl><Point><altitudeMode>clampToGround</altitudeMode><coordinates>11.811648951843381,46.620941888540983,2035.73</coordinates></Point></Placemark><Placemark><TimeSpan><begin>2026-08-04T07:51:15Z</begin><end>2026-08-04T07:51:26Z</end></TimeSpan><styleUrl>#point</styleUrl><Point><altitudeMode>clampToGround</altitudeMode><coordinates>11.811537640169263,46.620938032865524,2037.6500000000001</coordinates></Point></Placemark><Placemark><TimeSpan><begin>2026-08-04T07:51:26Z</begin><end>2026-08-04T07:51:31Z</end></TimeSpan><styleUrl>#point</styleUrl><Point><altitudeMode>clampToGround</altitudeMode><coordinates>11.811485001817346,46.620943313464522,2038.1300000000001</coordinates></Point></Placemark><Placemark><TimeSpan><begin>2026-08-04T07:51:31Z</begin><end>2026-08-04T07:51:43Z</end></TimeSpan><styleUrl>#point</styleUrl><Point><altitudeMode>clampToGround</altitudeMode><coordinates>11.81133521720767,46.620950102806091,2040.54</coordinates></Point></Placemark><Placemark><TimeSpan><begin>2026-08-04T07:51:43Z</begin><end>2026-08-04T07:51:57Z</end></TimeSpan><styleUrl>#point</styleUrl><Point><altitudeMode>clampToGround</altitudeMode><coordinates>11.811170596629381,46.620963094756007,2041.98</coordinates></Point></Placemark><Placemark><TimeSpan><begin>2026-08-04T07:51:57Z</begin><end>2026-08-04T07:52:10Z</end></TimeSpan><styleUrl>#point</styleUrl><Point><altitudeMode>clampToGround</altitudeMode><coordinates>11.811029026284814,46.620977176353335,2044.3800000000001</coordinates></Point></Placemark><Placemark><TimeSpan><begin>2026-08-04T07:52:10Z</begin><end>2026-08-04T07:52:20Z</end></TimeSpan><styleUrl>#point</styleUrl><Point><altitudeMode>clampToGround</altitudeMode><coordinates>11.810988709330559,46.620958484709263,2044.8599999999999</coordinates></Point></Placemark><Placemark><TimeSpan><begin>2026-08-04T07:52:20Z</begin><end>2026-08-04T07:52:32Z</end></TimeSpan><styleUrl>#point</styleUrl><Point><altitudeMode>clampToGround</altitudeMode><coordinates>11.810907069593668,46.620979271829128,2045.8199999999999</coordinates></Point></Placemark><Placemark><TimeSpan><begin>2026-08-04T07:52:32Z</begin><end>2026-08-04T07:52:47Z</end></TimeSpan><styleUrl>#point</styleUrl><Point><altitudeMode>clampToGround</altitudeMode><coordinates>11.810745298862457,46.621006680652499,2048.71</coordinates></Point></Placemark><Placemark><TimeSpan><begin>2026-08-04T07:52:47Z</begin><end>2026-08-04T07:52:59Z</end></TimeSpan><styleUrl>#point</styleUrl><Point><altitudeMode>clampToGround</altitudeMode><coordinates>11.810625102370977,46.621026126667857,2051.1100000000001</coordinates></Point></Placemark><Placemark><TimeSpan><begin>2026-08-04T07:52:59Z</begin><end>2026-08-04T07:53:10Z</end></TimeSpan><styleUrl>#point</styleUrl><Point><altitudeMode>clampToGround</altitudeMode><coordinates>11.810513287782669,46.621037945151329,2053.0300000000002</coordinates></Point></Placemark><Placemark><TimeSpan><begin>2026-08-04T07:53:10Z</begin><end>2026-08-04T07:53:21Z</end></TimeSpan><styleUrl>#point</styleUrl><Point><altitudeMode>clampToGround</altitudeMode><coordinates>11.810405245050788,46.621044483035803,2054.96</coordinates></Point></Placemark><Placemark><TimeSpan><begin>2026-08-04T07:53:21Z</begin><end>2026-08-04T07:53:31Z</end></TimeSpan><styleUrl>#point</styleUrl><Point><altitudeMode>clampToGround</altitudeMode><coordinates>11.810293765738606,46.621045488864183,2056.4000000000001</coordinates></Point></Placemark><Placemark><TimeSpan><begin>2026-08-04T07:53:31Z</begin><end>2026-08-04T07:53:41Z</end></TimeSpan><styleUrl>#point</styleUrl><Point><altitudeMode>clampToGround</altitudeMode><coordinates>11.81028756313026,46.621040124446154,2057.3600000000001</coordinates></Point></Placemark><Placemark><TimeSpan><begin>2026-08-04T07:53:41Z</begin><end>2026-08-04T07:53:52Z</end></TimeSpan><styleUrl>#point</styleUrl><Point><altitudeMode>clampToGround</altitudeMode><coordinates>11.810313295572996,46.621016236022115,2057.3600000000001</coordinates></Point></Placemark><Placemark><TimeSpan><begin>2026-08-04T07:53:52Z</begin><end>2026-08-04T07:54:04Z</end></TimeSpan><styleUrl>#point</styleUrl><Point><altitudeMode>clampToGround</altitudeMode><coordinates>11.810294771566987,46.621020929887891,2057.3600000000001</coordinates></Point></Placemark><Placemark><TimeSpan><begin>2026-08-04T07:54:04Z</begin><end>2026-08-04T07:54:26Z</end></TimeSpan><styleUrl>#point</styleUrl><Point><altitudeMode>clampToGround</altitudeMode><coordinates>11.810288736596704,46.621022522449493,2057.3600000000001</coordinates></Point></Placemark><Placemark><TimeSpan><begin>2026-08-04T07:54:26Z</begin><end>2026-08-04T07:54:36Z</end></TimeSpan><styleUrl>#point</styleUrl><Point><altitudeMode>clampToGround</altitudeMode><coordinates>11.810159990563989,46.621030988171697,2058.3200000000002</coordinates></Point></Placemark><Placemark><TimeSpan><begin>2026-08-04T07:54:36Z</begin><end>2026-08-04T07:54:48Z</end></TimeSpan><styleUrl>#point</styleUrl><Point><altitudeMode>clampToGround</altitudeMode><coordinates>11.810002746060491,46.621043980121613,2060.2399999999998</coordinates></Point></Placemark><Placemark><TimeSpan><begin>2026-08-04T07:54:48Z</begin><end>2026-08-04T07:54:59Z</end></TimeSpan><styleUrl>#point</styleUrl><Point><altitudeMode>clampToGround</altitudeMode><coordinates>11.809863187372684,46.621058648452163,2061.6799999999998</coordinates></Point></Placemark><Placemark><TimeSpan><begin>2026-08-04T07:54:59Z</begin><end>2026-08-04T07:55:09Z</end></TimeSpan><styleUrl>#point</styleUrl><Point><altitudeMode>clampToGround</altitudeMode><coordinates>11.809722455218434,46.621069125831127,2064.0900000000001</coordinates></Point></Placemark><Placemark><TimeSpan><begin>2026-08-04T07:55:09Z</begin><end>2026-08-04T07:55:20Z</end></TimeSpan><styleUrl>#point</styleUrl><Point><altitudeMode>clampToGround</altitudeMode><coordinates>11.809577532112598,46.621069209650159,2066.0100000000002</coordinates></Point></Placemark><Placemark><TimeSpan><begin>2026-08-04T07:55:20Z</begin><end>2026-08-04T07:55:33Z</end></TimeSpan><styleUrl>#point</styleUrl><Point><altitudeMode>clampToGround</altitudeMode><coordinates>11.809414085000753,46.621066862717271,2068.4099999999999</coordinates></Point></Placemark><Placemark><TimeSpan><begin>2026-08-04T07:55:33Z</begin><end>2026-08-04T07:55:42Z</end></TimeSpan><styleUrl>#point</styleUrl><Point><altitudeMode>clampToGround</altitudeMode><coordinates>11.809301851317286,46.62106242030859,2069.8600000000001</coordinates></Point></Placemark><Placemark><TimeSpan><begin>2026-08-04T07:55:42Z</begin><end>2026-08-04T07:55:53Z</end></TimeSpan><styleUrl>#point</styleUrl><Point><altitudeMode>clampToGround</altitudeMode><coordinates>11.809166902676225,46.621045656502247,2071.7800000000002</coordinates></Point></Placemark><Placemark><TimeSpan><begin>2026-08-04T07:55:53Z</begin><end>2026-08-04T07:56:03Z</end></TimeSpan><styleUrl>#point</styleUrl><Point><altitudeMode>clampToGround</altitudeMode><coordinates>11.809053830802441,46.621030317619443,2073.2199999999998</coordinates></Point></Placemark><Placemark><TimeSpan><begin>2026-08-04T07:56:03Z</begin><end>2026-08-04T07:56:14Z</end></TimeSpan><styleUrl>#point</styleUrl><Point><altitudeMode>clampToGround</altitudeMode><coordinates>11.808925168588758,46.62102771922946,2075.1399999999999</coordinates></Point></Placemark><Placemark><TimeSpan><begin>2026-08-04T07:56:14Z</begin><end>2026-08-04T07:56:25Z</end></TimeSpan><styleUrl>#point</styleUrl><Point><altitudeMode>clampToGround</altitudeMode><coordinates>11.808794913813472,46.621029898524284,2077.5500000000002</coordinates></Point></Placemark><Placemark><TimeSpan><begin>2026-08-04T07:56:25Z</begin><end>2026-08-04T07:56:39Z</end></TimeSpan><styleUrl>#point</styleUrl><Point><altitudeMode>clampToGround</altitudeMode><coordinates>11.80864236317575,46.621073484420776,2079.4699999999998</coordinates></Point></Placemark><Placemark><TimeSpan><begin>2026-08-04T07:56:39Z</begin><end>2026-08-04T07:56:52Z</end></TimeSpan><styleUrl>#point</styleUrl><Point><altitudeMode>clampToGround</altitudeMode><coordinates>11.80851730518043,46.621145401149988,2081.8699999999999</coordinates></Point></Placemark><Placemark><TimeSpan><begin>2026-08-04T07:56:52Z</begin><end>2026-08-04T07:57:04Z</end></TimeSpan><styleUrl>#point</styleUrl><Point><altitudeMode>clampToGround</altitudeMode><coordinates>11.808422841131687,46.621198374778032,2084.2800000000002</coordinates></Point></Placemark><Placemark><TimeSpan><begin>2026-08-04T07:57:04Z</begin><end>2026-08-04T07:57:16Z</end></TimeSpan><styleUrl>#point</styleUrl><Point><altitudeMode>clampToGround</altitudeMode><coordinates>11.808425523340702,46.621209606528282,2084.2800000000002</coordinates></Point></Placemark><Placemark><TimeSpan><begin>2026-08-04T07:57:16Z</begin><end>2026-08-04T07:57:33Z</end></TimeSpan><styleUrl>#point</styleUrl><Point><altitudeMode>clampToGround</altitudeMode><coordinates>11.808428792282939,46.621201308444142,2084.2800000000002</coordinates></Point></Placemark><Placemark><TimeSpan><begin>2026-08-04T07:57:33Z</begin><end>2026-08-04T07:57:52Z</end></TimeSpan><styleUrl>#point</styleUrl><Point><altitudeMode>clampToGround</altitudeMode><coordinates>11.808440191671252,46.621175324544311,2084.2800000000002</coordinates></Point></Placemark><Placemark><TimeSpan><begin>2026-08-04T07:57:52Z</begin><end>2026-08-04T07:58:19Z</end></TimeSpan><styleUrl>#point</styleUrl><Point><altitudeMode>clampToGround</altitudeMode><coordinates>11.808447986841202,46.62117674946785,2084.7600000000002</coordinates></Point></Placemark><Placemark><TimeSpan><begin>2026-08-04T07:58:19Z</begin><end>2026-08-04T07:58:33Z</end></TimeSpan><styleUrl>#point</styleUrl><Point><altitudeMode>clampToGround</altitudeMode><coordinates>11.808444298803806,46.621178425848484,2084.7600000000002</coordinates></Point></Placemark><Placemark><TimeSpan><begin>2026-08-04T07:58:33Z</begin><end>2026-08-04T07:58:56Z</end></TimeSpan><styleUrl>#point</styleUrl><Point><altitudeMode>clampToGround</altitudeMode><coordinates>11.808434072881937,46.621181527152658,2084.7600000000002</coordinates></Point></Placemark><Placemark><TimeSpan><begin>2026-08-04T07:58:56Z</begin><end>2026-08-04T07:59:13Z</end></TimeSpan><styleUrl>#point</styleUrl><Point><altitudeMode>clampToGround</altitudeMode><coordinates>11.808416973799467,46.62118555046618,2084.7600000000002</coordinates></Point></Placemark><Placemark><TimeSpan><begin>2026-08-04T07:59:13Z</begin><end>2026-08-04T07:59:34Z</end></TimeSpan><styleUrl>#point</styleUrl><Point><altitudeMode>clampToGround</altitudeMode><coordinates>11.808413956314325,46.621188567951322,2084.7600000000002</coordinates></Point></Placemark><Placemark><TimeSpan><begin>2026-08-04T07:59:34Z</begin><end>2026-08-04T07:59:51Z</end></TimeSpan><styleUrl>#point</styleUrl><Point><altitudeMode>clampToGround</altitudeMode><coordinates>11.808423092588782,46.621189909055829,2084.7600000000002</coordinates></Point></Placemark><Placemark><TimeSpan><begin>2026-08-04T07:59:51Z</begin><end>2026-08-04T08:00:07Z</end></TimeSpan><styleUrl>#point</styleUrl><Point><altitudeMode>clampToGround</altitudeMode><coordinates>11.808400293812156,46.621194770559669,2085.2399999999998</coordinates></Point></Placemark><Placemark><TimeSpan><begin>2026-08-04T08:00:07Z</begin><end>2026-08-04T08:00:21Z</end></TimeSpan><styleUrl>#point</styleUrl><Point><altitudeMode>clampToGround</altitudeMode><coordinates>11.80835553444922,46.621205499395728,2085.7199999999998</coordinates></Point></Placemark><Placemark><TimeSpan><begin>2026-08-04T08:00:21Z</begin><end>2026-08-04T08:00:33Z</end></TimeSpan><styleUrl>#point</styleUrl><Point><altitudeMode>clampToGround</altitudeMode><coordinates>11.808210192248225,46.621246319264174,2087.1599999999999</coordinates></Point></Placemark><Placemark><TimeSpan><begin>2026-08-04T08:00:33Z</begin><end>2026-08-04T08:00:47Z</end></TimeSpan><styleUrl>#point</styleUrl><Point><altitudeMode>clampToGround</altitudeMode><coordinates>11.808043560013175,46.62128965370357,2089.0799999999999</coordinates></Point></Placemark><Placemark><TimeSpan><begin>2026-08-04T08:00:47Z</begin><end>2026-08-04T08:01:01Z</end></TimeSpan><styleUrl>#point</styleUrl><Point><altitudeMode>clampToGround</altitudeMode><coordinates>11.807876424863935,46.621301639825106,2091.9699999999998</coordinates></Point></Placemark><Placemark><TimeSpan><begin>2026-08-04T08:01:01Z</begin><end>2026-08-04T08:01:13Z</end></TimeSpan><styleUrl>#point</styleUrl><Point><altitudeMode>clampToGround</altitudeMode><coordinates>11.807708283886313,46.621327539905906,2093.4099999999999</coordinates></Point></Placemark><Placemark><TimeSpan><begin>2026-08-04T08:01:13Z</begin><end>2026-08-04T08:01:26Z</end></TimeSpan><styleUrl>#point</styleUrl><Point><altitudeMode>clampToGround</altitudeMode><coordinates>11.807525977492332,46.621342040598392,2096.29</coordinates></Point></Placemark><Placemark><TimeSpan><begin>2026-08-04T08:01:26Z</begin><end>2026-08-04T08:01:37Z</end></TimeSpan><styleUrl>#point</styleUrl><Point><altitudeMode>clampToGround</altitudeMode><coordinates>11.807392369955778,46.621308093890548,2098.21</coordinates></Point></Placemark><Placemark><TimeSpan><begin>2026-08-04T08:01:37Z</begin><end>2026-08-04T08:01:46Z</end></TimeSpan><styleUrl>#point</styleUrl><Point><altitudeMode>clampToGround</altitudeMode><coordinates>11.807333277538419,46.621311362832785,2098.21</coordinates></Point></Placemark><Placemark><TimeSpan><begin>2026-08-04T08:01:46Z</begin><end>2026-08-04T08:02:01Z</end></TimeSpan><styleUrl>#point</styleUrl><Point><altitudeMode>clampToGround</altitudeMode><coordinates>11.807129848748446,46.621274817734957,2101.0999999999999</coordinates></Point></Placemark><Placemark><TimeSpan><begin>2026-08-04T08:02:01Z</begin><end>2026-08-04T08:02:14Z</end></TimeSpan><styleUrl>#point</styleUrl><Point><altitudeMode>clampToGround</altitudeMode><coordinates>11.80714569054544,46.621283032000065,2101.0999999999999</coordinates></Point></Placemark><Placemark><TimeSpan><begin>2026-08-04T08:02:14Z</begin><end>2026-08-04T08:02:24Z</end></TimeSpan><styleUrl>#point</styleUrl><Point><altitudeMode>clampToGround</altitudeMode><coordinates>11.807009149342775,46.621280936524272,2102.54</coordinates></Point></Placemark><Placemark><TimeSpan><begin>2026-08-04T08:02:24Z</begin><end>2026-08-04T08:02:38Z</end></TimeSpan><styleUrl>#point</styleUrl><Point><altitudeMode>clampToGround</altitudeMode><coordinates>11.806814102455974,46.621279679238796,2103.98</coordinates></Point></Placemark><Placemark><TimeSpan><begin>2026-08-04T08:02:38Z</begin><end>2026-08-04T08:02:50Z</end></TimeSpan><styleUrl>#point</styleUrl><Point><altitudeMode>clampToGround</altitudeMode><coordinates>11.806640680879354,46.621299711987376,2105.4200000000001</coordinates></Point></Placemark><Placemark><TimeSpan><begin>2026-08-04T08:02:50Z</begin><end>2026-08-04T08:03:00Z</end></TimeSpan><styleUrl>#point</styleUrl><Point><altitudeMode>clampToGround</altitudeMode><coordinates>11.806556778028607,46.621337682008743,2106.8699999999999</coordinates></Point></Placemark><Placemark><TimeSpan><begin>2026-08-04T08:03:00Z</begin><end>2026-08-04T08:03:03Z</end></TimeSpan><styleUrl>#point</styleUrl><Point><altitudeMode>clampToGround</altitudeMode><coordinates>11.806521154940128,46.621358385309577,2107.3499999999999</coordinates></Point></Placemark><Placemark><TimeSpan><begin>2026-08-04T08:03:03Z</begin><end>2026-08-04T08:03:05Z</end></TimeSpan><styleUrl>#point</styleUrl><Point><altitudeMode>clampToGround</altitudeMode><coordinates>11.806498020887375,46.62137221544981,2107.8299999999999</coordinates></Point></Placemark><Placemark><TimeSpan><begin>2026-08-04T08:03:05Z</begin><end>2026-08-04T08:03:08Z</end></TimeSpan><styleUrl>#point</styleUrl><Point><altitudeMode>clampToGround</altitudeMode><coordinates>11.806467091664672,46.621393002569675,2107.8299999999999</coordinates></Point></Placemark><Placemark><TimeSpan><begin>2026-08-04T08:03:08Z</begin><end>2026-08-04T08:03:15Z</end></TimeSpan><styleUrl>#point</styleUrl><Point><altitudeMode>clampToGround</altitudeMode><coordinates>11.806392325088382,46.621433403342962,2109.27</coordinates></Point></Placemark><Placemark><TimeSpan><begin>2026-08-04T08:03:15Z</begin><end>2026-08-04T08:03:27Z</end></TimeSpan><styleUrl>#point</styleUrl><Point><altitudeMode>clampToGround</altitudeMode><coordinates>11.806278415024281,46.621513282880187,2111.1900000000001</coordinates></Point></Placemark><Placemark><TimeSpan><begin>2026-08-04T08:03:27Z</begin><end>2026-08-04T08:03:28Z</end></TimeSpan><styleUrl>#point</styleUrl><Point><altitudeMode>clampToGround</altitudeMode><coordinates>11.806267853826284,46.621519904583693,2111.1900000000001</coordinates></Point></Placemark><Placemark><TimeSpan><begin>2026-08-04T08:03:28Z</begin><end>2026-08-04T08:03:42Z</end></TimeSpan><styleUrl>#point</styleUrl><Point><altitudeMode>clampToGround</altitudeMode><coordinates>11.806138353422284,46.621621493250132,2113.1199999999999</coordinates></Point></Placemark><Placemark><TimeSpan><begin>2026-08-04T08:03:42Z</begin><end>2026-08-04T08:03:53Z</end></TimeSpan><styleUrl>#point</styleUrl><Point><altitudeMode>clampToGround</altitudeMode><coordinates>11.806033914908767,46.621676227077842,2115.04</coordinates></Point></Placemark><Placemark><TimeSpan><begin>2026-08-04T08:03:53Z</begin><end>2026-08-04T08:04:06Z</end></TimeSpan><styleUrl>#point</styleUrl><Point><altitudeMode>clampToGround</altitudeMode><coordinates>11.806002818048,46.62167270667851,2115.52</coordinates></Point></Placemark><Placemark><TimeSpan><begin>2026-08-04T08:04:06Z</begin><end>2026-08-04T08:04:12Z</end></TimeSpan><styleUrl>#point</styleUrl><Point><altitudeMode>clampToGround</altitudeMode><coordinates>11.805987898260355,46.621678993105888,2115.52</coordinates></Point></Placemark><Placemark><TimeSpan><begin>2026-08-04T08:04:12Z</begin><end>2026-08-04T08:04:25Z</end></TimeSpan><styleUrl>#point</styleUrl><Point><altitudeMode>clampToGround</altitudeMode><coordinates>11.805870803073049,46.621737750247121,2117.4400000000001</coordinates></Point></Placemark><Placemark><TimeSpan><begin>2026-08-04T08:04:25Z</begin><end>2026-08-04T08:04:34Z</end></TimeSpan><styleUrl>#point</styleUrl><Point><altitudeMode>clampToGround</altitudeMode><coordinates>11.805774075910449,46.621779575943947,2118.4000000000001</coordinates></Point></Placemark><Placemark><TimeSpan><begin>2026-08-04T08:04:34Z</begin><end>2026-08-04T08:04:46Z</end></TimeSpan><styleUrl>#point</styleUrl><Point><altitudeMode>clampToGround</altitudeMode><coordinates>11.805634014308453,46.621825927868485,2120.3200000000002</coordinates></Point></Placemark><Placemark><TimeSpan><begin>2026-08-04T08:04:46Z</begin><end>2026-08-04T08:04:59Z</end></TimeSpan><styleUrl>#point</styleUrl><Point><altitudeMode>clampToGround</altitudeMode><coordinates>11.805475763976574,46.621867166832089,2122.73</coordinates></Point></Placemark><Placemark><TimeSpan><begin>2026-08-04T08:04:59Z</begin><end>2026-08-04T08:05:12Z</end></TimeSpan><styleUrl>#point</styleUrl><Point><altitudeMode>clampToGround</altitudeMode><coordinates>11.805352549999952,46.621891809627414,2124.1700000000001</coordinates></Point></Placemark><Placemark><TimeSpan><begin>2026-08-04T08:05:12Z</begin><end>2026-08-04T08:05:24Z</end></TimeSpan><styleUrl>#point</styleUrl><Point><altitudeMode>clampToGround</altitudeMode><coordinates>11.805322878062725,46.621896922588348,2124.6500000000001</coordinates></Point></Placemark><Placemark><TimeSpan><begin>2026-08-04T08:05:24Z</begin><end>2026-08-04T08:05:35Z</end></TimeSpan><styleUrl>#point</styleUrl><Point><altitudeMode>clampToGround</altitudeMode><coordinates>11.805243501439691,46.621917122974992,2125.6100000000001</coordinates></Point></Placemark><Placemark><TimeSpan><begin>2026-08-04T08:05:35Z</begin><end>2026-08-04T08:05:46Z</end></TimeSpan><styleUrl>#point</styleUrl><Point><altitudeMode>clampToGround</altitudeMode><coordinates>11.805144846439362,46.621943777427077,2126.5700000000002</coordinates></Point></Placemark><Placemark><TimeSpan><begin>2026-08-04T08:05:46Z</begin><end>2026-08-04T08:05:56Z</end></TimeSpan><styleUrl>#point</styleUrl><Point><altitudeMode>clampToGround</altitudeMode><coordinates>11.80505096912384,46.62197663448751,2128.5</coordinates></Point></Placemark><Placemark><TimeSpan><begin>2026-08-04T08:05:56Z</begin><end>2026-08-04T08:06:08Z</end></TimeSpan><styleUrl>#point</styleUrl><Point><altitudeMode>clampToGround</altitudeMode><coordinates>11.804943094030023,46.622006138786674,2130.4200000000001</coordinates></Point></Placemark><Placemark><TimeSpan><begin>2026-08-04T08:06:08Z</begin><end>2026-08-04T08:06:19Z</end></TimeSpan><styleUrl>#point</styleUrl><Point><altitudeMode>clampToGround</altitudeMode><coordinates>11.80484184063971,46.62204653955996,2131.8600000000001</coordinates></Point></Placemark><Placemark><TimeSpan><begin>2026-08-04T08:06:19Z</begin><end>2026-08-04T08:06:30Z</end></TimeSpan><styleUrl>#point</styleUrl><Point><altitudeMode>clampToGround</altitudeMode><coordinates>11.804808480665088,46.622064812108874,2132.8200000000002</coordinates></Point></Placemark><Placemark><TimeSpan><begin>2026-08-04T08:06:30Z</begin><end>2026-08-04T08:06:41Z</end></TimeSpan><styleUrl>#point</styleUrl><Point><altitudeMode>clampToGround</altitudeMode><coordinates>11.804714854806662,46.622132873162627,2133.7800000000002</coordinates></Point></Placemark><Placemark><TimeSpan><begin>2026-08-04T08:06:41Z</begin><end>2026-08-04T08:06:53Z</end></TimeSpan><styleUrl>#point</styleUrl><Point><altitudeMode>clampToGround</altitudeMode><coordinates>11.804616618901491,46.622197832912207,2136.1900000000001</coordinates></Point></Placemark><Placemark><TimeSpan><begin>2026-08-04T08:06:53Z</begin><end>2026-08-04T08:06:54Z</end></TimeSpan><styleUrl>#point</styleUrl><Point><altitudeMode>clampToGround</altitudeMode><coordinates>11.80460630916059,46.622202359139919,2136.1900000000001</coordinates></Point></Placemark><Placemark><TimeSpan><begin>2026-08-04T08:06:54Z</begin><end>2026-08-04T08:06:59Z</end></TimeSpan><styleUrl>#point</styleUrl><Point><altitudeMode>clampToGround</altitudeMode><coordinates>11.804550318047404,46.622234042733908,2137.1500000000001</coordinates></Point></Placemark><Placemark><TimeSpan><begin>2026-08-04T08:06:59Z</begin><end>2026-08-04T08:07:11Z</end></TimeSpan><styleUrl>#point</styleUrl><Point><altitudeMode>clampToGround</altitudeMode><coordinates>11.804413190111518,46.622283412143588,2139.5500000000002</coordinates></Point></Placemark><Placemark><TimeSpan><begin>2026-08-04T08:07:11Z</begin><end>2026-08-04T08:07:14Z</end></TimeSpan><styleUrl>#point</styleUrl><Point><altitudeMode>clampToGround</altitudeMode><coordinates>11.8043761420995,46.622287770733237,2140.5100000000002</coordinates></Point></Placemark><Placemark><TimeSpan><begin>2026-08-04T08:07:14Z</begin><end>2026-08-04T08:07:27Z</end></TimeSpan><styleUrl>#point</styleUrl><Point><altitudeMode>clampToGround</altitudeMode><coordinates>11.804241947829723,46.622287100180984,2141.4699999999998</coordinates></Point></Placemark><Placemark><TimeSpan><begin>2026-08-04T08:07:27Z</begin><end>2026-08-04T08:07:34Z</end></TimeSpan><styleUrl>#point</styleUrl><Point><altitudeMode>clampToGround</altitudeMode><coordinates>11.804173467680812,46.622325321659446,2142.9200000000001</coordinates></Point></Placemark><Placemark><TimeSpan><begin>2026-08-04T08:07:34Z</begin><end>2026-08-04T08:07:45Z</end></TimeSpan><styleUrl>#point</styleUrl><Point><altitudeMode>clampToGround</altitudeMode><coordinates>11.804107083007693,46.62238759920001,2143.4000000000001</coordinates></Point></Placemark><Placemark><TimeSpan><begin>2026-08-04T08:07:45Z</begin><end>2026-08-04T08:07:54Z</end></TimeSpan><styleUrl>#point</styleUrl><Point><altitudeMode>clampToGround</altitudeMode><coordinates>11.804130971431732,46.622386341914535,2143.4000000000001</coordinates></Point></Placemark><Placemark><TimeSpan><begin>2026-08-04T08:07:54Z</begin><end>2026-08-04T08:08:14Z</end></TimeSpan><styleUrl>#point</styleUrl><Point><altitudeMode>clampToGround</altitudeMode><coordinates>11.804122589528561,46.622377373278141,2143.4000000000001</coordinates></Point></Placemark><Placemark><TimeSpan><begin>2026-08-04T08:08:14Z</begin><end>2026-08-04T08:08:33Z</end></TimeSpan><styleUrl>#point</styleUrl><Point><altitudeMode>clampToGround</altitudeMode><coordinates>11.804122924804688,46.622380306944251,2143.8800000000001</coordinates></Point></Placemark><Placemark><TimeSpan><begin>2026-08-04T08:08:33Z</begin><end>2026-08-04T08:08:55Z</end></TimeSpan><styleUrl>#point</styleUrl><Point><altitudeMode>clampToGround</altitudeMode><coordinates>11.804116638377309,46.622383575886488,2143.8800000000001</coordinates></Point></Placemark><Placemark><TimeSpan><begin>2026-08-04T08:08:55Z</begin><end>2026-08-04T08:09:14Z</end></TimeSpan><styleUrl>#point</styleUrl><Point><altitudeMode>clampToGround</altitudeMode><coordinates>11.804112447425723,46.622371757403016,2143.8800000000001</coordinates></Point></Placemark><Placemark><TimeSpan><begin>2026-08-04T08:09:14Z</begin><end>2026-08-04T08:09:31Z</end></TimeSpan><styleUrl>#point</styleUrl><Point><altitudeMode>clampToGround</altitudeMode><coordinates>11.804116722196341,46.62237930111587,2143.8800000000001</coordinates></Point></Placemark><Placemark><TimeSpan><begin>2026-08-04T08:09:31Z</begin><end>2026-08-04T08:09:52Z</end></TimeSpan><styleUrl>#point</styleUrl><Point><altitudeMode>clampToGround</altitudeMode><coordinates>11.8041274510324,46.622383072972298,2144.3600000000001</coordinates></Point></Placemark><Placemark><TimeSpan><begin>2026-08-04T08:09:52Z</begin><end>2026-08-04T08:10:18Z</end></TimeSpan><styleUrl>#point</styleUrl><Point><altitudeMode>clampToGround</altitudeMode><coordinates>11.804125690832734,46.622385084629059,2144.3600000000001</coordinates></Point></Placemark><Placemark><TimeSpan><begin>2026-08-04T08:10:18Z</begin><end>2026-08-04T08:10:45Z</end></TimeSpan><styleUrl>#point</styleUrl><Point><altitudeMode>clampToGround</altitudeMode><coordinates>11.80412937887013,46.622391706332564,2144.3600000000001</coordinates></Point></Placemark><Placemark><TimeSpan><begin>2026-08-04T08:10:45Z</begin><end>2026-08-04T08:11:11Z</end></TimeSpan><styleUrl>#point</styleUrl><Point><altitudeMode>clampToGround</altitudeMode><coordinates>11.804134408012033,46.622387263923883,2144.8400000000001</coordinates></Point></Placemark><Placemark><TimeSpan><begin>2026-08-04T08:11:11Z</begin><end>2026-08-04T08:11:30Z</end></TimeSpan><styleUrl>#point</styleUrl><Point><altitudeMode>clampToGround</altitudeMode><coordinates>11.804143711924553,46.622391706332564,2144.8400000000001</coordinates></Point></Placemark><Placemark><TimeSpan><begin>2026-08-04T08:11:30Z</begin><end>2026-08-04T08:12:01Z</end></TimeSpan><styleUrl>#point</styleUrl><Point><altitudeMode>clampToGround</altitudeMode><coordinates>11.80413524620235,46.622389862313867,2144.8400000000001</coordinates></Point></Placemark><Placemark><TimeSpan><begin>2026-08-04T08:12:01Z</begin><end>2026-08-04T08:12:31Z</end></TimeSpan><styleUrl>#point</styleUrl><Point><altitudeMode>clampToGround</altitudeMode><coordinates>11.804133066907525,46.622388856485486,2143.8800000000001</coordinates></Point></Placemark><Placemark><TimeSpan><begin>2026-08-04T08:12:31Z</begin><end>2026-08-04T08:12:48Z</end></TimeSpan><styleUrl>#point</styleUrl><Point><altitudeMode>clampToGround</altitudeMode><coordinates>11.80413038469851,46.622379217296839,2143.8800000000001</coordinates></Point></Placemark><Placemark><TimeSpan><begin>2026-08-04T08:12:48Z</begin><end>2026-08-04T08:13:15Z</end></TimeSpan><styleUrl>#point</styleUrl><Point><altitudeMode>clampToGround</altitudeMode><coordinates>11.804131809622049,46.622378965839744,2144.3600000000001</coordinates></Point></Placemark><Placemark><TimeSpan><begin>2026-08-04T08:13:15Z</begin><end>2026-08-04T08:13:27Z</end></TimeSpan><styleUrl>#point</styleUrl><Point><altitudeMode>clampToGround</altitudeMode><coordinates>11.804137257859111,46.622386844828725,2144.3600000000001</coordinates></Point></Placemark><Placemark><TimeSpan><begin>2026-08-04T08:13:27Z</begin><end>2026-08-04T08:13:44Z</end></TimeSpan><styleUrl>#point</styleUrl><Point><altitudeMode>clampToGround</altitudeMode><coordinates>11.804149579256773,46.622393382713199,2144.3600000000001</coordinates></Point></Placemark><Placemark><TimeSpan><begin>2026-08-04T08:13:44Z</begin><end>2026-08-04T08:13:58Z</end></TimeSpan><styleUrl>#point</styleUrl><Point><altitudeMode>clampToGround</altitudeMode><coordinates>11.80414111353457,46.622392628341913,2145.8000000000002</coordinates></Point></Placemark><Placemark><TimeSpan><begin>2026-08-04T08:13:58Z</begin><end>2026-08-04T08:14:23Z</end></TimeSpan><styleUrl>#point</styleUrl><Point><altitudeMode>clampToGround</altitudeMode><coordinates>11.804128875955939,46.622367314994335,2145.8000000000002</coordinates></Point></Placemark><Placemark><TimeSpan><begin>2026-08-04T08:14:23Z</begin><end>2026-08-04T08:14:35Z</end></TimeSpan><styleUrl>#point</styleUrl><Point><altitudeMode>clampToGround</altitudeMode><coordinates>11.804051510989666,46.622246699407697,2145.8000000000002</coordinates></Point></Placemark><Placemark><TimeSpan><begin>2026-08-04T08:14:35Z</begin><end>2026-08-04T08:14:50Z</end></TimeSpan><styleUrl>#point</styleUrl><Point><altitudeMode>clampToGround</altitudeMode><coordinates>11.803847495466471,46.622175117954612,2146.7600000000002</coordinates></Point></Placemark><Placemark><TimeSpan><begin>2026-08-04T08:14:50Z</begin><end>2026-08-04T08:15:04Z</end></TimeSpan><styleUrl>#point</styleUrl><Point><altitudeMode>clampToGround</altitudeMode><coordinates>11.803656723350286,46.622151313349605,2147.7199999999998</coordinates></Point></Placemark><Placemark><TimeSpan><begin>2026-08-04T08:15:04Z</begin><end>2026-08-04T08:15:12Z</end></TimeSpan><styleUrl>#point</styleUrl><Point><altitudeMode>clampToGround</altitudeMode><coordinates>11.803550440818071,46.62216430529952,2148.1999999999998</coordinates></Point></Placemark><Placemark><TimeSpan><begin>2026-08-04T08:15:12Z</begin><end>2026-08-04T08:15:25Z</end></TimeSpan><styleUrl>#point</styleUrl><Point><altitudeMode>clampToGround</altitudeMode><coordinates>11.803347514942288,46.622197162359953,2149.1599999999999</coordinates></Point></Placemark><Placemark><TimeSpan><begin>2026-08-04T08:15:25Z</begin><end>2026-08-04T08:15:38Z</end></TimeSpan><styleUrl>#point</styleUrl><Point><altitudeMode>clampToGround</altitudeMode><coordinates>11.803135285153985,46.622232114896178,2150.1300000000001</coordinates></Point></Placemark><Placemark><TimeSpan><begin>2026-08-04T08:15:38Z</begin><end>2026-08-04T08:15:52Z</end></TimeSpan><styleUrl>#point</styleUrl><Point><altitudeMode>clampToGround</altitudeMode><coordinates>11.802917942404747,46.622270755469799,2151.5700000000002</coordinates></Point></Placemark><Placemark><TimeSpan><begin>2026-08-04T08:15:52Z</begin><end>2026-08-04T08:16:02Z</end></TimeSpan><styleUrl>#point</styleUrl><Point><altitudeMode>clampToGround</altitudeMode><coordinates>11.802775198593736,46.62232113070786,2152.5300000000002</coordinates></Point></Placemark><Placemark><TimeSpan><begin>2026-08-04T08:16:02Z</begin><end>2026-08-04T08:16:16Z</end></TimeSpan><styleUrl>#point</styleUrl><Point><altitudeMode>clampToGround</altitudeMode><coordinates>11.802563304081559,46.622376451268792,2154.4499999999998</coordinates></Point></Placemark><Placemark><TimeSpan><begin>2026-08-04T08:16:16Z</begin><end>2026-08-04T08:16:23Z</end></TimeSpan><styleUrl>#point</styleUrl><Point><altitudeMode>clampToGround</altitudeMode><coordinates>11.802461547777057,46.622389610856771,2155.4099999999999</coordinates></Point></Placemark><Placemark><TimeSpan><begin>2026-08-04T08:16:23Z</begin><end>2026-08-04T08:16:36Z</end></TimeSpan><styleUrl>#point</styleUrl><Point><altitudeMode>clampToGround</altitudeMode><coordinates>11.802256945520639,46.622439734637737,2157.3400000000001</coordinates></Point></Placemark><Placemark><TimeSpan><begin>2026-08-04T08:16:36Z</begin><end>2026-08-04T08:16:48Z</end></TimeSpan><styleUrl>#point</styleUrl><Point><altitudeMode>clampToGround</altitudeMode><coordinates>11.802093079313636,46.622496647760272,2158.7800000000002</coordinates></Point></Placemark><Placemark><TimeSpan><begin>2026-08-04T08:16:48Z</begin><end>2026-08-04T08:17:01Z</end></TimeSpan><styleUrl>#point</styleUrl><Point><altitudeMode>clampToGround</altitudeMode><coordinates>11.801916640251875,46.622542245313525,2160.2199999999998</coordinates></Point></Placemark><Placemark><TimeSpan><begin>2026-08-04T08:17:01Z</begin><end>2026-08-04T08:17:07Z</end></TimeSpan><styleUrl>#point</styleUrl><Point><altitudeMode>clampToGround</altitudeMode><coordinates>11.801846986636519,46.622552052140236,2161.1799999999998</coordinates></Point></Placemark><Placemark><TimeSpan><begin>2026-08-04T08:17:07Z</begin><end>2026-08-04T08:17:16Z</end></TimeSpan><styleUrl>#point</styleUrl><Point><altitudeMode>clampToGround</altitudeMode><coordinates>11.801717486232519,46.622559763491154,2162.1399999999999</coordinates></Point></Placemark><Placemark><TimeSpan><begin>2026-08-04T08:17:16Z</begin><end>2026-08-04T08:17:21Z</end></TimeSpan><styleUrl>#point</styleUrl><Point><altitudeMode>clampToGround</altitudeMode><coordinates>11.801644898951054,46.622558841481805,2162.6199999999999</coordinates></Point></Placemark><Placemark><TimeSpan><begin>2026-08-04T08:17:21Z</begin><end>2026-08-04T08:17:33Z</end></TimeSpan><styleUrl>#point</styleUrl><Point><altitudeMode>clampToGround</altitudeMode><coordinates>11.801472650840878,46.62253906019032,2164.5500000000002</coordinates></Point></Placemark><Placemark><TimeSpan><begin>2026-08-04T08:17:33Z</begin><end>2026-08-04T08:17:45Z</end></TimeSpan><styleUrl>#point</styleUrl><Point><altitudeMode>clampToGround</altitudeMode><coordinates>11.801311215385795,46.622508550062776,2166.9499999999998</coordinates></Point></Placemark><Placemark><TimeSpan><begin>2026-08-04T08:17:45Z</begin><end>2026-08-04T08:17:51Z</end></TimeSpan><styleUrl>#point</styleUrl><Point><altitudeMode>clampToGround</altitudeMode><coordinates>11.801234604790807,46.622488684952259,2167.9099999999999</coordinates></Point></Placemark><Placemark><TimeSpan><begin>2026-08-04T08:17:51Z</begin><end>2026-08-04T08:18:05Z</end></TimeSpan><styleUrl>#point</styleUrl><Point><altitudeMode>clampToGround</altitudeMode><coordinates>11.801033606752753,46.622493294999003,2170.3099999999999</coordinates></Point></Placemark><Placemark><TimeSpan><begin>2026-08-04T08:18:05Z</begin><end>2026-08-04T08:18:14Z</end></TimeSpan><styleUrl>#point</styleUrl><Point><altitudeMode>clampToGround</altitudeMode><coordinates>11.800918858498335,46.622502682730556,2171.27</coordinates></Point></Placemark><Placemark><TimeSpan><begin>2026-08-04T08:18:14Z</begin><end>2026-08-04T08:18:16Z</end></TimeSpan><styleUrl>#point</styleUrl><Point><altitudeMode>clampToGround</altitudeMode><coordinates>11.80088491179049,46.622504778206348,2171.27</coordinates></Point></Placemark><Placemark><TimeSpan><begin>2026-08-04T08:18:16Z</begin><end>2026-08-04T08:18:18Z</end></TimeSpan><styleUrl>#point</styleUrl><Point><altitudeMode>clampToGround</altitudeMode><coordinates>11.80085901170969,46.622508801519871,2171.7600000000002</coordinates></Point></Placemark><Placemark><TimeSpan><begin>2026-08-04T08:18:18Z</begin><end>2026-08-04T08:18:31Z</end></TimeSpan><styleUrl>#point</styleUrl><Point><altitudeMode>clampToGround</altitudeMode><coordinates>11.800664803013206,46.622539898380637,2173.6799999999998</coordinates></Point></Placemark><Placemark><TimeSpan><begin>2026-08-04T08:18:31Z</begin><end>2026-08-04T08:18:44Z</end></TimeSpan><styleUrl>#point</styleUrl><Point><altitudeMode>clampToGround</altitudeMode><coordinates>11.80047981441021,46.622581807896495,2175.5999999999999</coordinates></Point></Placemark><Placemark><TimeSpan><begin>2026-08-04T08:18:44Z</begin><end>2026-08-04T08:18:55Z</end></TimeSpan><styleUrl>#point</styleUrl><Point><altitudeMode>clampToGround</altitudeMode><coordinates>11.800315361469984,46.622600667178631,2176.5599999999999</coordinates></Point></Placemark><Placemark><TimeSpan><begin>2026-08-04T08:18:55Z</begin><end>2026-08-04T08:19:06Z</end></TimeSpan><styleUrl>#point</styleUrl><Point><altitudeMode>clampToGround</altitudeMode><coordinates>11.800276134163141,46.622587256133556,2177.04</coordinates></Point></Placemark><Placemark><TimeSpan><begin>2026-08-04T08:19:06Z</begin><end>2026-08-04T08:19:20Z</end></TimeSpan><styleUrl>#point</styleUrl><Point><altitudeMode>clampToGround</altitudeMode><coordinates>11.800253838300705,46.622604187577963,2177.04</coordinates></Point></Placemark><Placemark><TimeSpan><begin>2026-08-04T08:19:20Z</begin><end>2026-08-04T08:19:37Z</end></TimeSpan><styleUrl>#point</styleUrl><Point><altitudeMode>clampToGround</altitudeMode><coordinates>11.800258532166481,46.622610054910183,2177.52</coordinates></Point></Placemark><Placemark><TimeSpan><begin>2026-08-04T08:19:37Z</begin><end>2026-08-04T08:19:53Z</end></TimeSpan><styleUrl>#point</styleUrl><Point><altitudeMode>clampToGround</altitudeMode><coordinates>11.800251491367817,46.622615670785308,2178</coordinates></Point></Placemark><Placemark><TimeSpan><begin>2026-08-04T08:19:53Z</begin><end>2026-08-04T08:20:02Z</end></TimeSpan><styleUrl>#point</styleUrl><Point><altitudeMode>clampToGround</altitudeMode><coordinates>11.800181334838271,46.622584573924541,2178.48</coordinates></Point></Placemark><Placemark><TimeSpan><begin>2026-08-04T08:20:02Z</begin><end>2026-08-04T08:20:10Z</end></TimeSpan><styleUrl>#point</styleUrl><Point><altitudeMode>clampToGround</altitudeMode><coordinates>11.800153087824583,46.622579041868448,2178.48</coordinates></Point></Placemark><Placemark><TimeSpan><begin>2026-08-04T08:20:10Z</begin><end>2026-08-04T08:20:26Z</end></TimeSpan><styleUrl>#point</styleUrl><Point><altitudeMode>clampToGround</altitudeMode><coordinates>11.799889225512743,46.622487846761942,2180.4099999999999</coordinates></Point></Placemark><Placemark><TimeSpan><begin>2026-08-04T08:20:26Z</begin><end>2026-08-04T08:20:40Z</end></TimeSpan><styleUrl>#point</styleUrl><Point><altitudeMode>clampToGround</altitudeMode><coordinates>11.799707841128111,46.622367734089494,2182.8099999999999</coordinates></Point></Placemark><Placemark><TimeSpan><begin>2026-08-04T08:20:40Z</begin><end>2026-08-04T08:20:55Z</end></TimeSpan><styleUrl>#point</styleUrl><Point><altitudeMode>clampToGround</altitudeMode><coordinates>11.799519583582878,46.622254494577646,2185.6900000000001</coordinates></Point></Placemark><Placemark><TimeSpan><begin>2026-08-04T08:20:55Z</begin><end>2026-08-04T08:21:08Z</end></TimeSpan><styleUrl>#point</styleUrl><Point><altitudeMode>clampToGround</altitudeMode><coordinates>11.799357561394572,46.622170340269804,2188.0999999999999</coordinates></Point></Placemark><Placemark><TimeSpan><begin>2026-08-04T08:21:08Z</begin><end>2026-08-04T08:21:22Z</end></TimeSpan><styleUrl>#point</styleUrl><Point><altitudeMode>clampToGround</altitudeMode><coordinates>11.799177518114448,46.622108398005366,2190.98</coordinates></Point></Placemark><Placemark><TimeSpan><begin>2026-08-04T08:21:22Z</begin><end>2026-08-04T08:21:40Z</end></TimeSpan><styleUrl>#point</styleUrl><Point><altitudeMode>clampToGround</altitudeMode><coordinates>11.799174332991242,46.622114349156618,2191.46</coordinates></Point></Placemark><Placemark><TimeSpan><begin>2026-08-04T08:21:40Z</begin><end>2026-08-04T08:21:41Z</end></TimeSpan><styleUrl>#point</styleUrl><Point><altitudeMode>clampToGround</altitudeMode><coordinates>11.799162346869707,46.622111750766635,2191.46</coordinates></Point></Placemark><Placemark><TimeSpan><begin>2026-08-04T08:21:41Z</begin><end>2026-08-04T08:21:54Z</end></TimeSpan><styleUrl>#point</styleUrl><Point><altitudeMode>clampToGround</altitudeMode><coordinates>11.798954475671053,46.622131196781993,2193.3899999999999</coordinates></Point></Placemark><Placemark><TimeSpan><begin>2026-08-04T08:21:54Z</begin><end>2026-08-04T08:22:08Z</end></TimeSpan><styleUrl>#point</styleUrl><Point><altitudeMode>clampToGround</altitudeMode><coordinates>11.798732941970229,46.622156677767634,2195.3099999999999</coordinates></Point></Placemark><Placemark><TimeSpan><begin>2026-08-04T08:22:08Z</begin><end>2026-08-04T08:22:18Z</end></TimeSpan><styleUrl>#point</styleUrl><Point><altitudeMode>clampToGround</altitudeMode><coordinates>11.798608805984259,46.622124072164297,2197.23</coordinates></Point></Placemark><Placemark><TimeSpan><begin>2026-08-04T08:22:18Z</begin><end>2026-08-04T08:22:21Z</end></TimeSpan><styleUrl>#point</styleUrl><Point><altitudeMode>clampToGround</altitudeMode><coordinates>11.798586761578918,46.622099094092846,2197.71</coordinates></Point></Placemark><Placemark><TimeSpan><begin>2026-08-04T08:22:21Z</begin><end>2026-08-04T08:22:31Z</end></TimeSpan><styleUrl>#point</styleUrl><Point><altitudeMode>clampToGround</altitudeMode><coordinates>11.79851358756423,46.622012760490179,2199.6300000000001</coordinates></Point></Placemark><Placemark><TimeSpan><begin>2026-08-04T08:22:31Z</begin><end>2026-08-04T08:22:45Z</end></TimeSpan><styleUrl>#point</styleUrl><Point><altitudeMode>clampToGround</altitudeMode><coordinates>11.79841099306941,46.621923912316561,2201.5599999999999</coordinates></Point></Placemark><Placemark><TimeSpan><begin>2026-08-04T08:22:45Z</begin><end>2026-08-04T08:22:57Z</end></TimeSpan><styleUrl>#point</styleUrl><Point><altitudeMode>clampToGround</altitudeMode><coordinates>11.798249306157231,46.621901784092188,2203.96</coordinates></Point></Placemark><Placemark><TimeSpan><begin>2026-08-04T08:22:57Z</begin><end>2026-08-04T08:23:08Z</end></TimeSpan><styleUrl>#point</styleUrl><Point><altitudeMode>clampToGround</altitudeMode><coordinates>11.798107149079442,46.621892396360636,2205.4000000000001</coordinates></Point></Placemark><Placemark><TimeSpan><begin>2026-08-04T08:23:08Z</begin><end>2026-08-04T08:23:20Z</end></TimeSpan><styleUrl>#point</styleUrl><Point><altitudeMode>clampToGround</altitudeMode><coordinates>11.79795166477561,46.62190337665379,2207.3200000000002</coordinates></Point></Placemark><Placemark><TimeSpan><begin>2026-08-04T08:23:20Z</begin><end>2026-08-04T08:23:23Z</end></TimeSpan><styleUrl>#point</styleUrl><Point><altitudeMode>clampToGround</altitudeMode><coordinates>11.797925597056746,46.621907148510218,2207.8099999999999</coordinates></Point></Placemark><Placemark><TimeSpan><begin>2026-08-04T08:23:23Z</begin><end>2026-08-04T08:23:30Z</end></TimeSpan><styleUrl>#point</styleUrl><Point><altitudeMode>clampToGround</altitudeMode><coordinates>11.79784320294857,46.621912177652121,2208.77</coordinates></Point></Placemark><Placemark><TimeSpan><begin>2026-08-04T08:23:30Z</begin><end>2026-08-04T08:23:42Z</end></TimeSpan><styleUrl>#point</styleUrl><Point><altitudeMode>clampToGround</altitudeMode><coordinates>11.797685958445072,46.621957272291183,2211.1700000000001</coordinates></Point></Placemark><Placemark><TimeSpan><begin>2026-08-04T08:23:42Z</begin><end>2026-08-04T08:23:53Z</end></TimeSpan><styleUrl>#point</styleUrl><Point><altitudeMode>clampToGround</altitudeMode><coordinates>11.797610018402338,46.621987614780664,2212.6100000000001</coordinates></Point></Placemark><Placemark><TimeSpan><begin>2026-08-04T08:23:53Z</begin><end>2026-08-04T08:24:15Z</end></TimeSpan><styleUrl>#point</styleUrl><Point><altitudeMode>clampToGround</altitudeMode><coordinates>11.797628039494157,46.621982585638762,2213.0900000000001</coordinates></Point></Placemark><Placemark><TimeSpan><begin>2026-08-04T08:24:15Z</begin><end>2026-08-04T08:24:27Z</end></TimeSpan><styleUrl>#point</styleUrl><Point><altitudeMode>clampToGround</altitudeMode><coordinates>11.79756467230618,46.622017370536923,2213.0900000000001</coordinates></Point></Placemark><Placemark><TimeSpan><begin>2026-08-04T08:24:27Z</begin><end>2026-08-04T08:24:37Z</end></TimeSpan><styleUrl>#point</styleUrl><Point><altitudeMode>clampToGround</altitudeMode><coordinates>11.797455288469791,46.622052155435085,2215.0100000000002</coordinates></Point></Placemark><Placemark><TimeSpan><begin>2026-08-04T08:24:37Z</begin><end>2026-08-04T08:24:38Z</end></TimeSpan><styleUrl>#point</styleUrl><Point><altitudeMode>clampToGround</altitudeMode><coordinates>11.797444559633732,46.622059196233749,2215.0100000000002</coordinates></Point></Placemark><Placemark><TimeSpan><begin>2026-08-04T08:24:38Z</begin><end>2026-08-04T08:24:45Z</end></TimeSpan><styleUrl>#point</styleUrl><Point><altitudeMode>clampToGround</altitudeMode><coordinates>11.797345485538244,46.622090125456452,2216.46</coordinates></Point></Placemark><Placemark><TimeSpan><begin>2026-08-04T08:24:45Z</begin><end>2026-08-04T08:24:55Z</end></TimeSpan><styleUrl>#point</styleUrl><Point><altitudeMode>clampToGround</altitudeMode><coordinates>11.79722998291254,46.622130945324898,2218.3800000000001</coordinates></Point></Placemark><Placemark><TimeSpan><begin>2026-08-04T08:24:55Z</begin><end>2026-08-04T08:25:07Z</end></TimeSpan><styleUrl>#point</styleUrl><Point><altitudeMode>clampToGround</altitudeMode><coordinates>11.797084137797356,46.622182661667466,2220.3000000000002</coordinates></Point></Placemark><Placemark><TimeSpan><begin>2026-08-04T08:25:07Z</begin><end>2026-08-04T08:25:08Z</end></TimeSpan><styleUrl>#point</styleUrl><Point><altitudeMode>clampToGround</altitudeMode><coordinates>11.797074247151613,46.62218333221972,2220.7800000000002</coordinates></Point></Placemark><Placemark><TimeSpan><begin>2026-08-04T08:25:08Z</begin><end>2026-08-04T08:25:11Z</end></TimeSpan><styleUrl>#point</styleUrl><Point><altitudeMode>clampToGround</altitudeMode><coordinates>11.797044659033418,46.622202359139919,2220.7800000000002</coordinates></Point></Placemark><Placemark><TimeSpan><begin>2026-08-04T08:25:11Z</begin><end>2026-08-04T08:25:19Z</end></TimeSpan><styleUrl>#point</styleUrl><Point><altitudeMode>clampToGround</altitudeMode><coordinates>11.796946171671152,46.622234294191003,2221.7399999999998</coordinates></Point></Placemark><Placemark><TimeSpan><begin>2026-08-04T08:25:19Z</begin><end>2026-08-04T08:25:22Z</end></TimeSpan><styleUrl>#point</styleUrl><Point><altitudeMode>clampToGround</altitudeMode><coordinates>11.796913063153625,46.622255248948932,2222.2199999999998</coordinates></Point></Placemark><Placemark><TimeSpan><begin>2026-08-04T08:25:22Z</begin><end>2026-08-04T08:25:35Z</end></TimeSpan><styleUrl>#point</styleUrl><Point><altitudeMode>clampToGround</altitudeMode><coordinates>11.796748023480177,46.622317777946591,2224.6300000000001</coordinates></Point></Placemark><Placemark><TimeSpan><begin>2026-08-04T08:25:35Z</begin><end>2026-08-04T08:25:44Z</end></TimeSpan><styleUrl>#point</styleUrl><Point><altitudeMode>clampToGround</altitudeMode><coordinates>11.796650877222419,46.622368488460779,2226.0700000000002</coordinates></Point></Placemark><Placemark><TimeSpan><begin>2026-08-04T08:25:44Z</begin><end>2026-08-04T08:25:49Z</end></TimeSpan><styleUrl>#point</styleUrl><Point><altitudeMode>clampToGround</altitudeMode><coordinates>11.796586001291871,46.622388018295169,2227.0300000000002</coordinates></Point></Placemark><Placemark><TimeSpan><begin>2026-08-04T08:25:49Z</begin><end>2026-08-04T08:25:55Z</end></TimeSpan><styleUrl>#point</styleUrl><Point><altitudeMode>clampToGround</altitudeMode><coordinates>11.796517772600055,46.622406793758273,2227.9899999999998</coordinates></Point></Placemark><Placemark><TimeSpan><begin>2026-08-04T08:25:55Z</begin><end>2026-08-04T08:26:06Z</end></TimeSpan><styleUrl>#point</styleUrl><Point><altitudeMode>clampToGround</altitudeMode><coordinates>11.796441497281194,46.622399836778641,2229.4299999999998</coordinates></Point></Placemark><Placemark><TimeSpan><begin>2026-08-04T08:26:06Z</begin><end>2026-08-04T08:26:21Z</end></TimeSpan><styleUrl>#point</styleUrl><Point><altitudeMode>clampToGround</altitudeMode><coordinates>11.796449543908238,46.622410817071795,2229.9200000000001</coordinates></Point></Placemark><Placemark><TimeSpan><begin>2026-08-04T08:26:21Z</begin><end>2026-08-04T08:26:39Z</end></TimeSpan><styleUrl>#point</styleUrl><Point><altitudeMode>clampToGround</altitudeMode><coordinates>11.796442251652479,46.62241006270051,2229.9200000000001</coordinates></Point></Placemark><Placemark><TimeSpan><begin>2026-08-04T08:26:39Z</begin><end>2026-08-04T08:26:53Z</end></TimeSpan><styleUrl>#point</styleUrl><Point><altitudeMode>clampToGround</altitudeMode><coordinates>11.796454740688205,46.622415091842413,2229.9200000000001</coordinates></Point></Placemark><Placemark><TimeSpan><begin>2026-08-04T08:26:53Z</begin><end>2026-08-04T08:27:19Z</end></TimeSpan><styleUrl>#point</styleUrl><Point><altitudeMode>clampToGround</altitudeMode><coordinates>11.796435210853815,46.622401094064116,2229.9200000000001</coordinates></Point></Placemark><Placemark><TimeSpan><begin>2026-08-04T08:27:19Z</begin><end>2026-08-04T08:27:35Z</end></TimeSpan><styleUrl>#point</styleUrl><Point><altitudeMode>clampToGround</altitudeMode><coordinates>11.796414256095886,46.622412325814366,2230.8800000000001</coordinates></Point></Placemark><Placemark><TimeSpan><begin>2026-08-04T08:27:35Z</begin><end>2026-08-04T08:27:46Z</end></TimeSpan><styleUrl>#point</styleUrl><Point><altitudeMode>clampToGround</altitudeMode><coordinates>11.796353906393051,46.622485499829054,2232.3200000000002</coordinates></Point></Placemark><Placemark><TimeSpan><begin>2026-08-04T08:27:46Z</begin><end>2026-08-04T08:27:52Z</end></TimeSpan><styleUrl>#point</styleUrl><Point><altitudeMode>clampToGround</altitudeMode><coordinates>11.796399671584368,46.62253025919199,2233.2800000000002</coordinates></Point></Placemark><Placemark><TimeSpan><begin>2026-08-04T08:27:52Z</begin><end>2026-08-04T08:27:59Z</end></TimeSpan><styleUrl>#point</styleUrl><Point><altitudeMode>clampToGround</altitudeMode><coordinates>11.796457087621093,46.62258205935359,2234.7199999999998</coordinates></Point></Placemark><Placemark><TimeSpan><begin>2026-08-04T08:27:59Z</begin><end>2026-08-04T08:28:09Z</end></TimeSpan><styleUrl>#point</styleUrl><Point><altitudeMode>clampToGround</altitudeMode><coordinates>11.796536464244127,46.622646432369947,2236.1599999999999</coordinates></Point></Placemark><Placemark><TimeSpan><begin>2026-08-04T08:28:09Z</begin><end>2026-08-04T08:28:14Z</end></TimeSpan><styleUrl>#point</styleUrl><Point><altitudeMode>clampToGround</altitudeMode><coordinates>11.796581642702222,46.622685911133885,2237.1300000000001</coordinates></Point></Placemark><Placemark><TimeSpan><begin>2026-08-04T08:28:14Z</begin><end>2026-08-04T08:28:25Z</end></TimeSpan><styleUrl>#point</styleUrl><Point><altitudeMode>clampToGround</altitudeMode><coordinates>11.796661438420415,46.622762102633715,2239.0500000000002</coordinates></Point></Placemark><Placemark><TimeSpan><begin>2026-08-04T08:28:25Z</begin><end>2026-08-04T08:28:33Z</end></TimeSpan><styleUrl>#point</styleUrl><Point><altitudeMode>clampToGround</altitudeMode><coordinates>11.79672128520906,46.622818429023027,2240.4899999999998</coordinates></Point></Placemark><Placemark><TimeSpan><begin>2026-08-04T08:28:33Z</begin><end>2026-08-04T08:28:46Z</end></TimeSpan><styleUrl>#point</styleUrl><Point><altitudeMode>clampToGround</altitudeMode><coordinates>11.796840811148286,46.622902080416679,2242.4099999999999</coordinates></Point></Placemark><Placemark><TimeSpan><begin>2026-08-04T08:28:46Z</begin><end>2026-08-04T08:28:55Z</end></TimeSpan><styleUrl>#point</styleUrl><Point><altitudeMode>clampToGround</altitudeMode><coordinates>11.796917673200369,46.622951785102487,2243.8499999999999</coordinates></Point></Placemark><Placemark><TimeSpan><begin>2026-08-04T08:28:55Z</begin><end>2026-08-04T08:28:56Z</end></TimeSpan><styleUrl>#point</styleUrl><Point><altitudeMode>clampToGround</altitudeMode><coordinates>11.796927060931921,46.622960418462753,2243.8499999999999</coordinates></Point></Placemark><Placemark><TimeSpan><begin>2026-08-04T08:28:56Z</begin><end>2026-08-04T08:28:59Z</end></TimeSpan><styleUrl>#point</styleUrl><Point><altitudeMode>clampToGround</altitudeMode><coordinates>11.796963103115559,46.622975841164589,2244.8200000000002</coordinates></Point></Placemark><Placemark><TimeSpan><begin>2026-08-04T08:28:59Z</begin><end>2026-08-04T08:29:10Z</end></TimeSpan><styleUrl>#point</styleUrl><Point><altitudeMode>clampToGround</altitudeMode><coordinates>11.797044491395354,46.623045075684786,2246.7399999999998</coordinates></Point></Placemark><Placemark><TimeSpan><begin>2026-08-04T08:29:10Z</begin><end>2026-08-04T08:29:21Z</end></TimeSpan><styleUrl>#point</styleUrl><Point><altitudeMode>clampToGround</altitudeMode><coordinates>11.797120850533247,46.623134510591626,2248.6599999999999</coordinates></Point></Placemark><Placemark><TimeSpan><begin>2026-08-04T08:29:21Z</begin><end>2026-08-04T08:29:31Z</end></TimeSpan><styleUrl>#point</styleUrl><Point><altitudeMode>clampToGround</altitudeMode><coordinates>11.79717818275094,46.623208690434694,2250.0999999999999</coordinates></Point></Placemark><Placemark><TimeSpan><begin>2026-08-04T08:29:31Z</begin><end>2026-08-04T08:29:35Z</end></TimeSpan><styleUrl>#point</styleUrl><Point><altitudeMode>clampToGround</altitudeMode><coordinates>11.797199891880155,46.6232377756387,2250.5799999999999</coordinates></Point></Placemark><Placemark><TimeSpan><begin>2026-08-04T08:29:35Z</begin><end>2026-08-04T08:29:38Z</end></TimeSpan><styleUrl>#point</styleUrl><Point><altitudeMode>clampToGround</altitudeMode><coordinates>11.797227468341589,46.623254120349884,2251.54</coordinates></Point></Placemark><Placemark><TimeSpan><begin>2026-08-04T08:29:38Z</begin><end>2026-08-04T08:29:50Z</end></TimeSpan><styleUrl>#point</styleUrl><Point><altitudeMode>clampToGround</altitudeMode><coordinates>11.797321680933237,46.623343136161566,2252.9899999999998</coordinates></Point></Placemark><Placemark><TimeSpan><begin>2026-08-04T08:29:50Z</begin><end>2026-08-04T08:29:59Z</end></TimeSpan><styleUrl>#point</styleUrl><Point><altitudeMode>clampToGround</altitudeMode><coordinates>11.797340959310532,46.623377753421664,2253.9499999999998</coordinates></Point></Placemark><Placemark><TimeSpan><begin>2026-08-04T08:29:59Z</begin><end>2026-08-04T08:30:08Z</end></TimeSpan><styleUrl>#point</styleUrl><Point><altitudeMode>clampToGround</altitudeMode><coordinates>11.797379264608026,46.623431984335184,2254.9099999999999</coordinates></Point></Placemark><Placemark><TimeSpan><begin>2026-08-04T08:30:08Z</begin><end>2026-08-04T08:30:21Z</end></TimeSpan><styleUrl>#point</styleUrl><Point><altitudeMode>clampToGround</altitudeMode><coordinates>11.797434501349926,46.623537512496114,2257.3099999999999</coordinates></Point></Placemark><Placemark><TimeSpan><begin>2026-08-04T08:30:21Z</begin><end>2026-08-04T08:30:33Z</end></TimeSpan><styleUrl>#point</styleUrl><Point><altitudeMode>clampToGround</altitudeMode><coordinates>11.797457635402679,46.623649327084422,2259.7199999999998</coordinates></Point></Placemark><Placemark><TimeSpan><begin>2026-08-04T08:30:33Z</begin><end>2026-08-04T08:30:43Z</end></TimeSpan><styleUrl>#point</styleUrl><Point><altitudeMode>clampToGround</altitudeMode><coordinates>11.797465430572629,46.623744545504451,2261.1599999999999</coordinates></Point></Placemark><Placemark><TimeSpan><begin>2026-08-04T08:30:43Z</begin><end>2026-08-04T08:30:54Z</end></TimeSpan><styleUrl>#point</styleUrl><Point><altitudeMode>clampToGround</altitudeMode><coordinates>11.797471800819039,46.623855689540505,2263.0799999999999</coordinates></Point></Placemark><Placemark><TimeSpan><begin>2026-08-04T08:30:54Z</begin><end>2026-08-04T08:31:01Z</end></TimeSpan><styleUrl>#point</styleUrl><Point><altitudeMode>clampToGround</altitudeMode><coordinates>11.797463586553931,46.623929617926478,2264.52</coordinates></Point></Placemark><Placemark><TimeSpan><begin>2026-08-04T08:31:01Z</begin><end>2026-08-04T08:31:14Z</end></TimeSpan><styleUrl>#point</styleUrl><Point><altitudeMode>clampToGround</altitudeMode><coordinates>11.797439698129892,46.624063225463033,2266.4499999999998</coordinates></Point></Placemark><Placemark><TimeSpan><begin>2026-08-04T08:31:14Z</begin><end>2026-08-04T08:31:26Z</end></TimeSpan><styleUrl>#point</styleUrl><Point><altitudeMode>clampToGround</altitudeMode><coordinates>11.797462664544582,46.624179231002927,2268.3699999999999</coordinates></Point></Placemark><Placemark><TimeSpan><begin>2026-08-04T08:31:26Z</begin><end>2026-08-04T08:31:27Z</end></TimeSpan><styleUrl>#point</styleUrl><Point><altitudeMode>clampToGround</altitudeMode><coordinates>11.797468364238739,46.624186858534813,2268.3699999999999</coordinates></Point></Placemark><Placemark><TimeSpan><begin>2026-08-04T08:31:27Z</begin><end>2026-08-04T08:31:37Z</end></TimeSpan><styleUrl>#point</styleUrl><Point><altitudeMode>clampToGround</altitudeMode><coordinates>11.797502897679806,46.624233797192574,2269.3299999999999</coordinates></Point></Placemark><Placemark><TimeSpan><begin>2026-08-04T08:31:37Z</begin><end>2026-08-04T08:31:51Z</end></TimeSpan><styleUrl>#point</styleUrl><Point><altitudeMode>clampToGround</altitudeMode><coordinates>11.797501724213362,46.624227929860353,2269.3299999999999</coordinates></Point></Placemark><Placemark><TimeSpan><begin>2026-08-04T08:31:51Z</begin><end>2026-08-04T08:32:05Z</end></TimeSpan><styleUrl>#point</styleUrl><Point><altitudeMode>clampToGround</altitudeMode><coordinates>11.797511782497168,46.624227343127131,2269.3299999999999</coordinates></Point></Placemark><Placemark><TimeSpan><begin>2026-08-04T08:32:05Z</begin><end>2026-08-04T08:32:17Z</end></TimeSpan><styleUrl>#point</styleUrl><Point><altitudeMode>clampToGround</altitudeMode><coordinates>11.797517482191324,46.624217787757516,2269.8099999999999</coordinates></Point></Placemark><Placemark><TimeSpan><begin>2026-08-04T08:32:17Z</begin><end>2026-08-04T08:32:47Z</end></TimeSpan><styleUrl>#point</styleUrl><Point><altitudeMode>clampToGround</altitudeMode><coordinates>11.79750700481236,46.624216698110104,2269.8099999999999</coordinates></Point></Placemark><Placemark><TimeSpan><begin>2026-08-04T08:32:47Z</begin><end>2026-08-04T08:32:56Z</end></TimeSpan><styleUrl>#point</styleUrl><Point><altitudeMode>clampToGround</altitudeMode><coordinates>11.797522343695164,46.624228768050671,2269.8099999999999</coordinates></Point></Placemark><Placemark><TimeSpan><begin>2026-08-04T08:32:56Z</begin><end>2026-08-04T08:33:11Z</end></TimeSpan><styleUrl>#point</styleUrl><Point><altitudeMode>clampToGround</altitudeMode><coordinates>11.797572132200003,46.624279981479049,2270.77</coordinates></Point></Placemark><Placemark><TimeSpan><begin>2026-08-04T08:33:11Z</begin><end>2026-08-04T08:33:25Z</end></TimeSpan><styleUrl>#point</styleUrl><Point><altitudeMode>clampToGround</altitudeMode><coordinates>11.79775083437562,46.624353490769863,2273.1700000000001</coordinates></Point></Placemark><Placemark><TimeSpan><begin>2026-08-04T08:33:25Z</begin><end>2026-08-04T08:33:27Z</end></TimeSpan><styleUrl>#point</styleUrl><Point><altitudeMode>clampToGround</altitudeMode><coordinates>11.797778913751245,46.624360280111432,2273.1700000000001</coordinates></Point></Placemark><Placemark><TimeSpan><begin>2026-08-04T08:33:27Z</begin><end>2026-08-04T08:33:38Z</end></TimeSpan><styleUrl>#point</styleUrl><Point><altitudeMode>clampToGround</altitudeMode><coordinates>11.797932470217347,46.624393472447991,2275.0999999999999</coordinates></Point></Placemark><Placemark><TimeSpan><begin>2026-08-04T08:33:38Z</begin><end>2026-08-04T08:33:40Z</end></TimeSpan><styleUrl>#point</styleUrl><Point><altitudeMode>clampToGround</altitudeMode><coordinates>11.797959040850401,46.624400094151497,2275.5799999999999</coordinates></Point></Placemark><Placemark><TimeSpan><begin>2026-08-04T08:33:40Z</begin><end>2026-08-04T08:33:43Z</end></TimeSpan><styleUrl>#point</styleUrl><Point><altitudeMode>clampToGround</altitudeMode><coordinates>11.798004135489464,46.624401854351163,2276.0599999999999</coordinates></Point></Placemark><Placemark><TimeSpan><begin>2026-08-04T08:33:43Z</begin><end>2026-08-04T08:33:48Z</end></TimeSpan><styleUrl>#point</styleUrl><Point><altitudeMode>clampToGround</altitudeMode><coordinates>11.798066664487123,46.624427419155836,2277.02</coordinates></Point></Placemark><Placemark><TimeSpan><begin>2026-08-04T08:33:48Z</begin><end>2026-08-04T08:33:52Z</end></TimeSpan><styleUrl>#point</styleUrl><Point><altitudeMode>clampToGround</altitudeMode><coordinates>11.798087451606989,46.624463964253664,2277.5</coordinates></Point></Placemark><Placemark><TimeSpan><begin>2026-08-04T08:33:52Z</begin><end>2026-08-04T08:33:57Z</end></TimeSpan><styleUrl>#point</styleUrl><Point><altitudeMode>clampToGround</altitudeMode><coordinates>11.798035902902484,46.624512998387218,2277.98</coordinates></Point></Placemark><Placemark><TimeSpan><begin>2026-08-04T08:33:57Z</begin><end>2026-08-04T08:34:10Z</end></TimeSpan><styleUrl>#point</styleUrl><Point><altitudeMode>clampToGround</altitudeMode><coordinates>11.797878239303827,46.624582232907414,2280.3800000000001</coordinates></Point></Placemark><Placemark><TimeSpan><begin>2026-08-04T08:34:10Z</begin><end>2026-08-04T08:34:23Z</end></TimeSpan><styleUrl>#point</styleUrl><Point><altitudeMode>clampToGround</altitudeMode><coordinates>11.797716887667775,46.624613245949149,2282.3099999999999</coordinates></Point></Placemark><Placemark><TimeSpan><begin>2026-08-04T08:34:23Z</begin><end>2026-08-04T08:34:34Z</end></TimeSpan><styleUrl>#point</styleUrl><Point><altitudeMode>clampToGround</altitudeMode><coordinates>11.797652514651418,46.624620202928782,2283.27</coordinates></Point></Placemark><Placemark><TimeSpan><begin>2026-08-04T08:34:34Z</begin><end>2026-08-04T08:34:42Z</end></TimeSpan><styleUrl>#point</styleUrl><Point><altitudeMode>clampToGround</altitudeMode><coordinates>11.797549584880471,46.624634452164173,2283.75</coordinates></Point></Placemark><Placemark><TimeSpan><begin>2026-08-04T08:34:42Z</begin><end>2026-08-04T08:34:53Z</end></TimeSpan><styleUrl>#point</styleUrl><Point><altitudeMode>clampToGround</altitudeMode><coordinates>11.797388736158609,46.62464995868504,2285.6700000000001</coordinates></Point></Placemark><Placemark><TimeSpan><begin>2026-08-04T08:34:53Z</begin><end>2026-08-04T08:35:09Z</end></TimeSpan><styleUrl>#point</styleUrl><Point><altitudeMode>clampToGround</altitudeMode><coordinates>11.797373984009027,46.624639481306076,2285.6700000000001</coordinates></Point></Placemark><Placemark><TimeSpan><begin>2026-08-04T08:35:09Z</begin><end>2026-08-04T08:35:25Z</end></TimeSpan><styleUrl>#point</styleUrl><Point><altitudeMode>clampToGround</altitudeMode><coordinates>11.797370044514537,46.624653227627277,2285.6700000000001</coordinates></Point></Placemark><Placemark><TimeSpan><begin>2026-08-04T08:35:25Z</begin><end>2026-08-04T08:35:42Z</end></TimeSpan><styleUrl>#point</styleUrl><Point><altitudeMode>clampToGround</altitudeMode><coordinates>11.797425616532564,46.624665465205908,2285.6700000000001</coordinates></Point></Placemark><Placemark><TimeSpan><begin>2026-08-04T08:35:42Z</begin><end>2026-08-04T08:35:53Z</end></TimeSpan><styleUrl>#point</styleUrl><Point><altitudeMode>clampToGround</altitudeMode><coordinates>11.797495186328888,46.624738471582532,2286.1500000000001</coordinates></Point></Placemark><Placemark><TimeSpan><begin>2026-08-04T08:35:53Z</begin><end>2026-08-04T08:36:04Z</end></TimeSpan><styleUrl>#point</styleUrl><Point><altitudeMode>clampToGround</altitudeMode><coordinates>11.797597445547581,46.624788595363498,2287.5900000000001</coordinates></Point></Placemark><Placemark><TimeSpan><begin>2026-08-04T08:36:04Z</begin><end>2026-08-04T08:36:15Z</end></TimeSpan><styleUrl>#point</styleUrl><Point><altitudeMode>clampToGround</altitudeMode><coordinates>11.797722838819027,46.624791948124766,2290</coordinates></Point></Placemark><Placemark><TimeSpan><begin>2026-08-04T08:36:15Z</begin><end>2026-08-04T08:36:24Z</end></TimeSpan><styleUrl>#point</styleUrl><Point><altitudeMode>clampToGround</altitudeMode><coordinates>11.797683192417026,46.624838719144464,2291.4400000000001</coordinates></Point></Placemark><Placemark><TimeSpan><begin>2026-08-04T08:36:24Z</begin><end>2026-08-04T08:36:34Z</end></TimeSpan><styleUrl>#point</styleUrl><Point><altitudeMode>clampToGround</altitudeMode><coordinates>11.797602055594325,46.624888340011239,2292.4000000000001</coordinates></Point></Placemark><Placemark><TimeSpan><begin>2026-08-04T08:36:34Z</begin><end>2026-08-04T08:36:43Z</end></TimeSpan><styleUrl>#point</styleUrl><Point><altitudeMode>clampToGround</altitudeMode><coordinates>11.79755100980401,46.624930836260319,2293.8400000000001</coordinates></Point></Placemark><Placemark><TimeSpan><begin>2026-08-04T08:36:43Z</begin><end>2026-08-04T08:36:54Z</end></TimeSpan><styleUrl>#point</styleUrl><Point><altitudeMode>clampToGround</altitudeMode><coordinates>11.797494599595666,46.624973751604557,2296.25</coordinates></Point></Placemark><Placemark><TimeSpan><begin>2026-08-04T08:36:54Z</begin><end>2026-08-04T08:37:03Z</end></TimeSpan><styleUrl>#point</styleUrl><Point><altitudeMode>clampToGround</altitudeMode><coordinates>11.797450007870793,46.624997556209564,2297.6900000000001</coordinates></Point></Placemark><Placemark><TimeSpan><begin>2026-08-04T08:37:03Z</begin><end>2026-08-04T08:37:17Z</end></TimeSpan><styleUrl>#point</styleUrl><Point><altitudeMode>clampToGround</altitudeMode><coordinates>11.797437099739909,46.625009374693036,2299.1300000000001</coordinates></Point></Placemark><Placemark><TimeSpan><begin>2026-08-04T08:37:17Z</begin><end>2026-08-04T08:37:28Z</end></TimeSpan><styleUrl>#point</styleUrl><Point><altitudeMode>clampToGround</altitudeMode><coordinates>11.797413378953934,46.625015242025256,2299.1300000000001</coordinates></Point></Placemark><Placemark><TimeSpan><begin>2026-08-04T08:37:28Z</begin><end>2026-08-04T08:37:44Z</end></TimeSpan><styleUrl>#point</styleUrl><Point><altitudeMode>clampToGround</altitudeMode><coordinates>11.797391166910529,46.625009709969163,2299.6100000000001</coordinates></Point></Placemark><Placemark><TimeSpan><begin>2026-08-04T08:37:44Z</begin><end>2026-08-04T08:37:57Z</end></TimeSpan><styleUrl>#point</styleUrl><Point><altitudeMode>clampToGround</altitudeMode><coordinates>11.797390747815371,46.62501691840589,2299.6100000000001</coordinates></Point></Placemark><Placemark><TimeSpan><begin>2026-08-04T08:37:57Z</begin><end>2026-08-04T08:38:09Z</end></TimeSpan><styleUrl>#point</styleUrl><Point><altitudeMode>clampToGround</altitudeMode><coordinates>11.797375408932567,46.625046338886023,2300.5700000000002</coordinates></Point></Placemark><Placemark><TimeSpan><begin>2026-08-04T08:38:09Z</begin><end>2026-08-04T08:38:19Z</end></TimeSpan><styleUrl>#point</styleUrl><Point><altitudeMode>clampToGround</altitudeMode><coordinates>11.797320591285825,46.625070478767157,2302.0100000000002</coordinates></Point></Placemark><Placemark><TimeSpan><begin>2026-08-04T08:38:19Z</begin><end>2026-08-04T08:38:30Z</end></TimeSpan><styleUrl>#point</styleUrl><Point><altitudeMode>clampToGround</altitudeMode><coordinates>11.797265522181988,46.625107694417238,2303.9400000000001</coordinates></Point></Placemark><Placemark><TimeSpan><begin>2026-08-04T08:38:30Z</begin><end>2026-08-04T08:38:41Z</end></TimeSpan><styleUrl>#point</styleUrl><Point><altitudeMode>clampToGround</altitudeMode><coordinates>11.797202154994011,46.625136025249958,2306.3400000000001</coordinates></Point></Placemark><Placemark><TimeSpan><begin>2026-08-04T08:38:41Z</begin><end>2026-08-04T08:38:51Z</end></TimeSpan><styleUrl>#point</styleUrl><Point><altitudeMode>clampToGround</altitudeMode><coordinates>11.797152366489172,46.625159997493029,2307.3000000000002</coordinates></Point></Placemark><Placemark><TimeSpan><begin>2026-08-04T08:38:51Z</begin><end>2026-08-04T08:39:04Z</end></TimeSpan><styleUrl>#point</styleUrl><Point><altitudeMode>clampToGround</altitudeMode><coordinates>11.797096626833081,46.625188998878002,2309.6999999999998</coordinates></Point></Placemark><Placemark><TimeSpan><begin>2026-08-04T08:39:04Z</begin><end>2026-08-04T08:39:14Z</end></TimeSpan><styleUrl>#point</styleUrl><Point><altitudeMode>clampToGround</altitudeMode><coordinates>11.797045581042767,46.625217832624912,2311.1500000000001</coordinates></Point></Placemark><Placemark><TimeSpan><begin>2026-08-04T08:39:14Z</begin><end>2026-08-04T08:39:23Z</end></TimeSpan><styleUrl>#point</styleUrl><Point><altitudeMode>clampToGround</altitudeMode><coordinates>11.797004844993353,46.625236943364143,2312.5900000000001</coordinates></Point></Placemark><Placemark><TimeSpan><begin>2026-08-04T08:39:23Z</begin><end>2026-08-04T08:39:33Z</end></TimeSpan><styleUrl>#point</styleUrl><Point><altitudeMode>clampToGround</altitudeMode><coordinates>11.796955810859799,46.625262005254626,2314.0300000000002</coordinates></Point></Placemark><Placemark><TimeSpan><begin>2026-08-04T08:39:33Z</begin><end>2026-08-04T08:39:44Z</end></TimeSpan><styleUrl>#point</styleUrl><Point><altitudeMode>clampToGround</altitudeMode><coordinates>11.796925971284509,46.625265358015895,2314.9899999999998</coordinates></Point></Placemark><Placemark><TimeSpan><begin>2026-08-04T08:39:44Z</begin><end>2026-08-04T08:39:54Z</end></TimeSpan><styleUrl>#point</styleUrl><Point><altitudeMode>clampToGround</altitudeMode><coordinates>11.796872997656465,46.625308943912387,2315.9499999999998</coordinates></Point></Placemark><Placemark><TimeSpan><begin>2026-08-04T08:39:54Z</begin><end>2026-08-04T08:40:05Z</end></TimeSpan><styleUrl>#point</styleUrl><Point><altitudeMode>clampToGround</altitudeMode><coordinates>11.796782808378339,46.625327300280333,2318.3600000000001</coordinates></Point></Placemark><Placemark><TimeSpan><begin>2026-08-04T08:40:05Z</begin><end>2026-08-04T08:40:15Z</end></TimeSpan><styleUrl>#point</styleUrl><Point><altitudeMode>clampToGround</altitudeMode><coordinates>11.796820610761642,46.625331994146109,2319.3200000000002</coordinates></Point></Placemark><Placemark><TimeSpan><begin>2026-08-04T08:40:15Z</begin><end>2026-08-04T08:40:24Z</end></TimeSpan><styleUrl>#point</styleUrl><Point><altitudeMode>clampToGround</altitudeMode><coordinates>11.796889174729586,46.625329898670316,2320.7600000000002</coordinates></Point></Placemark><Placemark><TimeSpan><begin>2026-08-04T08:40:24Z</begin><end>2026-08-04T08:40:33Z</end></TimeSpan><styleUrl>#point</styleUrl><Point><altitudeMode>clampToGround</altitudeMode><coordinates>11.796929156407714,46.625369042158127,2322.1999999999998</coordinates></Point></Placemark><Placemark><TimeSpan><begin>2026-08-04T08:40:33Z</begin><end>2026-08-04T08:40:41Z</end></TimeSpan><styleUrl>#point</styleUrl><Point><altitudeMode>clampToGround</altitudeMode><coordinates>11.79698321968317,46.625370969995856,2323.6399999999999</coordinates></Point></Placemark><Placemark><TimeSpan><begin>2026-08-04T08:40:41Z</begin><end>2026-08-04T08:40:43Z</end></TimeSpan><styleUrl>#point</styleUrl><Point><altitudeMode>clampToGround</altitudeMode><coordinates>11.796999061480165,46.625369377434254,2323.1599999999999</coordinates></Point></Placemark><Placemark><TimeSpan><begin>2026-08-04T08:40:43Z</begin><end>2026-08-04T08:40:53Z</end></TimeSpan><styleUrl>#point</styleUrl><Point><altitudeMode>clampToGround</altitudeMode><coordinates>11.797122359275818,46.625380022451282,2323.6399999999999</coordinates></Point></Placemark><Placemark><TimeSpan><begin>2026-08-04T08:40:53Z</begin><end>2026-08-04T08:41:03Z</end></TimeSpan><styleUrl>#point</styleUrl><Point><altitudeMode>clampToGround</altitudeMode><coordinates>11.797221852466464,46.625398378819227,2325.5700000000002</coordinates></Point></Placemark><Placemark><TimeSpan><begin>2026-08-04T08:41:03Z</begin><end>2026-08-04T08:41:13Z</end></TimeSpan><styleUrl>#point</styleUrl><Point><altitudeMode>clampToGround</altitudeMode><coordinates>11.797298630699515,46.625416064634919,2327.0100000000002</coordinates></Point></Placemark><Placemark><TimeSpan><begin>2026-08-04T08:41:13Z</begin><end>2026-08-04T08:41:23Z</end></TimeSpan><styleUrl>#point</styleUrl><Point><altitudeMode>clampToGround</altitudeMode><coordinates>11.797373397275805,46.625438192859292,2328.4499999999998</coordinates></Point></Placemark><Placemark><TimeSpan><begin>2026-08-04T08:41:23Z</begin><end>2026-08-04T08:41:33Z</end></TimeSpan><styleUrl>#point</styleUrl><Point><altitudeMode>clampToGround</altitudeMode><coordinates>11.797457551583648,46.625458309426904,2329.8899999999999</coordinates></Point></Placemark><Placemark><TimeSpan><begin>2026-08-04T08:41:33Z</begin><end>2026-08-04T08:41:41Z</end></TimeSpan><styleUrl>#point</styleUrl><Point><altitudeMode>clampToGround</altitudeMode><coordinates>11.79746643640101,46.625470798462629,2330.3699999999999</coordinates></Point></Placemark><Placemark><TimeSpan><begin>2026-08-04T08:41:41Z</begin><end>2026-08-04T08:41:53Z</end></TimeSpan><styleUrl>#point</styleUrl><Point><altitudeMode>clampToGround</altitudeMode><coordinates>11.797494683414698,46.625477755442262,2330.8499999999999</coordinates></Point></Placemark><Placemark><TimeSpan><begin>2026-08-04T08:41:53Z</begin><end>2026-08-04T08:42:02Z</end></TimeSpan><styleUrl>#point</styleUrl><Point><altitudeMode>clampToGround</altitudeMode><coordinates>11.797562660649419,46.625501057133079,2331.3299999999999</coordinates></Point></Placemark><Placemark><TimeSpan><begin>2026-08-04T08:42:02Z</begin><end>2026-08-04T08:42:10Z</end></TimeSpan><styleUrl>#point</styleUrl><Point><altitudeMode>clampToGround</altitudeMode><coordinates>11.797601133584976,46.625527460128069,2333.2600000000002</coordinates></Point></Placemark><Placemark><TimeSpan><begin>2026-08-04T08:42:10Z</begin><end>2026-08-04T08:42:19Z</end></TimeSpan><styleUrl>#point</styleUrl><Point><altitudeMode>clampToGround</altitudeMode><coordinates>11.797673385590315,46.625537183135748,2334.2199999999998</coordinates></Point></Placemark><Placemark><TimeSpan><begin>2026-08-04T08:42:19Z</begin><end>2026-08-04T08:42:31Z</end></TimeSpan><styleUrl>#point</styleUrl><Point><altitudeMode>clampToGround</altitudeMode><coordinates>11.797729125246406,46.625563334673643,2336.6199999999999</coordinates></Point></Placemark><Placemark><TimeSpan><begin>2026-08-04T08:42:31Z</begin><end>2026-08-04T08:42:41Z</end></TimeSpan><styleUrl>#point</styleUrl><Point><altitudeMode>clampToGround</altitudeMode><coordinates>11.797796851024032,46.625583870336413,2338.0599999999999</coordinates></Point></Placemark><Placemark><TimeSpan><begin>2026-08-04T08:42:41Z</begin><end>2026-08-04T08:42:49Z</end></TimeSpan><styleUrl>#point</styleUrl><Point><altitudeMode>clampToGround</altitudeMode><coordinates>11.797845717519522,46.62560130469501,2339.02</coordinates></Point></Placemark><Placemark><TimeSpan><begin>2026-08-04T08:42:49Z</begin><end>2026-08-04T08:42:57Z</end></TimeSpan><styleUrl>#point</styleUrl><Point><altitudeMode>clampToGround</altitudeMode><coordinates>11.797842616215348,46.625635083764791,2339.9899999999998</coordinates></Point></Placemark><Placemark><TimeSpan><begin>2026-08-04T08:42:57Z</begin><end>2026-08-04T08:43:06Z</end></TimeSpan><styleUrl>#point</styleUrl><Point><altitudeMode>clampToGround</altitudeMode><coordinates>11.797861810773611,46.625668192282319,2341.4299999999998</coordinates></Point></Placemark><Placemark><TimeSpan><begin>2026-08-04T08:43:06Z</begin><end>2026-08-04T08:43:19Z</end></TimeSpan><styleUrl>#point</styleUrl><Point><altitudeMode>clampToGround</altitudeMode><coordinates>11.797926183789968,46.625696523115039,2343.3499999999999</coordinates></Point></Placemark><Placemark><TimeSpan><begin>2026-08-04T08:43:19Z</begin><end>2026-08-04T08:43:29Z</end></TimeSpan><styleUrl>#point</styleUrl><Point><altitudeMode>clampToGround</altitudeMode><coordinates>11.798016037791967,46.625703228637576,2344.3099999999999</coordinates></Point></Placemark><Placemark><TimeSpan><begin>2026-08-04T08:43:29Z</begin><end>2026-08-04T08:43:39Z</end></TimeSpan><styleUrl>#point</styleUrl><Point><altitudeMode>clampToGround</altitudeMode><coordinates>11.798096923157573,46.625743126496673,2345.27</coordinates></Point></Placemark><Placemark><TimeSpan><begin>2026-08-04T08:43:39Z</begin><end>2026-08-04T08:43:50Z</end></TimeSpan><styleUrl>#point</styleUrl><Point><altitudeMode>clampToGround</altitudeMode><coordinates>11.798192979767919,46.625772882252932,2346.7199999999998</coordinates></Point></Placemark><Placemark><TimeSpan><begin>2026-08-04T08:43:50Z</begin><end>2026-08-04T08:44:00Z</end></TimeSpan><styleUrl>#point</styleUrl><Point><altitudeMode>clampToGround</altitudeMode><coordinates>11.798292137682438,46.625799452885985,2348.6399999999999</coordinates></Point></Placemark><Placemark><TimeSpan><begin>2026-08-04T08:44:00Z</begin><end>2026-08-04T08:44:10Z</end></TimeSpan><styleUrl>#point</styleUrl><Point><altitudeMode>clampToGround</altitudeMode><coordinates>11.798381824046373,46.625809511169791,2350.0799999999999</coordinates></Point></Placemark><Placemark><TimeSpan><begin>2026-08-04T08:44:10Z</begin><end>2026-08-04T08:44:20Z</end></TimeSpan><styleUrl>#point</styleUrl><Point><altitudeMode>clampToGround</altitudeMode><coordinates>11.798481736332178,46.625832645222545,2351.04</coordinates></Point></Placemark><Placemark><TimeSpan><begin>2026-08-04T08:44:20Z</begin><end>2026-08-04T08:44:28Z</end></TimeSpan><styleUrl>#point</styleUrl><Point><altitudeMode>clampToGround</altitudeMode><coordinates>11.798546947538853,46.625860137864947,2352</coordinates></Point></Placemark><Placemark><TimeSpan><begin>2026-08-04T08:44:28Z</begin><end>2026-08-04T08:44:37Z</end></TimeSpan><styleUrl>#point</styleUrl><Point><altitudeMode>clampToGround</altitudeMode><coordinates>11.79857318289578,46.625898191705346,2353.9299999999998</coordinates></Point></Placemark><Placemark><TimeSpan><begin>2026-08-04T08:44:37Z</begin><end>2026-08-04T08:44:45Z</end></TimeSpan><styleUrl>#point</styleUrl><Point><altitudeMode>clampToGround</altitudeMode><coordinates>11.798600340262055,46.625915626063943,2354.8899999999999</coordinates></Point></Placemark><Placemark><TimeSpan><begin>2026-08-04T08:44:45Z</begin><end>2026-08-04T08:44:55Z</end></TimeSpan><styleUrl>#point</styleUrl><Point><altitudeMode>clampToGround</altitudeMode><coordinates>11.798612661659718,46.625920236110687,2354.8899999999999</coordinates></Point></Placemark><Placemark><TimeSpan><begin>2026-08-04T08:44:55Z</begin><end>2026-08-04T08:45:07Z</end></TimeSpan><styleUrl>#point</styleUrl><Point><altitudeMode>clampToGround</altitudeMode><coordinates>11.798609476536512,46.625933311879635,2354.8899999999999</coordinates></Point></Placemark><Placemark><TimeSpan><begin>2026-08-04T08:45:07Z</begin><end>2026-08-04T08:45:42Z</end></TimeSpan><styleUrl>#point</styleUrl><Point><altitudeMode>clampToGround</altitudeMode><coordinates>11.798612913116813,46.625923924148083,2355.3699999999999</coordinates></Point></Placemark><Placemark><TimeSpan><begin>2026-08-04T08:45:42Z</begin><end>2026-08-04T08:46:21Z</end></TimeSpan><styleUrl>#point</styleUrl><Point><altitudeMode>clampToGround</altitudeMode><coordinates>11.798617606982589,46.625931886956096,2355.3699999999999</coordinates></Point></Placemark><Placemark><TimeSpan><begin>2026-08-04T08:46:21Z</begin><end>2026-08-04T08:46:58Z</end></TimeSpan><styleUrl>#point</styleUrl><Point><altitudeMode>clampToGround</altitudeMode><coordinates>11.798616433516145,46.625925851985812,2355.8499999999999</coordinates></Point></Placemark><Placemark><TimeSpan><begin>2026-08-04T08:46:58Z</begin><end>2026-08-04T08:47:33Z</end></TimeSpan><styleUrl>#point</styleUrl><Point><altitudeMode>clampToGround</altitudeMode><coordinates>11.798605369403958,46.625932138413191,2355.8499999999999</coordinates></Point></Placemark><Placemark><TimeSpan><begin>2026-08-04T08:47:33Z</begin><end>2026-08-04T08:48:13Z</end></TimeSpan><styleUrl>#point</styleUrl><Point><altitudeMode>clampToGround</altitudeMode><coordinates>11.798613583669066,46.625925349071622,2355.8499999999999</coordinates></Point></Placemark><Placemark><TimeSpan><begin>2026-08-04T08:48:13Z</begin><end>2026-08-04T08:48:43Z</end></TimeSpan><styleUrl>#point</styleUrl><Point><altitudeMode>clampToGround</altitudeMode><coordinates>11.798618696630001,46.625930881127715,2356.3299999999999</coordinates></Point></Placemark><Placemark><TimeSpan><begin>2026-08-04T08:48:43Z</begin><end>2026-08-04T08:48:45Z</end></TimeSpan><styleUrl>#point</styleUrl><Point><altitudeMode>clampToGround</altitudeMode><coordinates>11.798621714115143,46.625931467860937,2354.8899999999999</coordinates></Point></Placemark><Placemark><TimeSpan><begin>2026-08-04T08:48:45Z</begin><end>2026-08-04T08:49:00Z</end></TimeSpan><styleUrl>#point</styleUrl><Point><altitudeMode>clampToGround</altitudeMode><coordinates>11.798599837347865,46.625929540023208,2356.8099999999999</coordinates></Point></Placemark><Placemark><TimeSpan><begin>2026-08-04T08:49:00Z</begin><end>2026-08-04T08:49:23Z</end></TimeSpan><styleUrl>#point</styleUrl><Point><altitudeMode>clampToGround</altitudeMode><coordinates>11.798582235351205,46.625925013795495,2355.3699999999999</coordinates></Point></Placemark><Placemark><TimeSpan><begin>2026-08-04T08:49:23Z</begin><end>2026-08-04T08:49:47Z</end></TimeSpan><styleUrl>#point</styleUrl><Point><altitudeMode>clampToGround</altitudeMode><coordinates>11.79859028197825,46.625932808965445,2355.3699999999999</coordinates></Point></Placemark><Placemark><TimeSpan><begin>2026-08-04T08:49:47Z</begin><end>2026-08-04T08:50:20Z</end></TimeSpan><styleUrl>#point</styleUrl><Point><altitudeMode>clampToGround</altitudeMode><coordinates>11.798603609204292,46.62596432492137,2355.8499999999999</coordinates></Point></Placemark><Placemark><TimeSpan><begin>2026-08-04T08:50:20Z</begin><end>2026-08-04T08:50:50Z</end></TimeSpan><styleUrl>#point</styleUrl><Point><altitudeMode>clampToGround</altitudeMode><coordinates>11.798603106290102,46.62596432492137,2355.8499999999999</coordinates></Point></Placemark><Placemark><TimeSpan><begin>2026-08-04T08:50:50Z</begin><end>2026-08-04T08:51:10Z</end></TimeSpan><styleUrl>#point</styleUrl><Point><altitudeMode>clampToGround</altitudeMode><coordinates>11.798623558133841,46.625951249152422,2355.8499999999999</coordinates></Point></Placemark><Placemark><TimeSpan><begin>2026-08-04T08:51:10Z</begin><end>2026-08-04T08:51:13Z</end></TimeSpan><styleUrl>#point</styleUrl><Point><altitudeMode>clampToGround</altitudeMode><coordinates>11.798617104068398,46.625949656590819,2357.29</coordinates></Point></Placemark><Placemark><TimeSpan><begin>2026-08-04T08:51:13Z</begin><end>2026-08-04T08:51:24Z</end></TimeSpan><styleUrl>#point</styleUrl><Point><altitudeMode>clampToGround</altitudeMode><coordinates>11.798600256443024,46.625932641327381,2357.77</coordinates></Point></Placemark><Placemark><TimeSpan><begin>2026-08-04T08:51:24Z</begin><end>2026-08-04T08:51:39Z</end></TimeSpan><styleUrl>#point</styleUrl><Point><altitudeMode>clampToGround</altitudeMode><coordinates>11.798617439344525,46.625928031280637,2357.77</coordinates></Point></Placemark><Placemark><TimeSpan><begin>2026-08-04T08:51:39Z</begin><end>2026-08-04T08:51:52Z</end></TimeSpan><styleUrl>#point</styleUrl><Point><altitudeMode>clampToGround</altitudeMode><coordinates>11.798632694408298,46.62591353058815,2357.77</coordinates></Point></Placemark><Placemark><TimeSpan><begin>2026-08-04T08:51:52Z</begin><end>2026-08-04T08:52:04Z</end></TimeSpan><styleUrl>#point</styleUrl><Point><altitudeMode>clampToGround</altitudeMode><coordinates>11.798644596710801,46.625907411798835,2357.77</coordinates></Point></Placemark><Placemark><TimeSpan><begin>2026-08-04T08:52:04Z</begin><end>2026-08-04T08:52:19Z</end></TimeSpan><styleUrl>#point</styleUrl><Point><altitudeMode>clampToGround</altitudeMode><coordinates>11.798866298049688,46.62595359608531,2357.77</coordinates></Point></Placemark><Placemark><TimeSpan><begin>2026-08-04T08:52:19Z</begin><end>2026-08-04T08:52:30Z</end></TimeSpan><styleUrl>#point</styleUrl><Point><altitudeMode>clampToGround</altitudeMode><coordinates>11.799038797616959,46.625979244709015,2358.25</coordinates></Point></Placemark><Placemark><TimeSpan><begin>2026-08-04T08:52:30Z</begin><end>2026-08-04T08:52:38Z</end></TimeSpan><styleUrl>#point</styleUrl><Point><altitudeMode>clampToGround</altitudeMode><coordinates>11.799138793721795,46.626009922474623,2358.73</coordinates></Point></Placemark><Placemark><TimeSpan><begin>2026-08-04T08:52:38Z</begin><end>2026-08-04T08:52:41Z</end></TimeSpan><styleUrl>#point</styleUrl><Point><altitudeMode>clampToGround</altitudeMode><coordinates>11.799188498407602,46.6260058991611,2359.21</coordinates></Point></Placemark><Placemark><TimeSpan><begin>2026-08-04T08:52:41Z</begin><end>2026-08-04T08:52:54Z</end></TimeSpan><styleUrl>#point</styleUrl><Point><altitudeMode>clampToGround</altitudeMode><coordinates>11.799299726262689,46.62601419724524,2359.21</coordinates></Point></Placemark><Placemark><TimeSpan><begin>2026-08-04T08:52:54Z</begin><end>2026-08-04T08:53:10Z</end></TimeSpan><styleUrl>#point</styleUrl><Point><altitudeMode>clampToGround</altitudeMode><coordinates>11.799402236938477,46.626029619947076,2360.1700000000001</coordinates></Point></Placemark><Placemark><TimeSpan><begin>2026-08-04T08:53:10Z</begin><end>2026-08-04T08:53:21Z</end></TimeSpan><styleUrl>#point</styleUrl><Point><altitudeMode>clampToGround</altitudeMode><coordinates>11.799523020163178,46.626058034598827,2361.1399999999999</coordinates></Point></Placemark><Placemark><TimeSpan><begin>2026-08-04T08:53:21Z</begin><end>2026-08-04T08:53:32Z</end></TimeSpan><styleUrl>#point</styleUrl><Point><altitudeMode>clampToGround</altitudeMode><coordinates>11.799660818651319,46.626078151166439,2363.0599999999999</coordinates></Point></Placemark><Placemark><TimeSpan><begin>2026-08-04T08:53:32Z</begin><end>2026-08-04T08:53:42Z</end></TimeSpan><styleUrl>#point</styleUrl><Point><altitudeMode>clampToGround</altitudeMode><coordinates>11.799706248566508,46.626128945499659,2364.5</coordinates></Point></Placemark><Placemark><TimeSpan><begin>2026-08-04T08:53:42Z</begin><end>2026-08-04T08:53:54Z</end></TimeSpan><styleUrl>#point</styleUrl><Point><altitudeMode>clampToGround</altitudeMode><coordinates>11.799815213307738,46.626166999340057,2366.9000000000001</coordinates></Point></Placemark><Placemark><TimeSpan><begin>2026-08-04T08:53:54Z</begin><end>2026-08-04T08:54:05Z</end></TimeSpan><styleUrl>#point</styleUrl><Point><altitudeMode>clampToGround</altitudeMode><coordinates>11.799908168613911,46.62619742564857,2368.3499999999999</coordinates></Point></Placemark><Placemark><TimeSpan><begin>2026-08-04T08:54:05Z</begin><end>2026-08-04T08:54:17Z</end></TimeSpan><styleUrl>#point</styleUrl><Point><altitudeMode>clampToGround</altitudeMode><coordinates>11.799980839714408,46.626198347657919,2369.3099999999999</coordinates></Point></Placemark><Placemark><TimeSpan><begin>2026-08-04T08:54:17Z</begin><end>2026-08-04T08:54:31Z</end></TimeSpan><styleUrl>#point</styleUrl><Point><altitudeMode>clampToGround</altitudeMode><coordinates>11.800039345398545,46.626194156706333,2369.3099999999999</coordinates></Point></Placemark><Placemark><TimeSpan><begin>2026-08-04T08:54:31Z</begin><end>2026-08-04T08:54:38Z</end></TimeSpan><styleUrl>#point</styleUrl><Point><altitudeMode>clampToGround</altitudeMode><coordinates>11.800136407837272,46.626190384849906,2369.79</coordinates></Point></Placemark><Placemark><TimeSpan><begin>2026-08-04T08:54:38Z</begin><end>2026-08-04T08:54:40Z</end></TimeSpan><styleUrl>#point</styleUrl><Point><altitudeMode>clampToGround</altitudeMode><coordinates>11.800162391737103,46.626199269667268,2370.75</coordinates></Point></Placemark><Placemark><TimeSpan><begin>2026-08-04T08:54:40Z</begin><end>2026-08-04T08:54:53Z</end></TimeSpan><styleUrl>#point</styleUrl><Point><altitudeMode>clampToGround</altitudeMode><coordinates>11.800343859940767,46.626227181404829,2372.1900000000001</coordinates></Point></Placemark><Placemark><TimeSpan><begin>2026-08-04T08:54:53Z</begin><end>2026-08-04T08:55:04Z</end></TimeSpan><styleUrl>#point</styleUrl><Point><altitudeMode>clampToGround</altitudeMode><coordinates>11.800441173836589,46.626244029030204,2373.1500000000001</coordinates></Point></Placemark><Placemark><TimeSpan><begin>2026-08-04T08:55:04Z</begin><end>2026-08-04T08:55:12Z</end></TimeSpan><styleUrl>#point</styleUrl><Point><altitudeMode>clampToGround</altitudeMode><coordinates>11.80052038282156,46.626263475045562,2375.0700000000002</coordinates></Point></Placemark><Placemark><TimeSpan><begin>2026-08-04T08:55:12Z</begin><end>2026-08-04T08:55:24Z</end></TimeSpan><styleUrl>#point</styleUrl><Point><altitudeMode>clampToGround</altitudeMode><coordinates>11.800622893497348,46.626321226358414,2376.04</coordinates></Point></Placemark><Placemark><TimeSpan><begin>2026-08-04T08:55:24Z</begin><end>2026-08-04T08:55:35Z</end></TimeSpan><styleUrl>#point</styleUrl><Point><altitudeMode>clampToGround</altitudeMode><coordinates>11.800642171874642,46.626345366239548,2376.52</coordinates></Point></Placemark><Placemark><TimeSpan><begin>2026-08-04T08:55:35Z</begin><end>2026-08-04T08:55:44Z</end></TimeSpan><styleUrl>#point</styleUrl><Point><altitudeMode>clampToGround</altitudeMode><coordinates>11.800639908760786,46.626370595768094,2376.52</coordinates></Point></Placemark><Placemark><TimeSpan><begin>2026-08-04T08:55:44Z</begin><end>2026-08-04T08:55:59Z</end></TimeSpan><styleUrl>#point</styleUrl><Point><altitudeMode>clampToGround</altitudeMode><coordinates>11.800788855180144,46.626493223011494,2376.52</coordinates></Point></Placemark><Placemark><TimeSpan><begin>2026-08-04T08:55:59Z</begin><end>2026-08-04T08:56:13Z</end></TimeSpan><styleUrl>#point</styleUrl><Point><altitudeMode>clampToGround</altitudeMode><coordinates>11.800974598154426,46.626563798636198,2378.4400000000001</coordinates></Point></Placemark><Placemark><TimeSpan><begin>2026-08-04T08:56:13Z</begin><end>2026-08-04T08:56:23Z</end></TimeSpan><styleUrl>#point</styleUrl><Point><altitudeMode>clampToGround</altitudeMode><coordinates>11.800995469093323,46.626578886061907,2378.9200000000001</coordinates></Point></Placemark><Placemark><TimeSpan><begin>2026-08-04T08:56:23Z</begin><end>2026-08-04T08:56:34Z</end></TimeSpan><styleUrl>#point</styleUrl><Point><altitudeMode>clampToGround</altitudeMode><coordinates>11.801067385822535,46.626600008457899,2379.4000000000001</coordinates></Point></Placemark><Placemark><TimeSpan><begin>2026-08-04T08:56:34Z</begin><end>2026-08-04T08:56:36Z</end></TimeSpan><styleUrl>#point</styleUrl><Point><altitudeMode>clampToGround</altitudeMode><coordinates>11.80109404027462,46.626610402017832,2379.4000000000001</coordinates></Point></Placemark><Placemark><TimeSpan><begin>2026-08-04T08:56:36Z</begin><end>2026-08-04T08:56:41Z</end></TimeSpan><styleUrl>#point</styleUrl><Point><altitudeMode>clampToGround</altitudeMode><coordinates>11.801168136298656,46.626632194966078,2379.8800000000001</coordinates></Point></Placemark><Placemark><TimeSpan><begin>2026-08-04T08:56:41Z</begin><end>2026-08-04T08:56:46Z</end></TimeSpan><styleUrl>#point</styleUrl><Point><altitudeMode>clampToGround</altitudeMode><coordinates>11.801238879561424,46.626653652638197,2380.8400000000001</coordinates></Point></Placemark><Placemark><TimeSpan><begin>2026-08-04T08:56:46Z</begin><end>2026-08-04T08:57:01Z</end></TimeSpan><styleUrl>#point</styleUrl><Point><altitudeMode>clampToGround</altitudeMode><coordinates>11.801455216482282,46.626688186079264,2381.8000000000002</coordinates></Point></Placemark><Placemark><TimeSpan><begin>2026-08-04T08:57:01Z</begin><end>2026-08-04T08:57:15Z</end></TimeSpan><styleUrl>#point</styleUrl><Point><altitudeMode>clampToGround</altitudeMode><coordinates>11.801648503169417,46.626715008169413,2381.8000000000002</coordinates></Point></Placemark><Placemark><TimeSpan><begin>2026-08-04T08:57:15Z</begin><end>2026-08-04T08:57:30Z</end></TimeSpan><styleUrl>#point</styleUrl><Point><altitudeMode>clampToGround</altitudeMode><coordinates>11.801855619996786,46.626761863008142,2382.7600000000002</coordinates></Point></Placemark><Placemark><TimeSpan><begin>2026-08-04T08:57:30Z</begin><end>2026-08-04T08:57:44Z</end></TimeSpan><styleUrl>#point</styleUrl><Point><altitudeMode>clampToGround</altitudeMode><coordinates>11.802036836743355,46.626810729503632,2383.73</coordinates></Point></Placemark><Placemark><TimeSpan><begin>2026-08-04T08:57:44Z</begin><end>2026-08-04T08:57:50Z</end></TimeSpan><styleUrl>#point</styleUrl><Point><altitudeMode>clampToGround</altitudeMode><coordinates>11.802113279700279,46.626821625977755,2383.73</coordinates></Point></Placemark><Placemark><TimeSpan><begin>2026-08-04T08:57:50Z</begin><end>2026-08-04T08:58:05Z</end></TimeSpan><styleUrl>#point</styleUrl><Point><altitudeMode>clampToGround</altitudeMode><coordinates>11.80232148617506,46.626877365633845,2384.6900000000001</coordinates></Point></Placemark><Placemark><TimeSpan><begin>2026-08-04T08:58:05Z</begin><end>2026-08-04T08:58:21Z</end></TimeSpan><styleUrl>#point</styleUrl><Point><altitudeMode>clampToGround</altitudeMode><coordinates>11.802555425092578,46.626904439181089,2385.1700000000001</coordinates></Point></Placemark><Placemark><TimeSpan><begin>2026-08-04T08:58:21Z</begin><end>2026-08-04T08:58:33Z</end></TimeSpan><styleUrl>#point</styleUrl><Point><altitudeMode>clampToGround</altitudeMode><coordinates>11.802694145590067,46.626931261271238,2385.1700000000001</coordinates></Point></Placemark><Placemark><TimeSpan><begin>2026-08-04T08:58:33Z</begin><end>2026-08-04T08:58:42Z</end></TimeSpan><styleUrl>#point</styleUrl><Point><altitudeMode>clampToGround</altitudeMode><coordinates>11.802781820297241,46.626946767792106,2385.1700000000001</coordinates></Point></Placemark><Placemark><TimeSpan><begin>2026-08-04T08:58:42Z</begin><end>2026-08-04T08:58:44Z</end></TimeSpan><styleUrl>#point</styleUrl><Point><altitudeMode>clampToGround</altitudeMode><coordinates>11.8028115760535,46.626953389495611,2385.1700000000001</coordinates></Point></Placemark><Placemark><TimeSpan><begin>2026-08-04T08:58:44Z</begin><end>2026-08-04T08:58:46Z</end></TimeSpan><styleUrl>#point</styleUrl><Point><altitudeMode>clampToGround</altitudeMode><coordinates>11.802835464477539,46.626963363960385,2385.1700000000001</coordinates></Point></Placemark><Placemark><TimeSpan><begin>2026-08-04T08:58:46Z</begin><end>2026-08-04T08:58:57Z</end></TimeSpan><styleUrl>#point</styleUrl><Point><altitudeMode>clampToGround</altitudeMode><coordinates>11.802990864962339,46.627009464427829,2385.1700000000001</coordinates></Point></Placemark><Placemark><TimeSpan><begin>2026-08-04T08:58:57Z</begin><end>2026-08-04T08:59:11Z</end></TimeSpan><styleUrl>#point</styleUrl><Point><altitudeMode>clampToGround</altitudeMode><coordinates>11.803194796666503,46.627037962898612,2385.6500000000001</coordinates></Point></Placemark><Placemark><TimeSpan><begin>2026-08-04T08:59:11Z</begin><end>2026-08-04T08:59:12Z</end></TimeSpan><styleUrl>#point</styleUrl><Point><altitudeMode>clampToGround</altitudeMode><coordinates>11.803208375349641,46.627039471641183,2386.1300000000001</coordinates></Point></Placemark><Placemark><TimeSpan><begin>2026-08-04T08:59:12Z</begin><end>2026-08-04T08:59:14Z</end></TimeSpan><styleUrl>#point</styleUrl><Point><altitudeMode>clampToGround</altitudeMode><coordinates>11.803238298743963,46.627044919878244,2386.1300000000001</coordinates></Point></Placemark><Placemark><TimeSpan><begin>2026-08-04T08:59:14Z</begin><end>2026-08-04T08:59:28Z</end></TimeSpan><styleUrl>#point</styleUrl><Point><altitudeMode>clampToGround</altitudeMode><coordinates>11.803442314267159,46.627082973718643,2386.6100000000001</coordinates></Point></Placemark><Placemark><TimeSpan><begin>2026-08-04T08:59:28Z</begin><end>2026-08-04T08:59:41Z</end></TimeSpan><styleUrl>#point</styleUrl><Point><altitudeMode>clampToGround</altitudeMode><coordinates>11.803632248193026,46.627117339521646,2387.0900000000001</coordinates></Point></Placemark><Placemark><TimeSpan><begin>2026-08-04T08:59:41Z</begin><end>2026-08-04T08:59:55Z</end></TimeSpan><styleUrl>#point</styleUrl><Point><altitudeMode>clampToGround</altitudeMode><coordinates>11.803839700296521,46.627138964831829,2388.0500000000002</coordinates></Point></Placemark><Placemark><TimeSpan><begin>2026-08-04T08:59:55Z</begin><end>2026-08-04T08:59:59Z</end></TimeSpan><styleUrl>#point</styleUrl><Point><altitudeMode>clampToGround</altitudeMode><coordinates>11.803879346698523,46.627143574878573,2388.5300000000002</coordinates></Point></Placemark><Placemark><TimeSpan><begin>2026-08-04T08:59:59Z</begin><end>2026-08-04T09:00:04Z</end></TimeSpan><styleUrl>#point</styleUrl><Point><altitudeMode>clampToGround</altitudeMode><coordinates>11.803951095789671,46.627149693667889,2388.5300000000002</coordinates></Point></Placemark><Placemark><TimeSpan><begin>2026-08-04T09:00:04Z</begin><end>2026-08-04T09:00:12Z</end></TimeSpan><styleUrl>#point</styleUrl><Point><altitudeMode>clampToGround</altitudeMode><coordinates>11.804077159613371,46.62716050632298,2389.0100000000002</coordinates></Point></Placemark><Placemark><TimeSpan><begin>2026-08-04T09:00:12Z</begin><end>2026-08-04T09:00:28Z</end></TimeSpan><styleUrl>#point</styleUrl><Point><altitudeMode>clampToGround</altitudeMode><coordinates>11.804322162643075,46.627199565991759,2389.4899999999998</coordinates></Point></Placemark><Placemark><TimeSpan><begin>2026-08-04T09:00:28Z</begin><end>2026-08-04T09:00:40Z</end></TimeSpan><styleUrl>#point</styleUrl><Point><altitudeMode>clampToGround</altitudeMode><coordinates>11.804506480693817,46.62722940556705,2390.46</coordinates></Point></Placemark><Placemark><TimeSpan><begin>2026-08-04T09:00:40Z</begin><end>2026-08-04T09:00:54Z</end></TimeSpan><styleUrl>#point</styleUrl><Point><altitudeMode>clampToGround</altitudeMode><coordinates>11.804702784866095,46.627251701429486,2390.9400000000001</coordinates></Point></Placemark><Placemark><TimeSpan><begin>2026-08-04T09:00:54Z</begin><end>2026-08-04T09:01:06Z</end></TimeSpan><styleUrl>#point</styleUrl><Point><altitudeMode>clampToGround</altitudeMode><coordinates>11.804882660508156,46.627254132181406,2391.4200000000001</coordinates></Point></Placemark><Placemark><TimeSpan><begin>2026-08-04T09:01:06Z</begin><end>2026-08-04T09:01:20Z</end></TimeSpan><styleUrl>#point</styleUrl><Point><altitudeMode>clampToGround</altitudeMode><coordinates>11.805087178945541,46.627285061404109,2391.9000000000001</coordinates></Point></Placemark><Placemark><TimeSpan><begin>2026-08-04T09:01:20Z</begin><end>2026-08-04T09:01:31Z</end></TimeSpan><styleUrl>#point</styleUrl><Point><altitudeMode>clampToGround</altitudeMode><coordinates>11.805254146456718,46.627300819382071,2392.3800000000001</coordinates></Point></Placemark><Placemark><TimeSpan><begin>2026-08-04T09:01:31Z</begin><end>2026-08-04T09:01:44Z</end></TimeSpan><styleUrl>#point</styleUrl><Point><altitudeMode>clampToGround</altitudeMode><coordinates>11.80545112118125,46.627341890707612,2392.8600000000001</coordinates></Point></Placemark><Placemark><TimeSpan><begin>2026-08-04T09:01:44Z</begin><end>2026-08-04T09:01:55Z</end></TimeSpan><styleUrl>#point</styleUrl><Point><altitudeMode>clampToGround</altitudeMode><coordinates>11.805582717061043,46.627400564029813,2393.8200000000002</coordinates></Point></Placemark><Placemark><TimeSpan><begin>2026-08-04T09:01:55Z</begin><end>2026-08-04T09:02:06Z</end></TimeSpan><styleUrl>#point</styleUrl><Point><altitudeMode>clampToGround</altitudeMode><coordinates>11.805729735642672,46.627446245402098,2394.3000000000002</coordinates></Point></Placemark><Placemark><TimeSpan><begin>2026-08-04T09:02:06Z</begin><end>2026-08-04T09:02:19Z</end></TimeSpan><styleUrl>#point</styleUrl><Point><altitudeMode>clampToGround</altitudeMode><coordinates>11.805892512202263,46.627485137432814,2394.3000000000002</coordinates></Point></Placemark><Placemark><TimeSpan><begin>2026-08-04T09:02:19Z</begin><end>2026-08-04T09:02:31Z</end></TimeSpan><styleUrl>#point</styleUrl><Point><altitudeMode>clampToGround</altitudeMode><coordinates>11.806069705635309,46.627524448558688,2394.3000000000002</coordinates></Point></Placemark><Placemark><TimeSpan><begin>2026-08-04T09:02:31Z</begin><end>2026-08-04T09:02:37Z</end></TimeSpan><styleUrl>#point</styleUrl><Point><altitudeMode>clampToGround</altitudeMode><coordinates>11.806157883256674,46.627544481307268,2394.7800000000002</coordinates></Point></Placemark><Placemark><TimeSpan><begin>2026-08-04T09:02:37Z</begin><end>2026-08-04T09:02:52Z</end></TimeSpan><styleUrl>#point</styleUrl><Point><altitudeMode>clampToGround</altitudeMode><coordinates>11.806385200470686,46.627574488520622,2396.2199999999998</coordinates></Point></Placemark><Placemark><TimeSpan><begin>2026-08-04T09:02:52Z</begin><end>2026-08-04T09:03:06Z</end></TimeSpan><styleUrl>#point</styleUrl><Point><altitudeMode>clampToGround</altitudeMode><coordinates>11.806600615382195,46.627606339752674,2396.6999999999998</coordinates></Point></Placemark><Placemark><TimeSpan><begin>2026-08-04T09:03:06Z</begin><end>2026-08-04T09:03:12Z</end></TimeSpan><styleUrl>#point</styleUrl><Point><altitudeMode>clampToGround</altitudeMode><coordinates>11.806703293696046,46.627617906779051,2396.6999999999998</coordinates></Point></Placemark><Placemark><TimeSpan><begin>2026-08-04T09:03:12Z</begin><end>2026-08-04T09:03:24Z</end></TimeSpan><styleUrl>#point</styleUrl><Point><altitudeMode>clampToGround</altitudeMode><coordinates>11.806762889027596,46.627627462148666,2397.1799999999998</coordinates></Point></Placemark><Placemark><TimeSpan><begin>2026-08-04T09:03:24Z</begin><end>2026-08-04T09:03:35Z</end></TimeSpan><styleUrl>#point</styleUrl><Point><altitudeMode>clampToGround</altitudeMode><coordinates>11.806913176551461,46.627657301723957,2397.6700000000001</coordinates></Point></Placemark><Placemark><TimeSpan><begin>2026-08-04T09:03:35Z</begin><end>2026-08-04T09:03:40Z</end></TimeSpan><styleUrl>#point</styleUrl><Point><altitudeMode>clampToGround</altitudeMode><coordinates>11.806972688063979,46.627681357786059,2398.1500000000001</coordinates></Point></Placemark><Placemark><TimeSpan><begin>2026-08-04T09:03:40Z</begin><end>2026-08-04T09:03:53Z</end></TimeSpan><styleUrl>#point</styleUrl><Point><altitudeMode>clampToGround</altitudeMode><coordinates>11.807122221216559,46.627764590084553,2398.6300000000001</coordinates></Point></Placemark><Placemark><TimeSpan><begin>2026-08-04T09:03:53Z</begin><end>2026-08-04T09:04:05Z</end></TimeSpan><styleUrl>#point</styleUrl><Point><altitudeMode>clampToGround</altitudeMode><coordinates>11.807273682206869,46.627831310033798,2399.5900000000001</coordinates></Point></Placemark><Placemark><TimeSpan><begin>2026-08-04T09:04:05Z</begin><end>2026-08-04T09:04:18Z</end></TimeSpan><styleUrl>#point</styleUrl><Point><altitudeMode>clampToGround</altitudeMode><coordinates>11.807461185380816,46.62786852568388,2400.5500000000002</coordinates></Point></Placemark><Placemark><TimeSpan><begin>2026-08-04T09:04:18Z</begin><end>2026-08-04T09:04:30Z</end></TimeSpan><styleUrl>#point</styleUrl><Point><altitudeMode>clampToGround</altitudeMode><coordinates>11.807629493996501,46.627903645858169,2401.0300000000002</coordinates></Point></Placemark><Placemark><TimeSpan><begin>2026-08-04T09:04:30Z</begin><end>2026-08-04T09:04:37Z</end></TimeSpan><styleUrl>#point</styleUrl><Point><altitudeMode>clampToGround</altitudeMode><coordinates>11.807738710194826,46.627927450463176,2401.5100000000002</coordinates></Point></Placemark><Placemark><TimeSpan><begin>2026-08-04T09:04:37Z</begin><end>2026-08-04T09:04:53Z</end></TimeSpan><styleUrl>#point</styleUrl><Point><altitudeMode>clampToGround</altitudeMode><coordinates>11.807980863377452,46.627992745488882,2401.5100000000002</coordinates></Point></Placemark><Placemark><TimeSpan><begin>2026-08-04T09:04:53Z</begin><end>2026-08-04T09:05:05Z</end></TimeSpan><styleUrl>#point</styleUrl><Point><altitudeMode>clampToGround</altitudeMode><coordinates>11.808164678514004,46.628032475709915,2403.9099999999999</coordinates></Point></Placemark><Placemark><TimeSpan><begin>2026-08-04T09:05:05Z</begin><end>2026-08-04T09:05:17Z</end></TimeSpan><styleUrl>#point</styleUrl><Point><altitudeMode>clampToGround</altitudeMode><coordinates>11.808344218879938,46.628080671653152,2404.8800000000001</coordinates></Point></Placemark><Placemark><TimeSpan><begin>2026-08-04T09:05:17Z</begin><end>2026-08-04T09:05:33Z</end></TimeSpan><styleUrl>#point</styleUrl><Point><altitudeMode>clampToGround</altitudeMode><coordinates>11.808570194989443,46.628149738535285,2405.8400000000001</coordinates></Point></Placemark><Placemark><TimeSpan><begin>2026-08-04T09:05:33Z</begin><end>2026-08-04T09:05:46Z</end></TimeSpan><styleUrl>#point</styleUrl><Point><altitudeMode>clampToGround</altitudeMode><coordinates>11.808751411736012,46.628213692456484,2406.3200000000002</coordinates></Point></Placemark><Placemark><TimeSpan><begin>2026-08-04T09:05:46Z</begin><end>2026-08-04T09:05:59Z</end></TimeSpan><styleUrl>#point</styleUrl><Point><altitudeMode>clampToGround</altitudeMode><coordinates>11.808951152488589,46.628292230889201,2407.7600000000002</coordinates></Point></Placemark><Placemark><TimeSpan><begin>2026-08-04T09:05:59Z</begin><end>2026-08-04T09:06:13Z</end></TimeSpan><styleUrl>#point</styleUrl><Point><altitudeMode>clampToGround</altitudeMode><coordinates>11.809137314558029,46.62836741656065,2407.7600000000002</coordinates></Point></Placemark><Placemark><TimeSpan><begin>2026-08-04T09:06:13Z</begin><end>2026-08-04T09:06:27Z</end></TimeSpan><styleUrl>#point</styleUrl><Point><altitudeMode>clampToGround</altitudeMode><coordinates>11.809350466355681,46.628435561433434,2407.7600000000002</coordinates></Point></Placemark><Placemark><TimeSpan><begin>2026-08-04T09:06:27Z</begin><end>2026-08-04T09:06:41Z</end></TimeSpan><styleUrl>#point</styleUrl><Point><altitudeMode>clampToGround</altitudeMode><coordinates>11.809553559869528,46.628498760983348,2409.1999999999998</coordinates></Point></Placemark><Placemark><TimeSpan><begin>2026-08-04T09:06:41Z</begin><end>2026-08-04T09:06:52Z</end></TimeSpan><styleUrl>#point</styleUrl><Point><altitudeMode>clampToGround</altitudeMode><coordinates>11.809649700298905,46.628574952483177,2409.1999999999998</coordinates></Point></Placemark><Placemark><TimeSpan><begin>2026-08-04T09:06:52Z</begin><end>2026-08-04T09:06:57Z</end></TimeSpan><styleUrl>#point</styleUrl><Point><altitudeMode>clampToGround</altitudeMode><coordinates>11.809718012809753,46.628597918897867,2409.1999999999998</coordinates></Point></Placemark><Placemark><TimeSpan><begin>2026-08-04T09:06:57Z</begin><end>2026-08-04T09:07:12Z</end></TimeSpan><styleUrl>#point</styleUrl><Point><altitudeMode>clampToGround</altitudeMode><coordinates>11.809914736077189,46.628584172576666,2409.6799999999998</coordinates></Point></Placemark><Placemark><TimeSpan><begin>2026-08-04T09:07:12Z</begin><end>2026-08-04T09:07:31Z</end></TimeSpan><styleUrl>#point</styleUrl><Point><altitudeMode>clampToGround</altitudeMode><coordinates>11.809895457699895,46.628575203940272,2409.6799999999998</coordinates></Point></Placemark><Placemark><TimeSpan><begin>2026-08-04T09:07:31Z</begin><end>2026-08-04T09:07:43Z</end></TimeSpan><styleUrl>#point</styleUrl><Point><altitudeMode>clampToGround</altitudeMode><coordinates>11.810009703040123,46.62858878262341,2410.1599999999999</coordinates></Point></Placemark><Placemark><TimeSpan><begin>2026-08-04T09:07:43Z</begin><end>2026-08-04T09:07:56Z</end></TimeSpan><styleUrl>#point</styleUrl><Point><altitudeMode>clampToGround</altitudeMode><coordinates>11.810225956141949,46.628638654947281,2411.5999999999999</coordinates></Point></Placemark><Placemark><TimeSpan><begin>2026-08-04T09:07:56Z</begin><end>2026-08-04T09:08:07Z</end></TimeSpan><styleUrl>#point</styleUrl><Point><altitudeMode>clampToGround</altitudeMode><coordinates>11.81041756644845,46.628680313006043,2411.5999999999999</coordinates></Point></Placemark><Placemark><TimeSpan><begin>2026-08-04T09:08:07Z</begin><end>2026-08-04T09:08:12Z</end></TimeSpan><styleUrl>#point</styleUrl><Point><altitudeMode>clampToGround</altitudeMode><coordinates>11.810503732413054,46.628700345754623,2412.5700000000002</coordinates></Point></Placemark><Placemark><TimeSpan><begin>2026-08-04T09:08:12Z</begin><end>2026-08-04T09:08:27Z</end></TimeSpan><styleUrl>#point</styleUrl><Point><altitudeMode>clampToGround</altitudeMode><coordinates>11.810712441802025,46.628789696842432,2414.0100000000002</coordinates></Point></Placemark><Placemark><TimeSpan><begin>2026-08-04T09:08:27Z</begin><end>2026-08-04T09:08:40Z</end></TimeSpan><styleUrl>#point</styleUrl><Point><altitudeMode>clampToGround</altitudeMode><coordinates>11.810724176466465,46.628814591094851,2414.9699999999998</coordinates></Point></Placemark><Placemark><TimeSpan><begin>2026-08-04T09:08:40Z</begin><end>2026-08-04T09:08:58Z</end></TimeSpan><styleUrl>#point</styleUrl><Point><altitudeMode>clampToGround</altitudeMode><coordinates>11.810725769028068,46.628805622458458,2414.9699999999998</coordinates></Point></Placemark><Placemark><TimeSpan><begin>2026-08-04T09:08:58Z</begin><end>2026-08-04T09:09:11Z</end></TimeSpan><styleUrl>#point</styleUrl><Point><altitudeMode>clampToGround</altitudeMode><coordinates>11.810739766806364,46.628780392929912,2414.9699999999998</coordinates></Point></Placemark><Placemark><TimeSpan><begin>2026-08-04T09:09:11Z</begin><end>2026-08-04T09:09:25Z</end></TimeSpan><styleUrl>#point</styleUrl><Point><altitudeMode>clampToGround</altitudeMode><coordinates>11.810726774856448,46.628786092624068,2414.9699999999998</coordinates></Point></Placemark><Placemark><TimeSpan><begin>2026-08-04T09:09:25Z</begin><end>2026-08-04T09:09:42Z</end></TimeSpan><styleUrl>#point</styleUrl><Point><altitudeMode>clampToGround</altitudeMode><coordinates>11.810707915574312,46.628756839782,2414.0100000000002</coordinates></Point></Placemark><Placemark><TimeSpan><begin>2026-08-04T09:09:42Z</begin><end>2026-08-04T09:09:43Z</end></TimeSpan><styleUrl>#point</styleUrl><Point><altitudeMode>clampToGround</altitudeMode><coordinates>11.810706490650773,46.628754660487175,2414.0100000000002</coordinates></Point></Placemark><Placemark><TimeSpan><begin>2026-08-04T09:09:43Z</begin><end>2026-08-04T09:09:57Z</end></TimeSpan><styleUrl>#point</styleUrl><Point><altitudeMode>clampToGround</altitudeMode><coordinates>11.810711268335581,46.628738064318895,2413.5300000000002</coordinates></Point></Placemark><Placemark><TimeSpan><begin>2026-08-04T09:09:57Z</begin><end>2026-08-04T09:10:08Z</end></TimeSpan><styleUrl>#point</styleUrl><Point><altitudeMode>clampToGround</altitudeMode><coordinates>11.81072149425745,46.628750301897526,2413.5300000000002</coordinates></Point></Placemark><Placemark><TimeSpan><begin>2026-08-04T09:10:08Z</begin><end>2026-08-04T09:10:20Z</end></TimeSpan><styleUrl>#point</styleUrl><Point><altitudeMode>clampToGround</altitudeMode><coordinates>11.810712525621057,46.628741752356291,2413.5300000000002</coordinates></Point></Placemark><Placemark><TimeSpan><begin>2026-08-04T09:10:20Z</begin><end>2026-08-04T09:10:35Z</end></TimeSpan><styleUrl>#point</styleUrl><Point><altitudeMode>clampToGround</altitudeMode><coordinates>11.810712022706866,46.62874854169786,2413.5300000000002</coordinates></Point></Placemark><Placemark><TimeSpan><begin>2026-08-04T09:10:35Z</begin><end>2026-08-04T09:10:49Z</end></TimeSpan><styleUrl>#point</styleUrl><Point><altitudeMode>clampToGround</altitudeMode><coordinates>11.810707999393344,46.62874661386013,2413.5300000000002</coordinates></Point></Placemark><Placemark><TimeSpan><begin>2026-08-04T09:10:49Z</begin><end>2026-08-04T09:11:03Z</end></TimeSpan><styleUrl>#point</styleUrl><Point><altitudeMode>clampToGround</altitudeMode><coordinates>11.810718309134245,46.628750134259462,2413.5300000000002</coordinates></Point></Placemark><Placemark><TimeSpan><begin>2026-08-04T09:11:03Z</begin><end>2026-08-04T09:11:16Z</end></TimeSpan><styleUrl>#point</styleUrl><Point><altitudeMode>clampToGround</altitudeMode><coordinates>11.810723086819053,46.628751810640097,2413.5300000000002</coordinates></Point></Placemark><Placemark><TimeSpan><begin>2026-08-04T09:11:16Z</begin><end>2026-08-04T09:11:36Z</end></TimeSpan><styleUrl>#point</styleUrl><Point><altitudeMode>clampToGround</altitudeMode><coordinates>11.810713782906532,46.628752732649446,2414.0100000000002</coordinates></Point></Placemark><Placemark><TimeSpan><begin>2026-08-04T09:11:36Z</begin><end>2026-08-04T09:11:53Z</end></TimeSpan><styleUrl>#point</styleUrl><Point><altitudeMode>clampToGround</altitudeMode><coordinates>11.810720907524228,46.628751894459128,2414.0100000000002</coordinates></Point></Placemark><Placemark><TimeSpan><begin>2026-08-04T09:11:53Z</begin><end>2026-08-04T09:12:04Z</end></TimeSpan><styleUrl>#point</styleUrl><Point><altitudeMode>clampToGround</altitudeMode><coordinates>11.810733815655112,46.628807885572314,2415.4499999999998</coordinates></Point></Placemark><Placemark><TimeSpan><begin>2026-08-04T09:12:04Z</begin><end>2026-08-04T09:12:20Z</end></TimeSpan><styleUrl>#point</styleUrl><Point><altitudeMode>clampToGround</altitudeMode><coordinates>11.810720153152943,46.628823895007372,2415.9299999999998</coordinates></Point></Placemark><Placemark><TimeSpan><begin>2026-08-04T09:12:20Z</begin><end>2026-08-04T09:12:33Z</end></TimeSpan><styleUrl>#point</styleUrl><Point><altitudeMode>clampToGround</altitudeMode><coordinates>11.810717219486833,46.628814088180661,2415.9299999999998</coordinates></Point></Placemark><Placemark><TimeSpan><begin>2026-08-04T09:12:33Z</begin><end>2026-08-04T09:12:45Z</end></TimeSpan><styleUrl>#point</styleUrl><Point><altitudeMode>clampToGround</altitudeMode><coordinates>11.8107033893466,46.62882624194026,2415.9299999999998</coordinates></Point></Placemark><Placemark><TimeSpan><begin>2026-08-04T09:12:45Z</begin><end>2026-08-04T09:13:00Z</end></TimeSpan><styleUrl>#point</styleUrl><Point><altitudeMode>clampToGround</altitudeMode><coordinates>11.810721410438418,46.628802688792348,2415.9299999999998</coordinates></Point></Placemark><Placemark><TimeSpan><begin>2026-08-04T09:13:00Z</begin><end>2026-08-04T09:13:11Z</end></TimeSpan><styleUrl>#point</styleUrl><Point><altitudeMode>clampToGround</altitudeMode><coordinates>11.810706490650773,46.628751056268811,2414.9699999999998</coordinates></Point></Placemark><Placemark><TimeSpan><begin>2026-08-04T09:13:11Z</begin><end>2026-08-04T09:13:12Z</end></TimeSpan><styleUrl>#point</styleUrl><Point><altitudeMode>clampToGround</altitudeMode><coordinates>11.810704143717885,46.62874954752624,2414.9699999999998</coordinates></Point></Placemark><Placemark><TimeSpan><begin>2026-08-04T09:13:12Z</begin><end>2026-08-04T09:13:24Z</end></TimeSpan><styleUrl>#point</styleUrl><Point><altitudeMode>clampToGround</altitudeMode><coordinates>11.810699785128236,46.628738818690181,2414.4899999999998</coordinates></Point></Placemark><Placemark><TimeSpan><begin>2026-08-04T09:13:24Z</begin><end>2026-08-04T09:13:44Z</end></TimeSpan><styleUrl>#point</styleUrl><Point><altitudeMode>clampToGround</altitudeMode><coordinates>11.810698276385665,46.628735717386007,2414.4899999999998</coordinates></Point></Placemark><Placemark><TimeSpan><begin>2026-08-04T09:13:44Z</begin><end>2026-08-04T09:13:57Z</end></TimeSpan><styleUrl>#point</styleUrl><Point><altitudeMode>clampToGround</altitudeMode><coordinates>11.810697438195348,46.628753403201699,2414.4899999999998</coordinates></Point></Placemark><Placemark><TimeSpan><begin>2026-08-04T09:13:57Z</begin><end>2026-08-04T09:14:13Z</end></TimeSpan><styleUrl>#point</styleUrl><Point><altitudeMode>clampToGround</altitudeMode><coordinates>11.810700371861458,46.628760192543268,2414.4899999999998</coordinates></Point></Placemark><Placemark><TimeSpan><begin>2026-08-04T09:14:13Z</begin><end>2026-08-04T09:14:31Z</end></TimeSpan><styleUrl>#point</styleUrl><Point><altitudeMode>clampToGround</altitudeMode><coordinates>11.810705065727234,46.628754995763302,2414.4899999999998</coordinates></Point></Placemark><Placemark><TimeSpan><begin>2026-08-04T09:14:31Z</begin><end>2026-08-04T09:14:46Z</end></TimeSpan><styleUrl>#point</styleUrl><Point><altitudeMode>clampToGround</altitudeMode><coordinates>11.810697605833411,46.628748793154955,2414.4899999999998</coordinates></Point></Placemark><Placemark><TimeSpan><begin>2026-08-04T09:14:46Z</begin><end>2026-08-04T09:14:55Z</end></TimeSpan><styleUrl>#point</styleUrl><Point><altitudeMode>clampToGround</altitudeMode><coordinates>11.810731384903193,46.628791792318225,2415.9299999999998</coordinates></Point></Placemark><Placemark><TimeSpan><begin>2026-08-04T09:14:55Z</begin><end>2026-08-04T09:15:09Z</end></TimeSpan><styleUrl>#point</styleUrl><Point><altitudeMode>clampToGround</altitudeMode><coordinates>11.810727445408702,46.628818949684501,2416.4099999999999</coordinates></Point></Placemark><Placemark><TimeSpan><begin>2026-08-04T09:15:09Z</begin><end>2026-08-04T09:15:22Z</end></TimeSpan><styleUrl>#point</styleUrl><Point><altitudeMode>clampToGround</altitudeMode><coordinates>11.810707747936249,46.62881794385612,2416.8899999999999</coordinates></Point></Placemark><Placemark><TimeSpan><begin>2026-08-04T09:15:22Z</begin><end>2026-08-04T09:15:31Z</end></TimeSpan><styleUrl>#point</styleUrl><Point><altitudeMode>clampToGround</altitudeMode><coordinates>11.810685368254781,46.628830935806036,2416.8899999999999</coordinates></Point></Placemark><Placemark><TimeSpan><begin>2026-08-04T09:15:31Z</begin><end>2026-08-04T09:15:51Z</end></TimeSpan><styleUrl>#point</styleUrl><Point><altitudeMode>clampToGround</altitudeMode><coordinates>11.810687799006701,46.628834204748273,2416.8899999999999</coordinates></Point></Placemark><Placemark><TimeSpan><begin>2026-08-04T09:15:51Z</begin><end>2026-08-04T09:16:12Z</end></TimeSpan><styleUrl>#point</styleUrl><Point><altitudeMode>clampToGround</altitudeMode><coordinates>11.810710849240422,46.62883554585278,2416.8899999999999</coordinates></Point></Placemark><Placemark><TimeSpan><begin>2026-08-04T09:16:12Z</begin><end>2026-08-04T09:16:24Z</end></TimeSpan><styleUrl>#point</styleUrl><Point><altitudeMode>clampToGround</altitudeMode><coordinates>11.810732809826732,46.628784583881497,2416.8899999999999</coordinates></Point></Placemark><Placemark><TimeSpan><begin>2026-08-04T09:16:24Z</begin><end>2026-08-04T09:16:38Z</end></TimeSpan><styleUrl>#point</styleUrl><Point><altitudeMode>clampToGround</altitudeMode><coordinates>11.810739515349269,46.628782572224736,2416.8899999999999</coordinates></Point></Placemark><Placemark><TimeSpan><begin>2026-08-04T09:16:38Z</begin><end>2026-08-04T09:16:54Z</end></TimeSpan><styleUrl>#point</styleUrl><Point><altitudeMode>clampToGround</altitudeMode><coordinates>11.810729540884495,46.628808388486505,2416.8899999999999</coordinates></Point></Placemark><Placemark><TimeSpan><begin>2026-08-04T09:16:54Z</begin><end>2026-08-04T09:17:13Z</end></TimeSpan><styleUrl>#point</styleUrl><Point><altitudeMode>clampToGround</altitudeMode><coordinates>11.810714537277818,46.628813249990344,2416.8899999999999</coordinates></Point></Placemark><Placemark><TimeSpan><begin>2026-08-04T09:17:13Z</begin><end>2026-08-04T09:17:28Z</end></TimeSpan><styleUrl>#point</styleUrl><Point><altitudeMode>clampToGround</altitudeMode><coordinates>11.810700371861458,46.628807885572314,2416.8899999999999</coordinates></Point></Placemark><Placemark><TimeSpan><begin>2026-08-04T09:17:28Z</begin><end>2026-08-04T09:17:39Z</end></TimeSpan><styleUrl>#point</styleUrl><Point><altitudeMode>clampToGround</altitudeMode><coordinates>11.810709424316883,46.628805622458458,2416.8899999999999</coordinates></Point></Placemark><Placemark><TimeSpan><begin>2026-08-04T09:17:39Z</begin><end>2026-08-04T09:17:51Z</end></TimeSpan><styleUrl>#point</styleUrl><Point><altitudeMode>clampToGround</altitudeMode><coordinates>11.810718309134245,46.628808220848441,2416.8899999999999</coordinates></Point></Placemark><Placemark><TimeSpan><begin>2026-08-04T09:17:51Z</begin><end>2026-08-04T09:18:07Z</end></TimeSpan><styleUrl>#point</styleUrl><Point><altitudeMode>clampToGround</altitudeMode><coordinates>11.810714956372976,46.62880964577198,2416.8899999999999</coordinates></Point></Placemark><Placemark><TimeSpan><begin>2026-08-04T09:18:07Z</begin><end>2026-08-04T09:18:18Z</end></TimeSpan><styleUrl>#point</styleUrl><Point><altitudeMode>clampToGround</altitudeMode><coordinates>11.810720907524228,46.628811238333583,2416.8899999999999</coordinates></Point></Placemark><Placemark><TimeSpan><begin>2026-08-04T09:18:18Z</begin><end>2026-08-04T09:18:34Z</end></TimeSpan><styleUrl>#point</styleUrl><Point><altitudeMode>clampToGround</altitudeMode><coordinates>11.810720404610038,46.62880914285779,2416.8899999999999</coordinates></Point></Placemark><Placemark><TimeSpan><begin>2026-08-04T09:18:34Z</begin><end>2026-08-04T09:18:50Z</end></TimeSpan><styleUrl>#point</styleUrl><Point><altitudeMode>clampToGround</altitudeMode><coordinates>11.810718644410372,46.62881693802774,2416.8899999999999</coordinates></Point></Placemark><Placemark><TimeSpan><begin>2026-08-04T09:18:50Z</begin><end>2026-08-04T09:19:10Z</end></TimeSpan><styleUrl>#point</styleUrl><Point><altitudeMode>clampToGround</altitudeMode><coordinates>11.810721242800355,46.628821464255452,2416.8899999999999</coordinates></Point></Placemark><Placemark><TimeSpan><begin>2026-08-04T09:19:10Z</begin><end>2026-08-04T09:19:25Z</end></TimeSpan><styleUrl>#point</styleUrl><Point><altitudeMode>clampToGround</altitudeMode><coordinates>11.810718476772308,46.628811741247773,2416.8899999999999</coordinates></Point></Placemark><Placemark><TimeSpan><begin>2026-08-04T09:19:25Z</begin><end>2026-08-04T09:19:47Z</end></TimeSpan><styleUrl>#point</styleUrl><Point><altitudeMode>clampToGround</altitudeMode><coordinates>11.810717722401023,46.628818614408374,2417.3699999999999</coordinates></Point></Placemark><Placemark><TimeSpan><begin>2026-08-04T09:19:47Z</begin><end>2026-08-04T09:20:05Z</end></TimeSpan><styleUrl>#point</styleUrl><Point><altitudeMode>clampToGround</altitudeMode><coordinates>11.810717806220055,46.628823643550277,2417.3699999999999</coordinates></Point></Placemark><Placemark><TimeSpan><begin>2026-08-04T09:20:05Z</begin><end>2026-08-04T09:20:23Z</end></TimeSpan><styleUrl>#point</styleUrl><Point><altitudeMode>clampToGround</altitudeMode><coordinates>11.810694504529238,46.628808137029409,2417.3699999999999</coordinates></Point></Placemark><Placemark><TimeSpan><begin>2026-08-04T09:20:23Z</begin><end>2026-08-04T09:20:45Z</end></TimeSpan><styleUrl>#point</styleUrl><Point><altitudeMode>clampToGround</altitudeMode><coordinates>11.810719734057784,46.628820709884167,2417.3699999999999</coordinates></Point></Placemark><Placemark><TimeSpan><begin>2026-08-04T09:20:45Z</begin><end>2026-08-04T09:20:58Z</end></TimeSpan><styleUrl>#point</styleUrl><Point><altitudeMode>clampToGround</altitudeMode><coordinates>11.81071906350553,46.628814842551947,2417.3699999999999</coordinates></Point></Placemark><Placemark><TimeSpan><begin>2026-08-04T09:20:58Z</begin><end>2026-08-04T09:21:16Z</end></TimeSpan><styleUrl>#point</styleUrl><Point><altitudeMode>clampToGround</altitudeMode><coordinates>11.810724092647433,46.628812327980995,2417.3699999999999</coordinates></Point></Placemark><Placemark><TimeSpan><begin>2026-08-04T09:21:16Z</begin><end>2026-08-04T09:21:36Z</end></TimeSpan><styleUrl>#point</styleUrl><Point><altitudeMode>clampToGround</altitudeMode><coordinates>11.810697605833411,46.628822637721896,2417.3699999999999</coordinates></Point></Placemark><Placemark><TimeSpan><begin>2026-08-04T09:21:36Z</begin><end>2026-08-04T09:21:52Z</end></TimeSpan><styleUrl>#point</styleUrl><Point><altitudeMode>clampToGround</altitudeMode><coordinates>11.810729624703526,46.628825319930911,2417.3699999999999</coordinates></Point></Placemark><Placemark><TimeSpan><begin>2026-08-04T09:21:52Z</begin><end>2026-08-04T09:22:08Z</end></TimeSpan><styleUrl>#point</styleUrl><Point><altitudeMode>clampToGround</altitudeMode><coordinates>11.810724763199687,46.628826577216387,2417.3699999999999</coordinates></Point></Placemark><Placemark><TimeSpan><begin>2026-08-04T09:22:08Z</begin><end>2026-08-04T09:22:21Z</end></TimeSpan><styleUrl>#point</styleUrl><Point><altitudeMode>clampToGround</altitudeMode><coordinates>11.810712274163961,46.628809310495853,2417.3699999999999</coordinates></Point></Placemark><Placemark><TimeSpan><begin>2026-08-04T09:22:21Z</begin><end>2026-08-04T09:22:34Z</end></TimeSpan><styleUrl>#point</styleUrl><Point><altitudeMode>clampToGround</altitudeMode><coordinates>11.810672041028738,46.62883697077632,2417.3699999999999</coordinates></Point></Placemark><Placemark><TimeSpan><begin>2026-08-04T09:22:34Z</begin><end>2026-08-04T09:22:44Z</end></TimeSpan><styleUrl>#point</styleUrl><Point><altitudeMode>clampToGround</altitudeMode><coordinates>11.810586461797357,46.628832696005702,2417.3699999999999</coordinates></Point></Placemark><Placemark><TimeSpan><begin>2026-08-04T09:22:44Z</begin><end>2026-08-04T09:22:55Z</end></TimeSpan><styleUrl>#point</styleUrl><Point><altitudeMode>clampToGround</altitudeMode><coordinates>11.810473892837763,46.628832193091512,2415.9299999999998</coordinates></Point></Placemark><Placemark><TimeSpan><begin>2026-08-04T09:22:55Z</begin><end>2026-08-04T09:23:08Z</end></TimeSpan><styleUrl>#point</styleUrl><Point><altitudeMode>clampToGround</altitudeMode><coordinates>11.810427121818066,46.628859266638756,2414.9699999999998</coordinates></Point></Placemark><Placemark><TimeSpan><begin>2026-08-04T09:23:08Z</begin><end>2026-08-04T09:23:21Z</end></TimeSpan><styleUrl>#point</styleUrl><Point><altitudeMode>clampToGround</altitudeMode><coordinates>11.810364089906216,46.628893716260791,2413.5300000000002</coordinates></Point></Placemark><Placemark><TimeSpan><begin>2026-08-04T09:23:21Z</begin><end>2026-08-04T09:23:34Z</end></TimeSpan><styleUrl>#point</styleUrl><Point><altitudeMode>clampToGround</altitudeMode><coordinates>11.810323353856802,46.628921963274479,2412.0900000000001</coordinates></Point></Placemark><Placemark><TimeSpan><begin>2026-08-04T09:23:34Z</begin><end>2026-08-04T09:23:45Z</end></TimeSpan><styleUrl>#point</styleUrl><Point><altitudeMode>clampToGround</altitudeMode><coordinates>11.810311283916235,46.628933111205697,2411.1199999999999</coordinates></Point></Placemark><Placemark><TimeSpan><begin>2026-08-04T09:23:45Z</begin><end>2026-08-04T09:23:55Z</end></TimeSpan><styleUrl>#point</styleUrl><Point><altitudeMode>clampToGround</altitudeMode><coordinates>11.810275660827756,46.628968482837081,2408.7199999999998</coordinates></Point></Placemark><Placemark><TimeSpan><begin>2026-08-04T09:23:55Z</begin><end>2026-08-04T09:24:06Z</end></TimeSpan><styleUrl>#point</styleUrl><Point><altitudeMode>clampToGround</altitudeMode><coordinates>11.81022603996098,46.629004273563623,2407.2800000000002</coordinates></Point></Placemark><Placemark><TimeSpan><begin>2026-08-04T09:24:06Z</begin><end>2026-08-04T09:24:15Z</end></TimeSpan><styleUrl>#point</styleUrl><Point><altitudeMode>clampToGround</altitudeMode><coordinates>11.810198295861483,46.629042914137244,2406.3200000000002</coordinates></Point></Placemark><Placemark><TimeSpan><begin>2026-08-04T09:24:15Z</begin><end>2026-08-04T09:24:32Z</end></TimeSpan><styleUrl>#point</styleUrl><Point><altitudeMode>clampToGround</altitudeMode><coordinates>11.810212209820747,46.629043752327561,2406.3200000000002</coordinates></Point></Placemark><Placemark><TimeSpan><begin>2026-08-04T09:24:32Z</begin><end>2026-08-04T09:24:45Z</end></TimeSpan><styleUrl>#point</styleUrl><Point><altitudeMode>clampToGround</altitudeMode><coordinates>11.8101473338902,46.629094043746591,2405.3600000000001</coordinates></Point></Placemark><Placemark><TimeSpan><begin>2026-08-04T09:24:45Z</begin><end>2026-08-04T09:24:55Z</end></TimeSpan><styleUrl>#point</styleUrl><Point><altitudeMode>clampToGround</altitudeMode><coordinates>11.810120344161987,46.629108041524887,2403.4299999999998</coordinates></Point></Placemark><Placemark><TimeSpan><begin>2026-08-04T09:24:55Z</begin><end>2026-08-04T09:25:05Z</end></TimeSpan><styleUrl>#point</styleUrl><Point><altitudeMode>clampToGround</altitudeMode><coordinates>11.810125457122922,46.629126565530896,2402.9499999999998</coordinates></Point></Placemark><Placemark><TimeSpan><begin>2026-08-04T09:25:05Z</begin><end>2026-08-04T09:25:14Z</end></TimeSpan><styleUrl>#point</styleUrl><Point><altitudeMode>clampToGround</altitudeMode><coordinates>11.810112046077847,46.629142491146922,2401.5100000000002</coordinates></Point></Placemark><Placemark><TimeSpan><begin>2026-08-04T09:25:14Z</begin><end>2026-08-04T09:25:24Z</end></TimeSpan><styleUrl>#point</styleUrl><Point><altitudeMode>clampToGround</altitudeMode><coordinates>11.810091091319919,46.629177443683147,2400.5500000000002</coordinates></Point></Placemark><Placemark><TimeSpan><begin>2026-08-04T09:25:24Z</begin><end>2026-08-04T09:25:33Z</end></TimeSpan><styleUrl>#point</styleUrl><Point><altitudeMode>clampToGround</altitudeMode><coordinates>11.810047421604395,46.629193285480142,2399.1100000000001</coordinates></Point></Placemark><Placemark><TimeSpan><begin>2026-08-04T09:25:33Z</begin><end>2026-08-04T09:25:58Z</end></TimeSpan><styleUrl>#point</styleUrl><Point><altitudeMode>clampToGround</altitudeMode><coordinates>11.810066280886531,46.629192279651761,2399.1100000000001</coordinates></Point></Placemark><Placemark><TimeSpan><begin>2026-08-04T09:25:58Z</begin><end>2026-08-04T09:26:12Z</end></TimeSpan><styleUrl>#point</styleUrl><Point><altitudeMode>clampToGround</altitudeMode><coordinates>11.809988748282194,46.629235111176968,2397.1799999999998</coordinates></Point></Placemark><Placemark><TimeSpan><begin>2026-08-04T09:26:12Z</begin><end>2026-08-04T09:26:26Z</end></TimeSpan><styleUrl>#point</styleUrl><Point><altitudeMode>clampToGround</altitudeMode><coordinates>11.809885399416089,46.629267046228051,2395.2600000000002</coordinates></Point></Placemark><Placemark><TimeSpan><begin>2026-08-04T09:26:26Z</begin><end>2026-08-04T09:26:36Z</end></TimeSpan><styleUrl>#point</styleUrl><Point><altitudeMode>clampToGround</altitudeMode><coordinates>11.809854134917259,46.62928557023406,2394.3000000000002</coordinates></Point></Placemark><Placemark><TimeSpan><begin>2026-08-04T09:26:36Z</begin><end>2026-08-04T09:26:46Z</end></TimeSpan><styleUrl>#point</styleUrl><Point><altitudeMode>clampToGround</altitudeMode><coordinates>11.809828234836459,46.629303758963943,2392.8600000000001</coordinates></Point></Placemark><Placemark><TimeSpan><begin>2026-08-04T09:26:46Z</begin><end>2026-08-04T09:26:58Z</end></TimeSpan><styleUrl>#point</styleUrl><Point><altitudeMode>clampToGround</altitudeMode><coordinates>11.809789342805743,46.629350110888481,2390.9400000000001</coordinates></Point></Placemark><Placemark><TimeSpan><begin>2026-08-04T09:26:58Z</begin><end>2026-08-04T09:27:18Z</end></TimeSpan><styleUrl>#point</styleUrl><Point><altitudeMode>clampToGround</altitudeMode><coordinates>11.809774590656161,46.629337118938565,2390.46</coordinates></Point></Placemark><Placemark><TimeSpan><begin>2026-08-04T09:27:18Z</begin><end>2026-08-04T09:27:28Z</end></TimeSpan><styleUrl>#point</styleUrl><Point><altitudeMode>clampToGround</altitudeMode><coordinates>11.809751037508249,46.629359917715192,2389.9699999999998</coordinates></Point></Placemark><Placemark><TimeSpan><begin>2026-08-04T09:27:28Z</begin><end>2026-08-04T09:27:38Z</end></TimeSpan><styleUrl>#point</styleUrl><Point><altitudeMode>clampToGround</altitudeMode><coordinates>11.809707954525948,46.629400150850415,2389.0100000000002</coordinates></Point></Placemark><Placemark><TimeSpan><begin>2026-08-04T09:27:38Z</begin><end>2026-08-04T09:27:49Z</end></TimeSpan><styleUrl>#point</styleUrl><Point><altitudeMode>clampToGround</altitudeMode><coordinates>11.809698482975364,46.629414902999997,2387.5700000000002</coordinates></Point></Placemark><Placemark><TimeSpan><begin>2026-08-04T09:27:49Z</begin><end>2026-08-04T09:27:59Z</end></TimeSpan><styleUrl>#point</styleUrl><Point><altitudeMode>clampToGround</altitudeMode><coordinates>11.80965481325984,46.629424626007676,2386.6100000000001</coordinates></Point></Placemark><Placemark><TimeSpan><begin>2026-08-04T09:27:59Z</begin><end>2026-08-04T09:28:11Z</end></TimeSpan><styleUrl>#point</styleUrl><Point><altitudeMode>clampToGround</altitudeMode><coordinates>11.809667386114597,46.629426721483469,2386.6100000000001</coordinates></Point></Placemark><Placemark><TimeSpan><begin>2026-08-04T09:28:11Z</begin><end>2026-08-04T09:28:24Z</end></TimeSpan><styleUrl>#point</styleUrl><Point><altitudeMode>clampToGround</altitudeMode><coordinates>11.809663698077202,46.629425715655088,2385.6500000000001</coordinates></Point></Placemark><Placemark><TimeSpan><begin>2026-08-04T09:28:24Z</begin><end>2026-08-04T09:28:33Z</end></TimeSpan><styleUrl>#point</styleUrl><Point><altitudeMode>clampToGround</altitudeMode><coordinates>11.809696136042476,46.629414232447743,2384.6900000000001</coordinates></Point></Placemark><Placemark><TimeSpan><begin>2026-08-04T09:28:33Z</begin><end>2026-08-04T09:28:43Z</end></TimeSpan><styleUrl>#point</styleUrl><Point><altitudeMode>clampToGround</altitudeMode><coordinates>11.809723628684878,46.629431499168277,2383.25</coordinates></Point></Placemark><Placemark><TimeSpan><begin>2026-08-04T09:28:43Z</begin><end>2026-08-04T09:28:51Z</end></TimeSpan><styleUrl>#point</styleUrl><Point><altitudeMode>clampToGround</altitudeMode><coordinates>11.809686496853828,46.629455555230379,2382.7600000000002</coordinates></Point></Placemark><Placemark><TimeSpan><begin>2026-08-04T09:28:51Z</begin><end>2026-08-04T09:28:59Z</end></TimeSpan><styleUrl>#point</styleUrl><Point><altitudeMode>clampToGround</altitudeMode><coordinates>11.809652298688889,46.62947416305542,2381.8000000000002</coordinates></Point></Placemark><Placemark><TimeSpan><begin>2026-08-04T09:28:59Z</begin><end>2026-08-04T09:29:09Z</end></TimeSpan><styleUrl>#point</styleUrl><Point><altitudeMode>clampToGround</altitudeMode><coordinates>11.809630421921611,46.629492351785302,2381.3200000000002</coordinates></Point></Placemark><Placemark><TimeSpan><begin>2026-08-04T09:29:09Z</begin><end>2026-08-04T09:29:12Z</end></TimeSpan><styleUrl>#point</styleUrl><Point><altitudeMode>clampToGround</altitudeMode><coordinates>11.809628074988723,46.629494447261095,2381.3200000000002</coordinates></Point></Placemark><Placemark><TimeSpan><begin>2026-08-04T09:29:12Z</begin><end>2026-08-04T09:29:21Z</end></TimeSpan><styleUrl>#point</styleUrl><Point><altitudeMode>clampToGround</altitudeMode><coordinates>11.809584992006421,46.629504673182964,2381.3200000000002</coordinates></Point></Placemark><Placemark><TimeSpan><begin>2026-08-04T09:29:21Z</begin><end>2026-08-04T09:29:29Z</end></TimeSpan><styleUrl>#point</styleUrl><Point><altitudeMode>clampToGround</altitudeMode><coordinates>11.809583902359009,46.629506098106503,2379.8800000000001</coordinates></Point></Placemark><Placemark><TimeSpan><begin>2026-08-04T09:29:29Z</begin><end>2026-08-04T09:29:40Z</end></TimeSpan><styleUrl>#point</styleUrl><Point><altitudeMode>clampToGround</altitudeMode><coordinates>11.80952237918973,46.629530405625701,2378.9200000000001</coordinates></Point></Placemark><Placemark><TimeSpan><begin>2026-08-04T09:29:40Z</begin><end>2026-08-04T09:29:50Z</end></TimeSpan><styleUrl>#point</styleUrl><Point><altitudeMode>clampToGround</altitudeMode><coordinates>11.809473345056176,46.629559239372611,2377</coordinates></Point></Placemark><Placemark><TimeSpan><begin>2026-08-04T09:29:50Z</begin><end>2026-08-04T09:29:59Z</end></TimeSpan><styleUrl>#point</styleUrl><Point><altitudeMode>clampToGround</altitudeMode><coordinates>11.809437554329634,46.629575416445732,2376.04</coordinates></Point></Placemark><Placemark><TimeSpan><begin>2026-08-04T09:29:59Z</begin><end>2026-08-04T09:30:11Z</end></TimeSpan><styleUrl>#point</styleUrl><Point><altitudeMode>clampToGround</altitudeMode><coordinates>11.809423305094242,46.629581870511174,2375.5500000000002</coordinates></Point></Placemark><Placemark><TimeSpan><begin>2026-08-04T09:30:11Z</begin><end>2026-08-04T09:30:33Z</end></TimeSpan><styleUrl>#point</styleUrl><Point><altitudeMode>clampToGround</altitudeMode><coordinates>11.809422969818115,46.629588156938553,2375.5500000000002</coordinates></Point></Placemark><Placemark><TimeSpan><begin>2026-08-04T09:30:33Z</begin><end>2026-08-04T09:30:56Z</end></TimeSpan><styleUrl>#point</styleUrl><Point><altitudeMode>clampToGround</altitudeMode><coordinates>11.809429507702589,46.62957776337862,2375.5500000000002</coordinates></Point></Placemark><Placemark><TimeSpan><begin>2026-08-04T09:30:56Z</begin><end>2026-08-04T09:31:08Z</end></TimeSpan><styleUrl>#point</styleUrl><Point><altitudeMode>clampToGround</altitudeMode><coordinates>11.809427496045828,46.62958899512887,2375.5500000000002</coordinates></Point></Placemark><Placemark><TimeSpan><begin>2026-08-04T09:31:08Z</begin><end>2026-08-04T09:31:14Z</end></TimeSpan><styleUrl>#point</styleUrl><Point><altitudeMode>clampToGround</altitudeMode><coordinates>11.80936798453331,46.629601735621691,2375.0700000000002</coordinates></Point></Placemark><Placemark><TimeSpan><begin>2026-08-04T09:31:14Z</begin><end>2026-08-04T09:31:19Z</end></TimeSpan><styleUrl>#point</styleUrl><Point><altitudeMode>clampToGround</altitudeMode><coordinates>11.809310149401426,46.629623277112842,2374.5900000000001</coordinates></Point></Placemark><Placemark><TimeSpan><begin>2026-08-04T09:31:19Z</begin><end>2026-08-04T09:31:22Z</end></TimeSpan><styleUrl>#point</styleUrl><Point><altitudeMode>clampToGround</altitudeMode><coordinates>11.809277962893248,46.629638280719519,2374.5900000000001</coordinates></Point></Placemark><Placemark><TimeSpan><begin>2026-08-04T09:31:22Z</begin><end>2026-08-04T09:31:32Z</end></TimeSpan><styleUrl>#point</styleUrl><Point><altitudeMode>clampToGround</altitudeMode><coordinates>11.809228844940662,46.629686644300818,2374.1100000000001</coordinates></Point></Placemark><Placemark><TimeSpan><begin>2026-08-04T09:31:32Z</begin><end>2026-08-04T09:31:44Z</end></TimeSpan><styleUrl>#point</styleUrl><Point><altitudeMode>clampToGround</altitudeMode><coordinates>11.809197077527642,46.629749340936542,2372.6700000000001</coordinates></Point></Placemark><Placemark><TimeSpan><begin>2026-08-04T09:31:44Z</begin><end>2026-08-04T09:31:56Z</end></TimeSpan><styleUrl>#point</styleUrl><Point><altitudeMode>clampToGround</altitudeMode><coordinates>11.809201771393418,46.629754956811666,2372.1900000000001</coordinates></Point></Placemark><Placemark><TimeSpan><begin>2026-08-04T09:31:56Z</begin><end>2026-08-04T09:32:02Z</end></TimeSpan><styleUrl>#point</styleUrl><Point><altitudeMode>clampToGround</altitudeMode><coordinates>11.809181151911616,46.629783287644386,2372.1900000000001</coordinates></Point></Placemark><Placemark><TimeSpan><begin>2026-08-04T09:32:02Z</begin><end>2026-08-04T09:32:07Z</end></TimeSpan><styleUrl>#point</styleUrl><Point><altitudeMode>clampToGround</altitudeMode><coordinates>11.809150809422135,46.629813630133867,2371.71</coordinates></Point></Placemark><Placemark><TimeSpan><begin>2026-08-04T09:32:07Z</begin><end>2026-08-04T09:32:14Z</end></TimeSpan><styleUrl>#point</styleUrl><Point><altitudeMode>clampToGround</altitudeMode><coordinates>11.809134799987078,46.629859311506152,2371.23</coordinates></Point></Placemark><Placemark><TimeSpan><begin>2026-08-04T09:32:14Z</begin><end>2026-08-04T09:32:29Z</end></TimeSpan><styleUrl>#point</styleUrl><Point><altitudeMode>clampToGround</altitudeMode><coordinates>11.809027930721641,46.629995182156563,2368.3499999999999</coordinates></Point></Placemark><Placemark><TimeSpan><begin>2026-08-04T09:32:29Z</begin><end>2026-08-04T09:32:42Z</end></TimeSpan><styleUrl>#point</styleUrl><Point><altitudeMode>clampToGround</altitudeMode><coordinates>11.808946710079908,46.630091238766909,2365.46</coordinates></Point></Placemark><Placemark><TimeSpan><begin>2026-08-04T09:32:42Z</begin><end>2026-08-04T09:32:54Z</end></TimeSpan><styleUrl>#point</styleUrl><Point><altitudeMode>clampToGround</altitudeMode><coordinates>11.808851240202785,46.630159886553884,2363.54</coordinates></Point></Placemark><Placemark><TimeSpan><begin>2026-08-04T09:32:54Z</begin><end>2026-08-04T09:33:05Z</end></TimeSpan><styleUrl>#point</styleUrl><Point><altitudeMode>clampToGround</altitudeMode><coordinates>11.808798015117645,46.63019928149879,2362.0999999999999</coordinates></Point></Placemark><Placemark><TimeSpan><begin>2026-08-04T09:33:05Z</begin><end>2026-08-04T09:33:17Z</end></TimeSpan><styleUrl>#point</styleUrl><Point><altitudeMode>clampToGround</altitudeMode><coordinates>11.808760464191437,46.630274802446365,2359.21</coordinates></Point></Placemark><Placemark><TimeSpan><begin>2026-08-04T09:33:17Z</begin><end>2026-08-04T09:33:32Z</end></TimeSpan><styleUrl>#point</styleUrl><Point><altitudeMode>clampToGround</altitudeMode><coordinates>11.808685110881925,46.630372451618314,2356.3299999999999</coordinates></Point></Placemark><Placemark><TimeSpan><begin>2026-08-04T09:33:32Z</begin><end>2026-08-04T09:33:44Z</end></TimeSpan><styleUrl>#point</styleUrl><Point><altitudeMode>clampToGround</altitudeMode><coordinates>11.808584611862898,46.630464401096106,2354.8899999999999</coordinates></Point></Placemark><Placemark><TimeSpan><begin>2026-08-04T09:33:44Z</begin><end>2026-08-04T09:33:55Z</end></TimeSpan><styleUrl>#point</styleUrl><Point><altitudeMode>clampToGround</altitudeMode><coordinates>11.808517724275589,46.630543861538172,2352.96</coordinates></Point></Placemark><Placemark><TimeSpan><begin>2026-08-04T09:33:55Z</begin><end>2026-08-04T09:34:09Z</end></TimeSpan><styleUrl>#point</styleUrl><Point><altitudeMode>clampToGround</altitudeMode><coordinates>11.808460643514991,46.63066104054451,2351.04</coordinates></Point></Placemark><Placemark><TimeSpan><begin>2026-08-04T09:34:09Z</begin><end>2026-08-04T09:34:21Z</end></TimeSpan><styleUrl>#point</styleUrl><Point><altitudeMode>clampToGround</altitudeMode><coordinates>11.808373974636197,46.63074511103332,2349.5999999999999</coordinates></Point></Placemark><Placemark><TimeSpan><begin>2026-08-04T09:34:21Z</begin><end>2026-08-04T09:34:31Z</end></TimeSpan><styleUrl>#point</styleUrl><Point><altitudeMode>clampToGround</altitudeMode><coordinates>11.808334495872259,46.630797833204269,2347.6799999999998</coordinates></Point></Placemark><Placemark><TimeSpan><begin>2026-08-04T09:34:31Z</begin><end>2026-08-04T09:34:35Z</end></TimeSpan><styleUrl>#point</styleUrl><Point><altitudeMode>clampToGround</altitudeMode><coordinates>11.808307003229856,46.630831528455019,2346.7199999999998</coordinates></Point></Placemark><Placemark><TimeSpan><begin>2026-08-04T09:34:35Z</begin><end>2026-08-04T09:34:47Z</end></TimeSpan><styleUrl>#point</styleUrl><Point><altitudeMode>clampToGround</altitudeMode><coordinates>11.808284539729357,46.630896655842662,2345.27</coordinates></Point></Placemark><Placemark><TimeSpan><begin>2026-08-04T09:34:47Z</begin><end>2026-08-04T09:35:03Z</end></TimeSpan><styleUrl>#point</styleUrl><Point><altitudeMode>clampToGround</altitudeMode><coordinates>11.808285294100642,46.630888190120459,2345.27</coordinates></Point></Placemark><Placemark><TimeSpan><begin>2026-08-04T09:35:03Z</begin><end>2026-08-04T09:35:15Z</end></TimeSpan><styleUrl>#point</styleUrl><Point><altitudeMode>clampToGround</altitudeMode><coordinates>11.808262662962079,46.630897494032979,2345.27</coordinates></Point></Placemark><Placemark><TimeSpan><begin>2026-08-04T09:35:15Z</begin><end>2026-08-04T09:35:35Z</end></TimeSpan><styleUrl>#point</styleUrl><Point><altitudeMode>clampToGround</altitudeMode><coordinates>11.808250341564417,46.630918281152844,2345.27</coordinates></Point></Placemark><Placemark><TimeSpan><begin>2026-08-04T09:35:35Z</begin><end>2026-08-04T09:35:59Z</end></TimeSpan><styleUrl>#point</styleUrl><Point><altitudeMode>clampToGround</altitudeMode><coordinates>11.808256544172764,46.630901852622628,2346.23</coordinates></Point></Placemark><Placemark><TimeSpan><begin>2026-08-04T09:35:59Z</begin><end>2026-08-04T09:36:04Z</end></TimeSpan><styleUrl>#point</styleUrl><Point><altitudeMode>clampToGround</altitudeMode><coordinates>11.808279259130359,46.630944600328803,2345.27</coordinates></Point></Placemark><Placemark><TimeSpan><begin>2026-08-04T09:36:04Z</begin><end>2026-08-04T09:36:15Z</end></TimeSpan><styleUrl>#point</styleUrl><Point><altitudeMode>clampToGround</altitudeMode><coordinates>11.808282025158405,46.631022552028298,2343.8299999999999</coordinates></Point></Placemark><Placemark><TimeSpan><begin>2026-08-04T09:36:15Z</begin><end>2026-08-04T09:36:27Z</end></TimeSpan><styleUrl>#point</styleUrl><Point><altitudeMode>clampToGround</altitudeMode><coordinates>11.808315385133028,46.631129505112767,2341.9099999999999</coordinates></Point></Placemark><Placemark><TimeSpan><begin>2026-08-04T09:36:27Z</begin><end>2026-08-04T09:36:38Z</end></TimeSpan><styleUrl>#point</styleUrl><Point><altitudeMode>clampToGround</altitudeMode><coordinates>11.808312451466918,46.631243163719773,2341.4299999999998</coordinates></Point></Placemark><Placemark><TimeSpan><begin>2026-08-04T09:36:38Z</begin><end>2026-08-04T09:36:54Z</end></TimeSpan><styleUrl>#point</styleUrl><Point><altitudeMode>clampToGround</altitudeMode><coordinates>11.808253359049559,46.631399905309081,2340.9499999999998</coordinates></Point></Placemark><Placemark><TimeSpan><begin>2026-08-04T09:36:54Z</begin><end>2026-08-04T09:37:08Z</end></TimeSpan><styleUrl>#point</styleUrl><Point><altitudeMode>clampToGround</altitudeMode><coordinates>11.808268195018172,46.631540218368173,2340.4699999999998</coordinates></Point></Placemark><Placemark><TimeSpan><begin>2026-08-04T09:37:08Z</begin><end>2026-08-04T09:37:20Z</end></TimeSpan><styleUrl>#point</styleUrl><Point><altitudeMode>clampToGround</altitudeMode><coordinates>11.808327371254563,46.631646584719419,2338.54</coordinates></Point></Placemark><Placemark><TimeSpan><begin>2026-08-04T09:37:20Z</begin><end>2026-08-04T09:37:31Z</end></TimeSpan><styleUrl>#point</styleUrl><Point><altitudeMode>clampToGround</altitudeMode><coordinates>11.808332148939371,46.631698636338115,2338.0599999999999</coordinates></Point></Placemark><Placemark><TimeSpan><begin>2026-08-04T09:37:31Z</begin><end>2026-08-04T09:37:50Z</end></TimeSpan><styleUrl>#point</styleUrl><Point><altitudeMode>clampToGround</altitudeMode><coordinates>11.808331478387117,46.631697043776512,2339.5100000000002</coordinates></Point></Placemark><Placemark><TimeSpan><begin>2026-08-04T09:37:50Z</begin><end>2026-08-04T09:37:57Z</end></TimeSpan><styleUrl>#point</styleUrl><Point><altitudeMode>clampToGround</altitudeMode><coordinates>11.808349164202809,46.631730822846293,2339.5100000000002</coordinates></Point></Placemark><Placemark><TimeSpan><begin>2026-08-04T09:37:57Z</begin><end>2026-08-04T09:38:06Z</end></TimeSpan><styleUrl>#point</styleUrl><Point><altitudeMode>clampToGround</altitudeMode><coordinates>11.808405909687281,46.631819335743785,2338.0599999999999</coordinates></Point></Placemark><Placemark><TimeSpan><begin>2026-08-04T09:38:06Z</begin><end>2026-08-04T09:38:18Z</end></TimeSpan><styleUrl>#point</styleUrl><Point><altitudeMode>clampToGround</altitudeMode><coordinates>11.808495679870248,46.631920505315065,2337.5799999999999</coordinates></Point></Placemark><Placemark><TimeSpan><begin>2026-08-04T09:38:18Z</begin><end>2026-08-04T09:38:33Z</end></TimeSpan><styleUrl>#point</styleUrl><Point><altitudeMode>clampToGround</altitudeMode><coordinates>11.808614870533347,46.632053945213556,2336.6199999999999</coordinates></Point></Placemark><Placemark><TimeSpan><begin>2026-08-04T09:38:33Z</begin><end>2026-08-04T09:38:37Z</end></TimeSpan><styleUrl>#point</styleUrl><Point><altitudeMode>clampToGround</altitudeMode><coordinates>11.808641189709306,46.632087221369147,2336.6199999999999</coordinates></Point></Placemark><Placemark><TimeSpan><begin>2026-08-04T09:38:37Z</begin><end>2026-08-04T09:38:46Z</end></TimeSpan><styleUrl>#point</styleUrl><Point><altitudeMode>clampToGround</altitudeMode><coordinates>11.808740515261889,46.632144218310714,2338.0599999999999</coordinates></Point></Placemark><Placemark><TimeSpan><begin>2026-08-04T09:38:46Z</begin><end>2026-08-04T09:39:01Z</end></TimeSpan><styleUrl>#point</styleUrl><Point><altitudeMode>clampToGround</altitudeMode><coordinates>11.808856101706624,46.632254691794515,2337.5799999999999</coordinates></Point></Placemark><Placemark><TimeSpan><begin>2026-08-04T09:39:01Z</begin><end>2026-08-04T09:39:13Z</end></TimeSpan><styleUrl>#point</styleUrl><Point><altitudeMode>clampToGround</altitudeMode><coordinates>11.808852078393102,46.632294170558453,2336.6199999999999</coordinates></Point></Placemark><Placemark><TimeSpan><begin>2026-08-04T09:39:13Z</begin><end>2026-08-04T09:39:28Z</end></TimeSpan><styleUrl>#point</styleUrl><Point><altitudeMode>clampToGround</altitudeMode><coordinates>11.808906812220812,46.632284531369805,2336.6199999999999</coordinates></Point></Placemark><Placemark><TimeSpan><begin>2026-08-04T09:39:28Z</begin><end>2026-08-04T09:39:44Z</end></TimeSpan><styleUrl>#point</styleUrl><Point><altitudeMode>clampToGround</altitudeMode><coordinates>11.809072438627481,46.632426353171468,2334.2199999999998</coordinates></Point></Placemark><Placemark><TimeSpan><begin>2026-08-04T09:39:44Z</begin><end>2026-08-04T09:39:56Z</end></TimeSpan><styleUrl>#point</styleUrl><Point><altitudeMode>clampToGround</altitudeMode><coordinates>11.809163801372051,46.632529785856605,2334.2199999999998</coordinates></Point></Placemark><Placemark><TimeSpan><begin>2026-08-04T09:39:56Z</begin><end>2026-08-04T09:40:00Z</end></TimeSpan><styleUrl>#point</styleUrl><Point><altitudeMode>clampToGround</altitudeMode><coordinates>11.8091837503016,46.63256716914475,2335.1799999999998</coordinates></Point></Placemark><Placemark><TimeSpan><begin>2026-08-04T09:40:00Z</begin><end>2026-08-04T09:40:01Z</end></TimeSpan><styleUrl>#point</styleUrl><Point><altitudeMode>clampToGround</altitudeMode><coordinates>11.809186432510614,46.632578652352095,2335.6599999999999</coordinates></Point></Placemark><Placemark><TimeSpan><begin>2026-08-04T09:40:01Z</begin><end>2026-08-04T09:40:13Z</end></TimeSpan><styleUrl>#point</styleUrl><Point><altitudeMode>clampToGround</altitudeMode><coordinates>11.809095405042171,46.63269180804491,2335.6599999999999</coordinates></Point></Placemark><Placemark><TimeSpan><begin>2026-08-04T09:40:13Z</begin><end>2026-08-04T09:40:24Z</end></TimeSpan><styleUrl>#point</styleUrl><Point><altitudeMode>clampToGround</altitudeMode><coordinates>11.809085514396429,46.632793564349413,2333.2600000000002</coordinates></Point></Placemark><Placemark><TimeSpan><begin>2026-08-04T09:40:24Z</begin><end>2026-08-04T09:40:29Z</end></TimeSpan><styleUrl>#point</styleUrl><Point><altitudeMode>clampToGround</altitudeMode><coordinates>11.809091800823808,46.632821643725038,2335.6599999999999</coordinates></Point></Placemark><Placemark><TimeSpan><begin>2026-08-04T09:40:29Z</begin><end>2026-08-04T09:40:42Z</end></TimeSpan><styleUrl>#point</styleUrl><Point><altitudeMode>clampToGround</altitudeMode><coordinates>11.809001443907619,46.632960950955749,2336.1399999999999</coordinates></Point></Placemark><Placemark><TimeSpan><begin>2026-08-04T09:40:42Z</begin><end>2026-08-04T09:40:54Z</end></TimeSpan><styleUrl>#point</styleUrl><Point><altitudeMode>clampToGround</altitudeMode><coordinates>11.808917038142681,46.633052313700318,2337.0999999999999</coordinates></Point></Placemark><Placemark><TimeSpan><begin>2026-08-04T09:40:54Z</begin><end>2026-08-04T09:41:06Z</end></TimeSpan><styleUrl>#point</styleUrl><Point><altitudeMode>clampToGround</altitudeMode><coordinates>11.808829111978412,46.633143676444888,2337.0999999999999</coordinates></Point></Placemark><Placemark><TimeSpan><begin>2026-08-04T09:41:06Z</begin><end>2026-08-04T09:41:16Z</end></TimeSpan><styleUrl>#point</styleUrl><Point><altitudeMode>clampToGround</altitudeMode><coordinates>11.808777814731002,46.633254317566752,2336.1399999999999</coordinates></Point></Placemark><Placemark><TimeSpan><begin>2026-08-04T09:41:16Z</begin><end>2026-08-04T09:41:27Z</end></TimeSpan><styleUrl>#point</styleUrl><Point><altitudeMode>clampToGround</altitudeMode><coordinates>11.808713609352708,46.63336998783052,2336.1399999999999</coordinates></Point></Placemark><Placemark><TimeSpan><begin>2026-08-04T09:41:27Z</begin><end>2026-08-04T09:41:39Z</end></TimeSpan><styleUrl>#point</styleUrl><Point><altitudeMode>clampToGround</altitudeMode><coordinates>11.808690559118986,46.633503511548042,2337.0999999999999</coordinates></Point></Placemark><Placemark><TimeSpan><begin>2026-08-04T09:41:39Z</begin><end>2026-08-04T09:41:52Z</end></TimeSpan><styleUrl>#point</styleUrl><Point><altitudeMode>clampToGround</altitudeMode><coordinates>11.808710256591439,46.633641896769404,2337.5799999999999</coordinates></Point></Placemark><Placemark><TimeSpan><begin>2026-08-04T09:41:52Z</begin><end>2026-08-04T09:42:04Z</end></TimeSpan><styleUrl>#point</styleUrl><Point><altitudeMode>clampToGround</altitudeMode><coordinates>11.80872643366456,46.633765948936343,2337.5799999999999</coordinates></Point></Placemark><Placemark><TimeSpan><begin>2026-08-04T09:42:04Z</begin><end>2026-08-04T09:42:16Z</end></TimeSpan><styleUrl>#point</styleUrl><Point><altitudeMode>clampToGround</altitudeMode><coordinates>11.808624593541026,46.633864771574736,2339.02</coordinates></Point></Placemark><Placemark><TimeSpan><begin>2026-08-04T09:42:16Z</begin><end>2026-08-04T09:42:26Z</end></TimeSpan><styleUrl>#point</styleUrl><Point><altitudeMode>clampToGround</altitudeMode><coordinates>11.808521999046206,46.633931323885918,2339.02</coordinates></Point></Placemark><Placemark><TimeSpan><begin>2026-08-04T09:42:26Z</begin><end>2026-08-04T09:42:42Z</end></TimeSpan><styleUrl>#point</styleUrl><Point><altitudeMode>clampToGround</altitudeMode><coordinates>11.808298705145717,46.634061327204108,2339.02</coordinates></Point></Placemark><Placemark><TimeSpan><begin>2026-08-04T09:42:42Z</begin><end>2026-08-04T09:42:53Z</end></TimeSpan><styleUrl>#point</styleUrl><Point><altitudeMode>clampToGround</altitudeMode><coordinates>11.808192506432533,46.634122096002102,2339.02</coordinates></Point></Placemark><Placemark><TimeSpan><begin>2026-08-04T09:42:53Z</begin><end>2026-08-04T09:43:07Z</end></TimeSpan><styleUrl>#point</styleUrl><Point><altitudeMode>clampToGround</altitudeMode><coordinates>11.808104077354074,46.634152270853519,2339.5100000000002</coordinates></Point></Placemark><Placemark><TimeSpan><begin>2026-08-04T09:43:07Z</begin><end>2026-08-04T09:43:09Z</end></TimeSpan><styleUrl>#point</styleUrl><Point><altitudeMode>clampToGround</altitudeMode><coordinates>11.808078344911337,46.634164424613118,2339.5100000000002</coordinates></Point></Placemark><Placemark><TimeSpan><begin>2026-08-04T09:43:09Z</begin><end>2026-08-04T09:43:24Z</end></TimeSpan><styleUrl>#point</styleUrl><Point><altitudeMode>clampToGround</altitudeMode><coordinates>11.807860499247909,46.634285794571042,2338.0599999999999</coordinates></Point></Placemark><Placemark><TimeSpan><begin>2026-08-04T09:43:24Z</begin><end>2026-08-04T09:43:41Z</end></TimeSpan><styleUrl>#point</styleUrl><Point><altitudeMode>clampToGround</altitudeMode><coordinates>11.807589679956436,46.634371876716614,2337.5799999999999</coordinates></Point></Placemark><Placemark><TimeSpan><begin>2026-08-04T09:43:41Z</begin><end>2026-08-04T09:43:52Z</end></TimeSpan><styleUrl>#point</styleUrl><Point><altitudeMode>clampToGround</altitudeMode><coordinates>11.807481721043587,46.634410601109266,2336.1399999999999</coordinates></Point></Placemark><Placemark><TimeSpan><begin>2026-08-04T09:43:52Z</begin><end>2026-08-04T09:44:17Z</end></TimeSpan><styleUrl>#point</styleUrl><Point><altitudeMode>clampToGround</altitudeMode><coordinates>11.80747652426362,46.634423928335309,2336.1399999999999</coordinates></Point></Placemark><Placemark><TimeSpan><begin>2026-08-04T09:44:17Z</begin><end>2026-08-04T09:44:26Z</end></TimeSpan><styleUrl>#point</styleUrl><Point><altitudeMode>clampToGround</altitudeMode><coordinates>11.807406200096011,46.634475896134973,2336.1399999999999</coordinates></Point></Placemark><Placemark><TimeSpan><begin>2026-08-04T09:44:26Z</begin><end>2026-08-04T09:44:39Z</end></TimeSpan><styleUrl>#point</styleUrl><Point><altitudeMode>clampToGround</altitudeMode><coordinates>11.807234454900026,46.63453733548522,2333.7399999999998</coordinates></Point></Placemark><Placemark><TimeSpan><begin>2026-08-04T09:44:39Z</begin><end>2026-08-04T09:44:50Z</end></TimeSpan><styleUrl>#point</styleUrl><Point><altitudeMode>clampToGround</altitudeMode><coordinates>11.807117443531752,46.634582262486219,2331.8099999999999</coordinates></Point></Placemark><Placemark><TimeSpan><begin>2026-08-04T09:44:50Z</begin><end>2026-08-04T09:45:00Z</end></TimeSpan><styleUrl>#point</styleUrl><Point><altitudeMode>clampToGround</altitudeMode><coordinates>11.807052567601204,46.63459843955934,2330.8499999999999</coordinates></Point></Placemark><Placemark><TimeSpan><begin>2026-08-04T09:45:00Z</begin><end>2026-08-04T09:45:12Z</end></TimeSpan><styleUrl>#point</styleUrl><Point><altitudeMode>clampToGround</altitudeMode><coordinates>11.806906303390861,46.634646467864513,2328.4499999999998</coordinates></Point></Placemark><Placemark><TimeSpan><begin>2026-08-04T09:45:12Z</begin><end>2026-08-04T09:45:23Z</end></TimeSpan><styleUrl>#point</styleUrl><Point><altitudeMode>clampToGround</altitudeMode><coordinates>11.806770768016577,46.634687539190054,2325.0900000000001</coordinates></Point></Placemark><Placemark><TimeSpan><begin>2026-08-04T09:45:23Z</begin><end>2026-08-04T09:45:35Z</end></TimeSpan><styleUrl>#point</styleUrl><Point><altitudeMode>clampToGround</altitudeMode><coordinates>11.806623665615916,46.634739590808749,2322.1999999999998</coordinates></Point></Placemark><Placemark><TimeSpan><begin>2026-08-04T09:45:35Z</begin><end>2026-08-04T09:45:46Z</end></TimeSpan><styleUrl>#point</styleUrl><Point><altitudeMode>clampToGround</altitudeMode><coordinates>11.806502630934119,46.634776555001736,2319.8000000000002</coordinates></Point></Placemark><Placemark><TimeSpan><begin>2026-08-04T09:45:46Z</begin><end>2026-08-04T09:45:47Z</end></TimeSpan><styleUrl>#point</styleUrl><Point><altitudeMode>clampToGround</altitudeMode><coordinates>11.806490560993552,46.634781835600734,2319.8000000000002</coordinates></Point></Placemark><Placemark><TimeSpan><begin>2026-08-04T09:45:47Z</begin><end>2026-08-04T09:45:51Z</end></TimeSpan><styleUrl>#point</styleUrl><Point><altitudeMode>clampToGround</altitudeMode><coordinates>11.806443706154823,46.634811758995056,2319.3200000000002</coordinates></Point></Placemark><Placemark><TimeSpan><begin>2026-08-04T09:45:51Z</begin><end>2026-08-04T09:46:04Z</end></TimeSpan><styleUrl>#point</styleUrl><Point><altitudeMode>clampToGround</altitudeMode><coordinates>11.806293837726116,46.634858027100563,2316.9099999999999</coordinates></Point></Placemark><Placemark><TimeSpan><begin>2026-08-04T09:46:04Z</begin><end>2026-08-04T09:46:16Z</end></TimeSpan><styleUrl>#point</styleUrl><Point><altitudeMode>clampToGround</altitudeMode><coordinates>11.806171713396907,46.634887447580695,2314.5100000000002</coordinates></Point></Placemark><Placemark><TimeSpan><begin>2026-08-04T09:46:16Z</begin><end>2026-08-04T09:46:28Z</end></TimeSpan><styleUrl>#point</styleUrl><Point><altitudeMode>clampToGround</altitudeMode><coordinates>11.80606191046536,46.634944779798388,2311.6300000000001</coordinates></Point></Placemark><Placemark><TimeSpan><begin>2026-08-04T09:46:28Z</begin><end>2026-08-04T09:46:39Z</end></TimeSpan><styleUrl>#point</styleUrl><Point><altitudeMode>clampToGround</altitudeMode><coordinates>11.805961830541492,46.634999262169003,2308.7399999999998</coordinates></Point></Placemark><Placemark><TimeSpan><begin>2026-08-04T09:46:39Z</begin><end>2026-08-04T09:46:51Z</end></TimeSpan><styleUrl>#point</styleUrl><Point><altitudeMode>clampToGround</altitudeMode><coordinates>11.80582788772881,46.635093223303556,2306.8200000000002</coordinates></Point></Placemark><Placemark><TimeSpan><begin>2026-08-04T09:46:51Z</begin><end>2026-08-04T09:47:02Z</end></TimeSpan><styleUrl>#point</styleUrl><Point><altitudeMode>clampToGround</altitudeMode><coordinates>11.805674415081739,46.63512758910656,2304.9000000000001</coordinates></Point></Placemark><Placemark><TimeSpan><begin>2026-08-04T09:47:02Z</begin><end>2026-08-04T09:47:10Z</end></TimeSpan><styleUrl>#point</styleUrl><Point><altitudeMode>clampToGround</altitudeMode><coordinates>11.805574418976903,46.635160027071834,2303.9400000000001</coordinates></Point></Placemark><Placemark><TimeSpan><begin>2026-08-04T09:47:10Z</begin><end>2026-08-04T09:47:13Z</end></TimeSpan><styleUrl>#point</styleUrl><Point><altitudeMode>clampToGround</altitudeMode><coordinates>11.805522115901113,46.635166062042117,2303.9400000000001</coordinates></Point></Placemark><Placemark><TimeSpan><begin>2026-08-04T09:47:13Z</begin><end>2026-08-04T09:47:27Z</end></TimeSpan><styleUrl>#point</styleUrl><Point><altitudeMode>clampToGround</altitudeMode><coordinates>11.805306784808636,46.63523462601006,2302.4899999999998</coordinates></Point></Placemark><Placemark><TimeSpan><begin>2026-08-04T09:47:27Z</begin><end>2026-08-04T09:47:33Z</end></TimeSpan><styleUrl>#point</styleUrl><Point><altitudeMode>clampToGround</altitudeMode><coordinates>11.805216344073415,46.635247450321913,2302.0100000000002</coordinates></Point></Placemark><Placemark><TimeSpan><begin>2026-08-04T09:47:33Z</begin><end>2026-08-04T09:47:46Z</end></TimeSpan><styleUrl>#point</styleUrl><Point><altitudeMode>clampToGround</altitudeMode><coordinates>11.805041749030352,46.635308470577002,2301.5300000000002</coordinates></Point></Placemark><Placemark><TimeSpan><begin>2026-08-04T09:47:46Z</begin><end>2026-08-04T09:47:47Z</end></TimeSpan><styleUrl>#point</styleUrl><Point><altitudeMode>clampToGround</altitudeMode><coordinates>11.805032696574926,46.6353171877563,2301.5300000000002</coordinates></Point></Placemark><Placemark><TimeSpan><begin>2026-08-04T09:47:47Z</begin><end>2026-08-04T09:47:55Z</end></TimeSpan><styleUrl>#point</styleUrl><Point><altitudeMode>clampToGround</altitudeMode><coordinates>11.804963797330856,46.63539681583643,2301.5300000000002</coordinates></Point></Placemark><Placemark><TimeSpan><begin>2026-08-04T09:47:55Z</begin><end>2026-08-04T09:47:57Z</end></TimeSpan><styleUrl>#point</styleUrl><Point><altitudeMode>clampToGround</altitudeMode><coordinates>11.804951224476099,46.635416680946946,2302.98</coordinates></Point></Placemark><Placemark><TimeSpan><begin>2026-08-04T09:47:57Z</begin><end>2026-08-04T09:47:58Z</end></TimeSpan><styleUrl>#point</styleUrl><Point><altitudeMode>clampToGround</altitudeMode><coordinates>11.80494393222034,46.635423470288515,2302.98</coordinates></Point></Placemark><Placemark><TimeSpan><begin>2026-08-04T09:47:58Z</begin><end>2026-08-04T09:48:10Z</end></TimeSpan><styleUrl>#point</styleUrl><Point><altitudeMode>clampToGround</altitudeMode><coordinates>11.804863968864083,46.635508043691516,2302.98</coordinates></Point></Placemark><Placemark><TimeSpan><begin>2026-08-04T09:48:10Z</begin><end>2026-08-04T09:48:21Z</end></TimeSpan><styleUrl>#point</styleUrl><Point><altitudeMode>clampToGround</altitudeMode><coordinates>11.804861621931195,46.635510893538594,2302.98</coordinates></Point></Placemark><Placemark><TimeSpan><begin>2026-08-04T09:48:21Z</begin><end>2026-08-04T09:48:45Z</end></TimeSpan><styleUrl>#point</styleUrl><Point><altitudeMode>clampToGround</altitudeMode><coordinates>11.804849384352565,46.635508965700865,2302.98</coordinates></Point></Placemark><Placemark><TimeSpan><begin>2026-08-04T09:48:45Z</begin><end>2026-08-04T09:49:02Z</end></TimeSpan><styleUrl>#point</styleUrl><Point><altitudeMode>clampToGround</altitudeMode><coordinates>11.804840415716171,46.63546035066247,2302.98</coordinates></Point></Placemark><Placemark><TimeSpan><begin>2026-08-04T09:49:02Z</begin><end>2026-08-04T09:49:06Z</end></TimeSpan><styleUrl>#point</styleUrl><Point><altitudeMode>clampToGround</altitudeMode><coordinates>11.804868662729859,46.63542372174561,2302.4899999999998</coordinates></Point></Placemark><Placemark><TimeSpan><begin>2026-08-04T09:49:06Z</begin><end>2026-08-04T09:49:17Z</end></TimeSpan><styleUrl>#point</styleUrl><Point><altitudeMode>clampToGround</altitudeMode><coordinates>11.804841421544552,46.635389607399702,2302.4899999999998</coordinates></Point></Placemark><Placemark><TimeSpan><begin>2026-08-04T09:49:17Z</begin><end>2026-08-04T09:49:27Z</end></TimeSpan><styleUrl>#point</styleUrl><Point><altitudeMode>clampToGround</altitudeMode><coordinates>11.804798087105155,46.635390697047114,2302.4899999999998</coordinates></Point></Placemark><Placemark><TimeSpan><begin>2026-08-04T09:49:27Z</begin><end>2026-08-04T09:49:37Z</end></TimeSpan><styleUrl>#point</styleUrl><Point><altitudeMode>clampToGround</altitudeMode><coordinates>11.804720554500818,46.635401509702206,2302.4899999999998</coordinates></Point></Placemark><Placemark><TimeSpan><begin>2026-08-04T09:49:37Z</begin><end>2026-08-04T09:49:46Z</end></TimeSpan><styleUrl>#point</styleUrl><Point><altitudeMode>clampToGround</altitudeMode><coordinates>11.80472306907177,46.635401006788015,2301.5300000000002</coordinates></Point></Placemark><Placemark><TimeSpan><begin>2026-08-04T09:49:46Z</begin><end>2026-08-04T09:50:00Z</end></TimeSpan><styleUrl>#point</styleUrl><Point><altitudeMode>clampToGround</altitudeMode><coordinates>11.804736061021686,46.635391032323241,2301.0500000000002</coordinates></Point></Placemark><Placemark><TimeSpan><begin>2026-08-04T09:50:00Z</begin><end>2026-08-04T09:50:19Z</end></TimeSpan><styleUrl>#point</styleUrl><Point><altitudeMode>clampToGround</altitudeMode><coordinates>11.804741006344557,46.635384578257799,2301.0500000000002</coordinates></Point></Placemark><Placemark><TimeSpan><begin>2026-08-04T09:50:19Z</begin><end>2026-08-04T09:50:44Z</end></TimeSpan><styleUrl>#point</styleUrl><Point><altitudeMode>clampToGround</altitudeMode><coordinates>11.804728768765926,46.635388014838099,2300.5700000000002</coordinates></Point></Placemark><Placemark><TimeSpan><begin>2026-08-04T09:50:44Z</begin><end>2026-08-04T09:51:10Z</end></TimeSpan><styleUrl>#point</styleUrl><Point><altitudeMode>clampToGround</altitudeMode><coordinates>11.804740922525525,46.635389775037766,2300.5700000000002</coordinates></Point></Placemark><Placemark><TimeSpan><begin>2026-08-04T09:51:10Z</begin><end>2026-08-04T09:51:47Z</end></TimeSpan><styleUrl>#point</styleUrl><Point><altitudeMode>clampToGround</altitudeMode><coordinates>11.804736228659749,46.635394133627415,2300.5700000000002</coordinates></Point></Placemark><Placemark><TimeSpan><begin>2026-08-04T09:51:47Z</begin><end>2026-08-04T09:52:16Z</end></TimeSpan><styleUrl>#point</styleUrl><Point><altitudeMode>clampToGround</altitudeMode><coordinates>11.80476707406342,46.635388350114226,2300.5700000000002</coordinates></Point></Placemark><Placemark><TimeSpan><begin>2026-08-04T09:52:16Z</begin><end>2026-08-04T09:52:40Z</end></TimeSpan><styleUrl>#point</styleUrl><Point><altitudeMode>clampToGround</altitudeMode><coordinates>11.80478417314589,46.635387176647782,2300.5700000000002</coordinates></Point></Placemark><Placemark><TimeSpan><begin>2026-08-04T09:52:40Z</begin><end>2026-08-04T09:53:06Z</end></TimeSpan><styleUrl>#point</styleUrl><Point><altitudeMode>clampToGround</altitudeMode><coordinates>11.804809654131532,46.635393463075161,2301.0500000000002</coordinates></Point></Placemark><Placemark><TimeSpan><begin>2026-08-04T09:53:06Z</begin><end>2026-08-04T09:53:32Z</end></TimeSpan><styleUrl>#point</styleUrl><Point><altitudeMode>clampToGround</altitudeMode><coordinates>11.804799092933536,46.635382315143943,2301.0500000000002</coordinates></Point></Placemark><Placemark><TimeSpan><begin>2026-08-04T09:53:32Z</begin><end>2026-08-04T09:53:55Z</end></TimeSpan><styleUrl>#point</styleUrl><Point><altitudeMode>clampToGround</altitudeMode><coordinates>11.804773360490799,46.635389691218734,2301.0500000000002</coordinates></Point></Placemark><Placemark><TimeSpan><begin>2026-08-04T09:53:55Z</begin><end>2026-08-04T09:54:24Z</end></TimeSpan><styleUrl>#point</styleUrl><Point><altitudeMode>clampToGround</altitudeMode><coordinates>11.804761961102486,46.635381309315562,2301.0500000000002</coordinates></Point></Placemark><Placemark><TimeSpan><begin>2026-08-04T09:54:24Z</begin><end>2026-08-04T09:54:50Z</end></TimeSpan><styleUrl>#point</styleUrl><Point><altitudeMode>clampToGround</altitudeMode><coordinates>11.804765062406659,46.635372759774327,2301.0500000000002</coordinates></Point></Placemark><Placemark><TimeSpan><begin>2026-08-04T09:54:50Z</begin><end>2026-08-04T09:55:18Z</end></TimeSpan><styleUrl>#point</styleUrl><Point><altitudeMode>clampToGround</altitudeMode><coordinates>11.804774701595306,46.635375777259469,2301.0500000000002</coordinates></Point></Placemark><Placemark><TimeSpan><begin>2026-08-04T09:55:18Z</begin><end>2026-08-04T09:55:39Z</end></TimeSpan><styleUrl>#point</styleUrl><Point><altitudeMode>clampToGround</altitudeMode><coordinates>11.804792052134871,46.635384745895863,2301.0500000000002</coordinates></Point></Placemark><Placemark><TimeSpan><begin>2026-08-04T09:55:39Z</begin><end>2026-08-04T09:56:02Z</end></TimeSpan><styleUrl>#point</styleUrl><Point><altitudeMode>clampToGround</altitudeMode><coordinates>11.804774114862084,46.635381057858467,2301.0500000000002</coordinates></Point></Placemark><Placemark><TimeSpan><begin>2026-08-04T09:56:02Z</begin><end>2026-08-04T09:56:25Z</end></TimeSpan><styleUrl>#point</styleUrl><Point><altitudeMode>clampToGround</altitudeMode><coordinates>11.804792303591967,46.635373011231422,2300.5700000000002</coordinates></Point></Placemark><Placemark><TimeSpan><begin>2026-08-04T09:56:25Z</begin><end>2026-08-04T09:56:42Z</end></TimeSpan><styleUrl>#point</styleUrl><Point><altitudeMode>clampToGround</altitudeMode><coordinates>11.804795823991299,46.635370831936598,2300.5700000000002</coordinates></Point></Placemark><Placemark><TimeSpan><begin>2026-08-04T09:56:42Z</begin><end>2026-08-04T09:57:06Z</end></TimeSpan><styleUrl>#point</styleUrl><Point><altitudeMode>clampToGround</altitudeMode><coordinates>11.80480713956058,46.635355493053794,2300.0900000000001</coordinates></Point></Placemark><Placemark><TimeSpan><begin>2026-08-04T09:57:06Z</begin><end>2026-08-04T09:57:32Z</end></TimeSpan><styleUrl>#point</styleUrl><Point><altitudeMode>clampToGround</altitudeMode><coordinates>11.804798170924187,46.635369826108217,2300.0900000000001</coordinates></Point></Placemark><Placemark><TimeSpan><begin>2026-08-04T09:57:32Z</begin><end>2026-08-04T09:58:01Z</end></TimeSpan><styleUrl>#point</styleUrl><Point><altitudeMode>clampToGround</altitudeMode><coordinates>11.804800853133202,46.635378208011389,2300.0900000000001</coordinates></Point></Placemark><Placemark><TimeSpan><begin>2026-08-04T09:58:01Z</begin><end>2026-08-04T09:58:22Z</end></TimeSpan><styleUrl>#point</styleUrl><Point><altitudeMode>clampToGround</altitudeMode><coordinates>11.804785598069429,46.635367479175329,2300.0900000000001</coordinates></Point></Placemark><Placemark><TimeSpan><begin>2026-08-04T09:58:22Z</begin><end>2026-08-04T09:58:35Z</end></TimeSpan><styleUrl>#point</styleUrl><Point><altitudeMode>clampToGround</altitudeMode><coordinates>11.804755758494139,46.635373346507549,2301.5300000000002</coordinates></Point></Placemark><Placemark><TimeSpan><begin>2026-08-04T09:58:35Z</begin><end>2026-08-04T09:58:36Z</end></TimeSpan><styleUrl>#point</styleUrl><Point><altitudeMode>clampToGround</altitudeMode><coordinates>11.804760452359915,46.635375190526247,2301.5300000000002</coordinates></Point></Placemark><Placemark><TimeSpan><begin>2026-08-04T09:58:36Z</begin><end>2026-08-04T09:58:38Z</end></TimeSpan><styleUrl>#point</styleUrl><Point><altitudeMode>clampToGround</altitudeMode><coordinates>11.804771265015006,46.635384075343609,2301.5300000000002</coordinates></Point></Placemark><Placemark><TimeSpan><begin>2026-08-04T09:58:38Z</begin><end>2026-08-04T09:58:47Z</end></TimeSpan><styleUrl>#point</styleUrl><Point><altitudeMode>clampToGround</altitudeMode><coordinates>11.804792638868093,46.635339232161641,2301.5300000000002</coordinates></Point></Placemark><Placemark><TimeSpan><begin>2026-08-04T09:58:47Z</begin><end>2026-08-04T09:58:57Z</end></TimeSpan><styleUrl>#point</styleUrl><Point><altitudeMode>clampToGround</altitudeMode><coordinates>11.804736815392971,46.635340237990022,2301.5300000000002</coordinates></Point></Placemark><Placemark><TimeSpan><begin>2026-08-04T09:58:57Z</begin><end>2026-08-04T09:59:14Z</end></TimeSpan><styleUrl>#point</styleUrl><Point><altitudeMode>clampToGround</altitudeMode><coordinates>11.804812336340547,46.635312158614397,2301.5300000000002</coordinates></Point></Placemark><Placemark><TimeSpan><begin>2026-08-04T09:59:14Z</begin><end>2026-08-04T09:59:25Z</end></TimeSpan><styleUrl>#point</styleUrl><Point><altitudeMode>clampToGround</altitudeMode><coordinates>11.804809151217341,46.635306626558304,2301.5300000000002</coordinates></Point></Placemark><Placemark><TimeSpan><begin>2026-08-04T09:59:25Z</begin><end>2026-08-04T09:59:38Z</end></TimeSpan><styleUrl>#point</styleUrl><Point><altitudeMode>clampToGround</altitudeMode><coordinates>11.804814264178276,46.635310314595699,2301.5300000000002</coordinates></Point></Placemark><Placemark><TimeSpan><begin>2026-08-04T09:59:38Z</begin><end>2026-08-04T09:59:51Z</end></TimeSpan><styleUrl>#point</styleUrl><Point><altitudeMode>clampToGround</altitudeMode><coordinates>11.8048389069736,46.635297993198037,2301.5300000000002</coordinates></Point></Placemark><Placemark><TimeSpan><begin>2026-08-04T09:59:51Z</begin><end>2026-08-04T09:59:54Z</end></TimeSpan><styleUrl>#point</styleUrl><Point><altitudeMode>clampToGround</altitudeMode><coordinates>11.80485500022769,46.635301429778337,2301.5300000000002</coordinates></Point></Placemark><Placemark><TimeSpan><begin>2026-08-04T09:59:54Z</begin><end>2026-08-04T10:00:04Z</end></TimeSpan><styleUrl>#point</styleUrl><Point><altitudeMode>clampToGround</altitudeMode><coordinates>11.80492389947176,46.635377453640103,2302.0100000000002</coordinates></Point></Placemark><Placemark><TimeSpan><begin>2026-08-04T10:00:04Z</begin><end>2026-08-04T10:00:14Z</end></TimeSpan><styleUrl>#point</styleUrl><Point><altitudeMode>clampToGround</altitudeMode><coordinates>11.804865980520844,46.635482478886843,2302.4899999999998</coordinates></Point></Placemark><Placemark><TimeSpan><begin>2026-08-04T10:00:14Z</begin><end>2026-08-04T10:00:25Z</end></TimeSpan><styleUrl>#point</styleUrl><Point><altitudeMode>clampToGround</altitudeMode><coordinates>11.804873188957572,46.635494129732251,2302.4899999999998</coordinates></Point></Placemark><Placemark><TimeSpan><begin>2026-08-04T10:00:25Z</begin><end>2026-08-04T10:00:37Z</end></TimeSpan><styleUrl>#point</styleUrl><Point><altitudeMode>clampToGround</altitudeMode><coordinates>11.804871596395969,46.635505864396691,2302.4899999999998</coordinates></Point></Placemark><Placemark><TimeSpan><begin>2026-08-04T10:00:37Z</begin><end>2026-08-04T10:01:00Z</end></TimeSpan><styleUrl>#point</styleUrl><Point><altitudeMode>clampToGround</altitudeMode><coordinates>11.804861286655068,46.635520365089178,2301.0500000000002</coordinates></Point></Placemark><Placemark><TimeSpan><begin>2026-08-04T10:01:00Z</begin><end>2026-08-04T10:01:29Z</end></TimeSpan><styleUrl>#point</styleUrl><Point><altitudeMode>clampToGround</altitudeMode><coordinates>11.804863633587956,46.635517934337258,2301.5300000000002</coordinates></Point></Placemark><Placemark><TimeSpan><begin>2026-08-04T10:01:29Z</begin><end>2026-08-04T10:01:50Z</end></TimeSpan><styleUrl>#point</styleUrl><Point><altitudeMode>clampToGround</altitudeMode><coordinates>11.804867573082447,46.635512821376324,2301.5300000000002</coordinates></Point></Placemark><Placemark><TimeSpan><begin>2026-08-04T10:01:50Z</begin><end>2026-08-04T10:02:16Z</end></TimeSpan><styleUrl>#point</styleUrl><Point><altitudeMode>clampToGround</altitudeMode><coordinates>11.804879140108824,46.635508127510548,2301.5300000000002</coordinates></Point></Placemark><Placemark><TimeSpan><begin>2026-08-04T10:02:16Z</begin><end>2026-08-04T10:02:43Z</end></TimeSpan><styleUrl>#point</styleUrl><Point><altitudeMode>clampToGround</altitudeMode><coordinates>11.804896323010325,46.635512067005038,2301.5300000000002</coordinates></Point></Placemark><Placemark><TimeSpan><begin>2026-08-04T10:02:43Z</begin><end>2026-08-04T10:03:18Z</end></TimeSpan><styleUrl>#point</styleUrl><Point><altitudeMode>clampToGround</altitudeMode><coordinates>11.804896574467421,46.635509971529245,2302.4899999999998</coordinates></Point></Placemark><Placemark><TimeSpan><begin>2026-08-04T10:03:18Z</begin><end>2026-08-04T10:03:49Z</end></TimeSpan><styleUrl>#point</styleUrl><Point><altitudeMode>clampToGround</altitudeMode><coordinates>11.804885426536202,46.63550628349185,2302.4899999999998</coordinates></Point></Placemark><Placemark><TimeSpan><begin>2026-08-04T10:03:49Z</begin><end>2026-08-04T10:04:14Z</end></TimeSpan><styleUrl>#point</styleUrl><Point><altitudeMode>clampToGround</altitudeMode><coordinates>11.804888108745217,46.635506702587008,2302.4899999999998</coordinates></Point></Placemark><Placemark><TimeSpan><begin>2026-08-04T10:04:14Z</begin><end>2026-08-04T10:04:25Z</end></TimeSpan><styleUrl>#point</styleUrl><Point><altitudeMode>clampToGround</altitudeMode><coordinates>11.804898586124182,46.635506199672818,2301.0500000000002</coordinates></Point></Placemark><Placemark><TimeSpan><begin>2026-08-04T10:04:25Z</begin><end>2026-08-04T10:04:29Z</end></TimeSpan><styleUrl>#point</styleUrl><Point><altitudeMode>clampToGround</altitudeMode><coordinates>11.804896323010325,46.635506199672818,2302.4899999999998</coordinates></Point></Placemark><Placemark><TimeSpan><begin>2026-08-04T10:04:29Z</begin><end>2026-08-04T10:04:58Z</end></TimeSpan><styleUrl>#point</styleUrl><Point><altitudeMode>clampToGround</altitudeMode><coordinates>11.804888444021344,46.635507708415389,2302.4899999999998</coordinates></Point></Placemark><Placemark><TimeSpan><begin>2026-08-04T10:04:58Z</begin><end>2026-08-04T10:05:29Z</end></TimeSpan><styleUrl>#point</styleUrl><Point><altitudeMode>clampToGround</altitudeMode><coordinates>11.804858101531863,46.635492369532585,2301.0500000000002</coordinates></Point></Placemark><Placemark><TimeSpan><begin>2026-08-04T10:05:29Z</begin><end>2026-08-04T10:05:56Z</end></TimeSpan><styleUrl>#point</styleUrl><Point><altitudeMode>clampToGround</altitudeMode><coordinates>11.80484913289547,46.635491028428078,2301.0500000000002</coordinates></Point></Placemark><Placemark><TimeSpan><begin>2026-08-04T10:05:56Z</begin><end>2026-08-04T10:06:35Z</end></TimeSpan><styleUrl>#point</styleUrl><Point><altitudeMode>clampToGround</altitudeMode><coordinates>11.804844690486789,46.635514162480831,2301.0500000000002</coordinates></Point></Placemark><Placemark><TimeSpan><begin>2026-08-04T10:06:35Z</begin><end>2026-08-04T10:07:11Z</end></TimeSpan><styleUrl>#point</styleUrl><Point><altitudeMode>clampToGround</altitudeMode><coordinates>11.80482717230916,46.63551215082407,2301.0500000000002</coordinates></Point></Placemark><Placemark><TimeSpan><begin>2026-08-04T10:07:11Z</begin><end>2026-08-04T10:07:34Z</end></TimeSpan><styleUrl>#point</styleUrl><Point><altitudeMode>clampToGround</altitudeMode><coordinates>11.804829183965921,46.635516593232751,2301.0500000000002</coordinates></Point></Placemark><Placemark><TimeSpan><begin>2026-08-04T10:07:34Z</begin><end>2026-08-04T10:07:56Z</end></TimeSpan><styleUrl>#point</styleUrl><Point><altitudeMode>clampToGround</altitudeMode><coordinates>11.804852401837707,46.635518856346607,2301.0500000000002</coordinates></Point></Placemark><Placemark><TimeSpan><begin>2026-08-04T10:07:56Z</begin><end>2026-08-04T10:08:25Z</end></TimeSpan><styleUrl>#point</styleUrl><Point><altitudeMode>clampToGround</altitudeMode><coordinates>11.804853575304151,46.635530507192016,2301.0500000000002</coordinates></Point></Placemark><Placemark><TimeSpan><begin>2026-08-04T10:08:25Z</begin><end>2026-08-04T10:08:51Z</end></TimeSpan><styleUrl>#point</styleUrl><Point><altitudeMode>clampToGround</altitudeMode><coordinates>11.804874110966921,46.635530674830079,2301.0500000000002</coordinates></Point></Placemark><Placemark><TimeSpan><begin>2026-08-04T10:08:51Z</begin><end>2026-08-04T10:09:16Z</end></TimeSpan><styleUrl>#point</styleUrl><Point><altitudeMode>clampToGround</altitudeMode><coordinates>11.804874781519175,46.6355243884027,2301.0500000000002</coordinates></Point></Placemark><Placemark><TimeSpan><begin>2026-08-04T10:09:16Z</begin><end>2026-08-04T10:09:43Z</end></TimeSpan><styleUrl>#point</styleUrl><Point><altitudeMode>clampToGround</altitudeMode><coordinates>11.804869752377272,46.635528327897191,2301.0500000000002</coordinates></Point></Placemark><Placemark><TimeSpan><begin>2026-08-04T10:09:43Z</begin><end>2026-08-04T10:10:07Z</end></TimeSpan><styleUrl>#point</styleUrl><Point><altitudeMode>clampToGround</altitudeMode><coordinates>11.804877044633031,46.63552975282073,2301.0500000000002</coordinates></Point></Placemark><Placemark><TimeSpan><begin>2026-08-04T10:10:07Z</begin><end>2026-08-04T10:10:23Z</end></TimeSpan><styleUrl>#point</styleUrl><Point><altitudeMode>clampToGround</altitudeMode><coordinates>11.804885510355234,46.635532015934587,2301.0500000000002</coordinates></Point></Placemark><Placemark><TimeSpan><begin>2026-08-04T10:10:23Z</begin><end>2026-08-04T10:10:47Z</end></TimeSpan><styleUrl>#point</styleUrl><Point><altitudeMode>clampToGround</altitudeMode><coordinates>11.804890120401978,46.635524975135922,2301.0500000000002</coordinates></Point></Placemark><Placemark><TimeSpan><begin>2026-08-04T10:10:47Z</begin><end>2026-08-04T10:11:12Z</end></TimeSpan><styleUrl>#point</styleUrl><Point><altitudeMode>clampToGround</altitudeMode><coordinates>11.804885510355234,46.635521957650781,2301.0500000000002</coordinates></Point></Placemark><Placemark><TimeSpan><begin>2026-08-04T10:11:12Z</begin><end>2026-08-04T10:11:44Z</end></TimeSpan><styleUrl>#point</styleUrl><Point><altitudeMode>clampToGround</altitudeMode><coordinates>11.804875368252397,46.635519694536924,2300.5700000000002</coordinates></Point></Placemark><Placemark><TimeSpan><begin>2026-08-04T10:11:44Z</begin><end>2026-08-04T10:12:13Z</end></TimeSpan><styleUrl>#point</styleUrl><Point><altitudeMode>clampToGround</altitudeMode><coordinates>11.804860532283783,46.635505612939596,2300.5700000000002</coordinates></Point></Placemark><Placemark><TimeSpan><begin>2026-08-04T10:12:13Z</begin><end>2026-08-04T10:12:45Z</end></TimeSpan><styleUrl>#point</styleUrl><Point><altitudeMode>clampToGround</altitudeMode><coordinates>11.804846283048391,46.63550334982574,2302.0100000000002</coordinates></Point></Placemark><Placemark><TimeSpan><begin>2026-08-04T10:12:45Z</begin><end>2026-08-04T10:13:12Z</end></TimeSpan><styleUrl>#point</styleUrl><Point><altitudeMode>clampToGround</altitudeMode><coordinates>11.804821137338877,46.635508798062801,2302.0100000000002</coordinates></Point></Placemark><Placemark><TimeSpan><begin>2026-08-04T10:13:12Z</begin><end>2026-08-04T10:13:40Z</end></TimeSpan><styleUrl>#point</styleUrl><Point><altitudeMode>clampToGround</altitudeMode><coordinates>11.804849887266755,46.635504020377994,2302.0100000000002</coordinates></Point></Placemark><Placemark><TimeSpan><begin>2026-08-04T10:13:40Z</begin><end>2026-08-04T10:14:13Z</end></TimeSpan><styleUrl>#point</styleUrl><Point><altitudeMode>clampToGround</altitudeMode><coordinates>11.804848294705153,46.635507205501199,2302.0100000000002</coordinates></Point></Placemark><Placemark><TimeSpan><begin>2026-08-04T10:14:13Z</begin><end>2026-08-04T10:14:46Z</end></TimeSpan><styleUrl>#point</styleUrl><Point><altitudeMode>clampToGround</altitudeMode><coordinates>11.804841589182615,46.635509384796023,2302.0100000000002</coordinates></Point></Placemark><Placemark><TimeSpan><begin>2026-08-04T10:14:46Z</begin><end>2026-08-04T10:15:10Z</end></TimeSpan><styleUrl>#point</styleUrl><Point><altitudeMode>clampToGround</altitudeMode><coordinates>11.804839158430696,46.635519191622734,2302.0100000000002</coordinates></Point></Placemark><Placemark><TimeSpan><begin>2026-08-04T10:15:10Z</begin><end>2026-08-04T10:15:25Z</end></TimeSpan><styleUrl>#point</styleUrl><Point><altitudeMode>clampToGround</altitudeMode><coordinates>11.804849551990628,46.63550728932023,2302.0100000000002</coordinates></Point></Placemark><Placemark><TimeSpan><begin>2026-08-04T10:15:25Z</begin><end>2026-08-04T10:15:49Z</end></TimeSpan><styleUrl>#point</styleUrl><Point><altitudeMode>clampToGround</altitudeMode><coordinates>11.804845109581947,46.635505948215723,2302.0100000000002</coordinates></Point></Placemark><Placemark><TimeSpan><begin>2026-08-04T10:15:49Z</begin><end>2026-08-04T10:16:16Z</end></TimeSpan><styleUrl>#point</styleUrl><Point><altitudeMode>clampToGround</altitudeMode><coordinates>11.804866818711162,46.635504020377994,2302.0100000000002</coordinates></Point></Placemark><Placemark><TimeSpan><begin>2026-08-04T10:16:16Z</begin><end>2026-08-04T10:16:40Z</end></TimeSpan><styleUrl>#point</styleUrl><Point><altitudeMode>clampToGround</altitudeMode><coordinates>11.804870590567589,46.635506367310882,2302.0100000000002</coordinates></Point></Placemark><Placemark><TimeSpan><begin>2026-08-04T10:16:40Z</begin><end>2026-08-04T10:16:56Z</end></TimeSpan><styleUrl>#point</styleUrl><Point><altitudeMode>clampToGround</altitudeMode><coordinates>11.80485843680799,46.635510390624404,2302.0100000000002</coordinates></Point></Placemark><Placemark><TimeSpan><begin>2026-08-04T10:16:56Z</begin><end>2026-08-04T10:17:24Z</end></TimeSpan><styleUrl>#point</styleUrl><Point><altitudeMode>clampToGround</altitudeMode><coordinates>11.804863885045052,46.635515252128243,2302.0100000000002</coordinates></Point></Placemark><Placemark><TimeSpan><begin>2026-08-04T10:17:24Z</begin><end>2026-08-04T10:17:47Z</end></TimeSpan><styleUrl>#point</styleUrl><Point><altitudeMode>clampToGround</altitudeMode><coordinates>11.804873272776604,46.635515252128243,2302.0100000000002</coordinates></Point></Placemark><Placemark><TimeSpan><begin>2026-08-04T10:17:47Z</begin><end>2026-08-04T10:17:54Z</end></TimeSpan><styleUrl>#point</styleUrl><Point><altitudeMode>clampToGround</altitudeMode><coordinates>11.804871680215001,46.635519694536924,2300.5700000000002</coordinates></Point></Placemark><Placemark><TimeSpan><begin>2026-08-04T10:17:54Z</begin><end>2026-08-04T10:18:25Z</end></TimeSpan><styleUrl>#point</styleUrl><Point><altitudeMode>clampToGround</altitudeMode><coordinates>11.804873859509826,46.635503266006708,2300.5700000000002</coordinates></Point></Placemark><Placemark><TimeSpan><begin>2026-08-04T10:18:25Z</begin><end>2026-08-04T10:18:54Z</end></TimeSpan><styleUrl>#point</styleUrl><Point><altitudeMode>clampToGround</altitudeMode><coordinates>11.804862711578608,46.635498153045774,2300.5700000000002</coordinates></Point></Placemark><Placemark><TimeSpan><begin>2026-08-04T10:18:54Z</begin><end>2026-08-04T10:19:22Z</end></TimeSpan><styleUrl>#point</styleUrl><Point><altitudeMode>clampToGround</altitudeMode><coordinates>11.804845109581947,46.635499158874154,2300.5700000000002</coordinates></Point></Placemark><Placemark><TimeSpan><begin>2026-08-04T10:19:22Z</begin><end>2026-08-04T10:19:58Z</end></TimeSpan><styleUrl>#point</styleUrl><Point><altitudeMode>clampToGround</altitudeMode><coordinates>11.80484477430582,46.63550284691155,2300.5700000000002</coordinates></Point></Placemark><Placemark><TimeSpan><begin>2026-08-04T10:19:58Z</begin><end>2026-08-04T10:20:21Z</end></TimeSpan><styleUrl>#point</styleUrl><Point><altitudeMode>clampToGround</altitudeMode><coordinates>11.804825160652399,46.635501002892852,2300.5700000000002</coordinates></Point></Placemark><Placemark><TimeSpan><begin>2026-08-04T10:20:21Z</begin><end>2026-08-04T10:20:53Z</end></TimeSpan><styleUrl>#point</styleUrl><Point><altitudeMode>clampToGround</altitudeMode><coordinates>11.804842092096806,46.635505696758628,2300.5700000000002</coordinates></Point></Placemark><Placemark><TimeSpan><begin>2026-08-04T10:20:53Z</begin><end>2026-08-04T10:21:25Z</end></TimeSpan><styleUrl>#point</styleUrl><Point><altitudeMode>clampToGround</altitudeMode><coordinates>11.80486673489213,46.635506702587008,2301.0500000000002</coordinates></Point></Placemark><Placemark><TimeSpan><begin>2026-08-04T10:21:25Z</begin><end>2026-08-04T10:21:55Z</end></TimeSpan><styleUrl>#point</styleUrl><Point><altitudeMode>clampToGround</altitudeMode><coordinates>11.804854413494468,46.635513156652451,2301.0500000000002</coordinates></Point></Placemark><Placemark><TimeSpan><begin>2026-08-04T10:21:55Z</begin><end>2026-08-04T10:22:28Z</end></TimeSpan><styleUrl>#point</styleUrl><Point><altitudeMode>clampToGround</altitudeMode><coordinates>11.804877044633031,46.635518437251449,2302.0100000000002</coordinates></Point></Placemark><Placemark><TimeSpan><begin>2026-08-04T10:22:28Z</begin><end>2026-08-04T10:23:00Z</end></TimeSpan><styleUrl>#point</styleUrl><Point><altitudeMode>clampToGround</altitudeMode><coordinates>11.804839242249727,46.635519191622734,2302.0100000000002</coordinates></Point></Placemark><Placemark><TimeSpan><begin>2026-08-04T10:23:00Z</begin><end>2026-08-04T10:23:30Z</end></TimeSpan><styleUrl>#point</styleUrl><Point><altitudeMode>clampToGround</altitudeMode><coordinates>11.804859526455402,46.635510306805372,2302.0100000000002</coordinates></Point></Placemark><Placemark><TimeSpan><begin>2026-08-04T10:23:30Z</begin><end>2026-08-04T10:24:10Z</end></TimeSpan><styleUrl>#point</styleUrl><Point><altitudeMode>clampToGround</altitudeMode><coordinates>11.804875787347555,46.63550091907382,2302.0100000000002</coordinates></Point></Placemark><Placemark><TimeSpan><begin>2026-08-04T10:24:10Z</begin><end>2026-08-04T10:24:48Z</end></TimeSpan><styleUrl>#point</styleUrl><Point><altitudeMode>clampToGround</altitudeMode><coordinates>11.804879559203982,46.635503517463803,2302.0100000000002</coordinates></Point></Placemark><Placemark><TimeSpan><begin>2026-08-04T10:24:48Z</begin><end>2026-08-04T10:25:26Z</end></TimeSpan><styleUrl>#point</styleUrl><Point><altitudeMode>clampToGround</altitudeMode><coordinates>11.804882744327188,46.635493542999029,2301.0500000000002</coordinates></Point></Placemark><Placemark><TimeSpan><begin>2026-08-04T10:25:26Z</begin><end>2026-08-04T10:25:57Z</end></TimeSpan><styleUrl>#point</styleUrl><Point><altitudeMode>clampToGround</altitudeMode><coordinates>11.804881738498807,46.635501505807042,2301.0500000000002</coordinates></Point></Placemark><Placemark><TimeSpan><begin>2026-08-04T10:25:57Z</begin><end>2026-08-04T10:26:25Z</end></TimeSpan><styleUrl>#point</styleUrl><Point><altitudeMode>clampToGround</altitudeMode><coordinates>11.804861705750227,46.635519526898861,2301.0500000000002</coordinates></Point></Placemark><Placemark><TimeSpan><begin>2026-08-04T10:26:25Z</begin><end>2026-08-04T10:27:04Z</end></TimeSpan><styleUrl>#point</styleUrl><Point><altitudeMode>clampToGround</altitudeMode><coordinates>11.80485893972218,46.63551164790988,2302.0100000000002</coordinates></Point></Placemark><Placemark><TimeSpan><begin>2026-08-04T10:27:04Z</begin><end>2026-08-04T10:27:29Z</end></TimeSpan><styleUrl>#point</styleUrl><Point><altitudeMode>clampToGround</altitudeMode><coordinates>11.804859191179276,46.635511396452785,2302.0100000000002</coordinates></Point></Placemark><Placemark><TimeSpan><begin>2026-08-04T10:27:29Z</begin><end>2026-08-04T10:27:59Z</end></TimeSpan><styleUrl>#point</styleUrl><Point><altitudeMode>clampToGround</altitudeMode><coordinates>11.804864471778274,46.635499661788344,2302.0100000000002</coordinates></Point></Placemark><Placemark><TimeSpan><begin>2026-08-04T10:27:59Z</begin><end>2026-08-04T10:28:24Z</end></TimeSpan><styleUrl>#point</styleUrl><Point><altitudeMode>clampToGround</altitudeMode><coordinates>11.804869417101145,46.635502595454454,2302.0100000000002</coordinates></Point></Placemark><Placemark><TimeSpan><begin>2026-08-04T10:28:24Z</begin><end>2026-08-04T10:28:58Z</end></TimeSpan><styleUrl>#point</styleUrl><Point><altitudeMode>clampToGround</altitudeMode><coordinates>11.804877631366253,46.635500751435757,2302.0100000000002</coordinates></Point></Placemark><Placemark><TimeSpan><begin>2026-08-04T10:28:58Z</begin><end>2026-08-04T10:29:27Z</end></TimeSpan><styleUrl>#point</styleUrl><Point><altitudeMode>clampToGround</altitudeMode><coordinates>11.804868578910828,46.635501170530915,2302.0100000000002</coordinates></Point></Placemark><Placemark><TimeSpan><begin>2026-08-04T10:29:27Z</begin><end>2026-08-04T10:29:53Z</end></TimeSpan><styleUrl>#point</styleUrl><Point><altitudeMode>clampToGround</altitudeMode><coordinates>11.804884085431695,46.635502176359296,2302.0100000000002</coordinates></Point></Placemark><Placemark><TimeSpan><begin>2026-08-04T10:29:53Z</begin><end>2026-08-04T10:30:15Z</end></TimeSpan><styleUrl>#point</styleUrl><Point><altitudeMode>clampToGround</altitudeMode><coordinates>11.804894814267755,46.635504271835089,2302.0100000000002</coordinates></Point></Placemark><Placemark><TimeSpan><begin>2026-08-04T10:30:15Z</begin><end>2026-08-04T10:30:39Z</end></TimeSpan><styleUrl>#point</styleUrl><Point><altitudeMode>clampToGround</altitudeMode><coordinates>11.8048803973943,46.635496309027076,2301.5300000000002</coordinates></Point></Placemark><Placemark><TimeSpan><begin>2026-08-04T10:30:39Z</begin><end>2026-08-04T10:30:59Z</end></TimeSpan><styleUrl>#point</styleUrl><Point><altitudeMode>clampToGround</altitudeMode><coordinates>11.80487603880465,46.635479377582669,2301.5300000000002</coordinates></Point></Placemark><Placemark><TimeSpan><begin>2026-08-04T10:30:59Z</begin><end>2026-08-04T10:31:25Z</end></TimeSpan><styleUrl>#point</styleUrl><Point><altitudeMode>clampToGround</altitudeMode><coordinates>11.804857179522514,46.635491866618395,2300.0900000000001</coordinates></Point></Placemark><Placemark><TimeSpan><begin>2026-08-04T10:31:25Z</begin><end>2026-08-04T10:31:52Z</end></TimeSpan><styleUrl>#point</styleUrl><Point><altitudeMode>clampToGround</altitudeMode><coordinates>11.804881570860744,46.635486837476492,2300.0900000000001</coordinates></Point></Placemark><Placemark><TimeSpan><begin>2026-08-04T10:31:52Z</begin><end>2026-08-04T10:32:24Z</end></TimeSpan><styleUrl>#point</styleUrl><Point><altitudeMode>clampToGround</altitudeMode><coordinates>11.804875703528523,46.63550142198801,2300.0900000000001</coordinates></Point></Placemark><Placemark><TimeSpan><begin>2026-08-04T10:32:24Z</begin><end>2026-08-04T10:32:52Z</end></TimeSpan><styleUrl>#point</styleUrl><Point><altitudeMode>clampToGround</altitudeMode><coordinates>11.80485206656158,46.635498907417059,2300.0900000000001</coordinates></Point></Placemark><Placemark><TimeSpan><begin>2026-08-04T10:32:52Z</begin><end>2026-08-04T10:33:19Z</end></TimeSpan><styleUrl>#point</styleUrl><Point><altitudeMode>clampToGround</altitudeMode><coordinates>11.804874697700143,46.635506367310882,2300.0900000000001</coordinates></Point></Placemark><Placemark><TimeSpan><begin>2026-08-04T10:33:19Z</begin><end>2026-08-04T10:33:42Z</end></TimeSpan><styleUrl>#point</styleUrl><Point><altitudeMode>clampToGround</altitudeMode><coordinates>11.804883917793632,46.635504858568311,2300.0900000000001</coordinates></Point></Placemark><Placemark><TimeSpan><begin>2026-08-04T10:33:42Z</begin><end>2026-08-04T10:34:14Z</end></TimeSpan><styleUrl>#point</styleUrl><Point><altitudeMode>clampToGround</altitudeMode><coordinates>11.804873440414667,46.63551558740437,2301.0500000000002</coordinates></Point></Placemark><Placemark><TimeSpan><begin>2026-08-04T10:34:14Z</begin><end>2026-08-04T10:34:50Z</end></TimeSpan><styleUrl>#point</styleUrl><Point><altitudeMode>clampToGround</altitudeMode><coordinates>11.804836140945554,46.635503936558962,2301.0500000000002</coordinates></Point></Placemark><Placemark><TimeSpan><begin>2026-08-04T10:34:50Z</begin><end>2026-08-04T10:35:24Z</end></TimeSpan><styleUrl>#point</styleUrl><Point><altitudeMode>clampToGround</altitudeMode><coordinates>11.804821221157908,46.635511731728911,2301.0500000000002</coordinates></Point></Placemark><Placemark><TimeSpan><begin>2026-08-04T10:35:24Z</begin><end>2026-08-04T10:35:51Z</end></TimeSpan><styleUrl>#point</styleUrl><Point><altitudeMode>clampToGround</altitudeMode><coordinates>11.804822310805321,46.63551215082407,2301.0500000000002</coordinates></Point></Placemark><Placemark><TimeSpan><begin>2026-08-04T10:35:51Z</begin><end>2026-08-04T10:36:22Z</end></TimeSpan><styleUrl>#point</styleUrl><Point><altitudeMode>clampToGround</altitudeMode><coordinates>11.804838823154569,46.635509300976992,2301.5300000000002</coordinates></Point></Placemark><Placemark><TimeSpan><begin>2026-08-04T10:36:22Z</begin><end>2026-08-04T10:36:55Z</end></TimeSpan><styleUrl>#point</styleUrl><Point><altitudeMode>clampToGround</altitudeMode><coordinates>11.804770678281784,46.635501086711884,2300.5700000000002</coordinates></Point></Placemark><Placemark><TimeSpan><begin>2026-08-04T10:36:55Z</begin><end>2026-08-04T10:37:26Z</end></TimeSpan><styleUrl>#point</styleUrl><Point><altitudeMode>clampToGround</altitudeMode><coordinates>11.804779311642051,46.635498069226742,2300.5700000000002</coordinates></Point></Placemark><Placemark><TimeSpan><begin>2026-08-04T10:37:26Z</begin><end>2026-08-04T10:37:58Z</end></TimeSpan><styleUrl>#point</styleUrl><Point><altitudeMode>clampToGround</altitudeMode><coordinates>11.804823148995638,46.635508798062801,2301.5300000000002</coordinates></Point></Placemark><Placemark><TimeSpan><begin>2026-08-04T10:37:58Z</begin><end>2026-08-04T10:38:34Z</end></TimeSpan><styleUrl>#point</styleUrl><Point><altitudeMode>clampToGround</altitudeMode><coordinates>11.80484720505774,46.635500583797693,2301.5300000000002</coordinates></Point></Placemark><Placemark><TimeSpan><begin>2026-08-04T10:38:34Z</begin><end>2026-08-04T10:39:09Z</end></TimeSpan><styleUrl>#point</styleUrl><Point><altitudeMode>clampToGround</altitudeMode><coordinates>11.804825663566589,46.635504690930247,2302.0100000000002</coordinates></Point></Placemark><Placemark><TimeSpan><begin>2026-08-04T10:39:09Z</begin><end>2026-08-04T10:39:34Z</end></TimeSpan><styleUrl>#point</styleUrl><Point><altitudeMode>clampToGround</altitudeMode><coordinates>11.804837733507156,46.635502176359296,2302.0100000000002</coordinates></Point></Placemark><Placemark><TimeSpan><begin>2026-08-04T10:39:34Z</begin><end>2026-08-04T10:40:02Z</end></TimeSpan><styleUrl>#point</styleUrl><Point><altitudeMode>clampToGround</altitudeMode><coordinates>11.804842762649059,46.635495219379663,2302.0100000000002</coordinates></Point></Placemark><Placemark><TimeSpan><begin>2026-08-04T10:40:02Z</begin><end>2026-08-04T10:40:34Z</end></TimeSpan><styleUrl>#point</styleUrl><Point><altitudeMode>clampToGround</altitudeMode><coordinates>11.804842930287123,46.635505864396691,2302.0100000000002</coordinates></Point></Placemark><Placemark><TimeSpan><begin>2026-08-04T10:40:34Z</begin><end>2026-08-04T10:41:01Z</end></TimeSpan><styleUrl>#point</styleUrl><Point><altitudeMode>clampToGround</altitudeMode><coordinates>11.804846031591296,46.635501841083169,2302.0100000000002</coordinates></Point></Placemark><Placemark><TimeSpan><begin>2026-08-04T10:41:01Z</begin><end>2026-08-04T10:41:23Z</end></TimeSpan><styleUrl>#point</styleUrl><Point><altitudeMode>clampToGround</altitudeMode><coordinates>11.804854329675436,46.635502763092518,2302.0100000000002</coordinates></Point></Placemark><Placemark><TimeSpan><begin>2026-08-04T10:41:23Z</begin><end>2026-08-04T10:41:48Z</end></TimeSpan><styleUrl>#point</styleUrl><Point><altitudeMode>clampToGround</altitudeMode><coordinates>11.804858017712831,46.635495470836759,2302.0100000000002</coordinates></Point></Placemark><Placemark><TimeSpan><begin>2026-08-04T10:41:48Z</begin><end>2026-08-04T10:42:02Z</end></TimeSpan><styleUrl>#point</styleUrl><Point><altitudeMode>clampToGround</altitudeMode><coordinates>11.804862627759576,46.635495219379663,2301.5300000000002</coordinates></Point></Placemark><Placemark><TimeSpan><begin>2026-08-04T10:42:02Z</begin><end>2026-08-04T10:42:20Z</end></TimeSpan><styleUrl>#point</styleUrl><Point><altitudeMode>clampToGround</altitudeMode><coordinates>11.804863046854734,46.635493123903871,2301.5300000000002</coordinates></Point></Placemark><Placemark><TimeSpan><begin>2026-08-04T10:42:20Z</begin><end>2026-08-04T10:42:40Z</end></TimeSpan><styleUrl>#point</styleUrl><Point><altitudeMode>clampToGround</altitudeMode><coordinates>11.804852820932865,46.635489854961634,2301.5300000000002</coordinates></Point></Placemark><Placemark><TimeSpan><begin>2026-08-04T10:42:40Z</begin><end>2026-08-04T10:43:13Z</end></TimeSpan><styleUrl>#point</styleUrl><Point><altitudeMode>clampToGround</altitudeMode><coordinates>11.804849300533533,46.635495470836759,2301.5300000000002</coordinates></Point></Placemark><Placemark><TimeSpan><begin>2026-08-04T10:43:13Z</begin><end>2026-08-04T10:43:34Z</end></TimeSpan><styleUrl>#point</styleUrl><Point><altitudeMode>clampToGround</altitudeMode><coordinates>11.804845109581947,46.635489352047443,2301.5300000000002</coordinates></Point></Placemark><Placemark><TimeSpan><begin>2026-08-04T10:43:34Z</begin><end>2026-08-04T10:43:57Z</end></TimeSpan><styleUrl>#point</styleUrl><Point><altitudeMode>clampToGround</altitudeMode><coordinates>11.804853491485119,46.635480048134923,2300.5700000000002</coordinates></Point></Placemark><Placemark><TimeSpan><begin>2026-08-04T10:43:57Z</begin><end>2026-08-04T10:44:22Z</end></TimeSpan><styleUrl>#point</styleUrl><Point><altitudeMode>clampToGround</altitudeMode><coordinates>11.804856676608324,46.635479712858796,2300.5700000000002</coordinates></Point></Placemark><Placemark><TimeSpan><begin>2026-08-04T10:44:22Z</begin><end>2026-08-04T10:44:39Z</end></TimeSpan><styleUrl>#point</styleUrl><Point><altitudeMode>clampToGround</altitudeMode><coordinates>11.804864052683115,46.635484658181667,2300.5700000000002</coordinates></Point></Placemark><Placemark><TimeSpan><begin>2026-08-04T10:44:39Z</begin><end>2026-08-04T10:45:02Z</end></TimeSpan><styleUrl>#point</styleUrl><Point><altitudeMode>clampToGround</altitudeMode><coordinates>11.804856760427356,46.635503936558962,2300.5700000000002</coordinates></Point></Placemark><Placemark><TimeSpan><begin>2026-08-04T10:45:02Z</begin><end>2026-08-04T10:45:21Z</end></TimeSpan><styleUrl>#point</styleUrl><Point><altitudeMode>clampToGround</altitudeMode><coordinates>11.804851228371263,46.635496392846107,2300.5700000000002</coordinates></Point></Placemark><Placemark><TimeSpan><begin>2026-08-04T10:45:21Z</begin><end>2026-08-04T10:45:39Z</end></TimeSpan><styleUrl>#point</styleUrl><Point><altitudeMode>clampToGround</altitudeMode><coordinates>11.804837817326188,46.635497231036425,2300.5700000000002</coordinates></Point></Placemark><Placemark><TimeSpan><begin>2026-08-04T10:45:39Z</begin><end>2026-08-04T10:46:05Z</end></TimeSpan><styleUrl>#point</styleUrl><Point><altitudeMode>clampToGround</altitudeMode><coordinates>11.804845109581947,46.635489352047443,2300.5700000000002</coordinates></Point></Placemark><Placemark><TimeSpan><begin>2026-08-04T10:46:05Z</begin><end>2026-08-04T10:46:29Z</end></TimeSpan><styleUrl>#point</styleUrl><Point><altitudeMode>clampToGround</altitudeMode><coordinates>11.804837482050061,46.635495973750949,2300.0900000000001</coordinates></Point></Placemark><Placemark><TimeSpan><begin>2026-08-04T10:46:29Z</begin><end>2026-08-04T10:46:53Z</end></TimeSpan><styleUrl>#point</styleUrl><Point><altitudeMode>clampToGround</altitudeMode><coordinates>11.804846953600645,46.635494884103537,2300.0900000000001</coordinates></Point></Placemark><Placemark><TimeSpan><begin>2026-08-04T10:46:53Z</begin><end>2026-08-04T10:47:15Z</end></TimeSpan><styleUrl>#point</styleUrl><Point><altitudeMode>clampToGround</altitudeMode><coordinates>11.804861454293132,46.6354984883219,2300.0900000000001</coordinates></Point></Placemark><Placemark><TimeSpan><begin>2026-08-04T10:47:15Z</begin><end>2026-08-04T10:47:40Z</end></TimeSpan><styleUrl>#point</styleUrl><Point><altitudeMode>clampToGround</altitudeMode><coordinates>11.804869081825018,46.635502511635423,2300.0900000000001</coordinates></Point></Placemark><Placemark><TimeSpan><begin>2026-08-04T10:47:40Z</begin><end>2026-08-04T10:48:03Z</end></TimeSpan><styleUrl>#point</styleUrl><Point><altitudeMode>clampToGround</altitudeMode><coordinates>11.804839745163918,46.635497314855456,2300.0900000000001</coordinates></Point></Placemark><Placemark><TimeSpan><begin>2026-08-04T10:48:03Z</begin><end>2026-08-04T10:48:24Z</end></TimeSpan><styleUrl>#point</styleUrl><Point><altitudeMode>clampToGround</altitudeMode><coordinates>11.804825160652399,46.635497817769647,2300.0900000000001</coordinates></Point></Placemark><Placemark><TimeSpan><begin>2026-08-04T10:48:24Z</begin><end>2026-08-04T10:48:45Z</end></TimeSpan><styleUrl>#point</styleUrl><Point><altitudeMode>clampToGround</altitudeMode><coordinates>11.804852318018675,46.635495889931917,2300.0900000000001</coordinates></Point></Placemark><Placemark><TimeSpan><begin>2026-08-04T10:48:45Z</begin><end>2026-08-04T10:49:08Z</end></TimeSpan><styleUrl>#point</styleUrl><Point><altitudeMode>clampToGround</altitudeMode><coordinates>11.804856425151229,46.635487256571651,2300.0900000000001</coordinates></Point></Placemark><Placemark><TimeSpan><begin>2026-08-04T10:49:08Z</begin><end>2026-08-04T10:49:29Z</end></TimeSpan><styleUrl>#point</styleUrl><Point><altitudeMode>clampToGround</altitudeMode><coordinates>11.804860699921846,46.635488346219063,2300.0900000000001</coordinates></Point></Placemark><Placemark><TimeSpan><begin>2026-08-04T10:49:29Z</begin><end>2026-08-04T10:49:55Z</end></TimeSpan><styleUrl>#point</styleUrl><Point><altitudeMode>clampToGround</altitudeMode><coordinates>11.804869752377272,46.635491531342268,2300.0900000000001</coordinates></Point></Placemark><Placemark><TimeSpan><begin>2026-08-04T10:49:55Z</begin><end>2026-08-04T10:50:16Z</end></TimeSpan><styleUrl>#point</styleUrl><Point><altitudeMode>clampToGround</altitudeMode><coordinates>11.804872266948223,46.6354950517416,2300.0900000000001</coordinates></Point></Placemark><Placemark><TimeSpan><begin>2026-08-04T10:50:16Z</begin><end>2026-08-04T10:50:47Z</end></TimeSpan><styleUrl>#point</styleUrl><Point><altitudeMode>clampToGround</altitudeMode><coordinates>11.804846115410328,46.635490106418729,2300.0900000000001</coordinates></Point></Placemark><Placemark><TimeSpan><begin>2026-08-04T10:50:47Z</begin><end>2026-08-04T10:51:06Z</end></TimeSpan><styleUrl>#point</styleUrl><Point><altitudeMode>clampToGround</altitudeMode><coordinates>11.804834380745888,46.6354916151613,2300.0900000000001</coordinates></Point></Placemark><Placemark><TimeSpan><begin>2026-08-04T10:51:06Z</begin><end>2026-08-04T10:51:23Z</end></TimeSpan><styleUrl>#point</styleUrl><Point><altitudeMode>clampToGround</altitudeMode><coordinates>11.804833374917507,46.635492285713553,2300.0900000000001</coordinates></Point></Placemark><Placemark><TimeSpan><begin>2026-08-04T10:51:23Z</begin><end>2026-08-04T10:51:44Z</end></TimeSpan><styleUrl>#point</styleUrl><Point><altitudeMode>clampToGround</altitudeMode><coordinates>11.804832033813,46.635498739778996,2300.0900000000001</coordinates></Point></Placemark><Placemark><TimeSpan><begin>2026-08-04T10:51:44Z</begin><end>2026-08-04T10:52:01Z</end></TimeSpan><styleUrl>#point</styleUrl><Point><altitudeMode>clampToGround</altitudeMode><coordinates>11.804834129288793,46.635500835254788,2300.0900000000001</coordinates></Point></Placemark><Placemark><TimeSpan><begin>2026-08-04T10:52:01Z</begin><end>2026-08-04T10:52:18Z</end></TimeSpan><styleUrl>#point</styleUrl><Point><altitudeMode>clampToGround</altitudeMode><coordinates>11.804839661344886,46.635490609332919,2300.0900000000001</coordinates></Point></Placemark><Placemark><TimeSpan><begin>2026-08-04T10:52:18Z</begin><end>2026-08-04T10:52:42Z</end></TimeSpan><styleUrl>#point</styleUrl><Point><altitudeMode>clampToGround</altitudeMode><coordinates>11.804859358817339,46.635490274056792,2300.0900000000001</coordinates></Point></Placemark><Placemark><TimeSpan><begin>2026-08-04T10:52:42Z</begin><end>2026-08-04T10:53:07Z</end></TimeSpan><styleUrl>#point</styleUrl><Point><altitudeMode>clampToGround</altitudeMode><coordinates>11.804873691871762,46.635503768920898,2300.0900000000001</coordinates></Point></Placemark><Placemark><TimeSpan><begin>2026-08-04T10:53:07Z</begin><end>2026-08-04T10:53:31Z</end></TimeSpan><styleUrl>#point</styleUrl><Point><altitudeMode>clampToGround</altitudeMode><coordinates>11.804861202836037,46.635501505807042,2300.0900000000001</coordinates></Point></Placemark><Placemark><TimeSpan><begin>2026-08-04T10:53:31Z</begin><end>2026-08-04T10:53:51Z</end></TimeSpan><styleUrl>#point</styleUrl><Point><altitudeMode>clampToGround</altitudeMode><coordinates>11.804859945550561,46.635514413937926,2300.0900000000001</coordinates></Point></Placemark><Placemark><TimeSpan><begin>2026-08-04T10:53:51Z</begin><end>2026-08-04T10:54:12Z</end></TimeSpan><styleUrl>#point</styleUrl><Point><altitudeMode>clampToGround</altitudeMode><coordinates>11.804860616102815,46.635509300976992,2300.0900000000001</coordinates></Point></Placemark><Placemark><TimeSpan><begin>2026-08-04T10:54:12Z</begin><end>2026-08-04T10:54:41Z</end></TimeSpan><styleUrl>#point</styleUrl><Point><altitudeMode>clampToGround</altitudeMode><coordinates>11.804856425151229,46.63549991324544,2300.0900000000001</coordinates></Point></Placemark><Placemark><TimeSpan><begin>2026-08-04T10:54:41Z</begin><end>2026-08-04T10:55:07Z</end></TimeSpan><styleUrl>#point</styleUrl><Point><altitudeMode>clampToGround</altitudeMode><coordinates>11.804830189794302,46.63551801815629,2300.0900000000001</coordinates></Point></Placemark><Placemark><TimeSpan><begin>2026-08-04T10:55:07Z</begin><end>2026-08-04T10:55:39Z</end></TimeSpan><styleUrl>#point</styleUrl><Point><altitudeMode>clampToGround</altitudeMode><coordinates>11.804836643859744,46.635496476665139,2300.0900000000001</coordinates></Point></Placemark><Placemark><TimeSpan><begin>2026-08-04T10:55:39Z</begin><end>2026-08-04T10:56:10Z</end></TimeSpan><styleUrl>#point</styleUrl><Point><altitudeMode>clampToGround</altitudeMode><coordinates>11.804859274998307,46.635484658181667,2300.0900000000001</coordinates></Point></Placemark><Placemark><TimeSpan><begin>2026-08-04T10:56:10Z</begin><end>2026-08-04T10:56:30Z</end></TimeSpan><styleUrl>#point</styleUrl><Point><altitudeMode>clampToGround</altitudeMode><coordinates>11.804871512576938,46.635498739778996,2300.5700000000002</coordinates></Point></Placemark><Placemark><TimeSpan><begin>2026-08-04T10:56:30Z</begin><end>2026-08-04T10:56:52Z</end></TimeSpan><styleUrl>#point</styleUrl><Point><altitudeMode>clampToGround</altitudeMode><coordinates>11.804895484820008,46.635500835254788,2300.5700000000002</coordinates></Point></Placemark><Placemark><TimeSpan><begin>2026-08-04T10:56:52Z</begin><end>2026-08-04T10:57:16Z</end></TimeSpan><styleUrl>#point</styleUrl><Point><altitudeMode>clampToGround</altitudeMode><coordinates>11.804917110130191,46.635500164702535,2300.5700000000002</coordinates></Point></Placemark><Placemark><TimeSpan><begin>2026-08-04T10:57:16Z</begin><end>2026-08-04T10:57:39Z</end></TimeSpan><styleUrl>#point</styleUrl><Point><altitudeMode>clampToGround</altitudeMode><coordinates>11.80489556863904,46.635510055348277,2300.0900000000001</coordinates></Point></Placemark><Placemark><TimeSpan><begin>2026-08-04T10:57:39Z</begin><end>2026-08-04T10:58:03Z</end></TimeSpan><styleUrl>#point</styleUrl><Point><altitudeMode>clampToGround</altitudeMode><coordinates>11.804878218099475,46.635517179965973,2300.0900000000001</coordinates></Point></Placemark><Placemark><TimeSpan><begin>2026-08-04T10:58:03Z</begin><end>2026-08-04T10:58:30Z</end></TimeSpan><styleUrl>#point</styleUrl><Point><altitudeMode>clampToGround</altitudeMode><coordinates>11.804883414879441,46.635497733950615,2300.0900000000001</coordinates></Point></Placemark><Placemark><TimeSpan><begin>2026-08-04T10:58:30Z</begin><end>2026-08-04T10:58:57Z</end></TimeSpan><styleUrl>#point</styleUrl><Point><altitudeMode>clampToGround</altitudeMode><coordinates>11.80485256947577,46.635507456958294,2300.0900000000001</coordinates></Point></Placemark><Placemark><TimeSpan><begin>2026-08-04T10:58:57Z</begin><end>2026-08-04T10:59:20Z</end></TimeSpan><styleUrl>#point</styleUrl><Point><altitudeMode>clampToGround</altitudeMode><coordinates>11.804856676608324,46.635506618767977,2300.0900000000001</coordinates></Point></Placemark><Placemark><TimeSpan><begin>2026-08-04T10:59:20Z</begin><end>2026-08-04T10:59:40Z</end></TimeSpan><styleUrl>#point</styleUrl><Point><altitudeMode>clampToGround</altitudeMode><coordinates>11.804860616102815,46.635509552434087,2300.0900000000001</coordinates></Point></Placemark><Placemark><TimeSpan><begin>2026-08-04T10:59:40Z</begin><end>2026-08-04T11:00:07Z</end></TimeSpan><styleUrl>#point</styleUrl><Point><altitudeMode>clampToGround</altitudeMode><coordinates>11.804865226149559,46.635513156652451,2300.0900000000001</coordinates></Point></Placemark><Placemark><TimeSpan><begin>2026-08-04T11:00:07Z</begin><end>2026-08-04T11:00:32Z</end></TimeSpan><styleUrl>#point</styleUrl><Point><altitudeMode>clampToGround</altitudeMode><coordinates>11.804867824539542,46.635521035641432,2299.6100000000001</coordinates></Point></Placemark><Placemark><TimeSpan><begin>2026-08-04T11:00:32Z</begin><end>2026-08-04T11:00:56Z</end></TimeSpan><styleUrl>#point</styleUrl><Point><altitudeMode>clampToGround</altitudeMode><coordinates>11.804886097088456,46.635489268228412,2299.6100000000001</coordinates></Point></Placemark><Placemark><TimeSpan><begin>2026-08-04T11:00:56Z</begin><end>2026-08-04T11:01:18Z</end></TimeSpan><styleUrl>#point</styleUrl><Point><altitudeMode>clampToGround</altitudeMode><coordinates>11.804895149543881,46.635481556877494,2299.6100000000001</coordinates></Point></Placemark><Placemark><TimeSpan><begin>2026-08-04T11:01:18Z</begin><end>2026-08-04T11:01:33Z</end></TimeSpan><styleUrl>#point</styleUrl><Point><altitudeMode>clampToGround</altitudeMode><coordinates>11.804872937500477,46.635471750050783,2301.0500000000002</coordinates></Point></Placemark><Placemark><TimeSpan><begin>2026-08-04T11:01:33Z</begin><end>2026-08-04T11:01:46Z</end></TimeSpan><styleUrl>#point</styleUrl><Point><altitudeMode>clampToGround</altitudeMode><coordinates>11.804881654679775,46.635475773364305,2301.0500000000002</coordinates></Point></Placemark><Placemark><TimeSpan><begin>2026-08-04T11:01:46Z</begin><end>2026-08-04T11:01:57Z</end></TimeSpan><styleUrl>#point</styleUrl><Point><altitudeMode>clampToGround</altitudeMode><coordinates>11.804809151217341,46.635456830263138,2301.0500000000002</coordinates></Point></Placemark><Placemark><TimeSpan><begin>2026-08-04T11:01:57Z</begin><end>2026-08-04T11:02:08Z</end></TimeSpan><styleUrl>#point</styleUrl><Point><altitudeMode>clampToGround</altitudeMode><coordinates>11.804636735469103,46.635496811941266,2299.6100000000001</coordinates></Point></Placemark><Placemark><TimeSpan><begin>2026-08-04T11:02:08Z</begin><end>2026-08-04T11:02:22Z</end></TimeSpan><styleUrl>#point</styleUrl><Point><altitudeMode>clampToGround</altitudeMode><coordinates>11.804483095183969,46.635422464460135,2298.1700000000001</coordinates></Point></Placemark><Placemark><TimeSpan><begin>2026-08-04T11:02:22Z</begin><end>2026-08-04T11:02:33Z</end></TimeSpan><styleUrl>#point</styleUrl><Point><altitudeMode>clampToGround</altitudeMode><coordinates>11.804480832070112,46.635406371206045,2298.1700000000001</coordinates></Point></Placemark><Placemark><TimeSpan><begin>2026-08-04T11:02:33Z</begin><end>2026-08-04T11:02:52Z</end></TimeSpan><styleUrl>#point</styleUrl><Point><altitudeMode>clampToGround</altitudeMode><coordinates>11.804485442116857,46.635413579642773,2298.1700000000001</coordinates></Point></Placemark><Placemark><TimeSpan><begin>2026-08-04T11:02:52Z</begin><end>2026-08-04T11:03:04Z</end></TimeSpan><styleUrl>#point</styleUrl><Point><altitudeMode>clampToGround</altitudeMode><coordinates>11.804470270872116,46.635421542450786,2298.1700000000001</coordinates></Point></Placemark><Placemark><TimeSpan><begin>2026-08-04T11:03:04Z</begin><end>2026-08-04T11:03:20Z</end></TimeSpan><styleUrl>#point</styleUrl><Point><altitudeMode>clampToGround</altitudeMode><coordinates>11.804518802091479,46.635435959324241,2298.1700000000001</coordinates></Point></Placemark><Placemark><TimeSpan><begin>2026-08-04T11:03:20Z</begin><end>2026-08-04T11:03:30Z</end></TimeSpan><styleUrl>#point</styleUrl><Point><altitudeMode>clampToGround</altitudeMode><coordinates>11.804600860923529,46.635475689545274,2298.1700000000001</coordinates></Point></Placemark><Placemark><TimeSpan><begin>2026-08-04T11:03:30Z</begin><end>2026-08-04T11:03:40Z</end></TimeSpan><styleUrl>#point</styleUrl><Point><altitudeMode>clampToGround</altitudeMode><coordinates>11.804712507873774,46.635462529957294,2299.6100000000001</coordinates></Point></Placemark><Placemark><TimeSpan><begin>2026-08-04T11:03:40Z</begin><end>2026-08-04T11:03:49Z</end></TimeSpan><styleUrl>#point</styleUrl><Point><altitudeMode>clampToGround</altitudeMode><coordinates>11.804827423766255,46.63544031791389,2300.5700000000002</coordinates></Point></Placemark><Placemark><TimeSpan><begin>2026-08-04T11:03:49Z</begin><end>2026-08-04T11:03:56Z</end></TimeSpan><styleUrl>#point</styleUrl><Point><altitudeMode>clampToGround</altitudeMode><coordinates>11.804906129837036,46.635404443368316,2301.0500000000002</coordinates></Point></Placemark><Placemark><TimeSpan><begin>2026-08-04T11:03:56Z</begin><end>2026-08-04T11:04:10Z</end></TimeSpan><styleUrl>#point</styleUrl><Point><altitudeMode>clampToGround</altitudeMode><coordinates>11.805020123720169,46.63526932708919,2301.0500000000002</coordinates></Point></Placemark><Placemark><TimeSpan><begin>2026-08-04T11:04:10Z</begin><end>2026-08-04T11:04:16Z</end></TimeSpan><styleUrl>#point</styleUrl><Point><altitudeMode>clampToGround</altitudeMode><coordinates>11.805106122046709,46.635242504999042,2299.6100000000001</coordinates></Point></Placemark><Placemark><TimeSpan><begin>2026-08-04T11:04:16Z</begin><end>2026-08-04T11:04:29Z</end></TimeSpan><styleUrl>#point</styleUrl><Point><altitudeMode>clampToGround</altitudeMode><coordinates>11.80530016310513,46.635189866647124,2299.6100000000001</coordinates></Point></Placemark><Placemark><TimeSpan><begin>2026-08-04T11:04:29Z</begin><end>2026-08-04T11:04:42Z</end></TimeSpan><styleUrl>#point</styleUrl><Point><altitudeMode>clampToGround</altitudeMode><coordinates>11.805493114516139,46.635141167789698,2299.6100000000001</coordinates></Point></Placemark><Placemark><TimeSpan><begin>2026-08-04T11:04:42Z</begin><end>2026-08-04T11:04:45Z</end></TimeSpan><styleUrl>#point</styleUrl><Point><altitudeMode>clampToGround</altitudeMode><coordinates>11.805534604936838,46.635126834735274,2301.0500000000002</coordinates></Point></Placemark><Placemark><TimeSpan><begin>2026-08-04T11:04:45Z</begin><end>2026-08-04T11:04:55Z</end></TimeSpan><styleUrl>#point</styleUrl><Point><altitudeMode>clampToGround</altitudeMode><coordinates>11.80559285916388,46.635129349306226,2302.0100000000002</coordinates></Point></Placemark><Placemark><TimeSpan><begin>2026-08-04T11:04:55Z</begin><end>2026-08-04T11:05:04Z</end></TimeSpan><styleUrl>#point</styleUrl><Point><altitudeMode>clampToGround</altitudeMode><coordinates>11.805580370128155,46.635128427296877,2302.4899999999998</coordinates></Point></Placemark><Placemark><TimeSpan><begin>2026-08-04T11:05:04Z</begin><end>2026-08-04T11:05:26Z</end></TimeSpan><styleUrl>#point</styleUrl><Point><altitudeMode>clampToGround</altitudeMode><coordinates>11.805570144206285,46.635136809200048,2302.4899999999998</coordinates></Point></Placemark><Placemark><TimeSpan><begin>2026-08-04T11:05:26Z</begin><end>2026-08-04T11:05:43Z</end></TimeSpan><styleUrl>#point</styleUrl><Point><altitudeMode>clampToGround</altitudeMode><coordinates>11.805569054558873,46.635128762573004,2302.4899999999998</coordinates></Point></Placemark><Placemark><TimeSpan><begin>2026-08-04T11:05:43Z</begin><end>2026-08-04T11:05:59Z</end></TimeSpan><styleUrl>#point</styleUrl><Point><altitudeMode>clampToGround</altitudeMode><coordinates>11.805570060387254,46.635133288800716,2302.4899999999998</coordinates></Point></Placemark><Placemark><TimeSpan><begin>2026-08-04T11:05:59Z</begin><end>2026-08-04T11:06:07Z</end></TimeSpan><styleUrl>#point</styleUrl><Point><altitudeMode>clampToGround</altitudeMode><coordinates>11.805570814758539,46.635127756744623,2302.4899999999998</coordinates></Point></Placemark><Placemark><TimeSpan><begin>2026-08-04T11:06:07Z</begin><end>2026-08-04T11:06:26Z</end></TimeSpan><styleUrl>#point</styleUrl><Point><altitudeMode>clampToGround</altitudeMode><coordinates>11.805580370128155,46.635124403983355,2302.4899999999998</coordinates></Point></Placemark><Placemark><TimeSpan><begin>2026-08-04T11:06:26Z</begin><end>2026-08-04T11:06:43Z</end></TimeSpan><styleUrl>#point</styleUrl><Point><altitudeMode>clampToGround</altitudeMode><coordinates>11.805581292137504,46.635128678753972,2302.4899999999998</coordinates></Point></Placemark><Placemark><TimeSpan><begin>2026-08-04T11:06:43Z</begin><end>2026-08-04T11:06:57Z</end></TimeSpan><styleUrl>#point</styleUrl><Point><altitudeMode>clampToGround</altitudeMode><coordinates>11.805576430633664,46.635126164183021,2302.4899999999998</coordinates></Point></Placemark><Placemark><TimeSpan><begin>2026-08-04T11:06:57Z</begin><end>2026-08-04T11:07:12Z</end></TimeSpan><styleUrl>#point</styleUrl><Point><altitudeMode>clampToGround</altitudeMode><coordinates>11.805591434240341,46.635134210810065,2302.4899999999998</coordinates></Point></Placemark><Placemark><TimeSpan><begin>2026-08-04T11:07:12Z</begin><end>2026-08-04T11:07:23Z</end></TimeSpan><styleUrl>#point</styleUrl><Point><altitudeMode>clampToGround</altitudeMode><coordinates>11.805627727881074,46.635114010423422,2302.4899999999998</coordinates></Point></Placemark><Placemark><TimeSpan><begin>2026-08-04T11:07:23Z</begin><end>2026-08-04T11:07:28Z</end></TimeSpan><styleUrl>#point</styleUrl><Point><altitudeMode>clampToGround</altitudeMode><coordinates>11.805695621296763,46.635083584114909,2302.4899999999998</coordinates></Point></Placemark><Placemark><TimeSpan><begin>2026-08-04T11:07:28Z</begin><end>2026-08-04T11:07:41Z</end></TimeSpan><styleUrl>#point</styleUrl><Point><altitudeMode>clampToGround</altitudeMode><coordinates>11.805847082287073,46.635011835023761,2304.9000000000001</coordinates></Point></Placemark><Placemark><TimeSpan><begin>2026-08-04T11:07:41Z</begin><end>2026-08-04T11:07:54Z</end></TimeSpan><styleUrl>#point</styleUrl><Point><altitudeMode>clampToGround</altitudeMode><coordinates>11.805974487215281,46.634946204721928,2306.8200000000002</coordinates></Point></Placemark><Placemark><TimeSpan><begin>2026-08-04T11:07:54Z</begin><end>2026-08-04T11:08:05Z</end></TimeSpan><styleUrl>#point</styleUrl><Point><altitudeMode>clampToGround</altitudeMode><coordinates>11.806032909080386,46.634896583855152,2308.7399999999998</coordinates></Point></Placemark><Placemark><TimeSpan><begin>2026-08-04T11:08:05Z</begin><end>2026-08-04T11:08:16Z</end></TimeSpan><styleUrl>#point</styleUrl><Point><altitudeMode>clampToGround</altitudeMode><coordinates>11.806123349815607,46.634864397346973,2310.1900000000001</coordinates></Point></Placemark><Placemark><TimeSpan><begin>2026-08-04T11:08:16Z</begin><end>2026-08-04T11:08:26Z</end></TimeSpan><styleUrl>#point</styleUrl><Point><altitudeMode>clampToGround</altitudeMode><coordinates>11.806193757802248,46.634841430932283,2312.1100000000001</coordinates></Point></Placemark><Placemark><TimeSpan><begin>2026-08-04T11:08:26Z</begin><end>2026-08-04T11:08:37Z</end></TimeSpan><styleUrl>#point</styleUrl><Point><altitudeMode>clampToGround</altitudeMode><coordinates>11.806293502449989,46.634804382920265,2313.5500000000002</coordinates></Point></Placemark><Placemark><TimeSpan><begin>2026-08-04T11:08:37Z</begin><end>2026-08-04T11:08:48Z</end></TimeSpan><styleUrl>#point</styleUrl><Point><altitudeMode>clampToGround</altitudeMode><coordinates>11.806405233219266,46.634758785367012,2315.4699999999998</coordinates></Point></Placemark><Placemark><TimeSpan><begin>2026-08-04T11:08:48Z</begin><end>2026-08-04T11:09:00Z</end></TimeSpan><styleUrl>#point</styleUrl><Point><altitudeMode>clampToGround</altitudeMode><coordinates>11.80643817409873,46.634742692112923,2316.4299999999998</coordinates></Point></Placemark><Placemark><TimeSpan><begin>2026-08-04T11:09:00Z</begin><end>2026-08-04T11:09:15Z</end></TimeSpan><styleUrl>#point</styleUrl><Point><altitudeMode>clampToGround</altitudeMode><coordinates>11.806474216282368,46.634722072631121,2316.4299999999998</coordinates></Point></Placemark><Placemark><TimeSpan><begin>2026-08-04T11:09:15Z</begin><end>2026-08-04T11:09:26Z</end></TimeSpan><styleUrl>#point</styleUrl><Point><altitudeMode>clampToGround</altitudeMode><coordinates>11.806554850190878,46.634708913043141,2317.4000000000001</coordinates></Point></Placemark><Placemark><TimeSpan><begin>2026-08-04T11:09:26Z</begin><end>2026-08-04T11:09:37Z</end></TimeSpan><styleUrl>#point</styleUrl><Point><altitudeMode>clampToGround</altitudeMode><coordinates>11.806628359481692,46.634674714878201,2319.3200000000002</coordinates></Point></Placemark><Placemark><TimeSpan><begin>2026-08-04T11:09:37Z</begin><end>2026-08-04T11:09:48Z</end></TimeSpan><styleUrl>#point</styleUrl><Point><altitudeMode>clampToGround</altitudeMode><coordinates>11.806718884035945,46.634649652987719,2320.7600000000002</coordinates></Point></Placemark><Placemark><TimeSpan><begin>2026-08-04T11:09:48Z</begin><end>2026-08-04T11:09:58Z</end></TimeSpan><styleUrl>#point</styleUrl><Point><altitudeMode>clampToGround</altitudeMode><coordinates>11.806784179061651,46.63462626747787,2322.6799999999998</coordinates></Point></Placemark><Placemark><TimeSpan><begin>2026-08-04T11:09:58Z</begin><end>2026-08-04T11:10:09Z</end></TimeSpan><styleUrl>#point</styleUrl><Point><altitudeMode>clampToGround</altitudeMode><coordinates>11.806887108832598,46.634607156738639,2324.1199999999999</coordinates></Point></Placemark><Placemark><TimeSpan><begin>2026-08-04T11:10:09Z</begin><end>2026-08-04T11:10:19Z</end></TimeSpan><styleUrl>#point</styleUrl><Point><altitudeMode>clampToGround</altitudeMode><coordinates>11.806963048875332,46.634580250829458,2326.0500000000002</coordinates></Point></Placemark><Placemark><TimeSpan><begin>2026-08-04T11:10:19Z</begin><end>2026-08-04T11:10:31Z</end></TimeSpan><styleUrl>#point</styleUrl><Point><altitudeMode>clampToGround</altitudeMode><coordinates>11.807054914534092,46.63454957306385,2327.9699999999998</coordinates></Point></Placemark><Placemark><TimeSpan><begin>2026-08-04T11:10:31Z</begin><end>2026-08-04T11:10:43Z</end></TimeSpan><styleUrl>#point</styleUrl><Point><altitudeMode>clampToGround</altitudeMode><coordinates>11.807192796841264,46.634515123441815,2329.4099999999999</coordinates></Point></Placemark><Placemark><TimeSpan><begin>2026-08-04T11:10:43Z</begin><end>2026-08-04T11:10:46Z</end></TimeSpan><styleUrl>#point</styleUrl><Point><altitudeMode>clampToGround</altitudeMode><coordinates>11.807227665558457,46.634503221139312,2329.8899999999999</coordinates></Point></Placemark><Placemark><TimeSpan><begin>2026-08-04T11:10:46Z</begin><end>2026-08-04T11:10:59Z</end></TimeSpan><styleUrl>#point</styleUrl><Point><altitudeMode>clampToGround</altitudeMode><coordinates>11.807372253388166,46.634441027417779,2331.3299999999999</coordinates></Point></Placemark><Placemark><TimeSpan><begin>2026-08-04T11:10:59Z</begin><end>2026-08-04T11:11:09Z</end></TimeSpan><styleUrl>#point</styleUrl><Point><altitudeMode>clampToGround</altitudeMode><coordinates>11.807425646111369,46.634395262226462,2332.7800000000002</coordinates></Point></Placemark><Placemark><TimeSpan><begin>2026-08-04T11:11:09Z</begin><end>2026-08-04T11:11:21Z</end></TimeSpan><styleUrl>#point</styleUrl><Point><altitudeMode>clampToGround</altitudeMode><coordinates>11.807567300274968,46.634342707693577,2333.7399999999998</coordinates></Point></Placemark><Placemark><TimeSpan><begin>2026-08-04T11:11:21Z</begin><end>2026-08-04T11:11:33Z</end></TimeSpan><styleUrl>#point</styleUrl><Point><altitudeMode>clampToGround</altitudeMode><coordinates>11.807712810114026,46.634289231151342,2335.1799999999998</coordinates></Point></Placemark><Placemark><TimeSpan><begin>2026-08-04T11:11:33Z</begin><end>2026-08-04T11:11:37Z</end></TimeSpan><styleUrl>#point</styleUrl><Point><altitudeMode>clampToGround</altitudeMode><coordinates>11.807770561426878,46.634270120412111,2335.1799999999998</coordinates></Point></Placemark><Placemark><TimeSpan><begin>2026-08-04T11:11:37Z</begin><end>2026-08-04T11:11:45Z</end></TimeSpan><styleUrl>#point</styleUrl><Point><altitudeMode>clampToGround</altitudeMode><coordinates>11.807890590280294,46.634242292493582,2335.1799999999998</coordinates></Point></Placemark><Placemark><TimeSpan><begin>2026-08-04T11:11:45Z</begin><end>2026-08-04T11:11:58Z</end></TimeSpan><styleUrl>#point</styleUrl><Point><altitudeMode>clampToGround</altitudeMode><coordinates>11.808043140918016,46.634156126528978,2336.6199999999999</coordinates></Point></Placemark><Placemark><TimeSpan><begin>2026-08-04T11:11:58Z</begin><end>2026-08-04T11:12:12Z</end></TimeSpan><styleUrl>#point</styleUrl><Point><altitudeMode>clampToGround</altitudeMode><coordinates>11.808179765939713,46.634106505662203,2336.6199999999999</coordinates></Point></Placemark><Placemark><TimeSpan><begin>2026-08-04T11:12:12Z</begin><end>2026-08-04T11:12:21Z</end></TimeSpan><styleUrl>#point</styleUrl><Point><altitudeMode>clampToGround</altitudeMode><coordinates>11.808230727910995,46.634064596146345,2335.1799999999998</coordinates></Point></Placemark><Placemark><TimeSpan><begin>2026-08-04T11:12:21Z</begin><end>2026-08-04T11:12:34Z</end></TimeSpan><styleUrl>#point</styleUrl><Point><altitudeMode>clampToGround</altitudeMode><coordinates>11.808354696258903,46.633976250886917,2335.6599999999999</coordinates></Point></Placemark><Placemark><TimeSpan><begin>2026-08-04T11:12:34Z</begin><end>2026-08-04T11:12:46Z</end></TimeSpan><styleUrl>#point</styleUrl><Point><altitudeMode>clampToGround</altitudeMode><coordinates>11.808470115065575,46.633915398269892,2336.6199999999999</coordinates></Point></Placemark><Placemark><TimeSpan><begin>2026-08-04T11:12:46Z</begin><end>2026-08-04T11:12:47Z</end></TimeSpan><styleUrl>#point</styleUrl><Point><altitudeMode>clampToGround</altitudeMode><coordinates>11.808475563302636,46.633917242288589,2337.0999999999999</coordinates></Point></Placemark><Placemark><TimeSpan><begin>2026-08-04T11:12:47Z</begin><end>2026-08-04T11:13:00Z</end></TimeSpan><styleUrl>#point</styleUrl><Point><altitudeMode>clampToGround</altitudeMode><coordinates>11.808543289080262,46.633868543431163,2336.6199999999999</coordinates></Point></Placemark><Placemark><TimeSpan><begin>2026-08-04T11:13:00Z</begin><end>2026-08-04T11:13:13Z</end></TimeSpan><styleUrl>#point</styleUrl><Point><altitudeMode>clampToGround</altitudeMode><coordinates>11.808674046769738,46.633796207606792,2337.5799999999999</coordinates></Point></Placemark><Placemark><TimeSpan><begin>2026-08-04T11:13:13Z</begin><end>2026-08-04T11:13:29Z</end></TimeSpan><styleUrl>#point</styleUrl><Point><altitudeMode>clampToGround</altitudeMode><coordinates>11.808687290176749,46.633796878159046,2337.5799999999999</coordinates></Point></Placemark><Placemark><TimeSpan><begin>2026-08-04T11:13:29Z</begin><end>2026-08-04T11:13:45Z</end></TimeSpan><styleUrl>#point</styleUrl><Point><altitudeMode>clampToGround</altitudeMode><coordinates>11.808695085346699,46.633768882602453,2337.5799999999999</coordinates></Point></Placemark><Placemark><TimeSpan><begin>2026-08-04T11:13:45Z</begin><end>2026-08-04T11:13:48Z</end></TimeSpan><styleUrl>#point</styleUrl><Point><altitudeMode>clampToGround</altitudeMode><coordinates>11.808711513876915,46.633742311969399,2336.1399999999999</coordinates></Point></Placemark><Placemark><TimeSpan><begin>2026-08-04T11:13:48Z</begin><end>2026-08-04T11:14:01Z</end></TimeSpan><styleUrl>#point</styleUrl><Point><altitudeMode>clampToGround</altitudeMode><coordinates>11.808708580210805,46.633625384420156,2334.2199999999998</coordinates></Point></Placemark><Placemark><TimeSpan><begin>2026-08-04T11:14:01Z</begin><end>2026-08-04T11:14:05Z</end></TimeSpan><styleUrl>#point</styleUrl><Point><altitudeMode>clampToGround</altitudeMode><coordinates>11.808701790869236,46.63358842022717,2334.2199999999998</coordinates></Point></Placemark><Placemark><TimeSpan><begin>2026-08-04T11:14:05Z</begin><end>2026-08-04T11:14:08Z</end></TimeSpan><styleUrl>#point</styleUrl><Point><altitudeMode>clampToGround</altitudeMode><coordinates>11.808690475299954,46.633556485176086,2334.2199999999998</coordinates></Point></Placemark><Placemark><TimeSpan><begin>2026-08-04T11:14:08Z</begin><end>2026-08-04T11:14:10Z</end></TimeSpan><styleUrl>#point</styleUrl><Point><altitudeMode>clampToGround</altitudeMode><coordinates>11.808690056204796,46.633536452427506,2334.2199999999998</coordinates></Point></Placemark><Placemark><TimeSpan><begin>2026-08-04T11:14:10Z</begin><end>2026-08-04T11:14:19Z</end></TimeSpan><styleUrl>#point</styleUrl><Point><altitudeMode>clampToGround</altitudeMode><coordinates>11.808680249378085,46.633457411080599,2334.6999999999998</coordinates></Point></Placemark><Placemark><TimeSpan><begin>2026-08-04T11:14:19Z</begin><end>2026-08-04T11:14:34Z</end></TimeSpan><styleUrl>#point</styleUrl><Point><altitudeMode>clampToGround</altitudeMode><coordinates>11.808703551068902,46.633313074707985,2333.7399999999998</coordinates></Point></Placemark><Placemark><TimeSpan><begin>2026-08-04T11:14:34Z</begin><end>2026-08-04T11:14:46Z</end></TimeSpan><styleUrl>#point</styleUrl><Point><altitudeMode>clampToGround</altitudeMode><coordinates>11.808762643486261,46.633195225149393,2333.2600000000002</coordinates></Point></Placemark><Placemark><TimeSpan><begin>2026-08-04T11:14:46Z</begin><end>2026-08-04T11:14:58Z</end></TimeSpan><styleUrl>#point</styleUrl><Point><altitudeMode>clampToGround</altitudeMode><coordinates>11.808819305151701,46.633095480501652,2334.2199999999998</coordinates></Point></Placemark><Placemark><TimeSpan><begin>2026-08-04T11:14:58Z</begin><end>2026-08-04T11:14:59Z</end></TimeSpan><styleUrl>#point</styleUrl><Point><altitudeMode>clampToGround</altitudeMode><coordinates>11.80881829932332,46.633093552663922,2334.2199999999998</coordinates></Point></Placemark><Placemark><TimeSpan><begin>2026-08-04T11:14:59Z</begin><end>2026-08-04T11:15:12Z</end></TimeSpan><styleUrl>#point</styleUrl><Point><altitudeMode>clampToGround</altitudeMode><coordinates>11.808829782530665,46.633055415004492,2334.2199999999998</coordinates></Point></Placemark><Placemark><TimeSpan><begin>2026-08-04T11:15:12Z</begin><end>2026-08-04T11:15:22Z</end></TimeSpan><styleUrl>#point</styleUrl><Point><altitudeMode>clampToGround</altitudeMode><coordinates>11.808921061456203,46.632987186312675,2334.6999999999998</coordinates></Point></Placemark><Placemark><TimeSpan><begin>2026-08-04T11:15:22Z</begin><end>2026-08-04T11:15:34Z</end></TimeSpan><styleUrl>#point</styleUrl><Point><altitudeMode>clampToGround</altitudeMode><coordinates>11.809004209935665,46.632888950407505,2333.7399999999998</coordinates></Point></Placemark><Placemark><TimeSpan><begin>2026-08-04T11:15:34Z</begin><end>2026-08-04T11:15:48Z</end></TimeSpan><styleUrl>#point</styleUrl><Point><altitudeMode>clampToGround</altitudeMode><coordinates>11.809085514396429,46.632779398933053,2333.2600000000002</coordinates></Point></Placemark><Placemark><TimeSpan><begin>2026-08-04T11:15:48Z</begin><end>2026-08-04T11:16:01Z</end></TimeSpan><styleUrl>#point</styleUrl><Point><altitudeMode>clampToGround</altitudeMode><coordinates>11.809084508568048,46.632746709510684,2332.7800000000002</coordinates></Point></Placemark><Placemark><TimeSpan><begin>2026-08-04T11:16:01Z</begin><end>2026-08-04T11:16:08Z</end></TimeSpan><styleUrl>#point</styleUrl><Point><altitudeMode>clampToGround</altitudeMode><coordinates>11.80906648747623,46.63270547054708,2331.3299999999999</coordinates></Point></Placemark><Placemark><TimeSpan><begin>2026-08-04T11:16:08Z</begin><end>2026-08-04T11:16:18Z</end></TimeSpan><styleUrl>#point</styleUrl><Point><altitudeMode>clampToGround</altitudeMode><coordinates>11.809108229354024,46.632597930729389,2331.8099999999999</coordinates></Point></Placemark><Placemark><TimeSpan><begin>2026-08-04T11:16:18Z</begin><end>2026-08-04T11:16:29Z</end></TimeSpan><styleUrl>#point</styleUrl><Point><altitudeMode>clampToGround</altitudeMode><coordinates>11.809177380055189,46.632522074505687,2332.7800000000002</coordinates></Point></Placemark><Placemark><TimeSpan><begin>2026-08-04T11:16:29Z</begin><end>2026-08-04T11:16:43Z</end></TimeSpan><styleUrl>#point</styleUrl><Point><altitudeMode>clampToGround</altitudeMode><coordinates>11.809173775836825,46.632507322356105,2333.2600000000002</coordinates></Point></Placemark><Placemark><TimeSpan><begin>2026-08-04T11:16:43Z</begin><end>2026-08-04T11:16:57Z</end></TimeSpan><styleUrl>#point</styleUrl><Point><altitudeMode>clampToGround</altitudeMode><coordinates>11.809079730883241,46.632391987368464,2332.7800000000002</coordinates></Point></Placemark><Placemark><TimeSpan><begin>2026-08-04T11:16:57Z</begin><end>2026-08-04T11:17:06Z</end></TimeSpan><styleUrl>#point</styleUrl><Point><altitudeMode>clampToGround</altitudeMode><coordinates>11.809019381180406,46.632353514432907,2333.2600000000002</coordinates></Point></Placemark><Placemark><TimeSpan><begin>2026-08-04T11:17:06Z</begin><end>2026-08-04T11:17:33Z</end></TimeSpan><styleUrl>#point</styleUrl><Point><altitudeMode>clampToGround</altitudeMode><coordinates>11.809021979570389,46.632362902164459,2333.7399999999998</coordinates></Point></Placemark><Placemark><TimeSpan><begin>2026-08-04T11:17:33Z</begin><end>2026-08-04T11:17:47Z</end></TimeSpan><styleUrl>#point</styleUrl><Point><altitudeMode>clampToGround</altitudeMode><coordinates>11.808964479714632,46.632331972941756,2333.7399999999998</coordinates></Point></Placemark><Placemark><TimeSpan><begin>2026-08-04T11:17:47Z</begin><end>2026-08-04T11:17:56Z</end></TimeSpan><styleUrl>#point</styleUrl><Point><altitudeMode>clampToGround</altitudeMode><coordinates>11.808916786685586,46.632289560511708,2334.2199999999998</coordinates></Point></Placemark><Placemark><TimeSpan><begin>2026-08-04T11:17:56Z</begin><end>2026-08-04T11:18:09Z</end></TimeSpan><styleUrl>#point</styleUrl><Point><altitudeMode>clampToGround</altitudeMode><coordinates>11.808800529688597,46.63219291716814,2335.6599999999999</coordinates></Point></Placemark><Placemark><TimeSpan><begin>2026-08-04T11:18:09Z</begin><end>2026-08-04T11:18:21Z</end></TimeSpan><styleUrl>#point</styleUrl><Point><altitudeMode>clampToGround</altitudeMode><coordinates>11.808687541633844,46.63209468126297,2335.6599999999999</coordinates></Point></Placemark><Placemark><TimeSpan><begin>2026-08-04T11:18:21Z</begin><end>2026-08-04T11:18:25Z</end></TimeSpan><styleUrl>#point</styleUrl><Point><altitudeMode>clampToGround</altitudeMode><coordinates>11.808639680966735,46.632064841687679,2335.6599999999999</coordinates></Point></Placemark><Placemark><TimeSpan><begin>2026-08-04T11:18:25Z</begin><end>2026-08-04T11:18:34Z</end></TimeSpan><styleUrl>#point</styleUrl><Point><altitudeMode>clampToGround</altitudeMode><coordinates>11.808561896905303,46.631980603560805,2334.2199999999998</coordinates></Point></Placemark><Placemark><TimeSpan><begin>2026-08-04T11:18:34Z</begin><end>2026-08-04T11:18:48Z</end></TimeSpan><styleUrl>#point</styleUrl><Point><altitudeMode>clampToGround</altitudeMode><coordinates>11.808426612988114,46.631857138127089,2334.2199999999998</coordinates></Point></Placemark><Placemark><TimeSpan><begin>2026-08-04T11:18:48Z</begin><end>2026-08-04T11:18:52Z</end></TimeSpan><styleUrl>#point</styleUrl><Point><altitudeMode>clampToGround</altitudeMode><coordinates>11.808396857231855,46.631821012124419,2335.6599999999999</coordinates></Point></Placemark><Placemark><TimeSpan><begin>2026-08-04T11:18:52Z</begin><end>2026-08-04T11:19:06Z</end></TimeSpan><styleUrl>#point</styleUrl><Point><altitudeMode>clampToGround</altitudeMode><coordinates>11.808332400396466,46.631694529205561,2334.6999999999998</coordinates></Point></Placemark><Placemark><TimeSpan><begin>2026-08-04T11:19:06Z</begin><end>2026-08-04T11:19:10Z</end></TimeSpan><styleUrl>#point</styleUrl><Point><altitudeMode>clampToGround</altitudeMode><coordinates>11.808324940502644,46.631689751520753,2335.6599999999999</coordinates></Point></Placemark><Placemark><TimeSpan><begin>2026-08-04T11:19:10Z</begin><end>2026-08-04T11:19:18Z</end></TimeSpan><styleUrl>#point</styleUrl><Point><altitudeMode>clampToGround</altitudeMode><coordinates>11.808311278000474,46.631625462323427,2335.6599999999999</coordinates></Point></Placemark><Placemark><TimeSpan><begin>2026-08-04T11:19:18Z</begin><end>2026-08-04T11:19:20Z</end></TimeSpan><styleUrl>#point</styleUrl><Point><altitudeMode>clampToGround</altitudeMode><coordinates>11.808301974087954,46.631608195602894,2336.1399999999999</coordinates></Point></Placemark><Placemark><TimeSpan><begin>2026-08-04T11:19:20Z</begin><end>2026-08-04T11:19:32Z</end></TimeSpan><styleUrl>#point</styleUrl><Point><altitudeMode>clampToGround</altitudeMode><coordinates>11.808258136734366,46.63150493055582,2338.0599999999999</coordinates></Point></Placemark><Placemark><TimeSpan><begin>2026-08-04T11:19:32Z</begin><end>2026-08-04T11:19:36Z</end></TimeSpan><styleUrl>#point</styleUrl><Point><altitudeMode>clampToGround</altitudeMode><coordinates>11.808252520859241,46.631471486762166,2338.0599999999999</coordinates></Point></Placemark><Placemark><TimeSpan><begin>2026-08-04T11:19:36Z</begin><end>2026-08-04T11:19:48Z</end></TimeSpan><styleUrl>#point</styleUrl><Point><altitudeMode>clampToGround</altitudeMode><coordinates>11.808251682668924,46.631353218108416,2339.02</coordinates></Point></Placemark><Placemark><TimeSpan><begin>2026-08-04T11:19:48Z</begin><end>2026-08-04T11:20:01Z</end></TimeSpan><styleUrl>#point</styleUrl><Point><altitudeMode>clampToGround</altitudeMode><coordinates>11.808323599398136,46.631218688562512,2339.5100000000002</coordinates></Point></Placemark><Placemark><TimeSpan><begin>2026-08-04T11:20:01Z</begin><end>2026-08-04T11:20:02Z</end></TimeSpan><styleUrl>#point</styleUrl><Point><altitudeMode>clampToGround</altitudeMode><coordinates>11.80832477286458,46.631208127364516,2339.5100000000002</coordinates></Point></Placemark><Placemark><TimeSpan><begin>2026-08-04T11:20:02Z</begin><end>2026-08-04T11:20:14Z</end></TimeSpan><styleUrl>#point</styleUrl><Point><altitudeMode>clampToGround</altitudeMode><coordinates>11.808291915804148,46.631102515384555,2339.5100000000002</coordinates></Point></Placemark><Placemark><TimeSpan><begin>2026-08-04T11:20:14Z</begin><end>2026-08-04T11:20:17Z</end></TimeSpan><styleUrl>#point</styleUrl><Point><altitudeMode>clampToGround</altitudeMode><coordinates>11.808281606063247,46.631085919216275,2339.9899999999998</coordinates></Point></Placemark><Placemark><TimeSpan><begin>2026-08-04T11:20:17Z</begin><end>2026-08-04T11:20:19Z</end></TimeSpan><styleUrl>#point</styleUrl><Point><altitudeMode>clampToGround</altitudeMode><coordinates>11.808274565264583,46.631067479029298,2339.9899999999998</coordinates></Point></Placemark><Placemark><TimeSpan><begin>2026-08-04T11:20:19Z</begin><end>2026-08-04T11:20:32Z</end></TimeSpan><styleUrl>#point</styleUrl><Point><altitudeMode>clampToGround</altitudeMode><coordinates>11.808245982974768,46.630978379398584,2341.4299999999998</coordinates></Point></Placemark><Placemark><TimeSpan><begin>2026-08-04T11:20:32Z</begin><end>2026-08-04T11:20:36Z</end></TimeSpan><styleUrl>#point</styleUrl><Point><altitudeMode>clampToGround</altitudeMode><coordinates>11.80825243704021,46.630948875099421,2342.8699999999999</coordinates></Point></Placemark><Placemark><TimeSpan><begin>2026-08-04T11:20:36Z</begin><end>2026-08-04T11:20:47Z</end></TimeSpan><styleUrl>#point</styleUrl><Point><altitudeMode>clampToGround</altitudeMode><coordinates>11.808220753446221,46.63090830668807,2343.8299999999999</coordinates></Point></Placemark><Placemark><TimeSpan><begin>2026-08-04T11:20:47Z</begin><end>2026-08-04T11:21:10Z</end></TimeSpan><styleUrl>#point</styleUrl><Point><altitudeMode>clampToGround</altitudeMode><coordinates>11.808244474232197,46.630901601165533,2343.8299999999999</coordinates></Point></Placemark><Placemark><TimeSpan><begin>2026-08-04T11:21:10Z</begin><end>2026-08-04T11:21:23Z</end></TimeSpan><styleUrl>#point</styleUrl><Point><altitudeMode>clampToGround</altitudeMode><coordinates>11.808256041258574,46.630896991118789,2344.3099999999999</coordinates></Point></Placemark><Placemark><TimeSpan><begin>2026-08-04T11:21:23Z</begin><end>2026-08-04T11:21:49Z</end></TimeSpan><styleUrl>#point</styleUrl><Point><altitudeMode>clampToGround</altitudeMode><coordinates>11.808245563879609,46.630887519568205,2344.3099999999999</coordinates></Point></Placemark><Placemark><TimeSpan><begin>2026-08-04T11:21:49Z</begin><end>2026-08-04T11:22:06Z</end></TimeSpan><styleUrl>#point</styleUrl><Point><altitudeMode>clampToGround</altitudeMode><coordinates>11.808245312422514,46.630882993340492,2344.3099999999999</coordinates></Point></Placemark><Placemark><TimeSpan><begin>2026-08-04T11:22:06Z</begin><end>2026-08-04T11:22:14Z</end></TimeSpan><styleUrl>#point</styleUrl><Point><altitudeMode>clampToGround</altitudeMode><coordinates>11.808265596628189,46.630834462121129,2344.3099999999999</coordinates></Point></Placemark><Placemark><TimeSpan><begin>2026-08-04T11:22:14Z</begin><end>2026-08-04T11:22:26Z</end></TimeSpan><styleUrl>#point</styleUrl><Point><altitudeMode>clampToGround</altitudeMode><coordinates>11.808331226930022,46.63072700612247,2345.75</coordinates></Point></Placemark><Placemark><TimeSpan><begin>2026-08-04T11:22:26Z</begin><end>2026-08-04T11:22:37Z</end></TimeSpan><styleUrl>#point</styleUrl><Point><altitudeMode>clampToGround</altitudeMode><coordinates>11.808397192507982,46.630662884563208,2348.1599999999999</coordinates></Point></Placemark><Placemark><TimeSpan><begin>2026-08-04T11:22:37Z</begin><end>2026-08-04T11:22:47Z</end></TimeSpan><styleUrl>#point</styleUrl><Point><altitudeMode>clampToGround</altitudeMode><coordinates>11.808422757312655,46.630590548738837,2349.1199999999999</coordinates></Point></Placemark><Placemark><TimeSpan><begin>2026-08-04T11:22:47Z</begin><end>2026-08-04T11:22:48Z</end></TimeSpan><styleUrl>#point</styleUrl><Point><altitudeMode>clampToGround</altitudeMode><coordinates>11.808423260226846,46.630580658093095,2349.1199999999999</coordinates></Point></Placemark><Placemark><TimeSpan><begin>2026-08-04T11:22:48Z</begin><end>2026-08-04T11:22:57Z</end></TimeSpan><styleUrl>#point</styleUrl><Point><altitudeMode>clampToGround</altitudeMode><coordinates>11.80845569819212,46.630518548190594,2350.0799999999999</coordinates></Point></Placemark><Placemark><TimeSpan><begin>2026-08-04T11:22:57Z</begin><end>2026-08-04T11:23:08Z</end></TimeSpan><styleUrl>#point</styleUrl><Point><altitudeMode>clampToGround</altitudeMode><coordinates>11.808491656556726,46.630460796877742,2351.52</coordinates></Point></Placemark><Placemark><TimeSpan><begin>2026-08-04T11:23:08Z</begin><end>2026-08-04T11:23:19Z</end></TimeSpan><styleUrl>#point</styleUrl><Point><altitudeMode>clampToGround</altitudeMode><coordinates>11.80856223218143,46.630391394719481,2352.96</coordinates></Point></Placemark><Placemark><TimeSpan><begin>2026-08-04T11:23:19Z</begin><end>2026-08-04T11:23:32Z</end></TimeSpan><styleUrl>#point</styleUrl><Point><altitudeMode>clampToGround</altitudeMode><coordinates>11.808652756735682,46.63029357790947,2354.4099999999999</coordinates></Point></Placemark><Placemark><TimeSpan><begin>2026-08-04T11:23:32Z</begin><end>2026-08-04T11:23:42Z</end></TimeSpan><styleUrl>#point</styleUrl><Point><altitudeMode>clampToGround</altitudeMode><coordinates>11.808689720928669,46.630228869616985,2355.8499999999999</coordinates></Point></Placemark><Placemark><TimeSpan><begin>2026-08-04T11:23:42Z</begin><end>2026-08-04T11:23:52Z</end></TimeSpan><styleUrl>#point</styleUrl><Point><altitudeMode>clampToGround</altitudeMode><coordinates>11.808729618787766,46.630167262628675,2357.77</coordinates></Point></Placemark><Placemark><TimeSpan><begin>2026-08-04T11:23:52Z</begin><end>2026-08-04T11:24:03Z</end></TimeSpan><styleUrl>#point</styleUrl><Point><altitudeMode>clampToGround</altitudeMode><coordinates>11.808728612959385,46.630126107484102,2359.6900000000001</coordinates></Point></Placemark><Placemark><TimeSpan><begin>2026-08-04T11:24:03Z</begin><end>2026-08-04T11:24:14Z</end></TimeSpan><styleUrl>#point</styleUrl><Point><altitudeMode>clampToGround</altitudeMode><coordinates>11.80876842699945,46.630105571821332,2360.6500000000001</coordinates></Point></Placemark><Placemark><TimeSpan><begin>2026-08-04T11:24:14Z</begin><end>2026-08-04T11:24:23Z</end></TimeSpan><styleUrl>#point</styleUrl><Point><altitudeMode>clampToGround</altitudeMode><coordinates>11.80884855799377,46.630041785538197,2362.0999999999999</coordinates></Point></Placemark><Placemark><TimeSpan><begin>2026-08-04T11:24:23Z</begin><end>2026-08-04T11:24:34Z</end></TimeSpan><styleUrl>#point</styleUrl><Point><altitudeMode>clampToGround</altitudeMode><coordinates>11.808892814442515,46.629981603473425,2363.54</coordinates></Point></Placemark><Placemark><TimeSpan><begin>2026-08-04T11:24:34Z</begin><end>2026-08-04T11:24:44Z</end></TimeSpan><styleUrl>#point</styleUrl><Point><altitudeMode>clampToGround</altitudeMode><coordinates>11.808941680938005,46.629920499399304,2364.98</coordinates></Point></Placemark><Placemark><TimeSpan><begin>2026-08-04T11:24:44Z</begin><end>2026-08-04T11:24:55Z</end></TimeSpan><styleUrl>#point</styleUrl><Point><altitudeMode>clampToGround</altitudeMode><coordinates>11.808988619595766,46.629848163574934,2365.9400000000001</coordinates></Point></Placemark><Placemark><TimeSpan><begin>2026-08-04T11:24:55Z</begin><end>2026-08-04T11:25:05Z</end></TimeSpan><styleUrl>#point</styleUrl><Point><altitudeMode>clampToGround</altitudeMode><coordinates>11.809048047289252,46.629779180511832,2367.8600000000001</coordinates></Point></Placemark><Placemark><TimeSpan><begin>2026-08-04T11:25:05Z</begin><end>2026-08-04T11:25:18Z</end></TimeSpan><styleUrl>#point</styleUrl><Point><altitudeMode>clampToGround</altitudeMode><coordinates>11.809097416698933,46.629700725898147,2369.3099999999999</coordinates></Point></Placemark><Placemark><TimeSpan><begin>2026-08-04T11:25:18Z</begin><end>2026-08-04T11:25:31Z</end></TimeSpan><styleUrl>#point</styleUrl><Point><altitudeMode>clampToGround</altitudeMode><coordinates>11.809165058657527,46.62962319329381,2370.27</coordinates></Point></Placemark><Placemark><TimeSpan><begin>2026-08-04T11:25:31Z</begin><end>2026-08-04T11:25:42Z</end></TimeSpan><styleUrl>#point</styleUrl><Point><altitudeMode>clampToGround</altitudeMode><coordinates>11.80917939171195,46.629578182473779,2372.1900000000001</coordinates></Point></Placemark><Placemark><TimeSpan><begin>2026-08-04T11:25:42Z</begin><end>2026-08-04T11:25:55Z</end></TimeSpan><styleUrl>#point</styleUrl><Point><altitudeMode>clampToGround</altitudeMode><coordinates>11.809226162731647,46.629582541063428,2372.1900000000001</coordinates></Point></Placemark><Placemark><TimeSpan><begin>2026-08-04T11:25:55Z</begin><end>2026-08-04T11:26:12Z</end></TimeSpan><styleUrl>#point</styleUrl><Point><altitudeMode>clampToGround</altitudeMode><coordinates>11.809288691729307,46.629577679559588,2372.1900000000001</coordinates></Point></Placemark><Placemark><TimeSpan><begin>2026-08-04T11:26:12Z</begin><end>2026-08-04T11:26:20Z</end></TimeSpan><styleUrl>#point</styleUrl><Point><altitudeMode>clampToGround</altitudeMode><coordinates>11.809266814962029,46.629593688994646,2372.1900000000001</coordinates></Point></Placemark><Placemark><TimeSpan><begin>2026-08-04T11:26:20Z</begin><end>2026-08-04T11:26:30Z</end></TimeSpan><styleUrl>#point</styleUrl><Point><altitudeMode>clampToGround</altitudeMode><coordinates>11.809240663424134,46.629584887996316,2372.1900000000001</coordinates></Point></Placemark><Placemark><TimeSpan><begin>2026-08-04T11:26:30Z</begin><end>2026-08-04T11:26:44Z</end></TimeSpan><styleUrl>#point</styleUrl><Point><altitudeMode>clampToGround</altitudeMode><coordinates>11.809226833283901,46.62958899512887,2372.1900000000001</coordinates></Point></Placemark><Placemark><TimeSpan><begin>2026-08-04T11:26:44Z</begin><end>2026-08-04T11:27:05Z</end></TimeSpan><styleUrl>#point</styleUrl><Point><altitudeMode>clampToGround</altitudeMode><coordinates>11.809230018407106,46.629588743671775,2372.6700000000001</coordinates></Point></Placemark><Placemark><TimeSpan><begin>2026-08-04T11:27:05Z</begin><end>2026-08-04T11:27:24Z</end></TimeSpan><styleUrl>#point</styleUrl><Point><altitudeMode>clampToGround</altitudeMode><coordinates>11.809217194095254,46.629574242979288,2372.6700000000001</coordinates></Point></Placemark><Placemark><TimeSpan><begin>2026-08-04T11:27:24Z</begin><end>2026-08-04T11:27:41Z</end></TimeSpan><styleUrl>#point</styleUrl><Point><altitudeMode>clampToGround</altitudeMode><coordinates>11.809229599311948,46.629594443365932,2372.6700000000001</coordinates></Point></Placemark><Placemark><TimeSpan><begin>2026-08-04T11:27:41Z</begin><end>2026-08-04T11:27:56Z</end></TimeSpan><styleUrl>#point</styleUrl><Point><altitudeMode>clampToGround</altitudeMode><coordinates>11.809252398088574,46.629600645974278,2372.6700000000001</coordinates></Point></Placemark><Placemark><TimeSpan><begin>2026-08-04T11:27:56Z</begin><end>2026-08-04T11:28:13Z</end></TimeSpan><styleUrl>#point</styleUrl><Point><altitudeMode>clampToGround</altitudeMode><coordinates>11.809269580990076,46.629605256021023,2372.6700000000001</coordinates></Point></Placemark><Placemark><TimeSpan><begin>2026-08-04T11:28:13Z</begin><end>2026-08-04T11:28:32Z</end></TimeSpan><styleUrl>#point</styleUrl><Point><altitudeMode>clampToGround</altitudeMode><coordinates>11.809251140803099,46.629597125574946,2372.6700000000001</coordinates></Point></Placemark><Placemark><TimeSpan><begin>2026-08-04T11:28:32Z</begin><end>2026-08-04T11:28:45Z</end></TimeSpan><styleUrl>#point</styleUrl><Point><altitudeMode>clampToGround</altitudeMode><coordinates>11.809243764728308,46.629597712308168,2372.6700000000001</coordinates></Point></Placemark><Placemark><TimeSpan><begin>2026-08-04T11:28:45Z</begin><end>2026-08-04T11:29:03Z</end></TimeSpan><styleUrl>#point</styleUrl><Point><altitudeMode>clampToGround</altitudeMode><coordinates>11.809246782213449,46.629600059241056,2372.6700000000001</coordinates></Point></Placemark><Placemark><TimeSpan><begin>2026-08-04T11:29:03Z</begin><end>2026-08-04T11:29:18Z</end></TimeSpan><styleUrl>#point</styleUrl><Point><altitudeMode>clampToGround</altitudeMode><coordinates>11.809302773326635,46.629583463072777,2372.6700000000001</coordinates></Point></Placemark><Placemark><TimeSpan><begin>2026-08-04T11:29:18Z</begin><end>2026-08-04T11:29:30Z</end></TimeSpan><styleUrl>#point</styleUrl><Point><altitudeMode>clampToGround</altitudeMode><coordinates>11.809401176869869,46.629546750336885,2373.1500000000001</coordinates></Point></Placemark><Placemark><TimeSpan><begin>2026-08-04T11:29:30Z</begin><end>2026-08-04T11:29:41Z</end></TimeSpan><styleUrl>#point</styleUrl><Point><altitudeMode>clampToGround</altitudeMode><coordinates>11.809468483552337,46.629518838599324,2374.5900000000001</coordinates></Point></Placemark><Placemark><TimeSpan><begin>2026-08-04T11:29:41Z</begin><end>2026-08-04T11:29:52Z</end></TimeSpan><styleUrl>#point</styleUrl><Point><altitudeMode>clampToGround</altitudeMode><coordinates>11.809520954266191,46.629473576322198,2376.52</coordinates></Point></Placemark><Placemark><TimeSpan><begin>2026-08-04T11:29:52Z</begin><end>2026-08-04T11:30:02Z</end></TimeSpan><styleUrl>#point</styleUrl><Point><altitudeMode>clampToGround</altitudeMode><coordinates>11.809570239856839,46.629453124478459,2377.48</coordinates></Point></Placemark><Placemark><TimeSpan><begin>2026-08-04T11:30:02Z</begin><end>2026-08-04T11:30:11Z</end></TimeSpan><styleUrl>#point</styleUrl><Point><altitudeMode>clampToGround</altitudeMode><coordinates>11.809624219313264,46.629414400085807,2378.9200000000001</coordinates></Point></Placemark><Placemark><TimeSpan><begin>2026-08-04T11:30:11Z</begin><end>2026-08-04T11:30:24Z</end></TimeSpan><styleUrl>#point</styleUrl><Point><altitudeMode>clampToGround</altitudeMode><coordinates>11.809673923999071,46.629369389265776,2380.8400000000001</coordinates></Point></Placemark><Placemark><TimeSpan><begin>2026-08-04T11:30:24Z</begin><end>2026-08-04T11:30:39Z</end></TimeSpan><styleUrl>#point</styleUrl><Point><altitudeMode>clampToGround</altitudeMode><coordinates>11.809634612873197,46.629358408972621,2382.2800000000002</coordinates></Point></Placemark><Placemark><TimeSpan><begin>2026-08-04T11:30:39Z</begin><end>2026-08-04T11:30:47Z</end></TimeSpan><styleUrl>#point</styleUrl><Point><altitudeMode>clampToGround</altitudeMode><coordinates>11.809599241241813,46.629355391487479,2382.7600000000002</coordinates></Point></Placemark><Placemark><TimeSpan><begin>2026-08-04T11:30:47Z</begin><end>2026-08-04T11:30:58Z</end></TimeSpan><styleUrl>#point</styleUrl><Point><altitudeMode>clampToGround</altitudeMode><coordinates>11.809641066938639,46.629357738420367,2383.73</coordinates></Point></Placemark><Placemark><TimeSpan><begin>2026-08-04T11:30:58Z</begin><end>2026-08-04T11:31:08Z</end></TimeSpan><styleUrl>#point</styleUrl><Point><altitudeMode>clampToGround</altitudeMode><coordinates>11.809657998383045,46.629331167787313,2384.6900000000001</coordinates></Point></Placemark><Placemark><TimeSpan><begin>2026-08-04T11:31:08Z</begin><end>2026-08-04T11:31:18Z</end></TimeSpan><styleUrl>#point</styleUrl><Point><altitudeMode>clampToGround</altitudeMode><coordinates>11.809668224304914,46.629294035956264,2386.6100000000001</coordinates></Point></Placemark><Placemark><TimeSpan><begin>2026-08-04T11:31:18Z</begin><end>2026-08-04T11:31:28Z</end></TimeSpan><styleUrl>#point</styleUrl><Point><altitudeMode>clampToGround</altitudeMode><coordinates>11.809729915112257,46.629263106733561,2387.5700000000002</coordinates></Point></Placemark><Placemark><TimeSpan><begin>2026-08-04T11:31:28Z</begin><end>2026-08-04T11:31:38Z</end></TimeSpan><styleUrl>#point</styleUrl><Point><altitudeMode>clampToGround</altitudeMode><coordinates>11.809761095792055,46.629219856113195,2389.0100000000002</coordinates></Point></Placemark><Placemark><TimeSpan><begin>2026-08-04T11:31:38Z</begin><end>2026-08-04T11:31:47Z</end></TimeSpan><styleUrl>#point</styleUrl><Point><altitudeMode>clampToGround</altitudeMode><coordinates>11.809798227623105,46.629208624362946,2390.46</coordinates></Point></Placemark><Placemark><TimeSpan><begin>2026-08-04T11:31:47Z</begin><end>2026-08-04T11:31:59Z</end></TimeSpan><styleUrl>#point</styleUrl><Point><altitudeMode>clampToGround</altitudeMode><coordinates>11.809844076633453,46.629183813929558,2391.9000000000001</coordinates></Point></Placemark><Placemark><TimeSpan><begin>2026-08-04T11:31:59Z</begin><end>2026-08-04T11:32:09Z</end></TimeSpan><styleUrl>#point</styleUrl><Point><altitudeMode>clampToGround</altitudeMode><coordinates>11.809926051646471,46.629180796444416,2393.3400000000001</coordinates></Point></Placemark><Placemark><TimeSpan><begin>2026-08-04T11:32:09Z</begin><end>2026-08-04T11:32:18Z</end></TimeSpan><styleUrl>#point</styleUrl><Point><altitudeMode>clampToGround</altitudeMode><coordinates>11.809996208176017,46.629147687926888,2394.7800000000002</coordinates></Point></Placemark><Placemark><TimeSpan><begin>2026-08-04T11:32:18Z</begin><end>2026-08-04T11:32:28Z</end></TimeSpan><styleUrl>#point</styleUrl><Point><altitudeMode>clampToGround</altitudeMode><coordinates>11.810039794072509,46.629098150879145,2396.2199999999998</coordinates></Point></Placemark><Placemark><TimeSpan><begin>2026-08-04T11:32:28Z</begin><end>2026-08-04T11:32:39Z</end></TimeSpan><styleUrl>#point</styleUrl><Point><altitudeMode>clampToGround</altitudeMode><coordinates>11.810060581192374,46.629055822268128,2398.1500000000001</coordinates></Point></Placemark><Placemark><TimeSpan><begin>2026-08-04T11:32:39Z</begin><end>2026-08-04T11:32:50Z</end></TimeSpan><styleUrl>#point</styleUrl><Point><altitudeMode>clampToGround</altitudeMode><coordinates>11.81006477214396,46.629034113138914,2399.1100000000001</coordinates></Point></Placemark><Placemark><TimeSpan><begin>2026-08-04T11:32:50Z</begin><end>2026-08-04T11:32:58Z</end></TimeSpan><styleUrl>#point</styleUrl><Point><altitudeMode>clampToGround</altitudeMode><coordinates>11.810065861791372,46.629001088440418,2400.5500000000002</coordinates></Point></Placemark><Placemark><TimeSpan><begin>2026-08-04T11:32:58Z</begin><end>2026-08-04T11:33:08Z</end></TimeSpan><styleUrl>#point</styleUrl><Point><altitudeMode>clampToGround</altitudeMode><coordinates>11.810126630589366,46.628968734294176,2401.9899999999998</coordinates></Point></Placemark><Placemark><TimeSpan><begin>2026-08-04T11:33:08Z</begin><end>2026-08-04T11:33:18Z</end></TimeSpan><styleUrl>#point</styleUrl><Point><altitudeMode>clampToGround</altitudeMode><coordinates>11.810147669166327,46.628922466188669,2403.4299999999998</coordinates></Point></Placemark><Placemark><TimeSpan><begin>2026-08-04T11:33:18Z</begin><end>2026-08-04T11:33:30Z</end></TimeSpan><styleUrl>#point</styleUrl><Point><altitudeMode>clampToGround</altitudeMode><coordinates>11.810196535661817,46.628877371549606,2406.3200000000002</coordinates></Point></Placemark><Placemark><TimeSpan><begin>2026-08-04T11:33:30Z</begin><end>2026-08-04T11:33:40Z</end></TimeSpan><styleUrl>#point</styleUrl><Point><altitudeMode>clampToGround</altitudeMode><coordinates>11.810250096023083,46.628854991868138,2407.2800000000002</coordinates></Point></Placemark><Placemark><TimeSpan><begin>2026-08-04T11:33:40Z</begin><end>2026-08-04T11:33:52Z</end></TimeSpan><styleUrl>#point</styleUrl><Point><altitudeMode>clampToGround</altitudeMode><coordinates>11.810312792658806,46.628806879743934,2409.1999999999998</coordinates></Point></Placemark><Placemark><TimeSpan><begin>2026-08-04T11:33:52Z</begin><end>2026-08-04T11:34:02Z</end></TimeSpan><styleUrl>#point</styleUrl><Point><altitudeMode>clampToGround</altitudeMode><coordinates>11.810373477637768,46.628764467313886,2411.5999999999999</coordinates></Point></Placemark><Placemark><TimeSpan><begin>2026-08-04T11:34:02Z</begin><end>2026-08-04T11:34:13Z</end></TimeSpan><styleUrl>#point</styleUrl><Point><altitudeMode>clampToGround</altitudeMode><coordinates>11.810491578653455,46.628755163401365,2413.0500000000002</coordinates></Point></Placemark><Placemark><TimeSpan><begin>2026-08-04T11:34:13Z</begin><end>2026-08-04T11:34:23Z</end></TimeSpan><styleUrl>#point</styleUrl><Point><altitudeMode>clampToGround</altitudeMode><coordinates>11.810583109036088,46.628792211413383,2412.5700000000002</coordinates></Point></Placemark><Placemark><TimeSpan><begin>2026-08-04T11:34:23Z</begin><end>2026-08-04T11:34:35Z</end></TimeSpan><styleUrl>#point</styleUrl><Point><altitudeMode>clampToGround</altitudeMode><coordinates>11.810708669945598,46.628763545304537,2412.5700000000002</coordinates></Point></Placemark><Placemark><TimeSpan><begin>2026-08-04T11:34:35Z</begin><end>2026-08-04T11:34:47Z</end></TimeSpan><styleUrl>#point</styleUrl><Point><altitudeMode>clampToGround</altitudeMode><coordinates>11.810745801776648,46.628752145916224,2413.0500000000002</coordinates></Point></Placemark><Placemark><TimeSpan><begin>2026-08-04T11:34:47Z</begin><end>2026-08-04T11:34:58Z</end></TimeSpan><styleUrl>#point</styleUrl><Point><altitudeMode>clampToGround</altitudeMode><coordinates>11.810749992728233,46.62875440903008,2413.0500000000002</coordinates></Point></Placemark><Placemark><TimeSpan><begin>2026-08-04T11:34:58Z</begin><end>2026-08-04T11:35:22Z</end></TimeSpan><styleUrl>#point</styleUrl><Point><altitudeMode>clampToGround</altitudeMode><coordinates>11.810771701857448,46.628753822296858,2413.5300000000002</coordinates></Point></Placemark><Placemark><TimeSpan><begin>2026-08-04T11:35:22Z</begin><end>2026-08-04T11:35:37Z</end></TimeSpan><styleUrl>#point</styleUrl><Point><altitudeMode>clampToGround</altitudeMode><coordinates>11.810767594724894,46.628765473142266,2414.0100000000002</coordinates></Point></Placemark><Placemark><TimeSpan><begin>2026-08-04T11:35:37Z</begin><end>2026-08-04T11:35:49Z</end></TimeSpan><styleUrl>#point</styleUrl><Point><altitudeMode>clampToGround</altitudeMode><coordinates>11.810765247792006,46.62876321002841,2414.0100000000002</coordinates></Point></Placemark><Placemark><TimeSpan><begin>2026-08-04T11:35:49Z</begin><end>2026-08-04T11:36:03Z</end></TimeSpan><styleUrl>#point</styleUrl><Point><altitudeMode>clampToGround</altitudeMode><coordinates>11.810762984678149,46.628763126209378,2414.0100000000002</coordinates></Point></Placemark><Placemark><TimeSpan><begin>2026-08-04T11:36:03Z</begin><end>2026-08-04T11:36:07Z</end></TimeSpan><styleUrl>#point</styleUrl><Point><altitudeMode>clampToGround</altitudeMode><coordinates>11.810782514512539,46.628756420686841,2414.0100000000002</coordinates></Point></Placemark><Placemark><TimeSpan><begin>2026-08-04T11:36:07Z</begin><end>2026-08-04T11:36:21Z</end></TimeSpan><styleUrl>#point</styleUrl><Point><altitudeMode>clampToGround</altitudeMode><coordinates>11.810949062928557,46.628828756511211,2414.0100000000002</coordinates></Point></Placemark><Placemark><TimeSpan><begin>2026-08-04T11:36:21Z</begin><end>2026-08-04T11:36:33Z</end></TimeSpan><styleUrl>#point</styleUrl><Point><altitudeMode>clampToGround</altitudeMode><coordinates>11.811070013791323,46.628898745402694,2414.0100000000002</coordinates></Point></Placemark><Placemark><TimeSpan><begin>2026-08-04T11:36:33Z</begin><end>2026-08-04T11:36:41Z</end></TimeSpan><styleUrl>#point</styleUrl><Point><altitudeMode>clampToGround</altitudeMode><coordinates>11.811110079288483,46.62890587002039,2414.0100000000002</coordinates></Point></Placemark><Placemark><TimeSpan><begin>2026-08-04T11:36:41Z</begin><end>2026-08-04T11:36:54Z</end></TimeSpan><styleUrl>#point</styleUrl><Point><altitudeMode>clampToGround</altitudeMode><coordinates>11.811117874458432,46.62889857776463,2414.0100000000002</coordinates></Point></Placemark><Placemark><TimeSpan><begin>2026-08-04T11:36:54Z</begin><end>2026-08-04T11:37:08Z</end></TimeSpan><styleUrl>#point</styleUrl><Point><altitudeMode>clampToGround</altitudeMode><coordinates>11.81112608872354,46.628883741796017,2414.0100000000002</coordinates></Point></Placemark><Placemark><TimeSpan><begin>2026-08-04T11:37:08Z</begin><end>2026-08-04T11:37:25Z</end></TimeSpan><styleUrl>#point</styleUrl><Point><altitudeMode>clampToGround</altitudeMode><coordinates>11.811196496710181,46.628897236660123,2413.0500000000002</coordinates></Point></Placemark><Placemark><TimeSpan><begin>2026-08-04T11:37:25Z</begin><end>2026-08-04T11:37:38Z</end></TimeSpan><styleUrl>#point</styleUrl><Point><altitudeMode>clampToGround</altitudeMode><coordinates>11.81130537763238,46.628878125920892,2412.0900000000001</coordinates></Point></Placemark><Placemark><TimeSpan><begin>2026-08-04T11:37:38Z</begin><end>2026-08-04T11:37:39Z</end></TimeSpan><styleUrl>#point</styleUrl><Point><altitudeMode>clampToGround</altitudeMode><coordinates>11.811315519735217,46.62887460552156,2412.0900000000001</coordinates></Point></Placemark><Placemark><TimeSpan><begin>2026-08-04T11:37:39Z</begin><end>2026-08-04T11:37:45Z</end></TimeSpan><styleUrl>#point</styleUrl><Point><altitudeMode>clampToGround</altitudeMode><coordinates>11.811395483091474,46.628841832280159,2411.1199999999999</coordinates></Point></Placemark><Placemark><TimeSpan><begin>2026-08-04T11:37:45Z</begin><end>2026-08-04T11:38:01Z</end></TimeSpan><styleUrl>#point</styleUrl><Point><altitudeMode>clampToGround</altitudeMode><coordinates>11.811647862195969,46.628778800368309,2410.1599999999999</coordinates></Point></Placemark><Placemark><TimeSpan><begin>2026-08-04T11:38:01Z</begin><end>2026-08-04T11:38:07Z</end></TimeSpan><styleUrl>#point</styleUrl><Point><altitudeMode>clampToGround</altitudeMode><coordinates>11.811749199405313,46.628765221685171,2410.1599999999999</coordinates></Point></Placemark><Placemark><TimeSpan><begin>2026-08-04T11:38:07Z</begin><end>2026-08-04T11:38:14Z</end></TimeSpan><styleUrl>#point</styleUrl><Point><altitudeMode>clampToGround</altitudeMode><coordinates>11.811842322349548,46.628719791769981,2411.5999999999999</coordinates></Point></Placemark><Placemark><TimeSpan><begin>2026-08-04T11:38:14Z</begin><end>2026-08-04T11:38:24Z</end></TimeSpan><styleUrl>#point</styleUrl><Point><altitudeMode>clampToGround</altitudeMode><coordinates>11.811950113624334,46.62868794053793,2414.0100000000002</coordinates></Point></Placemark><Placemark><TimeSpan><begin>2026-08-04T11:38:24Z</begin><end>2026-08-04T11:38:34Z</end></TimeSpan><styleUrl>#point</styleUrl><Point><altitudeMode>clampToGround</altitudeMode><coordinates>11.812002249062061,46.628692550584674,2414.9699999999998</coordinates></Point></Placemark><Placemark><TimeSpan><begin>2026-08-04T11:38:34Z</begin><end>2026-08-04T11:39:02Z</end></TimeSpan><styleUrl>#point</styleUrl><Point><altitudeMode>clampToGround</altitudeMode><coordinates>11.812005266547203,46.628685677424073,2414.9699999999998</coordinates></Point></Placemark><Placemark><TimeSpan><begin>2026-08-04T11:39:02Z</begin><end>2026-08-04T11:39:28Z</end></TimeSpan><styleUrl>#point</styleUrl><Point><altitudeMode>clampToGround</altitudeMode><coordinates>11.812000907957554,46.628687353804708,2414.9699999999998</coordinates></Point></Placemark><Placemark><TimeSpan><begin>2026-08-04T11:39:28Z</begin><end>2026-08-04T11:39:45Z</end></TimeSpan><styleUrl>#point</styleUrl><Point><altitudeMode>clampToGround</altitudeMode><coordinates>11.811995794996619,46.628685928881168,2414.9699999999998</coordinates></Point></Placemark><Placemark><TimeSpan><begin>2026-08-04T11:39:45Z</begin><end>2026-08-04T11:39:58Z</end></TimeSpan><styleUrl>#point</styleUrl><Point><altitudeMode>clampToGround</altitudeMode><coordinates>11.81197383441031,46.628703530877829,2414.9699999999998</coordinates></Point></Placemark><Placemark><TimeSpan><begin>2026-08-04T11:39:58Z</begin><end>2026-08-04T11:40:14Z</end></TimeSpan><styleUrl>#point</styleUrl><Point><altitudeMode>clampToGround</altitudeMode><coordinates>11.811981964856386,46.628709817305207,2414.9699999999998</coordinates></Point></Placemark><Placemark><TimeSpan><begin>2026-08-04T11:40:14Z</begin><end>2026-08-04T11:40:41Z</end></TimeSpan><styleUrl>#point</styleUrl><Point><altitudeMode>clampToGround</altitudeMode><coordinates>11.811981797218323,46.628713421523571,2415.4499999999998</coordinates></Point></Placemark><Placemark><TimeSpan><begin>2026-08-04T11:40:41Z</begin><end>2026-08-04T11:40:58Z</end></TimeSpan><styleUrl>#point</styleUrl><Point><altitudeMode>clampToGround</altitudeMode><coordinates>11.811976684257388,46.628715768456459,2415.4499999999998</coordinates></Point></Placemark><Placemark><TimeSpan><begin>2026-08-04T11:40:58Z</begin><end>2026-08-04T11:41:13Z</end></TimeSpan><styleUrl>#point</styleUrl><Point><altitudeMode>clampToGround</altitudeMode><coordinates>11.811976097524166,46.628701351583004,2415.4499999999998</coordinates></Point></Placemark><Placemark><TimeSpan><begin>2026-08-04T11:41:13Z</begin><end>2026-08-04T11:41:31Z</end></TimeSpan><styleUrl>#point</styleUrl><Point><altitudeMode>clampToGround</altitudeMode><coordinates>11.811979953199625,46.62869674153626,2415.9299999999998</coordinates></Point></Placemark><Placemark><TimeSpan><begin>2026-08-04T11:41:31Z</begin><end>2026-08-04T11:41:49Z</end></TimeSpan><styleUrl>#point</styleUrl><Point><altitudeMode>clampToGround</altitudeMode><coordinates>11.81197970174253,46.628696490079165,2415.9299999999998</coordinates></Point></Placemark><Placemark><TimeSpan><begin>2026-08-04T11:41:49Z</begin><end>2026-08-04T11:42:01Z</end></TimeSpan><styleUrl>#point</styleUrl><Point><altitudeMode>clampToGround</altitudeMode><coordinates>11.811960255727172,46.628684001043439,2415.9299999999998</coordinates></Point></Placemark><Placemark><TimeSpan><begin>2026-08-04T11:42:01Z</begin><end>2026-08-04T11:42:21Z</end></TimeSpan><styleUrl>#point</styleUrl><Point><altitudeMode>clampToGround</altitudeMode><coordinates>11.81197484023869,46.628696909174323,2415.9299999999998</coordinates></Point></Placemark><Placemark><TimeSpan><begin>2026-08-04T11:42:21Z</begin><end>2026-08-04T11:42:39Z</end></TimeSpan><styleUrl>#point</styleUrl><Point><altitudeMode>clampToGround</altitudeMode><coordinates>11.811980539932847,46.628697495907545,2415.9299999999998</coordinates></Point></Placemark><Placemark><TimeSpan><begin>2026-08-04T11:42:39Z</begin><end>2026-08-04T11:43:02Z</end></TimeSpan><styleUrl>#point</styleUrl><Point><altitudeMode>clampToGround</altitudeMode><coordinates>11.811972325667739,46.628694646060467,2415.9299999999998</coordinates></Point></Placemark><Placemark><TimeSpan><begin>2026-08-04T11:43:02Z</begin><end>2026-08-04T11:43:14Z</end></TimeSpan><styleUrl>#point</styleUrl><Point><altitudeMode>clampToGround</altitudeMode><coordinates>11.811934942379594,46.628694981336594,2415.9299999999998</coordinates></Point></Placemark><Placemark><TimeSpan><begin>2026-08-04T11:43:14Z</begin><end>2026-08-04T11:43:21Z</end></TimeSpan><styleUrl>#point</styleUrl><Point><altitudeMode>clampToGround</altitudeMode><coordinates>11.811922285705805,46.628708224743605,2414.4899999999998</coordinates></Point></Placemark><Placemark><TimeSpan><begin>2026-08-04T11:43:21Z</begin><end>2026-08-04T11:43:32Z</end></TimeSpan><styleUrl>#point</styleUrl><Point><altitudeMode>clampToGround</altitudeMode><coordinates>11.811850033700466,46.62871241569519,2413.0500000000002</coordinates></Point></Placemark><Placemark><TimeSpan><begin>2026-08-04T11:43:32Z</begin><end>2026-08-04T11:43:47Z</end></TimeSpan><styleUrl>#point</styleUrl><Point><altitudeMode>clampToGround</altitudeMode><coordinates>11.811661859974265,46.628768071532249,2412.0900000000001</coordinates></Point></Placemark><Placemark><TimeSpan><begin>2026-08-04T11:43:47Z</begin><end>2026-08-04T11:43:58Z</end></TimeSpan><styleUrl>#point</styleUrl><Point><altitudeMode>clampToGround</altitudeMode><coordinates>11.811560103669763,46.628814171999693,2412.0900000000001</coordinates></Point></Placemark><Placemark><TimeSpan><begin>2026-08-04T11:43:58Z</begin><end>2026-08-04T11:44:13Z</end></TimeSpan><styleUrl>#point</styleUrl><Point><altitudeMode>clampToGround</altitudeMode><coordinates>11.811310993507504,46.628858931362629,2412.0900000000001</coordinates></Point></Placemark><Placemark><TimeSpan><begin>2026-08-04T11:44:13Z</begin><end>2026-08-04T11:44:19Z</end></TimeSpan><styleUrl>#point</styleUrl><Point><altitudeMode>clampToGround</altitudeMode><coordinates>11.811221642419696,46.628862535580993,2413.5300000000002</coordinates></Point></Placemark><Placemark><TimeSpan><begin>2026-08-04T11:44:19Z</begin><end>2026-08-04T11:44:22Z</end></TimeSpan><styleUrl>#point</styleUrl><Point><altitudeMode>clampToGround</altitudeMode><coordinates>11.811184426769614,46.628862367942929,2413.5300000000002</coordinates></Point></Placemark><Placemark><TimeSpan><begin>2026-08-04T11:44:22Z</begin><end>2026-08-04T11:44:34Z</end></TimeSpan><styleUrl>#point</styleUrl><Point><altitudeMode>clampToGround</altitudeMode><coordinates>11.811035899445415,46.628857003524899,2415.4499999999998</coordinates></Point></Placemark><Placemark><TimeSpan><begin>2026-08-04T11:44:34Z</begin><end>2026-08-04T11:44:37Z</end></TimeSpan><styleUrl>#point</styleUrl><Point><altitudeMode>clampToGround</altitudeMode><coordinates>11.810999941080809,46.628847112879157,2415.4499999999998</coordinates></Point></Placemark><Placemark><TimeSpan><begin>2026-08-04T11:44:37Z</begin><end>2026-08-04T11:44:51Z</end></TimeSpan><styleUrl>#point</styleUrl><Point><altitudeMode>clampToGround</altitudeMode><coordinates>11.810862645506859,46.628765221685171,2415.9299999999998</coordinates></Point></Placemark><Placemark><TimeSpan><begin>2026-08-04T11:44:51Z</begin><end>2026-08-04T11:45:07Z</end></TimeSpan><styleUrl>#point</styleUrl><Point><altitudeMode>clampToGround</altitudeMode><coordinates>11.810656869783998,46.628730017691851,2414.4899999999998</coordinates></Point></Placemark><Placemark><TimeSpan><begin>2026-08-04T11:45:07Z</begin><end>2026-08-04T11:45:08Z</end></TimeSpan><styleUrl>#point</styleUrl><Point><altitudeMode>clampToGround</altitudeMode><coordinates>11.810647817328572,46.628724485635757,2414.4899999999998</coordinates></Point></Placemark><Placemark><TimeSpan><begin>2026-08-04T11:45:08Z</begin><end>2026-08-04T11:45:14Z</end></TimeSpan><styleUrl>#point</styleUrl><Point><altitudeMode>clampToGround</altitudeMode><coordinates>11.810583360493183,46.628695903345942,2414.0100000000002</coordinates></Point></Placemark><Placemark><TimeSpan><begin>2026-08-04T11:45:14Z</begin><end>2026-08-04T11:45:28Z</end></TimeSpan><styleUrl>#point</styleUrl><Point><altitudeMode>clampToGround</altitudeMode><coordinates>11.810404658317566,46.628648629412055,2413.0500000000002</coordinates></Point></Placemark><Placemark><TimeSpan><begin>2026-08-04T11:45:28Z</begin><end>2026-08-04T11:45:40Z</end></TimeSpan><styleUrl>#point</styleUrl><Point><altitudeMode>clampToGround</altitudeMode><coordinates>11.810225369408727,46.628605211153626,2413.0500000000002</coordinates></Point></Placemark><Placemark><TimeSpan><begin>2026-08-04T11:45:40Z</begin><end>2026-08-04T11:45:53Z</end></TimeSpan><styleUrl>#point</styleUrl><Point><altitudeMode>clampToGround</altitudeMode><coordinates>11.810038117691875,46.628560284152627,2411.5999999999999</coordinates></Point></Placemark><Placemark><TimeSpan><begin>2026-08-04T11:45:53Z</begin><end>2026-08-04T11:46:06Z</end></TimeSpan><styleUrl>#point</styleUrl><Point><altitudeMode>clampToGround</altitudeMode><coordinates>11.80984977632761,46.628549639135599,2411.1199999999999</coordinates></Point></Placemark><Placemark><TimeSpan><begin>2026-08-04T11:46:06Z</begin><end>2026-08-04T11:46:18Z</end></TimeSpan><styleUrl>#point</styleUrl><Point><altitudeMode>clampToGround</altitudeMode><coordinates>11.809660345315933,46.628558607771993,2411.1199999999999</coordinates></Point></Placemark><Placemark><TimeSpan><begin>2026-08-04T11:46:18Z</begin><end>2026-08-04T11:46:20Z</end></TimeSpan><styleUrl>#point</styleUrl><Point><altitudeMode>clampToGround</altitudeMode><coordinates>11.809630170464516,46.628556679934263,2411.1199999999999</coordinates></Point></Placemark><Placemark><TimeSpan><begin>2026-08-04T11:46:20Z</begin><end>2026-08-04T11:46:32Z</end></TimeSpan><styleUrl>#point</styleUrl><Point><altitudeMode>clampToGround</altitudeMode><coordinates>11.809510476887226,46.628464395180345,2409.6799999999998</coordinates></Point></Placemark><Placemark><TimeSpan><begin>2026-08-04T11:46:32Z</begin><end>2026-08-04T11:46:35Z</end></TimeSpan><styleUrl>#point</styleUrl><Point><altitudeMode>clampToGround</altitudeMode><coordinates>11.809474937617779,46.628446960821748,2411.1199999999999</coordinates></Point></Placemark><Placemark><TimeSpan><begin>2026-08-04T11:46:35Z</begin><end>2026-08-04T11:46:47Z</end></TimeSpan><styleUrl>#point</styleUrl><Point><altitudeMode>clampToGround</altitudeMode><coordinates>11.809323392808437,46.628403123468161,2411.1199999999999</coordinates></Point></Placemark><Placemark><TimeSpan><begin>2026-08-04T11:46:47Z</begin><end>2026-08-04T11:46:57Z</end></TimeSpan><styleUrl>#point</styleUrl><Point><altitudeMode>clampToGround</altitudeMode><coordinates>11.809185091406107,46.628356100991368,2410.1599999999999</coordinates></Point></Placemark><Placemark><TimeSpan><begin>2026-08-04T11:46:57Z</begin><end>2026-08-04T11:47:10Z</end></TimeSpan><styleUrl>#point</styleUrl><Point><altitudeMode>clampToGround</altitudeMode><coordinates>11.809017537161708,46.628303630277514,2410.1599999999999</coordinates></Point></Placemark><Placemark><TimeSpan><begin>2026-08-04T11:47:10Z</begin><end>2026-08-04T11:47:21Z</end></TimeSpan><styleUrl>#point</styleUrl><Point><altitudeMode>clampToGround</altitudeMode><coordinates>11.808884683996439,46.628250908106565,2409.1999999999998</coordinates></Point></Placemark><Placemark><TimeSpan><begin>2026-08-04T11:47:21Z</begin><end>2026-08-04T11:47:34Z</end></TimeSpan><styleUrl>#point</styleUrl><Point><altitudeMode>clampToGround</altitudeMode><coordinates>11.808718973770738,46.628186115995049,2409.6799999999998</coordinates></Point></Placemark><Placemark><TimeSpan><begin>2026-08-04T11:47:34Z</begin><end>2026-08-04T11:47:44Z</end></TimeSpan><styleUrl>#point</styleUrl><Point><altitudeMode>clampToGround</altitudeMode><coordinates>11.808588802814484,46.628131549805403,2408.2399999999998</coordinates></Point></Placemark><Placemark><TimeSpan><begin>2026-08-04T11:47:44Z</begin><end>2026-08-04T11:47:57Z</end></TimeSpan><styleUrl>#point</styleUrl><Point><altitudeMode>clampToGround</altitudeMode><coordinates>11.808410016819835,46.62807865999639,2408.7199999999998</coordinates></Point></Placemark><Placemark><TimeSpan><begin>2026-08-04T11:47:57Z</begin><end>2026-08-04T11:48:11Z</end></TimeSpan><styleUrl>#point</styleUrl><Point><altitudeMode>clampToGround</altitudeMode><coordinates>11.808231733739376,46.628031637519598,2407.7600000000002</coordinates></Point></Placemark><Placemark><TimeSpan><begin>2026-08-04T11:48:11Z</begin><end>2026-08-04T11:48:25Z</end></TimeSpan><styleUrl>#point</styleUrl><Point><altitudeMode>clampToGround</altitudeMode><coordinates>11.808042051270604,46.627968521788716,2406.3200000000002</coordinates></Point></Placemark><Placemark><TimeSpan><begin>2026-08-04T11:48:25Z</begin><end>2026-08-04T11:48:39Z</end></TimeSpan><styleUrl>#point</styleUrl><Point><altitudeMode>clampToGround</altitudeMode><coordinates>11.807849770411849,46.627914123237133,2404.3899999999999</coordinates></Point></Placemark><Placemark><TimeSpan><begin>2026-08-04T11:48:39Z</begin><end>2026-08-04T11:48:51Z</end></TimeSpan><styleUrl>#point</styleUrl><Point><altitudeMode>clampToGround</altitudeMode><coordinates>11.807677689939737,46.627878667786717,2403.9099999999999</coordinates></Point></Placemark><Placemark><TimeSpan><begin>2026-08-04T11:48:51Z</begin><end>2026-08-04T11:49:02Z</end></TimeSpan><styleUrl>#point</styleUrl><Point><altitudeMode>clampToGround</altitudeMode><coordinates>11.807521786540747,46.627846397459507,2403.9099999999999</coordinates></Point></Placemark><Placemark><TimeSpan><begin>2026-08-04T11:49:02Z</begin><end>2026-08-04T11:49:15Z</end></TimeSpan><styleUrl>#point</styleUrl><Point><altitudeMode>clampToGround</altitudeMode><coordinates>11.807334367185831,46.627805829048157,2403.4299999999998</coordinates></Point></Placemark><Placemark><TimeSpan><begin>2026-08-04T11:49:15Z</begin><end>2026-08-04T11:49:30Z</end></TimeSpan><styleUrl>#point</styleUrl><Point><altitudeMode>clampToGround</altitudeMode><coordinates>11.807121550664306,46.62774883210659,2402.4699999999998</coordinates></Point></Placemark><Placemark><TimeSpan><begin>2026-08-04T11:49:30Z</begin><end>2026-08-04T11:49:42Z</end></TimeSpan><styleUrl>#point</styleUrl><Point><altitudeMode>clampToGround</altitudeMode><coordinates>11.806978639215231,46.627669874578714,2401.5100000000002</coordinates></Point></Placemark><Placemark><TimeSpan><begin>2026-08-04T11:49:42Z</begin><end>2026-08-04T11:49:52Z</end></TimeSpan><styleUrl>#point</styleUrl><Point><altitudeMode>clampToGround</altitudeMode><coordinates>11.806910242885351,46.627638274803758,2401.5100000000002</coordinates></Point></Placemark><Placemark><TimeSpan><begin>2026-08-04T11:49:52Z</begin><end>2026-08-04T11:50:03Z</end></TimeSpan><styleUrl>#point</styleUrl><Point><altitudeMode>clampToGround</altitudeMode><coordinates>11.806769091635942,46.627594269812107,2401.0300000000002</coordinates></Point></Placemark><Placemark><TimeSpan><begin>2026-08-04T11:50:03Z</begin><end>2026-08-04T11:50:08Z</end></TimeSpan><styleUrl>#point</styleUrl><Point><altitudeMode>clampToGround</altitudeMode><coordinates>11.806694995611906,46.62758270278573,2400.5500000000002</coordinates></Point></Placemark><Placemark><TimeSpan><begin>2026-08-04T11:50:08Z</begin><end>2026-08-04T11:50:22Z</end></TimeSpan><styleUrl>#point</styleUrl><Point><altitudeMode>clampToGround</altitudeMode><coordinates>11.80648653768003,46.627555629238486,2400.0700000000002</coordinates></Point></Placemark><Placemark><TimeSpan><begin>2026-08-04T11:50:22Z</begin><end>2026-08-04T11:50:34Z</end></TimeSpan><styleUrl>#point</styleUrl><Point><altitudeMode>clampToGround</altitudeMode><coordinates>11.806326694786549,46.627532495185733,2400.5500000000002</coordinates></Point></Placemark><Placemark><TimeSpan><begin>2026-08-04T11:50:34Z</begin><end>2026-08-04T11:50:46Z</end></TimeSpan><styleUrl>#point</styleUrl><Point><altitudeMode>clampToGround</altitudeMode><coordinates>11.806163499131799,46.627510702237487,2400.5500000000002</coordinates></Point></Placemark><Placemark><TimeSpan><begin>2026-08-04T11:50:46Z</begin><end>2026-08-04T11:50:58Z</end></TimeSpan><styleUrl>#point</styleUrl><Point><altitudeMode>clampToGround</altitudeMode><coordinates>11.806004913523793,46.627484802156687,2400.0700000000002</coordinates></Point></Placemark><Placemark><TimeSpan><begin>2026-08-04T11:50:58Z</begin><end>2026-08-04T11:51:05Z</end></TimeSpan><styleUrl>#point</styleUrl><Point><altitudeMode>clampToGround</altitudeMode><coordinates>11.805914053693414,46.627468205988407,2399.5900000000001</coordinates></Point></Placemark><Placemark><TimeSpan><begin>2026-08-04T11:51:05Z</begin><end>2026-08-04T11:51:07Z</end></TimeSpan><styleUrl>#point</styleUrl><Point><altitudeMode>clampToGround</altitudeMode><coordinates>11.805883292108774,46.62746493704617,2399.5900000000001</coordinates></Point></Placemark><Placemark><TimeSpan><begin>2026-08-04T11:51:07Z</begin><end>2026-08-04T11:51:22Z</end></TimeSpan><styleUrl>#point</styleUrl><Point><altitudeMode>clampToGround</altitudeMode><coordinates>11.805685814470053,46.627406682819128,2399.1100000000001</coordinates></Point></Placemark><Placemark><TimeSpan><begin>2026-08-04T11:51:22Z</begin><end>2026-08-04T11:51:35Z</end></TimeSpan><styleUrl>#point</styleUrl><Point><altitudeMode>clampToGround</altitudeMode><coordinates>11.805561427026987,46.627387823536992,2399.1100000000001</coordinates></Point></Placemark><Placemark><TimeSpan><begin>2026-08-04T11:51:35Z</begin><end>2026-08-04T11:51:48Z</end></TimeSpan><styleUrl>#point</styleUrl><Point><altitudeMode>clampToGround</altitudeMode><coordinates>11.805491270497441,46.627345243468881,2398.6300000000001</coordinates></Point></Placemark><Placemark><TimeSpan><begin>2026-08-04T11:51:48Z</begin><end>2026-08-04T11:51:51Z</end></TimeSpan><styleUrl>#point</styleUrl><Point><altitudeMode>clampToGround</altitudeMode><coordinates>11.805453803390265,46.627330407500267,2398.6300000000001</coordinates></Point></Placemark><Placemark><TimeSpan><begin>2026-08-04T11:51:51Z</begin><end>2026-08-04T11:51:55Z</end></TimeSpan><styleUrl>#point</styleUrl><Point><altitudeMode>clampToGround</altitudeMode><coordinates>11.805419940501451,46.627310877665877,2398.6300000000001</coordinates></Point></Placemark><Placemark><TimeSpan><begin>2026-08-04T11:51:55Z</begin><end>2026-08-04T11:52:08Z</end></TimeSpan><styleUrl>#point</styleUrl><Point><altitudeMode>clampToGround</altitudeMode><coordinates>11.805243417620659,46.627278355881572,2398.6300000000001</coordinates></Point></Placemark><Placemark><TimeSpan><begin>2026-08-04T11:52:08Z</begin><end>2026-08-04T11:52:10Z</end></TimeSpan><styleUrl>#point</styleUrl><Point><altitudeMode>clampToGround</altitudeMode><coordinates>11.805217433720827,46.627270644530654,2398.6300000000001</coordinates></Point></Placemark><Placemark><TimeSpan><begin>2026-08-04T11:52:10Z</begin><end>2026-08-04T11:52:15Z</end></TimeSpan><styleUrl>#point</styleUrl><Point><altitudeMode>clampToGround</altitudeMode><coordinates>11.805150881409645,46.627258826047182,2398.6300000000001</coordinates></Point></Placemark><Placemark><TimeSpan><begin>2026-08-04T11:52:15Z</begin><end>2026-08-04T11:52:28Z</end></TimeSpan><styleUrl>#point</styleUrl><Point><altitudeMode>clampToGround</altitudeMode><coordinates>11.804993720725179,46.627246923744678,2398.1500000000001</coordinates></Point></Placemark><Placemark><TimeSpan><begin>2026-08-04T11:52:28Z</begin><end>2026-08-04T11:52:29Z</end></TimeSpan><styleUrl>#point</styleUrl><Point><altitudeMode>clampToGround</altitudeMode><coordinates>11.804980393499136,46.627246420830488,2398.1500000000001</coordinates></Point></Placemark><Placemark><TimeSpan><begin>2026-08-04T11:52:29Z</begin><end>2026-08-04T11:52:42Z</end></TimeSpan><styleUrl>#point</styleUrl><Point><altitudeMode>clampToGround</altitudeMode><coordinates>11.804788112640381,46.627217503264546,2398.6300000000001</coordinates></Point></Placemark><Placemark><TimeSpan><begin>2026-08-04T11:52:42Z</begin><end>2026-08-04T11:52:47Z</end></TimeSpan><styleUrl>#point</styleUrl><Point><altitudeMode>clampToGround</altitudeMode><coordinates>11.804714351892471,46.627208534628153,2397.6700000000001</coordinates></Point></Placemark><Placemark><TimeSpan><begin>2026-08-04T11:52:47Z</begin><end>2026-08-04T11:53:00Z</end></TimeSpan><styleUrl>#point</styleUrl><Point><altitudeMode>clampToGround</altitudeMode><coordinates>11.804515114054084,46.627203589305282,2397.1799999999998</coordinates></Point></Placemark><Placemark><TimeSpan><begin>2026-08-04T11:53:00Z</begin><end>2026-08-04T11:53:13Z</end></TimeSpan><styleUrl>#point</styleUrl><Point><altitudeMode>clampToGround</altitudeMode><coordinates>11.804339261725545,46.627179533243179,2397.1799999999998</coordinates></Point></Placemark><Placemark><TimeSpan><begin>2026-08-04T11:53:13Z</begin><end>2026-08-04T11:53:27Z</end></TimeSpan><styleUrl>#point</styleUrl><Point><altitudeMode>clampToGround</altitudeMode><coordinates>11.804131725803018,46.627147430554032,2396.2199999999998</coordinates></Point></Placemark><Placemark><TimeSpan><begin>2026-08-04T11:53:27Z</begin><end>2026-08-04T11:53:36Z</end></TimeSpan><styleUrl>#point</styleUrl><Point><altitudeMode>clampToGround</altitudeMode><coordinates>11.803997531533241,46.627126978710294,2396.2199999999998</coordinates></Point></Placemark><Placemark><TimeSpan><begin>2026-08-04T11:53:36Z</begin><end>2026-08-04T11:53:49Z</end></TimeSpan><styleUrl>#point</styleUrl><Point><altitudeMode>clampToGround</altitudeMode><coordinates>11.80381472222507,46.627108957618475,2395.2600000000002</coordinates></Point></Placemark><Placemark><TimeSpan><begin>2026-08-04T11:53:49Z</begin><end>2026-08-04T11:54:00Z</end></TimeSpan><styleUrl>#point</styleUrl><Point><altitudeMode>clampToGround</altitudeMode><coordinates>11.803659573197365,46.627091355621815,2395.2600000000002</coordinates></Point></Placemark><Placemark><TimeSpan><begin>2026-08-04T11:54:00Z</begin><end>2026-08-04T11:54:13Z</end></TimeSpan><styleUrl>#point</styleUrl><Point><altitudeMode>clampToGround</altitudeMode><coordinates>11.803472740575671,46.627065790817142,2394.7800000000002</coordinates></Point></Placemark><Placemark><TimeSpan><begin>2026-08-04T11:54:13Z</begin><end>2026-08-04T11:54:27Z</end></TimeSpan><styleUrl>#point</styleUrl><Point><altitudeMode>clampToGround</altitudeMode><coordinates>11.803273670375347,46.627035448327661,2394.7800000000002</coordinates></Point></Placemark><Placemark><TimeSpan><begin>2026-08-04T11:54:27Z</begin><end>2026-08-04T11:54:37Z</end></TimeSpan><styleUrl>#point</styleUrl><Point><altitudeMode>clampToGround</altitudeMode><coordinates>11.803134698420763,46.627015415579081,2393.8200000000002</coordinates></Point></Placemark><Placemark><TimeSpan><begin>2026-08-04T11:54:37Z</begin><end>2026-08-04T11:54:51Z</end></TimeSpan><styleUrl>#point</styleUrl><Point><altitudeMode>clampToGround</altitudeMode><coordinates>11.802935292944312,46.62697778083384,2393.8200000000002</coordinates></Point></Placemark><Placemark><TimeSpan><begin>2026-08-04T11:54:51Z</begin><end>2026-08-04T11:55:01Z</end></TimeSpan><styleUrl>#point</styleUrl><Point><altitudeMode>clampToGround</altitudeMode><coordinates>11.802834458649158,46.626947605982423,2393.8200000000002</coordinates></Point></Placemark><Placemark><TimeSpan><begin>2026-08-04T11:55:01Z</begin><end>2026-08-04T11:55:14Z</end></TimeSpan><styleUrl>#point</styleUrl><Point><altitudeMode>clampToGround</altitudeMode><coordinates>11.802647123113275,46.626913072541356,2392.8600000000001</coordinates></Point></Placemark><Placemark><TimeSpan><begin>2026-08-04T11:55:14Z</begin><end>2026-08-04T11:55:27Z</end></TimeSpan><styleUrl>#point</styleUrl><Point><altitudeMode>clampToGround</altitudeMode><coordinates>11.802466157823801,46.626873761415482,2392.8600000000001</coordinates></Point></Placemark><Placemark><TimeSpan><begin>2026-08-04T11:55:27Z</begin><end>2026-08-04T11:55:40Z</end></TimeSpan><styleUrl>#point</styleUrl><Point><altitudeMode>clampToGround</altitudeMode><coordinates>11.802263064309955,46.626845514401793,2392.8600000000001</coordinates></Point></Placemark><Placemark><TimeSpan><begin>2026-08-04T11:55:40Z</begin><end>2026-08-04T11:55:53Z</end></TimeSpan><styleUrl>#point</styleUrl><Point><altitudeMode>clampToGround</altitudeMode><coordinates>11.80208838544786,46.626809388399124,2392.8600000000001</coordinates></Point></Placemark><Placemark><TimeSpan><begin>2026-08-04T11:55:53Z</begin><end>2026-08-04T11:55:54Z</end></TimeSpan><styleUrl>#point</styleUrl><Point><altitudeMode>clampToGround</altitudeMode><coordinates>11.802075728774071,46.626804191619158,2392.8600000000001</coordinates></Point></Placemark><Placemark><TimeSpan><begin>2026-08-04T11:55:54Z</begin><end>2026-08-04T11:56:07Z</end></TimeSpan><styleUrl>#point</styleUrl><Point><altitudeMode>clampToGround</altitudeMode><coordinates>11.801912616938353,46.626766975969076,2391.9000000000001</coordinates></Point></Placemark><Placemark><TimeSpan><begin>2026-08-04T11:56:07Z</begin><end>2026-08-04T11:56:20Z</end></TimeSpan><styleUrl>#point</styleUrl><Point><altitudeMode>clampToGround</altitudeMode><coordinates>11.801728215068579,46.626721965149045,2391.4200000000001</coordinates></Point></Placemark><Placemark><TimeSpan><begin>2026-08-04T11:56:20Z</begin><end>2026-08-04T11:56:31Z</end></TimeSpan><styleUrl>#point</styleUrl><Point><altitudeMode>clampToGround</altitudeMode><coordinates>11.801571222022176,46.626695143058896,2391.4200000000001</coordinates></Point></Placemark><Placemark><TimeSpan><begin>2026-08-04T11:56:31Z</begin><end>2026-08-04T11:56:43Z</end></TimeSpan><styleUrl>#point</styleUrl><Point><altitudeMode>clampToGround</altitudeMode><coordinates>11.801390340551734,46.626666309311986,2391.4200000000001</coordinates></Point></Placemark><Placemark><TimeSpan><begin>2026-08-04T11:56:43Z</begin><end>2026-08-04T11:56:57Z</end></TimeSpan><styleUrl>#point</styleUrl><Point><altitudeMode>clampToGround</altitudeMode><coordinates>11.801162855699658,46.626625824719667,2389.9699999999998</coordinates></Point></Placemark><Placemark><TimeSpan><begin>2026-08-04T11:56:57Z</begin><end>2026-08-04T11:57:00Z</end></TimeSpan><styleUrl>#point</styleUrl><Point><altitudeMode>clampToGround</altitudeMode><coordinates>11.801125556230545,46.626611240208149,2389.4899999999998</coordinates></Point></Placemark><Placemark><TimeSpan><begin>2026-08-04T11:57:00Z</begin><end>2026-08-04T11:57:13Z</end></TimeSpan><styleUrl>#point</styleUrl><Point><altitudeMode>clampToGround</altitudeMode><coordinates>11.80095573887229,46.626555165275931,2389.0100000000002</coordinates></Point></Placemark><Placemark><TimeSpan><begin>2026-08-04T11:57:13Z</begin><end>2026-08-04T11:57:15Z</end></TimeSpan><styleUrl>#point</styleUrl><Point><altitudeMode>clampToGround</altitudeMode><coordinates>11.800936879590154,46.626546112820506,2389.0100000000002</coordinates></Point></Placemark><Placemark><TimeSpan><begin>2026-08-04T11:57:15Z</begin><end>2026-08-04T11:57:25Z</end></TimeSpan><styleUrl>#point</styleUrl><Point><altitudeMode>clampToGround</altitudeMode><coordinates>11.800869405269623,46.626503197476268,2387.5700000000002</coordinates></Point></Placemark><Placemark><TimeSpan><begin>2026-08-04T11:57:25Z</begin><end>2026-08-04T11:57:28Z</end></TimeSpan><styleUrl>#point</styleUrl><Point><altitudeMode>clampToGround</altitudeMode><coordinates>11.800840152427554,46.626494312658906,2387.5700000000002</coordinates></Point></Placemark><Placemark><TimeSpan><begin>2026-08-04T11:57:28Z</begin><end>2026-08-04T11:57:40Z</end></TimeSpan><styleUrl>#point</styleUrl><Point><altitudeMode>clampToGround</altitudeMode><coordinates>11.800692295655608,46.626438405364752,2386.6100000000001</coordinates></Point></Placemark><Placemark><TimeSpan><begin>2026-08-04T11:57:40Z</begin><end>2026-08-04T11:57:52Z</end></TimeSpan><styleUrl>#point</styleUrl><Point><altitudeMode>clampToGround</altitudeMode><coordinates>11.800596155226231,46.626324998214841,2385.6500000000001</coordinates></Point></Placemark><Placemark><TimeSpan><begin>2026-08-04T11:57:52Z</begin><end>2026-08-04T11:58:02Z</end></TimeSpan><styleUrl>#point</styleUrl><Point><altitudeMode>clampToGround</altitudeMode><coordinates>11.80055852048099,46.626243945211172,2385.6500000000001</coordinates></Point></Placemark><Placemark><TimeSpan><begin>2026-08-04T11:58:02Z</begin><end>2026-08-04T11:58:04Z</end></TimeSpan><styleUrl>#point</styleUrl><Point><altitudeMode>clampToGround</altitudeMode><coordinates>11.800538236275315,46.626233803108335,2385.6500000000001</coordinates></Point></Placemark><Placemark><TimeSpan><begin>2026-08-04T11:58:04Z</begin><end>2026-08-04T11:58:16Z</end></TimeSpan><styleUrl>#point</styleUrl><Point><altitudeMode>clampToGround</altitudeMode><coordinates>11.800421392545104,46.626214692369103,2385.1700000000001</coordinates></Point></Placemark><Placemark><TimeSpan><begin>2026-08-04T11:58:16Z</begin><end>2026-08-04T11:58:26Z</end></TimeSpan><styleUrl>#point</styleUrl><Point><altitudeMode>clampToGround</altitudeMode><coordinates>11.800370514392853,46.626204047352076,2384.21</coordinates></Point></Placemark><Placemark><TimeSpan><begin>2026-08-04T11:58:26Z</begin><end>2026-08-04T11:58:31Z</end></TimeSpan><styleUrl>#point</styleUrl><Point><altitudeMode>clampToGround</altitudeMode><coordinates>11.80030345916748,46.626201784238219,2383.73</coordinates></Point></Placemark><Placemark><TimeSpan><begin>2026-08-04T11:58:31Z</begin><end>2026-08-04T11:58:44Z</end></TimeSpan><styleUrl>#point</styleUrl><Point><altitudeMode>clampToGround</altitudeMode><coordinates>11.800201702862978,46.626180158928037,2382.2800000000002</coordinates></Point></Placemark><Placemark><TimeSpan><begin>2026-08-04T11:58:44Z</begin><end>2026-08-04T11:58:57Z</end></TimeSpan><styleUrl>#point</styleUrl><Point><altitudeMode>clampToGround</altitudeMode><coordinates>11.800167756155133,46.62617445923388,2382.2800000000002</coordinates></Point></Placemark><Placemark><TimeSpan><begin>2026-08-04T11:58:57Z</begin><end>2026-08-04T11:59:09Z</end></TimeSpan><styleUrl>#point</styleUrl><Point><altitudeMode>clampToGround</altitudeMode><coordinates>11.800093073397875,46.626185104250908,2381.8000000000002</coordinates></Point></Placemark><Placemark><TimeSpan><begin>2026-08-04T11:59:09Z</begin><end>2026-08-04T11:59:18Z</end></TimeSpan><styleUrl>#point</styleUrl><Point><altitudeMode>clampToGround</altitudeMode><coordinates>11.80001369677484,46.626182505860925,2380.8400000000001</coordinates></Point></Placemark><Placemark><TimeSpan><begin>2026-08-04T11:59:18Z</begin><end>2026-08-04T11:59:30Z</end></TimeSpan><styleUrl>#point</styleUrl><Point><altitudeMode>clampToGround</altitudeMode><coordinates>11.799835665151477,46.626177225261927,2379.4000000000001</coordinates></Point></Placemark><Placemark><TimeSpan><begin>2026-08-04T11:59:30Z</begin><end>2026-08-04T11:59:39Z</end></TimeSpan><styleUrl>#point</styleUrl><Point><altitudeMode>clampToGround</altitudeMode><coordinates>11.799767017364502,46.626150403171778,2378.4400000000001</coordinates></Point></Placemark><Placemark><TimeSpan><begin>2026-08-04T11:59:39Z</begin><end>2026-08-04T11:59:50Z</end></TimeSpan><styleUrl>#point</styleUrl><Point><altitudeMode>clampToGround</altitudeMode><coordinates>11.799687640741467,46.62612316198647,2377.48</coordinates></Point></Placemark><Placemark><TimeSpan><begin>2026-08-04T11:59:50Z</begin><end>2026-08-04T12:00:01Z</end></TimeSpan><styleUrl>#point</styleUrl><Point><altitudeMode>clampToGround</altitudeMode><coordinates>11.799667943269014,46.626081336289644,2376.04</coordinates></Point></Placemark><Placemark><TimeSpan><begin>2026-08-04T12:00:01Z</begin><end>2026-08-04T12:00:14Z</end></TimeSpan><styleUrl>#point</styleUrl><Point><altitudeMode>clampToGround</altitudeMode><coordinates>11.799567779526114,46.626040013507009,2374.1100000000001</coordinates></Point></Placemark><Placemark><TimeSpan><begin>2026-08-04T12:00:14Z</begin><end>2026-08-04T12:00:23Z</end></TimeSpan><styleUrl>#point</styleUrl><Point><altitudeMode>clampToGround</altitudeMode><coordinates>11.799457054585218,46.626033391803503,2372.1900000000001</coordinates></Point></Placemark><Placemark><TimeSpan><begin>2026-08-04T12:00:23Z</begin><end>2026-08-04T12:00:35Z</end></TimeSpan><styleUrl>#point</styleUrl><Point><altitudeMode>clampToGround</altitudeMode><coordinates>11.799317831173539,46.625993242487311,2371.23</coordinates></Point></Placemark><Placemark><TimeSpan><begin>2026-08-04T12:00:35Z</begin><end>2026-08-04T12:00:47Z</end></TimeSpan><styleUrl>#point</styleUrl><Point><altitudeMode>clampToGround</altitudeMode><coordinates>11.799166789278388,46.62597949616611,2370.75</coordinates></Point></Placemark><Placemark><TimeSpan><begin>2026-08-04T12:00:47Z</begin><end>2026-08-04T12:00:59Z</end></TimeSpan><styleUrl>#point</styleUrl><Point><altitudeMode>clampToGround</altitudeMode><coordinates>11.799025638028979,46.625987039878964,2370.75</coordinates></Point></Placemark><Placemark><TimeSpan><begin>2026-08-04T12:00:59Z</begin><end>2026-08-04T12:01:08Z</end></TimeSpan><styleUrl>#point</styleUrl><Point><altitudeMode>clampToGround</altitudeMode><coordinates>11.798951542004943,46.625945968553424,2369.79</coordinates></Point></Placemark><Placemark><TimeSpan><begin>2026-08-04T12:01:08Z</begin><end>2026-08-04T12:01:12Z</end></TimeSpan><styleUrl>#point</styleUrl><Point><altitudeMode>clampToGround</altitudeMode><coordinates>11.798897059634328,46.625934485346079,2369.79</coordinates></Point></Placemark><Placemark><TimeSpan><begin>2026-08-04T12:01:12Z</begin><end>2026-08-04T12:01:14Z</end></TimeSpan><styleUrl>#point</styleUrl><Point><altitudeMode>clampToGround</altitudeMode><coordinates>11.798867974430323,46.625936161726713,2369.79</coordinates></Point></Placemark><Placemark><TimeSpan><begin>2026-08-04T12:01:14Z</begin><end>2026-08-04T12:01:27Z</end></TimeSpan><styleUrl>#point</styleUrl><Point><altitudeMode>clampToGround</altitudeMode><coordinates>11.798705197870731,46.625905148684978,2369.3099999999999</coordinates></Point></Placemark><Placemark><TimeSpan><begin>2026-08-04T12:01:27Z</begin><end>2026-08-04T12:01:36Z</end></TimeSpan><styleUrl>#point</styleUrl><Point><altitudeMode>clampToGround</altitudeMode><coordinates>11.798581397160888,46.625883188098669,2368.8299999999999</coordinates></Point></Placemark><Placemark><TimeSpan><begin>2026-08-04T12:01:36Z</begin><end>2026-08-04T12:01:46Z</end></TimeSpan><styleUrl>#point</styleUrl><Point><altitudeMode>clampToGround</altitudeMode><coordinates>11.798502691090107,46.625877488404512,2368.8299999999999</coordinates></Point></Placemark><Placemark><TimeSpan><begin>2026-08-04T12:01:46Z</begin><end>2026-08-04T12:01:56Z</end></TimeSpan><styleUrl>#point</styleUrl><Point><altitudeMode>clampToGround</altitudeMode><coordinates>11.798451393842697,46.625858964398503,2367.8600000000001</coordinates></Point></Placemark><Placemark><TimeSpan><begin>2026-08-04T12:01:56Z</begin><end>2026-08-04T12:02:05Z</end></TimeSpan><styleUrl>#point</styleUrl><Point><altitudeMode>clampToGround</altitudeMode><coordinates>11.798452902585268,46.625825772061944,2366.4200000000001</coordinates></Point></Placemark><Placemark><TimeSpan><begin>2026-08-04T12:02:05Z</begin><end>2026-08-04T12:02:14Z</end></TimeSpan><styleUrl>#point</styleUrl><Point><altitudeMode>clampToGround</altitudeMode><coordinates>11.798364641144872,46.625800542533398,2364.98</coordinates></Point></Placemark><Placemark><TimeSpan><begin>2026-08-04T12:02:14Z</begin><end>2026-08-04T12:02:25Z</end></TimeSpan><styleUrl>#point</styleUrl><Point><altitudeMode>clampToGround</altitudeMode><coordinates>11.798246204853058,46.625780174508691,2363.54</coordinates></Point></Placemark><Placemark><TimeSpan><begin>2026-08-04T12:02:25Z</begin><end>2026-08-04T12:02:36Z</end></TimeSpan><styleUrl>#point</styleUrl><Point><altitudeMode>clampToGround</altitudeMode><coordinates>11.798168253153563,46.625771122053266,2363.0599999999999</coordinates></Point></Placemark><Placemark><TimeSpan><begin>2026-08-04T12:02:36Z</begin><end>2026-08-04T12:02:46Z</end></TimeSpan><styleUrl>#point</styleUrl><Point><altitudeMode>clampToGround</altitudeMode><coordinates>11.79808703251183,46.625727787613869,2361.1399999999999</coordinates></Point></Placemark><Placemark><TimeSpan><begin>2026-08-04T12:02:46Z</begin><end>2026-08-04T12:02:57Z</end></TimeSpan><styleUrl>#point</styleUrl><Point><altitudeMode>clampToGround</altitudeMode><coordinates>11.797981169074774,46.625694008544087,2359.6900000000001</coordinates></Point></Placemark><Placemark><TimeSpan><begin>2026-08-04T12:02:57Z</begin><end>2026-08-04T12:03:08Z</end></TimeSpan><styleUrl>#point</styleUrl><Point><altitudeMode>clampToGround</altitudeMode><coordinates>11.797870360314846,46.625667689368129,2358.25</coordinates></Point></Placemark><Placemark><TimeSpan><begin>2026-08-04T12:03:08Z</begin><end>2026-08-04T12:03:18Z</end></TimeSpan><styleUrl>#point</styleUrl><Point><altitudeMode>clampToGround</altitudeMode><coordinates>11.797844627872109,46.625626785680652,2356.8099999999999</coordinates></Point></Placemark><Placemark><TimeSpan><begin>2026-08-04T12:03:18Z</begin><end>2026-08-04T12:03:26Z</end></TimeSpan><styleUrl>#point</styleUrl><Point><altitudeMode>clampToGround</altitudeMode><coordinates>11.797835910692811,46.625586384907365,2355.3699999999999</coordinates></Point></Placemark><Placemark><TimeSpan><begin>2026-08-04T12:03:26Z</begin><end>2026-08-04T12:03:35Z</end></TimeSpan><styleUrl>#point</styleUrl><Point><altitudeMode>clampToGround</altitudeMode><coordinates>11.797772627323866,46.625565513968468,2354.4099999999999</coordinates></Point></Placemark><Placemark><TimeSpan><begin>2026-08-04T12:03:35Z</begin><end>2026-08-04T12:03:46Z</end></TimeSpan><styleUrl>#point</styleUrl><Point><altitudeMode>clampToGround</altitudeMode><coordinates>11.797711607068777,46.625552354380488,2352.48</coordinates></Point></Placemark><Placemark><TimeSpan><begin>2026-08-04T12:03:46Z</begin><end>2026-08-04T12:03:55Z</end></TimeSpan><styleUrl>#point</styleUrl><Point><altitudeMode>clampToGround</altitudeMode><coordinates>11.797643294557929,46.625539613887668,2351.04</coordinates></Point></Placemark><Placemark><TimeSpan><begin>2026-08-04T12:03:55Z</begin><end>2026-08-04T12:04:04Z</end></TimeSpan><styleUrl>#point</styleUrl><Point><altitudeMode>clampToGround</altitudeMode><coordinates>11.797604653984308,46.625510780140758,2349.5999999999999</coordinates></Point></Placemark><Placemark><TimeSpan><begin>2026-08-04T12:04:04Z</begin><end>2026-08-04T12:04:14Z</end></TimeSpan><styleUrl>#point</styleUrl><Point><altitudeMode>clampToGround</altitudeMode><coordinates>11.797533743083477,46.625491166487336,2348.1599999999999</coordinates></Point></Placemark><Placemark><TimeSpan><begin>2026-08-04T12:04:14Z</begin><end>2026-08-04T12:04:23Z</end></TimeSpan><styleUrl>#point</styleUrl><Point><altitudeMode>clampToGround</altitudeMode><coordinates>11.797484373673797,46.625472977757454,2347.1999999999998</coordinates></Point></Placemark><Placemark><TimeSpan><begin>2026-08-04T12:04:23Z</begin><end>2026-08-04T12:04:32Z</end></TimeSpan><styleUrl>#point</styleUrl><Point><altitudeMode>clampToGround</altitudeMode><coordinates>11.797396866604686,46.62544883787632,2345.75</coordinates></Point></Placemark><Placemark><TimeSpan><begin>2026-08-04T12:04:32Z</begin><end>2026-08-04T12:04:42Z</end></TimeSpan><styleUrl>#point</styleUrl><Point><altitudeMode>clampToGround</altitudeMode><coordinates>11.797334924340248,46.625409191474319,2344.3099999999999</coordinates></Point></Placemark><Placemark><TimeSpan><begin>2026-08-04T12:04:42Z</begin><end>2026-08-04T12:04:50Z</end></TimeSpan><styleUrl>#point</styleUrl><Point><altitudeMode>clampToGround</altitudeMode><coordinates>11.797247501090169,46.625402485951781,2343.3499999999999</coordinates></Point></Placemark><Placemark><TimeSpan><begin>2026-08-04T12:04:50Z</begin><end>2026-08-04T12:05:01Z</end></TimeSpan><styleUrl>#point</styleUrl><Point><altitudeMode>clampToGround</altitudeMode><coordinates>11.797195114195347,46.625370467081666,2342.3899999999999</coordinates></Point></Placemark><Placemark><TimeSpan><begin>2026-08-04T12:05:01Z</begin><end>2026-08-04T12:05:04Z</end></TimeSpan><styleUrl>#point</styleUrl><Point><altitudeMode>clampToGround</altitudeMode><coordinates>11.797162927687168,46.62537943571806,2341.4299999999998</coordinates></Point></Placemark><Placemark><TimeSpan><begin>2026-08-04T12:05:04Z</begin><end>2026-08-04T12:05:14Z</end></TimeSpan><styleUrl>#point</styleUrl><Point><altitudeMode>clampToGround</altitudeMode><coordinates>11.797120766714215,46.625359989702702,2340.4699999999998</coordinates></Point></Placemark><Placemark><TimeSpan><begin>2026-08-04T12:05:14Z</begin><end>2026-08-04T12:05:24Z</end></TimeSpan><styleUrl>#point</styleUrl><Point><altitudeMode>clampToGround</altitudeMode><coordinates>11.797016831114888,46.625341130420566,2339.5100000000002</coordinates></Point></Placemark><Placemark><TimeSpan><begin>2026-08-04T12:05:24Z</begin><end>2026-08-04T12:05:38Z</end></TimeSpan><styleUrl>#point</styleUrl><Point><altitudeMode>clampToGround</altitudeMode><coordinates>11.796844331547618,46.625343477353454,2338.54</coordinates></Point></Placemark><Placemark><TimeSpan><begin>2026-08-04T12:05:38Z</begin><end>2026-08-04T12:05:48Z</end></TimeSpan><styleUrl>#point</styleUrl><Point><altitudeMode>clampToGround</altitudeMode><coordinates>11.796808205544949,46.625300645828247,2336.6199999999999</coordinates></Point></Placemark><Placemark><TimeSpan><begin>2026-08-04T12:05:48Z</begin><end>2026-08-04T12:05:57Z</end></TimeSpan><styleUrl>#point</styleUrl><Point><altitudeMode>clampToGround</altitudeMode><coordinates>11.796729080379009,46.62528321146965,2335.1799999999998</coordinates></Point></Placemark><Placemark><TimeSpan><begin>2026-08-04T12:05:57Z</begin><end>2026-08-04T12:06:02Z</end></TimeSpan><styleUrl>#point</styleUrl><Point><altitudeMode>clampToGround</altitudeMode><coordinates>11.796695720404387,46.625257730484009,2334.2199999999998</coordinates></Point></Placemark><Placemark><TimeSpan><begin>2026-08-04T12:06:02Z</begin><end>2026-08-04T12:06:08Z</end></TimeSpan><styleUrl>#point</styleUrl><Point><altitudeMode>clampToGround</altitudeMode><coordinates>11.796801080927253,46.625229818746448,2332.7800000000002</coordinates></Point></Placemark><Placemark><TimeSpan><begin>2026-08-04T12:06:08Z</begin><end>2026-08-04T12:06:20Z</end></TimeSpan><styleUrl>#point</styleUrl><Point><altitudeMode>clampToGround</altitudeMode><coordinates>11.796915913000703,46.625178856775165,2330.3699999999999</coordinates></Point></Placemark><Placemark><TimeSpan><begin>2026-08-04T12:06:20Z</begin><end>2026-08-04T12:06:30Z</end></TimeSpan><styleUrl>#point</styleUrl><Point><altitudeMode>clampToGround</altitudeMode><coordinates>11.796992355957627,46.62515421397984,2328.4499999999998</coordinates></Point></Placemark><Placemark><TimeSpan><begin>2026-08-04T12:06:30Z</begin><end>2026-08-04T12:06:39Z</end></TimeSpan><styleUrl>#point</styleUrl><Point><altitudeMode>clampToGround</altitudeMode><coordinates>11.797038540244102,46.625120518729091,2326.5300000000002</coordinates></Point></Placemark><Placemark><TimeSpan><begin>2026-08-04T12:06:39Z</begin><end>2026-08-04T12:06:51Z</end></TimeSpan><styleUrl>#point</styleUrl><Point><altitudeMode>clampToGround</altitudeMode><coordinates>11.797115234658122,46.625083051621914,2323.6399999999999</coordinates></Point></Placemark><Placemark><TimeSpan><begin>2026-08-04T12:06:51Z</begin><end>2026-08-04T12:07:02Z</end></TimeSpan><styleUrl>#point</styleUrl><Point><altitudeMode>clampToGround</altitudeMode><coordinates>11.797170974314213,46.625041477382183,2321.7199999999998</coordinates></Point></Placemark><Placemark><TimeSpan><begin>2026-08-04T12:07:02Z</begin><end>2026-08-04T12:07:12Z</end></TimeSpan><styleUrl>#point</styleUrl><Point><altitudeMode>clampToGround</altitudeMode><coordinates>11.797218834981322,46.625013314187527,2320.2800000000002</coordinates></Point></Placemark><Placemark><TimeSpan><begin>2026-08-04T12:07:12Z</begin><end>2026-08-04T12:07:22Z</end></TimeSpan><styleUrl>#point</styleUrl><Point><altitudeMode>clampToGround</altitudeMode><coordinates>11.797281028702855,46.624983223155141,2318.8400000000001</coordinates></Point></Placemark><Placemark><TimeSpan><begin>2026-08-04T12:07:22Z</begin><end>2026-08-04T12:07:34Z</end></TimeSpan><styleUrl>#point</styleUrl><Point><altitudeMode>clampToGround</altitudeMode><coordinates>11.797311957925558,46.624942906200886,2316.9099999999999</coordinates></Point></Placemark><Placemark><TimeSpan><begin>2026-08-04T12:07:34Z</begin><end>2026-08-04T12:07:45Z</end></TimeSpan><styleUrl>#point</styleUrl><Point><altitudeMode>clampToGround</altitudeMode><coordinates>11.797394268214703,46.624900661408901,2314.9899999999998</coordinates></Point></Placemark><Placemark><TimeSpan><begin>2026-08-04T12:07:45Z</begin><end>2026-08-04T12:07:57Z</end></TimeSpan><styleUrl>#point</styleUrl><Point><altitudeMode>clampToGround</altitudeMode><coordinates>11.797427460551262,46.624884568154812,2313.5500000000002</coordinates></Point></Placemark><Placemark><TimeSpan><begin>2026-08-04T12:07:57Z</begin><end>2026-08-04T12:08:09Z</end></TimeSpan><styleUrl>#point</styleUrl><Point><altitudeMode>clampToGround</altitudeMode><coordinates>11.797504238784313,46.624849364161491,2310.6700000000001</coordinates></Point></Placemark><Placemark><TimeSpan><begin>2026-08-04T12:08:09Z</begin><end>2026-08-04T12:08:20Z</end></TimeSpan><styleUrl>#point</styleUrl><Point><altitudeMode>clampToGround</altitudeMode><coordinates>11.797582525759935,46.62480435334146,2308.7399999999998</coordinates></Point></Placemark><Placemark><TimeSpan><begin>2026-08-04T12:08:20Z</begin><end>2026-08-04T12:08:31Z</end></TimeSpan><styleUrl>#point</styleUrl><Point><altitudeMode>clampToGround</altitudeMode><coordinates>11.797685539349914,46.624762695282698,2306.8200000000002</coordinates></Point></Placemark><Placemark><TimeSpan><begin>2026-08-04T12:08:31Z</begin><end>2026-08-04T12:08:40Z</end></TimeSpan><styleUrl>#point</styleUrl><Point><altitudeMode>clampToGround</altitudeMode><coordinates>11.79768243804574,46.624755403026938,2306.3400000000001</coordinates></Point></Placemark><Placemark><TimeSpan><begin>2026-08-04T12:08:40Z</begin><end>2026-08-04T12:08:49Z</end></TimeSpan><styleUrl>#point</styleUrl><Point><altitudeMode>clampToGround</altitudeMode><coordinates>11.797563750296831,46.624744674190879,2305.3800000000001</coordinates></Point></Placemark><Placemark><TimeSpan><begin>2026-08-04T12:08:49Z</begin><end>2026-08-04T12:08:50Z</end></TimeSpan><styleUrl>#point</styleUrl><Point><altitudeMode>clampToGround</altitudeMode><coordinates>11.797549836337566,46.624741405248642,2305.3800000000001</coordinates></Point></Placemark><Placemark><TimeSpan><begin>2026-08-04T12:08:50Z</begin><end>2026-08-04T12:09:02Z</end></TimeSpan><styleUrl>#point</styleUrl><Point><altitudeMode>clampToGround</altitudeMode><coordinates>11.79738144390285,46.62467191927135,2302.98</coordinates></Point></Placemark><Placemark><TimeSpan><begin>2026-08-04T12:09:02Z</begin><end>2026-08-04T12:09:03Z</end></TimeSpan><styleUrl>#point</styleUrl><Point><altitudeMode>clampToGround</altitudeMode><coordinates>11.797366859391332,46.624661525711417,2302.98</coordinates></Point></Placemark><Placemark><TimeSpan><begin>2026-08-04T12:09:03Z</begin><end>2026-08-04T12:09:14Z</end></TimeSpan><styleUrl>#point</styleUrl><Point><altitudeMode>clampToGround</altitudeMode><coordinates>11.797491330653429,46.62457711994648,2301.5300000000002</coordinates></Point></Placemark><Placemark><TimeSpan><begin>2026-08-04T12:09:14Z</begin><end>2026-08-04T12:09:28Z</end></TimeSpan><styleUrl>#point</styleUrl><Point><altitudeMode>clampToGround</altitudeMode><coordinates>11.797724766656756,46.624535797163844,2299.6100000000001</coordinates></Point></Placemark><Placemark><TimeSpan><begin>2026-08-04T12:09:28Z</begin><end>2026-08-04T12:09:37Z</end></TimeSpan><styleUrl>#point</styleUrl><Point><altitudeMode>clampToGround</altitudeMode><coordinates>11.797738093882799,46.624535797163844,2299.1300000000001</coordinates></Point></Placemark><Placemark><TimeSpan><begin>2026-08-04T12:09:37Z</begin><end>2026-08-04T12:09:49Z</end></TimeSpan><styleUrl>#point</styleUrl><Point><altitudeMode>clampToGround</altitudeMode><coordinates>11.797746643424034,46.624536970630288,2298.6500000000001</coordinates></Point></Placemark><Placemark><TimeSpan><begin>2026-08-04T12:09:49Z</begin><end>2026-08-04T12:10:10Z</end></TimeSpan><styleUrl>#point</styleUrl><Point><altitudeMode>clampToGround</altitudeMode><coordinates>11.797770280390978,46.624510651454329,2298.1700000000001</coordinates></Point></Placemark><Placemark><TimeSpan><begin>2026-08-04T12:10:10Z</begin><end>2026-08-04T12:10:20Z</end></TimeSpan><styleUrl>#point</styleUrl><Point><altitudeMode>clampToGround</altitudeMode><coordinates>11.797910928726196,46.624493384733796,2297.21</coordinates></Point></Placemark><Placemark><TimeSpan><begin>2026-08-04T12:10:20Z</begin><end>2026-08-04T12:10:29Z</end></TimeSpan><styleUrl>#point</styleUrl><Point><altitudeMode>clampToGround</altitudeMode><coordinates>11.798029281198978,46.624460443854332,2295.77</coordinates></Point></Placemark><Placemark><TimeSpan><begin>2026-08-04T12:10:29Z</begin><end>2026-08-04T12:10:31Z</end></TimeSpan><styleUrl>#point</styleUrl><Point><altitudeMode>clampToGround</altitudeMode><coordinates>11.798050319775939,46.624443512409925,2294.8000000000002</coordinates></Point></Placemark><Placemark><TimeSpan><begin>2026-08-04T12:10:31Z</begin><end>2026-08-04T12:10:35Z</end></TimeSpan><styleUrl>#point</styleUrl><Point><altitudeMode>clampToGround</altitudeMode><coordinates>11.798063814640045,46.624413337558508,2294.8000000000002</coordinates></Point></Placemark><Placemark><TimeSpan><begin>2026-08-04T12:10:35Z</begin><end>2026-08-04T12:10:46Z</end></TimeSpan><styleUrl>#point</styleUrl><Point><altitudeMode>clampToGround</altitudeMode><coordinates>11.797973876819015,46.62437628954649,2293.3600000000001</coordinates></Point></Placemark><Placemark><TimeSpan><begin>2026-08-04T12:10:46Z</begin><end>2026-08-04T12:10:50Z</end></TimeSpan><styleUrl>#point</styleUrl><Point><altitudeMode>clampToGround</altitudeMode><coordinates>11.797956693917513,46.624376457184553,2293.3600000000001</coordinates></Point></Placemark><Placemark><TimeSpan><begin>2026-08-04T12:10:50Z</begin><end>2026-08-04T12:11:03Z</end></TimeSpan><styleUrl>#point</styleUrl><Point><altitudeMode>clampToGround</altitudeMode><coordinates>11.797733148559928,46.624334463849664,2291.9200000000001</coordinates></Point></Placemark><Placemark><TimeSpan><begin>2026-08-04T12:11:03Z</begin><end>2026-08-04T12:11:14Z</end></TimeSpan><styleUrl>#point</styleUrl><Point><altitudeMode>clampToGround</altitudeMode><coordinates>11.797563498839736,46.624286016449332,2290</coordinates></Point></Placemark><Placemark><TimeSpan><begin>2026-08-04T12:11:14Z</begin><end>2026-08-04T12:11:19Z</end></TimeSpan><styleUrl>#point</styleUrl><Point><altitudeMode>clampToGround</altitudeMode><coordinates>11.797489486634731,46.624259697273374,2288.5599999999999</coordinates></Point></Placemark><Placemark><TimeSpan><begin>2026-08-04T12:11:19Z</begin><end>2026-08-04T12:11:28Z</end></TimeSpan><styleUrl>#point</styleUrl><Point><altitudeMode>clampToGround</altitudeMode><coordinates>11.79740097373724,46.624187277629972,2287.1100000000001</coordinates></Point></Placemark><Placemark><TimeSpan><begin>2026-08-04T12:11:28Z</begin><end>2026-08-04T12:11:40Z</end></TimeSpan><styleUrl>#point</styleUrl><Point><altitudeMode>clampToGround</altitudeMode><coordinates>11.797348419204354,46.624067919328809,2285.1900000000001</coordinates></Point></Placemark><Placemark><TimeSpan><begin>2026-08-04T12:11:40Z</begin><end>2026-08-04T12:11:45Z</end></TimeSpan><styleUrl>#point</styleUrl><Point><altitudeMode>clampToGround</altitudeMode><coordinates>11.797345736995339,46.624015951529145,2284.71</coordinates></Point></Placemark><Placemark><TimeSpan><begin>2026-08-04T12:11:45Z</begin><end>2026-08-04T12:11:59Z</end></TimeSpan><styleUrl>#point</styleUrl><Point><altitudeMode>clampToGround</altitudeMode><coordinates>11.797392927110195,46.623885780572891,2282.3099999999999</coordinates></Point></Placemark><Placemark><TimeSpan><begin>2026-08-04T12:11:59Z</begin><end>2026-08-04T12:12:14Z</end></TimeSpan><styleUrl>#point</styleUrl><Point><altitudeMode>clampToGround</altitudeMode><coordinates>11.797400051727891,46.62374597042799,2279.9000000000001</coordinates></Point></Placemark><Placemark><TimeSpan><begin>2026-08-04T12:12:14Z</begin><end>2026-08-04T12:12:27Z</end></TimeSpan><styleUrl>#point</styleUrl><Point><altitudeMode>clampToGround</altitudeMode><coordinates>11.797350347042084,46.623601969331503,2277.98</coordinates></Point></Placemark><Placemark><TimeSpan><begin>2026-08-04T12:12:27Z</begin><end>2026-08-04T12:12:43Z</end></TimeSpan><styleUrl>#point</styleUrl><Point><altitudeMode>clampToGround</altitudeMode><coordinates>11.7973149754107,46.623432990163565,2275.5799999999999</coordinates></Point></Placemark><Placemark><TimeSpan><begin>2026-08-04T12:12:43Z</begin><end>2026-08-04T12:12:45Z</end></TimeSpan><styleUrl>#point</styleUrl><Point><altitudeMode>clampToGround</altitudeMode><coordinates>11.797306928783655,46.623413879424334,2274.6199999999999</coordinates></Point></Placemark><Placemark><TimeSpan><begin>2026-08-04T12:12:45Z</begin><end>2026-08-04T12:12:49Z</end></TimeSpan><styleUrl>#point</styleUrl><Point><altitudeMode>clampToGround</altitudeMode><coordinates>11.797286225482821,46.623379345983267,2273.6599999999999</coordinates></Point></Placemark><Placemark><TimeSpan><begin>2026-08-04T12:12:49Z</begin><end>2026-08-04T12:13:01Z</end></TimeSpan><styleUrl>#point</styleUrl><Point><altitudeMode>clampToGround</altitudeMode><coordinates>11.797229060903192,46.623308854177594,2272.21</coordinates></Point></Placemark><Placemark><TimeSpan><begin>2026-08-04T12:13:01Z</begin><end>2026-08-04T12:13:05Z</end></TimeSpan><styleUrl>#point</styleUrl><Point><altitudeMode>clampToGround</altitudeMode><coordinates>11.797202154994011,46.623276500031352,2271.73</coordinates></Point></Placemark><Placemark><TimeSpan><begin>2026-08-04T12:13:05Z</begin><end>2026-08-04T12:13:22Z</end></TimeSpan><styleUrl>#point</styleUrl><Point><altitudeMode>clampToGround</altitudeMode><coordinates>11.797052789479494,46.623126966878772,2268.3699999999999</coordinates></Point></Placemark><Placemark><TimeSpan><begin>2026-08-04T12:13:22Z</begin><end>2026-08-04T12:13:35Z</end></TimeSpan><styleUrl>#point</styleUrl><Point><altitudeMode>clampToGround</altitudeMode><coordinates>11.796980537474155,46.623020684346557,2265.96</coordinates></Point></Placemark><Placemark><TimeSpan><begin>2026-08-04T12:13:35Z</begin><end>2026-08-04T12:13:37Z</end></TimeSpan><styleUrl>#point</styleUrl><Point><altitudeMode>clampToGround</altitudeMode><coordinates>11.796969389542937,46.623007357120514,2265.96</coordinates></Point></Placemark><Placemark><TimeSpan><begin>2026-08-04T12:13:37Z</begin><end>2026-08-04T12:13:41Z</end></TimeSpan><styleUrl>#point</styleUrl><Point><altitudeMode>clampToGround</altitudeMode><coordinates>11.796925719827414,46.622977685183287,2264.52</coordinates></Point></Placemark><Placemark><TimeSpan><begin>2026-08-04T12:13:41Z</begin><end>2026-08-04T12:13:52Z</end></TimeSpan><styleUrl>#point</styleUrl><Point><altitudeMode>clampToGround</altitudeMode><coordinates>11.796819604933262,46.622901745140553,2263.0799999999999</coordinates></Point></Placemark><Placemark><TimeSpan><begin>2026-08-04T12:13:52Z</begin><end>2026-08-04T12:14:05Z</end></TimeSpan><styleUrl>#point</styleUrl><Point><altitudeMode>clampToGround</altitudeMode><coordinates>11.796717429533601,46.622824296355247,2260.6799999999998</coordinates></Point></Placemark><Placemark><TimeSpan><begin>2026-08-04T12:14:05Z</begin><end>2026-08-04T12:14:19Z</end></TimeSpan><styleUrl>#point</styleUrl><Point><altitudeMode>clampToGround</altitudeMode><coordinates>11.79658742621541,46.622728575021029,2257.3099999999999</coordinates></Point></Placemark><Placemark><TimeSpan><begin>2026-08-04T12:14:19Z</begin><end>2026-08-04T12:14:23Z</end></TimeSpan><styleUrl>#point</styleUrl><Point><altitudeMode>clampToGround</altitudeMode><coordinates>11.796542499214411,46.622700747102499,2257.3099999999999</coordinates></Point></Placemark><Placemark><TimeSpan><begin>2026-08-04T12:14:23Z</begin><end>2026-08-04T12:14:26Z</end></TimeSpan><styleUrl>#point</styleUrl><Point><altitudeMode>clampToGround</altitudeMode><coordinates>11.796522466465831,46.622678032144904,2256.8299999999999</coordinates></Point></Placemark><Placemark><TimeSpan><begin>2026-08-04T12:14:26Z</begin><end>2026-08-04T12:14:39Z</end></TimeSpan><styleUrl>#point</styleUrl><Point><altitudeMode>clampToGround</altitudeMode><coordinates>11.796392882242799,46.622566720470786,2253.9499999999998</coordinates></Point></Placemark><Placemark><TimeSpan><begin>2026-08-04T12:14:39Z</begin><end>2026-08-04T12:14:52Z</end></TimeSpan><styleUrl>#point</styleUrl><Point><altitudeMode>clampToGround</altitudeMode><coordinates>11.796281654387712,46.622452475130558,2252.0300000000002</coordinates></Point></Placemark><Placemark><TimeSpan><begin>2026-08-04T12:14:52Z</begin><end>2026-08-04T12:14:54Z</end></TimeSpan><styleUrl>#point</styleUrl><Point><altitudeMode>clampToGround</altitudeMode><coordinates>11.796272853389382,46.622430430725217,2252.0300000000002</coordinates></Point></Placemark><Placemark><TimeSpan><begin>2026-08-04T12:14:54Z</begin><end>2026-08-04T12:14:56Z</end></TimeSpan><styleUrl>#point</styleUrl><Point><altitudeMode>clampToGround</altitudeMode><coordinates>11.796282157301903,46.622412577271461,2251.0599999999999</coordinates></Point></Placemark><Placemark><TimeSpan><begin>2026-08-04T12:14:56Z</begin><end>2026-08-04T12:15:10Z</end></TimeSpan><styleUrl>#point</styleUrl><Point><altitudeMode>clampToGround</altitudeMode><coordinates>11.796463709324598,46.622340073809028,2248.6599999999999</coordinates></Point></Placemark><Placemark><TimeSpan><begin>2026-08-04T12:15:10Z</begin><end>2026-08-04T12:15:18Z</end></TimeSpan><styleUrl>#point</styleUrl><Point><altitudeMode>clampToGround</altitudeMode><coordinates>11.79651559330523,46.622316855937243,2248.1799999999998</coordinates></Point></Placemark><Placemark><TimeSpan><begin>2026-08-04T12:15:18Z</begin><end>2026-08-04T12:15:27Z</end></TimeSpan><styleUrl>#point</styleUrl><Point><altitudeMode>clampToGround</altitudeMode><coordinates>11.79662698879838,46.622273437678814,2246.2600000000002</coordinates></Point></Placemark><Placemark><TimeSpan><begin>2026-08-04T12:15:27Z</begin><end>2026-08-04T12:15:43Z</end></TimeSpan><styleUrl>#point</styleUrl><Point><altitudeMode>clampToGround</altitudeMode><coordinates>11.796832932159305,46.622204035520554,2243.3699999999999</coordinates></Point></Placemark><Placemark><TimeSpan><begin>2026-08-04T12:15:43Z</begin><end>2026-08-04T12:15:58Z</end></TimeSpan><styleUrl>#point</styleUrl><Point><altitudeMode>clampToGround</altitudeMode><coordinates>11.797019429504871,46.622141757979989,2240.4899999999998</coordinates></Point></Placemark><Placemark><TimeSpan><begin>2026-08-04T12:15:58Z</begin><end>2026-08-04T12:15:59Z</end></TimeSpan><styleUrl>#point</styleUrl><Point><altitudeMode>clampToGround</altitudeMode><coordinates>11.797032337635756,46.62213739939034,2240.4899999999998</coordinates></Point></Placemark><Placemark><TimeSpan><begin>2026-08-04T12:15:59Z</begin><end>2026-08-04T12:16:02Z</end></TimeSpan><styleUrl>#point</styleUrl><Point><altitudeMode>clampToGround</altitudeMode><coordinates>11.797071313485503,46.62212859839201,2239.5300000000002</coordinates></Point></Placemark><Placemark><TimeSpan><begin>2026-08-04T12:16:02Z</begin><end>2026-08-04T12:16:18Z</end></TimeSpan><styleUrl>#point</styleUrl><Point><altitudeMode>clampToGround</altitudeMode><coordinates>11.797277675941586,46.622057352215052,2237.1300000000001</coordinates></Point></Placemark><Placemark><TimeSpan><begin>2026-08-04T12:16:18Z</begin><end>2026-08-04T12:16:24Z</end></TimeSpan><styleUrl>#point</styleUrl><Point><altitudeMode>clampToGround</altitudeMode><coordinates>11.797344144433737,46.622029189020395,2236.1599999999999</coordinates></Point></Placemark><Placemark><TimeSpan><begin>2026-08-04T12:16:24Z</begin><end>2026-08-04T12:16:40Z</end></TimeSpan><styleUrl>#point</styleUrl><Point><altitudeMode>clampToGround</altitudeMode><coordinates>11.79754220880568,46.621957272291183,2233.2800000000002</coordinates></Point></Placemark><Placemark><TimeSpan><begin>2026-08-04T12:16:40Z</begin><end>2026-08-04T12:16:50Z</end></TimeSpan><styleUrl>#point</styleUrl><Point><altitudeMode>clampToGround</altitudeMode><coordinates>11.797620244324207,46.621912345290184,2231.3600000000001</coordinates></Point></Placemark><Placemark><TimeSpan><begin>2026-08-04T12:16:50Z</begin><end>2026-08-04T12:16:58Z</end></TimeSpan><styleUrl>#point</styleUrl><Point><altitudeMode>clampToGround</altitudeMode><coordinates>11.797720240429044,46.621877308934927,2229.9200000000001</coordinates></Point></Placemark><Placemark><TimeSpan><begin>2026-08-04T12:16:58Z</begin><end>2026-08-04T12:17:02Z</end></TimeSpan><styleUrl>#point</styleUrl><Point><altitudeMode>clampToGround</altitudeMode><coordinates>11.797771118581295,46.621859036386013,2229.4299999999998</coordinates></Point></Placemark><Placemark><TimeSpan><begin>2026-08-04T12:17:02Z</begin><end>2026-08-04T12:17:17Z</end></TimeSpan><styleUrl>#point</styleUrl><Point><altitudeMode>clampToGround</altitudeMode><coordinates>11.798011176288128,46.621846128255129,2226.5500000000002</coordinates></Point></Placemark><Placemark><TimeSpan><begin>2026-08-04T12:17:17Z</begin><end>2026-08-04T12:17:32Z</end></TimeSpan><styleUrl>#point</styleUrl><Point><altitudeMode>clampToGround</altitudeMode><coordinates>11.798219131305814,46.621840931475163,2223.1900000000001</coordinates></Point></Placemark><Placemark><TimeSpan><begin>2026-08-04T12:17:32Z</begin><end>2026-08-04T12:17:46Z</end></TimeSpan><styleUrl>#point</styleUrl><Point><altitudeMode>clampToGround</altitudeMode><coordinates>11.798251066356897,46.6218545101583,2222.71</coordinates></Point></Placemark><Placemark><TimeSpan><begin>2026-08-04T12:17:46Z</begin><end>2026-08-04T12:18:15Z</end></TimeSpan><styleUrl>#point</styleUrl><Point><altitudeMode>clampToGround</altitudeMode><coordinates>11.798277469351888,46.621869178488851,2222.71</coordinates></Point></Placemark><Placemark><TimeSpan><begin>2026-08-04T12:18:15Z</begin><end>2026-08-04T12:18:28Z</end></TimeSpan><styleUrl>#point</styleUrl><Point><altitudeMode>clampToGround</altitudeMode><coordinates>11.798274535685778,46.621859958395362,2222.2199999999998</coordinates></Point></Placemark><Placemark><TimeSpan><begin>2026-08-04T12:18:28Z</begin><end>2026-08-04T12:18:43Z</end></TimeSpan><styleUrl>#point</styleUrl><Point><altitudeMode>clampToGround</altitudeMode><coordinates>11.798458602279425,46.621898850426078,2220.3000000000002</coordinates></Point></Placemark><Placemark><TimeSpan><begin>2026-08-04T12:18:43Z</begin><end>2026-08-04T12:18:46Z</end></TimeSpan><styleUrl>#point</styleUrl><Point><altitudeMode>clampToGround</altitudeMode><coordinates>11.798479976132512,46.621920894831419,2219.3400000000001</coordinates></Point></Placemark><Placemark><TimeSpan><begin>2026-08-04T12:18:46Z</begin><end>2026-08-04T12:18:58Z</end></TimeSpan><styleUrl>#point</styleUrl><Point><altitudeMode>clampToGround</altitudeMode><coordinates>11.798537895083427,46.622010329738259,2217.4200000000001</coordinates></Point></Placemark><Placemark><TimeSpan><begin>2026-08-04T12:18:58Z</begin><end>2026-08-04T12:19:10Z</end></TimeSpan><styleUrl>#point</styleUrl><Point><altitudeMode>clampToGround</altitudeMode><coordinates>11.798665635287762,46.622082414105535,2215.5</coordinates></Point></Placemark><Placemark><TimeSpan><begin>2026-08-04T12:19:10Z</begin><end>2026-08-04T12:19:23Z</end></TimeSpan><styleUrl>#point</styleUrl><Point><altitudeMode>clampToGround</altitudeMode><coordinates>11.798747694119811,46.622087527066469,2214.0500000000002</coordinates></Point></Placemark><Placemark><TimeSpan><begin>2026-08-04T12:19:23Z</begin><end>2026-08-04T12:19:35Z</end></TimeSpan><styleUrl>#point</styleUrl><Point><altitudeMode>clampToGround</altitudeMode><coordinates>11.798783987760544,46.622090796008706,2213.5700000000002</coordinates></Point></Placemark><Placemark><TimeSpan><begin>2026-08-04T12:19:35Z</begin><end>2026-08-04T12:19:38Z</end></TimeSpan><styleUrl>#point</styleUrl><Point><altitudeMode>clampToGround</altitudeMode><coordinates>11.798822209239006,46.622085934504867,2213.0900000000001</coordinates></Point></Placemark><Placemark><TimeSpan><begin>2026-08-04T12:19:38Z</begin><end>2026-08-04T12:19:50Z</end></TimeSpan><styleUrl>#point</styleUrl><Point><altitudeMode>clampToGround</altitudeMode><coordinates>11.798961851745844,46.622074199840426,2211.6500000000001</coordinates></Point></Placemark><Placemark><TimeSpan><begin>2026-08-04T12:19:50Z</begin><end>2026-08-04T12:20:02Z</end></TimeSpan><styleUrl>#point</styleUrl><Point><altitudeMode>clampToGround</altitudeMode><coordinates>11.799133932217956,46.622060453519225,2210.21</coordinates></Point></Placemark><Placemark><TimeSpan><begin>2026-08-04T12:20:02Z</begin><end>2026-08-04T12:20:07Z</end></TimeSpan><styleUrl>#point</styleUrl><Point><altitudeMode>clampToGround</altitudeMode><coordinates>11.799215655773878,46.622061710804701,2209.25</coordinates></Point></Placemark><Placemark><TimeSpan><begin>2026-08-04T12:20:07Z</begin><end>2026-08-04T12:20:12Z</end></TimeSpan><styleUrl>#point</styleUrl><Point><altitudeMode>clampToGround</altitudeMode><coordinates>11.799278520047665,46.622095070779324,2208.29</coordinates></Point></Placemark><Placemark><TimeSpan><begin>2026-08-04T12:20:12Z</begin><end>2026-08-04T12:20:17Z</end></TimeSpan><styleUrl>#point</styleUrl><Point><altitudeMode>clampToGround</altitudeMode><coordinates>11.799340546131134,46.622126335278153,2206.8400000000001</coordinates></Point></Placemark><Placemark><TimeSpan><begin>2026-08-04T12:20:17Z</begin><end>2026-08-04T12:20:29Z</end></TimeSpan><styleUrl>#point</styleUrl><Point><altitudeMode>clampToGround</altitudeMode><coordinates>11.799467615783215,46.622183164581656,2204.4400000000001</coordinates></Point></Placemark><Placemark><TimeSpan><begin>2026-08-04T12:20:29Z</begin><end>2026-08-04T12:20:42Z</end></TimeSpan><styleUrl>#point</styleUrl><Point><altitudeMode>clampToGround</altitudeMode><coordinates>11.799632990732789,46.622282657772303,2202.04</coordinates></Point></Placemark><Placemark><TimeSpan><begin>2026-08-04T12:20:42Z</begin><end>2026-08-04T12:20:53Z</end></TimeSpan><styleUrl>#point</styleUrl><Point><altitudeMode>clampToGround</altitudeMode><coordinates>11.799673391506076,46.622312748804688,2201.5599999999999</coordinates></Point></Placemark><Placemark><TimeSpan><begin>2026-08-04T12:20:53Z</begin><end>2026-08-04T12:20:56Z</end></TimeSpan><styleUrl>#point</styleUrl><Point><altitudeMode>clampToGround</altitudeMode><coordinates>11.7996721342206,46.622324818745255,2201.0799999999999</coordinates></Point></Placemark><Placemark><TimeSpan><begin>2026-08-04T12:20:56Z</begin><end>2026-08-04T12:21:01Z</end></TimeSpan><styleUrl>#point</styleUrl><Point><altitudeMode>clampToGround</altitudeMode><coordinates>11.799723347648978,46.622375613078475,2200.1100000000001</coordinates></Point></Placemark><Placemark><TimeSpan><begin>2026-08-04T12:21:01Z</begin><end>2026-08-04T12:21:14Z</end></TimeSpan><styleUrl>#point</styleUrl><Point><altitudeMode>clampToGround</altitudeMode><coordinates>11.799901127815247,46.622469155117869,2198.1900000000001</coordinates></Point></Placemark><Placemark><TimeSpan><begin>2026-08-04T12:21:14Z</begin><end>2026-08-04T12:21:27Z</end></TimeSpan><styleUrl>#point</styleUrl><Point><altitudeMode>clampToGround</altitudeMode><coordinates>11.800088295713067,46.622541826218367,2197.23</coordinates></Point></Placemark><Placemark><TimeSpan><begin>2026-08-04T12:21:27Z</begin><end>2026-08-04T12:21:39Z</end></TimeSpan><styleUrl>#point</styleUrl><Point><altitudeMode>clampToGround</altitudeMode><coordinates>11.800219472497702,46.62255272269249,2195.3099999999999</coordinates></Point></Placemark><Placemark><TimeSpan><begin>2026-08-04T12:21:39Z</begin><end>2026-08-04T12:21:48Z</end></TimeSpan><styleUrl>#point</styleUrl><Point><altitudeMode>clampToGround</altitudeMode><coordinates>11.800346793606877,46.622536461800337,2194.8299999999999</coordinates></Point></Placemark><Placemark><TimeSpan><begin>2026-08-04T12:21:48Z</begin><end>2026-08-04T12:22:04Z</end></TimeSpan><styleUrl>#point</styleUrl><Point><altitudeMode>clampToGround</altitudeMode><coordinates>11.800587438046932,46.622480638325214,2192.4200000000001</coordinates></Point></Placemark><Placemark><TimeSpan><begin>2026-08-04T12:22:04Z</begin><end>2026-08-04T12:22:21Z</end></TimeSpan><styleUrl>#point</styleUrl><Point><altitudeMode>clampToGround</altitudeMode><coordinates>11.800873260945082,46.622447948902845,2190.5</coordinates></Point></Placemark><Placemark><TimeSpan><begin>2026-08-04T12:22:21Z</begin><end>2026-08-04T12:22:37Z</end></TimeSpan><styleUrl>#point</styleUrl><Point><altitudeMode>clampToGround</altitudeMode><coordinates>11.801139302551746,46.622429089620709,2188.0999999999999</coordinates></Point></Placemark><Placemark><TimeSpan><begin>2026-08-04T12:22:37Z</begin><end>2026-08-04T12:22:50Z</end></TimeSpan><styleUrl>#point</styleUrl><Point><altitudeMode>clampToGround</altitudeMode><coordinates>11.801339630037546,46.622460354119539,2184.73</coordinates></Point></Placemark><Placemark><TimeSpan><begin>2026-08-04T12:22:50Z</begin><end>2026-08-04T12:23:06Z</end></TimeSpan><styleUrl>#point</styleUrl><Point><altitudeMode>clampToGround</altitudeMode><coordinates>11.801600810140371,46.622500671073794,2181.3699999999999</coordinates></Point></Placemark><Placemark><TimeSpan><begin>2026-08-04T12:23:06Z</begin><end>2026-08-04T12:23:22Z</end></TimeSpan><styleUrl>#point</styleUrl><Point><altitudeMode>clampToGround</altitudeMode><coordinates>11.801864001899958,46.622480973601341,2178.9699999999998</coordinates></Point></Placemark><Placemark><TimeSpan><begin>2026-08-04T12:23:22Z</begin><end>2026-08-04T12:23:38Z</end></TimeSpan><styleUrl>#point</styleUrl><Point><altitudeMode>clampToGround</altitudeMode><coordinates>11.802104897797108,46.622414169833064,2176.5599999999999</coordinates></Point></Placemark><Placemark><TimeSpan><begin>2026-08-04T12:23:38Z</begin><end>2026-08-04T12:23:45Z</end></TimeSpan><styleUrl>#point</styleUrl><Point><altitudeMode>clampToGround</altitudeMode><coordinates>11.802195925265551,46.62237343378365,2176.0799999999999</coordinates></Point></Placemark><Placemark><TimeSpan><begin>2026-08-04T12:23:45Z</begin><end>2026-08-04T12:23:59Z</end></TimeSpan><styleUrl>#point</styleUrl><Point><altitudeMode>clampToGround</altitudeMode><coordinates>11.802343279123306,46.622343091294169,2174.1599999999999</coordinates></Point></Placemark><Placemark><TimeSpan><begin>2026-08-04T12:23:59Z</begin><end>2026-08-04T12:24:22Z</end></TimeSpan><styleUrl>#point</styleUrl><Point><altitudeMode>clampToGround</altitudeMode><coordinates>11.802343698218465,46.622342923656106,2173.6799999999998</coordinates></Point></Placemark><Placemark><TimeSpan><begin>2026-08-04T12:24:22Z</begin><end>2026-08-04T12:24:42Z</end></TimeSpan><styleUrl>#point</styleUrl><Point><altitudeMode>clampToGround</altitudeMode><coordinates>11.802335483953357,46.622343258932233,2173.6799999999998</coordinates></Point></Placemark><Placemark><TimeSpan><begin>2026-08-04T12:24:42Z</begin><end>2026-08-04T12:24:58Z</end></TimeSpan><styleUrl>#point</styleUrl><Point><altitudeMode>clampToGround</altitudeMode><coordinates>11.802284689620137,46.622323812916875,2173.6799999999998</coordinates></Point></Placemark><Placemark><TimeSpan><begin>2026-08-04T12:24:58Z</begin><end>2026-08-04T12:25:07Z</end></TimeSpan><styleUrl>#point</styleUrl><Point><altitudeMode>clampToGround</altitudeMode><coordinates>11.802242528647184,46.622276706621051,2174.6399999999999</coordinates></Point></Placemark><Placemark><TimeSpan><begin>2026-08-04T12:25:07Z</begin><end>2026-08-04T12:25:17Z</end></TimeSpan><styleUrl>#point</styleUrl><Point><altitudeMode>clampToGround</altitudeMode><coordinates>11.802233895286918,46.6222776286304,2174.6399999999999</coordinates></Point></Placemark><Placemark><TimeSpan><begin>2026-08-04T12:25:17Z</begin><end>2026-08-04T12:25:31Z</end></TimeSpan><styleUrl>#point</styleUrl><Point><altitudeMode>clampToGround</altitudeMode><coordinates>11.802218137308955,46.622268492355943,2174.6399999999999</coordinates></Point></Placemark><Placemark><TimeSpan><begin>2026-08-04T12:25:31Z</begin><end>2026-08-04T12:25:40Z</end></TimeSpan><styleUrl>#point</styleUrl><Point><altitudeMode>clampToGround</altitudeMode><coordinates>11.802270859479904,46.622293386608362,2174.6399999999999</coordinates></Point></Placemark><Placemark><TimeSpan><begin>2026-08-04T12:25:40Z</begin><end>2026-08-04T12:25:51Z</end></TimeSpan><styleUrl>#point</styleUrl><Point><altitudeMode>clampToGround</altitudeMode><coordinates>11.802347721531987,46.622342169284821,2174.6399999999999</coordinates></Point></Placemark><Placemark><TimeSpan><begin>2026-08-04T12:25:51Z</begin><end>2026-08-04T12:26:04Z</end></TimeSpan><styleUrl>#point</styleUrl><Point><altitudeMode>clampToGround</altitudeMode><coordinates>11.80251351557672,46.622307384386659,2172.7199999999998</coordinates></Point></Placemark><Placemark><TimeSpan><begin>2026-08-04T12:26:04Z</begin><end>2026-08-04T12:26:15Z</end></TimeSpan><styleUrl>#point</styleUrl><Point><altitudeMode>clampToGround</altitudeMode><coordinates>11.802660534158349,46.622287603095174,2171.7600000000002</coordinates></Point></Placemark><Placemark><TimeSpan><begin>2026-08-04T12:26:15Z</begin><end>2026-08-04T12:26:28Z</end></TimeSpan><styleUrl>#point</styleUrl><Point><altitudeMode>clampToGround</altitudeMode><coordinates>11.802817527204752,46.622237395495176,2170.3099999999999</coordinates></Point></Placemark><Placemark><TimeSpan><begin>2026-08-04T12:26:28Z</begin><end>2026-08-04T12:26:40Z</end></TimeSpan><styleUrl>#point</styleUrl><Point><altitudeMode>clampToGround</altitudeMode><coordinates>11.802947781980038,46.622199844568968,2169.3499999999999</coordinates></Point></Placemark><Placemark><TimeSpan><begin>2026-08-04T12:26:40Z</begin><end>2026-08-04T12:26:55Z</end></TimeSpan><styleUrl>#point</styleUrl><Point><altitudeMode>clampToGround</altitudeMode><coordinates>11.803169399499893,46.622176542878151,2167.9099999999999</coordinates></Point></Placemark><Placemark><TimeSpan><begin>2026-08-04T12:26:55Z</begin><end>2026-08-04T12:27:10Z</end></TimeSpan><styleUrl>#point</styleUrl><Point><altitudeMode>clampToGround</altitudeMode><coordinates>11.803374169394374,46.622129017487168,2166.9499999999998</coordinates></Point></Placemark><Placemark><TimeSpan><begin>2026-08-04T12:27:10Z</begin><end>2026-08-04T12:27:21Z</end></TimeSpan><styleUrl>#point</styleUrl><Point><altitudeMode>clampToGround</altitudeMode><coordinates>11.803532755002379,46.622092723846436,2165.9899999999998</coordinates></Point></Placemark><Placemark><TimeSpan><begin>2026-08-04T12:27:21Z</begin><end>2026-08-04T12:27:35Z</end></TimeSpan><styleUrl>#point</styleUrl><Point><altitudeMode>clampToGround</altitudeMode><coordinates>11.803743308410048,46.622102530673146,2165.0300000000002</coordinates></Point></Placemark><Placemark><TimeSpan><begin>2026-08-04T12:27:35Z</begin><end>2026-08-04T12:27:39Z</end></TimeSpan><styleUrl>#point</styleUrl><Point><altitudeMode>clampToGround</altitudeMode><coordinates>11.803803909569979,46.622109739109874,2164.5500000000002</coordinates></Point></Placemark><Placemark><TimeSpan><begin>2026-08-04T12:27:39Z</begin><end>2026-08-04T12:27:55Z</end></TimeSpan><styleUrl>#point</styleUrl><Point><altitudeMode>clampToGround</altitudeMode><coordinates>11.804040027782321,46.62218140438199,2163.5799999999999</coordinates></Point></Placemark><Placemark><TimeSpan><begin>2026-08-04T12:27:55Z</begin><end>2026-08-04T12:28:08Z</end></TimeSpan><styleUrl>#point</styleUrl><Point><altitudeMode>clampToGround</altitudeMode><coordinates>11.804235745221376,46.622227504849434,2162.1399999999999</coordinates></Point></Placemark><Placemark><TimeSpan><begin>2026-08-04T12:28:08Z</begin><end>2026-08-04T12:28:10Z</end></TimeSpan><styleUrl>#point</styleUrl><Point><altitudeMode>clampToGround</altitudeMode><coordinates>11.804264662787318,46.622233958914876,2162.1399999999999</coordinates></Point></Placemark><Placemark><TimeSpan><begin>2026-08-04T12:28:10Z</begin><end>2026-08-04T12:28:22Z</end></TimeSpan><styleUrl>#point</styleUrl><Point><altitudeMode>clampToGround</altitudeMode><coordinates>11.804391229525208,46.622240329161286,2160.6999999999998</coordinates></Point></Placemark><Placemark><TimeSpan><begin>2026-08-04T12:28:22Z</begin><end>2026-08-04T12:28:36Z</end></TimeSpan><styleUrl>#point</styleUrl><Point><altitudeMode>clampToGround</altitudeMode><coordinates>11.804525088518858,46.622201856225729,2157.8200000000002</coordinates></Point></Placemark><Placemark><TimeSpan><begin>2026-08-04T12:28:36Z</begin><end>2026-08-04T12:28:39Z</end></TimeSpan><styleUrl>#point</styleUrl><Point><altitudeMode>clampToGround</altitudeMode><coordinates>11.80449147708714,46.622220212593675,2158.3000000000002</coordinates></Point></Placemark><Placemark><TimeSpan><begin>2026-08-04T12:28:39Z</begin><end>2026-08-04T12:28:44Z</end></TimeSpan><styleUrl>#point</styleUrl><Point><altitudeMode>clampToGround</altitudeMode><coordinates>11.804423332214355,46.622245023027062,2159.2600000000002</coordinates></Point></Placemark><Placemark><TimeSpan><begin>2026-08-04T12:28:44Z</begin><end>2026-08-04T12:28:56Z</end></TimeSpan><styleUrl>#point</styleUrl><Point><altitudeMode>clampToGround</altitudeMode><coordinates>11.804422745481133,46.622245693579316,2159.7399999999998</coordinates></Point></Placemark><Placemark><TimeSpan><begin>2026-08-04T12:28:56Z</begin><end>2026-08-04T12:29:05Z</end></TimeSpan><styleUrl>#point</styleUrl><Point><altitudeMode>clampToGround</altitudeMode><coordinates>11.804436575621367,46.622247118502855,2159.7399999999998</coordinates></Point></Placemark><Placemark><TimeSpan><begin>2026-08-04T12:29:05Z</begin><end>2026-08-04T12:29:19Z</end></TimeSpan><styleUrl>#point</styleUrl><Point><altitudeMode>clampToGround</altitudeMode><coordinates>11.804641345515847,46.62211443297565,2156.8600000000001</coordinates></Point></Placemark><Placemark><TimeSpan><begin>2026-08-04T12:29:19Z</begin><end>2026-08-04T12:29:31Z</end></TimeSpan><styleUrl>#point</styleUrl><Point><altitudeMode>clampToGround</altitudeMode><coordinates>11.804784676060081,46.622021477669477,2153.4899999999998</coordinates></Point></Placemark><Placemark><TimeSpan><begin>2026-08-04T12:29:31Z</begin><end>2026-08-04T12:29:42Z</end></TimeSpan><styleUrl>#point</styleUrl><Point><altitudeMode>clampToGround</altitudeMode><coordinates>11.804900011047721,46.621960205957294,2151.5700000000002</coordinates></Point></Placemark><Placemark><TimeSpan><begin>2026-08-04T12:29:42Z</begin><end>2026-08-04T12:29:57Z</end></TimeSpan><styleUrl>#point</styleUrl><Point><altitudeMode>clampToGround</altitudeMode><coordinates>11.805106457322836,46.621899018064141,2147.7199999999998</coordinates></Point></Placemark><Placemark><TimeSpan><begin>2026-08-04T12:29:57Z</begin><end>2026-08-04T12:30:11Z</end></TimeSpan><styleUrl>#point</styleUrl><Point><altitudeMode>clampToGround</altitudeMode><coordinates>11.805305192247033,46.621858365833759,2145.3200000000002</coordinates></Point></Placemark><Placemark><TimeSpan><begin>2026-08-04T12:30:11Z</begin><end>2026-08-04T12:30:24Z</end></TimeSpan><styleUrl>#point</styleUrl><Point><altitudeMode>clampToGround</altitudeMode><coordinates>11.805457742884755,46.621835064142942,2142.9200000000001</coordinates></Point></Placemark><Placemark><TimeSpan><begin>2026-08-04T12:30:24Z</begin><end>2026-08-04T12:30:36Z</end></TimeSpan><styleUrl>#point</styleUrl><Point><altitudeMode>clampToGround</altitudeMode><coordinates>11.805466627702117,46.621912177652121,2142.9200000000001</coordinates></Point></Placemark><Placemark><TimeSpan><begin>2026-08-04T12:30:36Z</begin><end>2026-08-04T12:30:48Z</end></TimeSpan><styleUrl>#point</styleUrl><Point><altitudeMode>clampToGround</altitudeMode><coordinates>11.805431675165892,46.621909243986011,2142.4400000000001</coordinates></Point></Placemark><Placemark><TimeSpan><begin>2026-08-04T12:30:48Z</begin><end>2026-08-04T12:30:49Z</end></TimeSpan><styleUrl>#point</styleUrl><Point><altitudeMode>clampToGround</altitudeMode><coordinates>11.805424299091101,46.62190530449152,2142.4400000000001</coordinates></Point></Placemark><Placemark><TimeSpan><begin>2026-08-04T12:30:49Z</begin><end>2026-08-04T12:30:59Z</end></TimeSpan><styleUrl>#point</styleUrl><Point><altitudeMode>clampToGround</altitudeMode><coordinates>11.805426562204957,46.621873453259468,2141.9499999999998</coordinates></Point></Placemark><Placemark><TimeSpan><begin>2026-08-04T12:30:59Z</begin><end>2026-08-04T12:31:18Z</end></TimeSpan><styleUrl>#point</styleUrl><Point><altitudeMode>clampToGround</altitudeMode><coordinates>11.805410636588931,46.621851827949286,2143.4000000000001</coordinates></Point></Placemark><Placemark><TimeSpan><begin>2026-08-04T12:31:18Z</begin><end>2026-08-04T12:31:28Z</end></TimeSpan><styleUrl>#point</styleUrl><Point><altitudeMode>clampToGround</altitudeMode><coordinates>11.805518679320812,46.621811427175999,2142.9200000000001</coordinates></Point></Placemark><Placemark><TimeSpan><begin>2026-08-04T12:31:28Z</begin><end>2026-08-04T12:31:38Z</end></TimeSpan><styleUrl>#point</styleUrl><Point><altitudeMode>clampToGround</altitudeMode><coordinates>11.805630493909121,46.621771780773997,2140.5100000000002</coordinates></Point></Placemark><Placemark><TimeSpan><begin>2026-08-04T12:31:38Z</begin><end>2026-08-04T12:31:45Z</end></TimeSpan><styleUrl>#point</styleUrl><Point><altitudeMode>clampToGround</altitudeMode><coordinates>11.805718587711453,46.621749317273498,2139.5500000000002</coordinates></Point></Placemark><Placemark><TimeSpan><begin>2026-08-04T12:31:45Z</begin><end>2026-08-04T12:32:01Z</end></TimeSpan><styleUrl>#point</styleUrl><Point><altitudeMode>clampToGround</altitudeMode><coordinates>11.805893098935485,46.621686117723584,2137.1500000000001</coordinates></Point></Placemark><Placemark><TimeSpan><begin>2026-08-04T12:32:01Z</begin><end>2026-08-04T12:32:14Z</end></TimeSpan><styleUrl>#point</styleUrl><Point><altitudeMode>clampToGround</altitudeMode><coordinates>11.80603064596653,46.621611015871167,2134.7399999999998</coordinates></Point></Placemark><Placemark><TimeSpan><begin>2026-08-04T12:32:14Z</begin><end>2026-08-04T12:32:27Z</end></TimeSpan><styleUrl>#point</styleUrl><Point><altitudeMode>clampToGround</altitudeMode><coordinates>11.806149752810597,46.62153884768486,2132.8200000000002</coordinates></Point></Placemark><Placemark><TimeSpan><begin>2026-08-04T12:32:27Z</begin><end>2026-08-04T12:32:38Z</end></TimeSpan><styleUrl>#point</styleUrl><Point><altitudeMode>clampToGround</altitudeMode><coordinates>11.806260393932462,46.621466847136617,2131.3800000000001</coordinates></Point></Placemark><Placemark><TimeSpan><begin>2026-08-04T12:32:38Z</begin><end>2026-08-04T12:32:40Z</end></TimeSpan><styleUrl>#point</styleUrl><Point><altitudeMode>clampToGround</altitudeMode><coordinates>11.806274224072695,46.621451508253813,2130.9000000000001</coordinates></Point></Placemark><Placemark><TimeSpan><begin>2026-08-04T12:32:40Z</begin><end>2026-08-04T12:32:53Z</end></TimeSpan><styleUrl>#point</styleUrl><Point><altitudeMode>clampToGround</altitudeMode><coordinates>11.806395342573524,46.621375232934952,2128.98</coordinates></Point></Placemark><Placemark><TimeSpan><begin>2026-08-04T12:32:53Z</begin><end>2026-08-04T12:33:06Z</end></TimeSpan><styleUrl>#point</styleUrl><Point><altitudeMode>clampToGround</altitudeMode><coordinates>11.80652073584497,46.621292168274522,2126.5700000000002</coordinates></Point></Placemark><Placemark><TimeSpan><begin>2026-08-04T12:33:06Z</begin><end>2026-08-04T12:33:18Z</end></TimeSpan><styleUrl>#point</styleUrl><Point><altitudeMode>clampToGround</altitudeMode><coordinates>11.806676303967834,46.621240200474858,2125.1300000000001</coordinates></Point></Placemark><Placemark><TimeSpan><begin>2026-08-04T12:33:18Z</begin><end>2026-08-04T12:33:29Z</end></TimeSpan><styleUrl>#point</styleUrl><Point><altitudeMode>clampToGround</altitudeMode><coordinates>11.806748555973172,46.62122854962945,2124.6500000000001</coordinates></Point></Placemark><Placemark><TimeSpan><begin>2026-08-04T12:33:29Z</begin><end>2026-08-04T12:33:46Z</end></TimeSpan><styleUrl>#point</styleUrl><Point><altitudeMode>clampToGround</altitudeMode><coordinates>11.80678216740489,46.621220670640469,2123.6900000000001</coordinates></Point></Placemark><Placemark><TimeSpan><begin>2026-08-04T12:33:46Z</begin><end>2026-08-04T12:33:49Z</end></TimeSpan><styleUrl>#point</styleUrl><Point><altitudeMode>clampToGround</altitudeMode><coordinates>11.806828267872334,46.621221173554659,2123.6900000000001</coordinates></Point></Placemark><Placemark><TimeSpan><begin>2026-08-04T12:33:49Z</begin><end>2026-08-04T12:34:02Z</end></TimeSpan><styleUrl>#point</styleUrl><Point><altitudeMode>clampToGround</altitudeMode><coordinates>11.806992050260305,46.621237099170685,2121.77</coordinates></Point></Placemark><Placemark><TimeSpan><begin>2026-08-04T12:34:02Z</begin><end>2026-08-04T12:34:17Z</end></TimeSpan><styleUrl>#point</styleUrl><Point><altitudeMode>clampToGround</altitudeMode><coordinates>11.807212494313717,46.621267022565007,2119.8400000000001</coordinates></Point></Placemark><Placemark><TimeSpan><begin>2026-08-04T12:34:17Z</begin><end>2026-08-04T12:34:30Z</end></TimeSpan><styleUrl>#point</styleUrl><Point><altitudeMode>clampToGround</altitudeMode><coordinates>11.807393794879317,46.62128085270524,2116.96</coordinates></Point></Placemark><Placemark><TimeSpan><begin>2026-08-04T12:34:30Z</begin><end>2026-08-04T12:34:42Z</end></TimeSpan><styleUrl>#point</styleUrl><Point><altitudeMode>clampToGround</altitudeMode><coordinates>11.807440984994173,46.62127791903913,2116.48</coordinates></Point></Placemark><Placemark><TimeSpan><begin>2026-08-04T12:34:42Z</begin><end>2026-08-04T12:34:51Z</end></TimeSpan><styleUrl>#point</styleUrl><Point><altitudeMode>clampToGround</altitudeMode><coordinates>11.807441068813205,46.621276410296559,2116</coordinates></Point></Placemark><Placemark><TimeSpan><begin>2026-08-04T12:34:51Z</begin><end>2026-08-04T12:35:03Z</end></TimeSpan><styleUrl>#point</styleUrl><Point><altitudeMode>clampToGround</altitudeMode><coordinates>11.807452216744423,46.621269704774022,2116</coordinates></Point></Placemark><Placemark><TimeSpan><begin>2026-08-04T12:35:03Z</begin><end>2026-08-04T12:35:24Z</end></TimeSpan><styleUrl>#point</styleUrl><Point><altitudeMode>clampToGround</altitudeMode><coordinates>11.807478368282318,46.621277164667845,2116</coordinates></Point></Placemark><Placemark><TimeSpan><begin>2026-08-04T12:35:24Z</begin><end>2026-08-04T12:35:34Z</end></TimeSpan><styleUrl>#point</styleUrl><Point><altitudeMode>clampToGround</altitudeMode><coordinates>11.80761625058949,46.621286552399397,2114.0799999999999</coordinates></Point></Placemark><Placemark><TimeSpan><begin>2026-08-04T12:35:34Z</begin><end>2026-08-04T12:35:48Z</end></TimeSpan><styleUrl>#point</styleUrl><Point><altitudeMode>clampToGround</altitudeMode><coordinates>11.807852201163769,46.621270123869181,2110.71</coordinates></Point></Placemark><Placemark><TimeSpan><begin>2026-08-04T12:35:48Z</begin><end>2026-08-04T12:36:04Z</end></TimeSpan><styleUrl>#point</styleUrl><Point><altitudeMode>clampToGround</altitudeMode><coordinates>11.808089073747396,46.621229387819767,2108.3099999999999</coordinates></Point></Placemark><Placemark><TimeSpan><begin>2026-08-04T12:36:04Z</begin><end>2026-08-04T12:36:16Z</end></TimeSpan><styleUrl>#point</styleUrl><Point><altitudeMode>clampToGround</altitudeMode><coordinates>11.808251012116671,46.621172977611423,2104.9400000000001</coordinates></Point></Placemark><Placemark><TimeSpan><begin>2026-08-04T12:36:16Z</begin><end>2026-08-04T12:36:29Z</end></TimeSpan><styleUrl>#point</styleUrl><Point><altitudeMode>clampToGround</altitudeMode><coordinates>11.808414291590452,46.621117824688554,2103.02</coordinates></Point></Placemark><Placemark><TimeSpan><begin>2026-08-04T12:36:29Z</begin><end>2026-08-04T12:36:45Z</end></TimeSpan><styleUrl>#point</styleUrl><Point><altitudeMode>clampToGround</altitudeMode><coordinates>11.808621073141694,46.621028557419777,2099.6599999999999</coordinates></Point></Placemark><Placemark><TimeSpan><begin>2026-08-04T12:36:45Z</begin><end>2026-08-04T12:36:56Z</end></TimeSpan><styleUrl>#point</styleUrl><Point><altitudeMode>clampToGround</altitudeMode><coordinates>11.808768343180418,46.620976338163018,2097.73</coordinates></Point></Placemark><Placemark><TimeSpan><begin>2026-08-04T12:36:56Z</begin><end>2026-08-04T12:37:10Z</end></TimeSpan><styleUrl>#point</styleUrl><Point><altitudeMode>clampToGround</altitudeMode><coordinates>11.808962048962712,46.6209686268121,2095.3299999999999</coordinates></Point></Placemark><Placemark><TimeSpan><begin>2026-08-04T12:37:10Z</begin><end>2026-08-04T12:37:14Z</end></TimeSpan><styleUrl>#point</styleUrl><Point><altitudeMode>clampToGround</altitudeMode><coordinates>11.809014435857534,46.620979690924287,2094.3699999999999</coordinates></Point></Placemark><Placemark><TimeSpan><begin>2026-08-04T12:37:14Z</begin><end>2026-08-04T12:37:19Z</end></TimeSpan><styleUrl>#point</styleUrl><Point><altitudeMode>clampToGround</altitudeMode><coordinates>11.809085179120302,46.620972733944654,2093.4099999999999</coordinates></Point></Placemark><Placemark><TimeSpan><begin>2026-08-04T12:37:19Z</begin><end>2026-08-04T12:37:33Z</end></TimeSpan><styleUrl>#point</styleUrl><Point><altitudeMode>clampToGround</altitudeMode><coordinates>11.809286177158356,46.620991928502917,2090.04</coordinates></Point></Placemark><Placemark><TimeSpan><begin>2026-08-04T12:37:33Z</begin><end>2026-08-04T12:37:49Z</end></TimeSpan><styleUrl>#point</styleUrl><Point><altitudeMode>clampToGround</altitudeMode><coordinates>11.809507794678211,46.621011877432466,2087.1599999999999</coordinates></Point></Placemark><Placemark><TimeSpan><begin>2026-08-04T12:37:49Z</begin><end>2026-08-04T12:38:05Z</end></TimeSpan><styleUrl>#point</styleUrl><Point><altitudeMode>clampToGround</altitudeMode><coordinates>11.809736033901572,46.621014727279544,2084.2800000000002</coordinates></Point></Placemark><Placemark><TimeSpan><begin>2026-08-04T12:38:05Z</begin><end>2026-08-04T12:38:21Z</end></TimeSpan><styleUrl>#point</styleUrl><Point><altitudeMode>clampToGround</altitudeMode><coordinates>11.809971733018756,46.621006010100245,2080.9099999999999</coordinates></Point></Placemark><Placemark><TimeSpan><begin>2026-08-04T12:38:21Z</begin><end>2026-08-04T12:38:29Z</end></TimeSpan><styleUrl>#point</styleUrl><Point><altitudeMode>clampToGround</altitudeMode><coordinates>11.810023784637451,46.621003076434135,2079.9499999999998</coordinates></Point></Placemark><Placemark><TimeSpan><begin>2026-08-04T12:38:29Z</begin><end>2026-08-04T12:38:42Z</end></TimeSpan><styleUrl>#point</styleUrl><Point><altitudeMode>clampToGround</altitudeMode><coordinates>11.810217658057809,46.620996119454503,2078.5100000000002</coordinates></Point></Placemark><Placemark><TimeSpan><begin>2026-08-04T12:38:42Z</begin><end>2026-08-04T12:38:53Z</end></TimeSpan><styleUrl>#point</styleUrl><Point><altitudeMode>clampToGround</altitudeMode><coordinates>11.810303572565317,46.620994945988059,2077.0700000000002</coordinates></Point></Placemark><Placemark><TimeSpan><begin>2026-08-04T12:38:53Z</begin><end>2026-08-04T12:39:09Z</end></TimeSpan><styleUrl>#point</styleUrl><Point><altitudeMode>clampToGround</altitudeMode><coordinates>11.810513203963637,46.620972901582718,2075.1399999999999</coordinates></Point></Placemark><Placemark><TimeSpan><begin>2026-08-04T12:39:09Z</begin><end>2026-08-04T12:39:22Z</end></TimeSpan><styleUrl>#point</styleUrl><Point><altitudeMode>clampToGround</altitudeMode><coordinates>11.810614541172981,46.620948426425457,2072.7399999999998</coordinates></Point></Placemark><Placemark><TimeSpan><begin>2026-08-04T12:39:22Z</begin><end>2026-08-04T12:39:29Z</end></TimeSpan><styleUrl>#point</styleUrl><Point><altitudeMode>clampToGround</altitudeMode><coordinates>11.810698276385665,46.620944403111935,2070.8200000000002</coordinates></Point></Placemark><Placemark><TimeSpan><begin>2026-08-04T12:39:29Z</begin><end>2026-08-04T12:39:43Z</end></TimeSpan><styleUrl>#point</styleUrl><Point><altitudeMode>clampToGround</altitudeMode><coordinates>11.810895502567291,46.620942894369364,2067.9299999999998</coordinates></Point></Placemark><Placemark><TimeSpan><begin>2026-08-04T12:39:43Z</begin><end>2026-08-04T12:39:54Z</end></TimeSpan><styleUrl>#point</styleUrl><Point><altitudeMode>clampToGround</altitudeMode><coordinates>11.811066661030054,46.620925795286894,2064.5700000000002</coordinates></Point></Placemark><Placemark><TimeSpan><begin>2026-08-04T12:39:54Z</begin><end>2026-08-04T12:40:04Z</end></TimeSpan><styleUrl>#point</styleUrl><Point><altitudeMode>clampToGround</altitudeMode><coordinates>11.811222480610013,46.620925208553672,2062.1700000000001</coordinates></Point></Placemark><Placemark><TimeSpan><begin>2026-08-04T12:40:04Z</begin><end>2026-08-04T12:40:17Z</end></TimeSpan><styleUrl>#point</styleUrl><Point><altitudeMode>clampToGround</altitudeMode><coordinates>11.811418700963259,46.620910372585058,2059.7600000000002</coordinates></Point></Placemark><Placemark><TimeSpan><begin>2026-08-04T12:40:17Z</begin><end>2026-08-04T12:40:27Z</end></TimeSpan><styleUrl>#point</styleUrl><Point><altitudeMode>clampToGround</altitudeMode><coordinates>11.811515763401985,46.620922945439816,2058.8000000000002</coordinates></Point></Placemark><Placemark><TimeSpan><begin>2026-08-04T12:40:27Z</begin><end>2026-08-04T12:40:39Z</end></TimeSpan><styleUrl>#point</styleUrl><Point><altitudeMode>clampToGround</altitudeMode><coordinates>11.811727154999971,46.620897548273206,2055.9200000000001</coordinates></Point></Placemark><Placemark><TimeSpan><begin>2026-08-04T12:40:39Z</begin><end>2026-08-04T12:40:56Z</end></TimeSpan><styleUrl>#point</styleUrl><Point><altitudeMode>clampToGround</altitudeMode><coordinates>11.8120036739856,46.620868043974042,2052.5500000000002</coordinates></Point></Placemark><Placemark><TimeSpan><begin>2026-08-04T12:40:56Z</begin><end>2026-08-04T12:41:03Z</end></TimeSpan><styleUrl>#point</styleUrl><Point><altitudeMode>clampToGround</altitudeMode><coordinates>11.812105849385262,46.620860584080219,2051.1100000000001</coordinates></Point></Placemark><Placemark><TimeSpan><begin>2026-08-04T12:41:03Z</begin><end>2026-08-04T12:41:19Z</end></TimeSpan><styleUrl>#point</styleUrl><Point><altitudeMode>clampToGround</altitudeMode><coordinates>11.812349511310458,46.620867708697915,2047.75</coordinates></Point></Placemark><Placemark><TimeSpan><begin>2026-08-04T12:41:19Z</begin><end>2026-08-04T12:41:32Z</end></TimeSpan><styleUrl>#point</styleUrl><Point><altitudeMode>clampToGround</altitudeMode><coordinates>11.812544474378228,46.620871312916279,2045.3399999999999</coordinates></Point></Placemark><Placemark><TimeSpan><begin>2026-08-04T12:41:32Z</begin><end>2026-08-04T12:41:44Z</end></TimeSpan><styleUrl>#point</styleUrl><Point><altitudeMode>clampToGround</altitudeMode><coordinates>11.812567273154855,46.620870726183057,2044.3800000000001</coordinates></Point></Placemark><Placemark><TimeSpan><begin>2026-08-04T12:41:44Z</begin><end>2026-08-04T12:41:59Z</end></TimeSpan><styleUrl>#point</styleUrl><Point><altitudeMode>clampToGround</altitudeMode><coordinates>11.812637681141496,46.620848346501589,2043.4200000000001</coordinates></Point></Placemark><Placemark><TimeSpan><begin>2026-08-04T12:41:59Z</begin><end>2026-08-04T12:42:12Z</end></TimeSpan><styleUrl>#point</styleUrl><Point><altitudeMode>clampToGround</altitudeMode><coordinates>11.812834739685059,46.620820686221123,2040.54</coordinates></Point></Placemark><Placemark><TimeSpan><begin>2026-08-04T12:42:12Z</begin><end>2026-08-04T12:42:15Z</end></TimeSpan><styleUrl>#point</styleUrl><Point><altitudeMode>clampToGround</altitudeMode><coordinates>11.812848653644323,46.620803754776716,2040.05</coordinates></Point></Placemark><Placemark><TimeSpan><begin>2026-08-04T12:42:15Z</begin><end>2026-08-04T12:42:18Z</end></TimeSpan><styleUrl>#point</styleUrl><Point><altitudeMode>clampToGround</altitudeMode><coordinates>11.812838679179549,46.620782380923629,2039.5699999999999</coordinates></Point></Placemark><Placemark><TimeSpan><begin>2026-08-04T12:42:18Z</begin><end>2026-08-04T12:42:30Z</end></TimeSpan><styleUrl>#point</styleUrl><Point><altitudeMode>clampToGround</altitudeMode><coordinates>11.812676237896085,46.62069546058774,2039.5699999999999</coordinates></Point></Placemark><Placemark><TimeSpan><begin>2026-08-04T12:42:30Z</begin><end>2026-08-04T12:42:35Z</end></TimeSpan><styleUrl>#point</styleUrl><Point><altitudeMode>clampToGround</altitudeMode><coordinates>11.812603985890746,46.620660508051515,2041.02</coordinates></Point></Placemark><Placemark><TimeSpan><begin>2026-08-04T12:42:35Z</begin><end>2026-08-04T12:42:46Z</end></TimeSpan><styleUrl>#point</styleUrl><Point><altitudeMode>clampToGround</altitudeMode><coordinates>11.812436347827315,46.620597392320633,2041.02</coordinates></Point></Placemark><Placemark><TimeSpan><begin>2026-08-04T12:42:46Z</begin><end>2026-08-04T12:42:56Z</end></TimeSpan><styleUrl>#point</styleUrl><Point><altitudeMode>clampToGround</altitudeMode><coordinates>11.812282036989927,46.620579371228814,2041.98</coordinates></Point></Placemark><Placemark><TimeSpan><begin>2026-08-04T12:42:56Z</begin><end>2026-08-04T12:43:11Z</end></TimeSpan><styleUrl>#point</styleUrl><Point><altitudeMode>clampToGround</altitudeMode><coordinates>11.812084307894111,46.620499910786748,2042.46</coordinates></Point></Placemark><Placemark><TimeSpan><begin>2026-08-04T12:43:11Z</begin><end>2026-08-04T12:43:22Z</end></TimeSpan><styleUrl>#point</styleUrl><Point><altitudeMode>clampToGround</altitudeMode><coordinates>11.812072237953544,46.620421791449189,2041.98</coordinates></Point></Placemark><Placemark><TimeSpan><begin>2026-08-04T12:43:22Z</begin><end>2026-08-04T12:43:32Z</end></TimeSpan><styleUrl>#point</styleUrl><Point><altitudeMode>clampToGround</altitudeMode><coordinates>11.812081541866064,46.620375523343682,2041.98</coordinates></Point></Placemark><Placemark><TimeSpan><begin>2026-08-04T12:43:32Z</begin><end>2026-08-04T12:43:36Z</end></TimeSpan><styleUrl>#point</styleUrl><Point><altitudeMode>clampToGround</altitudeMode><coordinates>11.812089504674077,46.620350880548358,2041.98</coordinates></Point></Placemark><Placemark><TimeSpan><begin>2026-08-04T12:43:36Z</begin><end>2026-08-04T12:43:42Z</end></TimeSpan><styleUrl>#point</styleUrl><Point><altitudeMode>clampToGround</altitudeMode><coordinates>11.812154212966561,46.620335625484586,2041.02</coordinates></Point></Placemark><Placemark><TimeSpan><begin>2026-08-04T12:43:42Z</begin><end>2026-08-04T12:43:55Z</end></TimeSpan><styleUrl>#point</styleUrl><Point><altitudeMode>clampToGround</altitudeMode><coordinates>11.812157481908798,46.620347611606121,2041.02</coordinates></Point></Placemark><Placemark><TimeSpan><begin>2026-08-04T12:43:55Z</begin><end>2026-08-04T12:44:20Z</end></TimeSpan><styleUrl>#point</styleUrl><Point><altitudeMode>clampToGround</altitudeMode><coordinates>11.81213267147541,46.620367644354701,2040.05</coordinates></Point></Placemark><Placemark><TimeSpan><begin>2026-08-04T12:44:20Z</begin><end>2026-08-04T12:44:49Z</end></TimeSpan><styleUrl>#point</styleUrl><Point><altitudeMode>clampToGround</altitudeMode><coordinates>11.812146585434675,46.620361609384418,2040.05</coordinates></Point></Placemark><Placemark><TimeSpan><begin>2026-08-04T12:44:49Z</begin><end>2026-08-04T12:45:13Z</end></TimeSpan><styleUrl>#point</styleUrl><Point><altitudeMode>clampToGround</altitudeMode><coordinates>11.812152452766895,46.620365381240845,2039.5699999999999</coordinates></Point></Placemark><Placemark><TimeSpan><begin>2026-08-04T12:45:13Z</begin><end>2026-08-04T12:45:43Z</end></TimeSpan><styleUrl>#point</styleUrl><Point><altitudeMode>clampToGround</altitudeMode><coordinates>11.812144992873073,46.62035146728158,2039.5699999999999</coordinates></Point></Placemark><Placemark><TimeSpan><begin>2026-08-04T12:45:43Z</begin><end>2026-08-04T12:46:08Z</end></TimeSpan><styleUrl>#point</styleUrl><Point><altitudeMode>clampToGround</altitudeMode><coordinates>11.812134850770235,46.620353562757373,2039.0899999999999</coordinates></Point></Placemark><Placemark><TimeSpan><begin>2026-08-04T12:46:08Z</begin><end>2026-08-04T12:46:29Z</end></TimeSpan><styleUrl>#point</styleUrl><Point><altitudeMode>clampToGround</altitudeMode><coordinates>11.812140382826328,46.620351299643517,2039.0899999999999</coordinates></Point></Placemark><Placemark><TimeSpan><begin>2026-08-04T12:46:29Z</begin><end>2026-08-04T12:46:54Z</end></TimeSpan><styleUrl>#point</styleUrl><Point><altitudeMode>clampToGround</altitudeMode><coordinates>11.812152033671737,46.620368482545018,2039.0899999999999</coordinates></Point></Placemark><Placemark><TimeSpan><begin>2026-08-04T12:46:54Z</begin><end>2026-08-04T12:47:18Z</end></TimeSpan><styleUrl>#point</styleUrl><Point><altitudeMode>clampToGround</altitudeMode><coordinates>11.812155302613974,46.620352389290929,2038.6099999999999</coordinates></Point></Placemark><Placemark><TimeSpan><begin>2026-08-04T12:47:18Z</begin><end>2026-08-04T12:47:46Z</end></TimeSpan><styleUrl>#point</styleUrl><Point><altitudeMode>clampToGround</altitudeMode><coordinates>11.812128564342856,46.620348198339343,2038.6099999999999</coordinates></Point></Placemark><Placemark><TimeSpan><begin>2026-08-04T12:47:46Z</begin><end>2026-08-04T12:48:13Z</end></TimeSpan><styleUrl>#point</styleUrl><Point><altitudeMode>clampToGround</altitudeMode><coordinates>11.812125882133842,46.620354736223817,2038.6099999999999</coordinates></Point></Placemark><Placemark><TimeSpan><begin>2026-08-04T12:48:13Z</begin><end>2026-08-04T12:48:40Z</end></TimeSpan><styleUrl>#point</styleUrl><Point><altitudeMode>clampToGround</altitudeMode><coordinates>11.812113812193274,46.620355742052197,2038.6099999999999</coordinates></Point></Placemark><Placemark><TimeSpan><begin>2026-08-04T12:48:40Z</begin><end>2026-08-04T12:49:07Z</end></TimeSpan><styleUrl>#point</styleUrl><Point><altitudeMode>clampToGround</altitudeMode><coordinates>11.812146753072739,46.620359597727656,2038.6099999999999</coordinates></Point></Placemark><Placemark><TimeSpan><begin>2026-08-04T12:49:07Z</begin><end>2026-08-04T12:49:28Z</end></TimeSpan><styleUrl>#point</styleUrl><Point><altitudeMode>clampToGround</altitudeMode><coordinates>11.812145914882421,46.620355406776071,2038.1300000000001</coordinates></Point></Placemark><Placemark><TimeSpan><begin>2026-08-04T12:49:28Z</begin><end>2026-08-04T12:49:49Z</end></TimeSpan><styleUrl>#point</styleUrl><Point><altitudeMode>clampToGround</altitudeMode><coordinates>11.812134180217981,46.620374098420143,2038.1300000000001</coordinates></Point></Placemark><Placemark><TimeSpan><begin>2026-08-04T12:49:49Z</begin><end>2026-08-04T12:50:07Z</end></TimeSpan><styleUrl>#point</styleUrl><Point><altitudeMode>clampToGround</altitudeMode><coordinates>11.812145998701453,46.620347443968058,2038.1300000000001</coordinates></Point></Placemark><Placemark><TimeSpan><begin>2026-08-04T12:50:07Z</begin><end>2026-08-04T12:50:28Z</end></TimeSpan><styleUrl>#point</styleUrl><Point><altitudeMode>clampToGround</altitudeMode><coordinates>11.812163600698113,46.620346773415804,2037.6500000000001</coordinates></Point></Placemark><Placemark><TimeSpan><begin>2026-08-04T12:50:28Z</begin><end>2026-08-04T12:50:54Z</end></TimeSpan><styleUrl>#point</styleUrl><Point><altitudeMode>clampToGround</altitudeMode><coordinates>11.812173491343856,46.620347779244184,2037.6500000000001</coordinates></Point></Placemark><Placemark><TimeSpan><begin>2026-08-04T12:50:54Z</begin><end>2026-08-04T12:51:14Z</end></TimeSpan><styleUrl>#point</styleUrl><Point><altitudeMode>clampToGround</altitudeMode><coordinates>11.812162175774574,46.62035096436739,2037.6500000000001</coordinates></Point></Placemark><Placemark><TimeSpan><begin>2026-08-04T12:51:14Z</begin><end>2026-08-04T12:51:37Z</end></TimeSpan><styleUrl>#point</styleUrl><Point><altitudeMode>clampToGround</altitudeMode><coordinates>11.812145579606295,46.620363453403115,2037.6500000000001</coordinates></Point></Placemark><Placemark><TimeSpan><begin>2026-08-04T12:51:37Z</begin><end>2026-08-04T12:52:00Z</end></TimeSpan><styleUrl>#point</styleUrl><Point><altitudeMode>clampToGround</altitudeMode><coordinates>11.812148848548532,46.620377702638507,2037.6500000000001</coordinates></Point></Placemark><Placemark><TimeSpan><begin>2026-08-04T12:52:00Z</begin><end>2026-08-04T12:52:22Z</end></TimeSpan><styleUrl>#point</styleUrl><Point><altitudeMode>clampToGround</altitudeMode><coordinates>11.812136862426996,46.62037150003016,2037.1700000000001</coordinates></Point></Placemark><Placemark><TimeSpan><begin>2026-08-04T12:52:22Z</begin><end>2026-08-04T12:52:52Z</end></TimeSpan><styleUrl>#point</styleUrl><Point><altitudeMode>clampToGround</altitudeMode><coordinates>11.812152117490768,46.620364543050528,2037.1700000000001</coordinates></Point></Placemark><Placemark><TimeSpan><begin>2026-08-04T12:52:52Z</begin><end>2026-08-04T12:53:15Z</end></TimeSpan><styleUrl>#point</styleUrl><Point><altitudeMode>clampToGround</altitudeMode><coordinates>11.812136946246028,46.620362615212798,2037.1700000000001</coordinates></Point></Placemark><Placemark><TimeSpan><begin>2026-08-04T12:53:15Z</begin><end>2026-08-04T12:53:39Z</end></TimeSpan><styleUrl>#point</styleUrl><Point><altitudeMode>clampToGround</altitudeMode><coordinates>11.812138538807631,46.620357166975737,2037.1700000000001</coordinates></Point></Placemark><Placemark><TimeSpan><begin>2026-08-04T12:53:39Z</begin><end>2026-08-04T12:54:01Z</end></TimeSpan><styleUrl>#point</styleUrl><Point><altitudeMode>clampToGround</altitudeMode><coordinates>11.812126552686095,46.620359346270561,2037.1700000000001</coordinates></Point></Placemark><Placemark><TimeSpan><begin>2026-08-04T12:54:01Z</begin><end>2026-08-04T12:54:23Z</end></TimeSpan><styleUrl>#point</styleUrl><Point><altitudeMode>clampToGround</altitudeMode><coordinates>11.812114231288433,46.620363537222147,2037.1700000000001</coordinates></Point></Placemark><Placemark><TimeSpan><begin>2026-08-04T12:54:23Z</begin><end>2026-08-04T12:54:43Z</end></TimeSpan><styleUrl>#point</styleUrl><Point><altitudeMode>clampToGround</altitudeMode><coordinates>11.812130240723491,46.620352137833834,2037.1700000000001</coordinates></Point></Placemark><Placemark><TimeSpan><begin>2026-08-04T12:54:43Z</begin><end>2026-08-04T12:55:06Z</end></TimeSpan><styleUrl>#point</styleUrl><Point><altitudeMode>clampToGround</altitudeMode><coordinates>11.812139376997948,46.620348449796438,2037.1700000000001</coordinates></Point></Placemark><Placemark><TimeSpan><begin>2026-08-04T12:55:06Z</begin><end>2026-08-04T12:55:26Z</end></TimeSpan><styleUrl>#point</styleUrl><Point><altitudeMode>clampToGround</altitudeMode><coordinates>11.812124708667397,46.620350880548358,2037.1700000000001</coordinates></Point></Placemark><Placemark><TimeSpan><begin>2026-08-04T12:55:26Z</begin><end>2026-08-04T12:55:45Z</end></TimeSpan><styleUrl>#point</styleUrl><Point><altitudeMode>clampToGround</altitudeMode><coordinates>11.812138371169567,46.620339816436172,2037.1700000000001</coordinates></Point></Placemark><Placemark><TimeSpan><begin>2026-08-04T12:55:45Z</begin><end>2026-08-04T12:56:08Z</end></TimeSpan><styleUrl>#point</styleUrl><Point><altitudeMode>clampToGround</altitudeMode><coordinates>11.812123954296112,46.620345683768392,2037.1700000000001</coordinates></Point></Placemark><Placemark><TimeSpan><begin>2026-08-04T12:56:08Z</begin><end>2026-08-04T12:56:33Z</end></TimeSpan><styleUrl>#point</styleUrl><Point><altitudeMode>clampToGround</altitudeMode><coordinates>11.812126049771905,46.62035146728158,2037.1700000000001</coordinates></Point></Placemark><Placemark><TimeSpan><begin>2026-08-04T12:56:33Z</begin><end>2026-08-04T12:56:58Z</end></TimeSpan><styleUrl>#point</styleUrl><Point><altitudeMode>clampToGround</altitudeMode><coordinates>11.812106939032674,46.620348114520311,2037.1700000000001</coordinates></Point></Placemark><Placemark><TimeSpan><begin>2026-08-04T12:56:58Z</begin><end>2026-08-04T12:57:20Z</end></TimeSpan><styleUrl>#point</styleUrl><Point><altitudeMode>clampToGround</altitudeMode><coordinates>11.812147088348866,46.620347695425153,2036.6900000000001</coordinates></Point></Placemark><Placemark><TimeSpan><begin>2026-08-04T12:57:20Z</begin><end>2026-08-04T12:57:49Z</end></TimeSpan><styleUrl>#point</styleUrl><Point><altitudeMode>clampToGround</altitudeMode><coordinates>11.812137700617313,46.620352137833834,2036.6900000000001</coordinates></Point></Placemark><Placemark><TimeSpan><begin>2026-08-04T12:57:49Z</begin><end>2026-08-04T12:58:19Z</end></TimeSpan><styleUrl>#point</styleUrl><Point><altitudeMode>clampToGround</altitudeMode><coordinates>11.812140718102455,46.620342833921313,2036.6900000000001</coordinates></Point></Placemark><Placemark><TimeSpan><begin>2026-08-04T12:58:19Z</begin><end>2026-08-04T12:58:45Z</end></TimeSpan><styleUrl>#point</styleUrl><Point><altitudeMode>clampToGround</altitudeMode><coordinates>11.812135940417647,46.620337469503284,2036.6900000000001</coordinates></Point></Placemark><Placemark><TimeSpan><begin>2026-08-04T12:58:45Z</begin><end>2026-08-04T12:59:10Z</end></TimeSpan><styleUrl>#point</styleUrl><Point><altitudeMode>clampToGround</altitudeMode><coordinates>11.812140718102455,46.620347192510962,2036.6900000000001</coordinates></Point></Placemark><Placemark><TimeSpan><begin>2026-08-04T12:59:10Z</begin><end>2026-08-04T12:59:42Z</end></TimeSpan><styleUrl>#point</styleUrl><Point><altitudeMode>clampToGround</altitudeMode><coordinates>11.812139125540853,46.620347863063216,2036.6900000000001</coordinates></Point></Placemark><Placemark><TimeSpan><begin>2026-08-04T12:59:42Z</begin><end>2026-08-04T13:00:13Z</end></TimeSpan><styleUrl>#point</styleUrl><Point><altitudeMode>clampToGround</altitudeMode><coordinates>11.812136359512806,46.620353059843183,2036.6900000000001</coordinates></Point></Placemark><Placemark><TimeSpan><begin>2026-08-04T13:00:13Z</begin><end>2026-08-04T13:00:42Z</end></TimeSpan><styleUrl>#point</styleUrl><Point><altitudeMode>clampToGround</altitudeMode><coordinates>11.812132252380252,46.620341660454869,2036.6900000000001</coordinates></Point></Placemark><Placemark><TimeSpan><begin>2026-08-04T13:00:42Z</begin><end>2026-08-04T13:01:08Z</end></TimeSpan><styleUrl>#point</styleUrl><Point><altitudeMode>clampToGround</altitudeMode><coordinates>11.812133593484759,46.620361274108291,2036.6900000000001</coordinates></Point></Placemark><Placemark><TimeSpan><begin>2026-08-04T13:01:08Z</begin><end>2026-08-04T13:01:37Z</end></TimeSpan><styleUrl>#point</styleUrl><Point><altitudeMode>clampToGround</altitudeMode><coordinates>11.81213510222733,46.62036370486021,2036.21</coordinates></Point></Placemark><Placemark><TimeSpan><begin>2026-08-04T13:01:37Z</begin><end>2026-08-04T13:01:57Z</end></TimeSpan><styleUrl>#point</styleUrl><Point><altitudeMode>clampToGround</altitudeMode><coordinates>11.812136694788933,46.620367141440511,2036.21</coordinates></Point></Placemark><Placemark><TimeSpan><begin>2026-08-04T13:01:57Z</begin><end>2026-08-04T13:02:21Z</end></TimeSpan><styleUrl>#point</styleUrl><Point><altitudeMode>clampToGround</altitudeMode><coordinates>11.812139796093106,46.620354987680912,2036.21</coordinates></Point></Placemark><Placemark><TimeSpan><begin>2026-08-04T13:02:21Z</begin><end>2026-08-04T13:02:44Z</end></TimeSpan><styleUrl>#point</styleUrl><Point><altitudeMode>clampToGround</altitudeMode><coordinates>11.812138119712472,46.620344091206789,2036.21</coordinates></Point></Placemark><Placemark><TimeSpan><begin>2026-08-04T13:02:44Z</begin><end>2026-08-04T13:03:09Z</end></TimeSpan><styleUrl>#point</styleUrl><Point><altitudeMode>clampToGround</altitudeMode><coordinates>11.812144070863724,46.620356161147356,2036.21</coordinates></Point></Placemark><Placemark><TimeSpan><begin>2026-08-04T13:03:09Z</begin><end>2026-08-04T13:03:18Z</end></TimeSpan><styleUrl>#point</styleUrl><Point><altitudeMode>clampToGround</altitudeMode><coordinates>11.81215270422399,46.620349874719977,2037.6500000000001</coordinates></Point></Placemark><Placemark><TimeSpan><begin>2026-08-04T13:03:18Z</begin><end>2026-08-04T13:03:29Z</end></TimeSpan><styleUrl>#point</styleUrl><Point><altitudeMode>clampToGround</altitudeMode><coordinates>11.812101323157549,46.62035783752799,2038.1300000000001</coordinates></Point></Placemark><Placemark><TimeSpan><begin>2026-08-04T13:03:29Z</begin><end>2026-08-04T13:03:31Z</end></TimeSpan><styleUrl>#point</styleUrl><Point><altitudeMode>clampToGround</altitudeMode><coordinates>11.812102748081088,46.620378457009792,2038.1300000000001</coordinates></Point></Placemark><Placemark><TimeSpan><begin>2026-08-04T13:03:31Z</begin><end>2026-08-04T13:03:33Z</end></TimeSpan><styleUrl>#point</styleUrl><Point><altitudeMode>clampToGround</altitudeMode><coordinates>11.81210626848042,46.620401926338673,2038.1300000000001</coordinates></Point></Placemark><Placemark><TimeSpan><begin>2026-08-04T13:03:33Z</begin><end>2026-08-04T13:03:35Z</end></TimeSpan><styleUrl>#point</styleUrl><Point><altitudeMode>clampToGround</altitudeMode><coordinates>11.812096294015646,46.620424138382077,2038.6099999999999</coordinates></Point></Placemark><Placemark><TimeSpan><begin>2026-08-04T13:03:35Z</begin><end>2026-08-04T13:03:41Z</end></TimeSpan><styleUrl>#point</styleUrl><Point><altitudeMode>clampToGround</altitudeMode><coordinates>11.812116326764226,46.620476106181741,2038.6099999999999</coordinates></Point></Placemark><Placemark><TimeSpan><begin>2026-08-04T13:03:41Z</begin><end>2026-08-04T13:03:44Z</end></TimeSpan><styleUrl>#point</styleUrl><Point><altitudeMode>clampToGround</altitudeMode><coordinates>11.81213116273284,46.620508208870888,2038.6099999999999</coordinates></Point></Placemark><Placemark><TimeSpan><begin>2026-08-04T13:03:44Z</begin><end>2026-08-04T13:03:56Z</end></TimeSpan><styleUrl>#point</styleUrl><Point><altitudeMode>clampToGround</altitudeMode><coordinates>11.812283881008625,46.620554979890585,2038.6099999999999</coordinates></Point></Placemark><Placemark><TimeSpan><begin>2026-08-04T13:03:56Z</begin><end>2026-08-04T13:04:07Z</end></TimeSpan><styleUrl>#point</styleUrl><Point><altitudeMode>clampToGround</altitudeMode><coordinates>11.812431821599603,46.620581801980734,2038.6099999999999</coordinates></Point></Placemark><Placemark><TimeSpan><begin>2026-08-04T13:04:07Z</begin><end>2026-08-04T13:04:08Z</end></TimeSpan><styleUrl>#point</styleUrl><Point><altitudeMode>clampToGround</altitudeMode><coordinates>11.812450597062707,46.620585490018129,2038.6099999999999</coordinates></Point></Placemark><Placemark><TimeSpan><begin>2026-08-04T13:04:08Z</begin><end>2026-08-04T13:04:19Z</end></TimeSpan><styleUrl>#point</styleUrl><Point><altitudeMode>clampToGround</altitudeMode><coordinates>11.812624856829643,46.6206319257617,2037.1700000000001</coordinates></Point></Placemark><Placemark><TimeSpan><begin>2026-08-04T13:04:19Z</begin><end>2026-08-04T13:04:33Z</end></TimeSpan><styleUrl>#point</styleUrl><Point><altitudeMode>clampToGround</altitudeMode><coordinates>11.812791991978884,46.620713230222464,2036.21</coordinates></Point></Placemark><Placemark><TimeSpan><begin>2026-08-04T13:04:33Z</begin><end>2026-08-04T13:04:34Z</end></TimeSpan><styleUrl>#point</styleUrl><Point><altitudeMode>clampToGround</altitudeMode><coordinates>11.812804816290736,46.620718846097589,2036.21</coordinates></Point></Placemark><Placemark><TimeSpan><begin>2026-08-04T13:04:34Z</begin><end>2026-08-04T13:04:37Z</end></TimeSpan><styleUrl>#point</styleUrl><Point><altitudeMode>clampToGround</altitudeMode><coordinates>11.812836918979883,46.620740303769708,2035.73</coordinates></Point></Placemark><Placemark><TimeSpan><begin>2026-08-04T13:04:37Z</begin><end>2026-08-04T13:04:51Z</end></TimeSpan><styleUrl>#point</styleUrl><Point><altitudeMode>clampToGround</altitudeMode><coordinates>11.812985362485051,46.620801910758018,2033.8099999999999</coordinates></Point></Placemark><Placemark><TimeSpan><begin>2026-08-04T13:04:51Z</begin><end>2026-08-04T13:05:01Z</end></TimeSpan><styleUrl>#point</styleUrl><Point><altitudeMode>clampToGround</altitudeMode><coordinates>11.813045712187886,46.620795037597418,2032.8399999999999</coordinates></Point></Placemark><Placemark><TimeSpan><begin>2026-08-04T13:05:01Z</begin><end>2026-08-04T13:05:11Z</end></TimeSpan><styleUrl>#point</styleUrl><Point><altitudeMode>clampToGround</altitudeMode><coordinates>11.81310455314815,46.620770562440157,2032.3599999999999</coordinates></Point></Placemark><Placemark><TimeSpan><begin>2026-08-04T13:05:11Z</begin><end>2026-08-04T13:05:22Z</end></TimeSpan><styleUrl>#point</styleUrl><Point><altitudeMode>clampToGround</altitudeMode><coordinates>11.813225755468011,46.620742985978723,2029.48</coordinates></Point></Placemark><Placemark><TimeSpan><begin>2026-08-04T13:05:22Z</begin><end>2026-08-04T13:05:34Z</end></TimeSpan><styleUrl>#point</styleUrl><Point><altitudeMode>clampToGround</altitudeMode><coordinates>11.813331786543131,46.620744997635484,2027.0799999999999</coordinates></Point></Placemark><Placemark><TimeSpan><begin>2026-08-04T13:05:34Z</begin><end>2026-08-04T13:05:48Z</end></TimeSpan><styleUrl>#point</styleUrl><Point><altitudeMode>clampToGround</altitudeMode><coordinates>11.813475117087364,46.620726305991411,2023.71</coordinates></Point></Placemark><Placemark><TimeSpan><begin>2026-08-04T13:05:48Z</begin><end>2026-08-04T13:06:01Z</end></TimeSpan><styleUrl>#point</styleUrl><Point><altitudeMode>clampToGround</altitudeMode><coordinates>11.813629260286689,46.620728150010109,2020.8299999999999</coordinates></Point></Placemark><Placemark><TimeSpan><begin>2026-08-04T13:06:01Z</begin><end>2026-08-04T13:06:14Z</end></TimeSpan><styleUrl>#point</styleUrl><Point><altitudeMode>clampToGround</altitudeMode><coordinates>11.81378030218184,46.620749104768038,2017.46</coordinates></Point></Placemark><Placemark><TimeSpan><begin>2026-08-04T13:06:14Z</begin><end>2026-08-04T13:06:31Z</end></TimeSpan><styleUrl>#point</styleUrl><Point><altitudeMode>clampToGround</altitudeMode><coordinates>11.813937043771148,46.620759246870875,2014.5799999999999</coordinates></Point></Placemark><Placemark><TimeSpan><begin>2026-08-04T13:06:31Z</begin><end>2026-08-04T13:06:45Z</end></TimeSpan><styleUrl>#point</styleUrl><Point><altitudeMode>clampToGround</altitudeMode><coordinates>11.814042823389173,46.620793109759688,2012.6600000000001</coordinates></Point></Placemark><Placemark><TimeSpan><begin>2026-08-04T13:06:45Z</begin><end>2026-08-04T13:06:56Z</end></TimeSpan><styleUrl>#point</styleUrl><Point><altitudeMode>clampToGround</altitudeMode><coordinates>11.814187997952104,46.620846418663859,2009.77</coordinates></Point></Placemark><Placemark><TimeSpan><begin>2026-08-04T13:06:56Z</begin><end>2026-08-04T13:07:08Z</end></TimeSpan><styleUrl>#point</styleUrl><Point><altitudeMode>clampToGround</altitudeMode><coordinates>11.814337028190494,46.620913809165359,2006.8900000000001</coordinates></Point></Placemark><Placemark><TimeSpan><begin>2026-08-04T13:07:08Z</begin><end>2026-08-04T13:07:15Z</end></TimeSpan><styleUrl>#point</styleUrl><Point><altitudeMode>clampToGround</altitudeMode><coordinates>11.814423697069287,46.620953707024455,2005.9300000000001</coordinates></Point></Placemark><Placemark><TimeSpan><begin>2026-08-04T13:07:15Z</begin><end>2026-08-04T13:07:22Z</end></TimeSpan><styleUrl>#point</styleUrl><Point><altitudeMode>clampToGround</altitudeMode><coordinates>11.814510868862271,46.620980864390731,2004.01</coordinates></Point></Placemark><Placemark><TimeSpan><begin>2026-08-04T13:07:22Z</begin><end>2026-08-04T13:07:26Z</end></TimeSpan><styleUrl>#point</styleUrl><Point><altitudeMode>clampToGround</altitudeMode><coordinates>11.814581695944071,46.620986564084888,2003.52</coordinates></Point></Placemark><Placemark><TimeSpan><begin>2026-08-04T13:07:26Z</begin><end>2026-08-04T13:07:39Z</end></TimeSpan><styleUrl>#point</styleUrl><Point><altitudeMode>clampToGround</altitudeMode><coordinates>11.81479518301785,46.621021684259176,2001.5999999999999</coordinates></Point></Placemark><Placemark><TimeSpan><begin>2026-08-04T13:07:39Z</begin><end>2026-08-04T13:07:52Z</end></TimeSpan><styleUrl>#point</styleUrl><Point><altitudeMode>clampToGround</altitudeMode><coordinates>11.814982686191797,46.621058732271194,1999.2</coordinates></Point></Placemark><Placemark><TimeSpan><begin>2026-08-04T13:07:52Z</begin><end>2026-08-04T13:08:06Z</end></TimeSpan><styleUrl>#point</styleUrl><Point><altitudeMode>clampToGround</altitudeMode><coordinates>11.815170859917998,46.621083710342646,1997.28</coordinates></Point></Placemark><Placemark><TimeSpan><begin>2026-08-04T13:08:06Z</begin><end>2026-08-04T13:08:20Z</end></TimeSpan><styleUrl>#point</styleUrl><Point><altitudeMode>clampToGround</altitudeMode><coordinates>11.815357524901628,46.621115142479539,1995.3499999999999</coordinates></Point></Placemark><Placemark><TimeSpan><begin>2026-08-04T13:08:20Z</begin><end>2026-08-04T13:08:28Z</end></TimeSpan><styleUrl>#point</styleUrl><Point><altitudeMode>clampToGround</altitudeMode><coordinates>11.815463388338685,46.621132995933294,1994.3900000000001</coordinates></Point></Placemark><Placemark><TimeSpan><begin>2026-08-04T13:08:28Z</begin><end>2026-08-04T13:08:32Z</end></TimeSpan><styleUrl>#point</styleUrl><Point><altitudeMode>clampToGround</altitudeMode><coordinates>11.815514769405127,46.621143724769354,1993.9100000000001</coordinates></Point></Placemark><Placemark><TimeSpan><begin>2026-08-04T13:08:32Z</begin><end>2026-08-04T13:08:45Z</end></TimeSpan><styleUrl>#point</styleUrl><Point><altitudeMode>clampToGround</altitudeMode><coordinates>11.815699925646186,46.621182365342975,1991.99</coordinates></Point></Placemark><Placemark><TimeSpan><begin>2026-08-04T13:08:45Z</begin><end>2026-08-04T13:08:55Z</end></TimeSpan><styleUrl>#point</styleUrl><Point><altitudeMode>clampToGround</altitudeMode><coordinates>11.815819200128317,46.62122025154531,1990.55</coordinates></Point></Placemark><Placemark><TimeSpan><begin>2026-08-04T13:08:55Z</begin><end>2026-08-04T13:09:10Z</end></TimeSpan><styleUrl>#point</styleUrl><Point><altitudeMode>clampToGround</altitudeMode><coordinates>11.81601039133966,46.621271464973688,1988.1400000000001</coordinates></Point></Placemark><Placemark><TimeSpan><begin>2026-08-04T13:09:10Z</begin><end>2026-08-04T13:09:22Z</end></TimeSpan><styleUrl>#point</styleUrl><Point><altitudeMode>clampToGround</altitudeMode><coordinates>11.816145842894912,46.621299711987376,1986.7</coordinates></Point></Placemark><Placemark><TimeSpan><begin>2026-08-04T13:09:22Z</begin><end>2026-08-04T13:09:35Z</end></TimeSpan><styleUrl>#point</styleUrl><Point><altitudeMode>clampToGround</altitudeMode><coordinates>11.816169647499919,46.621302645653486,1986.22</coordinates></Point></Placemark><Placemark><TimeSpan><begin>2026-08-04T13:09:35Z</begin><end>2026-08-04T13:09:37Z</end></TimeSpan><styleUrl>#point</styleUrl><Point><altitudeMode>clampToGround</altitudeMode><coordinates>11.816184818744659,46.621305160224438,1986.22</coordinates></Point></Placemark><Placemark><TimeSpan><begin>2026-08-04T13:09:37Z</begin><end>2026-08-04T13:09:47Z</end></TimeSpan><styleUrl>#point</styleUrl><Point><altitudeMode>clampToGround</altitudeMode><coordinates>11.816327814012766,46.621347907930613,1982.8599999999999</coordinates></Point></Placemark><Placemark><TimeSpan><begin>2026-08-04T13:09:47Z</begin><end>2026-08-04T13:10:01Z</end></TimeSpan><styleUrl>#point</styleUrl><Point><altitudeMode>clampToGround</altitudeMode><coordinates>11.816523782908916,46.621393086388707,1980.45</coordinates></Point></Placemark><Placemark><TimeSpan><begin>2026-08-04T13:10:01Z</begin><end>2026-08-04T13:10:11Z</end></TimeSpan><styleUrl>#point</styleUrl><Point><altitudeMode>clampToGround</altitudeMode><coordinates>11.816678009927273,46.621400881558657,1979.01</coordinates></Point></Placemark><Placemark><TimeSpan><begin>2026-08-04T13:10:11Z</begin><end>2026-08-04T13:10:21Z</end></TimeSpan><styleUrl>#point</styleUrl><Point><altitudeMode>clampToGround</altitudeMode><coordinates>11.816863333806396,46.621431224048138,1978.05</coordinates></Point></Placemark><Placemark><TimeSpan><begin>2026-08-04T13:10:21Z</begin><end>2026-08-04T13:10:24Z</end></TimeSpan><styleUrl>#point</styleUrl><Point><altitudeMode>clampToGround</altitudeMode><coordinates>11.816925024613738,46.621431056410074,1978.05</coordinates></Point></Placemark><Placemark><TimeSpan><begin>2026-08-04T13:10:24Z</begin><end>2026-08-04T13:10:40Z</end></TimeSpan><styleUrl>#point</styleUrl><Point><altitudeMode>clampToGround</altitudeMode><coordinates>11.817179163917899,46.62134631536901,1979.01</coordinates></Point></Placemark><Placemark><TimeSpan><begin>2026-08-04T13:10:40Z</begin><end>2026-08-04T13:10:51Z</end></TimeSpan><styleUrl>#point</styleUrl><Point><altitudeMode>clampToGround</altitudeMode><coordinates>11.817319728434086,46.621295101940632,1979.49</coordinates></Point></Placemark><Placemark><TimeSpan><begin>2026-08-04T13:10:51Z</begin><end>2026-08-04T13:10:59Z</end></TimeSpan><styleUrl>#point</styleUrl><Point><altitudeMode>clampToGround</altitudeMode><coordinates>11.817405391484499,46.621316224336624,1978.05</coordinates></Point></Placemark><Placemark><TimeSpan><begin>2026-08-04T13:10:59Z</begin><end>2026-08-04T13:11:16Z</end></TimeSpan><styleUrl>#point</styleUrl><Point><altitudeMode>clampToGround</altitudeMode><coordinates>11.817460879683495,46.621320750564337,1977.0899999999999</coordinates></Point></Placemark><Placemark><TimeSpan><begin>2026-08-04T13:11:16Z</begin><end>2026-08-04T13:11:29Z</end></TimeSpan><styleUrl>#point</styleUrl><Point><altitudeMode>clampToGround</altitudeMode><coordinates>11.817626841366291,46.621317230165005,1974.2</coordinates></Point></Placemark><Placemark><TimeSpan><begin>2026-08-04T13:11:29Z</begin><end>2026-08-04T13:11:35Z</end></TimeSpan><styleUrl>#point</styleUrl><Point><altitudeMode>clampToGround</altitudeMode><coordinates>11.81770252995193,46.621284708380699,1972.76</coordinates></Point></Placemark><Placemark><TimeSpan><begin>2026-08-04T13:11:35Z</begin><end>2026-08-04T13:11:46Z</end></TimeSpan><styleUrl>#point</styleUrl><Point><altitudeMode>clampToGround</altitudeMode><coordinates>11.817925740033388,46.621256209909916,1969.4000000000001</coordinates></Point></Placemark><Placemark><TimeSpan><begin>2026-08-04T13:11:46Z</begin><end>2026-08-04T13:11:58Z</end></TimeSpan><styleUrl>#point</styleUrl><Point><altitudeMode>clampToGround</altitudeMode><coordinates>11.818070830777287,46.62131555378437,1966.99</coordinates></Point></Placemark><Placemark><TimeSpan><begin>2026-08-04T13:11:58Z</begin><end>2026-08-04T13:12:09Z</end></TimeSpan><styleUrl>#point</styleUrl><Point><altitudeMode>clampToGround</altitudeMode><coordinates>11.81820435449481,46.621344387531281,1964.5899999999999</coordinates></Point></Placemark><Placemark><TimeSpan><begin>2026-08-04T13:12:09Z</begin><end>2026-08-04T13:12:23Z</end></TimeSpan><styleUrl>#point</styleUrl><Point><altitudeMode>clampToGround</altitudeMode><coordinates>11.818382469937205,46.621365677565336,1961.71</coordinates></Point></Placemark><Placemark><TimeSpan><begin>2026-08-04T13:12:23Z</begin><end>2026-08-04T13:12:37Z</end></TimeSpan><styleUrl>#point</styleUrl><Point><altitudeMode>clampToGround</altitudeMode><coordinates>11.81859184987843,46.62140398286283,1958.3399999999999</coordinates></Point></Placemark><Placemark><TimeSpan><begin>2026-08-04T13:12:37Z</begin><end>2026-08-04T13:12:41Z</end></TimeSpan><styleUrl>#point</styleUrl><Point><altitudeMode>clampToGround</altitudeMode><coordinates>11.818658988922834,46.621387973427773,1957.3800000000001</coordinates></Point></Placemark><Placemark><TimeSpan><begin>2026-08-04T13:12:41Z</begin><end>2026-08-04T13:12:56Z</end></TimeSpan><styleUrl>#point</styleUrl><Point><altitudeMode>clampToGround</altitudeMode><coordinates>11.818843390792608,46.62142057903111,1954.98</coordinates></Point></Placemark><Placemark><TimeSpan><begin>2026-08-04T13:12:56Z</begin><end>2026-08-04T13:13:06Z</end></TimeSpan><styleUrl>#point</styleUrl><Point><altitudeMode>clampToGround</altitudeMode><coordinates>11.818919917568564,46.621424434706569,1954.5</coordinates></Point></Placemark><Placemark><TimeSpan><begin>2026-08-04T13:13:06Z</begin><end>2026-08-04T13:13:19Z</end></TimeSpan><styleUrl>#point</styleUrl><Point><altitudeMode>clampToGround</altitudeMode><coordinates>11.818878091871738,46.621430469676852,1954.02</coordinates></Point></Placemark><Placemark><TimeSpan><begin>2026-08-04T13:13:19Z</begin><end>2026-08-04T13:13:31Z</end></TimeSpan><styleUrl>#point</styleUrl><Point><altitudeMode>clampToGround</altitudeMode><coordinates>11.818832494318485,46.62143474444747,1954.02</coordinates></Point></Placemark><Placemark><TimeSpan><begin>2026-08-04T13:13:31Z</begin><end>2026-08-04T13:13:47Z</end></TimeSpan><styleUrl>#point</styleUrl><Point><altitudeMode>clampToGround</altitudeMode><coordinates>11.818886222317815,46.621414795517921,1954.02</coordinates></Point></Placemark><Placemark><TimeSpan><begin>2026-08-04T13:13:47Z</begin><end>2026-08-04T13:13:59Z</end></TimeSpan><styleUrl>#point</styleUrl><Point><altitudeMode>clampToGround</altitudeMode><coordinates>11.819055872038007,46.621445724740624,1951.6099999999999</coordinates></Point></Placemark><Placemark><TimeSpan><begin>2026-08-04T13:13:59Z</begin><end>2026-08-04T13:14:10Z</end></TimeSpan><styleUrl>#point</styleUrl><Point><altitudeMode>clampToGround</altitudeMode><coordinates>11.819195346906781,46.621462153270841,1949.21</coordinates></Point></Placemark><Placemark><TimeSpan><begin>2026-08-04T13:14:10Z</begin><end>2026-08-04T13:14:19Z</end></TimeSpan><styleUrl>#point</styleUrl><Point><altitudeMode>clampToGround</altitudeMode><coordinates>11.819320237264037,46.621439605951309,1947.29</coordinates></Point></Placemark><Placemark><TimeSpan><begin>2026-08-04T13:14:19Z</begin><end>2026-08-04T13:14:31Z</end></TimeSpan><styleUrl>#point</styleUrl><Point><altitudeMode>clampToGround</altitudeMode><coordinates>11.819475805386901,46.62142158485949,1945.3599999999999</coordinates></Point></Placemark><Placemark><TimeSpan><begin>2026-08-04T13:14:31Z</begin><end>2026-08-04T13:14:44Z</end></TimeSpan><styleUrl>#point</styleUrl><Point><altitudeMode>clampToGround</altitudeMode><coordinates>11.819641850888729,46.621409682556987,1942.96</coordinates></Point></Placemark><Placemark><TimeSpan><begin>2026-08-04T13:14:44Z</begin><end>2026-08-04T13:14:57Z</end></TimeSpan><styleUrl>#point</styleUrl><Point><altitudeMode>clampToGround</altitudeMode><coordinates>11.819801777601242,46.62140741944313,1939.5999999999999</coordinates></Point></Placemark><Placemark><TimeSpan><begin>2026-08-04T13:14:57Z</begin><end>2026-08-04T13:15:10Z</end></TimeSpan><styleUrl>#point</styleUrl><Point><altitudeMode>clampToGround</altitudeMode><coordinates>11.81991552002728,46.621361821889877,1936.71</coordinates></Point></Placemark><Placemark><TimeSpan><begin>2026-08-04T13:15:10Z</begin><end>2026-08-04T13:15:24Z</end></TimeSpan><styleUrl>#point</styleUrl><Point><altitudeMode>clampToGround</altitudeMode><coordinates>11.820076620206237,46.621343046426773,1933.3499999999999</coordinates></Point></Placemark><Placemark><TimeSpan><begin>2026-08-04T13:15:24Z</begin><end>2026-08-04T13:15:38Z</end></TimeSpan><styleUrl>#point</styleUrl><Point><altitudeMode>clampToGround</altitudeMode><coordinates>11.820256831124425,46.621340196579695,1930.95</coordinates></Point></Placemark><Placemark><TimeSpan><begin>2026-08-04T13:15:38Z</begin><end>2026-08-04T13:15:52Z</end></TimeSpan><styleUrl>#point</styleUrl><Point><altitudeMode>clampToGround</altitudeMode><coordinates>11.820434108376503,46.621339693665504,1927.5799999999999</coordinates></Point></Placemark><Placemark><TimeSpan><begin>2026-08-04T13:15:52Z</begin><end>2026-08-04T13:16:06Z</end></TimeSpan><styleUrl>#point</styleUrl><Point><altitudeMode>clampToGround</altitudeMode><coordinates>11.820580288767815,46.621383614838123,1925.1800000000001</coordinates></Point></Placemark><Placemark><TimeSpan><begin>2026-08-04T13:16:06Z</begin><end>2026-08-04T13:16:19Z</end></TimeSpan><styleUrl>#point</styleUrl><Point><altitudeMode>clampToGround</altitudeMode><coordinates>11.820709789171815,46.621398366987705,1921.8099999999999</coordinates></Point></Placemark><Placemark><TimeSpan><begin>2026-08-04T13:16:19Z</begin><end>2026-08-04T13:16:30Z</end></TimeSpan><styleUrl>#point</styleUrl><Point><altitudeMode>clampToGround</altitudeMode><coordinates>11.820817077532411,46.621382022276521,1919.4100000000001</coordinates></Point></Placemark><Placemark><TimeSpan><begin>2026-08-04T13:16:30Z</begin><end>2026-08-04T13:16:42Z</end></TimeSpan><styleUrl>#point</styleUrl><Point><altitudeMode>clampToGround</altitudeMode><coordinates>11.820948338136077,46.621366934850812,1917.01</coordinates></Point></Placemark><Placemark><TimeSpan><begin>2026-08-04T13:16:42Z</begin><end>2026-08-04T13:16:53Z</end></TimeSpan><styleUrl>#point</styleUrl><Point><altitudeMode>clampToGround</altitudeMode><coordinates>11.821089321747422,46.621313123032451,1914.5999999999999</coordinates></Point></Placemark><Placemark><TimeSpan><begin>2026-08-04T13:16:53Z</begin><end>2026-08-04T13:17:04Z</end></TimeSpan><styleUrl>#point</styleUrl><Point><altitudeMode>clampToGround</altitudeMode><coordinates>11.821117149665952,46.621230477467179,1913.1600000000001</coordinates></Point></Placemark><Placemark><TimeSpan><begin>2026-08-04T13:17:04Z</begin><end>2026-08-04T13:17:15Z</end></TimeSpan><styleUrl>#point</styleUrl><Point><altitudeMode>clampToGround</altitudeMode><coordinates>11.821241453289986,46.621213713660836,1911.24</coordinates></Point></Placemark><Placemark><TimeSpan><begin>2026-08-04T13:17:15Z</begin><end>2026-08-04T13:17:26Z</end></TimeSpan><styleUrl>#point</styleUrl><Point><altitudeMode>clampToGround</altitudeMode><coordinates>11.821323847398162,46.621201811358333,1910.76</coordinates></Point></Placemark><Placemark><TimeSpan><begin>2026-08-04T13:17:26Z</begin><end>2026-08-04T13:17:36Z</end></TimeSpan><styleUrl>#point</styleUrl><Point><altitudeMode>clampToGround</altitudeMode><coordinates>11.821397272869945,46.621199548244476,1909.8</coordinates></Point></Placemark><Placemark><TimeSpan><begin>2026-08-04T13:17:36Z</begin><end>2026-08-04T13:17:48Z</end></TimeSpan><styleUrl>#point</styleUrl><Point><altitudeMode>clampToGround</altitudeMode><coordinates>11.821539346128702,46.621245900169015,1907.3900000000001</coordinates></Point></Placemark><Placemark><TimeSpan><begin>2026-08-04T13:17:48Z</begin><end>2026-08-04T13:17:56Z</end></TimeSpan><styleUrl>#point</styleUrl><Point><altitudeMode>clampToGround</altitudeMode><coordinates>11.821632385253906,46.621266016736627,1905.47</coordinates></Point></Placemark><Placemark><TimeSpan><begin>2026-08-04T13:17:56Z</begin><end>2026-08-04T13:18:10Z</end></TimeSpan><styleUrl>#point</styleUrl><Point><altitudeMode>clampToGround</altitudeMode><coordinates>11.821792479604483,46.621293928474188,1902.1099999999999</coordinates></Point></Placemark><Placemark><TimeSpan><begin>2026-08-04T13:18:10Z</begin><end>2026-08-04T13:18:23Z</end></TimeSpan><styleUrl>#point</styleUrl><Point><altitudeMode>clampToGround</altitudeMode><coordinates>11.821915945038199,46.621385710313916,1899.7</coordinates></Point></Placemark><Placemark><TimeSpan><begin>2026-08-04T13:18:23Z</begin><end>2026-08-04T13:18:35Z</end></TimeSpan><styleUrl>#point</styleUrl><Point><altitudeMode>clampToGround</altitudeMode><coordinates>11.821975875645876,46.621503392234445,1897.78</coordinates></Point></Placemark><Placemark><TimeSpan><begin>2026-08-04T13:18:35Z</begin><end>2026-08-04T13:18:36Z</end></TimeSpan><styleUrl>#point</styleUrl><Point><altitudeMode>clampToGround</altitudeMode><coordinates>11.821978557854891,46.621513031423092,1897.78</coordinates></Point></Placemark><Placemark><TimeSpan><begin>2026-08-04T13:18:36Z</begin><end>2026-08-04T13:18:46Z</end></TimeSpan><styleUrl>#point</styleUrl><Point><altitudeMode>clampToGround</altitudeMode><coordinates>11.822071345523,46.621603136882186,1895.3800000000001</coordinates></Point></Placemark><Placemark><TimeSpan><begin>2026-08-04T13:18:46Z</begin><end>2026-08-04T13:18:59Z</end></TimeSpan><styleUrl>#point</styleUrl><Point><altitudeMode>clampToGround</altitudeMode><coordinates>11.822217525914311,46.621677903458476,1892.49</coordinates></Point></Placemark><Placemark><TimeSpan><begin>2026-08-04T13:18:59Z</begin><end>2026-08-04T13:19:10Z</end></TimeSpan><styleUrl>#point</styleUrl><Point><altitudeMode>clampToGround</altitudeMode><coordinates>11.822358593344688,46.62173087708652,1890.0899999999999</coordinates></Point></Placemark><Placemark><TimeSpan><begin>2026-08-04T13:19:10Z</begin><end>2026-08-04T13:19:14Z</end></TimeSpan><styleUrl>#point</styleUrl><Point><altitudeMode>clampToGround</altitudeMode><coordinates>11.822408884763718,46.621749568730593,1889.6099999999999</coordinates></Point></Placemark><Placemark><TimeSpan><begin>2026-08-04T13:19:14Z</begin><end>2026-08-04T13:19:19Z</end></TimeSpan><styleUrl>#point</styleUrl><Point><altitudeMode>clampToGround</altitudeMode><coordinates>11.822477616369724,46.621762309223413,1888.1700000000001</coordinates></Point></Placemark><Placemark><TimeSpan><begin>2026-08-04T13:19:19Z</begin><end>2026-08-04T13:19:33Z</end></TimeSpan><styleUrl>#point</styleUrl><Point><altitudeMode>clampToGround</altitudeMode><coordinates>11.822634190320969,46.621852498501539,1884.8</coordinates></Point></Placemark><Placemark><TimeSpan><begin>2026-08-04T13:19:33Z</begin><end>2026-08-04T13:19:34Z</end></TimeSpan><styleUrl>#point</styleUrl><Point><altitudeMode>clampToGround</altitudeMode><coordinates>11.822641231119633,46.621859706938267,1884.8</coordinates></Point></Placemark><Placemark><TimeSpan><begin>2026-08-04T13:19:34Z</begin><end>2026-08-04T13:19:45Z</end></TimeSpan><styleUrl>#point</styleUrl><Point><altitudeMode>clampToGround</altitudeMode><coordinates>11.822672076523304,46.621942268684506,1882.4000000000001</coordinates></Point></Placemark><Placemark><TimeSpan><begin>2026-08-04T13:19:45Z</begin><end>2026-08-04T13:20:01Z</end></TimeSpan><styleUrl>#point</styleUrl><Point><altitudeMode>clampToGround</altitudeMode><coordinates>11.822704430669546,46.621995996683836,1881.4400000000001</coordinates></Point></Placemark><Placemark><TimeSpan><begin>2026-08-04T13:20:01Z</begin><end>2026-08-04T13:20:12Z</end></TimeSpan><styleUrl>#point</styleUrl><Point><altitudeMode>clampToGround</altitudeMode><coordinates>11.822794200852513,46.622086353600025,1880.48</coordinates></Point></Placemark><Placemark><TimeSpan><begin>2026-08-04T13:20:12Z</begin><end>2026-08-04T13:20:25Z</end></TimeSpan><styleUrl>#point</styleUrl><Point><altitudeMode>clampToGround</altitudeMode><coordinates>11.822949266061187,46.622150894254446,1879.03</coordinates></Point></Placemark><Placemark><TimeSpan><begin>2026-08-04T13:20:25Z</begin><end>2026-08-04T13:20:37Z</end></TimeSpan><styleUrl>#point</styleUrl><Point><altitudeMode>clampToGround</altitudeMode><coordinates>11.823147665709257,46.622196827083826,1877.1099999999999</coordinates></Point></Placemark><Placemark><TimeSpan><begin>2026-08-04T13:20:37Z</begin><end>2026-08-04T13:20:50Z</end></TimeSpan><styleUrl>#point</styleUrl><Point><altitudeMode>clampToGround</altitudeMode><coordinates>11.823386801406741,46.622189283370972,1876.1500000000001</coordinates></Point></Placemark><Placemark><TimeSpan><begin>2026-08-04T13:20:50Z</begin><end>2026-08-04T13:21:04Z</end></TimeSpan><styleUrl>#point</styleUrl><Point><altitudeMode>clampToGround</altitudeMode><coordinates>11.823576483875513,46.622249130159616,1875.1900000000001</coordinates></Point></Placemark><Placemark><TimeSpan><begin>2026-08-04T13:21:04Z</begin><end>2026-08-04T13:21:16Z</end></TimeSpan><styleUrl>#point</styleUrl><Point><altitudeMode>clampToGround</altitudeMode><coordinates>11.823756694793701,46.622270839288831,1871.8199999999999</coordinates></Point></Placemark><Placemark><TimeSpan><begin>2026-08-04T13:21:16Z</begin><end>2026-08-04T13:21:30Z</end></TimeSpan><styleUrl>#point</styleUrl><Point><altitudeMode>clampToGround</altitudeMode><coordinates>11.823971103876829,46.622288692742586,1868.9400000000001</coordinates></Point></Placemark><Placemark><TimeSpan><begin>2026-08-04T13:21:30Z</begin><end>2026-08-04T13:21:43Z</end></TimeSpan><styleUrl>#point</styleUrl><Point><altitudeMode>clampToGround</altitudeMode><coordinates>11.824169922620058,46.622285423800349,1866.0599999999999</coordinates></Point></Placemark><Placemark><TimeSpan><begin>2026-08-04T13:21:43Z</begin><end>2026-08-04T13:21:56Z</end></TimeSpan><styleUrl>#point</styleUrl><Point><altitudeMode>clampToGround</altitudeMode><coordinates>11.824354492127895,46.622311156243086,1863.1700000000001</coordinates></Point></Placemark><Placemark><TimeSpan><begin>2026-08-04T13:21:56Z</begin><end>2026-08-04T13:22:10Z</end></TimeSpan><styleUrl>#point</styleUrl><Point><altitudeMode>clampToGround</altitudeMode><coordinates>11.824557585641742,46.62232062779367,1860.29</coordinates></Point></Placemark><Placemark><TimeSpan><begin>2026-08-04T13:22:10Z</begin><end>2026-08-04T13:22:21Z</end></TimeSpan><styleUrl>#point</styleUrl><Point><altitudeMode>clampToGround</altitudeMode><coordinates>11.824726397171617,46.622301433235407,1857.4000000000001</coordinates></Point></Placemark><Placemark><TimeSpan><begin>2026-08-04T13:22:21Z</begin><end>2026-08-04T13:22:34Z</end></TimeSpan><styleUrl>#point</styleUrl><Point><altitudeMode>clampToGround</altitudeMode><coordinates>11.824898896738887,46.622277125716209,1855.48</coordinates></Point></Placemark><Placemark><TimeSpan><begin>2026-08-04T13:22:34Z</begin><end>2026-08-04T13:22:47Z</end></TimeSpan><styleUrl>#point</styleUrl><Point><altitudeMode>clampToGround</altitudeMode><coordinates>11.825031163170934,46.622283663600683,1853.0799999999999</coordinates></Point></Placemark><Placemark><TimeSpan><begin>2026-08-04T13:22:47Z</begin><end>2026-08-04T13:22:58Z</end></TimeSpan><styleUrl>#point</styleUrl><Point><altitudeMode>clampToGround</altitudeMode><coordinates>11.825162842869759,46.622347701340914,1851.6400000000001</coordinates></Point></Placemark><Placemark><TimeSpan><begin>2026-08-04T13:22:58Z</begin><end>2026-08-04T13:23:09Z</end></TimeSpan><styleUrl>#point</styleUrl><Point><altitudeMode>clampToGround</altitudeMode><coordinates>11.825284548103809,46.622407799586654,1850.1900000000001</coordinates></Point></Placemark><Placemark><TimeSpan><begin>2026-08-04T13:23:09Z</begin><end>2026-08-04T13:23:21Z</end></TimeSpan><styleUrl>#point</styleUrl><Point><altitudeMode>clampToGround</altitudeMode><coordinates>11.825481858104467,46.622485499829054,1849.71</coordinates></Point></Placemark><Placemark><TimeSpan><begin>2026-08-04T13:23:21Z</begin><end>2026-08-04T13:23:35Z</end></TimeSpan><styleUrl>#point</styleUrl><Point><altitudeMode>clampToGround</altitudeMode><coordinates>11.825655614957213,46.622564122080803,1849.23</coordinates></Point></Placemark><Placemark><TimeSpan><begin>2026-08-04T13:23:35Z</begin><end>2026-08-04T13:23:50Z</end></TimeSpan><styleUrl>#point</styleUrl><Point><altitudeMode>clampToGround</altitudeMode><coordinates>11.825874885544181,46.622673757374287,1848.27</coordinates></Point></Placemark><Placemark><TimeSpan><begin>2026-08-04T13:23:50Z</begin><end>2026-08-04T13:24:03Z</end></TimeSpan><styleUrl>#point</styleUrl><Point><altitudeMode>clampToGround</altitudeMode><coordinates>11.826011594384909,46.622673003003001,1847.79</coordinates></Point></Placemark><Placemark><TimeSpan><begin>2026-08-04T13:24:03Z</begin><end>2026-08-04T13:24:11Z</end></TimeSpan><styleUrl>#point</styleUrl><Point><altitudeMode>clampToGround</altitudeMode><coordinates>11.826060879975557,46.622674763202667,1847.79</coordinates></Point></Placemark><Placemark><TimeSpan><begin>2026-08-04T13:24:11Z</begin><end>2026-08-04T13:24:21Z</end></TimeSpan><styleUrl>#point</styleUrl><Point><altitudeMode>clampToGround</altitudeMode><coordinates>11.826216699555516,46.622648360207677,1846.3499999999999</coordinates></Point></Placemark><Placemark><TimeSpan><begin>2026-08-04T13:24:21Z</begin><end>2026-08-04T13:24:33Z</end></TimeSpan><styleUrl>#point</styleUrl><Point><altitudeMode>clampToGround</altitudeMode><coordinates>11.826397329568863,46.622637128457427,1845.3900000000001</coordinates></Point></Placemark><Placemark><TimeSpan><begin>2026-08-04T13:24:33Z</begin><end>2026-08-04T13:24:36Z</end></TimeSpan><styleUrl>#point</styleUrl><Point><altitudeMode>clampToGround</altitudeMode><coordinates>11.826433958485723,46.622630171477795,1844.9100000000001</coordinates></Point></Placemark><Placemark><TimeSpan><begin>2026-08-04T13:24:36Z</begin><end>2026-08-04T13:24:42Z</end></TimeSpan><styleUrl>#point</styleUrl><Point><altitudeMode>clampToGround</altitudeMode><coordinates>11.82651786133647,46.622601840645075,1844.4300000000001</coordinates></Point></Placemark><Placemark><TimeSpan><begin>2026-08-04T13:24:42Z</begin><end>2026-08-04T13:24:57Z</end></TimeSpan><styleUrl>#point</styleUrl><Point><altitudeMode>clampToGround</altitudeMode><coordinates>11.82672849856317,46.622502263635397,1842.5</coordinates></Point></Placemark><Placemark><TimeSpan><begin>2026-08-04T13:24:57Z</begin><end>2026-08-04T13:25:09Z</end></TimeSpan><styleUrl>#point</styleUrl><Point><altitudeMode>clampToGround</altitudeMode><coordinates>11.826884737238288,46.622453397139907,1842.02</coordinates></Point></Placemark><Placemark><TimeSpan><begin>2026-08-04T13:25:09Z</begin><end>2026-08-04T13:25:22Z</end></TimeSpan><styleUrl>#point</styleUrl><Point><altitudeMode>clampToGround</altitudeMode><coordinates>11.827099565416574,46.622440237551928,1840.0999999999999</coordinates></Point></Placemark><Placemark><TimeSpan><begin>2026-08-04T13:25:22Z</begin><end>2026-08-04T13:25:33Z</end></TimeSpan><styleUrl>#point</styleUrl><Point><altitudeMode>clampToGround</altitudeMode><coordinates>11.827288242056966,46.622443506494164,1839.1400000000001</coordinates></Point></Placemark><Placemark><TimeSpan><begin>2026-08-04T13:25:33Z</begin><end>2026-08-04T13:25:45Z</end></TimeSpan><styleUrl>#point</styleUrl><Point><altitudeMode>clampToGround</altitudeMode><coordinates>11.827452946454287,46.62251659668982,1838.6600000000001</coordinates></Point></Placemark><Placemark><TimeSpan><begin>2026-08-04T13:25:45Z</begin><end>2026-08-04T13:25:56Z</end></TimeSpan><styleUrl>#point</styleUrl><Point><altitudeMode>clampToGround</altitudeMode><coordinates>11.827591583132744,46.622570743784308,1837.7</coordinates></Point></Placemark><Placemark><TimeSpan><begin>2026-08-04T13:25:56Z</begin><end>2026-08-04T13:26:07Z</end></TimeSpan><styleUrl>#point</styleUrl><Point><altitudeMode>clampToGround</altitudeMode><coordinates>11.827755281701684,46.622626902535558,1836.26</coordinates></Point></Placemark><Placemark><TimeSpan><begin>2026-08-04T13:26:07Z</begin><end>2026-08-04T13:26:16Z</end></TimeSpan><styleUrl>#point</styleUrl><Point><altitudeMode>clampToGround</altitudeMode><coordinates>11.827861731871963,46.622686749324203,1833.8499999999999</coordinates></Point></Placemark><Placemark><TimeSpan><begin>2026-08-04T13:26:16Z</begin><end>2026-08-04T13:26:29Z</end></TimeSpan><styleUrl>#point</styleUrl><Point><altitudeMode>clampToGround</altitudeMode><coordinates>11.828013528138399,46.622737795114517,1831.45</coordinates></Point></Placemark><Placemark><TimeSpan><begin>2026-08-04T13:26:29Z</begin><end>2026-08-04T13:26:40Z</end></TimeSpan><styleUrl>#point</styleUrl><Point><altitudeMode>clampToGround</altitudeMode><coordinates>11.828155182301998,46.622728239744902,1830.49</coordinates></Point></Placemark><Placemark><TimeSpan><begin>2026-08-04T13:26:40Z</begin><end>2026-08-04T13:26:41Z</end></TimeSpan><styleUrl>#point</styleUrl><Point><altitudeMode>clampToGround</altitudeMode><coordinates>11.828169180080295,46.622728239744902,1830.01</coordinates></Point></Placemark><Placemark><TimeSpan><begin>2026-08-04T13:26:41Z</begin><end>2026-08-04T13:26:55Z</end></TimeSpan><styleUrl>#point</styleUrl><Point><altitudeMode>clampToGround</altitudeMode><coordinates>11.828359281644225,46.62275992333889,1827.1199999999999</coordinates></Point></Placemark><Placemark><TimeSpan><begin>2026-08-04T13:26:55Z</begin><end>2026-08-04T13:27:04Z</end></TimeSpan><styleUrl>#point</styleUrl><Point><altitudeMode>clampToGround</altitudeMode><coordinates>11.828463468700647,46.622814238071442,1825.2</coordinates></Point></Placemark><Placemark><TimeSpan><begin>2026-08-04T13:27:04Z</begin><end>2026-08-04T13:27:05Z</end></TimeSpan><styleUrl>#point</styleUrl><Point><altitudeMode>clampToGround</altitudeMode><coordinates>11.82847579009831,46.622818009927869,1825.2</coordinates></Point></Placemark><Placemark><TimeSpan><begin>2026-08-04T13:27:05Z</begin><end>2026-08-04T13:27:18Z</end></TimeSpan><styleUrl>#point</styleUrl><Point><altitudeMode>clampToGround</altitudeMode><coordinates>11.828608307987452,46.622902499511838,1821.3499999999999</coordinates></Point></Placemark><Placemark><TimeSpan><begin>2026-08-04T13:27:18Z</begin><end>2026-08-04T13:27:29Z</end></TimeSpan><styleUrl>#point</styleUrl><Point><altitudeMode>clampToGround</altitudeMode><coordinates>11.828712159767747,46.622989336028695,1818.95</coordinates></Point></Placemark><Placemark><TimeSpan><begin>2026-08-04T13:27:29Z</begin><end>2026-08-04T13:27:39Z</end></TimeSpan><styleUrl>#point</styleUrl><Point><altitudeMode>clampToGround</altitudeMode><coordinates>11.828793799504638,46.6230443213135,1817.03</coordinates></Point></Placemark><Placemark><TimeSpan><begin>2026-08-04T13:27:39Z</begin><end>2026-08-04T13:27:49Z</end></TimeSpan><styleUrl>#point</styleUrl><Point><altitudeMode>clampToGround</altitudeMode><coordinates>11.828839983791113,46.623085225000978,1816.55</coordinates></Point></Placemark><Placemark><TimeSpan><begin>2026-08-04T13:27:49Z</begin><end>2026-08-04T13:28:01Z</end></TimeSpan><styleUrl>#point</styleUrl><Point><altitudeMode>clampToGround</altitudeMode><coordinates>11.828942075371742,46.623175414279103,1815.5899999999999</coordinates></Point></Placemark><Placemark><TimeSpan><begin>2026-08-04T13:28:01Z</begin><end>2026-08-04T13:28:08Z</end></TimeSpan><styleUrl>#point</styleUrl><Point><altitudeMode>clampToGround</altitudeMode><coordinates>11.828997982665896,46.623228387907147,1815.1099999999999</coordinates></Point></Placemark><Placemark><TimeSpan><begin>2026-08-04T13:28:08Z</begin><end>2026-08-04T13:28:11Z</end></TimeSpan><styleUrl>#point</styleUrl><Point><altitudeMode>clampToGround</altitudeMode><coordinates>11.829019859433174,46.623254036530852,1814.6300000000001</coordinates></Point></Placemark><Placemark><TimeSpan><begin>2026-08-04T13:28:11Z</begin><end>2026-08-04T13:28:24Z</end></TimeSpan><styleUrl>#point</styleUrl><Point><altitudeMode>clampToGround</altitudeMode><coordinates>11.829127399250865,46.623372221365571,1813.1800000000001</coordinates></Point></Placemark><Placemark><TimeSpan><begin>2026-08-04T13:28:24Z</begin><end>2026-08-04T13:28:38Z</end></TimeSpan><styleUrl>#point</styleUrl><Point><altitudeMode>clampToGround</altitudeMode><coordinates>11.829233011230826,46.623490825295448,1812.22</coordinates></Point></Placemark><Placemark><TimeSpan><begin>2026-08-04T13:28:38Z</begin><end>2026-08-04T13:28:51Z</end></TimeSpan><styleUrl>#point</styleUrl><Point><altitudeMode>clampToGround</altitudeMode><coordinates>11.829355806112289,46.623594844713807,1811.26</coordinates></Point></Placemark><Placemark><TimeSpan><begin>2026-08-04T13:28:51Z</begin><end>2026-08-04T13:29:04Z</end></TimeSpan><styleUrl>#point</styleUrl><Point><altitudeMode>clampToGround</altitudeMode><coordinates>11.82951807975769,46.623630886897445,1809.8199999999999</coordinates></Point></Placemark><Placemark><TimeSpan><begin>2026-08-04T13:29:04Z</begin><end>2026-08-04T13:29:15Z</end></TimeSpan><styleUrl>#point</styleUrl><Point><altitudeMode>clampToGround</altitudeMode><coordinates>11.829693764448166,46.623608926311135,1808.8599999999999</coordinates></Point></Placemark><Placemark><TimeSpan><begin>2026-08-04T13:29:15Z</begin><end>2026-08-04T13:29:28Z</end></TimeSpan><styleUrl>#point</styleUrl><Point><altitudeMode>clampToGround</altitudeMode><coordinates>11.829876909032464,46.623555114492774,1807.9000000000001</coordinates></Point></Placemark><Placemark><TimeSpan><begin>2026-08-04T13:29:28Z</begin><end>2026-08-04T13:29:42Z</end></TimeSpan><styleUrl>#point</styleUrl><Point><altitudeMode>clampToGround</altitudeMode><coordinates>11.829996183514595,46.623465595766902,1805.49</coordinates></Point></Placemark><Placemark><TimeSpan><begin>2026-08-04T13:29:42Z</begin><end>2026-08-04T13:29:55Z</end></TimeSpan><styleUrl>#point</styleUrl><Point><altitudeMode>clampToGround</altitudeMode><coordinates>11.830116799101233,46.623375155031681,1802.1300000000001</coordinates></Point></Placemark><Placemark><TimeSpan><begin>2026-08-04T13:29:55Z</begin><end>2026-08-04T13:30:08Z</end></TimeSpan><styleUrl>#point</styleUrl><Point><altitudeMode>clampToGround</altitudeMode><coordinates>11.830305978655815,46.623334754258394,1799.73</coordinates></Point></Placemark><Placemark><TimeSpan><begin>2026-08-04T13:30:08Z</begin><end>2026-08-04T13:30:21Z</end></TimeSpan><styleUrl>#point</styleUrl><Point><altitudeMode>clampToGround</altitudeMode><coordinates>11.830496583133936,46.623354200273752,1797.3199999999999</coordinates></Point></Placemark><Placemark><TimeSpan><begin>2026-08-04T13:30:21Z</begin><end>2026-08-04T13:30:26Z</end></TimeSpan><styleUrl>#point</styleUrl><Point><altitudeMode>clampToGround</altitudeMode><coordinates>11.830553999170661,46.623375238850713,1797.3199999999999</coordinates></Point></Placemark><Placemark><TimeSpan><begin>2026-08-04T13:30:26Z</begin><end>2026-08-04T13:30:40Z</end></TimeSpan><styleUrl>#point</styleUrl><Point><altitudeMode>clampToGround</altitudeMode><coordinates>11.830783160403371,46.623363336548209,1794.9200000000001</coordinates></Point></Placemark><Placemark><TimeSpan><begin>2026-08-04T13:30:40Z</begin><end>2026-08-04T13:30:43Z</end></TimeSpan><styleUrl>#point</styleUrl><Point><altitudeMode>clampToGround</altitudeMode><coordinates>11.830805372446775,46.623350260779262,1794.4400000000001</coordinates></Point></Placemark><Placemark><TimeSpan><begin>2026-08-04T13:30:43Z</begin><end>2026-08-04T13:30:54Z</end></TimeSpan><styleUrl>#point</styleUrl><Point><altitudeMode>clampToGround</altitudeMode><coordinates>11.830879133194685,46.623285636305809,1792.03</coordinates></Point></Placemark><Placemark><TimeSpan><begin>2026-08-04T13:30:54Z</begin><end>2026-08-04T13:31:08Z</end></TimeSpan><styleUrl>#point</styleUrl><Point><altitudeMode>clampToGround</altitudeMode><coordinates>11.830901512876153,46.623218413442373,1789.1500000000001</coordinates></Point></Placemark><Placemark><TimeSpan><begin>2026-08-04T13:31:08Z</begin><end>2026-08-04T13:31:20Z</end></TimeSpan><styleUrl>#point</styleUrl><Point><altitudeMode>clampToGround</altitudeMode><coordinates>11.83094778098166,46.623143395408988,1786.75</coordinates></Point></Placemark><Placemark><TimeSpan><begin>2026-08-04T13:31:20Z</begin><end>2026-08-04T13:31:33Z</end></TimeSpan><styleUrl>#point</styleUrl><Point><altitudeMode>clampToGround</altitudeMode><coordinates>11.83108314871788,46.623054714873433,1783.8599999999999</coordinates></Point></Placemark><Placemark><TimeSpan><begin>2026-08-04T13:31:33Z</begin><end>2026-08-04T13:31:46Z</end></TimeSpan><styleUrl>#point</styleUrl><Point><altitudeMode>clampToGround</altitudeMode><coordinates>11.831193873658776,46.623009368777275,1783.3800000000001</coordinates></Point></Placemark><Placemark><TimeSpan><begin>2026-08-04T13:31:46Z</begin><end>2026-08-04T13:32:03Z</end></TimeSpan><styleUrl>#point</styleUrl><Point><altitudeMode>clampToGround</altitudeMode><coordinates>11.831192029640079,46.623006938025355,1782.4200000000001</coordinates></Point></Placemark><Placemark><TimeSpan><begin>2026-08-04T13:32:03Z</begin><end>2026-08-04T13:32:17Z</end></TimeSpan><styleUrl>#point</styleUrl><Point><altitudeMode>clampToGround</altitudeMode><coordinates>11.831218348816037,46.622993107885122,1782.4200000000001</coordinates></Point></Placemark><Placemark><TimeSpan><begin>2026-08-04T13:32:17Z</begin><end>2026-08-04T13:32:28Z</end></TimeSpan><styleUrl>#point</styleUrl><Point><altitudeMode>clampToGround</altitudeMode><coordinates>11.83131767436862,46.623058654367924,1781.46</coordinates></Point></Placemark><Placemark><TimeSpan><begin>2026-08-04T13:32:28Z</begin><end>2026-08-04T13:32:40Z</end></TimeSpan><styleUrl>#point</styleUrl><Point><altitudeMode>clampToGround</altitudeMode><coordinates>11.831474918872118,46.623107772320509,1780.02</coordinates></Point></Placemark><Placemark><TimeSpan><begin>2026-08-04T13:32:40Z</begin><end>2026-08-04T13:32:50Z</end></TimeSpan><styleUrl>#point</styleUrl><Point><altitudeMode>clampToGround</altitudeMode><coordinates>11.831617159768939,46.623158985748887,1778.0999999999999</coordinates></Point></Placemark><Placemark><TimeSpan><begin>2026-08-04T13:32:50Z</begin><end>2026-08-04T13:33:01Z</end></TimeSpan><styleUrl>#point</styleUrl><Point><altitudeMode>clampToGround</altitudeMode><coordinates>11.831696452572942,46.623211205005646,1776.6500000000001</coordinates></Point></Placemark><Placemark><TimeSpan><begin>2026-08-04T13:33:01Z</begin><end>2026-08-04T13:33:12Z</end></TimeSpan><styleUrl>#point</styleUrl><Point><altitudeMode>clampToGround</altitudeMode><coordinates>11.831780020147562,46.623295526951551,1774.25</coordinates></Point></Placemark><Placemark><TimeSpan><begin>2026-08-04T13:33:12Z</begin><end>2026-08-04T13:33:25Z</end></TimeSpan><styleUrl>#point</styleUrl><Point><altitudeMode>clampToGround</altitudeMode><coordinates>11.831900887191296,46.623364258557558,1771.8499999999999</coordinates></Point></Placemark><Placemark><TimeSpan><begin>2026-08-04T13:33:25Z</begin><end>2026-08-04T13:33:36Z</end></TimeSpan><styleUrl>#point</styleUrl><Point><altitudeMode>clampToGround</altitudeMode><coordinates>11.832038434222341,46.623389488086104,1769.4400000000001</coordinates></Point></Placemark><Placemark><TimeSpan><begin>2026-08-04T13:33:36Z</begin><end>2026-08-04T13:33:49Z</end></TimeSpan><styleUrl>#point</styleUrl><Point><altitudeMode>clampToGround</altitudeMode><coordinates>11.832203138619661,46.623467858880758,1767.52</coordinates></Point></Placemark><Placemark><TimeSpan><begin>2026-08-04T13:33:49Z</begin><end>2026-08-04T13:34:02Z</end></TimeSpan><styleUrl>#point</styleUrl><Point><altitudeMode>clampToGround</altitudeMode><coordinates>11.8323530908674,46.62355151027441,1765.1199999999999</coordinates></Point></Placemark><Placemark><TimeSpan><begin>2026-08-04T13:34:02Z</begin><end>2026-08-04T13:34:14Z</end></TimeSpan><styleUrl>#point</styleUrl><Point><altitudeMode>clampToGround</altitudeMode><coordinates>11.832465240731835,46.623610937967896,1763.2</coordinates></Point></Placemark><Placemark><TimeSpan><begin>2026-08-04T13:34:14Z</begin><end>2026-08-04T13:34:27Z</end></TimeSpan><styleUrl>#point</styleUrl><Point><altitudeMode>clampToGround</altitudeMode><coordinates>11.832593567669392,46.623678412288427,1760.3099999999999</coordinates></Point></Placemark><Placemark><TimeSpan><begin>2026-08-04T13:34:27Z</begin><end>2026-08-04T13:34:37Z</end></TimeSpan><styleUrl>#point</styleUrl><Point><altitudeMode>clampToGround</altitudeMode><coordinates>11.832701358944178,46.623672544956207,1758.8699999999999</coordinates></Point></Placemark><Placemark><TimeSpan><begin>2026-08-04T13:34:37Z</begin><end>2026-08-04T13:34:49Z</end></TimeSpan><styleUrl>#point</styleUrl><Point><altitudeMode>clampToGround</altitudeMode><coordinates>11.832828344777226,46.623634994029999,1756.47</coordinates></Point></Placemark><Placemark><TimeSpan><begin>2026-08-04T13:34:49Z</begin><end>2026-08-04T13:35:03Z</end></TimeSpan><styleUrl>#point</styleUrl><Point><altitudeMode>clampToGround</altitudeMode><coordinates>11.832969076931477,46.623588306829333,1753.5799999999999</coordinates></Point></Placemark><Placemark><TimeSpan><begin>2026-08-04T13:35:03Z</begin><end>2026-08-04T13:35:15Z</end></TimeSpan><styleUrl>#point</styleUrl><Point><altitudeMode>clampToGround</altitudeMode><coordinates>11.833126740530133,46.623561568558216,1751.1800000000001</coordinates></Point></Placemark><Placemark><TimeSpan><begin>2026-08-04T13:35:15Z</begin><end>2026-08-04T13:35:27Z</end></TimeSpan><styleUrl>#point</styleUrl><Point><altitudeMode>clampToGround</altitudeMode><coordinates>11.833332432433963,46.623574225232005,1748.29</coordinates></Point></Placemark><Placemark><TimeSpan><begin>2026-08-04T13:35:27Z</begin><end>2026-08-04T13:35:41Z</end></TimeSpan><styleUrl>#point</styleUrl><Point><altitudeMode>clampToGround</altitudeMode><coordinates>11.833509290590882,46.62361990660429,1745.4100000000001</coordinates></Point></Placemark><Placemark><TimeSpan><begin>2026-08-04T13:35:41Z</begin><end>2026-08-04T13:35:54Z</end></TimeSpan><styleUrl>#point</styleUrl><Point><altitudeMode>clampToGround</altitudeMode><coordinates>11.833678353577852,46.623691990971565,1743.49</coordinates></Point></Placemark><Placemark><TimeSpan><begin>2026-08-04T13:35:54Z</begin><end>2026-08-04T13:36:04Z</end></TimeSpan><styleUrl>#point</styleUrl><Point><altitudeMode>clampToGround</altitudeMode><coordinates>11.833830317482352,46.623787041753531,1741.5699999999999</coordinates></Point></Placemark><Placemark><TimeSpan><begin>2026-08-04T13:36:04Z</begin><end>2026-08-04T13:36:17Z</end></TimeSpan><styleUrl>#point</styleUrl><Point><altitudeMode>clampToGround</altitudeMode><coordinates>11.833954369649291,46.623909920454025,1739.1600000000001</coordinates></Point></Placemark><Placemark><TimeSpan><begin>2026-08-04T13:36:17Z</begin><end>2026-08-04T13:36:28Z</end></TimeSpan><styleUrl>#point</styleUrl><Point><altitudeMode>clampToGround</altitudeMode><coordinates>11.833956632763147,46.623920733109117,1738.6800000000001</coordinates></Point></Placemark><Placemark><TimeSpan><begin>2026-08-04T13:36:28Z</begin><end>2026-08-04T13:36:45Z</end></TimeSpan><styleUrl>#point</styleUrl><Point><altitudeMode>clampToGround</altitudeMode><coordinates>11.833970546722412,46.623902795836329,1738.2</coordinates></Point></Placemark><Placemark><TimeSpan><begin>2026-08-04T13:36:45Z</begin><end>2026-08-04T13:36:58Z</end></TimeSpan><styleUrl>#point</styleUrl><Point><altitudeMode>clampToGround</altitudeMode><coordinates>11.834018491208553,46.623960547149181,1736.76</coordinates></Point></Placemark><Placemark><TimeSpan><begin>2026-08-04T13:36:58Z</begin><end>2026-08-04T13:37:10Z</end></TimeSpan><styleUrl>#point</styleUrl><Point><altitudeMode>clampToGround</altitudeMode><coordinates>11.834108009934425,46.624043863266706,1734.8399999999999</coordinates></Point></Placemark><Placemark><TimeSpan><begin>2026-08-04T13:37:10Z</begin><end>2026-08-04T13:37:22Z</end></TimeSpan><styleUrl>#point</styleUrl><Point><altitudeMode>clampToGround</altitudeMode><coordinates>11.834220997989178,46.624119887128472,1732.4300000000001</coordinates></Point></Placemark><Placemark><TimeSpan><begin>2026-08-04T13:37:22Z</begin><end>2026-08-04T13:37:34Z</end></TimeSpan><styleUrl>#point</styleUrl><Point><altitudeMode>clampToGround</altitudeMode><coordinates>11.834367429837584,46.624200521036983,1730.51</coordinates></Point></Placemark><Placemark><TimeSpan><begin>2026-08-04T13:37:34Z</begin><end>2026-08-04T13:37:45Z</end></TimeSpan><styleUrl>#point</styleUrl><Point><altitudeMode>clampToGround</altitudeMode><coordinates>11.834482932463288,46.62425709888339,1728.5899999999999</coordinates></Point></Placemark><Placemark><TimeSpan><begin>2026-08-04T13:37:45Z</begin><end>2026-08-04T13:37:58Z</end></TimeSpan><styleUrl>#point</styleUrl><Point><altitudeMode>clampToGround</altitudeMode><coordinates>11.834645122289658,46.62434502504766,1726.6700000000001</coordinates></Point></Placemark><Placemark><TimeSpan><begin>2026-08-04T13:37:58Z</begin><end>2026-08-04T13:38:00Z</end></TimeSpan><styleUrl>#point</styleUrl><Point><altitudeMode>clampToGround</altitudeMode><coordinates>11.834664903581142,46.624357849359512,1725.7</coordinates></Point></Placemark><Placemark><TimeSpan><begin>2026-08-04T13:38:00Z</begin><end>2026-08-04T13:38:12Z</end></TimeSpan><styleUrl>#point</styleUrl><Point><altitudeMode>clampToGround</altitudeMode><coordinates>11.834770096465945,46.624452481046319,1724.26</coordinates></Point></Placemark><Placemark><TimeSpan><begin>2026-08-04T13:38:12Z</begin><end>2026-08-04T13:38:24Z</end></TimeSpan><styleUrl>#point</styleUrl><Point><altitudeMode>clampToGround</altitudeMode><coordinates>11.834863303229213,46.624555829912424,1721.8599999999999</coordinates></Point></Placemark><Placemark><TimeSpan><begin>2026-08-04T13:38:24Z</begin><end>2026-08-04T13:38:27Z</end></TimeSpan><styleUrl>#point</styleUrl><Point><altitudeMode>clampToGround</altitudeMode><coordinates>11.834894986823201,46.624579802155495,1720.9000000000001</coordinates></Point></Placemark><Placemark><TimeSpan><begin>2026-08-04T13:38:27Z</begin><end>2026-08-04T13:38:41Z</end></TimeSpan><styleUrl>#point</styleUrl><Point><altitudeMode>clampToGround</altitudeMode><coordinates>11.834844946861267,46.624706787988544,1718.49</coordinates></Point></Placemark><Placemark><TimeSpan><begin>2026-08-04T13:38:41Z</begin><end>2026-08-04T13:38:52Z</end></TimeSpan><styleUrl>#point</styleUrl><Point><altitudeMode>clampToGround</altitudeMode><coordinates>11.834666831418872,46.624724306166172,1716.5699999999999</coordinates></Point></Placemark><Placemark><TimeSpan><begin>2026-08-04T13:38:52Z</begin><end>2026-08-04T13:39:04Z</end></TimeSpan><styleUrl>#point</styleUrl><Point><altitudeMode>clampToGround</altitudeMode><coordinates>11.834655599668622,46.624804269522429,1714.1700000000001</coordinates></Point></Placemark><Placemark><TimeSpan><begin>2026-08-04T13:39:04Z</begin><end>2026-08-04T13:39:15Z</end></TimeSpan><styleUrl>#point</styleUrl><Point><altitudeMode>clampToGround</altitudeMode><coordinates>11.834712931886315,46.624862104654312,1712.73</coordinates></Point></Placemark><Placemark><TimeSpan><begin>2026-08-04T13:39:15Z</begin><end>2026-08-04T13:39:28Z</end></TimeSpan><styleUrl>#point</styleUrl><Point><altitudeMode>clampToGround</altitudeMode><coordinates>11.834797002375126,46.624936452135444,1709.8399999999999</coordinates></Point></Placemark><Placemark><TimeSpan><begin>2026-08-04T13:39:28Z</begin><end>2026-08-04T13:39:39Z</end></TimeSpan><styleUrl>#point</styleUrl><Point><altitudeMode>clampToGround</altitudeMode><coordinates>11.834896998479962,46.624981462955475,1707.9200000000001</coordinates></Point></Placemark><Placemark><TimeSpan><begin>2026-08-04T13:39:39Z</begin><end>2026-08-04T13:39:51Z</end></TimeSpan><styleUrl>#point</styleUrl><Point><altitudeMode>clampToGround</altitudeMode><coordinates>11.835040161386132,46.625004010275006,1705.04</coordinates></Point></Placemark><Placemark><TimeSpan><begin>2026-08-04T13:39:51Z</begin><end>2026-08-04T13:39:55Z</end></TimeSpan><styleUrl>#point</styleUrl><Point><altitudeMode>clampToGround</altitudeMode><coordinates>11.835089027881622,46.62502177990973,1704.55</coordinates></Point></Placemark><Placemark><TimeSpan><begin>2026-08-04T13:39:55Z</begin><end>2026-08-04T13:40:07Z</end></TimeSpan><styleUrl>#point</styleUrl><Point><altitudeMode>clampToGround</altitudeMode><coordinates>11.835157675668597,46.62504424341023,1704.0699999999999</coordinates></Point></Placemark><Placemark><TimeSpan><begin>2026-08-04T13:40:07Z</begin><end>2026-08-04T13:40:18Z</end></TimeSpan><styleUrl>#point</styleUrl><Point><altitudeMode>clampToGround</altitudeMode><coordinates>11.835233950987458,46.625060839578509,1703.1099999999999</coordinates></Point></Placemark><Placemark><TimeSpan><begin>2026-08-04T13:40:18Z</begin><end>2026-08-04T13:40:23Z</end></TimeSpan><styleUrl>#point</styleUrl><Point><altitudeMode>clampToGround</altitudeMode><coordinates>11.835308717563748,46.625072238966823,1702.1500000000001</coordinates></Point></Placemark><Placemark><TimeSpan><begin>2026-08-04T13:40:23Z</begin><end>2026-08-04T13:40:34Z</end></TimeSpan><styleUrl>#point</styleUrl><Point><altitudeMode>clampToGround</altitudeMode><coordinates>11.835459843277931,46.62511020898819,1700.71</coordinates></Point></Placemark><Placemark><TimeSpan><begin>2026-08-04T13:40:34Z</begin><end>2026-08-04T13:40:47Z</end></TimeSpan><styleUrl>#point</styleUrl><Point><altitudeMode>clampToGround</altitudeMode><coordinates>11.835651118308306,46.625192603096366,1698.79</coordinates></Point></Placemark><Placemark><TimeSpan><begin>2026-08-04T13:40:47Z</begin><end>2026-08-04T13:40:59Z</end></TimeSpan><styleUrl>#point</styleUrl><Point><altitudeMode>clampToGround</altitudeMode><coordinates>11.835752623155713,46.625258820131421,1697.3399999999999</coordinates></Point></Placemark><Placemark><TimeSpan><begin>2026-08-04T13:40:59Z</begin><end>2026-08-04T13:41:01Z</end></TimeSpan><styleUrl>#point</styleUrl><Point><altitudeMode>clampToGround</altitudeMode><coordinates>11.835764022544026,46.625264519825578,1697.3399999999999</coordinates></Point></Placemark><Placemark><TimeSpan><begin>2026-08-04T13:41:01Z</begin><end>2026-08-04T13:41:16Z</end></TimeSpan><styleUrl>#point</styleUrl><Point><altitudeMode>clampToGround</altitudeMode><coordinates>11.8359484244138,46.625345153734088,1694.9400000000001</coordinates></Point></Placemark><Placemark><TimeSpan><begin>2026-08-04T13:41:16Z</begin><end>2026-08-04T13:41:29Z</end></TimeSpan><styleUrl>#point</styleUrl><Point><altitudeMode>clampToGround</altitudeMode><coordinates>11.836103908717632,46.625403156504035,1691.0999999999999</coordinates></Point></Placemark><Placemark><TimeSpan><begin>2026-08-04T13:41:29Z</begin><end>2026-08-04T13:41:32Z</end></TimeSpan><styleUrl>#point</styleUrl><Point><altitudeMode>clampToGround</altitudeMode><coordinates>11.836127797141671,46.625425787642598,1690.6199999999999</coordinates></Point></Placemark><Placemark><TimeSpan><begin>2026-08-04T13:41:32Z</begin><end>2026-08-04T13:41:45Z</end></TimeSpan><styleUrl>#point</styleUrl><Point><altitudeMode>clampToGround</altitudeMode><coordinates>11.836170544847846,46.625553276389837,1687.25</coordinates></Point></Placemark><Placemark><TimeSpan><begin>2026-08-04T13:41:45Z</begin><end>2026-08-04T13:41:48Z</end></TimeSpan><styleUrl>#point</styleUrl><Point><altitudeMode>clampToGround</altitudeMode><coordinates>11.8361780885607,46.625593425706029,1686.77</coordinates></Point></Placemark><Placemark><TimeSpan><begin>2026-08-04T13:41:48Z</begin><end>2026-08-04T13:41:53Z</end></TimeSpan><styleUrl>#point</styleUrl><Point><altitudeMode>clampToGround</altitudeMode><coordinates>11.836195606738329,46.625647069886327,1685.3299999999999</coordinates></Point></Placemark><Placemark><TimeSpan><begin>2026-08-04T13:41:53Z</begin><end>2026-08-04T13:42:08Z</end></TimeSpan><styleUrl>#point</styleUrl><Point><altitudeMode>clampToGround</altitudeMode><coordinates>11.836215555667877,46.62581386975944,1682.4400000000001</coordinates></Point></Placemark><Placemark><TimeSpan><begin>2026-08-04T13:42:08Z</begin><end>2026-08-04T13:42:16Z</end></TimeSpan><styleUrl>#point</styleUrl><Point><altitudeMode>clampToGround</altitudeMode><coordinates>11.836257549002767,46.625897521153092,1681</coordinates></Point></Placemark><Placemark><TimeSpan><begin>2026-08-04T13:42:16Z</begin><end>2026-08-04T13:42:32Z</end></TimeSpan><styleUrl>#point</styleUrl><Point><altitudeMode>clampToGround</altitudeMode><coordinates>11.836325190961361,46.626090556383133,1680.04</coordinates></Point></Placemark><Placemark><TimeSpan><begin>2026-08-04T13:42:32Z</begin><end>2026-08-04T13:42:42Z</end></TimeSpan><styleUrl>#point</styleUrl><Point><altitudeMode>clampToGround</altitudeMode><coordinates>11.836308175697923,46.626140931621194,1679.5599999999999</coordinates></Point></Placemark><Placemark><TimeSpan><begin>2026-08-04T13:42:42Z</begin><end>2026-08-04T13:42:57Z</end></TimeSpan><styleUrl>#point</styleUrl><Point><altitudeMode>clampToGround</altitudeMode><coordinates>11.836311863735318,46.626149648800492,1679.0799999999999</coordinates></Point></Placemark><Placemark><TimeSpan><begin>2026-08-04T13:42:57Z</begin><end>2026-08-04T13:43:13Z</end></TimeSpan><styleUrl>#point</styleUrl><Point><altitudeMode>clampToGround</altitudeMode><coordinates>11.836344301700592,46.626192815601826,1679.0799999999999</coordinates></Point></Placemark><Placemark><TimeSpan><begin>2026-08-04T13:43:13Z</begin><end>2026-08-04T13:43:26Z</end></TimeSpan><styleUrl>#point</styleUrl><Point><altitudeMode>clampToGround</altitudeMode><coordinates>11.836426025256515,46.626316364854574,1677.6400000000001</coordinates></Point></Placemark><Placemark><TimeSpan><begin>2026-08-04T13:43:26Z</begin><end>2026-08-04T13:43:38Z</end></TimeSpan><styleUrl>#point</styleUrl><Point><altitudeMode>clampToGround</altitudeMode><coordinates>11.836504731327295,46.62639188580215,1675.72</coordinates></Point></Placemark><Placemark><TimeSpan><begin>2026-08-04T13:43:38Z</begin><end>2026-08-04T13:43:51Z</end></TimeSpan><styleUrl>#point</styleUrl><Point><altitudeMode>clampToGround</altitudeMode><coordinates>11.836575390771031,46.626501688733697,1673.79</coordinates></Point></Placemark><Placemark><TimeSpan><begin>2026-08-04T13:43:51Z</begin><end>2026-08-04T13:44:03Z</end></TimeSpan><styleUrl>#point</styleUrl><Point><altitudeMode>clampToGround</altitudeMode><coordinates>11.83663004077971,46.626596488058567,1670.9100000000001</coordinates></Point></Placemark><Placemark><TimeSpan><begin>2026-08-04T13:44:03Z</begin><end>2026-08-04T13:44:09Z</end></TimeSpan><styleUrl>#point</styleUrl><Point><altitudeMode>clampToGround</altitudeMode><coordinates>11.836662981659174,46.626616101711988,1669.95</coordinates></Point></Placemark><Placemark><TimeSpan><begin>2026-08-04T13:44:09Z</begin><end>2026-08-04T13:44:14Z</end></TimeSpan><styleUrl>#point</styleUrl><Point><altitudeMode>clampToGround</altitudeMode><coordinates>11.836729366332293,46.626647533848882,1669.47</coordinates></Point></Placemark><Placemark><TimeSpan><begin>2026-08-04T13:44:14Z</begin><end>2026-08-04T13:44:24Z</end></TimeSpan><styleUrl>#point</styleUrl><Point><altitudeMode>clampToGround</altitudeMode><coordinates>11.836894992738962,46.62667385302484,1667.0599999999999</coordinates></Point></Placemark><Placemark><TimeSpan><begin>2026-08-04T13:44:24Z</begin><end>2026-08-04T13:44:37Z</end></TimeSpan><styleUrl>#point</styleUrl><Point><altitudeMode>clampToGround</altitudeMode><coordinates>11.837073946371675,46.626707883551717,1664.1800000000001</coordinates></Point></Placemark><Placemark><TimeSpan><begin>2026-08-04T13:44:37Z</begin><end>2026-08-04T13:44:44Z</end></TimeSpan><styleUrl>#point</styleUrl><Point><altitudeMode>clampToGround</altitudeMode><coordinates>11.837168410420418,46.626732693985105,1662.74</coordinates></Point></Placemark><Placemark><TimeSpan><begin>2026-08-04T13:44:44Z</begin><end>2026-08-04T13:44:50Z</end></TimeSpan><styleUrl>#point</styleUrl><Point><altitudeMode>clampToGround</altitudeMode><coordinates>11.837269496172667,46.62675398401916,1662.26</coordinates></Point></Placemark><Placemark><TimeSpan><begin>2026-08-04T13:44:50Z</begin><end>2026-08-04T13:45:04Z</end></TimeSpan><styleUrl>#point</styleUrl><Point><altitudeMode>clampToGround</altitudeMode><coordinates>11.837368905544281,46.626847693696618,1659.3699999999999</coordinates></Point></Placemark><Placemark><TimeSpan><begin>2026-08-04T13:45:04Z</begin><end>2026-08-04T13:45:17Z</end></TimeSpan><styleUrl>#point</styleUrl><Point><altitudeMode>clampToGround</altitudeMode><coordinates>11.837426824495196,46.626962022855878,1657.9300000000001</coordinates></Point></Placemark><Placemark><TimeSpan><begin>2026-08-04T13:45:17Z</begin><end>2026-08-04T13:45:27Z</end></TimeSpan><styleUrl>#point</styleUrl><Point><altitudeMode>clampToGround</altitudeMode><coordinates>11.83749102987349,46.62707501091063,1656.01</coordinates></Point></Placemark><Placemark><TimeSpan><begin>2026-08-04T13:45:27Z</begin><end>2026-08-04T13:45:36Z</end></TimeSpan><styleUrl>#point</styleUrl><Point><altitudeMode>clampToGround</altitudeMode><coordinates>11.837567808106542,46.627167630940676,1655.05</coordinates></Point></Placemark><Placemark><TimeSpan><begin>2026-08-04T13:45:36Z</begin><end>2026-08-04T13:45:48Z</end></TimeSpan><styleUrl>#point</styleUrl><Point><altitudeMode>clampToGround</altitudeMode><coordinates>11.837686747312546,46.627214318141341,1653.1199999999999</coordinates></Point></Placemark><Placemark><TimeSpan><begin>2026-08-04T13:45:48Z</begin><end>2026-08-04T13:45:58Z</end></TimeSpan><styleUrl>#point</styleUrl><Point><altitudeMode>clampToGround</altitudeMode><coordinates>11.837745252996683,46.627210965380073,1652.1600000000001</coordinates></Point></Placemark><Placemark><TimeSpan><begin>2026-08-04T13:45:58Z</begin><end>2026-08-04T13:45:59Z</end></TimeSpan><styleUrl>#point</styleUrl><Point><altitudeMode>clampToGround</altitudeMode><coordinates>11.837758915498853,46.627207947894931,1652.1600000000001</coordinates></Point></Placemark><Placemark><TimeSpan><begin>2026-08-04T13:45:59Z</begin><end>2026-08-04T13:46:10Z</end></TimeSpan><styleUrl>#point</styleUrl><Point><altitudeMode>clampToGround</altitudeMode><coordinates>11.837914735078812,46.62718347273767,1649.76</coordinates></Point></Placemark><Placemark><TimeSpan><begin>2026-08-04T13:46:10Z</begin><end>2026-08-04T13:46:14Z</end></TimeSpan><styleUrl>#point</styleUrl><Point><altitudeMode>clampToGround</altitudeMode><coordinates>11.837975587695837,46.627162182703614,1649.28</coordinates></Point></Placemark><Placemark><TimeSpan><begin>2026-08-04T13:46:14Z</begin><end>2026-08-04T13:46:25Z</end></TimeSpan><styleUrl>#point</styleUrl><Point><altitudeMode>clampToGround</altitudeMode><coordinates>11.838104333728552,46.627128822728992,1647.3599999999999</coordinates></Point></Placemark><Placemark><TimeSpan><begin>2026-08-04T13:46:25Z</begin><end>2026-08-04T13:46:37Z</end></TimeSpan><styleUrl>#point</styleUrl><Point><altitudeMode>clampToGround</altitudeMode><coordinates>11.838264595717192,46.627055648714304,1645.4300000000001</coordinates></Point></Placemark><Placemark><TimeSpan><begin>2026-08-04T13:46:37Z</begin><end>2026-08-04T13:46:40Z</end></TimeSpan><styleUrl>#point</styleUrl><Point><altitudeMode>clampToGround</altitudeMode><coordinates>11.838322011753917,46.627062773332,1645.4300000000001</coordinates></Point></Placemark><Placemark><TimeSpan><begin>2026-08-04T13:46:40Z</begin><end>2026-08-04T13:46:55Z</end></TimeSpan><styleUrl>#point</styleUrl><Point><altitudeMode>clampToGround</altitudeMode><coordinates>11.838475903496146,46.627212222665548,1643.03</coordinates></Point></Placemark><Placemark><TimeSpan><begin>2026-08-04T13:46:55Z</begin><end>2026-08-04T13:47:06Z</end></TimeSpan><styleUrl>#point</styleUrl><Point><altitudeMode>clampToGround</altitudeMode><coordinates>11.838602218776941,46.627313392236829,1641.5899999999999</coordinates></Point></Placemark><Placemark><TimeSpan><begin>2026-08-04T13:47:06Z</begin><end>2026-08-04T13:47:08Z</end></TimeSpan><styleUrl>#point</styleUrl><Point><altitudeMode>clampToGround</altitudeMode><coordinates>11.838621664792299,46.627335688099265,1641.5899999999999</coordinates></Point></Placemark><Placemark><TimeSpan><begin>2026-08-04T13:47:08Z</begin><end>2026-08-04T13:47:16Z</end></TimeSpan><styleUrl>#point</styleUrl><Point><altitudeMode>clampToGround</altitudeMode><coordinates>11.838711267337203,46.627406682819128,1640.6300000000001</coordinates></Point></Placemark><Placemark><TimeSpan><begin>2026-08-04T13:47:16Z</begin><end>2026-08-04T13:47:29Z</end></TimeSpan><styleUrl>#point</styleUrl><Point><altitudeMode>clampToGround</altitudeMode><coordinates>11.838842276483774,46.627526208758354,1639.1900000000001</coordinates></Point></Placemark><Placemark><TimeSpan><begin>2026-08-04T13:47:29Z</begin><end>2026-08-04T13:47:43Z</end></TimeSpan><styleUrl>#point</styleUrl><Point><altitudeMode>clampToGround</altitudeMode><coordinates>11.838982002809644,46.627651518210769,1637.26</coordinates></Point></Placemark><Placemark><TimeSpan><begin>2026-08-04T13:47:43Z</begin><end>2026-08-04T13:47:55Z</end></TimeSpan><styleUrl>#point</styleUrl><Point><altitudeMode>clampToGround</altitudeMode><coordinates>11.839089710265398,46.627758890390396,1635.8199999999999</coordinates></Point></Placemark><Placemark><TimeSpan><begin>2026-08-04T13:47:55Z</begin><end>2026-08-04T13:47:59Z</end></TimeSpan><styleUrl>#point</styleUrl><Point><altitudeMode>clampToGround</altitudeMode><coordinates>11.839132709428668,46.627792753279209,1635.3399999999999</coordinates></Point></Placemark><Placemark><TimeSpan><begin>2026-08-04T13:47:59Z</begin><end>2026-08-04T13:48:13Z</end></TimeSpan><styleUrl>#point</styleUrl><Point><altitudeMode>clampToGround</altitudeMode><coordinates>11.839250307530165,46.627923343330622,1633.4200000000001</coordinates></Point></Placemark><Placemark><TimeSpan><begin>2026-08-04T13:48:13Z</begin><end>2026-08-04T13:48:17Z</end></TimeSpan><styleUrl>#point</styleUrl><Point><altitudeMode>clampToGround</altitudeMode><coordinates>11.839285511523485,46.627956116572022,1632.46</coordinates></Point></Placemark><Placemark><TimeSpan><begin>2026-08-04T13:48:17Z</begin><end>2026-08-04T13:48:29Z</end></TimeSpan><styleUrl>#point</styleUrl><Point><altitudeMode>clampToGround</altitudeMode><coordinates>11.839411072432995,46.628047898411751,1631.49</coordinates></Point></Placemark><Placemark><TimeSpan><begin>2026-08-04T13:48:29Z</begin><end>2026-08-04T13:48:41Z</end></TimeSpan><styleUrl>#point</styleUrl><Point><altitudeMode>clampToGround</altitudeMode><coordinates>11.839523306116462,46.628152001649141,1629.5699999999999</coordinates></Point></Placemark><Placemark><TimeSpan><begin>2026-08-04T13:48:41Z</begin><end>2026-08-04T13:48:45Z</end></TimeSpan><styleUrl>#point</styleUrl><Point><altitudeMode>clampToGround</altitudeMode><coordinates>11.839550631120801,46.628192570060492,1629.0899999999999</coordinates></Point></Placemark><Placemark><TimeSpan><begin>2026-08-04T13:48:45Z</begin><end>2026-08-04T13:48:50Z</end></TimeSpan><styleUrl>#point</styleUrl><Point><altitudeMode>clampToGround</altitudeMode><coordinates>11.839596144855022,46.628236994147301,1628.1300000000001</coordinates></Point></Placemark><Placemark><TimeSpan><begin>2026-08-04T13:48:50Z</begin><end>2026-08-04T13:48:53Z</end></TimeSpan><styleUrl>#point</styleUrl><Point><altitudeMode>clampToGround</altitudeMode><coordinates>11.839611986652017,46.628268342465162,1627.6500000000001</coordinates></Point></Placemark><Placemark><TimeSpan><begin>2026-08-04T13:48:53Z</begin><end>2026-08-04T13:49:06Z</end></TimeSpan><styleUrl>#point</styleUrl><Point><altitudeMode>clampToGround</altitudeMode><coordinates>11.839741403236985,46.628389628604054,1626.21</coordinates></Point></Placemark><Placemark><TimeSpan><begin>2026-08-04T13:49:06Z</begin><end>2026-08-04T13:49:20Z</end></TimeSpan><styleUrl>#point</styleUrl><Point><altitudeMode>clampToGround</altitudeMode><coordinates>11.839874591678381,46.628515776246786,1623.8</coordinates></Point></Placemark><Placemark><TimeSpan><begin>2026-08-04T13:49:20Z</begin><end>2026-08-04T13:49:33Z</end></TimeSpan><styleUrl>#point</styleUrl><Point><altitudeMode>clampToGround</altitudeMode><coordinates>11.839995374903083,46.628633290529251,1622.3599999999999</coordinates></Point></Placemark><Placemark><TimeSpan><begin>2026-08-04T13:49:33Z</begin><end>2026-08-04T13:49:45Z</end></TimeSpan><styleUrl>#point</styleUrl><Point><altitudeMode>clampToGround</altitudeMode><coordinates>11.840087659657001,46.628747871145606,1620.9200000000001</coordinates></Point></Placemark><Placemark><TimeSpan><begin>2026-08-04T13:49:45Z</begin><end>2026-08-04T13:50:00Z</end></TimeSpan><styleUrl>#point</styleUrl><Point><altitudeMode>clampToGround</altitudeMode><coordinates>11.840188661590219,46.628884999081492,1619</coordinates></Point></Placemark><Placemark><TimeSpan><begin>2026-08-04T13:50:00Z</begin><end>2026-08-04T13:50:12Z</end></TimeSpan><styleUrl>#point</styleUrl><Point><altitudeMode>clampToGround</altitudeMode><coordinates>11.840290753170848,46.628998322412372,1617.5599999999999</coordinates></Point></Placemark><Placemark><TimeSpan><begin>2026-08-04T13:50:12Z</begin><end>2026-08-04T13:50:19Z</end></TimeSpan><styleUrl>#point</styleUrl><Point><altitudeMode>clampToGround</altitudeMode><coordinates>11.840355629101396,46.629055989906192,1616.5899999999999</coordinates></Point></Placemark><Placemark><TimeSpan><begin>2026-08-04T13:50:19Z</begin><end>2026-08-04T13:50:33Z</end></TimeSpan><styleUrl>#point</styleUrl><Point><altitudeMode>clampToGround</altitudeMode><coordinates>11.840508431196213,46.629182640463114,1614.6700000000001</coordinates></Point></Placemark><Placemark><TimeSpan><begin>2026-08-04T13:50:33Z</begin><end>2026-08-04T13:50:45Z</end></TimeSpan><styleUrl>#point</styleUrl><Point><altitudeMode>clampToGround</altitudeMode><coordinates>11.840623263269663,46.629273165017366,1613.23</coordinates></Point></Placemark><Placemark><TimeSpan><begin>2026-08-04T13:50:45Z</begin><end>2026-08-04T13:50:58Z</end></TimeSpan><styleUrl>#point</styleUrl><Point><altitudeMode>clampToGround</altitudeMode><coordinates>11.840776400640607,46.62938866764307,1610.8299999999999</coordinates></Point></Placemark><Placemark><TimeSpan><begin>2026-08-04T13:50:58Z</begin><end>2026-08-04T13:51:14Z</end></TimeSpan><styleUrl>#point</styleUrl><Point><altitudeMode>clampToGround</altitudeMode><coordinates>11.840943954885006,46.629526047036052,1608.4200000000001</coordinates></Point></Placemark><Placemark><TimeSpan><begin>2026-08-04T13:51:14Z</begin><end>2026-08-04T13:51:27Z</end></TimeSpan><styleUrl>#point</styleUrl><Point><altitudeMode>clampToGround</altitudeMode><coordinates>11.841080579906702,46.629623780027032,1606.5</coordinates></Point></Placemark><Placemark><TimeSpan><begin>2026-08-04T13:51:27Z</begin><end>2026-08-04T13:51:38Z</end></TimeSpan><styleUrl>#point</styleUrl><Point><altitudeMode>clampToGround</altitudeMode><coordinates>11.841222401708364,46.629683207720518,1605.0599999999999</coordinates></Point></Placemark><Placemark><TimeSpan><begin>2026-08-04T13:51:38Z</begin><end>2026-08-04T13:51:50Z</end></TimeSpan><styleUrl>#point</styleUrl><Point><altitudeMode>clampToGround</altitudeMode><coordinates>11.84140395373106,46.629758393391967,1603.6199999999999</coordinates></Point></Placemark><Placemark><TimeSpan><begin>2026-08-04T13:51:50Z</begin><end>2026-08-04T13:51:53Z</end></TimeSpan><styleUrl>#point</styleUrl><Point><altitudeMode>clampToGround</altitudeMode><coordinates>11.841440917924047,46.629772307351232,1603.6199999999999</coordinates></Point></Placemark><Placemark><TimeSpan><begin>2026-08-04T13:51:53Z</begin><end>2026-08-04T13:52:06Z</end></TimeSpan><styleUrl>#point</styleUrl><Point><altitudeMode>clampToGround</altitudeMode><coordinates>11.841639904305339,46.629828717559576,1602.1700000000001</coordinates></Point></Placemark><Placemark><TimeSpan><begin>2026-08-04T13:52:06Z</begin><end>2026-08-04T13:52:17Z</end></TimeSpan><styleUrl>#point</styleUrl><Point><altitudeMode>clampToGround</altitudeMode><coordinates>11.841819696128368,46.62988169118762,1601.21</coordinates></Point></Placemark><Placemark><TimeSpan><begin>2026-08-04T13:52:17Z</begin><end>2026-08-04T13:52:23Z</end></TimeSpan><styleUrl>#point</styleUrl><Point><altitudeMode>clampToGround</altitudeMode><coordinates>11.841910220682621,46.629913877695799,1600.73</coordinates></Point></Placemark><Placemark><TimeSpan><begin>2026-08-04T13:52:23Z</begin><end>2026-08-04T13:52:26Z</end></TimeSpan><styleUrl>#point</styleUrl><Point><altitudeMode>clampToGround</altitudeMode><coordinates>11.841963948681951,46.629926953464746,1600.73</coordinates></Point></Placemark><Placemark><TimeSpan><begin>2026-08-04T13:52:26Z</begin><end>2026-08-04T13:52:40Z</end></TimeSpan><styleUrl>#point</styleUrl><Point><altitudeMode>clampToGround</altitudeMode><coordinates>11.842174166813493,46.630003815516829,1599.29</coordinates></Point></Placemark><Placemark><TimeSpan><begin>2026-08-04T13:52:40Z</begin><end>2026-08-04T13:52:48Z</end></TimeSpan><styleUrl>#point</styleUrl><Point><altitudeMode>clampToGround</altitudeMode><coordinates>11.842288831248879,46.630047736689448,1598.3299999999999</coordinates></Point></Placemark><Placemark><TimeSpan><begin>2026-08-04T13:52:48Z</begin><end>2026-08-04T13:52:59Z</end></TimeSpan><styleUrl>#point</styleUrl><Point><altitudeMode>clampToGround</altitudeMode><coordinates>11.842481447383761,46.630106410011649,1597.3699999999999</coordinates></Point></Placemark><Placemark><TimeSpan><begin>2026-08-04T13:52:59Z</begin><end>2026-08-04T13:53:03Z</end></TimeSpan><styleUrl>#point</styleUrl><Point><altitudeMode>clampToGround</altitudeMode><coordinates>11.842557722702622,46.630115462467074,1597.3699999999999</coordinates></Point></Placemark><Placemark><TimeSpan><begin>2026-08-04T13:53:03Z</begin><end>2026-08-04T13:53:11Z</end></TimeSpan><styleUrl>#point</styleUrl><Point><altitudeMode>clampToGround</altitudeMode><coordinates>11.842704741284251,46.63014018908143,1596.8900000000001</coordinates></Point></Placemark><Placemark><TimeSpan><begin>2026-08-04T13:53:11Z</begin><end>2026-08-04T13:53:26Z</end></TimeSpan><styleUrl>#point</styleUrl><Point><altitudeMode>clampToGround</altitudeMode><coordinates>11.84299249202013,46.630187630653381,1596.4100000000001</coordinates></Point></Placemark><Placemark><TimeSpan><begin>2026-08-04T13:53:26Z</begin><end>2026-08-04T13:53:41Z</end></TimeSpan><styleUrl>#point</styleUrl><Point><altitudeMode>clampToGround</altitudeMode><coordinates>11.843263059854507,46.630203891545534,1596.4100000000001</coordinates></Point></Placemark><Placemark><TimeSpan><begin>2026-08-04T13:53:41Z</begin><end>2026-08-04T13:53:43Z</end></TimeSpan><styleUrl>#point</styleUrl><Point><altitudeMode>clampToGround</altitudeMode><coordinates>11.843301029875875,46.630206657573581,1596.4100000000001</coordinates></Point></Placemark><Placemark><TimeSpan><begin>2026-08-04T13:53:43Z</begin><end>2026-08-04T13:53:58Z</end></TimeSpan><styleUrl>#point</styleUrl><Point><altitudeMode>clampToGround</altitudeMode><coordinates>11.843557097017765,46.630247728899121,1595.45</coordinates></Point></Placemark><Placemark><TimeSpan><begin>2026-08-04T13:53:58Z</begin><end>2026-08-04T13:54:12Z</end></TimeSpan><styleUrl>#point</styleUrl><Point><altitudeMode>clampToGround</altitudeMode><coordinates>11.843744516372681,46.630284944549203,1594.48</coordinates></Point></Placemark><Placemark><TimeSpan><begin>2026-08-04T13:54:12Z</begin><end>2026-08-04T13:54:14Z</end></TimeSpan><styleUrl>#point</styleUrl><Point><altitudeMode>clampToGround</altitudeMode><coordinates>11.84373521246016,46.630263403058052,1594</coordinates></Point></Placemark><Placemark><TimeSpan><begin>2026-08-04T13:54:14Z</begin><end>2026-08-04T13:54:24Z</end></TimeSpan><styleUrl>#point</styleUrl><Point><altitudeMode>clampToGround</altitudeMode><coordinates>11.843745354562998,46.630165670067072,1593.52</coordinates></Point></Placemark><Placemark><TimeSpan><begin>2026-08-04T13:54:24Z</begin><end>2026-08-04T13:54:37Z</end></TimeSpan><styleUrl>#point</styleUrl><Point><altitudeMode>clampToGround</altitudeMode><coordinates>11.843836382031441,46.630098531022668,1592.5599999999999</coordinates></Point></Placemark><Placemark><TimeSpan><begin>2026-08-04T13:54:37Z</begin><end>2026-08-04T13:54:52Z</end></TimeSpan><styleUrl>#point</styleUrl><Point><altitudeMode>clampToGround</altitudeMode><coordinates>11.843900671228766,46.630082437768579,1591.5999999999999</coordinates></Point></Placemark><Placemark><TimeSpan><begin>2026-08-04T13:54:52Z</begin><end>2026-08-04T13:55:07Z</end></TimeSpan><styleUrl>#point</styleUrl><Point><altitudeMode>clampToGround</altitudeMode><coordinates>11.844001673161983,46.630136165767908,1590.6400000000001</coordinates></Point></Placemark><Placemark><TimeSpan><begin>2026-08-04T13:55:07Z</begin><end>2026-08-04T13:55:21Z</end></TimeSpan><styleUrl>#point</styleUrl><Point><altitudeMode>clampToGround</altitudeMode><coordinates>11.844131173565984,46.630248902365565,1589.6800000000001</coordinates></Point></Placemark><Placemark><TimeSpan><begin>2026-08-04T13:55:21Z</begin><end>2026-08-04T13:55:35Z</end></TimeSpan><styleUrl>#point</styleUrl><Point><altitudeMode>clampToGround</altitudeMode><coordinates>11.844261847436428,46.630309419706464,1588.72</coordinates></Point></Placemark><Placemark><TimeSpan><begin>2026-08-04T13:55:35Z</begin><end>2026-08-04T13:55:49Z</end></TimeSpan><styleUrl>#point</styleUrl><Point><altitudeMode>clampToGround</altitudeMode><coordinates>11.844377433881164,46.630313778296113,1587.27</coordinates></Point></Placemark><Placemark><TimeSpan><begin>2026-08-04T13:55:49Z</begin><end>2026-08-04T13:55:59Z</end></TimeSpan><styleUrl>#point</styleUrl><Point><altitudeMode>clampToGround</altitudeMode><coordinates>11.844250950962305,46.630301708355546,1588.24</coordinates></Point></Placemark><Placemark><TimeSpan><begin>2026-08-04T13:55:59Z</begin><end>2026-08-04T13:56:12Z</end></TimeSpan><styleUrl>#point</styleUrl><Point><altitudeMode>clampToGround</altitudeMode><coordinates>11.844040397554636,46.630268767476082,1589.2</coordinates></Point></Placemark><Placemark><TimeSpan><begin>2026-08-04T13:56:12Z</begin><end>2026-08-04T13:56:25Z</end></TimeSpan><styleUrl>#point</styleUrl><Point><altitudeMode>clampToGround</altitudeMode><coordinates>11.843978874385357,46.630181847140193,1590.1600000000001</coordinates></Point></Placemark><Placemark><TimeSpan><begin>2026-08-04T13:56:25Z</begin><end>2026-08-04T13:56:45Z</end></TimeSpan><styleUrl>#point</styleUrl><Point><altitudeMode>clampToGround</altitudeMode><coordinates>11.844005528837442,46.630157623440027,1589.6800000000001</coordinates></Point></Placemark><Placemark><TimeSpan><begin>2026-08-04T13:56:45Z</begin><end>2026-08-04T13:56:58Z</end></TimeSpan><styleUrl>#point</styleUrl><Point><altitudeMode>clampToGround</altitudeMode><coordinates>11.843978874385357,46.630079755559564,1590.1600000000001</coordinates></Point></Placemark><Placemark><TimeSpan><begin>2026-08-04T13:56:58Z</begin><end>2026-08-04T13:57:10Z</end></TimeSpan><styleUrl>#point</styleUrl><Point><altitudeMode>clampToGround</altitudeMode><coordinates>11.843768237158656,46.630143290385604,1591.5999999999999</coordinates></Point></Placemark><Placemark><TimeSpan><begin>2026-08-04T13:57:10Z</begin><end>2026-08-04T13:57:17Z</end></TimeSpan><styleUrl>#point</styleUrl><Point><altitudeMode>clampToGround</altitudeMode><coordinates>11.843703612685204,46.630210177972913,1592.0799999999999</coordinates></Point></Placemark><Placemark><TimeSpan><begin>2026-08-04T13:57:17Z</begin><end>2026-08-04T13:57:30Z</end></TimeSpan><styleUrl>#point</styleUrl><Point><altitudeMode>clampToGround</altitudeMode><coordinates>11.843659859150648,46.630319561809301,1592.5599999999999</coordinates></Point></Placemark><Placemark><TimeSpan><begin>2026-08-04T13:57:30Z</begin><end>2026-08-04T13:57:40Z</end></TimeSpan><styleUrl>#point</styleUrl><Point><altitudeMode>clampToGround</altitudeMode><coordinates>11.843691878020763,46.630323082208633,1593.04</coordinates></Point></Placemark><Placemark><TimeSpan><begin>2026-08-04T13:57:40Z</begin><end>2026-08-04T13:57:51Z</end></TimeSpan><styleUrl>#point</styleUrl><Point><altitudeMode>clampToGround</altitudeMode><coordinates>11.843752646818757,46.630331380292773,1592.5599999999999</coordinates></Point></Placemark><Placemark><TimeSpan><begin>2026-08-04T13:57:51Z</begin><end>2026-08-04T13:57:57Z</end></TimeSpan><styleUrl>#point</styleUrl><Point><altitudeMode>clampToGround</altitudeMode><coordinates>11.843867981806397,46.630341522395611,1591.5999999999999</coordinates></Point></Placemark><Placemark><TimeSpan><begin>2026-08-04T13:57:57Z</begin><end>2026-08-04T13:58:09Z</end></TimeSpan><styleUrl>#point</styleUrl><Point><altitudeMode>clampToGround</altitudeMode><coordinates>11.844097981229424,46.630407236516476,1590.1600000000001</coordinates></Point></Placemark><Placemark><TimeSpan><begin>2026-08-04T13:58:09Z</begin><end>2026-08-04T13:58:22Z</end></TimeSpan><styleUrl>#point</styleUrl><Point><altitudeMode>clampToGround</altitudeMode><coordinates>11.844346756115556,46.630466831848025,1589.2</coordinates></Point></Placemark><Placemark><TimeSpan><begin>2026-08-04T13:58:22Z</begin><end>2026-08-04T13:58:35Z</end></TimeSpan><styleUrl>#point</styleUrl><Point><altitudeMode>clampToGround</altitudeMode><coordinates>11.84456393122673,46.630507400259376,1587.75</coordinates></Point></Placemark><Placemark><TimeSpan><begin>2026-08-04T13:58:35Z</begin><end>2026-08-04T13:58:42Z</end></TimeSpan><styleUrl>#point</styleUrl><Point><altitudeMode>clampToGround</altitudeMode><coordinates>11.844717906787992,46.630531288683414,1586.3099999999999</coordinates></Point></Placemark><Placemark><TimeSpan><begin>2026-08-04T13:58:42Z</begin><end>2026-08-04T13:58:45Z</end></TimeSpan><styleUrl>#point</styleUrl><Point><altitudeMode>clampToGround</altitudeMode><coordinates>11.844770712777972,46.630539335310459,1585.8299999999999</coordinates></Point></Placemark><Placemark><TimeSpan><begin>2026-08-04T13:58:45Z</begin><end>2026-08-04T13:58:57Z</end></TimeSpan><styleUrl>#point</styleUrl><Point><altitudeMode>clampToGround</altitudeMode><coordinates>11.844987804070115,46.630603959783912,1584.8699999999999</coordinates></Point></Placemark><Placemark><TimeSpan><begin>2026-08-04T13:58:57Z</begin><end>2026-08-04T13:59:05Z</end></TimeSpan><styleUrl>#point</styleUrl><Point><altitudeMode>clampToGround</altitudeMode><coordinates>11.845103306695819,46.63064687512815,1583.9100000000001</coordinates></Point></Placemark><Placemark><TimeSpan><begin>2026-08-04T13:59:05Z</begin><end>2026-08-04T13:59:15Z</end></TimeSpan><styleUrl>#point</styleUrl><Point><altitudeMode>clampToGround</altitudeMode><coordinates>11.845273794606328,46.63068107329309,1582.95</coordinates></Point></Placemark><Placemark><TimeSpan><begin>2026-08-04T13:59:15Z</begin><end>2026-08-04T13:59:24Z</end></TimeSpan><styleUrl>#point</styleUrl><Point><altitudeMode>clampToGround</altitudeMode><coordinates>11.845421316102147,46.630714517086744,1581.51</coordinates></Point></Placemark><Placemark><TimeSpan><begin>2026-08-04T13:59:24Z</begin><end>2026-08-04T13:59:33Z</end></TimeSpan><styleUrl>#point</styleUrl><Point><altitudeMode>clampToGround</altitudeMode><coordinates>11.845560288056731,46.630772603675723,1581.03</coordinates></Point></Placemark><Placemark><TimeSpan><begin>2026-08-04T13:59:33Z</begin><end>2026-08-04T13:59:35Z</end></TimeSpan><styleUrl>#point</styleUrl><Point><altitudeMode>clampToGround</altitudeMode><coordinates>11.845595994964242,46.630782997235656,1580.0599999999999</coordinates></Point></Placemark><Placemark><TimeSpan><begin>2026-08-04T13:59:35Z</begin><end>2026-08-04T13:59:44Z</end></TimeSpan><styleUrl>#point</styleUrl><Point><altitudeMode>clampToGround</altitudeMode><coordinates>11.845728764310479,46.630831528455019,1579.0999999999999</coordinates></Point></Placemark><Placemark><TimeSpan><begin>2026-08-04T13:59:44Z</begin><end>2026-08-04T13:59:58Z</end></TimeSpan><styleUrl>#point</styleUrl><Point><altitudeMode>clampToGround</altitudeMode><coordinates>11.845932276919484,46.630902355536819,1578.1400000000001</coordinates></Point></Placemark><Placemark><TimeSpan><begin>2026-08-04T13:59:58Z</begin><end>2026-08-04T14:00:11Z</end></TimeSpan><styleUrl>#point</styleUrl><Point><altitudeMode>clampToGround</altitudeMode><coordinates>11.846148194745183,46.630964381620288,1576.7</coordinates></Point></Placemark><Placemark><TimeSpan><begin>2026-08-04T14:00:11Z</begin><end>2026-08-04T14:00:22Z</end></TimeSpan><styleUrl>#point</styleUrl><Point><altitudeMode>clampToGround</altitudeMode><coordinates>11.846240311861038,46.630987599492073,1575.26</coordinates></Point></Placemark><Placemark><TimeSpan><begin>2026-08-04T14:00:22Z</begin><end>2026-08-04T14:00:36Z</end></TimeSpan><styleUrl>#point</styleUrl><Point><altitudeMode>clampToGround</altitudeMode><coordinates>11.846444495022297,46.631052475422621,1574.3</coordinates></Point></Placemark><Placemark><TimeSpan><begin>2026-08-04T14:00:36Z</begin><end>2026-08-04T14:00:37Z</end></TimeSpan><styleUrl>#point</styleUrl><Point><altitudeMode>clampToGround</altitudeMode><coordinates>11.846459833905101,46.631058258935809,1573.8199999999999</coordinates></Point></Placemark><Placemark><TimeSpan><begin>2026-08-04T14:00:37Z</begin><end>2026-08-04T14:00:41Z</end></TimeSpan><styleUrl>#point</styleUrl><Point><altitudeMode>clampToGround</altitudeMode><coordinates>11.84651599265635,46.631078626960516,1573.3299999999999</coordinates></Point></Placemark><Placemark><TimeSpan><begin>2026-08-04T14:00:41Z</begin><end>2026-08-04T14:00:49Z</end></TimeSpan><styleUrl>#point</styleUrl><Point><altitudeMode>clampToGround</altitudeMode><coordinates>11.846654629334807,46.631102850660682,1572.3699999999999</coordinates></Point></Placemark><Placemark><TimeSpan><begin>2026-08-04T14:00:49Z</begin><end>2026-08-04T14:01:03Z</end></TimeSpan><styleUrl>#point</styleUrl><Point><altitudeMode>clampToGround</altitudeMode><coordinates>11.846864344552159,46.631148112937808,1570.45</coordinates></Point></Placemark><Placemark><TimeSpan><begin>2026-08-04T14:01:03Z</begin><end>2026-08-04T14:01:14Z</end></TimeSpan><styleUrl>#point</styleUrl><Point><altitudeMode>clampToGround</altitudeMode><coordinates>11.847026366740465,46.631187675520778,1569.01</coordinates></Point></Placemark><Placemark><TimeSpan><begin>2026-08-04T14:01:14Z</begin><end>2026-08-04T14:01:29Z</end></TimeSpan><styleUrl>#point</styleUrl><Point><altitudeMode>clampToGround</altitudeMode><coordinates>11.847262652590871,46.631238386034966,1567.0899999999999</coordinates></Point></Placemark><Placemark><TimeSpan><begin>2026-08-04T14:01:29Z</begin><end>2026-08-04T14:01:41Z</end></TimeSpan><styleUrl>#point</styleUrl><Point><altitudeMode>clampToGround</altitudeMode><coordinates>11.84744386933744,46.631276858970523,1565.1600000000001</coordinates></Point></Placemark><Placemark><TimeSpan><begin>2026-08-04T14:01:41Z</begin><end>2026-08-04T14:01:56Z</end></TimeSpan><styleUrl>#point</styleUrl><Point><altitudeMode>clampToGround</altitudeMode><coordinates>11.847647968679667,46.631373334676027,1562.28</coordinates></Point></Placemark><Placemark><TimeSpan><begin>2026-08-04T14:01:56Z</begin><end>2026-08-04T14:02:00Z</end></TimeSpan><styleUrl>#point</styleUrl><Point><altitudeMode>clampToGround</altitudeMode><coordinates>11.847686357796192,46.631402503699064,1561.8</coordinates></Point></Placemark><Placemark><TimeSpan><begin>2026-08-04T14:02:00Z</begin><end>2026-08-04T14:02:03Z</end></TimeSpan><styleUrl>#point</styleUrl><Point><altitudeMode>clampToGround</altitudeMode><coordinates>11.847709324210882,46.631435612216592,1561.8</coordinates></Point></Placemark><Placemark><TimeSpan><begin>2026-08-04T14:02:03Z</begin><end>2026-08-04T14:02:16Z</end></TimeSpan><styleUrl>#point</styleUrl><Point><altitudeMode>clampToGround</altitudeMode><coordinates>11.847862042486668,46.631485316902399,1563.24</coordinates></Point></Placemark><Placemark><TimeSpan><begin>2026-08-04T14:02:16Z</begin><end>2026-08-04T14:02:17Z</end></TimeSpan><styleUrl>#point</styleUrl><Point><altitudeMode>clampToGround</altitudeMode><coordinates>11.847870927304029,46.631486993283033,1563.24</coordinates></Point></Placemark><Placemark><TimeSpan><begin>2026-08-04T14:02:17Z</begin><end>2026-08-04T14:02:27Z</end></TimeSpan><styleUrl>#point</styleUrl><Point><altitudeMode>clampToGround</altitudeMode><coordinates>11.847930606454611,46.631492609158158,1562.76</coordinates></Point></Placemark><Placemark><TimeSpan><begin>2026-08-04T14:02:27Z</begin><end>2026-08-04T14:02:41Z</end></TimeSpan><styleUrl>#point</styleUrl><Point><altitudeMode>clampToGround</altitudeMode><coordinates>11.848118444904685,46.631528902798891,1560.8399999999999</coordinates></Point></Placemark><Placemark><TimeSpan><begin>2026-08-04T14:02:41Z</begin><end>2026-08-04T14:02:50Z</end></TimeSpan><styleUrl>#point</styleUrl><Point><altitudeMode>clampToGround</altitudeMode><coordinates>11.848236545920372,46.631573745980859,1559.4000000000001</coordinates></Point></Placemark><Placemark><TimeSpan><begin>2026-08-04T14:02:50Z</begin><end>2026-08-04T14:02:55Z</end></TimeSpan><styleUrl>#point</styleUrl><Point><altitudeMode>clampToGround</altitudeMode><coordinates>11.848321538418531,46.6315957903862,1558.4300000000001</coordinates></Point></Placemark><Placemark><TimeSpan><begin>2026-08-04T14:02:55Z</begin><end>2026-08-04T14:03:10Z</end></TimeSpan><styleUrl>#point</styleUrl><Point><altitudeMode>clampToGround</altitudeMode><coordinates>11.848539635539055,46.631679525598884,1556.51</coordinates></Point></Placemark><Placemark><TimeSpan><begin>2026-08-04T14:03:10Z</begin><end>2026-08-04T14:03:18Z</end></TimeSpan><styleUrl>#point</styleUrl><Point><altitudeMode>clampToGround</altitudeMode><coordinates>11.848577689379454,46.631689500063658,1556.03</coordinates></Point></Placemark><Placemark><TimeSpan><begin>2026-08-04T14:03:18Z</begin><end>2026-08-04T14:03:29Z</end></TimeSpan><styleUrl>#point</styleUrl><Point><altitudeMode>clampToGround</altitudeMode><coordinates>11.848619263619184,46.631685979664326,1555.55</coordinates></Point></Placemark><Placemark><TimeSpan><begin>2026-08-04T14:03:29Z</begin><end>2026-08-04T14:03:41Z</end></TimeSpan><styleUrl>#point</styleUrl><Point><altitudeMode>clampToGround</altitudeMode><coordinates>11.848623622208834,46.631700396537781,1555.0699999999999</coordinates></Point></Placemark><Placemark><TimeSpan><begin>2026-08-04T14:03:41Z</begin><end>2026-08-04T14:03:52Z</end></TimeSpan><styleUrl>#point</styleUrl><Point><altitudeMode>clampToGround</altitudeMode><coordinates>11.848618509247899,46.631700815632939,1554.5899999999999</coordinates></Point></Placemark><Placemark><TimeSpan><begin>2026-08-04T14:03:52Z</begin><end>2026-08-04T14:04:06Z</end></TimeSpan><styleUrl>#point</styleUrl><Point><altitudeMode>clampToGround</altitudeMode><coordinates>11.848600069060922,46.631711209192872,1554.5899999999999</coordinates></Point></Placemark><Placemark><TimeSpan><begin>2026-08-04T14:04:06Z</begin><end>2026-08-04T14:04:14Z</end></TimeSpan><styleUrl>#point</styleUrl><Point><altitudeMode>clampToGround</altitudeMode><coordinates>11.848635273054242,46.631695618852973,1554.1099999999999</coordinates></Point></Placemark><Placemark><TimeSpan><begin>2026-08-04T14:04:14Z</begin><end>2026-08-04T14:04:17Z</end></TimeSpan><styleUrl>#point</styleUrl><Point><altitudeMode>clampToGround</altitudeMode><coordinates>11.848636362701654,46.631706263870001,1554.1099999999999</coordinates></Point></Placemark><Placemark><TimeSpan><begin>2026-08-04T14:04:17Z</begin><end>2026-08-04T14:04:27Z</end></TimeSpan><styleUrl>#point</styleUrl><Point><altitudeMode>clampToGround</altitudeMode><coordinates>11.848591435700655,46.631704922765493,1554.1099999999999</coordinates></Point></Placemark></Folder><Placemark><name>Longiarù - Rif. Genova</name><Style><LineStyle><color>ff600000</color><width>4</width></LineStyle></Style><MultiGeometry><LineString><coordinates>11.845610244199634,46.630991287529469,1516.1400000000001 11.84565500356257,46.630905875936151,1516.1400000000001 11.845631701871753,46.630884502083063,1520.46 11.845624828711152,46.630884669721127,1519.98 11.845593145117164,46.630850974470377,1524.3099999999999 11.845560036599636,46.630832701921463,1528.1500000000001 11.845517037436366,46.630808226764202,1531.04 11.845452664420009,46.630773525685072,1535.3599999999999 11.845410503447056,46.630753828212619,1539.21 11.845387285575271,46.630754750221968,1542.5699999999999 11.845341855660081,46.63076707161963,1546.4200000000001 11.845313021913171,46.630749050527811,1548.8199999999999 11.845292737707496,46.630739076063037,1549.3 11.845179162919521,46.630703117698431,1553.1500000000001 11.845139097422361,46.630705380812287,1554.5899999999999 11.845094840973616,46.630690125748515,1556.03 11.844992833212018,46.63066640496254,1559.8800000000001 11.844897028058767,46.630667913705111,1562.76 11.84470072388649,46.63057311438024,1566.6099999999999 11.844629645347595,46.630551991984248,1568.05 11.844530487433076,46.630597924813628,1569.49 11.844340385869145,46.630619969218969,1570.45 11.844180040061474,46.630594320595264,1571.8900000000001 11.843929002061486,46.630463059991598,1572.8499999999999 11.84370981529355,46.630392065271735,1573.8199999999999 11.843686262145638,46.630345713347197,1574.3 11.843696823343635,46.630349652841687,1574.3 11.843491634353995,46.630319058895111,1574.78 11.843275548890233,46.630265163257718,1575.74 11.843024678528309,46.630232390016317,1576.22 11.842788141220808,46.630205987021327,1576.22 11.842581024393439,46.630160389468074,1576.7 11.842393018305302,46.630111858248711,1577.1800000000001 11.842187074944377,46.630021082237363,1578.1400000000001 11.842045923694968,46.629974730312824,1579.0999999999999 11.841875687241554,46.629925612360239,1579.5799999999999 11.841647950932384,46.6298533603549,1581.03 11.841417280957103,46.629801644012332,1581.99 11.841243105009198,46.629736265167594,1583.4300000000001 11.841065743938088,46.629652865231037,1584.8699999999999 11.84091042727232,46.629563849419355,1586.79 11.840749410912395,46.629445748403668,1589.2 11.840621251612902,46.629327395930886,1590.1600000000001 11.840509437024593,46.629229746758938,1592.0799999999999 11.840381361544132,46.629117010161281,1594 11.840276420116425,46.629019528627396,1595.45 11.840183213353157,46.628901930525899,1596.8900000000001 11.840106602758169,46.62879690527916,1598.3299999999999 11.839971737936139,46.628687856718898,1600.25 11.839835532009602,46.628555255010724,1601.6900000000001 11.839714078232646,46.628434890881181,1604.0999999999999 11.839590864256024,46.628330368548632,1605.0599999999999 11.839486174285412,46.628217380493879,1606.5 11.839383998885751,46.628109337761998,1608.4200000000001 11.839268915355206,46.628014706075191,1609.8599999999999 11.839145701378584,46.627901634201407,1611.3099999999999 11.839012680575252,46.62777179852128,1613.23 11.838910588994622,46.627676580101252,1614.6700000000001 11.838775388896465,46.62755093537271,1616.1099999999999 11.838663490489125,46.627438785508275,1617.0699999999999 11.838597692549229,46.627383548766375,1618.52 11.838543964549899,46.627331748604774,1619 11.838397197425365,46.627197805792093,1620.9200000000001 11.83825520798564,46.62707107141614,1622.3599999999999 11.838206006214023,46.627050451934338,1623.3199999999999 11.838178597390652,46.627034191042185,1623.3199999999999 11.838198211044073,46.62703737616539,1623.3199999999999 11.838242718949914,46.627034526318312,1623.3199999999999 11.838239282369614,46.627028910443187,1623.3199999999999 11.838223608210683,46.6269885096699,1623.8 11.838142890483141,46.626904774457216,1624.77 11.838045241311193,46.62679698318243,1626.21 11.838035266846418,46.626787511631846,1626.6900000000001 11.838054293766618,46.626790948212147,1626.6900000000001 11.838013557717204,46.626787008717656,1626.6900000000001 11.837960332632065,46.626660022884607,1628.1300000000001 11.83790098875761,46.626569917425513,1628.6099999999999 11.837808955460787,46.626437650993466,1629.0899999999999 11.837725723162293,46.626322064548731,1629.5699999999999 11.837583817541599,46.62619692273438,1630.53 11.837494550272822,46.62612559273839,1631.01 11.837366307154298,46.625998690724373,1631.49 11.837244350463152,46.62588469684124,1631.98 11.837151562795043,46.625764248892665,1632.9400000000001 11.837147707119584,46.625753603875637,1633.4200000000001 11.837125159800053,46.625624019652605,1633.9000000000001 11.837113676592708,46.625615051016212,1633.9000000000001 11.837034216150641,46.625598035752773,1632.46 11.837027091532946,46.625596527010202,1632.46 11.837087860330939,46.62562619894743,1632.46 11.837180983275175,46.625593760982156,1632.46 11.837162543088198,46.625608177855611,1633.9000000000001 11.837190957739949,46.625590408220887,1633.9000000000001 11.837190622463822,46.625581607222557,1633.9000000000001 11.837160531431437,46.625387649983168,1635.3399999999999 11.837138319388032,46.625306345522404,1635.8199999999999 11.837107054889202,46.625167038291693,1636.78 11.837046789005399,46.625035023316741,1637.26 11.836960203945637,46.624917006120086,1638.7 11.83688904158771,46.62483754567802,1639.1900000000001 11.836769431829453,46.624702010303736,1640.6300000000001 11.836632052436471,46.624547531828284,1642.0699999999999 11.836547395214438,46.624423731118441,1643.51 11.836506659165025,46.624345611780882,1644.47 11.836382523179054,46.624244190752506,1645.9100000000001 11.836312366649508,46.624187948182225,1647.3599999999999 11.836194852367043,46.624063979834318,1648.3199999999999 11.836068537086248,46.623945878818631,1650.24 11.835973989218473,46.623849738389254,1651.6800000000001 11.835854295641184,46.623765081167221,1653.5999999999999 11.835729321464896,46.62367707118392,1655.53 11.835594456642866,46.623603142797947,1656.97 11.835445091128349,46.623538099229336,1657.9300000000001 11.835285415872931,46.623465344309807,1660.3299999999999 11.835166811943054,46.623395858332515,1661.78 11.835028175264597,46.623317571356893,1663.22 11.834875624626875,46.623228974640369,1665.1400000000001 11.834747632965446,46.623151022940874,1666.5799999999999 11.834739921614528,46.623141802847385,1667.54 11.834672195836902,46.623065862804651,1668.02 11.834580162540078,46.622956562787294,1669.95 11.834548898041248,46.622914401814342,1670.4300000000001 11.834456697106361,46.622857237234712,1671.3900000000001 11.834332812577486,46.62278238683939,1672.8299999999999 11.834196103736758,46.62267635576427,1674.27 11.834177076816559,46.622659089043736,1675.23 11.834036596119404,46.622581640258431,1676.6800000000001 11.833991501480341,46.622549453750253,1676.6800000000001 11.833838447928429,46.62243059836328,1678.1199999999999 11.833676006644964,46.622334541752934,1680.04 11.83347056619823,46.622260613366961,1681 11.83332446962595,46.62220579572022,1682.4400000000001 11.833178624510765,46.622134549543262,1683.8900000000001 11.833091201260686,46.622069757431746,1684.8499999999999 11.832981649786234,46.621961547061801,1686.29 11.832910738885403,46.62185350432992,1688.21 11.83281778357923,46.62173917517066,1690.6199999999999 11.832698760554194,46.621650662273169,1692.0599999999999 11.83259641751647,46.621559383347631,1693.5 11.832497594878078,46.621455196291208,1694.9400000000001 11.832423750311136,46.621406245976686,1695.9000000000001 11.832224680110812,46.621362660080194,1697.8299999999999 11.83204036206007,46.621358972042799,1699.27 11.832025106996298,46.621331227943301,1699.75 11.832026951014996,46.621305495500565,1699.75 11.831972552463412,46.621308177709579,1700.23 11.831979090347886,46.621283115819097,1700.23 11.831955704838037,46.621292335912585,1700.23 11.831833412870765,46.621290408074856,1701.1900000000001 11.831710366532207,46.621271464973688,1702.1500000000001 11.831552367657423,46.621217569336295,1704.0699999999999 11.83144323527813,46.621193429455161,1706 11.831304430961609,46.621136516332626,1706 11.831273669376969,46.621125284582376,1706.96 11.831104690209031,46.621089661493897,1708.4000000000001 11.831059847027063,46.621074071153998,1708.4000000000001 11.83088131248951,46.621105000376701,1709.8399999999999 11.830895813181996,46.621230896562338,1711.76 11.830903356894851,46.621237015351653,1711.76 11.831005280837417,46.621315805241466,1713.21 11.831019865348935,46.621321002021432,1713.21 11.831177864223719,46.621371377259493,1714.6500000000001 11.83122094720602,46.621465589851141,1715.6099999999999 11.831182222813368,46.621487382799387,1716.0899999999999 11.831098403781652,46.621481934562325,1716.5699999999999 11.831034198403358,46.621453855186701,1717.05 11.83094241656363,46.621443461626768,1718.01 11.830787854269147,46.621391829103231,1718.97 11.830611666664481,46.621330892667174,1720.9000000000001 11.830460540950298,46.62126375362277,1722.8199999999999 11.830353671684861,46.62121488712728,1723.78 11.830223752185702,46.621149675920606,1725.7 11.830056449398398,46.621067952364683,1727.1500000000001 11.82998470030725,46.621029647067189,1728.5899999999999 11.829890152439475,46.620989162474871,1729.55 11.829808596521616,46.620956305414438,1730.51 11.829716730862856,46.620893022045493,1732.4300000000001 11.829573484137654,46.620812471956015,1733.8800000000001 11.829463429749012,46.620730832219124,1735.3199999999999 11.82937047444284,46.620649611577392,1737.24 11.829279530793428,46.620566379278898,1738.6800000000001 11.829239213839173,46.620529247447848,1739.1600000000001 11.829249188303947,46.620498234406114,1739.1600000000001 11.829234436154366,46.620476441457868,1739.6400000000001 11.82903335429728,46.620421791449189,1741.5699999999999 11.82886915281415,46.620377283543348,1743.49 11.828688187524676,46.620306540280581,1745.8900000000001 11.828559106215835,46.620239652693272,1747.8099999999999 11.82840739376843,46.620178045704961,1749.74 11.82822466827929,46.620122725144029,1751.6600000000001 11.828090557828546,46.620079558342695,1753.0999999999999 11.827963823452592,46.620070757344365,1754.0599999999999 11.828036243095994,46.620058687403798,1754.54 11.827956615015864,46.620055167004466,1754.54 11.827759556472301,46.62001384422183,1756.47 11.827618153765798,46.619982328265905,1757.9100000000001 11.8274609092623,46.619945028796792,1759.8299999999999 11.827319171279669,46.61990680731833,1761.27 11.827208111062646,46.61984084174037,1762.71 11.827172404155135,46.619829693809152,1763.6800000000001 11.827062349766493,46.619763309136033,1764.6400000000001 11.826946847140789,46.619722489267588,1766.0799999999999 11.826802343130112,46.619670437648892,1767.52 11.826666388660669,46.619606902822852,1769.9200000000001 11.826629256829619,46.619590222835541,1769.9200000000001 11.826477041468024,46.619553258642554,1771.3699999999999 11.826531859114766,46.619530124589801,1771.3699999999999 11.826545940712094,46.619536746293306,1771.3699999999999 11.826467486098409,46.619533812627196,1771.8499999999999 11.826349971815944,46.619539260864258,1772.3299999999999 11.826205803081393,46.619516965001822,1773.29 11.82603606954217,46.619495842605829,1774.73 11.825876729562879,46.619475390762091,1776.6500000000001 11.825711354613304,46.619375729933381,1777.6099999999999 11.825668103992939,46.619300041347742,1779.0599999999999 11.825595600530505,46.619213037192822,1780.02 11.825500214472413,46.619126703590155,1781.9400000000001 11.825319584459066,46.618991754949093,1783.3800000000001 11.82517021894455,46.618938781321049,1784.8199999999999 11.825144654139876,46.618942469358444,1784.3399999999999 11.825106013566256,46.618961915373802,1784.8199999999999 11.82494692504406,46.618918245658278,1786.27 11.824768641963601,46.618888908997178,1788.1900000000001 11.824626568704844,46.618864350020885,1789.6300000000001 11.824419116601348,46.618833839893341,1791.55 11.824230020865798,46.618814980611205,1793.48 11.824079062789679,46.618799474090338,1794.9200000000001 11.823927937075496,46.618767790496349,1796.8399999999999 11.823835819959641,46.618731580674648,1798.28 11.823821319267154,46.618685144931078,1798.28 11.823707912117243,46.618694951757789,1799.24 11.823717886582017,46.618668464943767,1799.73 11.823733812198043,46.618637703359127,1799.73 11.823734566569328,46.618654886260629,1799.73 11.823720233514905,46.618704423308372,1799.73 11.823662398383021,46.61873945966363,1800.6900000000001 11.823559300974011,46.618761839345098,1801.1700000000001 11.823527617380023,46.618772400543094,1801.1700000000001 11.8234683573246,46.618790337815881,1802.1300000000001 11.823305413126945,46.618835180997849,1803.5699999999999 11.823264844715595,46.618846328929067,1804.05 11.823086645454168,46.61888019181788,1805.97 11.82293769903481,46.618876419961452,1806.9400000000001 11.822743825614452,46.618811041116714,1809.3399999999999 11.822639806196094,46.618741890415549,1810.78 11.822551125660539,46.61865396425128,1812.7 11.822500750422478,46.618588082492352,1814.1500000000001 11.8224823102355,46.618575258180499,1814.1500000000001 11.822432605549693,46.618518512696028,1814.6300000000001 11.82231861166656,46.618429580703378,1817.03 11.822242755442858,46.618361687287688,1818.47 11.822107387706637,46.618289770558476,1820.3900000000001 11.821998087689281,46.618253141641617,1821.8399999999999 11.82181871496141,46.618162868544459,1823.76 11.821653759106994,46.618108721449971,1824.72 11.821447564288974,46.618046276271343,1827.1199999999999 11.821308089420199,46.617997074499726,1828.5599999999999 11.82116006501019,46.617948208004236,1830.49 11.821161406114697,46.617922727018595,1830.49 11.820994857698679,46.617890121415257,1831.9300000000001 11.82083367370069,46.617849133908749,1833.3699999999999 11.820681458339095,46.617787359282374,1834.8099999999999 11.820567464455962,46.617709742859006,1836.26 11.82048138231039,46.617733715102077,1836.74 11.820478951558471,46.617739163339138,1837.22 11.820477358996868,46.617732206359506,1837.22 11.820429498329759,46.617645621299744,1837.22 11.820288095623255,46.61758191883564,1838.1800000000001 11.820041500031948,46.617554426193237,1839.1400000000001 11.819766908884048,46.617536069825292,1840.5799999999999 11.819525677710772,46.617517797276378,1842.02 11.819477649405599,46.617517713457346,1842.5 11.819384275004268,46.617498267441988,1842.98 11.819391399621964,46.617507487535477,1842.98 11.819210182875395,46.617479743435979,1842.98 11.818993343040347,46.617408161982894,1844.4300000000001 11.818810030817986,46.617364156991243,1845.3900000000001 11.818563183769584,46.61733565852046,1846.3499999999999 11.818434521555901,46.617299197241664,1846.8299999999999 11.818392025306821,46.617268938571215,1847.3099999999999 11.818362101912498,46.617290060967207,1847.3099999999999 11.818330250680447,46.617285702377558,1847.79 11.81826931424439,46.617274470627308,1847.79 11.818121457472444,46.617209175601602,1848.27 11.818113746121526,46.617193669080734,1848.75 11.818112321197987,46.617202302441001,1848.75 11.818040572106838,46.617182437330484,1848.75 11.818048534914851,46.617218814790249,1848.75 11.817863881587982,46.617212276905775,1849.23 11.817659698426723,46.617243541404605,1850.1900000000001 11.81764000095427,46.617234321311116,1850.1900000000001 11.817485941573977,46.617274638265371,1851.6400000000001 11.817459538578987,46.617283942177892,1852.1199999999999 11.817338336259127,46.617322666570544,1853.5599999999999 11.817317130044103,46.617330964654684,1853.5599999999999 11.817140355706215,46.617383435368538,1855 11.817112946882844,46.617390224710107,1855.48 11.817082101479173,46.617396092042327,1855.96 11.816967688500881,46.617447976022959,1856.4400000000001 11.816858137026429,46.617460381239653,1857.8900000000001 11.816758643835783,46.617485946044326,1858.3699999999999 11.816639201715589,46.617513690143824,1859.3299999999999 11.816454296931624,46.617526765912771,1860.77 11.816275091841817,46.617540763691068,1861.73 11.816218430176377,46.617550319060683,1862.21 11.816111309453845,46.617569345980883,1863.6500000000001 11.8159771990031,46.617661211639643,1865.5799999999999 11.815985916182399,46.617776630446315,1867.98 11.816038638353348,46.617860617116094,1868.9400000000001 11.816058252006769,46.617897329851985,1869.4200000000001 11.816063616424799,46.617877297103405,1869.4200000000001 11.816120948642492,46.617918284609914,1870.3800000000001 11.816127486526966,46.617924571037292,1870.3800000000001 11.816209210082889,46.617990033701062,1871.3399999999999 11.816294370219111,46.618055077269673,1872.79 11.816401239484549,46.61812674254179,1874.23 11.816483633592725,46.618190361186862,1875.6700000000001 11.816547084599733,46.618258086964488,1877.1099999999999 11.816640123724937,46.618331596255302,1878.0699999999999 11.816730899736285,46.61841306835413,1879.03 11.816821340471506,46.618485236540437,1880.96 11.816870290786028,46.618588250130415,1882.4000000000001 11.816885126754642,46.618694784119725,1883.3599999999999 11.81687381118536,46.618800144642591,1884.8 11.816866518929601,46.618915563449264,1886.72 11.816899040713906,46.619031233713031,1888.1700000000001 11.816966766491532,46.619128882884979,1889.6099999999999 11.817028876394033,46.619231561198831,1891.05 11.817074893042445,46.619369946420193,1892.97 11.81707950308919,46.61948905326426,1893.9300000000001 11.817090902477503,46.619608160108328,1895.3800000000001 11.817134572193027,46.619718046858907,1897.3 11.817203052341938,46.619832795113325,1898.74 11.817123340442777,46.61989264190197,1899.7 11.81708394549787,46.619880991056561,1900.1800000000001 11.816988559439778,46.619811253622174,1902.1099999999999 11.816901471465826,46.619776552543044,1903.0699999999999 11.816769791767001,46.619742438197136,1904.03 11.816554795950651,46.619718465954065,1905.47 11.816419679671526,46.619699858129025,1906.9100000000001 11.816299399361014,46.619661552831531,1907.8699999999999 11.816260004416108,46.619624672457576,1908.3499999999999 11.816289257258177,46.61960044875741,1908.3499999999999 11.81632412597537,46.619580499827862,1908.3499999999999 11.81636075489223,46.619558623060584,1908.8299999999999 11.816258830949664,46.61956281401217,1908.8299999999999 11.816146932542324,46.619580248370767,1909.3199999999999 11.816009217873216,46.619564909487963,1910.28 11.815916262567043,46.619534734636545,1911.24 11.815836802124977,46.619500704109669,1913.1600000000001 11.81572213768959,46.619452927261591,1914.5999999999999 11.815622393041849,46.619392326101661,1915.5599999999999 11.815472859889269,46.619312027469277,1917.01 11.815315028652549,46.619254527613521,1918.45 11.815188881009817,46.619216725230217,1919.8900000000001 11.815027948468924,46.619168696925044,1921.3299999999999 11.814929461106658,46.61909619346261,1922.77 11.814797278493643,46.619017822667956,1924.22 11.814650427550077,46.618959400802851,1925.6600000000001 11.814568703994155,46.618925118818879,1926.1400000000001 11.814398299902678,46.618848340585828,1927.5799999999999 11.814366029575467,46.618840042501688,1928.0599999999999 11.814202414825559,46.618790170177817,1929.02 11.81401340290904,46.618755636736751,1930.95 11.813869569450617,46.618723282590508,1931.4300000000001 11.813762532547116,46.618720348924398,1931.9100000000001 11.813603192567825,46.618739543482661,1933.3499999999999 11.813639486208558,46.618661927059293,1933.8299999999999 11.813727831467986,46.618609959259629,1933.8299999999999 11.813720371574163,46.618595207110047,1933.8299999999999 11.813739482313395,46.618601661175489,1933.8299999999999 11.81372263468802,46.618618005886674,1934.3099999999999 11.813729675486684,46.61863787099719,1934.3099999999999 11.813722802326083,46.61865103058517,1934.3099999999999 11.813722299411893,46.618675170466304,1934.3099999999999 11.813724730163813,46.618800396099687,1934.3099999999999 11.813803855329752,46.618883041664958,1935.75 11.813925644382834,46.61897205747664,1937.1900000000001 11.813962021842599,46.618994269520044,1937.6700000000001 11.814035279676318,46.619065934792161,1938.1600000000001 11.814083643257618,46.619169199839234,1939.1199999999999 11.81408422999084,46.619201134890318,1939.1199999999999 11.814103843644261,46.619253102689981,1940.0799999999999 11.81411792524159,46.61928235553205,1940.0799999999999 11.814123876392841,46.61930481903255,1940.0799999999999 11.814221777021885,46.619423171505332,1941.52 11.814333256334066,46.619513025507331,1942.96 11.814446495845914,46.619610087946057,1943.9200000000001 11.814571134746075,46.619687536731362,1944.8800000000001 11.814737096428871,46.619785353541374,1945.8499999999999 11.814888305962086,46.61987503990531,1947.29 11.815015627071261,46.619971850886941,1949.21 11.815050914883614,46.620004875585437,1949.21 11.815180582925677,46.620120881125331,1949.6900000000001 11.815190305933356,46.620130185037851,1949.6900000000001 11.815333133563399,46.620245603844523,1951.6099999999999 11.815388202667236,46.620301259681582,1952.0899999999999 11.815419802442193,46.620325734838843,1952.0899999999999 11.815447211265564,46.620391700416803,1953.54 11.81543380022049,46.620415756478906,1954.02 11.815439164638519,46.620395053178072,1954.02 11.815514685586095,46.620396478101611,1954.5 11.815581154078245,46.620470574125648,1955.46 11.815572520717978,46.620508879423141,1955.9400000000001 11.815588278695941,46.620521452277899,1955.9400000000001 11.815575622022152,46.620496055111289,1955.9400000000001 11.815612837672234,46.620529498904943,1955.9400000000001 11.81567913852632,46.620581718161702,1956.4200000000001 11.815731944516301,46.620608875527978,1957.3800000000001 11.81577050127089,46.620634691789746,1957.3800000000001 11.815820457413793,46.620657742023468,1957.8599999999999 11.8159996625036,46.620771232992411,1959.3 11.81613938882947,46.62087676115334,1961.23 11.816250449046493,46.62099938839674,1962.1900000000001 11.816257322207093,46.621020091697574,1962.1900000000001 11.816268973052502,46.621053284034133,1962.6700000000001 11.816308787092566,46.621217150241137,1963.6300000000001 11.816188925877213,46.621335251256824,1964.5899999999999 11.816145591437817,46.621350422501564,1965.55 11.816152632236481,46.621333071961999,1965.0699999999999 11.816152883693576,46.621323432773352,1965.55 11.816160678863525,46.621307423338294,1965.55 11.816083816811442,46.621340783312917,1966.03 11.816071830689907,46.621307004243135,1966.03 11.81608465500176,46.621294096112251,1966.03 11.816059844568372,46.621286133304238,1966.51 11.815970661118627,46.621316643431783,1966.51 11.815946688875556,46.621285798028111,1967.48 11.8159219622612,46.621314883232117,1967.48 11.815902935341001,46.621309854090214,1967.48 11.815897570922971,46.621302394196391,1967.48 11.815847530961037,46.621283367276192,1968.4400000000001 11.815827414393425,46.621272386983037,1968.4400000000001 11.815781313925982,46.621254030615091,1969.4000000000001 11.815630942583084,46.62120658904314,1970.8399999999999 11.815454000607133,46.621176078915596,1972.28 11.815336821600795,46.621157471090555,1974.2 11.815140768885612,46.621138947084546,1976.1300000000001 11.814953684806824,46.621110700070858,1978.05 11.814773473888636,46.621084129437804,1979.97 11.814652774482965,46.621050266548991,1981.4100000000001 11.814512126147747,46.621031323447824,1983.3399999999999 11.81444339454174,46.621011709794402,1983.8199999999999 11.814290676265955,46.620946247130632,1986.7 11.814199816435575,46.620902074500918,1988.6199999999999 11.814092947170138,46.620866702869534,1990.55 11.81406126357615,46.620875587686896,1991.51 11.814095210283995,46.620892267674208,1991.99 11.814125049859285,46.620912300422788,1991.99 11.814088923856616,46.620919676497579,1992.47 11.81393176317215,46.620877180248499,1993.9100000000001 11.813800670206547,46.620857818052173,1996.3199999999999 11.813719784840941,46.620841221883893,1997.76 11.8135941401124,46.620829990133643,2000.6400000000001 11.813467657193542,46.620813813060522,2003.04 11.813391046598554,46.620806101709604,2004.97 11.813328433781862,46.620811466127634,2006.4100000000001 11.813234472647309,46.62081808783114,2008.8099999999999 11.813139421865344,46.620860416442156,2011.22 11.813044873997569,46.62087089382112,2012.6600000000001 11.812978405505419,46.620869217440486,2013.6199999999999 11.812960719689727,46.62082688882947,2014.5799999999999 11.81292518042028,46.620798977091908,2014.5799999999999 11.812929790467024,46.620788499712944,2014.5799999999999 11.812943201512098,46.620796881616116,2014.5799999999999 11.812936747446656,46.62080199457705,2014.5799999999999 11.81297262199223,46.620802665129304,2015.0599999999999 11.812990978360176,46.620802916586399,2015.0599999999999 11.812972957268357,46.620819345116615,2015.0599999999999 11.812947979196906,46.620826134458184,2015.0599999999999 11.812946554273367,46.620827140286565,2015.54 11.812938591465354,46.620835606008768,2015.54 11.81295108050108,46.620820434764028,2015.54 11.812945464625955,46.620802916586399,2015.54 11.812953846529126,46.620795875787735,2016.02 11.812962396070361,46.620794618502259,2016.5 11.812943369150162,46.620799731463194,2016.5 11.812926605343819,46.620782464742661,2016.98 11.812961809337139,46.620767209678888,2016.98 11.812981674447656,46.620798474177718,2016.98 11.812950409948826,46.620823284611106,2017.46 11.812950074672699,46.620809035375714,2017.46 11.812955774366856,46.620813896879554,2016.02 11.812979578971863,46.620884891599417,2016.02 11.812937334179878,46.620899392291903,2016.02 11.812955187633634,46.620863769203424,2016.5 11.812968598678708,46.620827224105597,2016.5 11.812966084107757,46.62082982249558,2016.5 11.812924928963184,46.620847005397081,2017.46 11.812914367765188,46.620848597958684,2017.46 11.812811773270369,46.620879946276546,2019.8699999999999 11.812687637284398,46.620904421433806,2021.79 11.8125787563622,46.620914563536644,2023.23 11.812437269836664,46.620926801115274,2025.6400000000001 11.812292346730828,46.620920514687896,2027.0799999999999 11.812180113047361,46.620912216603756,2028.52 11.812040386721492,46.620916994288564,2029.96 11.811972241848707,46.620887070894241,2031.4000000000001 11.811945922672749,46.62089578807354,2031.4000000000001 11.811789097264409,46.62092562764883,2033.8099999999999 11.811648951843381,46.620941888540983,2035.73 11.811537640169263,46.620938032865524,2037.6500000000001 11.811485001817346,46.620943313464522,2038.1300000000001 11.81133521720767,46.620950102806091,2040.54 11.811170596629381,46.620963094756007,2041.98 11.811029026284814,46.620977176353335,2044.3800000000001 11.810988709330559,46.620958484709263,2044.8599999999999 11.810907069593668,46.620979271829128,2045.8199999999999 11.810745298862457,46.621006680652499,2048.71 11.810625102370977,46.621026126667857,2051.1100000000001 11.810513287782669,46.621037945151329,2053.0300000000002 11.810405245050788,46.621044483035803,2054.96 11.810293765738606,46.621045488864183,2056.4000000000001 11.81028756313026,46.621040124446154,2057.3600000000001 11.810313295572996,46.621016236022115,2057.3600000000001 11.810294771566987,46.621020929887891,2057.3600000000001 11.810288736596704,46.621022522449493,2057.3600000000001 11.810159990563989,46.621030988171697,2058.3200000000002 11.810002746060491,46.621043980121613,2060.2399999999998 11.809863187372684,46.621058648452163,2061.6799999999998 11.809722455218434,46.621069125831127,2064.0900000000001 11.809577532112598,46.621069209650159,2066.0100000000002 11.809414085000753,46.621066862717271,2068.4099999999999 11.809301851317286,46.62106242030859,2069.8600000000001 11.809166902676225,46.621045656502247,2071.7800000000002 11.809053830802441,46.621030317619443,2073.2199999999998 11.808925168588758,46.62102771922946,2075.1399999999999 11.808794913813472,46.621029898524284,2077.5500000000002 11.80864236317575,46.621073484420776,2079.4699999999998 11.80851730518043,46.621145401149988,2081.8699999999999 11.808422841131687,46.621198374778032,2084.2800000000002 11.808425523340702,46.621209606528282,2084.2800000000002 11.808428792282939,46.621201308444142,2084.2800000000002 11.808440191671252,46.621175324544311,2084.2800000000002 11.808447986841202,46.62117674946785,2084.7600000000002 11.808444298803806,46.621178425848484,2084.7600000000002 11.808434072881937,46.621181527152658,2084.7600000000002 11.808416973799467,46.62118555046618,2084.7600000000002 11.808413956314325,46.621188567951322,2084.7600000000002 11.808423092588782,46.621189909055829,2084.7600000000002 11.808400293812156,46.621194770559669,2085.2399999999998 11.80835553444922,46.621205499395728,2085.7199999999998 11.808210192248225,46.621246319264174,2087.1599999999999 11.808043560013175,46.62128965370357,2089.0799999999999 11.807876424863935,46.621301639825106,2091.9699999999998 11.807708283886313,46.621327539905906,2093.4099999999999 11.807525977492332,46.621342040598392,2096.29 11.807392369955778,46.621308093890548,2098.21 11.807333277538419,46.621311362832785,2098.21 11.807129848748446,46.621274817734957,2101.0999999999999 11.80714569054544,46.621283032000065,2101.0999999999999 11.807009149342775,46.621280936524272,2102.54 11.806814102455974,46.621279679238796,2103.98 11.806640680879354,46.621299711987376,2105.4200000000001 11.806556778028607,46.621337682008743,2106.8699999999999 11.806521154940128,46.621358385309577,2107.3499999999999 11.806498020887375,46.62137221544981,2107.8299999999999 11.806467091664672,46.621393002569675,2107.8299999999999 11.806392325088382,46.621433403342962,2109.27 11.806278415024281,46.621513282880187,2111.1900000000001 11.806267853826284,46.621519904583693,2111.1900000000001 11.806138353422284,46.621621493250132,2113.1199999999999 11.806033914908767,46.621676227077842,2115.04 11.806002818048,46.62167270667851,2115.52 11.805987898260355,46.621678993105888,2115.52 11.805870803073049,46.621737750247121,2117.4400000000001 11.805774075910449,46.621779575943947,2118.4000000000001 11.805634014308453,46.621825927868485,2120.3200000000002 11.805475763976574,46.621867166832089,2122.73 11.805352549999952,46.621891809627414,2124.1700000000001 11.805322878062725,46.621896922588348,2124.6500000000001 11.805243501439691,46.621917122974992,2125.6100000000001 11.805144846439362,46.621943777427077,2126.5700000000002 11.80505096912384,46.62197663448751,2128.5 11.804943094030023,46.622006138786674,2130.4200000000001 11.80484184063971,46.62204653955996,2131.8600000000001 11.804808480665088,46.622064812108874,2132.8200000000002 11.804714854806662,46.622132873162627,2133.7800000000002 11.804616618901491,46.622197832912207,2136.1900000000001 11.80460630916059,46.622202359139919,2136.1900000000001 11.804550318047404,46.622234042733908,2137.1500000000001 11.804413190111518,46.622283412143588,2139.5500000000002 11.8043761420995,46.622287770733237,2140.5100000000002 11.804241947829723,46.622287100180984,2141.4699999999998 11.804173467680812,46.622325321659446,2142.9200000000001 11.804107083007693,46.62238759920001,2143.4000000000001 11.804130971431732,46.622386341914535,2143.4000000000001 11.804122589528561,46.622377373278141,2143.4000000000001 11.804122924804688,46.622380306944251,2143.8800000000001 11.804116638377309,46.622383575886488,2143.8800000000001 11.804112447425723,46.622371757403016,2143.8800000000001 11.804116722196341,46.62237930111587,2143.8800000000001 11.8041274510324,46.622383072972298,2144.3600000000001 11.804125690832734,46.622385084629059,2144.3600000000001 11.80412937887013,46.622391706332564,2144.3600000000001 11.804134408012033,46.622387263923883,2144.8400000000001 11.804143711924553,46.622391706332564,2144.8400000000001 11.80413524620235,46.622389862313867,2144.8400000000001 11.804133066907525,46.622388856485486,2143.8800000000001 11.80413038469851,46.622379217296839,2143.8800000000001 11.804131809622049,46.622378965839744,2144.3600000000001 11.804137257859111,46.622386844828725,2144.3600000000001 11.804149579256773,46.622393382713199,2144.3600000000001 11.80414111353457,46.622392628341913,2145.8000000000002 11.804128875955939,46.622367314994335,2145.8000000000002 11.804051510989666,46.622246699407697,2145.8000000000002 11.803847495466471,46.622175117954612,2146.7600000000002 11.803656723350286,46.622151313349605,2147.7199999999998 11.803550440818071,46.62216430529952,2148.1999999999998 11.803347514942288,46.622197162359953,2149.1599999999999 11.803135285153985,46.622232114896178,2150.1300000000001 11.802917942404747,46.622270755469799,2151.5700000000002 11.802775198593736,46.62232113070786,2152.5300000000002 11.802563304081559,46.622376451268792,2154.4499999999998 11.802461547777057,46.622389610856771,2155.4099999999999 11.802256945520639,46.622439734637737,2157.3400000000001 11.802093079313636,46.622496647760272,2158.7800000000002 11.801916640251875,46.622542245313525,2160.2199999999998 11.801846986636519,46.622552052140236,2161.1799999999998 11.801717486232519,46.622559763491154,2162.1399999999999 11.801644898951054,46.622558841481805,2162.6199999999999 11.801472650840878,46.62253906019032,2164.5500000000002 11.801311215385795,46.622508550062776,2166.9499999999998 11.801234604790807,46.622488684952259,2167.9099999999999 11.801033606752753,46.622493294999003,2170.3099999999999 11.800918858498335,46.622502682730556,2171.27 11.80088491179049,46.622504778206348,2171.27 11.80085901170969,46.622508801519871,2171.7600000000002 11.800664803013206,46.622539898380637,2173.6799999999998 11.80047981441021,46.622581807896495,2175.5999999999999 11.800315361469984,46.622600667178631,2176.5599999999999 11.800276134163141,46.622587256133556,2177.04 11.800253838300705,46.622604187577963,2177.04 11.800258532166481,46.622610054910183,2177.52 11.800251491367817,46.622615670785308,2178 11.800181334838271,46.622584573924541,2178.48 11.800153087824583,46.622579041868448,2178.48 11.799889225512743,46.622487846761942,2180.4099999999999 11.799707841128111,46.622367734089494,2182.8099999999999 11.799519583582878,46.622254494577646,2185.6900000000001 11.799357561394572,46.622170340269804,2188.0999999999999 11.799177518114448,46.622108398005366,2190.98 11.799174332991242,46.622114349156618,2191.46 11.799162346869707,46.622111750766635,2191.46 11.798954475671053,46.622131196781993,2193.3899999999999 11.798732941970229,46.622156677767634,2195.3099999999999 11.798608805984259,46.622124072164297,2197.23 11.798586761578918,46.622099094092846,2197.71 11.79851358756423,46.622012760490179,2199.6300000000001 11.79841099306941,46.621923912316561,2201.5599999999999 11.798249306157231,46.621901784092188,2203.96 11.798107149079442,46.621892396360636,2205.4000000000001 11.79795166477561,46.62190337665379,2207.3200000000002 11.797925597056746,46.621907148510218,2207.8099999999999 11.79784320294857,46.621912177652121,2208.77 11.797685958445072,46.621957272291183,2211.1700000000001 11.797610018402338,46.621987614780664,2212.6100000000001 11.797628039494157,46.621982585638762,2213.0900000000001 11.79756467230618,46.622017370536923,2213.0900000000001 11.797455288469791,46.622052155435085,2215.0100000000002 11.797444559633732,46.622059196233749,2215.0100000000002 11.797345485538244,46.622090125456452,2216.46 11.79722998291254,46.622130945324898,2218.3800000000001 11.797084137797356,46.622182661667466,2220.3000000000002 11.797074247151613,46.62218333221972,2220.7800000000002 11.797044659033418,46.622202359139919,2220.7800000000002 11.796946171671152,46.622234294191003,2221.7399999999998 11.796913063153625,46.622255248948932,2222.2199999999998 11.796748023480177,46.622317777946591,2224.6300000000001 11.796650877222419,46.622368488460779,2226.0700000000002 11.796586001291871,46.622388018295169,2227.0300000000002 11.796517772600055,46.622406793758273,2227.9899999999998 11.796441497281194,46.622399836778641,2229.4299999999998 11.796449543908238,46.622410817071795,2229.9200000000001 11.796442251652479,46.62241006270051,2229.9200000000001 11.796454740688205,46.622415091842413,2229.9200000000001 11.796435210853815,46.622401094064116,2229.9200000000001 11.796414256095886,46.622412325814366,2230.8800000000001 11.796353906393051,46.622485499829054,2232.3200000000002 11.796399671584368,46.62253025919199,2233.2800000000002 11.796457087621093,46.62258205935359,2234.7199999999998 11.796536464244127,46.622646432369947,2236.1599999999999 11.796581642702222,46.622685911133885,2237.1300000000001 11.796661438420415,46.622762102633715,2239.0500000000002 11.79672128520906,46.622818429023027,2240.4899999999998 11.796840811148286,46.622902080416679,2242.4099999999999 11.796917673200369,46.622951785102487,2243.8499999999999 11.796927060931921,46.622960418462753,2243.8499999999999 11.796963103115559,46.622975841164589,2244.8200000000002 11.797044491395354,46.623045075684786,2246.7399999999998 11.797120850533247,46.623134510591626,2248.6599999999999 11.79717818275094,46.623208690434694,2250.0999999999999 11.797199891880155,46.6232377756387,2250.5799999999999 11.797227468341589,46.623254120349884,2251.54 11.797321680933237,46.623343136161566,2252.9899999999998 11.797340959310532,46.623377753421664,2253.9499999999998 11.797379264608026,46.623431984335184,2254.9099999999999 11.797434501349926,46.623537512496114,2257.3099999999999 11.797457635402679,46.623649327084422,2259.7199999999998 11.797465430572629,46.623744545504451,2261.1599999999999 11.797471800819039,46.623855689540505,2263.0799999999999 11.797463586553931,46.623929617926478,2264.52 11.797439698129892,46.624063225463033,2266.4499999999998 11.797462664544582,46.624179231002927,2268.3699999999999 11.797468364238739,46.624186858534813,2268.3699999999999 11.797502897679806,46.624233797192574,2269.3299999999999 11.797501724213362,46.624227929860353,2269.3299999999999 11.797511782497168,46.624227343127131,2269.3299999999999 11.797517482191324,46.624217787757516,2269.8099999999999 11.79750700481236,46.624216698110104,2269.8099999999999 11.797522343695164,46.624228768050671,2269.8099999999999 11.797572132200003,46.624279981479049,2270.77 11.79775083437562,46.624353490769863,2273.1700000000001 11.797778913751245,46.624360280111432,2273.1700000000001 11.797932470217347,46.624393472447991,2275.0999999999999 11.797959040850401,46.624400094151497,2275.5799999999999 11.798004135489464,46.624401854351163,2276.0599999999999 11.798066664487123,46.624427419155836,2277.02 11.798087451606989,46.624463964253664,2277.5 11.798035902902484,46.624512998387218,2277.98 11.797878239303827,46.624582232907414,2280.3800000000001 11.797716887667775,46.624613245949149,2282.3099999999999 11.797652514651418,46.624620202928782,2283.27 11.797549584880471,46.624634452164173,2283.75 11.797388736158609,46.62464995868504,2285.6700000000001 11.797373984009027,46.624639481306076,2285.6700000000001 11.797370044514537,46.624653227627277,2285.6700000000001 11.797425616532564,46.624665465205908,2285.6700000000001 11.797495186328888,46.624738471582532,2286.1500000000001 11.797597445547581,46.624788595363498,2287.5900000000001 11.797722838819027,46.624791948124766,2290 11.797683192417026,46.624838719144464,2291.4400000000001 11.797602055594325,46.624888340011239,2292.4000000000001 11.79755100980401,46.624930836260319,2293.8400000000001 11.797494599595666,46.624973751604557,2296.25 11.797450007870793,46.624997556209564,2297.6900000000001 11.797437099739909,46.625009374693036,2299.1300000000001 11.797413378953934,46.625015242025256,2299.1300000000001 11.797391166910529,46.625009709969163,2299.6100000000001 11.797390747815371,46.62501691840589,2299.6100000000001 11.797375408932567,46.625046338886023,2300.5700000000002 11.797320591285825,46.625070478767157,2302.0100000000002 11.797265522181988,46.625107694417238,2303.9400000000001 11.797202154994011,46.625136025249958,2306.3400000000001 11.797152366489172,46.625159997493029,2307.3000000000002 11.797096626833081,46.625188998878002,2309.6999999999998 11.797045581042767,46.625217832624912,2311.1500000000001 11.797004844993353,46.625236943364143,2312.5900000000001 11.796955810859799,46.625262005254626,2314.0300000000002 11.796925971284509,46.625265358015895,2314.9899999999998 11.796872997656465,46.625308943912387,2315.9499999999998 11.796782808378339,46.625327300280333,2318.3600000000001 11.796820610761642,46.625331994146109,2319.3200000000002 11.796889174729586,46.625329898670316,2320.7600000000002 11.796929156407714,46.625369042158127,2322.1999999999998 11.79698321968317,46.625370969995856,2323.6399999999999 11.796999061480165,46.625369377434254,2323.1599999999999 11.797122359275818,46.625380022451282,2323.6399999999999 11.797221852466464,46.625398378819227,2325.5700000000002 11.797298630699515,46.625416064634919,2327.0100000000002 11.797373397275805,46.625438192859292,2328.4499999999998 11.797457551583648,46.625458309426904,2329.8899999999999 11.79746643640101,46.625470798462629,2330.3699999999999 11.797494683414698,46.625477755442262,2330.8499999999999 11.797562660649419,46.625501057133079,2331.3299999999999 11.797601133584976,46.625527460128069,2333.2600000000002 11.797673385590315,46.625537183135748,2334.2199999999998 11.797729125246406,46.625563334673643,2336.6199999999999 11.797796851024032,46.625583870336413,2338.0599999999999 11.797845717519522,46.62560130469501,2339.02 11.797842616215348,46.625635083764791,2339.9899999999998 11.797861810773611,46.625668192282319,2341.4299999999998 11.797926183789968,46.625696523115039,2343.3499999999999 11.798016037791967,46.625703228637576,2344.3099999999999 11.798096923157573,46.625743126496673,2345.27 11.798192979767919,46.625772882252932,2346.7199999999998 11.798292137682438,46.625799452885985,2348.6399999999999 11.798381824046373,46.625809511169791,2350.0799999999999 11.798481736332178,46.625832645222545,2351.04 11.798546947538853,46.625860137864947,2352 11.79857318289578,46.625898191705346,2353.9299999999998 11.798600340262055,46.625915626063943,2354.8899999999999 11.798612661659718,46.625920236110687,2354.8899999999999 11.798609476536512,46.625933311879635,2354.8899999999999 11.798612913116813,46.625923924148083,2355.3699999999999 11.798617606982589,46.625931886956096,2355.3699999999999 11.798616433516145,46.625925851985812,2355.8499999999999 11.798605369403958,46.625932138413191,2355.8499999999999 11.798613583669066,46.625925349071622,2355.8499999999999 11.798618696630001,46.625930881127715,2356.3299999999999 11.798621714115143,46.625931467860937,2354.8899999999999 11.798599837347865,46.625929540023208,2356.8099999999999 11.798582235351205,46.625925013795495,2355.3699999999999 11.79859028197825,46.625932808965445,2355.3699999999999 11.798603609204292,46.62596432492137,2355.8499999999999 11.798603106290102,46.62596432492137,2355.8499999999999 11.798623558133841,46.625951249152422,2355.8499999999999 11.798617104068398,46.625949656590819,2357.29 11.798600256443024,46.625932641327381,2357.77 11.798617439344525,46.625928031280637,2357.77 11.798632694408298,46.62591353058815,2357.77 11.798644596710801,46.625907411798835,2357.77 11.798866298049688,46.62595359608531,2357.77 11.799038797616959,46.625979244709015,2358.25 11.799138793721795,46.626009922474623,2358.73 11.799188498407602,46.6260058991611,2359.21 11.799299726262689,46.62601419724524,2359.21 11.799402236938477,46.626029619947076,2360.1700000000001 11.799523020163178,46.626058034598827,2361.1399999999999 11.799660818651319,46.626078151166439,2363.0599999999999 11.799706248566508,46.626128945499659,2364.5 11.799815213307738,46.626166999340057,2366.9000000000001 11.799908168613911,46.62619742564857,2368.3499999999999 11.799980839714408,46.626198347657919,2369.3099999999999 11.800039345398545,46.626194156706333,2369.3099999999999 11.800136407837272,46.626190384849906,2369.79 11.800162391737103,46.626199269667268,2370.75 11.800343859940767,46.626227181404829,2372.1900000000001 11.800441173836589,46.626244029030204,2373.1500000000001 11.80052038282156,46.626263475045562,2375.0700000000002 11.800622893497348,46.626321226358414,2376.04 11.800642171874642,46.626345366239548,2376.52 11.800639908760786,46.626370595768094,2376.52 11.800788855180144,46.626493223011494,2376.52 11.800974598154426,46.626563798636198,2378.4400000000001 11.800995469093323,46.626578886061907,2378.9200000000001 11.801067385822535,46.626600008457899,2379.4000000000001 11.80109404027462,46.626610402017832,2379.4000000000001 11.801168136298656,46.626632194966078,2379.8800000000001 11.801238879561424,46.626653652638197,2380.8400000000001 11.801455216482282,46.626688186079264,2381.8000000000002 11.801648503169417,46.626715008169413,2381.8000000000002 11.801855619996786,46.626761863008142,2382.7600000000002 11.802036836743355,46.626810729503632,2383.73 11.802113279700279,46.626821625977755,2383.73 11.80232148617506,46.626877365633845,2384.6900000000001 11.802555425092578,46.626904439181089,2385.1700000000001 11.802694145590067,46.626931261271238,2385.1700000000001 11.802781820297241,46.626946767792106,2385.1700000000001 11.8028115760535,46.626953389495611,2385.1700000000001 11.802835464477539,46.626963363960385,2385.1700000000001 11.802990864962339,46.627009464427829,2385.1700000000001 11.803194796666503,46.627037962898612,2385.6500000000001 11.803208375349641,46.627039471641183,2386.1300000000001 11.803238298743963,46.627044919878244,2386.1300000000001 11.803442314267159,46.627082973718643,2386.6100000000001 11.803632248193026,46.627117339521646,2387.0900000000001 11.803839700296521,46.627138964831829,2388.0500000000002 11.803879346698523,46.627143574878573,2388.5300000000002 11.803951095789671,46.627149693667889,2388.5300000000002 11.804077159613371,46.62716050632298,2389.0100000000002 11.804322162643075,46.627199565991759,2389.4899999999998 11.804506480693817,46.62722940556705,2390.46 11.804702784866095,46.627251701429486,2390.9400000000001 11.804882660508156,46.627254132181406,2391.4200000000001 11.805087178945541,46.627285061404109,2391.9000000000001 11.805254146456718,46.627300819382071,2392.3800000000001 11.80545112118125,46.627341890707612,2392.8600000000001 11.805582717061043,46.627400564029813,2393.8200000000002 11.805729735642672,46.627446245402098,2394.3000000000002 11.805892512202263,46.627485137432814,2394.3000000000002 11.806069705635309,46.627524448558688,2394.3000000000002 11.806157883256674,46.627544481307268,2394.7800000000002 11.806385200470686,46.627574488520622,2396.2199999999998 11.806600615382195,46.627606339752674,2396.6999999999998 11.806703293696046,46.627617906779051,2396.6999999999998 11.806762889027596,46.627627462148666,2397.1799999999998 11.806913176551461,46.627657301723957,2397.6700000000001 11.806972688063979,46.627681357786059,2398.1500000000001 11.807122221216559,46.627764590084553,2398.6300000000001 11.807273682206869,46.627831310033798,2399.5900000000001 11.807461185380816,46.62786852568388,2400.5500000000002 11.807629493996501,46.627903645858169,2401.0300000000002 11.807738710194826,46.627927450463176,2401.5100000000002 11.807980863377452,46.627992745488882,2401.5100000000002 11.808164678514004,46.628032475709915,2403.9099999999999 11.808344218879938,46.628080671653152,2404.8800000000001 11.808570194989443,46.628149738535285,2405.8400000000001 11.808751411736012,46.628213692456484,2406.3200000000002 11.808951152488589,46.628292230889201,2407.7600000000002 11.809137314558029,46.62836741656065,2407.7600000000002 11.809350466355681,46.628435561433434,2407.7600000000002 11.809553559869528,46.628498760983348,2409.1999999999998 11.809649700298905,46.628574952483177,2409.1999999999998 11.809718012809753,46.628597918897867,2409.1999999999998 11.809914736077189,46.628584172576666,2409.6799999999998 11.809895457699895,46.628575203940272,2409.6799999999998 11.810009703040123,46.62858878262341,2410.1599999999999 11.810225956141949,46.628638654947281,2411.5999999999999 11.81041756644845,46.628680313006043,2411.5999999999999 11.810503732413054,46.628700345754623,2412.5700000000002 11.810712441802025,46.628789696842432,2414.0100000000002 11.810724176466465,46.628814591094851,2414.9699999999998 11.810725769028068,46.628805622458458,2414.9699999999998 11.810739766806364,46.628780392929912,2414.9699999999998 11.810726774856448,46.628786092624068,2414.9699999999998 11.810707915574312,46.628756839782,2414.0100000000002 11.810706490650773,46.628754660487175,2414.0100000000002 11.810711268335581,46.628738064318895,2413.5300000000002 11.81072149425745,46.628750301897526,2413.5300000000002 11.810712525621057,46.628741752356291,2413.5300000000002 11.810712022706866,46.62874854169786,2413.5300000000002 11.810707999393344,46.62874661386013,2413.5300000000002 11.810718309134245,46.628750134259462,2413.5300000000002 11.810723086819053,46.628751810640097,2413.5300000000002 11.810713782906532,46.628752732649446,2414.0100000000002 11.810720907524228,46.628751894459128,2414.0100000000002 11.810733815655112,46.628807885572314,2415.4499999999998 11.810720153152943,46.628823895007372,2415.9299999999998 11.810717219486833,46.628814088180661,2415.9299999999998 11.8107033893466,46.62882624194026,2415.9299999999998 11.810721410438418,46.628802688792348,2415.9299999999998 11.810706490650773,46.628751056268811,2414.9699999999998 11.810704143717885,46.62874954752624,2414.9699999999998 11.810699785128236,46.628738818690181,2414.4899999999998 11.810698276385665,46.628735717386007,2414.4899999999998 11.810697438195348,46.628753403201699,2414.4899999999998 11.810700371861458,46.628760192543268,2414.4899999999998 11.810705065727234,46.628754995763302,2414.4899999999998 11.810697605833411,46.628748793154955,2414.4899999999998 11.810731384903193,46.628791792318225,2415.9299999999998 11.810727445408702,46.628818949684501,2416.4099999999999 11.810707747936249,46.62881794385612,2416.8899999999999 11.810685368254781,46.628830935806036,2416.8899999999999 11.810687799006701,46.628834204748273,2416.8899999999999 11.810710849240422,46.62883554585278,2416.8899999999999 11.810732809826732,46.628784583881497,2416.8899999999999 11.810739515349269,46.628782572224736,2416.8899999999999 11.810729540884495,46.628808388486505,2416.8899999999999 11.810714537277818,46.628813249990344,2416.8899999999999 11.810700371861458,46.628807885572314,2416.8899999999999 11.810709424316883,46.628805622458458,2416.8899999999999 11.810718309134245,46.628808220848441,2416.8899999999999 11.810714956372976,46.62880964577198,2416.8899999999999 11.810720907524228,46.628811238333583,2416.8899999999999 11.810720404610038,46.62880914285779,2416.8899999999999 11.810718644410372,46.62881693802774,2416.8899999999999 11.810721242800355,46.628821464255452,2416.8899999999999 11.810718476772308,46.628811741247773,2416.8899999999999 11.810717722401023,46.628818614408374,2417.3699999999999 11.810717806220055,46.628823643550277,2417.3699999999999 11.810694504529238,46.628808137029409,2417.3699999999999 11.810719734057784,46.628820709884167,2417.3699999999999 11.81071906350553,46.628814842551947,2417.3699999999999 11.810724092647433,46.628812327980995,2417.3699999999999 11.810697605833411,46.628822637721896,2417.3699999999999 11.810729624703526,46.628825319930911,2417.3699999999999 11.810724763199687,46.628826577216387,2417.3699999999999 11.810712274163961,46.628809310495853,2417.3699999999999 11.810672041028738,46.62883697077632,2417.3699999999999 11.810586461797357,46.628832696005702,2417.3699999999999 11.810473892837763,46.628832193091512,2415.9299999999998 11.810427121818066,46.628859266638756,2414.9699999999998 11.810364089906216,46.628893716260791,2413.5300000000002 11.810323353856802,46.628921963274479,2412.0900000000001 11.810311283916235,46.628933111205697,2411.1199999999999 11.810275660827756,46.628968482837081,2408.7199999999998 11.81022603996098,46.629004273563623,2407.2800000000002 11.810198295861483,46.629042914137244,2406.3200000000002 11.810212209820747,46.629043752327561,2406.3200000000002 11.8101473338902,46.629094043746591,2405.3600000000001 11.810120344161987,46.629108041524887,2403.4299999999998 11.810125457122922,46.629126565530896,2402.9499999999998 11.810112046077847,46.629142491146922,2401.5100000000002 11.810091091319919,46.629177443683147,2400.5500000000002 11.810047421604395,46.629193285480142,2399.1100000000001 11.810066280886531,46.629192279651761,2399.1100000000001 11.809988748282194,46.629235111176968,2397.1799999999998 11.809885399416089,46.629267046228051,2395.2600000000002 11.809854134917259,46.62928557023406,2394.3000000000002 11.809828234836459,46.629303758963943,2392.8600000000001 11.809789342805743,46.629350110888481,2390.9400000000001 11.809774590656161,46.629337118938565,2390.46 11.809751037508249,46.629359917715192,2389.9699999999998 11.809707954525948,46.629400150850415,2389.0100000000002 11.809698482975364,46.629414902999997,2387.5700000000002 11.80965481325984,46.629424626007676,2386.6100000000001 11.809667386114597,46.629426721483469,2386.6100000000001 11.809663698077202,46.629425715655088,2385.6500000000001 11.809696136042476,46.629414232447743,2384.6900000000001 11.809723628684878,46.629431499168277,2383.25 11.809686496853828,46.629455555230379,2382.7600000000002 11.809652298688889,46.62947416305542,2381.8000000000002 11.809630421921611,46.629492351785302,2381.3200000000002 11.809628074988723,46.629494447261095,2381.3200000000002 11.809584992006421,46.629504673182964,2381.3200000000002 11.809583902359009,46.629506098106503,2379.8800000000001 11.80952237918973,46.629530405625701,2378.9200000000001 11.809473345056176,46.629559239372611,2377 11.809437554329634,46.629575416445732,2376.04 11.809423305094242,46.629581870511174,2375.5500000000002 11.809422969818115,46.629588156938553,2375.5500000000002 11.809429507702589,46.62957776337862,2375.5500000000002 11.809427496045828,46.62958899512887,2375.5500000000002 11.80936798453331,46.629601735621691,2375.0700000000002 11.809310149401426,46.629623277112842,2374.5900000000001 11.809277962893248,46.629638280719519,2374.5900000000001 11.809228844940662,46.629686644300818,2374.1100000000001 11.809197077527642,46.629749340936542,2372.6700000000001 11.809201771393418,46.629754956811666,2372.1900000000001 11.809181151911616,46.629783287644386,2372.1900000000001 11.809150809422135,46.629813630133867,2371.71 11.809134799987078,46.629859311506152,2371.23 11.809027930721641,46.629995182156563,2368.3499999999999 11.808946710079908,46.630091238766909,2365.46 11.808851240202785,46.630159886553884,2363.54 11.808798015117645,46.63019928149879,2362.0999999999999 11.808760464191437,46.630274802446365,2359.21 11.808685110881925,46.630372451618314,2356.3299999999999 11.808584611862898,46.630464401096106,2354.8899999999999 11.808517724275589,46.630543861538172,2352.96 11.808460643514991,46.63066104054451,2351.04 11.808373974636197,46.63074511103332,2349.5999999999999 11.808334495872259,46.630797833204269,2347.6799999999998 11.808307003229856,46.630831528455019,2346.7199999999998 11.808284539729357,46.630896655842662,2345.27 11.808285294100642,46.630888190120459,2345.27 11.808262662962079,46.630897494032979,2345.27 11.808250341564417,46.630918281152844,2345.27 11.808256544172764,46.630901852622628,2346.23 11.808279259130359,46.630944600328803,2345.27 11.808282025158405,46.631022552028298,2343.8299999999999 11.808315385133028,46.631129505112767,2341.9099999999999 11.808312451466918,46.631243163719773,2341.4299999999998 11.808253359049559,46.631399905309081,2340.9499999999998 11.808268195018172,46.631540218368173,2340.4699999999998 11.808327371254563,46.631646584719419,2338.54 11.808332148939371,46.631698636338115,2338.0599999999999 11.808331478387117,46.631697043776512,2339.5100000000002 11.808349164202809,46.631730822846293,2339.5100000000002 11.808405909687281,46.631819335743785,2338.0599999999999 11.808495679870248,46.631920505315065,2337.5799999999999 11.808614870533347,46.632053945213556,2336.6199999999999 11.808641189709306,46.632087221369147,2336.6199999999999 11.808740515261889,46.632144218310714,2338.0599999999999 11.808856101706624,46.632254691794515,2337.5799999999999 11.808852078393102,46.632294170558453,2336.6199999999999 11.808906812220812,46.632284531369805,2336.6199999999999 11.809072438627481,46.632426353171468,2334.2199999999998 11.809163801372051,46.632529785856605,2334.2199999999998 11.8091837503016,46.63256716914475,2335.1799999999998 11.809186432510614,46.632578652352095,2335.6599999999999 11.809095405042171,46.63269180804491,2335.6599999999999 11.809085514396429,46.632793564349413,2333.2600000000002 11.809091800823808,46.632821643725038,2335.6599999999999 11.809001443907619,46.632960950955749,2336.1399999999999 11.808917038142681,46.633052313700318,2337.0999999999999 11.808829111978412,46.633143676444888,2337.0999999999999 11.808777814731002,46.633254317566752,2336.1399999999999 11.808713609352708,46.63336998783052,2336.1399999999999 11.808690559118986,46.633503511548042,2337.0999999999999 11.808710256591439,46.633641896769404,2337.5799999999999 11.80872643366456,46.633765948936343,2337.5799999999999 11.808624593541026,46.633864771574736,2339.02 11.808521999046206,46.633931323885918,2339.02 11.808298705145717,46.634061327204108,2339.02 11.808192506432533,46.634122096002102,2339.02 11.808104077354074,46.634152270853519,2339.5100000000002 11.808078344911337,46.634164424613118,2339.5100000000002 11.807860499247909,46.634285794571042,2338.0599999999999 11.807589679956436,46.634371876716614,2337.5799999999999 11.807481721043587,46.634410601109266,2336.1399999999999 11.80747652426362,46.634423928335309,2336.1399999999999 11.807406200096011,46.634475896134973,2336.1399999999999 11.807234454900026,46.63453733548522,2333.7399999999998 11.807117443531752,46.634582262486219,2331.8099999999999 11.807052567601204,46.63459843955934,2330.8499999999999 11.806906303390861,46.634646467864513,2328.4499999999998 11.806770768016577,46.634687539190054,2325.0900000000001 11.806623665615916,46.634739590808749,2322.1999999999998 11.806502630934119,46.634776555001736,2319.8000000000002 11.806490560993552,46.634781835600734,2319.8000000000002 11.806443706154823,46.634811758995056,2319.3200000000002 11.806293837726116,46.634858027100563,2316.9099999999999 11.806171713396907,46.634887447580695,2314.5100000000002 11.80606191046536,46.634944779798388,2311.6300000000001 11.805961830541492,46.634999262169003,2308.7399999999998 11.80582788772881,46.635093223303556,2306.8200000000002 11.805674415081739,46.63512758910656,2304.9000000000001 11.805574418976903,46.635160027071834,2303.9400000000001 11.805522115901113,46.635166062042117,2303.9400000000001 11.805306784808636,46.63523462601006,2302.4899999999998 11.805216344073415,46.635247450321913,2302.0100000000002 11.805041749030352,46.635308470577002,2301.5300000000002 11.805032696574926,46.6353171877563,2301.5300000000002 11.804963797330856,46.63539681583643,2301.5300000000002 11.804951224476099,46.635416680946946,2302.98 11.80494393222034,46.635423470288515,2302.98 11.804863968864083,46.635508043691516,2302.98 11.804861621931195,46.635510893538594,2302.98 11.804849384352565,46.635508965700865,2302.98 11.804840415716171,46.63546035066247,2302.98 11.804868662729859,46.63542372174561,2302.4899999999998 11.804841421544552,46.635389607399702,2302.4899999999998 11.804798087105155,46.635390697047114,2302.4899999999998 11.804720554500818,46.635401509702206,2302.4899999999998 11.80472306907177,46.635401006788015,2301.5300000000002 11.804736061021686,46.635391032323241,2301.0500000000002 11.804741006344557,46.635384578257799,2301.0500000000002 11.804728768765926,46.635388014838099,2300.5700000000002 11.804740922525525,46.635389775037766,2300.5700000000002 11.804736228659749,46.635394133627415,2300.5700000000002 11.80476707406342,46.635388350114226,2300.5700000000002 11.80478417314589,46.635387176647782,2300.5700000000002 11.804809654131532,46.635393463075161,2301.0500000000002 11.804799092933536,46.635382315143943,2301.0500000000002 11.804773360490799,46.635389691218734,2301.0500000000002 11.804761961102486,46.635381309315562,2301.0500000000002 11.804765062406659,46.635372759774327,2301.0500000000002 11.804774701595306,46.635375777259469,2301.0500000000002 11.804792052134871,46.635384745895863,2301.0500000000002 11.804774114862084,46.635381057858467,2301.0500000000002 11.804792303591967,46.635373011231422,2300.5700000000002 11.804795823991299,46.635370831936598,2300.5700000000002 11.80480713956058,46.635355493053794,2300.0900000000001 11.804798170924187,46.635369826108217,2300.0900000000001 11.804800853133202,46.635378208011389,2300.0900000000001 11.804785598069429,46.635367479175329,2300.0900000000001 11.804755758494139,46.635373346507549,2301.5300000000002 11.804760452359915,46.635375190526247,2301.5300000000002 11.804771265015006,46.635384075343609,2301.5300000000002 11.804792638868093,46.635339232161641,2301.5300000000002 11.804736815392971,46.635340237990022,2301.5300000000002 11.804812336340547,46.635312158614397,2301.5300000000002 11.804809151217341,46.635306626558304,2301.5300000000002 11.804814264178276,46.635310314595699,2301.5300000000002 11.8048389069736,46.635297993198037,2301.5300000000002 11.80485500022769,46.635301429778337,2301.5300000000002 11.80492389947176,46.635377453640103,2302.0100000000002 11.804865980520844,46.635482478886843,2302.4899999999998 11.804873188957572,46.635494129732251,2302.4899999999998 11.804871596395969,46.635505864396691,2302.4899999999998 11.804861286655068,46.635520365089178,2301.0500000000002 11.804863633587956,46.635517934337258,2301.5300000000002 11.804867573082447,46.635512821376324,2301.5300000000002 11.804879140108824,46.635508127510548,2301.5300000000002 11.804896323010325,46.635512067005038,2301.5300000000002 11.804896574467421,46.635509971529245,2302.4899999999998 11.804885426536202,46.63550628349185,2302.4899999999998 11.804888108745217,46.635506702587008,2302.4899999999998 11.804898586124182,46.635506199672818,2301.0500000000002 11.804896323010325,46.635506199672818,2302.4899999999998 11.804888444021344,46.635507708415389,2302.4899999999998 11.804858101531863,46.635492369532585,2301.0500000000002 11.80484913289547,46.635491028428078,2301.0500000000002 11.804844690486789,46.635514162480831,2301.0500000000002 11.80482717230916,46.63551215082407,2301.0500000000002 11.804829183965921,46.635516593232751,2301.0500000000002 11.804852401837707,46.635518856346607,2301.0500000000002 11.804853575304151,46.635530507192016,2301.0500000000002 11.804874110966921,46.635530674830079,2301.0500000000002 11.804874781519175,46.6355243884027,2301.0500000000002 11.804869752377272,46.635528327897191,2301.0500000000002 11.804877044633031,46.63552975282073,2301.0500000000002 11.804885510355234,46.635532015934587,2301.0500000000002 11.804890120401978,46.635524975135922,2301.0500000000002 11.804885510355234,46.635521957650781,2301.0500000000002 11.804875368252397,46.635519694536924,2300.5700000000002 11.804860532283783,46.635505612939596,2300.5700000000002 11.804846283048391,46.63550334982574,2302.0100000000002 11.804821137338877,46.635508798062801,2302.0100000000002 11.804849887266755,46.635504020377994,2302.0100000000002 11.804848294705153,46.635507205501199,2302.0100000000002 11.804841589182615,46.635509384796023,2302.0100000000002 11.804839158430696,46.635519191622734,2302.0100000000002 11.804849551990628,46.63550728932023,2302.0100000000002 11.804845109581947,46.635505948215723,2302.0100000000002 11.804866818711162,46.635504020377994,2302.0100000000002 11.804870590567589,46.635506367310882,2302.0100000000002 11.80485843680799,46.635510390624404,2302.0100000000002 11.804863885045052,46.635515252128243,2302.0100000000002 11.804873272776604,46.635515252128243,2302.0100000000002 11.804871680215001,46.635519694536924,2300.5700000000002 11.804873859509826,46.635503266006708,2300.5700000000002 11.804862711578608,46.635498153045774,2300.5700000000002 11.804845109581947,46.635499158874154,2300.5700000000002 11.80484477430582,46.63550284691155,2300.5700000000002 11.804825160652399,46.635501002892852,2300.5700000000002 11.804842092096806,46.635505696758628,2300.5700000000002 11.80486673489213,46.635506702587008,2301.0500000000002 11.804854413494468,46.635513156652451,2301.0500000000002 11.804877044633031,46.635518437251449,2302.0100000000002 11.804839242249727,46.635519191622734,2302.0100000000002 11.804859526455402,46.635510306805372,2302.0100000000002 11.804875787347555,46.63550091907382,2302.0100000000002 11.804879559203982,46.635503517463803,2302.0100000000002 11.804882744327188,46.635493542999029,2301.0500000000002 11.804881738498807,46.635501505807042,2301.0500000000002 11.804861705750227,46.635519526898861,2301.0500000000002 11.80485893972218,46.63551164790988,2302.0100000000002 11.804859191179276,46.635511396452785,2302.0100000000002 11.804864471778274,46.635499661788344,2302.0100000000002 11.804869417101145,46.635502595454454,2302.0100000000002 11.804877631366253,46.635500751435757,2302.0100000000002 11.804868578910828,46.635501170530915,2302.0100000000002 11.804884085431695,46.635502176359296,2302.0100000000002 11.804894814267755,46.635504271835089,2302.0100000000002 11.8048803973943,46.635496309027076,2301.5300000000002 11.80487603880465,46.635479377582669,2301.5300000000002 11.804857179522514,46.635491866618395,2300.0900000000001 11.804881570860744,46.635486837476492,2300.0900000000001 11.804875703528523,46.63550142198801,2300.0900000000001 11.80485206656158,46.635498907417059,2300.0900000000001 11.804874697700143,46.635506367310882,2300.0900000000001 11.804883917793632,46.635504858568311,2300.0900000000001 11.804873440414667,46.63551558740437,2301.0500000000002 11.804836140945554,46.635503936558962,2301.0500000000002 11.804821221157908,46.635511731728911,2301.0500000000002 11.804822310805321,46.63551215082407,2301.0500000000002 11.804838823154569,46.635509300976992,2301.5300000000002 11.804770678281784,46.635501086711884,2300.5700000000002 11.804779311642051,46.635498069226742,2300.5700000000002 11.804823148995638,46.635508798062801,2301.5300000000002 11.80484720505774,46.635500583797693,2301.5300000000002 11.804825663566589,46.635504690930247,2302.0100000000002 11.804837733507156,46.635502176359296,2302.0100000000002 11.804842762649059,46.635495219379663,2302.0100000000002 11.804842930287123,46.635505864396691,2302.0100000000002 11.804846031591296,46.635501841083169,2302.0100000000002 11.804854329675436,46.635502763092518,2302.0100000000002 11.804858017712831,46.635495470836759,2302.0100000000002 11.804862627759576,46.635495219379663,2301.5300000000002 11.804863046854734,46.635493123903871,2301.5300000000002 11.804852820932865,46.635489854961634,2301.5300000000002 11.804849300533533,46.635495470836759,2301.5300000000002 11.804845109581947,46.635489352047443,2301.5300000000002 11.804853491485119,46.635480048134923,2300.5700000000002 11.804856676608324,46.635479712858796,2300.5700000000002 11.804864052683115,46.635484658181667,2300.5700000000002 11.804856760427356,46.635503936558962,2300.5700000000002 11.804851228371263,46.635496392846107,2300.5700000000002 11.804837817326188,46.635497231036425,2300.5700000000002 11.804845109581947,46.635489352047443,2300.5700000000002 11.804837482050061,46.635495973750949,2300.0900000000001 11.804846953600645,46.635494884103537,2300.0900000000001 11.804861454293132,46.6354984883219,2300.0900000000001 11.804869081825018,46.635502511635423,2300.0900000000001 11.804839745163918,46.635497314855456,2300.0900000000001 11.804825160652399,46.635497817769647,2300.0900000000001 11.804852318018675,46.635495889931917,2300.0900000000001 11.804856425151229,46.635487256571651,2300.0900000000001 11.804860699921846,46.635488346219063,2300.0900000000001 11.804869752377272,46.635491531342268,2300.0900000000001 11.804872266948223,46.6354950517416,2300.0900000000001 11.804846115410328,46.635490106418729,2300.0900000000001 11.804834380745888,46.6354916151613,2300.0900000000001 11.804833374917507,46.635492285713553,2300.0900000000001 11.804832033813,46.635498739778996,2300.0900000000001 11.804834129288793,46.635500835254788,2300.0900000000001 11.804839661344886,46.635490609332919,2300.0900000000001 11.804859358817339,46.635490274056792,2300.0900000000001 11.804873691871762,46.635503768920898,2300.0900000000001 11.804861202836037,46.635501505807042,2300.0900000000001 11.804859945550561,46.635514413937926,2300.0900000000001 11.804860616102815,46.635509300976992,2300.0900000000001 11.804856425151229,46.63549991324544,2300.0900000000001 11.804830189794302,46.63551801815629,2300.0900000000001 11.804836643859744,46.635496476665139,2300.0900000000001 11.804859274998307,46.635484658181667,2300.0900000000001 11.804871512576938,46.635498739778996,2300.5700000000002 11.804895484820008,46.635500835254788,2300.5700000000002 11.804917110130191,46.635500164702535,2300.5700000000002 11.80489556863904,46.635510055348277,2300.0900000000001 11.804878218099475,46.635517179965973,2300.0900000000001 11.804883414879441,46.635497733950615,2300.0900000000001 11.80485256947577,46.635507456958294,2300.0900000000001 11.804856676608324,46.635506618767977,2300.0900000000001 11.804860616102815,46.635509552434087,2300.0900000000001 11.804865226149559,46.635513156652451,2300.0900000000001 11.804867824539542,46.635521035641432,2299.6100000000001 11.804886097088456,46.635489268228412,2299.6100000000001 11.804895149543881,46.635481556877494,2299.6100000000001 11.804872937500477,46.635471750050783,2301.0500000000002 11.804881654679775,46.635475773364305,2301.0500000000002 11.804809151217341,46.635456830263138,2301.0500000000002 11.804636735469103,46.635496811941266,2299.6100000000001 11.804483095183969,46.635422464460135,2298.1700000000001 11.804480832070112,46.635406371206045,2298.1700000000001 11.804485442116857,46.635413579642773,2298.1700000000001 11.804470270872116,46.635421542450786,2298.1700000000001 11.804518802091479,46.635435959324241,2298.1700000000001 11.804600860923529,46.635475689545274,2298.1700000000001 11.804712507873774,46.635462529957294,2299.6100000000001 11.804827423766255,46.63544031791389,2300.5700000000002 11.804906129837036,46.635404443368316,2301.0500000000002 11.805020123720169,46.63526932708919,2301.0500000000002 11.805106122046709,46.635242504999042,2299.6100000000001 11.80530016310513,46.635189866647124,2299.6100000000001 11.805493114516139,46.635141167789698,2299.6100000000001 11.805534604936838,46.635126834735274,2301.0500000000002 11.80559285916388,46.635129349306226,2302.0100000000002 11.805580370128155,46.635128427296877,2302.4899999999998 11.805570144206285,46.635136809200048,2302.4899999999998 11.805569054558873,46.635128762573004,2302.4899999999998 11.805570060387254,46.635133288800716,2302.4899999999998 11.805570814758539,46.635127756744623,2302.4899999999998 11.805580370128155,46.635124403983355,2302.4899999999998 11.805581292137504,46.635128678753972,2302.4899999999998 11.805576430633664,46.635126164183021,2302.4899999999998 11.805591434240341,46.635134210810065,2302.4899999999998 11.805627727881074,46.635114010423422,2302.4899999999998 11.805695621296763,46.635083584114909,2302.4899999999998 11.805847082287073,46.635011835023761,2304.9000000000001 11.805974487215281,46.634946204721928,2306.8200000000002 11.806032909080386,46.634896583855152,2308.7399999999998 11.806123349815607,46.634864397346973,2310.1900000000001 11.806193757802248,46.634841430932283,2312.1100000000001 11.806293502449989,46.634804382920265,2313.5500000000002 11.806405233219266,46.634758785367012,2315.4699999999998 11.80643817409873,46.634742692112923,2316.4299999999998 11.806474216282368,46.634722072631121,2316.4299999999998 11.806554850190878,46.634708913043141,2317.4000000000001 11.806628359481692,46.634674714878201,2319.3200000000002 11.806718884035945,46.634649652987719,2320.7600000000002 11.806784179061651,46.63462626747787,2322.6799999999998 11.806887108832598,46.634607156738639,2324.1199999999999 11.806963048875332,46.634580250829458,2326.0500000000002 11.807054914534092,46.63454957306385,2327.9699999999998 11.807192796841264,46.634515123441815,2329.4099999999999 11.807227665558457,46.634503221139312,2329.8899999999999 11.807372253388166,46.634441027417779,2331.3299999999999 11.807425646111369,46.634395262226462,2332.7800000000002 11.807567300274968,46.634342707693577,2333.7399999999998 11.807712810114026,46.634289231151342,2335.1799999999998 11.807770561426878,46.634270120412111,2335.1799999999998 11.807890590280294,46.634242292493582,2335.1799999999998 11.808043140918016,46.634156126528978,2336.6199999999999 11.808179765939713,46.634106505662203,2336.6199999999999 11.808230727910995,46.634064596146345,2335.1799999999998 11.808354696258903,46.633976250886917,2335.6599999999999 11.808470115065575,46.633915398269892,2336.6199999999999 11.808475563302636,46.633917242288589,2337.0999999999999 11.808543289080262,46.633868543431163,2336.6199999999999 11.808674046769738,46.633796207606792,2337.5799999999999 11.808687290176749,46.633796878159046,2337.5799999999999 11.808695085346699,46.633768882602453,2337.5799999999999 11.808711513876915,46.633742311969399,2336.1399999999999 11.808708580210805,46.633625384420156,2334.2199999999998 11.808701790869236,46.63358842022717,2334.2199999999998 11.808690475299954,46.633556485176086,2334.2199999999998 11.808690056204796,46.633536452427506,2334.2199999999998 11.808680249378085,46.633457411080599,2334.6999999999998 11.808703551068902,46.633313074707985,2333.7399999999998 11.808762643486261,46.633195225149393,2333.2600000000002 11.808819305151701,46.633095480501652,2334.2199999999998 11.80881829932332,46.633093552663922,2334.2199999999998 11.808829782530665,46.633055415004492,2334.2199999999998 11.808921061456203,46.632987186312675,2334.6999999999998 11.809004209935665,46.632888950407505,2333.7399999999998 11.809085514396429,46.632779398933053,2333.2600000000002 11.809084508568048,46.632746709510684,2332.7800000000002 11.80906648747623,46.63270547054708,2331.3299999999999 11.809108229354024,46.632597930729389,2331.8099999999999 11.809177380055189,46.632522074505687,2332.7800000000002 11.809173775836825,46.632507322356105,2333.2600000000002 11.809079730883241,46.632391987368464,2332.7800000000002 11.809019381180406,46.632353514432907,2333.2600000000002 11.809021979570389,46.632362902164459,2333.7399999999998 11.808964479714632,46.632331972941756,2333.7399999999998 11.808916786685586,46.632289560511708,2334.2199999999998 11.808800529688597,46.63219291716814,2335.6599999999999 11.808687541633844,46.63209468126297,2335.6599999999999 11.808639680966735,46.632064841687679,2335.6599999999999 11.808561896905303,46.631980603560805,2334.2199999999998 11.808426612988114,46.631857138127089,2334.2199999999998 11.808396857231855,46.631821012124419,2335.6599999999999 11.808332400396466,46.631694529205561,2334.6999999999998 11.808324940502644,46.631689751520753,2335.6599999999999 11.808311278000474,46.631625462323427,2335.6599999999999 11.808301974087954,46.631608195602894,2336.1399999999999 11.808258136734366,46.63150493055582,2338.0599999999999 11.808252520859241,46.631471486762166,2338.0599999999999 11.808251682668924,46.631353218108416,2339.02 11.808323599398136,46.631218688562512,2339.5100000000002 11.80832477286458,46.631208127364516,2339.5100000000002 11.808291915804148,46.631102515384555,2339.5100000000002 11.808281606063247,46.631085919216275,2339.9899999999998 11.808274565264583,46.631067479029298,2339.9899999999998 11.808245982974768,46.630978379398584,2341.4299999999998 11.80825243704021,46.630948875099421,2342.8699999999999 11.808220753446221,46.63090830668807,2343.8299999999999 11.808244474232197,46.630901601165533,2343.8299999999999 11.808256041258574,46.630896991118789,2344.3099999999999 11.808245563879609,46.630887519568205,2344.3099999999999 11.808245312422514,46.630882993340492,2344.3099999999999 11.808265596628189,46.630834462121129,2344.3099999999999 11.808331226930022,46.63072700612247,2345.75 11.808397192507982,46.630662884563208,2348.1599999999999 11.808422757312655,46.630590548738837,2349.1199999999999 11.808423260226846,46.630580658093095,2349.1199999999999 11.80845569819212,46.630518548190594,2350.0799999999999 11.808491656556726,46.630460796877742,2351.52 11.80856223218143,46.630391394719481,2352.96 11.808652756735682,46.63029357790947,2354.4099999999999 11.808689720928669,46.630228869616985,2355.8499999999999 11.808729618787766,46.630167262628675,2357.77 11.808728612959385,46.630126107484102,2359.6900000000001 11.80876842699945,46.630105571821332,2360.6500000000001 11.80884855799377,46.630041785538197,2362.0999999999999 11.808892814442515,46.629981603473425,2363.54 11.808941680938005,46.629920499399304,2364.98 11.808988619595766,46.629848163574934,2365.9400000000001 11.809048047289252,46.629779180511832,2367.8600000000001 11.809097416698933,46.629700725898147,2369.3099999999999 11.809165058657527,46.62962319329381,2370.27 11.80917939171195,46.629578182473779,2372.1900000000001 11.809226162731647,46.629582541063428,2372.1900000000001 11.809288691729307,46.629577679559588,2372.1900000000001 11.809266814962029,46.629593688994646,2372.1900000000001 11.809240663424134,46.629584887996316,2372.1900000000001 11.809226833283901,46.62958899512887,2372.1900000000001 11.809230018407106,46.629588743671775,2372.6700000000001 11.809217194095254,46.629574242979288,2372.6700000000001 11.809229599311948,46.629594443365932,2372.6700000000001 11.809252398088574,46.629600645974278,2372.6700000000001 11.809269580990076,46.629605256021023,2372.6700000000001 11.809251140803099,46.629597125574946,2372.6700000000001 11.809243764728308,46.629597712308168,2372.6700000000001 11.809246782213449,46.629600059241056,2372.6700000000001 11.809302773326635,46.629583463072777,2372.6700000000001 11.809401176869869,46.629546750336885,2373.1500000000001 11.809468483552337,46.629518838599324,2374.5900000000001 11.809520954266191,46.629473576322198,2376.52 11.809570239856839,46.629453124478459,2377.48 11.809624219313264,46.629414400085807,2378.9200000000001 11.809673923999071,46.629369389265776,2380.8400000000001 11.809634612873197,46.629358408972621,2382.2800000000002 11.809599241241813,46.629355391487479,2382.7600000000002 11.809641066938639,46.629357738420367,2383.73 11.809657998383045,46.629331167787313,2384.6900000000001 11.809668224304914,46.629294035956264,2386.6100000000001 11.809729915112257,46.629263106733561,2387.5700000000002 11.809761095792055,46.629219856113195,2389.0100000000002 11.809798227623105,46.629208624362946,2390.46 11.809844076633453,46.629183813929558,2391.9000000000001 11.809926051646471,46.629180796444416,2393.3400000000001 11.809996208176017,46.629147687926888,2394.7800000000002 11.810039794072509,46.629098150879145,2396.2199999999998 11.810060581192374,46.629055822268128,2398.1500000000001 11.81006477214396,46.629034113138914,2399.1100000000001 11.810065861791372,46.629001088440418,2400.5500000000002 11.810126630589366,46.628968734294176,2401.9899999999998 11.810147669166327,46.628922466188669,2403.4299999999998 11.810196535661817,46.628877371549606,2406.3200000000002 11.810250096023083,46.628854991868138,2407.2800000000002 11.810312792658806,46.628806879743934,2409.1999999999998 11.810373477637768,46.628764467313886,2411.5999999999999 11.810491578653455,46.628755163401365,2413.0500000000002 11.810583109036088,46.628792211413383,2412.5700000000002 11.810708669945598,46.628763545304537,2412.5700000000002 11.810745801776648,46.628752145916224,2413.0500000000002 11.810749992728233,46.62875440903008,2413.0500000000002 11.810771701857448,46.628753822296858,2413.5300000000002 11.810767594724894,46.628765473142266,2414.0100000000002 11.810765247792006,46.62876321002841,2414.0100000000002 11.810762984678149,46.628763126209378,2414.0100000000002 11.810782514512539,46.628756420686841,2414.0100000000002 11.810949062928557,46.628828756511211,2414.0100000000002 11.811070013791323,46.628898745402694,2414.0100000000002 11.811110079288483,46.62890587002039,2414.0100000000002 11.811117874458432,46.62889857776463,2414.0100000000002 11.81112608872354,46.628883741796017,2414.0100000000002 11.811196496710181,46.628897236660123,2413.0500000000002 11.81130537763238,46.628878125920892,2412.0900000000001 11.811315519735217,46.62887460552156,2412.0900000000001 11.811395483091474,46.628841832280159,2411.1199999999999 11.811647862195969,46.628778800368309,2410.1599999999999 11.811749199405313,46.628765221685171,2410.1599999999999 11.811842322349548,46.628719791769981,2411.5999999999999 11.811950113624334,46.62868794053793,2414.0100000000002 11.812002249062061,46.628692550584674,2414.9699999999998 11.812005266547203,46.628685677424073,2414.9699999999998 11.812000907957554,46.628687353804708,2414.9699999999998 11.811995794996619,46.628685928881168,2414.9699999999998 11.81197383441031,46.628703530877829,2414.9699999999998 11.811981964856386,46.628709817305207,2414.9699999999998 11.811981797218323,46.628713421523571,2415.4499999999998 11.811976684257388,46.628715768456459,2415.4499999999998 11.811976097524166,46.628701351583004,2415.4499999999998 11.811979953199625,46.62869674153626,2415.9299999999998 11.81197970174253,46.628696490079165,2415.9299999999998 11.811960255727172,46.628684001043439,2415.9299999999998 11.81197484023869,46.628696909174323,2415.9299999999998 11.811980539932847,46.628697495907545,2415.9299999999998 11.811972325667739,46.628694646060467,2415.9299999999998 11.811934942379594,46.628694981336594,2415.9299999999998 11.811922285705805,46.628708224743605,2414.4899999999998 11.811850033700466,46.62871241569519,2413.0500000000002 11.811661859974265,46.628768071532249,2412.0900000000001 11.811560103669763,46.628814171999693,2412.0900000000001 11.811310993507504,46.628858931362629,2412.0900000000001 11.811221642419696,46.628862535580993,2413.5300000000002 11.811184426769614,46.628862367942929,2413.5300000000002 11.811035899445415,46.628857003524899,2415.4499999999998 11.810999941080809,46.628847112879157,2415.4499999999998 11.810862645506859,46.628765221685171,2415.9299999999998 11.810656869783998,46.628730017691851,2414.4899999999998 11.810647817328572,46.628724485635757,2414.4899999999998 11.810583360493183,46.628695903345942,2414.0100000000002 11.810404658317566,46.628648629412055,2413.0500000000002 11.810225369408727,46.628605211153626,2413.0500000000002 11.810038117691875,46.628560284152627,2411.5999999999999 11.80984977632761,46.628549639135599,2411.1199999999999 11.809660345315933,46.628558607771993,2411.1199999999999 11.809630170464516,46.628556679934263,2411.1199999999999 11.809510476887226,46.628464395180345,2409.6799999999998 11.809474937617779,46.628446960821748,2411.1199999999999 11.809323392808437,46.628403123468161,2411.1199999999999 11.809185091406107,46.628356100991368,2410.1599999999999 11.809017537161708,46.628303630277514,2410.1599999999999 11.808884683996439,46.628250908106565,2409.1999999999998 11.808718973770738,46.628186115995049,2409.6799999999998 11.808588802814484,46.628131549805403,2408.2399999999998 11.808410016819835,46.62807865999639,2408.7199999999998 11.808231733739376,46.628031637519598,2407.7600000000002 11.808042051270604,46.627968521788716,2406.3200000000002 11.807849770411849,46.627914123237133,2404.3899999999999 11.807677689939737,46.627878667786717,2403.9099999999999 11.807521786540747,46.627846397459507,2403.9099999999999 11.807334367185831,46.627805829048157,2403.4299999999998 11.807121550664306,46.62774883210659,2402.4699999999998 11.806978639215231,46.627669874578714,2401.5100000000002 11.806910242885351,46.627638274803758,2401.5100000000002 11.806769091635942,46.627594269812107,2401.0300000000002 11.806694995611906,46.62758270278573,2400.5500000000002 11.80648653768003,46.627555629238486,2400.0700000000002 11.806326694786549,46.627532495185733,2400.5500000000002 11.806163499131799,46.627510702237487,2400.5500000000002 11.806004913523793,46.627484802156687,2400.0700000000002 11.805914053693414,46.627468205988407,2399.5900000000001 11.805883292108774,46.62746493704617,2399.5900000000001 11.805685814470053,46.627406682819128,2399.1100000000001 11.805561427026987,46.627387823536992,2399.1100000000001 11.805491270497441,46.627345243468881,2398.6300000000001 11.805453803390265,46.627330407500267,2398.6300000000001 11.805419940501451,46.627310877665877,2398.6300000000001 11.805243417620659,46.627278355881572,2398.6300000000001 11.805217433720827,46.627270644530654,2398.6300000000001 11.805150881409645,46.627258826047182,2398.6300000000001 11.804993720725179,46.627246923744678,2398.1500000000001 11.804980393499136,46.627246420830488,2398.1500000000001 11.804788112640381,46.627217503264546,2398.6300000000001 11.804714351892471,46.627208534628153,2397.6700000000001 11.804515114054084,46.627203589305282,2397.1799999999998 11.804339261725545,46.627179533243179,2397.1799999999998 11.804131725803018,46.627147430554032,2396.2199999999998 11.803997531533241,46.627126978710294,2396.2199999999998 11.80381472222507,46.627108957618475,2395.2600000000002 11.803659573197365,46.627091355621815,2395.2600000000002 11.803472740575671,46.627065790817142,2394.7800000000002 11.803273670375347,46.627035448327661,2394.7800000000002 11.803134698420763,46.627015415579081,2393.8200000000002 11.802935292944312,46.62697778083384,2393.8200000000002 11.802834458649158,46.626947605982423,2393.8200000000002 11.802647123113275,46.626913072541356,2392.8600000000001 11.802466157823801,46.626873761415482,2392.8600000000001 11.802263064309955,46.626845514401793,2392.8600000000001 11.80208838544786,46.626809388399124,2392.8600000000001 11.802075728774071,46.626804191619158,2392.8600000000001 11.801912616938353,46.626766975969076,2391.9000000000001 11.801728215068579,46.626721965149045,2391.4200000000001 11.801571222022176,46.626695143058896,2391.4200000000001 11.801390340551734,46.626666309311986,2391.4200000000001 11.801162855699658,46.626625824719667,2389.9699999999998 11.801125556230545,46.626611240208149,2389.4899999999998 11.80095573887229,46.626555165275931,2389.0100000000002 11.800936879590154,46.626546112820506,2389.0100000000002 11.800869405269623,46.626503197476268,2387.5700000000002 11.800840152427554,46.626494312658906,2387.5700000000002 11.800692295655608,46.626438405364752,2386.6100000000001 11.800596155226231,46.626324998214841,2385.6500000000001 11.80055852048099,46.626243945211172,2385.6500000000001 11.800538236275315,46.626233803108335,2385.6500000000001 11.800421392545104,46.626214692369103,2385.1700000000001 11.800370514392853,46.626204047352076,2384.21 11.80030345916748,46.626201784238219,2383.73 11.800201702862978,46.626180158928037,2382.2800000000002 11.800167756155133,46.62617445923388,2382.2800000000002 11.800093073397875,46.626185104250908,2381.8000000000002 11.80001369677484,46.626182505860925,2380.8400000000001 11.799835665151477,46.626177225261927,2379.4000000000001 11.799767017364502,46.626150403171778,2378.4400000000001 11.799687640741467,46.62612316198647,2377.48 11.799667943269014,46.626081336289644,2376.04 11.799567779526114,46.626040013507009,2374.1100000000001 11.799457054585218,46.626033391803503,2372.1900000000001 11.799317831173539,46.625993242487311,2371.23 11.799166789278388,46.62597949616611,2370.75 11.799025638028979,46.625987039878964,2370.75 11.798951542004943,46.625945968553424,2369.79 11.798897059634328,46.625934485346079,2369.79 11.798867974430323,46.625936161726713,2369.79 11.798705197870731,46.625905148684978,2369.3099999999999 11.798581397160888,46.625883188098669,2368.8299999999999 11.798502691090107,46.625877488404512,2368.8299999999999 11.798451393842697,46.625858964398503,2367.8600000000001 11.798452902585268,46.625825772061944,2366.4200000000001 11.798364641144872,46.625800542533398,2364.98 11.798246204853058,46.625780174508691,2363.54 11.798168253153563,46.625771122053266,2363.0599999999999 11.79808703251183,46.625727787613869,2361.1399999999999 11.797981169074774,46.625694008544087,2359.6900000000001 11.797870360314846,46.625667689368129,2358.25 11.797844627872109,46.625626785680652,2356.8099999999999 11.797835910692811,46.625586384907365,2355.3699999999999 11.797772627323866,46.625565513968468,2354.4099999999999 11.797711607068777,46.625552354380488,2352.48 11.797643294557929,46.625539613887668,2351.04 11.797604653984308,46.625510780140758,2349.5999999999999 11.797533743083477,46.625491166487336,2348.1599999999999 11.797484373673797,46.625472977757454,2347.1999999999998 11.797396866604686,46.62544883787632,2345.75 11.797334924340248,46.625409191474319,2344.3099999999999 11.797247501090169,46.625402485951781,2343.3499999999999 11.797195114195347,46.625370467081666,2342.3899999999999 11.797162927687168,46.62537943571806,2341.4299999999998 11.797120766714215,46.625359989702702,2340.4699999999998 11.797016831114888,46.625341130420566,2339.5100000000002 11.796844331547618,46.625343477353454,2338.54 11.796808205544949,46.625300645828247,2336.6199999999999 11.796729080379009,46.62528321146965,2335.1799999999998 11.796695720404387,46.625257730484009,2334.2199999999998 11.796801080927253,46.625229818746448,2332.7800000000002 11.796915913000703,46.625178856775165,2330.3699999999999 11.796992355957627,46.62515421397984,2328.4499999999998 11.797038540244102,46.625120518729091,2326.5300000000002 11.797115234658122,46.625083051621914,2323.6399999999999 11.797170974314213,46.625041477382183,2321.7199999999998 11.797218834981322,46.625013314187527,2320.2800000000002 11.797281028702855,46.624983223155141,2318.8400000000001 11.797311957925558,46.624942906200886,2316.9099999999999 11.797394268214703,46.624900661408901,2314.9899999999998 11.797427460551262,46.624884568154812,2313.5500000000002 11.797504238784313,46.624849364161491,2310.6700000000001 11.797582525759935,46.62480435334146,2308.7399999999998 11.797685539349914,46.624762695282698,2306.8200000000002 11.79768243804574,46.624755403026938,2306.3400000000001 11.797563750296831,46.624744674190879,2305.3800000000001 11.797549836337566,46.624741405248642,2305.3800000000001 11.79738144390285,46.62467191927135,2302.98 11.797366859391332,46.624661525711417,2302.98 11.797491330653429,46.62457711994648,2301.5300000000002 11.797724766656756,46.624535797163844,2299.6100000000001 11.797738093882799,46.624535797163844,2299.1300000000001 11.797746643424034,46.624536970630288,2298.6500000000001 11.797770280390978,46.624510651454329,2298.1700000000001 11.797910928726196,46.624493384733796,2297.21 11.798029281198978,46.624460443854332,2295.77 11.798050319775939,46.624443512409925,2294.8000000000002 11.798063814640045,46.624413337558508,2294.8000000000002 11.797973876819015,46.62437628954649,2293.3600000000001 11.797956693917513,46.624376457184553,2293.3600000000001 11.797733148559928,46.624334463849664,2291.9200000000001 11.797563498839736,46.624286016449332,2290 11.797489486634731,46.624259697273374,2288.5599999999999 11.79740097373724,46.624187277629972,2287.1100000000001 11.797348419204354,46.624067919328809,2285.1900000000001 11.797345736995339,46.624015951529145,2284.71 11.797392927110195,46.623885780572891,2282.3099999999999 11.797400051727891,46.62374597042799,2279.9000000000001 11.797350347042084,46.623601969331503,2277.98 11.7973149754107,46.623432990163565,2275.5799999999999 11.797306928783655,46.623413879424334,2274.6199999999999 11.797286225482821,46.623379345983267,2273.6599999999999 11.797229060903192,46.623308854177594,2272.21 11.797202154994011,46.623276500031352,2271.73 11.797052789479494,46.623126966878772,2268.3699999999999 11.796980537474155,46.623020684346557,2265.96 11.796969389542937,46.623007357120514,2265.96 11.796925719827414,46.622977685183287,2264.52 11.796819604933262,46.622901745140553,2263.0799999999999 11.796717429533601,46.622824296355247,2260.6799999999998 11.79658742621541,46.622728575021029,2257.3099999999999 11.796542499214411,46.622700747102499,2257.3099999999999 11.796522466465831,46.622678032144904,2256.8299999999999 11.796392882242799,46.622566720470786,2253.9499999999998 11.796281654387712,46.622452475130558,2252.0300000000002 11.796272853389382,46.622430430725217,2252.0300000000002 11.796282157301903,46.622412577271461,2251.0599999999999 11.796463709324598,46.622340073809028,2248.6599999999999 11.79651559330523,46.622316855937243,2248.1799999999998 11.79662698879838,46.622273437678814,2246.2600000000002 11.796832932159305,46.622204035520554,2243.3699999999999 11.797019429504871,46.622141757979989,2240.4899999999998 11.797032337635756,46.62213739939034,2240.4899999999998 11.797071313485503,46.62212859839201,2239.5300000000002 11.797277675941586,46.622057352215052,2237.1300000000001 11.797344144433737,46.622029189020395,2236.1599999999999 11.79754220880568,46.621957272291183,2233.2800000000002 11.797620244324207,46.621912345290184,2231.3600000000001 11.797720240429044,46.621877308934927,2229.9200000000001 11.797771118581295,46.621859036386013,2229.4299999999998 11.798011176288128,46.621846128255129,2226.5500000000002 11.798219131305814,46.621840931475163,2223.1900000000001 11.798251066356897,46.6218545101583,2222.71 11.798277469351888,46.621869178488851,2222.71 11.798274535685778,46.621859958395362,2222.2199999999998 11.798458602279425,46.621898850426078,2220.3000000000002 11.798479976132512,46.621920894831419,2219.3400000000001 11.798537895083427,46.622010329738259,2217.4200000000001 11.798665635287762,46.622082414105535,2215.5 11.798747694119811,46.622087527066469,2214.0500000000002 11.798783987760544,46.622090796008706,2213.5700000000002 11.798822209239006,46.622085934504867,2213.0900000000001 11.798961851745844,46.622074199840426,2211.6500000000001 11.799133932217956,46.622060453519225,2210.21 11.799215655773878,46.622061710804701,2209.25 11.799278520047665,46.622095070779324,2208.29 11.799340546131134,46.622126335278153,2206.8400000000001 11.799467615783215,46.622183164581656,2204.4400000000001 11.799632990732789,46.622282657772303,2202.04 11.799673391506076,46.622312748804688,2201.5599999999999 11.7996721342206,46.622324818745255,2201.0799999999999 11.799723347648978,46.622375613078475,2200.1100000000001 11.799901127815247,46.622469155117869,2198.1900000000001 11.800088295713067,46.622541826218367,2197.23 11.800219472497702,46.62255272269249,2195.3099999999999 11.800346793606877,46.622536461800337,2194.8299999999999 11.800587438046932,46.622480638325214,2192.4200000000001 11.800873260945082,46.622447948902845,2190.5 11.801139302551746,46.622429089620709,2188.0999999999999 11.801339630037546,46.622460354119539,2184.73 11.801600810140371,46.622500671073794,2181.3699999999999 11.801864001899958,46.622480973601341,2178.9699999999998 11.802104897797108,46.622414169833064,2176.5599999999999 11.802195925265551,46.62237343378365,2176.0799999999999 11.802343279123306,46.622343091294169,2174.1599999999999 11.802343698218465,46.622342923656106,2173.6799999999998 11.802335483953357,46.622343258932233,2173.6799999999998 11.802284689620137,46.622323812916875,2173.6799999999998 11.802242528647184,46.622276706621051,2174.6399999999999 11.802233895286918,46.6222776286304,2174.6399999999999 11.802218137308955,46.622268492355943,2174.6399999999999 11.802270859479904,46.622293386608362,2174.6399999999999 11.802347721531987,46.622342169284821,2174.6399999999999 11.80251351557672,46.622307384386659,2172.7199999999998 11.802660534158349,46.622287603095174,2171.7600000000002 11.802817527204752,46.622237395495176,2170.3099999999999 11.802947781980038,46.622199844568968,2169.3499999999999 11.803169399499893,46.622176542878151,2167.9099999999999 11.803374169394374,46.622129017487168,2166.9499999999998 11.803532755002379,46.622092723846436,2165.9899999999998 11.803743308410048,46.622102530673146,2165.0300000000002 11.803803909569979,46.622109739109874,2164.5500000000002 11.804040027782321,46.62218140438199,2163.5799999999999 11.804235745221376,46.622227504849434,2162.1399999999999 11.804264662787318,46.622233958914876,2162.1399999999999 11.804391229525208,46.622240329161286,2160.6999999999998 11.804525088518858,46.622201856225729,2157.8200000000002 11.80449147708714,46.622220212593675,2158.3000000000002 11.804423332214355,46.622245023027062,2159.2600000000002 11.804422745481133,46.622245693579316,2159.7399999999998 11.804436575621367,46.622247118502855,2159.7399999999998 11.804641345515847,46.62211443297565,2156.8600000000001 11.804784676060081,46.622021477669477,2153.4899999999998 11.804900011047721,46.621960205957294,2151.5700000000002 11.805106457322836,46.621899018064141,2147.7199999999998 11.805305192247033,46.621858365833759,2145.3200000000002 11.805457742884755,46.621835064142942,2142.9200000000001 11.805466627702117,46.621912177652121,2142.9200000000001 11.805431675165892,46.621909243986011,2142.4400000000001 11.805424299091101,46.62190530449152,2142.4400000000001 11.805426562204957,46.621873453259468,2141.9499999999998 11.805410636588931,46.621851827949286,2143.4000000000001 11.805518679320812,46.621811427175999,2142.9200000000001 11.805630493909121,46.621771780773997,2140.5100000000002 11.805718587711453,46.621749317273498,2139.5500000000002 11.805893098935485,46.621686117723584,2137.1500000000001 11.80603064596653,46.621611015871167,2134.7399999999998 11.806149752810597,46.62153884768486,2132.8200000000002 11.806260393932462,46.621466847136617,2131.3800000000001 11.806274224072695,46.621451508253813,2130.9000000000001 11.806395342573524,46.621375232934952,2128.98 11.80652073584497,46.621292168274522,2126.5700000000002 11.806676303967834,46.621240200474858,2125.1300000000001 11.806748555973172,46.62122854962945,2124.6500000000001 11.80678216740489,46.621220670640469,2123.6900000000001 11.806828267872334,46.621221173554659,2123.6900000000001 11.806992050260305,46.621237099170685,2121.77 11.807212494313717,46.621267022565007,2119.8400000000001 11.807393794879317,46.62128085270524,2116.96 11.807440984994173,46.62127791903913,2116.48 11.807441068813205,46.621276410296559,2116 11.807452216744423,46.621269704774022,2116 11.807478368282318,46.621277164667845,2116 11.80761625058949,46.621286552399397,2114.0799999999999 11.807852201163769,46.621270123869181,2110.71 11.808089073747396,46.621229387819767,2108.3099999999999 11.808251012116671,46.621172977611423,2104.9400000000001 11.808414291590452,46.621117824688554,2103.02 11.808621073141694,46.621028557419777,2099.6599999999999 11.808768343180418,46.620976338163018,2097.73 11.808962048962712,46.6209686268121,2095.3299999999999 11.809014435857534,46.620979690924287,2094.3699999999999 11.809085179120302,46.620972733944654,2093.4099999999999 11.809286177158356,46.620991928502917,2090.04 11.809507794678211,46.621011877432466,2087.1599999999999 11.809736033901572,46.621014727279544,2084.2800000000002 11.809971733018756,46.621006010100245,2080.9099999999999 11.810023784637451,46.621003076434135,2079.9499999999998 11.810217658057809,46.620996119454503,2078.5100000000002 11.810303572565317,46.620994945988059,2077.0700000000002 11.810513203963637,46.620972901582718,2075.1399999999999 11.810614541172981,46.620948426425457,2072.7399999999998 11.810698276385665,46.620944403111935,2070.8200000000002 11.810895502567291,46.620942894369364,2067.9299999999998 11.811066661030054,46.620925795286894,2064.5700000000002 11.811222480610013,46.620925208553672,2062.1700000000001 11.811418700963259,46.620910372585058,2059.7600000000002 11.811515763401985,46.620922945439816,2058.8000000000002 11.811727154999971,46.620897548273206,2055.9200000000001 11.8120036739856,46.620868043974042,2052.5500000000002 11.812105849385262,46.620860584080219,2051.1100000000001 11.812349511310458,46.620867708697915,2047.75 11.812544474378228,46.620871312916279,2045.3399999999999 11.812567273154855,46.620870726183057,2044.3800000000001 11.812637681141496,46.620848346501589,2043.4200000000001 11.812834739685059,46.620820686221123,2040.54 11.812848653644323,46.620803754776716,2040.05 11.812838679179549,46.620782380923629,2039.5699999999999 11.812676237896085,46.62069546058774,2039.5699999999999 11.812603985890746,46.620660508051515,2041.02 11.812436347827315,46.620597392320633,2041.02 11.812282036989927,46.620579371228814,2041.98 11.812084307894111,46.620499910786748,2042.46 11.812072237953544,46.620421791449189,2041.98 11.812081541866064,46.620375523343682,2041.98 11.812089504674077,46.620350880548358,2041.98 11.812154212966561,46.620335625484586,2041.02 11.812157481908798,46.620347611606121,2041.02 11.81213267147541,46.620367644354701,2040.05 11.812146585434675,46.620361609384418,2040.05 11.812152452766895,46.620365381240845,2039.5699999999999 11.812144992873073,46.62035146728158,2039.5699999999999 11.812134850770235,46.620353562757373,2039.0899999999999 11.812140382826328,46.620351299643517,2039.0899999999999 11.812152033671737,46.620368482545018,2039.0899999999999 11.812155302613974,46.620352389290929,2038.6099999999999 11.812128564342856,46.620348198339343,2038.6099999999999 11.812125882133842,46.620354736223817,2038.6099999999999 11.812113812193274,46.620355742052197,2038.6099999999999 11.812146753072739,46.620359597727656,2038.6099999999999 11.812145914882421,46.620355406776071,2038.1300000000001 11.812134180217981,46.620374098420143,2038.1300000000001 11.812145998701453,46.620347443968058,2038.1300000000001 11.812163600698113,46.620346773415804,2037.6500000000001 11.812173491343856,46.620347779244184,2037.6500000000001 11.812162175774574,46.62035096436739,2037.6500000000001 11.812145579606295,46.620363453403115,2037.6500000000001 11.812148848548532,46.620377702638507,2037.6500000000001 11.812136862426996,46.62037150003016,2037.1700000000001 11.812152117490768,46.620364543050528,2037.1700000000001 11.812136946246028,46.620362615212798,2037.1700000000001 11.812138538807631,46.620357166975737,2037.1700000000001 11.812126552686095,46.620359346270561,2037.1700000000001 11.812114231288433,46.620363537222147,2037.1700000000001 11.812130240723491,46.620352137833834,2037.1700000000001 11.812139376997948,46.620348449796438,2037.1700000000001 11.812124708667397,46.620350880548358,2037.1700000000001 11.812138371169567,46.620339816436172,2037.1700000000001 11.812123954296112,46.620345683768392,2037.1700000000001 11.812126049771905,46.62035146728158,2037.1700000000001 11.812106939032674,46.620348114520311,2037.1700000000001 11.812147088348866,46.620347695425153,2036.6900000000001 11.812137700617313,46.620352137833834,2036.6900000000001 11.812140718102455,46.620342833921313,2036.6900000000001 11.812135940417647,46.620337469503284,2036.6900000000001 11.812140718102455,46.620347192510962,2036.6900000000001 11.812139125540853,46.620347863063216,2036.6900000000001 11.812136359512806,46.620353059843183,2036.6900000000001 11.812132252380252,46.620341660454869,2036.6900000000001 11.812133593484759,46.620361274108291,2036.6900000000001 11.81213510222733,46.62036370486021,2036.21 11.812136694788933,46.620367141440511,2036.21 11.812139796093106,46.620354987680912,2036.21 11.812138119712472,46.620344091206789,2036.21 11.812144070863724,46.620356161147356,2036.21 11.81215270422399,46.620349874719977,2037.6500000000001 11.812101323157549,46.62035783752799,2038.1300000000001 11.812102748081088,46.620378457009792,2038.1300000000001 11.81210626848042,46.620401926338673,2038.1300000000001 11.812096294015646,46.620424138382077,2038.6099999999999 11.812116326764226,46.620476106181741,2038.6099999999999 11.81213116273284,46.620508208870888,2038.6099999999999 11.812283881008625,46.620554979890585,2038.6099999999999 11.812431821599603,46.620581801980734,2038.6099999999999 11.812450597062707,46.620585490018129,2038.6099999999999 11.812624856829643,46.6206319257617,2037.1700000000001 11.812791991978884,46.620713230222464,2036.21 11.812804816290736,46.620718846097589,2036.21 11.812836918979883,46.620740303769708,2035.73 11.812985362485051,46.620801910758018,2033.8099999999999 11.813045712187886,46.620795037597418,2032.8399999999999 11.81310455314815,46.620770562440157,2032.3599999999999 11.813225755468011,46.620742985978723,2029.48 11.813331786543131,46.620744997635484,2027.0799999999999 11.813475117087364,46.620726305991411,2023.71 11.813629260286689,46.620728150010109,2020.8299999999999 11.81378030218184,46.620749104768038,2017.46 11.813937043771148,46.620759246870875,2014.5799999999999 11.814042823389173,46.620793109759688,2012.6600000000001 11.814187997952104,46.620846418663859,2009.77 11.814337028190494,46.620913809165359,2006.8900000000001 11.814423697069287,46.620953707024455,2005.9300000000001 11.814510868862271,46.620980864390731,2004.01 11.814581695944071,46.620986564084888,2003.52 11.81479518301785,46.621021684259176,2001.5999999999999 11.814982686191797,46.621058732271194,1999.2 11.815170859917998,46.621083710342646,1997.28 11.815357524901628,46.621115142479539,1995.3499999999999 11.815463388338685,46.621132995933294,1994.3900000000001 11.815514769405127,46.621143724769354,1993.9100000000001 11.815699925646186,46.621182365342975,1991.99 11.815819200128317,46.62122025154531,1990.55 11.81601039133966,46.621271464973688,1988.1400000000001 11.816145842894912,46.621299711987376,1986.7 11.816169647499919,46.621302645653486,1986.22 11.816184818744659,46.621305160224438,1986.22 11.816327814012766,46.621347907930613,1982.8599999999999 11.816523782908916,46.621393086388707,1980.45 11.816678009927273,46.621400881558657,1979.01 11.816863333806396,46.621431224048138,1978.05 11.816925024613738,46.621431056410074,1978.05 11.817179163917899,46.62134631536901,1979.01 11.817319728434086,46.621295101940632,1979.49 11.817405391484499,46.621316224336624,1978.05 11.817460879683495,46.621320750564337,1977.0899999999999 11.817626841366291,46.621317230165005,1974.2 11.81770252995193,46.621284708380699,1972.76 11.817925740033388,46.621256209909916,1969.4000000000001 11.818070830777287,46.62131555378437,1966.99 11.81820435449481,46.621344387531281,1964.5899999999999 11.818382469937205,46.621365677565336,1961.71 11.81859184987843,46.62140398286283,1958.3399999999999 11.818658988922834,46.621387973427773,1957.3800000000001 11.818843390792608,46.62142057903111,1954.98 11.818919917568564,46.621424434706569,1954.5 11.818878091871738,46.621430469676852,1954.02 11.818832494318485,46.62143474444747,1954.02 11.818886222317815,46.621414795517921,1954.02 11.819055872038007,46.621445724740624,1951.6099999999999 11.819195346906781,46.621462153270841,1949.21 11.819320237264037,46.621439605951309,1947.29 11.819475805386901,46.62142158485949,1945.3599999999999 11.819641850888729,46.621409682556987,1942.96 11.819801777601242,46.62140741944313,1939.5999999999999 11.81991552002728,46.621361821889877,1936.71 11.820076620206237,46.621343046426773,1933.3499999999999 11.820256831124425,46.621340196579695,1930.95 11.820434108376503,46.621339693665504,1927.5799999999999 11.820580288767815,46.621383614838123,1925.1800000000001 11.820709789171815,46.621398366987705,1921.8099999999999 11.820817077532411,46.621382022276521,1919.4100000000001 11.820948338136077,46.621366934850812,1917.01 11.821089321747422,46.621313123032451,1914.5999999999999 11.821117149665952,46.621230477467179,1913.1600000000001 11.821241453289986,46.621213713660836,1911.24 11.821323847398162,46.621201811358333,1910.76 11.821397272869945,46.621199548244476,1909.8 11.821539346128702,46.621245900169015,1907.3900000000001 11.821632385253906,46.621266016736627,1905.47 11.821792479604483,46.621293928474188,1902.1099999999999 11.821915945038199,46.621385710313916,1899.7 11.821975875645876,46.621503392234445,1897.78 11.821978557854891,46.621513031423092,1897.78 11.822071345523,46.621603136882186,1895.3800000000001 11.822217525914311,46.621677903458476,1892.49 11.822358593344688,46.62173087708652,1890.0899999999999 11.822408884763718,46.621749568730593,1889.6099999999999 11.822477616369724,46.621762309223413,1888.1700000000001 11.822634190320969,46.621852498501539,1884.8 11.822641231119633,46.621859706938267,1884.8 11.822672076523304,46.621942268684506,1882.4000000000001 11.822704430669546,46.621995996683836,1881.4400000000001 11.822794200852513,46.622086353600025,1880.48 11.822949266061187,46.622150894254446,1879.03 11.823147665709257,46.622196827083826,1877.1099999999999 11.823386801406741,46.622189283370972,1876.1500000000001 11.823576483875513,46.622249130159616,1875.1900000000001 11.823756694793701,46.622270839288831,1871.8199999999999 11.823971103876829,46.622288692742586,1868.9400000000001 11.824169922620058,46.622285423800349,1866.0599999999999 11.824354492127895,46.622311156243086,1863.1700000000001 11.824557585641742,46.62232062779367,1860.29 11.824726397171617,46.622301433235407,1857.4000000000001 11.824898896738887,46.622277125716209,1855.48 11.825031163170934,46.622283663600683,1853.0799999999999 11.825162842869759,46.622347701340914,1851.6400000000001 11.825284548103809,46.622407799586654,1850.1900000000001 11.825481858104467,46.622485499829054,1849.71 11.825655614957213,46.622564122080803,1849.23 11.825874885544181,46.622673757374287,1848.27 11.826011594384909,46.622673003003001,1847.79 11.826060879975557,46.622674763202667,1847.79 11.826216699555516,46.622648360207677,1846.3499999999999 11.826397329568863,46.622637128457427,1845.3900000000001 11.826433958485723,46.622630171477795,1844.9100000000001 11.82651786133647,46.622601840645075,1844.4300000000001 11.82672849856317,46.622502263635397,1842.5 11.826884737238288,46.622453397139907,1842.02 11.827099565416574,46.622440237551928,1840.0999999999999 11.827288242056966,46.622443506494164,1839.1400000000001 11.827452946454287,46.62251659668982,1838.6600000000001 11.827591583132744,46.622570743784308,1837.7 11.827755281701684,46.622626902535558,1836.26 11.827861731871963,46.622686749324203,1833.8499999999999 11.828013528138399,46.622737795114517,1831.45 11.828155182301998,46.622728239744902,1830.49 11.828169180080295,46.622728239744902,1830.01 11.828359281644225,46.62275992333889,1827.1199999999999 11.828463468700647,46.622814238071442,1825.2 11.82847579009831,46.622818009927869,1825.2 11.828608307987452,46.622902499511838,1821.3499999999999 11.828712159767747,46.622989336028695,1818.95 11.828793799504638,46.6230443213135,1817.03 11.828839983791113,46.623085225000978,1816.55 11.828942075371742,46.623175414279103,1815.5899999999999 11.828997982665896,46.623228387907147,1815.1099999999999 11.829019859433174,46.623254036530852,1814.6300000000001 11.829127399250865,46.623372221365571,1813.1800000000001 11.829233011230826,46.623490825295448,1812.22 11.829355806112289,46.623594844713807,1811.26 11.82951807975769,46.623630886897445,1809.8199999999999 11.829693764448166,46.623608926311135,1808.8599999999999 11.829876909032464,46.623555114492774,1807.9000000000001 11.829996183514595,46.623465595766902,1805.49 11.830116799101233,46.623375155031681,1802.1300000000001 11.830305978655815,46.623334754258394,1799.73 11.830496583133936,46.623354200273752,1797.3199999999999 11.830553999170661,46.623375238850713,1797.3199999999999 11.830783160403371,46.623363336548209,1794.9200000000001 11.830805372446775,46.623350260779262,1794.4400000000001 11.830879133194685,46.623285636305809,1792.03 11.830901512876153,46.623218413442373,1789.1500000000001 11.83094778098166,46.623143395408988,1786.75 11.83108314871788,46.623054714873433,1783.8599999999999 11.831193873658776,46.623009368777275,1783.3800000000001 11.831192029640079,46.623006938025355,1782.4200000000001 11.831218348816037,46.622993107885122,1782.4200000000001 11.83131767436862,46.623058654367924,1781.46 11.831474918872118,46.623107772320509,1780.02 11.831617159768939,46.623158985748887,1778.0999999999999 11.831696452572942,46.623211205005646,1776.6500000000001 11.831780020147562,46.623295526951551,1774.25 11.831900887191296,46.623364258557558,1771.8499999999999 11.832038434222341,46.623389488086104,1769.4400000000001 11.832203138619661,46.623467858880758,1767.52 11.8323530908674,46.62355151027441,1765.1199999999999 11.832465240731835,46.623610937967896,1763.2 11.832593567669392,46.623678412288427,1760.3099999999999 11.832701358944178,46.623672544956207,1758.8699999999999 11.832828344777226,46.623634994029999,1756.47 11.832969076931477,46.623588306829333,1753.5799999999999 11.833126740530133,46.623561568558216,1751.1800000000001 11.833332432433963,46.623574225232005,1748.29 11.833509290590882,46.62361990660429,1745.4100000000001 11.833678353577852,46.623691990971565,1743.49 11.833830317482352,46.623787041753531,1741.5699999999999 11.833954369649291,46.623909920454025,1739.1600000000001 11.833956632763147,46.623920733109117,1738.6800000000001 11.833970546722412,46.623902795836329,1738.2 11.834018491208553,46.623960547149181,1736.76 11.834108009934425,46.624043863266706,1734.8399999999999 11.834220997989178,46.624119887128472,1732.4300000000001 11.834367429837584,46.624200521036983,1730.51 11.834482932463288,46.62425709888339,1728.5899999999999 11.834645122289658,46.62434502504766,1726.6700000000001 11.834664903581142,46.624357849359512,1725.7 11.834770096465945,46.624452481046319,1724.26 11.834863303229213,46.624555829912424,1721.8599999999999 11.834894986823201,46.624579802155495,1720.9000000000001 11.834844946861267,46.624706787988544,1718.49 11.834666831418872,46.624724306166172,1716.5699999999999 11.834655599668622,46.624804269522429,1714.1700000000001 11.834712931886315,46.624862104654312,1712.73 11.834797002375126,46.624936452135444,1709.8399999999999 11.834896998479962,46.624981462955475,1707.9200000000001 11.835040161386132,46.625004010275006,1705.04 11.835089027881622,46.62502177990973,1704.55 11.835157675668597,46.62504424341023,1704.0699999999999 11.835233950987458,46.625060839578509,1703.1099999999999 11.835308717563748,46.625072238966823,1702.1500000000001 11.835459843277931,46.62511020898819,1700.71 11.835651118308306,46.625192603096366,1698.79 11.835752623155713,46.625258820131421,1697.3399999999999 11.835764022544026,46.625264519825578,1697.3399999999999 11.8359484244138,46.625345153734088,1694.9400000000001 11.836103908717632,46.625403156504035,1691.0999999999999 11.836127797141671,46.625425787642598,1690.6199999999999 11.836170544847846,46.625553276389837,1687.25 11.8361780885607,46.625593425706029,1686.77 11.836195606738329,46.625647069886327,1685.3299999999999 11.836215555667877,46.62581386975944,1682.4400000000001 11.836257549002767,46.625897521153092,1681 11.836325190961361,46.626090556383133,1680.04 11.836308175697923,46.626140931621194,1679.5599999999999 11.836311863735318,46.626149648800492,1679.0799999999999 11.836344301700592,46.626192815601826,1679.0799999999999 11.836426025256515,46.626316364854574,1677.6400000000001 11.836504731327295,46.62639188580215,1675.72 11.836575390771031,46.626501688733697,1673.79 11.83663004077971,46.626596488058567,1670.9100000000001 11.836662981659174,46.626616101711988,1669.95 11.836729366332293,46.626647533848882,1669.47 11.836894992738962,46.62667385302484,1667.0599999999999 11.837073946371675,46.626707883551717,1664.1800000000001 11.837168410420418,46.626732693985105,1662.74 11.837269496172667,46.62675398401916,1662.26 11.837368905544281,46.626847693696618,1659.3699999999999 11.837426824495196,46.626962022855878,1657.9300000000001 11.83749102987349,46.62707501091063,1656.01 11.837567808106542,46.627167630940676,1655.05 11.837686747312546,46.627214318141341,1653.1199999999999 11.837745252996683,46.627210965380073,1652.1600000000001 11.837758915498853,46.627207947894931,1652.1600000000001 11.837914735078812,46.62718347273767,1649.76 11.837975587695837,46.627162182703614,1649.28 11.838104333728552,46.627128822728992,1647.3599999999999 11.838264595717192,46.627055648714304,1645.4300000000001 11.838322011753917,46.627062773332,1645.4300000000001 11.838475903496146,46.627212222665548,1643.03 11.838602218776941,46.627313392236829,1641.5899999999999 11.838621664792299,46.627335688099265,1641.5899999999999 11.838711267337203,46.627406682819128,1640.6300000000001 11.838842276483774,46.627526208758354,1639.1900000000001 11.838982002809644,46.627651518210769,1637.26 11.839089710265398,46.627758890390396,1635.8199999999999 11.839132709428668,46.627792753279209,1635.3399999999999 11.839250307530165,46.627923343330622,1633.4200000000001 11.839285511523485,46.627956116572022,1632.46 11.839411072432995,46.628047898411751,1631.49 11.839523306116462,46.628152001649141,1629.5699999999999 11.839550631120801,46.628192570060492,1629.0899999999999 11.839596144855022,46.628236994147301,1628.1300000000001 11.839611986652017,46.628268342465162,1627.6500000000001 11.839741403236985,46.628389628604054,1626.21 11.839874591678381,46.628515776246786,1623.8 11.839995374903083,46.628633290529251,1622.3599999999999 11.840087659657001,46.628747871145606,1620.9200000000001 11.840188661590219,46.628884999081492,1619 11.840290753170848,46.628998322412372,1617.5599999999999 11.840355629101396,46.629055989906192,1616.5899999999999 11.840508431196213,46.629182640463114,1614.6700000000001 11.840623263269663,46.629273165017366,1613.23 11.840776400640607,46.62938866764307,1610.8299999999999 11.840943954885006,46.629526047036052,1608.4200000000001 11.841080579906702,46.629623780027032,1606.5 11.841222401708364,46.629683207720518,1605.0599999999999 11.84140395373106,46.629758393391967,1603.6199999999999 11.841440917924047,46.629772307351232,1603.6199999999999 11.841639904305339,46.629828717559576,1602.1700000000001 11.841819696128368,46.62988169118762,1601.21 11.841910220682621,46.629913877695799,1600.73 11.841963948681951,46.629926953464746,1600.73 11.842174166813493,46.630003815516829,1599.29 11.842288831248879,46.630047736689448,1598.3299999999999 11.842481447383761,46.630106410011649,1597.3699999999999 11.842557722702622,46.630115462467074,1597.3699999999999 11.842704741284251,46.63014018908143,1596.8900000000001 11.84299249202013,46.630187630653381,1596.4100000000001 11.843263059854507,46.630203891545534,1596.4100000000001 11.843301029875875,46.630206657573581,1596.4100000000001 11.843557097017765,46.630247728899121,1595.45 11.843744516372681,46.630284944549203,1594.48 11.84373521246016,46.630263403058052,1594 11.843745354562998,46.630165670067072,1593.52 11.843836382031441,46.630098531022668,1592.5599999999999 11.843900671228766,46.630082437768579,1591.5999999999999 11.844001673161983,46.630136165767908,1590.6400000000001 11.844131173565984,46.630248902365565,1589.6800000000001 11.844261847436428,46.630309419706464,1588.72 11.844377433881164,46.630313778296113,1587.27 11.844250950962305,46.630301708355546,1588.24 11.844040397554636,46.630268767476082,1589.2 11.843978874385357,46.630181847140193,1590.1600000000001 11.844005528837442,46.630157623440027,1589.6800000000001 11.843978874385357,46.630079755559564,1590.1600000000001 11.843768237158656,46.630143290385604,1591.5999999999999 11.843703612685204,46.630210177972913,1592.0799999999999 11.843659859150648,46.630319561809301,1592.5599999999999 11.843691878020763,46.630323082208633,1593.04 11.843752646818757,46.630331380292773,1592.5599999999999 11.843867981806397,46.630341522395611,1591.5999999999999 11.844097981229424,46.630407236516476,1590.1600000000001 11.844346756115556,46.630466831848025,1589.2 11.84456393122673,46.630507400259376,1587.75 11.844717906787992,46.630531288683414,1586.3099999999999 11.844770712777972,46.630539335310459,1585.8299999999999 11.844987804070115,46.630603959783912,1584.8699999999999 11.845103306695819,46.63064687512815,1583.9100000000001 11.845273794606328,46.63068107329309,1582.95 11.845421316102147,46.630714517086744,1581.51 11.845560288056731,46.630772603675723,1581.03 11.845595994964242,46.630782997235656,1580.0599999999999 11.845728764310479,46.630831528455019,1579.0999999999999 11.845932276919484,46.630902355536819,1578.1400000000001 11.846148194745183,46.630964381620288,1576.7 11.846240311861038,46.630987599492073,1575.26 11.846444495022297,46.631052475422621,1574.3 11.846459833905101,46.631058258935809,1573.8199999999999 11.84651599265635,46.631078626960516,1573.3299999999999 11.846654629334807,46.631102850660682,1572.3699999999999 11.846864344552159,46.631148112937808,1570.45 11.847026366740465,46.631187675520778,1569.01 11.847262652590871,46.631238386034966,1567.0899999999999 11.84744386933744,46.631276858970523,1565.1600000000001 11.847647968679667,46.631373334676027,1562.28 11.847686357796192,46.631402503699064,1561.8 11.847709324210882,46.631435612216592,1561.8 11.847862042486668,46.631485316902399,1563.24 11.847870927304029,46.631486993283033,1563.24 11.847930606454611,46.631492609158158,1562.76 11.848118444904685,46.631528902798891,1560.8399999999999 11.848236545920372,46.631573745980859,1559.4000000000001 11.848321538418531,46.6315957903862,1558.4300000000001 11.848539635539055,46.631679525598884,1556.51 11.848577689379454,46.631689500063658,1556.03 11.848619263619184,46.631685979664326,1555.55 11.848623622208834,46.631700396537781,1555.0699999999999 11.848618509247899,46.631700815632939,1554.5899999999999 11.848600069060922,46.631711209192872,1554.5899999999999 11.848635273054242,46.631695618852973,1554.1099999999999 11.848636362701654,46.631706263870001,1554.1099999999999 11.848591435700655,46.631704922765493,1554.1099999999999 </coordinates></LineString></MultiGeometry></Placemark></Folder></Folder></Document></kml>