<?xml version="1.0" encoding="utf-8"?><kml xmlns="http://www.opengis.net/kml/2.2" xmlns:xsi="http://www.w3.org/2001/XMLSchema-instance" xmlns:kmlx="http://www.google.com/kml/ext/2.2" xmlns:atom="http://www.w3.org/2005/Atom" xmlns:gpxx="http://www.garmin.com/xmlschemas/GpxExtensions/v3"><Document><Style id="point"><IconStyle><scale>0.9</scale><Icon><href>http://maps.google.com/mapfiles/kml/shapes/placemark_circle.png</href></Icon></IconStyle></Style><Folder><name>Tracce</name><Folder><name>Rifugio Toesca</name><Folder><name>Punti</name><Style><ListStyle><listItemType>checkHideChildren</listItemType></ListStyle></Style><Placemark><TimeSpan><begin>2019-09-08T08:24:03Z</begin><end>2019-09-08T08:24:03Z</end></TimeSpan><Style><IconStyle><scale>0.9</scale><Icon><href>http://connect.garmin.com/image/main/icons/kml/grn-play.png</href></Icon></IconStyle></Style><Point><altitudeMode>clampToGround</altitudeMode><coordinates>7.145656859502196,45.099875740706921,1347.9100000000001</coordinates></Point></Placemark><Placemark><TimeSpan><begin>2019-09-08T08:24:03Z</begin><end>2019-09-08T08:24:28Z</end></TimeSpan><styleUrl>#point</styleUrl><Point><altitudeMode>clampToGround</altitudeMode><coordinates>7.145537501201034,45.09985470212996,1348.3900000000001</coordinates></Point></Placemark><Placemark><TimeSpan><begin>2019-09-08T08:24:28Z</begin><end>2019-09-08T08:24:49Z</end></TimeSpan><styleUrl>#point</styleUrl><Point><altitudeMode>clampToGround</altitudeMode><coordinates>7.145530544221401,45.099812541157007,1348.8699999999999</coordinates></Point></Placemark><Placemark><TimeSpan><begin>2019-09-08T08:24:49Z</begin><end>2019-09-08T08:24:54Z</end></TimeSpan><styleUrl>#point</styleUrl><Point><altitudeMode>clampToGround</altitudeMode><coordinates>7.145499112084508,45.099772727116942,1349.3499999999999</coordinates></Point></Placemark><Placemark><TimeSpan><begin>2019-09-08T08:24:54Z</begin><end>2019-09-08T08:25:08Z</end></TimeSpan><styleUrl>#point</styleUrl><Point><altitudeMode>clampToGround</altitudeMode><coordinates>7.14531890116632,45.099701229482889,1350.79</coordinates></Point></Placemark><Placemark><TimeSpan><begin>2019-09-08T08:25:08Z</begin><end>2019-09-08T08:25:24Z</end></TimeSpan><styleUrl>#point</styleUrl><Point><altitudeMode>clampToGround</altitudeMode><coordinates>7.145170290023089,45.099561670795083,1348.8699999999999</coordinates></Point></Placemark><Placemark><TimeSpan><begin>2019-09-08T08:25:24Z</begin><end>2019-09-08T08:25:26Z</end></TimeSpan><styleUrl>#point</styleUrl><Point><altitudeMode>clampToGround</altitudeMode><coordinates>7.145165260881186,45.099539374932647,1348.8699999999999</coordinates></Point></Placemark><Placemark><TimeSpan><begin>2019-09-08T08:25:26Z</begin><end>2019-09-08T08:25:30Z</end></TimeSpan><styleUrl>#point</styleUrl><Point><altitudeMode>clampToGround</altitudeMode><coordinates>7.145121339708567,45.099486066028476,1348.8699999999999</coordinates></Point></Placemark><Placemark><TimeSpan><begin>2019-09-08T08:25:30Z</begin><end>2019-09-08T08:25:39Z</end></TimeSpan><styleUrl>#point</styleUrl><Point><altitudeMode>clampToGround</altitudeMode><coordinates>7.145031988620758,45.099373999983072,1348.8699999999999</coordinates></Point></Placemark><Placemark><TimeSpan><begin>2019-09-08T08:25:39Z</begin><end>2019-09-08T08:25:46Z</end></TimeSpan><styleUrl>#point</styleUrl><Point><altitudeMode>clampToGround</altitudeMode><coordinates>7.144961999729276,45.099301412701607,1350.3099999999999</coordinates></Point></Placemark><Placemark><TimeSpan><begin>2019-09-08T08:25:46Z</begin><end>2019-09-08T08:25:58Z</end></TimeSpan><styleUrl>#point</styleUrl><Point><altitudeMode>clampToGround</altitudeMode><coordinates>7.144846161827445,45.099235195666552,1351.27</coordinates></Point></Placemark><Placemark><TimeSpan><begin>2019-09-08T08:25:58Z</begin><end>2019-09-08T08:26:10Z</end></TimeSpan><styleUrl>#point</styleUrl><Point><altitudeMode>clampToGround</altitudeMode><coordinates>7.14470760896802,45.099207535386086,1351.75</coordinates></Point></Placemark><Placemark><TimeSpan><begin>2019-09-08T08:26:10Z</begin><end>2019-09-08T08:26:22Z</end></TimeSpan><styleUrl>#point</styleUrl><Point><altitudeMode>clampToGround</altitudeMode><coordinates>7.144683385267854,45.099082309752703,1353.6700000000001</coordinates></Point></Placemark><Placemark><TimeSpan><begin>2019-09-08T08:26:22Z</begin><end>2019-09-08T08:26:26Z</end></TimeSpan><styleUrl>#point</styleUrl><Point><altitudeMode>clampToGround</altitudeMode><coordinates>7.14469688013196,45.099054230377078,1354.1500000000001</coordinates></Point></Placemark><Placemark><TimeSpan><begin>2019-09-08T08:26:26Z</begin><end>2019-09-08T08:26:31Z</end></TimeSpan><styleUrl>#point</styleUrl><Point><altitudeMode>clampToGround</altitudeMode><coordinates>7.14471054263413,45.099000670015812,1355.5999999999999</coordinates></Point></Placemark><Placemark><TimeSpan><begin>2019-09-08T08:26:31Z</begin><end>2019-09-08T08:26:39Z</end></TimeSpan><styleUrl>#point</styleUrl><Point><altitudeMode>clampToGround</altitudeMode><coordinates>7.14467978104949,45.098931351676583,1357.04</coordinates></Point></Placemark><Placemark><TimeSpan><begin>2019-09-08T08:26:39Z</begin><end>2019-09-08T08:26:53Z</end></TimeSpan><styleUrl>#point</styleUrl><Point><altitudeMode>clampToGround</altitudeMode><coordinates>7.144672069698572,45.098771760240197,1360.4000000000001</coordinates></Point></Placemark><Placemark><TimeSpan><begin>2019-09-08T08:26:53Z</begin><end>2019-09-08T08:26:57Z</end></TimeSpan><styleUrl>#point</styleUrl><Point><altitudeMode>clampToGround</altitudeMode><coordinates>7.144658658653498,45.098726833239198,1361.3599999999999</coordinates></Point></Placemark><Placemark><TimeSpan><begin>2019-09-08T08:26:57Z</begin><end>2019-09-08T08:27:11Z</end></TimeSpan><styleUrl>#point</styleUrl><Point><altitudeMode>clampToGround</altitudeMode><coordinates>7.144608115777373,45.098561961203814,1363.29</coordinates></Point></Placemark><Placemark><TimeSpan><begin>2019-09-08T08:27:11Z</begin><end>2019-09-08T08:27:13Z</end></TimeSpan><styleUrl>#point</styleUrl><Point><altitudeMode>clampToGround</altitudeMode><coordinates>7.144594117999077,45.098546203225851,1363.77</coordinates></Point></Placemark><Placemark><TimeSpan><begin>2019-09-08T08:27:13Z</begin><end>2019-09-08T08:27:15Z</end></TimeSpan><styleUrl>#point</styleUrl><Point><altitudeMode>clampToGround</altitudeMode><coordinates>7.144583305343986,45.098519548773766,1363.77</coordinates></Point></Placemark><Placemark><TimeSpan><begin>2019-09-08T08:27:15Z</begin><end>2019-09-08T08:27:17Z</end></TimeSpan><styleUrl>#point</styleUrl><Point><altitudeMode>clampToGround</altitudeMode><coordinates>7.144581293687224,45.098498929291964,1364.25</coordinates></Point></Placemark><Placemark><TimeSpan><begin>2019-09-08T08:27:17Z</begin><end>2019-09-08T08:27:27Z</end></TimeSpan><styleUrl>#point</styleUrl><Point><altitudeMode>clampToGround</altitudeMode><coordinates>7.144525218755007,45.098360041156411,1364.73</coordinates></Point></Placemark><Placemark><TimeSpan><begin>2019-09-08T08:27:27Z</begin><end>2019-09-08T08:27:36Z</end></TimeSpan><styleUrl>#point</styleUrl><Point><altitudeMode>clampToGround</altitudeMode><coordinates>7.144540389999747,45.098255518823862,1365.21</coordinates></Point></Placemark><Placemark><TimeSpan><begin>2019-09-08T08:27:36Z</begin><end>2019-09-08T08:27:43Z</end></TimeSpan><styleUrl>#point</styleUrl><Point><altitudeMode>clampToGround</altitudeMode><coordinates>7.144580623134971,45.098176896572113,1365.6900000000001</coordinates></Point></Placemark><Placemark><TimeSpan><begin>2019-09-08T08:27:43Z</begin><end>2019-09-08T08:27:55Z</end></TimeSpan><styleUrl>#point</styleUrl><Point><altitudeMode>clampToGround</altitudeMode><coordinates>7.144657988101244,45.098063489422202,1367.6099999999999</coordinates></Point></Placemark><Placemark><TimeSpan><begin>2019-09-08T08:27:55Z</begin><end>2019-09-08T08:28:07Z</end></TimeSpan><styleUrl>#point</styleUrl><Point><altitudeMode>clampToGround</altitudeMode><coordinates>7.144698137417436,45.097937090322375,1369.05</coordinates></Point></Placemark><Placemark><TimeSpan><begin>2019-09-08T08:28:07Z</begin><end>2019-09-08T08:28:19Z</end></TimeSpan><styleUrl>#point</styleUrl><Point><altitudeMode>clampToGround</altitudeMode><coordinates>7.1447086147964,45.097809853032231,1370.98</coordinates></Point></Placemark><Placemark><TimeSpan><begin>2019-09-08T08:28:19Z</begin><end>2019-09-08T08:28:22Z</end></TimeSpan><styleUrl>#point</styleUrl><Point><altitudeMode>clampToGround</altitudeMode><coordinates>7.144693024456501,45.097774565219879,1370.98</coordinates></Point></Placemark><Placemark><TimeSpan><begin>2019-09-08T08:28:22Z</begin><end>2019-09-08T08:28:30Z</end></TimeSpan><styleUrl>#point</styleUrl><Point><altitudeMode>clampToGround</altitudeMode><coordinates>7.144651534035802,45.097675658762455,1372.4200000000001</coordinates></Point></Placemark><Placemark><TimeSpan><begin>2019-09-08T08:28:30Z</begin><end>2019-09-08T08:28:38Z</end></TimeSpan><styleUrl>#point</styleUrl><Point><altitudeMode>clampToGround</altitudeMode><coordinates>7.144657988101244,45.097596952691674,1373.8599999999999</coordinates></Point></Placemark><Placemark><TimeSpan><begin>2019-09-08T08:28:38Z</begin><end>2019-09-08T08:28:49Z</end></TimeSpan><styleUrl>#point</styleUrl><Point><altitudeMode>clampToGround</altitudeMode><coordinates>7.144595794379711,45.097536770626903,1377.23</coordinates></Point></Placemark><Placemark><TimeSpan><begin>2019-09-08T08:28:49Z</begin><end>2019-09-08T08:29:00Z</end></TimeSpan><styleUrl>#point</styleUrl><Point><altitudeMode>clampToGround</altitudeMode><coordinates>7.144538043066859,45.097473151981831,1380.1099999999999</coordinates></Point></Placemark><Placemark><TimeSpan><begin>2019-09-08T08:29:00Z</begin><end>2019-09-08T08:29:03Z</end></TimeSpan><styleUrl>#point</styleUrl><Point><altitudeMode>clampToGround</altitudeMode><coordinates>7.144524548202753,45.097444066777825,1381.0699999999999</coordinates></Point></Placemark><Placemark><TimeSpan><begin>2019-09-08T08:29:03Z</begin><end>2019-09-08T08:29:14Z</end></TimeSpan><styleUrl>#point</styleUrl><Point><altitudeMode>clampToGround</altitudeMode><coordinates>7.144446428865194,45.097301155328751,1383.47</coordinates></Point></Placemark><Placemark><TimeSpan><begin>2019-09-08T08:29:14Z</begin><end>2019-09-08T08:29:18Z</end></TimeSpan><styleUrl>#point</styleUrl><Point><altitudeMode>clampToGround</altitudeMode><coordinates>7.144446177408099,45.09724885225296,1383.96</coordinates></Point></Placemark><Placemark><TimeSpan><begin>2019-09-08T08:29:18Z</begin><end>2019-09-08T08:29:31Z</end></TimeSpan><styleUrl>#point</styleUrl><Point><altitudeMode>clampToGround</altitudeMode><coordinates>7.144427988678217,45.097117256373167,1384.4400000000001</coordinates></Point></Placemark><Placemark><TimeSpan><begin>2019-09-08T08:29:31Z</begin><end>2019-09-08T08:29:45Z</end></TimeSpan><styleUrl>#point</styleUrl><Point><altitudeMode>clampToGround</altitudeMode><coordinates>7.144378116354346,45.096976524218917,1385.4000000000001</coordinates></Point></Placemark><Placemark><TimeSpan><begin>2019-09-08T08:29:45Z</begin><end>2019-09-08T08:29:53Z</end></TimeSpan><styleUrl>#point</styleUrl><Point><altitudeMode>clampToGround</altitudeMode><coordinates>7.144374847412109,45.096911732107401,1385.8800000000001</coordinates></Point></Placemark><Placemark><TimeSpan><begin>2019-09-08T08:29:53Z</begin><end>2019-09-08T08:30:00Z</end></TimeSpan><styleUrl>#point</styleUrl><Point><altitudeMode>clampToGround</altitudeMode><coordinates>7.144373673945665,45.096846772357821,1386.8399999999999</coordinates></Point></Placemark><Placemark><TimeSpan><begin>2019-09-08T08:30:00Z</begin><end>2019-09-08T08:30:09Z</end></TimeSpan><styleUrl>#point</styleUrl><Point><altitudeMode>clampToGround</altitudeMode><coordinates>7.144385660067201,45.096759852021933,1388.28</coordinates></Point></Placemark><Placemark><TimeSpan><begin>2019-09-08T08:30:09Z</begin><end>2019-09-08T08:30:19Z</end></TimeSpan><styleUrl>#point</styleUrl><Point><altitudeMode>clampToGround</altitudeMode><coordinates>7.144326735287905,45.096656419336796,1390.2</coordinates></Point></Placemark><Placemark><TimeSpan><begin>2019-09-08T08:30:19Z</begin><end>2019-09-08T08:30:27Z</end></TimeSpan><styleUrl>#point</styleUrl><Point><altitudeMode>clampToGround</altitudeMode><coordinates>7.144274432212114,45.096579724922776,1391.1700000000001</coordinates></Point></Placemark><Placemark><TimeSpan><begin>2019-09-08T08:30:27Z</begin><end>2019-09-08T08:30:39Z</end></TimeSpan><styleUrl>#point</styleUrl><Point><altitudeMode>clampToGround</altitudeMode><coordinates>7.14425029233098,45.096491379663348,1394.53</coordinates></Point></Placemark><Placemark><TimeSpan><begin>2019-09-08T08:30:39Z</begin><end>2019-09-08T08:30:50Z</end></TimeSpan><styleUrl>#point</styleUrl><Point><altitudeMode>clampToGround</altitudeMode><coordinates>7.144238809123635,45.096392054110765,1397.8900000000001</coordinates></Point></Placemark><Placemark><TimeSpan><begin>2019-09-08T08:30:50Z</begin><end>2019-09-08T08:30:51Z</end></TimeSpan><styleUrl>#point</styleUrl><Point><altitudeMode>clampToGround</altitudeMode><coordinates>7.144236797466874,45.096385180950165,1397.8900000000001</coordinates></Point></Placemark><Placemark><TimeSpan><begin>2019-09-08T08:30:51Z</begin><end>2019-09-08T08:31:01Z</end></TimeSpan><styleUrl>#point</styleUrl><Point><altitudeMode>clampToGround</altitudeMode><coordinates>7.144213914871216,45.096306391060352,1400.78</coordinates></Point></Placemark><Placemark><TimeSpan><begin>2019-09-08T08:31:01Z</begin><end>2019-09-08T08:31:18Z</end></TimeSpan><styleUrl>#point</styleUrl><Point><altitudeMode>clampToGround</altitudeMode><coordinates>7.144297482445836,45.09624419733882,1403.1800000000001</coordinates></Point></Placemark><Placemark><TimeSpan><begin>2019-09-08T08:31:18Z</begin><end>2019-09-08T08:31:30Z</end></TimeSpan><styleUrl>#point</styleUrl><Point><altitudeMode>clampToGround</altitudeMode><coordinates>7.144489847123623,45.096094161272049,1405.5799999999999</coordinates></Point></Placemark><Placemark><TimeSpan><begin>2019-09-08T08:31:30Z</begin><end>2019-09-08T08:31:43Z</end></TimeSpan><styleUrl>#point</styleUrl><Point><altitudeMode>clampToGround</altitudeMode><coordinates>7.144667794927955,45.095958542078733,1407.51</coordinates></Point></Placemark><Placemark><TimeSpan><begin>2019-09-08T08:31:43Z</begin><end>2019-09-08T08:31:45Z</end></TimeSpan><styleUrl>#point</styleUrl><Point><altitudeMode>clampToGround</altitudeMode><coordinates>7.144699227064848,45.095938090234995,1407.51</coordinates></Point></Placemark><Placemark><TimeSpan><begin>2019-09-08T08:31:45Z</begin><end>2019-09-08T08:31:50Z</end></TimeSpan><styleUrl>#point</styleUrl><Point><altitudeMode>clampToGround</altitudeMode><coordinates>7.144753709435463,45.095874639227986,1408.95</coordinates></Point></Placemark><Placemark><TimeSpan><begin>2019-09-08T08:31:50Z</begin><end>2019-09-08T08:32:01Z</end></TimeSpan><styleUrl>#point</styleUrl><Point><altitudeMode>clampToGround</altitudeMode><coordinates>7.144800899550319,45.095777995884418,1409.9100000000001</coordinates></Point></Placemark><Placemark><TimeSpan><begin>2019-09-08T08:32:01Z</begin><end>2019-09-08T08:32:16Z</end></TimeSpan><styleUrl>#point</styleUrl><Point><altitudeMode>clampToGround</altitudeMode><coordinates>7.144644660875201,45.095756286755204,1412.3099999999999</coordinates></Point></Placemark><Placemark><TimeSpan><begin>2019-09-08T08:32:16Z</begin><end>2019-09-08T08:32:30Z</end></TimeSpan><styleUrl>#point</styleUrl><Point><altitudeMode>clampToGround</altitudeMode><coordinates>7.14456302113831,45.095689482986927,1413.76</coordinates></Point></Placemark><Placemark><TimeSpan><begin>2019-09-08T08:32:30Z</begin><end>2019-09-08T08:32:44Z</end></TimeSpan><styleUrl>#point</styleUrl><Point><altitudeMode>clampToGround</altitudeMode><coordinates>7.144555561244488,45.095527460798621,1417.1199999999999</coordinates></Point></Placemark><Placemark><TimeSpan><begin>2019-09-08T08:32:44Z</begin><end>2019-09-08T08:33:00Z</end></TimeSpan><styleUrl>#point</styleUrl><Point><altitudeMode>clampToGround</altitudeMode><coordinates>7.144528655335307,45.095478175207973,1417.5999999999999</coordinates></Point></Placemark><Placemark><TimeSpan><begin>2019-09-08T08:33:00Z</begin><end>2019-09-08T08:33:17Z</end></TimeSpan><styleUrl>#point</styleUrl><Point><altitudeMode>clampToGround</altitudeMode><coordinates>7.144523039460182,45.095477588474751,1417.5999999999999</coordinates></Point></Placemark><Placemark><TimeSpan><begin>2019-09-08T08:33:17Z</begin><end>2019-09-08T08:33:20Z</end></TimeSpan><styleUrl>#point</styleUrl><Point><altitudeMode>clampToGround</altitudeMode><coordinates>7.144529996439815,45.095469709485769,1417.5999999999999</coordinates></Point></Placemark><Placemark><TimeSpan><begin>2019-09-08T08:33:20Z</begin><end>2019-09-08T08:33:23Z</end></TimeSpan><styleUrl>#point</styleUrl><Point><altitudeMode>clampToGround</altitudeMode><coordinates>7.144530583173037,45.095432577654719,1417.5999999999999</coordinates></Point></Placemark><Placemark><TimeSpan><begin>2019-09-08T08:33:23Z</begin><end>2019-09-08T08:33:40Z</end></TimeSpan><styleUrl>#point</styleUrl><Point><altitudeMode>clampToGround</altitudeMode><coordinates>7.144596045836806,45.095400810241699,1419.04</coordinates></Point></Placemark><Placemark><TimeSpan><begin>2019-09-08T08:33:40Z</begin><end>2019-09-08T08:33:52Z</end></TimeSpan><styleUrl>#point</styleUrl><Point><altitudeMode>clampToGround</altitudeMode><coordinates>7.144620856270194,45.09538228623569,1419.52</coordinates></Point></Placemark><Placemark><TimeSpan><begin>2019-09-08T08:33:52Z</begin><end>2019-09-08T08:34:07Z</end></TimeSpan><styleUrl>#point</styleUrl><Point><altitudeMode>clampToGround</altitudeMode><coordinates>7.144674835726619,45.095222191885114,1422.4100000000001</coordinates></Point></Placemark><Placemark><TimeSpan><begin>2019-09-08T08:34:07Z</begin><end>2019-09-08T08:34:19Z</end></TimeSpan><styleUrl>#point</styleUrl><Point><altitudeMode>clampToGround</altitudeMode><coordinates>7.144643319770694,45.095128566026688,1425.29</coordinates></Point></Placemark><Placemark><TimeSpan><begin>2019-09-08T08:34:19Z</begin><end>2019-09-08T08:34:27Z</end></TimeSpan><styleUrl>#point</styleUrl><Point><altitudeMode>clampToGround</altitudeMode><coordinates>7.144624628126621,45.095056062564254,1428.6600000000001</coordinates></Point></Placemark><Placemark><TimeSpan><begin>2019-09-08T08:34:27Z</begin><end>2019-09-08T08:34:41Z</end></TimeSpan><styleUrl>#point</styleUrl><Point><altitudeMode>clampToGround</altitudeMode><coordinates>7.144606104120612,45.094936285167933,1431.54</coordinates></Point></Placemark><Placemark><TimeSpan><begin>2019-09-08T08:34:41Z</begin><end>2019-09-08T08:34:55Z</end></TimeSpan><styleUrl>#point</styleUrl><Point><altitudeMode>clampToGround</altitudeMode><coordinates>7.144531672820449,45.094793541356921,1434.9100000000001</coordinates></Point></Placemark><Placemark><TimeSpan><begin>2019-09-08T08:34:55Z</begin><end>2019-09-08T08:35:09Z</end></TimeSpan><styleUrl>#point</styleUrl><Point><altitudeMode>clampToGround</altitudeMode><coordinates>7.144514322280884,45.094648953527212,1437.79</coordinates></Point></Placemark><Placemark><TimeSpan><begin>2019-09-08T08:35:09Z</begin><end>2019-09-08T08:35:21Z</end></TimeSpan><styleUrl>#point</styleUrl><Point><altitudeMode>clampToGround</altitudeMode><coordinates>7.144459253177047,45.094527835026383,1440.1900000000001</coordinates></Point></Placemark><Placemark><TimeSpan><begin>2019-09-08T08:35:21Z</begin><end>2019-09-08T08:35:35Z</end></TimeSpan><styleUrl>#point</styleUrl><Point><altitudeMode>clampToGround</altitudeMode><coordinates>7.144391108304262,45.094366315752268,1442.5999999999999</coordinates></Point></Placemark><Placemark><TimeSpan><begin>2019-09-08T08:35:35Z</begin><end>2019-09-08T08:35:48Z</end></TimeSpan><styleUrl>#point</styleUrl><Point><altitudeMode>clampToGround</altitudeMode><coordinates>7.144362106919289,45.094195157289505,1445</coordinates></Point></Placemark><Placemark><TimeSpan><begin>2019-09-08T08:35:48Z</begin><end>2019-09-08T08:36:01Z</end></TimeSpan><styleUrl>#point</styleUrl><Point><altitudeMode>clampToGround</altitudeMode><coordinates>7.144343247637153,45.094044618308544,1445.96</coordinates></Point></Placemark><Placemark><TimeSpan><begin>2019-09-08T08:36:01Z</begin><end>2019-09-08T08:36:16Z</end></TimeSpan><styleUrl>#point</styleUrl><Point><altitudeMode>clampToGround</altitudeMode><coordinates>7.144336123019457,45.093899359926581,1448.3599999999999</coordinates></Point></Placemark><Placemark><TimeSpan><begin>2019-09-08T08:36:16Z</begin><end>2019-09-08T08:36:23Z</end></TimeSpan><styleUrl>#point</styleUrl><Point><altitudeMode>clampToGround</altitudeMode><coordinates>7.144317347556353,45.093822665512562,1448.8399999999999</coordinates></Point></Placemark><Placemark><TimeSpan><begin>2019-09-08T08:36:23Z</begin><end>2019-09-08T08:36:31Z</end></TimeSpan><styleUrl>#point</styleUrl><Point><altitudeMode>clampToGround</altitudeMode><coordinates>7.1442976500839,45.093718562275171,1450.29</coordinates></Point></Placemark><Placemark><TimeSpan><begin>2019-09-08T08:36:31Z</begin><end>2019-09-08T08:36:45Z</end></TimeSpan><styleUrl>#point</styleUrl><Point><altitudeMode>clampToGround</altitudeMode><coordinates>7.144226068630815,45.093494681641459,1452.6900000000001</coordinates></Point></Placemark><Placemark><TimeSpan><begin>2019-09-08T08:36:45Z</begin><end>2019-09-08T08:36:51Z</end></TimeSpan><styleUrl>#point</styleUrl><Point><altitudeMode>clampToGround</altitudeMode><coordinates>7.144220201298595,45.093403067439795,1453.1700000000001</coordinates></Point></Placemark><Placemark><TimeSpan><begin>2019-09-08T08:36:51Z</begin><end>2019-09-08T08:37:07Z</end></TimeSpan><styleUrl>#point</styleUrl><Point><altitudeMode>clampToGround</altitudeMode><coordinates>7.144256997853518,45.093228807672858,1456.05</coordinates></Point></Placemark><Placemark><TimeSpan><begin>2019-09-08T08:37:07Z</begin><end>2019-09-08T08:37:22Z</end></TimeSpan><styleUrl>#point</styleUrl><Point><altitudeMode>clampToGround</altitudeMode><coordinates>7.144258255138993,45.093056056648493,1458.9400000000001</coordinates></Point></Placemark><Placemark><TimeSpan><begin>2019-09-08T08:37:22Z</begin><end>2019-09-08T08:37:36Z</end></TimeSpan><styleUrl>#point</styleUrl><Point><altitudeMode>clampToGround</altitudeMode><coordinates>7.144287843257189,45.092906942591071,1461.3399999999999</coordinates></Point></Placemark><Placemark><TimeSpan><begin>2019-09-08T08:37:36Z</begin><end>2019-09-08T08:37:51Z</end></TimeSpan><styleUrl>#point</styleUrl><Point><altitudeMode>clampToGround</altitudeMode><coordinates>7.144287843257189,45.092750452458858,1463.74</coordinates></Point></Placemark><Placemark><TimeSpan><begin>2019-09-08T08:37:51Z</begin><end>2019-09-08T08:37:59Z</end></TimeSpan><styleUrl>#point</styleUrl><Point><altitudeMode>clampToGround</altitudeMode><coordinates>7.1443528868258,45.092643750831485,1465.6700000000001</coordinates></Point></Placemark><Placemark><TimeSpan><begin>2019-09-08T08:37:59Z</begin><end>2019-09-08T08:38:13Z</end></TimeSpan><styleUrl>#point</styleUrl><Point><altitudeMode>clampToGround</altitudeMode><coordinates>7.144342325627804,45.092484494671226,1467.5899999999999</coordinates></Point></Placemark><Placemark><TimeSpan><begin>2019-09-08T08:38:13Z</begin><end>2019-09-08T08:38:15Z</end></TimeSpan><styleUrl>#point</styleUrl><Point><altitudeMode>clampToGround</altitudeMode><coordinates>7.144352551549673,45.092458678409457,1467.5899999999999</coordinates></Point></Placemark><Placemark><TimeSpan><begin>2019-09-08T08:38:15Z</begin><end>2019-09-08T08:38:28Z</end></TimeSpan><styleUrl>#point</styleUrl><Point><altitudeMode>clampToGround</altitudeMode><coordinates>7.144313156604767,45.09228777140379,1469.03</coordinates></Point></Placemark><Placemark><TimeSpan><begin>2019-09-08T08:38:28Z</begin><end>2019-09-08T08:38:36Z</end></TimeSpan><styleUrl>#point</styleUrl><Point><altitudeMode>clampToGround</altitudeMode><coordinates>7.144282814115286,45.092200096696615,1469.99</coordinates></Point></Placemark><Placemark><TimeSpan><begin>2019-09-08T08:38:36Z</begin><end>2019-09-08T08:38:43Z</end></TimeSpan><styleUrl>#point</styleUrl><Point><altitudeMode>clampToGround</altitudeMode><coordinates>7.1442786231637,45.092113176360726,1470.47</coordinates></Point></Placemark><Placemark><TimeSpan><begin>2019-09-08T08:38:43Z</begin><end>2019-09-08T08:38:56Z</end></TimeSpan><styleUrl>#point</styleUrl><Point><altitudeMode>clampToGround</altitudeMode><coordinates>7.144171418622136,45.091985100880265,1472.8800000000001</coordinates></Point></Placemark><Placemark><TimeSpan><begin>2019-09-08T08:38:56Z</begin><end>2019-09-08T08:39:07Z</end></TimeSpan><styleUrl>#point</styleUrl><Point><altitudeMode>clampToGround</altitudeMode><coordinates>7.144095143303275,45.091840261593461,1474.3199999999999</coordinates></Point></Placemark><Placemark><TimeSpan><begin>2019-09-08T08:39:07Z</begin><end>2019-09-08T08:39:11Z</end></TimeSpan><styleUrl>#point</styleUrl><Point><altitudeMode>clampToGround</altitudeMode><coordinates>7.144084833562374,45.091798603534698,1475.28</coordinates></Point></Placemark><Placemark><TimeSpan><begin>2019-09-08T08:39:11Z</begin><end>2019-09-08T08:39:26Z</end></TimeSpan><styleUrl>#point</styleUrl><Point><altitudeMode>clampToGround</altitudeMode><coordinates>7.144116098061204,45.091669857501984,1477.6800000000001</coordinates></Point></Placemark><Placemark><TimeSpan><begin>2019-09-08T08:39:26Z</begin><end>2019-09-08T08:39:41Z</end></TimeSpan><styleUrl>#point</styleUrl><Point><altitudeMode>clampToGround</altitudeMode><coordinates>7.144163371995091,45.091524347662926,1480.5699999999999</coordinates></Point></Placemark><Placemark><TimeSpan><begin>2019-09-08T08:39:41Z</begin><end>2019-09-08T08:39:54Z</end></TimeSpan><styleUrl>#point</styleUrl><Point><altitudeMode>clampToGround</altitudeMode><coordinates>7.144145267084241,45.091387303546071,1481.53</coordinates></Point></Placemark><Placemark><TimeSpan><begin>2019-09-08T08:39:54Z</begin><end>2019-09-08T08:40:06Z</end></TimeSpan><styleUrl>#point</styleUrl><Point><altitudeMode>clampToGround</altitudeMode><coordinates>7.14414325542748,45.091259395703673,1483.45</coordinates></Point></Placemark><Placemark><TimeSpan><begin>2019-09-08T08:40:06Z</begin><end>2019-09-08T08:40:09Z</end></TimeSpan><styleUrl>#point</styleUrl><Point><altitudeMode>clampToGround</altitudeMode><coordinates>7.144141411408782,45.091209104284644,1483.45</coordinates></Point></Placemark><Placemark><TimeSpan><begin>2019-09-08T08:40:09Z</begin><end>2019-09-08T08:40:17Z</end></TimeSpan><styleUrl>#point</styleUrl><Point><altitudeMode>clampToGround</altitudeMode><coordinates>7.144081648439169,45.091127632185817,1482.01</coordinates></Point></Placemark><Placemark><TimeSpan><begin>2019-09-08T08:40:17Z</begin><end>2019-09-08T08:40:33Z</end></TimeSpan><styleUrl>#point</styleUrl><Point><altitudeMode>clampToGround</altitudeMode><coordinates>7.143952818587422,45.090914899483323,1479.6099999999999</coordinates></Point></Placemark><Placemark><TimeSpan><begin>2019-09-08T08:40:33Z</begin><end>2019-09-08T08:40:39Z</end></TimeSpan><styleUrl>#point</styleUrl><Point><altitudeMode>clampToGround</altitudeMode><coordinates>7.143924068659544,45.090829404070973,1479.1300000000001</coordinates></Point></Placemark><Placemark><TimeSpan><begin>2019-09-08T08:40:39Z</begin><end>2019-09-08T08:40:43Z</end></TimeSpan><styleUrl>#point</styleUrl><Point><altitudeMode>clampToGround</altitudeMode><coordinates>7.143896073102951,45.090771904215217,1478.6500000000001</coordinates></Point></Placemark><Placemark><TimeSpan><begin>2019-09-08T08:40:43Z</begin><end>2019-09-08T08:40:48Z</end></TimeSpan><styleUrl>#point</styleUrl><Point><altitudeMode>clampToGround</altitudeMode><coordinates>7.143874699249864,45.090706693008542,1478.6500000000001</coordinates></Point></Placemark><Placemark><TimeSpan><begin>2019-09-08T08:40:48Z</begin><end>2019-09-08T08:40:55Z</end></TimeSpan><styleUrl>#point</styleUrl><Point><altitudeMode>clampToGround</altitudeMode><coordinates>7.143855253234506,45.090608121827245,1478.1600000000001</coordinates></Point></Placemark><Placemark><TimeSpan><begin>2019-09-08T08:40:55Z</begin><end>2019-09-08T08:40:59Z</end></TimeSpan><styleUrl>#point</styleUrl><Point><altitudeMode>clampToGround</altitudeMode><coordinates>7.143866317346692,45.090563697740436,1478.1600000000001</coordinates></Point></Placemark><Placemark><TimeSpan><begin>2019-09-08T08:40:59Z</begin><end>2019-09-08T08:41:14Z</end></TimeSpan><styleUrl>#point</styleUrl><Point><altitudeMode>clampToGround</altitudeMode><coordinates>7.143712677061558,45.090405195951462,1477.6800000000001</coordinates></Point></Placemark><Placemark><TimeSpan><begin>2019-09-08T08:41:14Z</begin><end>2019-09-08T08:41:20Z</end></TimeSpan><styleUrl>#point</styleUrl><Point><altitudeMode>clampToGround</altitudeMode><coordinates>7.143616620451212,45.090380720794201,1477.6800000000001</coordinates></Point></Placemark><Placemark><TimeSpan><begin>2019-09-08T08:41:20Z</begin><end>2019-09-08T08:41:26Z</end></TimeSpan><styleUrl>#point</styleUrl><Point><altitudeMode>clampToGround</altitudeMode><coordinates>7.143535064533353,45.090371165424585,1477.6800000000001</coordinates></Point></Placemark><Placemark><TimeSpan><begin>2019-09-08T08:41:26Z</begin><end>2019-09-08T08:41:32Z</end></TimeSpan><styleUrl>#point</styleUrl><Point><altitudeMode>clampToGround</altitudeMode><coordinates>7.143479073420167,45.090360520407557,1479.1300000000001</coordinates></Point></Placemark><Placemark><TimeSpan><begin>2019-09-08T08:41:32Z</begin><end>2019-09-08T08:41:46Z</end></TimeSpan><styleUrl>#point</styleUrl><Point><altitudeMode>clampToGround</altitudeMode><coordinates>7.143505811691284,45.090249460190535,1480.5699999999999</coordinates></Point></Placemark><Placemark><TimeSpan><begin>2019-09-08T08:41:46Z</begin><end>2019-09-08T08:41:53Z</end></TimeSpan><styleUrl>#point</styleUrl><Point><altitudeMode>clampToGround</altitudeMode><coordinates>7.143500363454223,45.090192882344127,1482.49</coordinates></Point></Placemark><Placemark><TimeSpan><begin>2019-09-08T08:41:53Z</begin><end>2019-09-08T08:41:59Z</end></TimeSpan><styleUrl>#point</styleUrl><Point><altitudeMode>clampToGround</altitudeMode><coordinates>7.143449820578098,45.090130772441626,1483.45</coordinates></Point></Placemark><Placemark><TimeSpan><begin>2019-09-08T08:41:59Z</begin><end>2019-09-08T08:42:12Z</end></TimeSpan><styleUrl>#point</styleUrl><Point><altitudeMode>clampToGround</altitudeMode><coordinates>7.143323002383113,45.090001942589879,1485.8499999999999</coordinates></Point></Placemark><Placemark><TimeSpan><begin>2019-09-08T08:42:12Z</begin><end>2019-09-08T08:42:17Z</end></TimeSpan><styleUrl>#point</styleUrl><Point><altitudeMode>clampToGround</altitudeMode><coordinates>7.143289223313332,45.089960284531116,1486.8199999999999</coordinates></Point></Placemark><Placemark><TimeSpan><begin>2019-09-08T08:42:17Z</begin><end>2019-09-08T08:42:33Z</end></TimeSpan><styleUrl>#point</styleUrl><Point><altitudeMode>clampToGround</altitudeMode><coordinates>7.143103731796145,45.089842434972525,1489.22</coordinates></Point></Placemark><Placemark><TimeSpan><begin>2019-09-08T08:42:33Z</begin><end>2019-09-08T08:42:44Z</end></TimeSpan><styleUrl>#point</styleUrl><Point><altitudeMode>clampToGround</altitudeMode><coordinates>7.142979176715016,45.089749228209257,1491.1400000000001</coordinates></Point></Placemark><Placemark><TimeSpan><begin>2019-09-08T08:42:44Z</begin><end>2019-09-08T08:42:58Z</end></TimeSpan><styleUrl>#point</styleUrl><Point><altitudeMode>clampToGround</altitudeMode><coordinates>7.142815226688981,45.089622661471367,1493.0599999999999</coordinates></Point></Placemark><Placemark><TimeSpan><begin>2019-09-08T08:42:58Z</begin><end>2019-09-08T08:43:06Z</end></TimeSpan><styleUrl>#point</styleUrl><Point><altitudeMode>clampToGround</altitudeMode><coordinates>7.142734928056598,45.089548984542489,1495.47</coordinates></Point></Placemark><Placemark><TimeSpan><begin>2019-09-08T08:43:06Z</begin><end>2019-09-08T08:43:21Z</end></TimeSpan><styleUrl>#point</styleUrl><Point><altitudeMode>clampToGround</altitudeMode><coordinates>7.142621520906687,45.089428871870041,1497.8699999999999</coordinates></Point></Placemark><Placemark><TimeSpan><begin>2019-09-08T08:43:21Z</begin><end>2019-09-08T08:43:33Z</end></TimeSpan><styleUrl>#point</styleUrl><Point><altitudeMode>clampToGround</altitudeMode><coordinates>7.142443237826228,45.089399367570877,1500.76</coordinates></Point></Placemark><Placemark><TimeSpan><begin>2019-09-08T08:43:33Z</begin><end>2019-09-08T08:43:40Z</end></TimeSpan><styleUrl>#point</styleUrl><Point><altitudeMode>clampToGround</altitudeMode><coordinates>7.142369141802192,45.089332228526473,1501.72</coordinates></Point></Placemark><Placemark><TimeSpan><begin>2019-09-08T08:43:40Z</begin><end>2019-09-08T08:43:43Z</end></TimeSpan><styleUrl>#point</styleUrl><Point><altitudeMode>clampToGround</altitudeMode><coordinates>7.142354976385832,45.089302388951182,1502.2</coordinates></Point></Placemark><Placemark><TimeSpan><begin>2019-09-08T08:43:43Z</begin><end>2019-09-08T08:43:47Z</end></TimeSpan><styleUrl>#point</styleUrl><Point><altitudeMode>clampToGround</altitudeMode><coordinates>7.142332931980491,45.089265173301101,1503.1600000000001</coordinates></Point></Placemark><Placemark><TimeSpan><begin>2019-09-08T08:43:47Z</begin><end>2019-09-08T08:44:02Z</end></TimeSpan><styleUrl>#point</styleUrl><Point><altitudeMode>clampToGround</altitudeMode><coordinates>7.142178453505039,45.089145563542843,1505.5599999999999</coordinates></Point></Placemark><Placemark><TimeSpan><begin>2019-09-08T08:44:02Z</begin><end>2019-09-08T08:44:16Z</end></TimeSpan><styleUrl>#point</styleUrl><Point><altitudeMode>clampToGround</altitudeMode><coordinates>7.142008803784847,45.089035760611296,1508.9300000000001</coordinates></Point></Placemark><Placemark><TimeSpan><begin>2019-09-08T08:44:16Z</begin><end>2019-09-08T08:44:21Z</end></TimeSpan><styleUrl>#point</styleUrl><Point><altitudeMode>clampToGround</altitudeMode><coordinates>7.141965720802546,45.088995024561882,1509.4100000000001</coordinates></Point></Placemark><Placemark><TimeSpan><begin>2019-09-08T08:44:21Z</begin><end>2019-09-08T08:44:27Z</end></TimeSpan><styleUrl>#point</styleUrl><Point><altitudeMode>clampToGround</altitudeMode><coordinates>7.141910064965487,45.088937357068062,1509.4100000000001</coordinates></Point></Placemark><Placemark><TimeSpan><begin>2019-09-08T08:44:27Z</begin><end>2019-09-08T08:44:42Z</end></TimeSpan><styleUrl>#point</styleUrl><Point><altitudeMode>clampToGround</altitudeMode><coordinates>7.141784420236945,45.088800648227334,1509.8900000000001</coordinates></Point></Placemark><Placemark><TimeSpan><begin>2019-09-08T08:44:42Z</begin><end>2019-09-08T08:44:54Z</end></TimeSpan><styleUrl>#point</styleUrl><Point><altitudeMode>clampToGround</altitudeMode><coordinates>7.141689034178853,45.088681289926171,1510.3699999999999</coordinates></Point></Placemark><Placemark><TimeSpan><begin>2019-09-08T08:44:54Z</begin><end>2019-09-08T08:44:56Z</end></TimeSpan><styleUrl>#point</styleUrl><Point><altitudeMode>clampToGround</altitudeMode><coordinates>7.141673946753144,45.088663017377257,1510.8499999999999</coordinates></Point></Placemark><Placemark><TimeSpan><begin>2019-09-08T08:44:56Z</begin><end>2019-09-08T08:45:13Z</end></TimeSpan><styleUrl>#point</styleUrl><Point><altitudeMode>clampToGround</altitudeMode><coordinates>7.141503626480699,45.088510466739535,1512.77</coordinates></Point></Placemark><Placemark><TimeSpan><begin>2019-09-08T08:45:13Z</begin><end>2019-09-08T08:45:18Z</end></TimeSpan><styleUrl>#point</styleUrl><Point><altitudeMode>clampToGround</altitudeMode><coordinates>7.141488622874022,45.088471993803978,1513.25</coordinates></Point></Placemark><Placemark><TimeSpan><begin>2019-09-08T08:45:18Z</begin><end>2019-09-08T08:45:21Z</end></TimeSpan><styleUrl>#point</styleUrl><Point><altitudeMode>clampToGround</altitudeMode><coordinates>7.141482420265675,45.088440394029021,1513.73</coordinates></Point></Placemark><Placemark><TimeSpan><begin>2019-09-08T08:45:21Z</begin><end>2019-09-08T08:45:32Z</end></TimeSpan><styleUrl>#point</styleUrl><Point><altitudeMode>clampToGround</altitudeMode><coordinates>7.141440007835627,45.088317766785622,1514.6900000000001</coordinates></Point></Placemark><Placemark><TimeSpan><begin>2019-09-08T08:45:32Z</begin><end>2019-09-08T08:45:34Z</end></TimeSpan><styleUrl>#point</styleUrl><Point><altitudeMode>clampToGround</altitudeMode><coordinates>7.141450988128781,45.088298488408327,1515.1800000000001</coordinates></Point></Placemark><Placemark><TimeSpan><begin>2019-09-08T08:45:34Z</begin><end>2019-09-08T08:45:45Z</end></TimeSpan><styleUrl>#point</styleUrl><Point><altitudeMode>clampToGround</altitudeMode><coordinates>7.141400864347816,45.088191954419017,1516.6199999999999</coordinates></Point></Placemark><Placemark><TimeSpan><begin>2019-09-08T08:45:45Z</begin><end>2019-09-08T08:46:00Z</end></TimeSpan><styleUrl>#point</styleUrl><Point><altitudeMode>clampToGround</altitudeMode><coordinates>7.141309333965182,45.088060023263097,1518.0599999999999</coordinates></Point></Placemark><Placemark><TimeSpan><begin>2019-09-08T08:46:00Z</begin><end>2019-09-08T08:46:02Z</end></TimeSpan><styleUrl>#point</styleUrl><Point><altitudeMode>clampToGround</altitudeMode><coordinates>7.14129013940692,45.088040661066771,1518.54</coordinates></Point></Placemark><Placemark><TimeSpan><begin>2019-09-08T08:46:02Z</begin><end>2019-09-08T08:46:09Z</end></TimeSpan><styleUrl>#point</styleUrl><Point><altitudeMode>clampToGround</altitudeMode><coordinates>7.141278237104416,45.087966397404671,1519.02</coordinates></Point></Placemark><Placemark><TimeSpan><begin>2019-09-08T08:46:09Z</begin><end>2019-09-08T08:46:24Z</end></TimeSpan><styleUrl>#point</styleUrl><Point><altitudeMode>clampToGround</altitudeMode><coordinates>7.141253091394901,45.087778558954597,1519.5</coordinates></Point></Placemark><Placemark><TimeSpan><begin>2019-09-08T08:46:24Z</begin><end>2019-09-08T08:46:37Z</end></TimeSpan><styleUrl>#point</styleUrl><Point><altitudeMode>clampToGround</altitudeMode><coordinates>7.141206571832299,45.087630534544587,1519.5</coordinates></Point></Placemark><Placemark><TimeSpan><begin>2019-09-08T08:46:37Z</begin><end>2019-09-08T08:46:49Z</end></TimeSpan><styleUrl>#point</styleUrl><Point><altitudeMode>clampToGround</altitudeMode><coordinates>7.141129961237311,45.087541937828064,1520.46</coordinates></Point></Placemark><Placemark><TimeSpan><begin>2019-09-08T08:46:49Z</begin><end>2019-09-08T08:47:01Z</end></TimeSpan><styleUrl>#point</styleUrl><Point><altitudeMode>clampToGround</altitudeMode><coordinates>7.141002975404263,45.087500028312206,1522.3900000000001</coordinates></Point></Placemark><Placemark><TimeSpan><begin>2019-09-08T08:47:01Z</begin><end>2019-09-08T08:47:10Z</end></TimeSpan><styleUrl>#point</styleUrl><Point><altitudeMode>clampToGround</altitudeMode><coordinates>7.140936842188239,45.087437331676483,1523.8299999999999</coordinates></Point></Placemark><Placemark><TimeSpan><begin>2019-09-08T08:47:10Z</begin><end>2019-09-08T08:47:24Z</end></TimeSpan><styleUrl>#point</styleUrl><Point><altitudeMode>clampToGround</altitudeMode><coordinates>7.140794517472386,45.087355775758624,1525.75</coordinates></Point></Placemark><Placemark><TimeSpan><begin>2019-09-08T08:47:24Z</begin><end>2019-09-08T08:47:38Z</end></TimeSpan><styleUrl>#point</styleUrl><Point><altitudeMode>clampToGround</altitudeMode><coordinates>7.140724025666714,45.087229628115892,1527.6700000000001</coordinates></Point></Placemark><Placemark><TimeSpan><begin>2019-09-08T08:47:38Z</begin><end>2019-09-08T08:47:50Z</end></TimeSpan><styleUrl>#point</styleUrl><Point><altitudeMode>clampToGround</altitudeMode><coordinates>7.140632495284081,45.087114376947284,1529.5899999999999</coordinates></Point></Placemark><Placemark><TimeSpan><begin>2019-09-08T08:47:50Z</begin><end>2019-09-08T08:47:55Z</end></TimeSpan><styleUrl>#point</styleUrl><Point><altitudeMode>clampToGround</altitudeMode><coordinates>7.140596201643348,45.087055033072829,1531.04</coordinates></Point></Placemark><Placemark><TimeSpan><begin>2019-09-08T08:47:55Z</begin><end>2019-09-08T08:47:57Z</end></TimeSpan><styleUrl>#point</styleUrl><Point><altitudeMode>clampToGround</altitudeMode><coordinates>7.140585137531161,45.087032485753298,1531.04</coordinates></Point></Placemark><Placemark><TimeSpan><begin>2019-09-08T08:47:57Z</begin><end>2019-09-08T08:48:09Z</end></TimeSpan><styleUrl>#point</styleUrl><Point><altitudeMode>clampToGround</altitudeMode><coordinates>7.140513807535172,45.086912205442786,1532.96</coordinates></Point></Placemark><Placemark><TimeSpan><begin>2019-09-08T08:48:09Z</begin><end>2019-09-08T08:48:13Z</end></TimeSpan><styleUrl>#point</styleUrl><Point><altitudeMode>clampToGround</altitudeMode><coordinates>7.140503833070397,45.086872894316912,1534.4000000000001</coordinates></Point></Placemark><Placemark><TimeSpan><begin>2019-09-08T08:48:13Z</begin><end>2019-09-08T08:48:26Z</end></TimeSpan><styleUrl>#point</styleUrl><Point><altitudeMode>clampToGround</altitudeMode><coordinates>7.140454715117812,45.086738113313913,1536.8</coordinates></Point></Placemark><Placemark><TimeSpan><begin>2019-09-08T08:48:26Z</begin><end>2019-09-08T08:48:33Z</end></TimeSpan><styleUrl>#point</styleUrl><Point><altitudeMode>clampToGround</altitudeMode><coordinates>7.140405178070068,45.086677595973015,1537.77</coordinates></Point></Placemark><Placemark><TimeSpan><begin>2019-09-08T08:48:33Z</begin><end>2019-09-08T08:48:38Z</end></TimeSpan><styleUrl>#point</styleUrl><Point><altitudeMode>clampToGround</altitudeMode><coordinates>7.140383133664727,45.08662361651659,1538.25</coordinates></Point></Placemark><Placemark><TimeSpan><begin>2019-09-08T08:48:38Z</begin><end>2019-09-08T08:48:52Z</end></TimeSpan><styleUrl>#point</styleUrl><Point><altitudeMode>clampToGround</altitudeMode><coordinates>7.140325466170907,45.086479615420103,1541.1300000000001</coordinates></Point></Placemark><Placemark><TimeSpan><begin>2019-09-08T08:48:52Z</begin><end>2019-09-08T08:49:05Z</end></TimeSpan><styleUrl>#point</styleUrl><Point><altitudeMode>clampToGround</altitudeMode><coordinates>7.140264613553882,45.086365789175034,1544.01</coordinates></Point></Placemark><Placemark><TimeSpan><begin>2019-09-08T08:49:05Z</begin><end>2019-09-08T08:49:19Z</end></TimeSpan><styleUrl>#point</styleUrl><Point><altitudeMode>clampToGround</altitudeMode><coordinates>7.140215076506138,45.086234109476209,1546.4200000000001</coordinates></Point></Placemark><Placemark><TimeSpan><begin>2019-09-08T08:49:19Z</begin><end>2019-09-08T08:49:34Z</end></TimeSpan><styleUrl>#point</styleUrl><Point><altitudeMode>clampToGround</altitudeMode><coordinates>7.140162605792284,45.086103016510606,1549.3</coordinates></Point></Placemark><Placemark><TimeSpan><begin>2019-09-08T08:49:34Z</begin><end>2019-09-08T08:49:40Z</end></TimeSpan><styleUrl>#point</styleUrl><Point><altitudeMode>clampToGround</altitudeMode><coordinates>7.14016143232584,45.086055574938655,1551.22</coordinates></Point></Placemark><Placemark><TimeSpan><begin>2019-09-08T08:49:40Z</begin><end>2019-09-08T08:49:48Z</end></TimeSpan><styleUrl>#point</styleUrl><Point><altitudeMode>clampToGround</altitudeMode><coordinates>7.140240976586938,45.085980724543333,1552.6700000000001</coordinates></Point></Placemark><Placemark><TimeSpan><begin>2019-09-08T08:49:48Z</begin><end>2019-09-08T08:50:04Z</end></TimeSpan><styleUrl>#point</styleUrl><Point><altitudeMode>clampToGround</altitudeMode><coordinates>7.140313228592277,45.085815265774727,1555.55</coordinates></Point></Placemark><Placemark><TimeSpan><begin>2019-09-08T08:50:04Z</begin><end>2019-09-08T08:50:18Z</end></TimeSpan><styleUrl>#point</styleUrl><Point><altitudeMode>clampToGround</altitudeMode><coordinates>7.14041305705905,45.085723986849189,1558.9200000000001</coordinates></Point></Placemark><Placemark><TimeSpan><begin>2019-09-08T08:50:18Z</begin><end>2019-09-08T08:50:30Z</end></TimeSpan><styleUrl>#point</styleUrl><Point><altitudeMode>clampToGround</altitudeMode><coordinates>7.140366705134511,45.085661793127656,1562.28</coordinates></Point></Placemark><Placemark><TimeSpan><begin>2019-09-08T08:50:30Z</begin><end>2019-09-08T08:50:37Z</end></TimeSpan><styleUrl>#point</styleUrl><Point><altitudeMode>clampToGround</altitudeMode><coordinates>7.140310881659389,45.085645532235503,1564.2</coordinates></Point></Placemark><Placemark><TimeSpan><begin>2019-09-08T08:50:37Z</begin><end>2019-09-08T08:50:51Z</end></TimeSpan><styleUrl>#point</styleUrl><Point><altitudeMode>clampToGround</altitudeMode><coordinates>7.14019370265305,45.085584176704288,1567.0899999999999</coordinates></Point></Placemark><Placemark><TimeSpan><begin>2019-09-08T08:50:51Z</begin><end>2019-09-08T08:51:04Z</end></TimeSpan><styleUrl>#point</styleUrl><Point><altitudeMode>clampToGround</altitudeMode><coordinates>7.140152212232351,45.085482336580753,1570.45</coordinates></Point></Placemark><Placemark><TimeSpan><begin>2019-09-08T08:51:04Z</begin><end>2019-09-08T08:51:18Z</end></TimeSpan><styleUrl>#point</styleUrl><Point><altitudeMode>clampToGround</altitudeMode><coordinates>7.140146847814322,45.085350908339024,1573.8199999999999</coordinates></Point></Placemark><Placemark><TimeSpan><begin>2019-09-08T08:51:18Z</begin><end>2019-09-08T08:51:29Z</end></TimeSpan><styleUrl>#point</styleUrl><Point><altitudeMode>clampToGround</altitudeMode><coordinates>7.1401721611619,45.085284942761064,1576.7</coordinates></Point></Placemark><Placemark><TimeSpan><begin>2019-09-08T08:51:29Z</begin><end>2019-09-08T08:51:43Z</end></TimeSpan><styleUrl>#point</styleUrl><Point><altitudeMode>clampToGround</altitudeMode><coordinates>7.140205102041364,45.085187461227179,1579.0999999999999</coordinates></Point></Placemark><Placemark><TimeSpan><begin>2019-09-08T08:51:43Z</begin><end>2019-09-08T08:51:57Z</end></TimeSpan><styleUrl>#point</styleUrl><Point><altitudeMode>clampToGround</altitudeMode><coordinates>7.140185069292784,45.085080927237868,1581.99</coordinates></Point></Placemark><Placemark><TimeSpan><begin>2019-09-08T08:51:57Z</begin><end>2019-09-08T08:52:11Z</end></TimeSpan><styleUrl>#point</styleUrl><Point><altitudeMode>clampToGround</altitudeMode><coordinates>7.140111895278096,45.084971878677607,1585.3499999999999</coordinates></Point></Placemark><Placemark><TimeSpan><begin>2019-09-08T08:52:11Z</begin><end>2019-09-08T08:52:27Z</end></TimeSpan><styleUrl>#point</styleUrl><Point><altitudeMode>clampToGround</altitudeMode><coordinates>7.139980467036367,45.084889903664589,1588.72</coordinates></Point></Placemark><Placemark><TimeSpan><begin>2019-09-08T08:52:27Z</begin><end>2019-09-08T08:52:31Z</end></TimeSpan><styleUrl>#point</styleUrl><Point><altitudeMode>clampToGround</altitudeMode><coordinates>7.139954315498471,45.084871212020516,1589.2</coordinates></Point></Placemark><Placemark><TimeSpan><begin>2019-09-08T08:52:31Z</begin><end>2019-09-08T08:52:46Z</end></TimeSpan><styleUrl>#point</styleUrl><Point><altitudeMode>clampToGround</altitudeMode><coordinates>7.139908885583282,45.084824608638883,1592.0799999999999</coordinates></Point></Placemark><Placemark><TimeSpan><begin>2019-09-08T08:52:46Z</begin><end>2019-09-08T08:52:57Z</end></TimeSpan><styleUrl>#point</styleUrl><Point><altitudeMode>clampToGround</altitudeMode><coordinates>7.13982087559998,45.084813209250569,1595.45</coordinates></Point></Placemark><Placemark><TimeSpan><begin>2019-09-08T08:52:57Z</begin><end>2019-09-08T08:53:10Z</end></TimeSpan><styleUrl>#point</styleUrl><Point><altitudeMode>clampToGround</altitudeMode><coordinates>7.139675784856081,45.08476534858346,1598.8099999999999</coordinates></Point></Placemark><Placemark><TimeSpan><begin>2019-09-08T08:53:10Z</begin><end>2019-09-08T08:53:22Z</end></TimeSpan><styleUrl>#point</styleUrl><Point><altitudeMode>clampToGround</altitudeMode><coordinates>7.13967720977962,45.084668034687638,1601.21</coordinates></Point></Placemark><Placemark><TimeSpan><begin>2019-09-08T08:53:22Z</begin><end>2019-09-08T08:53:36Z</end></TimeSpan><styleUrl>#point</styleUrl><Point><altitudeMode>clampToGround</altitudeMode><coordinates>7.13975977152586,45.084537109360099,1602.6600000000001</coordinates></Point></Placemark><Placemark><TimeSpan><begin>2019-09-08T08:53:36Z</begin><end>2019-09-08T08:53:46Z</end></TimeSpan><styleUrl>#point</styleUrl><Point><altitudeMode>clampToGround</altitudeMode><coordinates>7.13979983702302,45.084451530128717,1604.0999999999999</coordinates></Point></Placemark><Placemark><TimeSpan><begin>2019-09-08T08:53:46Z</begin><end>2019-09-08T08:54:01Z</end></TimeSpan><styleUrl>#point</styleUrl><Point><altitudeMode>clampToGround</altitudeMode><coordinates>7.139840740710497,45.084314569830894,1607.46</coordinates></Point></Placemark><Placemark><TimeSpan><begin>2019-09-08T08:54:01Z</begin><end>2019-09-08T08:54:16Z</end></TimeSpan><styleUrl>#point</styleUrl><Point><altitudeMode>clampToGround</altitudeMode><coordinates>7.139796735718846,45.08418439887464,1608.9000000000001</coordinates></Point></Placemark><Placemark><TimeSpan><begin>2019-09-08T08:54:16Z</begin><end>2019-09-08T08:54:29Z</end></TimeSpan><styleUrl>#point</styleUrl><Point><altitudeMode>clampToGround</altitudeMode><coordinates>7.139783576130867,45.084067136049271,1611.79</coordinates></Point></Placemark><Placemark><TimeSpan><begin>2019-09-08T08:54:29Z</begin><end>2019-09-08T08:54:41Z</end></TimeSpan><styleUrl>#point</styleUrl><Point><altitudeMode>clampToGround</altitudeMode><coordinates>7.139703948050737,45.083995638415217,1613.71</coordinates></Point></Placemark><Placemark><TimeSpan><begin>2019-09-08T08:54:41Z</begin><end>2019-09-08T08:54:55Z</end></TimeSpan><styleUrl>#point</styleUrl><Point><altitudeMode>clampToGround</altitudeMode><coordinates>7.13974317535758,45.083864545449615,1616.1099999999999</coordinates></Point></Placemark><Placemark><TimeSpan><begin>2019-09-08T08:54:55Z</begin><end>2019-09-08T08:55:10Z</end></TimeSpan><styleUrl>#point</styleUrl><Point><altitudeMode>clampToGround</altitudeMode><coordinates>7.139835627749562,45.083769327029586,1618.52</coordinates></Point></Placemark><Placemark><TimeSpan><begin>2019-09-08T08:55:10Z</begin><end>2019-09-08T08:55:23Z</end></TimeSpan><styleUrl>#point</styleUrl><Point><altitudeMode>clampToGround</altitudeMode><coordinates>7.13991223834455,45.08367964066565,1619.96</coordinates></Point></Placemark><Placemark><TimeSpan><begin>2019-09-08T08:55:23Z</begin><end>2019-09-08T08:55:36Z</end></TimeSpan><styleUrl>#point</styleUrl><Point><altitudeMode>clampToGround</altitudeMode><coordinates>7.139973258599639,45.083581572398543,1621.8800000000001</coordinates></Point></Placemark><Placemark><TimeSpan><begin>2019-09-08T08:55:36Z</begin><end>2019-09-08T08:55:47Z</end></TimeSpan><styleUrl>#point</styleUrl><Point><altitudeMode>clampToGround</altitudeMode><coordinates>7.140115164220333,45.083530275151134,1623.8</coordinates></Point></Placemark><Placemark><TimeSpan><begin>2019-09-08T08:55:47Z</begin><end>2019-09-08T08:55:58Z</end></TimeSpan><styleUrl>#point</styleUrl><Point><altitudeMode>clampToGround</altitudeMode><coordinates>7.140233851969242,45.083517450839281,1625.25</coordinates></Point></Placemark><Placemark><TimeSpan><begin>2019-09-08T08:55:58Z</begin><end>2019-09-08T08:56:10Z</end></TimeSpan><styleUrl>#point</styleUrl><Point><altitudeMode>clampToGround</altitudeMode><coordinates>7.140332506969571,45.083466488867998,1627.6500000000001</coordinates></Point></Placemark><Placemark><TimeSpan><begin>2019-09-08T08:56:10Z</begin><end>2019-09-08T08:56:23Z</end></TimeSpan><styleUrl>#point</styleUrl><Point><altitudeMode>clampToGround</altitudeMode><coordinates>7.140338122844696,45.083379317075014,1627.6500000000001</coordinates></Point></Placemark><Placemark><TimeSpan><begin>2019-09-08T08:56:23Z</begin><end>2019-09-08T08:56:32Z</end></TimeSpan><styleUrl>#point</styleUrl><Point><altitudeMode>clampToGround</altitudeMode><coordinates>7.140260590240359,45.083339670673013,1627.6500000000001</coordinates></Point></Placemark><Placemark><TimeSpan><begin>2019-09-08T08:56:32Z</begin><end>2019-09-08T08:56:35Z</end></TimeSpan><styleUrl>#point</styleUrl><Point><altitudeMode>clampToGround</altitudeMode><coordinates>7.140219016000629,45.083334473893046,1628.6099999999999</coordinates></Point></Placemark><Placemark><TimeSpan><begin>2019-09-08T08:56:35Z</begin><end>2019-09-08T08:56:50Z</end></TimeSpan><styleUrl>#point</styleUrl><Point><altitudeMode>clampToGround</altitudeMode><coordinates>7.140058418735862,45.083298683166504,1630.05</coordinates></Point></Placemark><Placemark><TimeSpan><begin>2019-09-08T08:56:50Z</begin><end>2019-09-08T08:57:01Z</end></TimeSpan><styleUrl>#point</styleUrl><Point><altitudeMode>clampToGround</altitudeMode><coordinates>7.139944760128856,45.083289630711079,1631.98</coordinates></Point></Placemark><Placemark><TimeSpan><begin>2019-09-08T08:57:01Z</begin><end>2019-09-08T08:57:13Z</end></TimeSpan><styleUrl>#point</styleUrl><Point><altitudeMode>clampToGround</altitudeMode><coordinates>7.139888601377606,45.08322617970407,1633.9000000000001</coordinates></Point></Placemark><Placemark><TimeSpan><begin>2019-09-08T08:57:13Z</begin><end>2019-09-08T08:57:29Z</end></TimeSpan><styleUrl>#point</styleUrl><Point><altitudeMode>clampToGround</altitudeMode><coordinates>7.139936964958906,45.08309961296618,1636.78</coordinates></Point></Placemark><Placemark><TimeSpan><begin>2019-09-08T08:57:29Z</begin><end>2019-09-08T08:57:44Z</end></TimeSpan><styleUrl>#point</styleUrl><Point><altitudeMode>clampToGround</altitudeMode><coordinates>7.139995722100139,45.083066336810589,1639.1900000000001</coordinates></Point></Placemark><Placemark><TimeSpan><begin>2019-09-08T08:57:44Z</begin><end>2019-09-08T08:57:58Z</end></TimeSpan><styleUrl>#point</styleUrl><Point><altitudeMode>clampToGround</altitudeMode><coordinates>7.140092700719833,45.083058541640639,1642.0699999999999</coordinates></Point></Placemark><Placemark><TimeSpan><begin>2019-09-08T08:57:58Z</begin><end>2019-09-08T08:58:11Z</end></TimeSpan><styleUrl>#point</styleUrl><Point><altitudeMode>clampToGround</altitudeMode><coordinates>7.140209376811981,45.083023002371192,1643.51</coordinates></Point></Placemark><Placemark><TimeSpan><begin>2019-09-08T08:58:11Z</begin><end>2019-09-08T08:58:25Z</end></TimeSpan><styleUrl>#point</styleUrl><Point><altitudeMode>clampToGround</altitudeMode><coordinates>7.140364525839686,45.083007998764515,1645.9100000000001</coordinates></Point></Placemark><Placemark><TimeSpan><begin>2019-09-08T08:58:25Z</begin><end>2019-09-08T08:58:33Z</end></TimeSpan><styleUrl>#point</styleUrl><Point><altitudeMode>clampToGround</altitudeMode><coordinates>7.140407441183925,45.082983188331127,1647.8399999999999</coordinates></Point></Placemark><Placemark><TimeSpan><begin>2019-09-08T08:58:33Z</begin><end>2019-09-08T08:58:45Z</end></TimeSpan><styleUrl>#point</styleUrl><Point><altitudeMode>clampToGround</altitudeMode><coordinates>7.140495032072067,45.082923592999578,1651.2</coordinates></Point></Placemark><Placemark><TimeSpan><begin>2019-09-08T08:58:45Z</begin><end>2019-09-08T08:58:57Z</end></TimeSpan><styleUrl>#point</styleUrl><Point><altitudeMode>clampToGround</altitudeMode><coordinates>7.14053769595921,45.082872463390231,1654.0899999999999</coordinates></Point></Placemark><Placemark><TimeSpan><begin>2019-09-08T08:58:57Z</begin><end>2019-09-08T08:59:12Z</end></TimeSpan><styleUrl>#point</styleUrl><Point><altitudeMode>clampToGround</altitudeMode><coordinates>7.140417164191604,45.082824937999249,1656.97</coordinates></Point></Placemark><Placemark><TimeSpan><begin>2019-09-08T08:59:12Z</begin><end>2019-09-08T08:59:26Z</end></TimeSpan><styleUrl>#point</styleUrl><Point><altitudeMode>clampToGround</altitudeMode><coordinates>7.14035103097558,45.082782609388232,1659.8499999999999</coordinates></Point></Placemark><Placemark><TimeSpan><begin>2019-09-08T08:59:26Z</begin><end>2019-09-08T08:59:37Z</end></TimeSpan><styleUrl>#point</styleUrl><Point><altitudeMode>clampToGround</altitudeMode><coordinates>7.140469215810299,45.082743465900421,1661.78</coordinates></Point></Placemark><Placemark><TimeSpan><begin>2019-09-08T08:59:37Z</begin><end>2019-09-08T08:59:49Z</end></TimeSpan><styleUrl>#point</styleUrl><Point><altitudeMode>clampToGround</altitudeMode><coordinates>7.140569714829326,45.082715302705765,1664.6600000000001</coordinates></Point></Placemark><Placemark><TimeSpan><begin>2019-09-08T08:59:49Z</begin><end>2019-09-08T09:00:03Z</end></TimeSpan><styleUrl>#point</styleUrl><Point><altitudeMode>clampToGround</altitudeMode><coordinates>7.140510119497776,45.082691749557853,1668.02</coordinates></Point></Placemark><Placemark><TimeSpan><begin>2019-09-08T09:00:03Z</begin><end>2019-09-08T09:00:17Z</end></TimeSpan><styleUrl>#point</styleUrl><Point><altitudeMode>clampToGround</altitudeMode><coordinates>7.140392102301121,45.08265788666904,1670.4300000000001</coordinates></Point></Placemark><Placemark><TimeSpan><begin>2019-09-08T09:00:17Z</begin><end>2019-09-08T09:00:33Z</end></TimeSpan><styleUrl>#point</styleUrl><Point><altitudeMode>clampToGround</altitudeMode><coordinates>7.140331249684095,45.082567613571882,1673.3099999999999</coordinates></Point></Placemark><Placemark><TimeSpan><begin>2019-09-08T09:00:33Z</begin><end>2019-09-08T09:00:49Z</end></TimeSpan><styleUrl>#point</styleUrl><Point><altitudeMode>clampToGround</altitudeMode><coordinates>7.140441136434674,45.082555208355188,1676.2</coordinates></Point></Placemark><Placemark><TimeSpan><begin>2019-09-08T09:00:49Z</begin><end>2019-09-08T09:01:03Z</end></TimeSpan><styleUrl>#point</styleUrl><Point><altitudeMode>clampToGround</altitudeMode><coordinates>7.140359664335847,45.082512460649014,1678.5999999999999</coordinates></Point></Placemark><Placemark><TimeSpan><begin>2019-09-08T09:01:03Z</begin><end>2019-09-08T09:01:17Z</end></TimeSpan><styleUrl>#point</styleUrl><Point><altitudeMode>clampToGround</altitudeMode><coordinates>7.140437196940184,45.082449428737164,1681.48</coordinates></Point></Placemark><Placemark><TimeSpan><begin>2019-09-08T09:01:17Z</begin><end>2019-09-08T09:01:30Z</end></TimeSpan><styleUrl>#point</styleUrl><Point><altitudeMode>clampToGround</altitudeMode><coordinates>7.140544569119811,45.082430485635996,1683.8900000000001</coordinates></Point></Placemark><Placemark><TimeSpan><begin>2019-09-08T09:01:30Z</begin><end>2019-09-08T09:01:44Z</end></TimeSpan><styleUrl>#point</styleUrl><Point><altitudeMode>clampToGround</altitudeMode><coordinates>7.140629226341844,45.082358317449689,1685.8099999999999</coordinates></Point></Placemark><Placemark><TimeSpan><begin>2019-09-08T09:01:44Z</begin><end>2019-09-08T09:01:59Z</end></TimeSpan><styleUrl>#point</styleUrl><Point><altitudeMode>clampToGround</altitudeMode><coordinates>7.140511879697442,45.082313641905785,1688.6900000000001</coordinates></Point></Placemark><Placemark><TimeSpan><begin>2019-09-08T09:01:59Z</begin><end>2019-09-08T09:02:13Z</end></TimeSpan><styleUrl>#point</styleUrl><Point><altitudeMode>clampToGround</altitudeMode><coordinates>7.14042529463768,45.082229906693101,1690.6199999999999</coordinates></Point></Placemark><Placemark><TimeSpan><begin>2019-09-08T09:02:13Z</begin><end>2019-09-08T09:02:27Z</end></TimeSpan><styleUrl>#point</styleUrl><Point><altitudeMode>clampToGround</altitudeMode><coordinates>7.140330327674747,45.082120019942522,1693.02</coordinates></Point></Placemark><Placemark><TimeSpan><begin>2019-09-08T09:02:27Z</begin><end>2019-09-08T09:02:38Z</end></TimeSpan><styleUrl>#point</styleUrl><Point><altitudeMode>clampToGround</altitudeMode><coordinates>7.140295961871743,45.082041146233678,1694.9400000000001</coordinates></Point></Placemark><Placemark><TimeSpan><begin>2019-09-08T09:02:38Z</begin><end>2019-09-08T09:02:51Z</end></TimeSpan><styleUrl>#point</styleUrl><Point><altitudeMode>clampToGround</altitudeMode><coordinates>7.140329573303461,45.082052797079086,1695.4200000000001</coordinates></Point></Placemark><Placemark><TimeSpan><begin>2019-09-08T09:02:51Z</begin><end>2019-09-08T09:03:18Z</end></TimeSpan><styleUrl>#point</styleUrl><Point><altitudeMode>clampToGround</altitudeMode><coordinates>7.140268720686436,45.082025304436684,1696.3800000000001</coordinates></Point></Placemark><Placemark><TimeSpan><begin>2019-09-08T09:03:18Z</begin><end>2019-09-08T09:03:36Z</end></TimeSpan><styleUrl>#point</styleUrl><Point><altitudeMode>clampToGround</altitudeMode><coordinates>7.140297889709473,45.082011222839355,1696.3800000000001</coordinates></Point></Placemark><Placemark><TimeSpan><begin>2019-09-08T09:03:36Z</begin><end>2019-09-08T09:03:53Z</end></TimeSpan><styleUrl>#point</styleUrl><Point><altitudeMode>clampToGround</altitudeMode><coordinates>7.140251705422998,45.081979539245367,1696.8599999999999</coordinates></Point></Placemark><Placemark><TimeSpan><begin>2019-09-08T09:03:53Z</begin><end>2019-09-08T09:04:14Z</end></TimeSpan><styleUrl>#point</styleUrl><Point><altitudeMode>clampToGround</altitudeMode><coordinates>7.140234354883432,45.081991944462061,1697.3399999999999</coordinates></Point></Placemark><Placemark><TimeSpan><begin>2019-09-08T09:04:14Z</begin><end>2019-09-08T09:04:36Z</end></TimeSpan><styleUrl>#point</styleUrl><Point><altitudeMode>clampToGround</altitudeMode><coordinates>7.140252375975251,45.082019437104464,1697.3399999999999</coordinates></Point></Placemark><Placemark><TimeSpan><begin>2019-09-08T09:04:36Z</begin><end>2019-09-08T09:04:55Z</end></TimeSpan><styleUrl>#point</styleUrl><Point><altitudeMode>clampToGround</altitudeMode><coordinates>7.140253633260727,45.082029327750206,1697.3399999999999</coordinates></Point></Placemark><Placemark><TimeSpan><begin>2019-09-08T09:04:55Z</begin><end>2019-09-08T09:05:22Z</end></TimeSpan><styleUrl>#point</styleUrl><Point><altitudeMode>clampToGround</altitudeMode><coordinates>7.140260506421328,45.082004852592945,1697.3399999999999</coordinates></Point></Placemark><Placemark><TimeSpan><begin>2019-09-08T09:05:22Z</begin><end>2019-09-08T09:05:37Z</end></TimeSpan><styleUrl>#point</styleUrl><Point><altitudeMode>clampToGround</altitudeMode><coordinates>7.140234354883432,45.081990770995617,1697.8299999999999</coordinates></Point></Placemark><Placemark><TimeSpan><begin>2019-09-08T09:05:37Z</begin><end>2019-09-08T09:05:52Z</end></TimeSpan><styleUrl>#point</styleUrl><Point><altitudeMode>clampToGround</altitudeMode><coordinates>7.140188505873084,45.081990100443363,1698.3099999999999</coordinates></Point></Placemark><Placemark><TimeSpan><begin>2019-09-08T09:05:52Z</begin><end>2019-09-08T09:06:05Z</end></TimeSpan><styleUrl>#point</styleUrl><Point><altitudeMode>clampToGround</altitudeMode><coordinates>7.140166377648711,45.082008959725499,1698.3099999999999</coordinates></Point></Placemark><Placemark><TimeSpan><begin>2019-09-08T09:06:05Z</begin><end>2019-09-08T09:06:36Z</end></TimeSpan><styleUrl>#point</styleUrl><Point><altitudeMode>clampToGround</altitudeMode><coordinates>7.140190685167909,45.082012815400958,1698.79</coordinates></Point></Placemark><Placemark><TimeSpan><begin>2019-09-08T09:06:36Z</begin><end>2019-09-08T09:07:01Z</end></TimeSpan><styleUrl>#point</styleUrl><Point><altitudeMode>clampToGround</altitudeMode><coordinates>7.140183812007308,45.082031171768904,1698.79</coordinates></Point></Placemark><Placemark><TimeSpan><begin>2019-09-08T09:07:01Z</begin><end>2019-09-08T09:07:28Z</end></TimeSpan><styleUrl>#point</styleUrl><Point><altitudeMode>clampToGround</altitudeMode><coordinates>7.14021373540163,45.081973504275084,1699.27</coordinates></Point></Placemark><Placemark><TimeSpan><begin>2019-09-08T09:07:28Z</begin><end>2019-09-08T09:08:00Z</end></TimeSpan><styleUrl>#point</styleUrl><Point><altitudeMode>clampToGround</altitudeMode><coordinates>7.140155648812652,45.081965876743197,1699.27</coordinates></Point></Placemark><Placemark><TimeSpan><begin>2019-09-08T09:08:00Z</begin><end>2019-09-08T09:08:25Z</end></TimeSpan><styleUrl>#point</styleUrl><Point><altitudeMode>clampToGround</altitudeMode><coordinates>7.140202838927507,45.081904185935855,1699.27</coordinates></Point></Placemark><Placemark><TimeSpan><begin>2019-09-08T09:08:25Z</begin><end>2019-09-08T09:08:53Z</end></TimeSpan><styleUrl>#point</styleUrl><Point><altitudeMode>clampToGround</altitudeMode><coordinates>7.140202922746539,45.081971576437354,1699.75</coordinates></Point></Placemark><Placemark><TimeSpan><begin>2019-09-08T09:08:53Z</begin><end>2019-09-08T09:09:13Z</end></TimeSpan><styleUrl>#point</styleUrl><Point><altitudeMode>clampToGround</altitudeMode><coordinates>7.140227816998959,45.081970570608974,1700.71</coordinates></Point></Placemark><Placemark><TimeSpan><begin>2019-09-08T09:09:13Z</begin><end>2019-09-08T09:09:31Z</end></TimeSpan><styleUrl>#point</styleUrl><Point><altitudeMode>clampToGround</altitudeMode><coordinates>7.140194540843368,45.081941569224,1700.71</coordinates></Point></Placemark><Placemark><TimeSpan><begin>2019-09-08T09:09:31Z</begin><end>2019-09-08T09:09:52Z</end></TimeSpan><styleUrl>#point</styleUrl><Point><altitudeMode>clampToGround</altitudeMode><coordinates>7.140187667682767,45.081924721598625,1700.71</coordinates></Point></Placemark><Placemark><TimeSpan><begin>2019-09-08T09:09:52Z</begin><end>2019-09-08T09:10:20Z</end></TimeSpan><styleUrl>#point</styleUrl><Point><altitudeMode>clampToGround</altitudeMode><coordinates>7.140121199190617,45.081952968612313,1701.1900000000001</coordinates></Point></Placemark><Placemark><TimeSpan><begin>2019-09-08T09:10:20Z</begin><end>2019-09-08T09:10:42Z</end></TimeSpan><styleUrl>#point</styleUrl><Point><altitudeMode>clampToGround</altitudeMode><coordinates>7.140195714309812,45.081980712711811,1701.1900000000001</coordinates></Point></Placemark><Placemark><TimeSpan><begin>2019-09-08T09:10:42Z</begin><end>2019-09-08T09:10:59Z</end></TimeSpan><styleUrl>#point</styleUrl><Point><altitudeMode>clampToGround</altitudeMode><coordinates>7.140266625210643,45.081937881186604,1701.6700000000001</coordinates></Point></Placemark><Placemark><TimeSpan><begin>2019-09-08T09:10:59Z</begin><end>2019-09-08T09:11:11Z</end></TimeSpan><styleUrl>#point</styleUrl><Point><altitudeMode>clampToGround</altitudeMode><coordinates>7.14029579423368,45.08185506798327,1702.6300000000001</coordinates></Point></Placemark><Placemark><TimeSpan><begin>2019-09-08T09:11:11Z</begin><end>2019-09-08T09:11:24Z</end></TimeSpan><styleUrl>#point</styleUrl><Point><altitudeMode>clampToGround</altitudeMode><coordinates>7.140241730958223,45.081763621419668,1705.04</coordinates></Point></Placemark><Placemark><TimeSpan><begin>2019-09-08T09:11:24Z</begin><end>2019-09-08T09:11:38Z</end></TimeSpan><styleUrl>#point</styleUrl><Point><altitudeMode>clampToGround</altitudeMode><coordinates>7.140183392912149,45.081669241189957,1706.48</coordinates></Point></Placemark><Placemark><TimeSpan><begin>2019-09-08T09:11:38Z</begin><end>2019-09-08T09:11:51Z</end></TimeSpan><styleUrl>#point</styleUrl><Point><altitudeMode>clampToGround</altitudeMode><coordinates>7.140143662691116,45.081615597009659,1707.4400000000001</coordinates></Point></Placemark><Placemark><TimeSpan><begin>2019-09-08T09:11:51Z</begin><end>2019-09-08T09:12:03Z</end></TimeSpan><styleUrl>#point</styleUrl><Point><altitudeMode>clampToGround</altitudeMode><coordinates>7.140073422342539,45.081574358046055,1709.3599999999999</coordinates></Point></Placemark><Placemark><TimeSpan><begin>2019-09-08T09:12:03Z</begin><end>2019-09-08T09:12:14Z</end></TimeSpan><styleUrl>#point</styleUrl><Point><altitudeMode>clampToGround</altitudeMode><coordinates>7.140106949955225,45.081532448530197,1709.8399999999999</coordinates></Point></Placemark><Placemark><TimeSpan><begin>2019-09-08T09:12:14Z</begin><end>2019-09-08T09:12:28Z</end></TimeSpan><styleUrl>#point</styleUrl><Point><altitudeMode>clampToGround</altitudeMode><coordinates>7.140044504776597,45.081428093835711,1711.76</coordinates></Point></Placemark><Placemark><TimeSpan><begin>2019-09-08T09:12:28Z</begin><end>2019-09-08T09:12:44Z</end></TimeSpan><styleUrl>#point</styleUrl><Point><altitudeMode>clampToGround</altitudeMode><coordinates>7.14005732908845,45.081311669200659,1712.73</coordinates></Point></Placemark><Placemark><TimeSpan><begin>2019-09-08T09:12:44Z</begin><end>2019-09-08T09:12:56Z</end></TimeSpan><styleUrl>#point</styleUrl><Point><altitudeMode>clampToGround</altitudeMode><coordinates>7.140023801475763,45.081185102462769,1712.73</coordinates></Point></Placemark><Placemark><TimeSpan><begin>2019-09-08T09:12:56Z</begin><end>2019-09-08T09:13:08Z</end></TimeSpan><styleUrl>#point</styleUrl><Point><altitudeMode>clampToGround</altitudeMode><coordinates>7.139938641339541,45.081131793558598,1715.6099999999999</coordinates></Point></Placemark><Placemark><TimeSpan><begin>2019-09-08T09:13:08Z</begin><end>2019-09-08T09:13:20Z</end></TimeSpan><styleUrl>#point</styleUrl><Point><altitudeMode>clampToGround</altitudeMode><coordinates>7.13984283618629,45.081069264560938,1718.01</coordinates></Point></Placemark><Placemark><TimeSpan><begin>2019-09-08T09:13:20Z</begin><end>2019-09-08T09:13:24Z</end></TimeSpan><styleUrl>#point</styleUrl><Point><altitudeMode>clampToGround</altitudeMode><coordinates>7.139821713790298,45.081027774140239,1718.49</coordinates></Point></Placemark><Placemark><TimeSpan><begin>2019-09-08T09:13:24Z</begin><end>2019-09-08T09:13:38Z</end></TimeSpan><styleUrl>#point</styleUrl><Point><altitudeMode>clampToGround</altitudeMode><coordinates>7.139796651899815,45.080896513536572,1719.46</coordinates></Point></Placemark><Placemark><TimeSpan><begin>2019-09-08T09:13:38Z</begin><end>2019-09-08T09:13:55Z</end></TimeSpan><styleUrl>#point</styleUrl><Point><altitudeMode>clampToGround</altitudeMode><coordinates>7.139780055731535,45.080732144415379,1721.3800000000001</coordinates></Point></Placemark><Placemark><TimeSpan><begin>2019-09-08T09:13:55Z</begin><end>2019-09-08T09:14:00Z</end></TimeSpan><styleUrl>#point</styleUrl><Point><altitudeMode>clampToGround</altitudeMode><coordinates>7.139796568080783,45.080698784440756,1722.3399999999999</coordinates></Point></Placemark><Placemark><TimeSpan><begin>2019-09-08T09:14:00Z</begin><end>2019-09-08T09:14:14Z</end></TimeSpan><styleUrl>#point</styleUrl><Point><altitudeMode>clampToGround</altitudeMode><coordinates>7.13971484452486,45.080624688416719,1723.78</coordinates></Point></Placemark><Placemark><TimeSpan><begin>2019-09-08T09:14:14Z</begin><end>2019-09-08T09:14:29Z</end></TimeSpan><styleUrl>#point</styleUrl><Point><altitudeMode>clampToGround</altitudeMode><coordinates>7.139587355777621,45.080675985664129,1726.6700000000001</coordinates></Point></Placemark><Placemark><TimeSpan><begin>2019-09-08T09:14:29Z</begin><end>2019-09-08T09:14:39Z</end></TimeSpan><styleUrl>#point</styleUrl><Point><altitudeMode>clampToGround</altitudeMode><coordinates>7.139514600858092,45.08069752715528,1728.5899999999999</coordinates></Point></Placemark><Placemark><TimeSpan><begin>2019-09-08T09:14:39Z</begin><end>2019-09-08T09:14:50Z</end></TimeSpan><styleUrl>#point</styleUrl><Point><altitudeMode>clampToGround</altitudeMode><coordinates>7.139403037726879,45.080733904615045,1730.51</coordinates></Point></Placemark><Placemark><TimeSpan><begin>2019-09-08T09:14:50Z</begin><end>2019-09-08T09:15:06Z</end></TimeSpan><styleUrl>#point</styleUrl><Point><altitudeMode>clampToGround</altitudeMode><coordinates>7.139168260619044,45.080763408914208,1732.4300000000001</coordinates></Point></Placemark><Placemark><TimeSpan><begin>2019-09-08T09:15:06Z</begin><end>2019-09-08T09:15:31Z</end></TimeSpan><styleUrl>#point</styleUrl><Point><altitudeMode>clampToGround</altitudeMode><coordinates>7.139125764369965,45.080721164122224,1733.3900000000001</coordinates></Point></Placemark><Placemark><TimeSpan><begin>2019-09-08T09:15:31Z</begin><end>2019-09-08T09:15:45Z</end></TimeSpan><styleUrl>#point</styleUrl><Point><altitudeMode>clampToGround</altitudeMode><coordinates>7.139041190966964,45.080663245171309,1734.3599999999999</coordinates></Point></Placemark><Placemark><TimeSpan><begin>2019-09-08T09:15:45Z</begin><end>2019-09-08T09:15:57Z</end></TimeSpan><styleUrl>#point</styleUrl><Point><altitudeMode>clampToGround</altitudeMode><coordinates>7.13896038942039,45.080611947923899,1737.24</coordinates></Point></Placemark><Placemark><TimeSpan><begin>2019-09-08T09:15:57Z</begin><end>2019-09-08T09:16:14Z</end></TimeSpan><styleUrl>#point</styleUrl><Point><altitudeMode>clampToGround</altitudeMode><coordinates>7.138943122699857,45.080532152205706,1740.5999999999999</coordinates></Point></Placemark><Placemark><TimeSpan><begin>2019-09-08T09:16:14Z</begin><end>2019-09-08T09:16:27Z</end></TimeSpan><styleUrl>#point</styleUrl><Point><altitudeMode>clampToGround</altitudeMode><coordinates>7.138879671692848,45.080463588237762,1742.05</coordinates></Point></Placemark><Placemark><TimeSpan><begin>2019-09-08T09:16:27Z</begin><end>2019-09-08T09:16:41Z</end></TimeSpan><styleUrl>#point</styleUrl><Point><altitudeMode>clampToGround</altitudeMode><coordinates>7.13881085626781,45.080324616283178,1743.97</coordinates></Point></Placemark><Placemark><TimeSpan><begin>2019-09-08T09:16:41Z</begin><end>2019-09-08T09:16:50Z</end></TimeSpan><styleUrl>#point</styleUrl><Point><altitudeMode>clampToGround</altitudeMode><coordinates>7.138735838234425,45.080273738130927,1743.97</coordinates></Point></Placemark><Placemark><TimeSpan><begin>2019-09-08T09:16:50Z</begin><end>2019-09-08T09:16:53Z</end></TimeSpan><styleUrl>#point</styleUrl><Point><altitudeMode>clampToGround</altitudeMode><coordinates>7.138696946203709,45.080247921869159,1743.01</coordinates></Point></Placemark><Placemark><TimeSpan><begin>2019-09-08T09:16:53Z</begin><end>2019-09-08T09:17:06Z</end></TimeSpan><styleUrl>#point</styleUrl><Point><altitudeMode>clampToGround</altitudeMode><coordinates>7.138570379465818,45.080185141414404,1743.01</coordinates></Point></Placemark><Placemark><TimeSpan><begin>2019-09-08T09:17:06Z</begin><end>2019-09-08T09:17:13Z</end></TimeSpan><styleUrl>#point</styleUrl><Point><altitudeMode>clampToGround</altitudeMode><coordinates>7.138517322018743,45.080150859430432,1744.45</coordinates></Point></Placemark><Placemark><TimeSpan><begin>2019-09-08T09:17:13Z</begin><end>2019-09-08T09:17:28Z</end></TimeSpan><styleUrl>#point</styleUrl><Point><altitudeMode>clampToGround</altitudeMode><coordinates>7.138393269851804,45.080084223300219,1746.8499999999999</coordinates></Point></Placemark><Placemark><TimeSpan><begin>2019-09-08T09:17:28Z</begin><end>2019-09-08T09:17:41Z</end></TimeSpan><styleUrl>#point</styleUrl><Point><altitudeMode>clampToGround</altitudeMode><coordinates>7.138241389766336,45.080003924667835,1747.3299999999999</coordinates></Point></Placemark><Placemark><TimeSpan><begin>2019-09-08T09:17:41Z</begin><end>2019-09-08T09:17:56Z</end></TimeSpan><styleUrl>#point</styleUrl><Point><altitudeMode>clampToGround</altitudeMode><coordinates>7.138084396719933,45.07992647588253,1749.74</coordinates></Point></Placemark><Placemark><TimeSpan><begin>2019-09-08T09:17:56Z</begin><end>2019-09-08T09:18:10Z</end></TimeSpan><styleUrl>#point</styleUrl><Point><altitudeMode>clampToGround</altitudeMode><coordinates>7.137952968478203,45.07981700822711,1751.1800000000001</coordinates></Point></Placemark><Placemark><TimeSpan><begin>2019-09-08T09:18:10Z</begin><end>2019-09-08T09:18:25Z</end></TimeSpan><styleUrl>#point</styleUrl><Point><altitudeMode>clampToGround</altitudeMode><coordinates>7.137837717309594,45.079721119254827,1751.6600000000001</coordinates></Point></Placemark><Placemark><TimeSpan><begin>2019-09-08T09:18:25Z</begin><end>2019-09-08T09:18:37Z</end></TimeSpan><styleUrl>#point</styleUrl><Point><altitudeMode>clampToGround</altitudeMode><coordinates>7.137821540236473,45.079670241102576,1753.5799999999999</coordinates></Point></Placemark><Placemark><TimeSpan><begin>2019-09-08T09:18:37Z</begin><end>2019-09-08T09:18:51Z</end></TimeSpan><styleUrl>#point</styleUrl><Point><altitudeMode>clampToGround</altitudeMode><coordinates>7.137723555788398,45.07957711815834,1755.5</coordinates></Point></Placemark><Placemark><TimeSpan><begin>2019-09-08T09:18:51Z</begin><end>2019-09-08T09:19:02Z</end></TimeSpan><styleUrl>#point</styleUrl><Point><altitudeMode>clampToGround</altitudeMode><coordinates>7.137623894959688,45.07950964383781,1753.5799999999999</coordinates></Point></Placemark><Placemark><TimeSpan><begin>2019-09-08T09:19:02Z</begin><end>2019-09-08T09:19:16Z</end></TimeSpan><styleUrl>#point</styleUrl><Point><altitudeMode>clampToGround</altitudeMode><coordinates>7.137542590498924,45.079390285536647,1755.02</coordinates></Point></Placemark><Placemark><TimeSpan><begin>2019-09-08T09:19:16Z</begin><end>2019-09-08T09:19:19Z</end></TimeSpan><styleUrl>#point</styleUrl><Point><altitudeMode>clampToGround</altitudeMode><coordinates>7.137526161968708,45.079371258616447,1755.02</coordinates></Point></Placemark><Placemark><TimeSpan><begin>2019-09-08T09:19:19Z</begin><end>2019-09-08T09:19:31Z</end></TimeSpan><styleUrl>#point</styleUrl><Point><altitudeMode>clampToGround</altitudeMode><coordinates>7.137460112571716,45.079335719347,1755.02</coordinates></Point></Placemark><Placemark><TimeSpan><begin>2019-09-08T09:19:31Z</begin><end>2019-09-08T09:19:43Z</end></TimeSpan><styleUrl>#point</styleUrl><Point><altitudeMode>clampToGround</altitudeMode><coordinates>7.137411329895258,45.079374611377716,1756.47</coordinates></Point></Placemark><Placemark><TimeSpan><begin>2019-09-08T09:19:43Z</begin><end>2019-09-08T09:19:55Z</end></TimeSpan><styleUrl>#point</styleUrl><Point><altitudeMode>clampToGround</altitudeMode><coordinates>7.137321056798101,45.079404786229134,1757.9100000000001</coordinates></Point></Placemark><Placemark><TimeSpan><begin>2019-09-08T09:19:55Z</begin><end>2019-09-08T09:20:05Z</end></TimeSpan><styleUrl>#point</styleUrl><Point><altitudeMode>clampToGround</altitudeMode><coordinates>7.137253079563379,45.07943538017571,1759.3499999999999</coordinates></Point></Placemark><Placemark><TimeSpan><begin>2019-09-08T09:20:05Z</begin><end>2019-09-08T09:20:15Z</end></TimeSpan><styleUrl>#point</styleUrl><Point><altitudeMode>clampToGround</altitudeMode><coordinates>7.13719449006021,45.079450802877545,1762.71</coordinates></Point></Placemark><Placemark><TimeSpan><begin>2019-09-08T09:20:15Z</begin><end>2019-09-08T09:20:29Z</end></TimeSpan><styleUrl>#point</styleUrl><Point><altitudeMode>clampToGround</altitudeMode><coordinates>7.137124082073569,45.079388776794076,1765.1199999999999</coordinates></Point></Placemark><Placemark><TimeSpan><begin>2019-09-08T09:20:29Z</begin><end>2019-09-08T09:20:46Z</end></TimeSpan><styleUrl>#point</styleUrl><Point><altitudeMode>clampToGround</altitudeMode><coordinates>7.137029953300953,45.079351225867867,1768</coordinates></Point></Placemark><Placemark><TimeSpan><begin>2019-09-08T09:20:46Z</begin><end>2019-09-08T09:21:01Z</end></TimeSpan><styleUrl>#point</styleUrl><Point><altitudeMode>clampToGround</altitudeMode><coordinates>7.136832978576422,45.079345693811774,1770.4100000000001</coordinates></Point></Placemark><Placemark><TimeSpan><begin>2019-09-08T09:21:01Z</begin><end>2019-09-08T09:21:15Z</end></TimeSpan><styleUrl>#point</styleUrl><Point><altitudeMode>clampToGround</altitudeMode><coordinates>7.13673172518611,45.07929464802146,1773.29</coordinates></Point></Placemark><Placemark><TimeSpan><begin>2019-09-08T09:21:15Z</begin><end>2019-09-08T09:21:31Z</end></TimeSpan><styleUrl>#point</styleUrl><Point><altitudeMode>clampToGround</altitudeMode><coordinates>7.13662913069129,45.079241339117289,1776.6500000000001</coordinates></Point></Placemark><Placemark><TimeSpan><begin>2019-09-08T09:21:31Z</begin><end>2019-09-08T09:21:45Z</end></TimeSpan><styleUrl>#point</styleUrl><Point><altitudeMode>clampToGround</altitudeMode><coordinates>7.136582359671593,45.079179229214787,1779.54</coordinates></Point></Placemark><Placemark><TimeSpan><begin>2019-09-08T09:21:45Z</begin><end>2019-09-08T09:21:59Z</end></TimeSpan><styleUrl>#point</styleUrl><Point><altitudeMode>clampToGround</altitudeMode><coordinates>7.136477082967758,45.079139331355691,1781.9400000000001</coordinates></Point></Placemark><Placemark><TimeSpan><begin>2019-09-08T09:21:59Z</begin><end>2019-09-08T09:22:06Z</end></TimeSpan><styleUrl>#point</styleUrl><Point><altitudeMode>clampToGround</altitudeMode><coordinates>7.136424863711,45.079163890331984,1783.8599999999999</coordinates></Point></Placemark><Placemark><TimeSpan><begin>2019-09-08T09:22:06Z</begin><end>2019-09-08T09:22:20Z</end></TimeSpan><styleUrl>#point</styleUrl><Point><altitudeMode>clampToGround</altitudeMode><coordinates>7.136337859556079,45.079170009121299,1786.75</coordinates></Point></Placemark><Placemark><TimeSpan><begin>2019-09-08T09:22:20Z</begin><end>2019-09-08T09:22:35Z</end></TimeSpan><styleUrl>#point</styleUrl><Point><altitudeMode>clampToGround</altitudeMode><coordinates>7.136233756318688,45.079190377146006,1789.6300000000001</coordinates></Point></Placemark><Placemark><TimeSpan><begin>2019-09-08T09:22:35Z</begin><end>2019-09-08T09:22:50Z</end></TimeSpan><styleUrl>#point</styleUrl><Point><altitudeMode>clampToGround</altitudeMode><coordinates>7.136153122410178,45.079190712422132,1793</coordinates></Point></Placemark><Placemark><TimeSpan><begin>2019-09-08T09:22:50Z</begin><end>2019-09-08T09:23:03Z</end></TimeSpan><styleUrl>#point</styleUrl><Point><altitudeMode>clampToGround</altitudeMode><coordinates>7.136047342792153,45.07920429110527,1794.9200000000001</coordinates></Point></Placemark><Placemark><TimeSpan><begin>2019-09-08T09:23:03Z</begin><end>2019-09-08T09:23:16Z</end></TimeSpan><styleUrl>#point</styleUrl><Point><altitudeMode>clampToGround</altitudeMode><coordinates>7.135985903441906,45.079152742400765,1798.28</coordinates></Point></Placemark><Placemark><TimeSpan><begin>2019-09-08T09:23:16Z</begin><end>2019-09-08T09:23:31Z</end></TimeSpan><styleUrl>#point</styleUrl><Point><altitudeMode>clampToGround</altitudeMode><coordinates>7.135928655043244,45.079115610569715,1801.1700000000001</coordinates></Point></Placemark><Placemark><TimeSpan><begin>2019-09-08T09:23:31Z</begin><end>2019-09-08T09:23:46Z</end></TimeSpan><styleUrl>#point</styleUrl><Point><altitudeMode>clampToGround</altitudeMode><coordinates>7.135929325595498,45.079057440161705,1804.05</coordinates></Point></Placemark><Placemark><TimeSpan><begin>2019-09-08T09:23:46Z</begin><end>2019-09-08T09:24:03Z</end></TimeSpan><styleUrl>#point</styleUrl><Point><altitudeMode>clampToGround</altitudeMode><coordinates>7.135871490463615,45.078994743525982,1806.9400000000001</coordinates></Point></Placemark><Placemark><TimeSpan><begin>2019-09-08T09:24:03Z</begin><end>2019-09-08T09:24:18Z</end></TimeSpan><styleUrl>#point</styleUrl><Point><altitudeMode>clampToGround</altitudeMode><coordinates>7.135796556249261,45.079037239775062,1809.8199999999999</coordinates></Point></Placemark><Placemark><TimeSpan><begin>2019-09-08T09:24:18Z</begin><end>2019-09-08T09:24:32Z</end></TimeSpan><styleUrl>#point</styleUrl><Point><altitudeMode>clampToGround</altitudeMode><coordinates>7.135781720280647,45.079047381877899,1811.26</coordinates></Point></Placemark><Placemark><TimeSpan><begin>2019-09-08T09:24:32Z</begin><end>2019-09-08T09:24:52Z</end></TimeSpan><styleUrl>#point</styleUrl><Point><altitudeMode>clampToGround</altitudeMode><coordinates>7.13576084934175,45.07905819453299,1811.74</coordinates></Point></Placemark><Placemark><TimeSpan><begin>2019-09-08T09:24:52Z</begin><end>2019-09-08T09:25:09Z</end></TimeSpan><styleUrl>#point</styleUrl><Point><altitudeMode>clampToGround</altitudeMode><coordinates>7.135723968967795,45.078985942527652,1814.1500000000001</coordinates></Point></Placemark><Placemark><TimeSpan><begin>2019-09-08T09:25:09Z</begin><end>2019-09-08T09:25:22Z</end></TimeSpan><styleUrl>#point</styleUrl><Point><altitudeMode>clampToGround</altitudeMode><coordinates>7.135698990896344,45.078911762684584,1816.0699999999999</coordinates></Point></Placemark><Placemark><TimeSpan><begin>2019-09-08T09:25:22Z</begin><end>2019-09-08T09:25:36Z</end></TimeSpan><styleUrl>#point</styleUrl><Point><altitudeMode>clampToGround</altitudeMode><coordinates>7.135635372251272,45.078857447952032,1819.4300000000001</coordinates></Point></Placemark><Placemark><TimeSpan><begin>2019-09-08T09:25:36Z</begin><end>2019-09-08T09:25:50Z</end></TimeSpan><styleUrl>#point</styleUrl><Point><altitudeMode>clampToGround</altitudeMode><coordinates>7.135569574311376,45.078897681087255,1822.8</coordinates></Point></Placemark><Placemark><TimeSpan><begin>2019-09-08T09:25:50Z</begin><end>2019-09-08T09:26:03Z</end></TimeSpan><styleUrl>#point</styleUrl><Point><altitudeMode>clampToGround</altitudeMode><coordinates>7.135496735572815,45.07893699221313,1824.72</coordinates></Point></Placemark><Placemark><TimeSpan><begin>2019-09-08T09:26:03Z</begin><end>2019-09-08T09:26:16Z</end></TimeSpan><styleUrl>#point</styleUrl><Point><altitudeMode>clampToGround</altitudeMode><coordinates>7.135445438325405,45.078961467370391,1827.5999999999999</coordinates></Point></Placemark><Placemark><TimeSpan><begin>2019-09-08T09:26:16Z</begin><end>2019-09-08T09:26:30Z</end></TimeSpan><styleUrl>#point</styleUrl><Point><altitudeMode>clampToGround</altitudeMode><coordinates>7.135362038388848,45.079037407413125,1830.01</coordinates></Point></Placemark><Placemark><TimeSpan><begin>2019-09-08T09:26:30Z</begin><end>2019-09-08T09:26:44Z</end></TimeSpan><styleUrl>#point</styleUrl><Point><altitudeMode>clampToGround</altitudeMode><coordinates>7.13526145555079,45.079076550900936,1833.3699999999999</coordinates></Point></Placemark><Placemark><TimeSpan><begin>2019-09-08T09:26:44Z</begin><end>2019-09-08T09:26:50Z</end></TimeSpan><styleUrl>#point</styleUrl><Point><altitudeMode>clampToGround</altitudeMode><coordinates>7.135205548256636,45.07910312153399,1834.3299999999999</coordinates></Point></Placemark><Placemark><TimeSpan><begin>2019-09-08T09:26:50Z</begin><end>2019-09-08T09:26:52Z</end></TimeSpan><styleUrl>#point</styleUrl><Point><altitudeMode>clampToGround</altitudeMode><coordinates>7.135173277929425,45.079115862026811,1834.3299999999999</coordinates></Point></Placemark><Placemark><TimeSpan><begin>2019-09-08T09:26:52Z</begin><end>2019-09-08T09:27:04Z</end></TimeSpan><styleUrl>#point</styleUrl><Point><altitudeMode>clampToGround</altitudeMode><coordinates>7.135068420320749,45.079092560335994,1837.22</coordinates></Point></Placemark><Placemark><TimeSpan><begin>2019-09-08T09:27:04Z</begin><end>2019-09-08T09:27:30Z</end></TimeSpan><styleUrl>#point</styleUrl><Point><altitudeMode>clampToGround</altitudeMode><coordinates>7.135138157755137,45.079068252816796,1838.1800000000001</coordinates></Point></Placemark><Placemark><TimeSpan><begin>2019-09-08T09:27:30Z</begin><end>2019-09-08T09:27:56Z</end></TimeSpan><styleUrl>#point</styleUrl><Point><altitudeMode>clampToGround</altitudeMode><coordinates>7.135153999552131,45.079078562557697,1838.1800000000001</coordinates></Point></Placemark><Placemark><TimeSpan><begin>2019-09-08T09:27:56Z</begin><end>2019-09-08T09:28:33Z</end></TimeSpan><styleUrl>#point</styleUrl><Point><altitudeMode>clampToGround</altitudeMode><coordinates>7.135179061442614,45.07908945903182,1838.1800000000001</coordinates></Point></Placemark><Placemark><TimeSpan><begin>2019-09-08T09:28:33Z</begin><end>2019-09-08T09:28:54Z</end></TimeSpan><styleUrl>#point</styleUrl><Point><altitudeMode>clampToGround</altitudeMode><coordinates>7.135087866336107,45.079123405739665,1838.6600000000001</coordinates></Point></Placemark><Placemark><TimeSpan><begin>2019-09-08T09:28:54Z</begin><end>2019-09-08T09:29:24Z</end></TimeSpan><styleUrl>#point</styleUrl><Point><altitudeMode>clampToGround</altitudeMode><coordinates>7.135179480537772,45.079100020229816,1838.6600000000001</coordinates></Point></Placemark><Placemark><TimeSpan><begin>2019-09-08T09:29:24Z</begin><end>2019-09-08T09:29:38Z</end></TimeSpan><styleUrl>#point</styleUrl><Point><altitudeMode>clampToGround</altitudeMode><coordinates>7.135122902691364,45.079019134864211,1840.0999999999999</coordinates></Point></Placemark><Placemark><TimeSpan><begin>2019-09-08T09:29:38Z</begin><end>2019-09-08T09:29:52Z</end></TimeSpan><styleUrl>#point</styleUrl><Point><altitudeMode>clampToGround</altitudeMode><coordinates>7.135056182742119,45.078962724655867,1841.54</coordinates></Point></Placemark><Placemark><TimeSpan><begin>2019-09-08T09:29:52Z</begin><end>2019-09-08T09:30:05Z</end></TimeSpan><styleUrl>#point</styleUrl><Point><altitudeMode>clampToGround</altitudeMode><coordinates>7.135001616552472,45.078892651945353,1843.95</coordinates></Point></Placemark><Placemark><TimeSpan><begin>2019-09-08T09:30:05Z</begin><end>2019-09-08T09:30:16Z</end></TimeSpan><styleUrl>#point</styleUrl><Point><altitudeMode>clampToGround</altitudeMode><coordinates>7.1349570248276,45.078821321949363,1846.8299999999999</coordinates></Point></Placemark><Placemark><TimeSpan><begin>2019-09-08T09:30:16Z</begin><end>2019-09-08T09:30:18Z</end></TimeSpan><styleUrl>#point</styleUrl><Point><altitudeMode>clampToGround</altitudeMode><coordinates>7.134954845532775,45.078801456838846,1847.79</coordinates></Point></Placemark><Placemark><TimeSpan><begin>2019-09-08T09:30:18Z</begin><end>2019-09-08T09:30:32Z</end></TimeSpan><styleUrl>#point</styleUrl><Point><altitudeMode>clampToGround</altitudeMode><coordinates>7.134881839156151,45.078758876770735,1851.1600000000001</coordinates></Point></Placemark><Placemark><TimeSpan><begin>2019-09-08T09:30:32Z</begin><end>2019-09-08T09:30:44Z</end></TimeSpan><styleUrl>#point</styleUrl><Point><altitudeMode>clampToGround</altitudeMode><coordinates>7.13484956882894,45.078705484047532,1854.04</coordinates></Point></Placemark><Placemark><TimeSpan><begin>2019-09-08T09:30:44Z</begin><end>2019-09-08T09:30:55Z</end></TimeSpan><styleUrl>#point</styleUrl><Point><altitudeMode>clampToGround</altitudeMode><coordinates>7.134782262146473,45.078671956434846,1856.4400000000001</coordinates></Point></Placemark><Placemark><TimeSpan><begin>2019-09-08T09:30:55Z</begin><end>2019-09-08T09:31:08Z</end></TimeSpan><styleUrl>#point</styleUrl><Point><altitudeMode>clampToGround</altitudeMode><coordinates>7.13475133292377,45.078645050525665,1858.3699999999999</coordinates></Point></Placemark><Placemark><TimeSpan><begin>2019-09-08T09:31:08Z</begin><end>2019-09-08T09:31:23Z</end></TimeSpan><styleUrl>#point</styleUrl><Point><altitudeMode>clampToGround</altitudeMode><coordinates>7.134730545803905,45.078570451587439,1861.25</coordinates></Point></Placemark><Placemark><TimeSpan><begin>2019-09-08T09:31:23Z</begin><end>2019-09-08T09:31:39Z</end></TimeSpan><styleUrl>#point</styleUrl><Point><altitudeMode>clampToGround</altitudeMode><coordinates>7.13471906259656,45.078476574271917,1864.1300000000001</coordinates></Point></Placemark><Placemark><TimeSpan><begin>2019-09-08T09:31:39Z</begin><end>2019-09-08T09:31:53Z</end></TimeSpan><styleUrl>#point</styleUrl><Point><altitudeMode>clampToGround</altitudeMode><coordinates>7.134680757299066,45.078436676412821,1867.02</coordinates></Point></Placemark><Placemark><TimeSpan><begin>2019-09-08T09:31:53Z</begin><end>2019-09-08T09:32:08Z</end></TimeSpan><styleUrl>#point</styleUrl><Point><altitudeMode>clampToGround</altitudeMode><coordinates>7.134587047621608,45.078419493511319,1869.4200000000001</coordinates></Point></Placemark><Placemark><TimeSpan><begin>2019-09-08T09:32:08Z</begin><end>2019-09-08T09:32:19Z</end></TimeSpan><styleUrl>#point</styleUrl><Point><altitudeMode>clampToGround</altitudeMode><coordinates>7.134494008496404,45.078440783545375,1872.79</coordinates></Point></Placemark><Placemark><TimeSpan><begin>2019-09-08T09:32:19Z</begin><end>2019-09-08T09:32:32Z</end></TimeSpan><styleUrl>#point</styleUrl><Point><altitudeMode>clampToGround</altitudeMode><coordinates>7.134400131180883,45.078470036387444,1874.71</coordinates></Point></Placemark><Placemark><TimeSpan><begin>2019-09-08T09:32:32Z</begin><end>2019-09-08T09:32:44Z</end></TimeSpan><styleUrl>#point</styleUrl><Point><altitudeMode>clampToGround</altitudeMode><coordinates>7.134368196129799,45.078531643375754,1877.1099999999999</coordinates></Point></Placemark><Placemark><TimeSpan><begin>2019-09-08T09:32:44Z</begin><end>2019-09-08T09:33:00Z</end></TimeSpan><styleUrl>#point</styleUrl><Point><altitudeMode>clampToGround</altitudeMode><coordinates>7.134277420118451,45.078586125746369,1879.51</coordinates></Point></Placemark><Placemark><TimeSpan><begin>2019-09-08T09:33:00Z</begin><end>2019-09-08T09:33:13Z</end></TimeSpan><styleUrl>#point</styleUrl><Point><altitudeMode>clampToGround</altitudeMode><coordinates>7.13415278121829,45.078666340559721,1881.4400000000001</coordinates></Point></Placemark><Placemark><TimeSpan><begin>2019-09-08T09:33:13Z</begin><end>2019-09-08T09:33:25Z</end></TimeSpan><styleUrl>#point</styleUrl><Point><altitudeMode>clampToGround</altitudeMode><coordinates>7.134053539484739,45.07871076464653,1884.3199999999999</coordinates></Point></Placemark><Placemark><TimeSpan><begin>2019-09-08T09:33:25Z</begin><end>2019-09-08T09:33:39Z</end></TimeSpan><styleUrl>#point</styleUrl><Point><altitudeMode>clampToGround</altitudeMode><coordinates>7.133941221982241,45.078797014430165,1885.76</coordinates></Point></Placemark><Placemark><TimeSpan><begin>2019-09-08T09:33:39Z</begin><end>2019-09-08T09:33:52Z</end></TimeSpan><styleUrl>#point</styleUrl><Point><altitudeMode>clampToGround</altitudeMode><coordinates>7.133860671892762,45.078853340819478,1888.1700000000001</coordinates></Point></Placemark><Placemark><TimeSpan><begin>2019-09-08T09:33:52Z</begin><end>2019-09-08T09:34:02Z</end></TimeSpan><styleUrl>#point</styleUrl><Point><altitudeMode>clampToGround</altitudeMode><coordinates>7.133796885609627,45.078910840675235,1888.6500000000001</coordinates></Point></Placemark><Placemark><TimeSpan><begin>2019-09-08T09:34:02Z</begin><end>2019-09-08T09:34:17Z</end></TimeSpan><styleUrl>#point</styleUrl><Point><altitudeMode>clampToGround</altitudeMode><coordinates>7.133757155388594,45.0790352281183,1891.05</coordinates></Point></Placemark><Placemark><TimeSpan><begin>2019-09-08T09:34:17Z</begin><end>2019-09-08T09:34:29Z</end></TimeSpan><styleUrl>#point</styleUrl><Point><altitudeMode>clampToGround</altitudeMode><coordinates>7.133719185367227,45.079118041321635,1892.97</coordinates></Point></Placemark><Placemark><TimeSpan><begin>2019-09-08T09:34:29Z</begin><end>2019-09-08T09:34:38Z</end></TimeSpan><styleUrl>#point</styleUrl><Point><altitudeMode>clampToGround</altitudeMode><coordinates>7.133714323863387,45.079163052141666,1896.3399999999999</coordinates></Point></Placemark><Placemark><TimeSpan><begin>2019-09-08T09:34:38Z</begin><end>2019-09-08T09:34:48Z</end></TimeSpan><styleUrl>#point</styleUrl><Point><altitudeMode>clampToGround</altitudeMode><coordinates>7.133667888119817,45.079228179529309,1898.26</coordinates></Point></Placemark><Placemark><TimeSpan><begin>2019-09-08T09:34:48Z</begin><end>2019-09-08T09:35:00Z</end></TimeSpan><styleUrl>#point</styleUrl><Point><altitudeMode>clampToGround</altitudeMode><coordinates>7.133645173162222,45.079250978305936,1901.1400000000001</coordinates></Point></Placemark><Placemark><TimeSpan><begin>2019-09-08T09:35:00Z</begin><end>2019-09-08T09:35:13Z</end></TimeSpan><styleUrl>#point</styleUrl><Point><altitudeMode>clampToGround</altitudeMode><coordinates>7.133646430447698,45.079291127622128,1903.0699999999999</coordinates></Point></Placemark><Placemark><TimeSpan><begin>2019-09-08T09:35:13Z</begin><end>2019-09-08T09:35:32Z</end></TimeSpan><styleUrl>#point</styleUrl><Point><altitudeMode>clampToGround</altitudeMode><coordinates>7.133668810129166,45.079299677163363,1903.55</coordinates></Point></Placemark><Placemark><TimeSpan><begin>2019-09-08T09:35:32Z</begin><end>2019-09-08T09:36:00Z</end></TimeSpan><styleUrl>#point</styleUrl><Point><altitudeMode>clampToGround</altitudeMode><coordinates>7.133741732686758,45.07926682010293,1903.55</coordinates></Point></Placemark><Placemark><TimeSpan><begin>2019-09-08T09:36:00Z</begin><end>2019-09-08T09:36:22Z</end></TimeSpan><styleUrl>#point</styleUrl><Point><altitudeMode>clampToGround</altitudeMode><coordinates>7.133829826489091,45.07921745069325,1904.03</coordinates></Point></Placemark><Placemark><TimeSpan><begin>2019-09-08T09:36:22Z</begin><end>2019-09-08T09:36:45Z</end></TimeSpan><styleUrl>#point</styleUrl><Point><altitudeMode>clampToGround</altitudeMode><coordinates>7.133890176191926,45.079179145395756,1904.03</coordinates></Point></Placemark><Placemark><TimeSpan><begin>2019-09-08T09:36:45Z</begin><end>2019-09-08T09:37:14Z</end></TimeSpan><styleUrl>#point</styleUrl><Point><altitudeMode>clampToGround</altitudeMode><coordinates>7.133972989395261,45.079176463186741,1904.03</coordinates></Point></Placemark><Placemark><TimeSpan><begin>2019-09-08T09:37:14Z</begin><end>2019-09-08T09:37:31Z</end></TimeSpan><styleUrl>#point</styleUrl><Point><altitudeMode>clampToGround</altitudeMode><coordinates>7.133963434025645,45.079247541725636,1904.51</coordinates></Point></Placemark><Placemark><TimeSpan><begin>2019-09-08T09:37:31Z</begin><end>2019-09-08T09:37:48Z</end></TimeSpan><styleUrl>#point</styleUrl><Point><altitudeMode>clampToGround</altitudeMode><coordinates>7.133800070732832,45.079395398497581,1903.0699999999999</coordinates></Point></Placemark><Placemark><TimeSpan><begin>2019-09-08T09:37:48Z</begin><end>2019-09-08T09:38:00Z</end></TimeSpan><styleUrl>#point</styleUrl><Point><altitudeMode>clampToGround</altitudeMode><coordinates>7.13371398858726,45.079495729878545,1904.03</coordinates></Point></Placemark><Placemark><TimeSpan><begin>2019-09-08T09:38:00Z</begin><end>2019-09-08T09:38:13Z</end></TimeSpan><styleUrl>#point</styleUrl><Point><altitudeMode>clampToGround</altitudeMode><coordinates>7.133703511208296,45.079556666314602,1904.51</coordinates></Point></Placemark><Placemark><TimeSpan><begin>2019-09-08T09:38:13Z</begin><end>2019-09-08T09:38:28Z</end></TimeSpan><styleUrl>#point</styleUrl><Point><altitudeMode>clampToGround</altitudeMode><coordinates>7.133545009419322,45.079588014632463,1907.3900000000001</coordinates></Point></Placemark><Placemark><TimeSpan><begin>2019-09-08T09:38:28Z</begin><end>2019-09-08T09:38:41Z</end></TimeSpan><styleUrl>#point</styleUrl><Point><altitudeMode>clampToGround</altitudeMode><coordinates>7.1333924587816,45.079606454819441,1908.8299999999999</coordinates></Point></Placemark><Placemark><TimeSpan><begin>2019-09-08T09:38:41Z</begin><end>2019-09-08T09:38:52Z</end></TimeSpan><styleUrl>#point</styleUrl><Point><altitudeMode>clampToGround</altitudeMode><coordinates>7.133232783526182,45.079598743468523,1910.28</coordinates></Point></Placemark><Placemark><TimeSpan><begin>2019-09-08T09:38:52Z</begin><end>2019-09-08T09:39:07Z</end></TimeSpan><styleUrl>#point</styleUrl><Point><altitudeMode>clampToGround</altitudeMode><coordinates>7.133042346686125,45.079557336866856,1911.72</coordinates></Point></Placemark><Placemark><TimeSpan><begin>2019-09-08T09:39:07Z</begin><end>2019-09-08T09:39:08Z</end></TimeSpan><styleUrl>#point</styleUrl><Point><altitudeMode>clampToGround</altitudeMode><coordinates>7.133024828508496,45.079562617465854,1911.72</coordinates></Point></Placemark><Placemark><TimeSpan><begin>2019-09-08T09:39:08Z</begin><end>2019-09-08T09:39:21Z</end></TimeSpan><styleUrl>#point</styleUrl><Point><altitudeMode>clampToGround</altitudeMode><coordinates>7.13287839666009,45.079646436497569,1909.3199999999999</coordinates></Point></Placemark><Placemark><TimeSpan><begin>2019-09-08T09:39:21Z</begin><end>2019-09-08T09:39:35Z</end></TimeSpan><styleUrl>#point</styleUrl><Point><altitudeMode>clampToGround</altitudeMode><coordinates>7.132719475775957,45.079680383205414,1906.9100000000001</coordinates></Point></Placemark><Placemark><TimeSpan><begin>2019-09-08T09:39:35Z</begin><end>2019-09-08T09:39:37Z</end></TimeSpan><styleUrl>#point</styleUrl><Point><altitudeMode>clampToGround</altitudeMode><coordinates>7.132742023095489,45.079711982980371,1906.9100000000001</coordinates></Point></Placemark><Placemark><TimeSpan><begin>2019-09-08T09:39:37Z</begin><end>2019-09-08T09:39:44Z</end></TimeSpan><styleUrl>#point</styleUrl><Point><altitudeMode>clampToGround</altitudeMode><coordinates>7.132797846570611,45.079770740121603,1906.4300000000001</coordinates></Point></Placemark><Placemark><TimeSpan><begin>2019-09-08T09:39:44Z</begin><end>2019-09-08T09:39:52Z</end></TimeSpan><styleUrl>#point</styleUrl><Point><altitudeMode>clampToGround</altitudeMode><coordinates>7.132872194051743,45.079788090661168,1908.3499999999999</coordinates></Point></Placemark><Placemark><TimeSpan><begin>2019-09-08T09:39:52Z</begin><end>2019-09-08T09:39:57Z</end></TimeSpan><styleUrl>#point</styleUrl><Point><altitudeMode>clampToGround</altitudeMode><coordinates>7.132934974506497,45.07978574372828,1906.4300000000001</coordinates></Point></Placemark><Placemark><TimeSpan><begin>2019-09-08T09:39:57Z</begin><end>2019-09-08T09:40:10Z</end></TimeSpan><styleUrl>#point</styleUrl><Point><altitudeMode>clampToGround</altitudeMode><coordinates>7.132964227348566,45.079820863902569,1906.9100000000001</coordinates></Point></Placemark><Placemark><TimeSpan><begin>2019-09-08T09:40:10Z</begin><end>2019-09-08T09:40:22Z</end></TimeSpan><styleUrl>#point</styleUrl><Point><altitudeMode>clampToGround</altitudeMode><coordinates>7.132951319217682,45.079855732619762,1906.9100000000001</coordinates></Point></Placemark><Placemark><TimeSpan><begin>2019-09-08T09:40:22Z</begin><end>2019-09-08T09:40:38Z</end></TimeSpan><styleUrl>#point</styleUrl><Point><altitudeMode>clampToGround</altitudeMode><coordinates>7.132884850725532,45.079871658235788,1907.8699999999999</coordinates></Point></Placemark><Placemark><TimeSpan><begin>2019-09-08T09:40:38Z</begin><end>2019-09-08T09:40:51Z</end></TimeSpan><styleUrl>#point</styleUrl><Point><altitudeMode>clampToGround</altitudeMode><coordinates>7.13281880132854,45.0799626018852,1910.28</coordinates></Point></Placemark><Placemark><TimeSpan><begin>2019-09-08T09:40:51Z</begin><end>2019-09-08T09:41:04Z</end></TimeSpan><styleUrl>#point</styleUrl><Point><altitudeMode>clampToGround</altitudeMode><coordinates>7.132767671719194,45.080049019306898,1912.6800000000001</coordinates></Point></Placemark><Placemark><TimeSpan><begin>2019-09-08T09:41:04Z</begin><end>2019-09-08T09:41:16Z</end></TimeSpan><styleUrl>#point</styleUrl><Point><altitudeMode>clampToGround</altitudeMode><coordinates>7.132732216268778,45.080033093690872,1915.5599999999999</coordinates></Point></Placemark><Placemark><TimeSpan><begin>2019-09-08T09:41:16Z</begin><end>2019-09-08T09:41:25Z</end></TimeSpan><styleUrl>#point</styleUrl><Point><altitudeMode>clampToGround</altitudeMode><coordinates>7.132683685049415,45.08001197129488,1917.49</coordinates></Point></Placemark><Placemark><TimeSpan><begin>2019-09-08T09:41:25Z</begin><end>2019-09-08T09:41:37Z</end></TimeSpan><styleUrl>#point</styleUrl><Point><altitudeMode>clampToGround</altitudeMode><coordinates>7.132621156051755,45.079965870827436,1920.3699999999999</coordinates></Point></Placemark><Placemark><TimeSpan><begin>2019-09-08T09:41:37Z</begin><end>2019-09-08T09:41:49Z</end></TimeSpan><styleUrl>#point</styleUrl><Point><altitudeMode>clampToGround</altitudeMode><coordinates>7.13250607252121,45.079956566914916,1922.77</coordinates></Point></Placemark><Placemark><TimeSpan><begin>2019-09-08T09:41:49Z</begin><end>2019-09-08T09:42:00Z</end></TimeSpan><styleUrl>#point</styleUrl><Point><altitudeMode>clampToGround</altitudeMode><coordinates>7.132443208247423,45.07991474121809,1925.1800000000001</coordinates></Point></Placemark><Placemark><TimeSpan><begin>2019-09-08T09:42:00Z</begin><end>2019-09-08T09:42:13Z</end></TimeSpan><styleUrl>#point</styleUrl><Point><altitudeMode>clampToGround</altitudeMode><coordinates>7.132347067818046,45.079888505861163,1928.0599999999999</coordinates></Point></Placemark><Placemark><TimeSpan><begin>2019-09-08T09:42:13Z</begin><end>2019-09-08T09:42:29Z</end></TimeSpan><styleUrl>#point</styleUrl><Point><altitudeMode>clampToGround</altitudeMode><coordinates>7.13226911611855,45.079861935228109,1930.95</coordinates></Point></Placemark><Placemark><TimeSpan><begin>2019-09-08T09:42:29Z</begin><end>2019-09-08T09:42:43Z</end></TimeSpan><styleUrl>#point</styleUrl><Point><altitudeMode>clampToGround</altitudeMode><coordinates>7.132202731445432,45.079823546111584,1933.3499999999999</coordinates></Point></Placemark><Placemark><TimeSpan><begin>2019-09-08T09:42:43Z</begin><end>2019-09-08T09:42:56Z</end></TimeSpan><styleUrl>#point</styleUrl><Point><altitudeMode>clampToGround</altitudeMode><coordinates>7.132124276831746,45.079793957993388,1936.23</coordinates></Point></Placemark><Placemark><TimeSpan><begin>2019-09-08T09:42:56Z</begin><end>2019-09-08T09:43:11Z</end></TimeSpan><styleUrl>#point</styleUrl><Point><altitudeMode>clampToGround</altitudeMode><coordinates>7.132061244919896,45.07973151281476,1938.6400000000001</coordinates></Point></Placemark><Placemark><TimeSpan><begin>2019-09-08T09:43:11Z</begin><end>2019-09-08T09:43:27Z</end></TimeSpan><styleUrl>#point</styleUrl><Point><altitudeMode>clampToGround</altitudeMode><coordinates>7.132015395909548,45.079787001013756,1941.52</coordinates></Point></Placemark><Placemark><TimeSpan><begin>2019-09-08T09:43:27Z</begin><end>2019-09-08T09:43:39Z</end></TimeSpan><styleUrl>#point</styleUrl><Point><altitudeMode>clampToGround</altitudeMode><coordinates>7.131986729800701,45.079798987135291,1943.9200000000001</coordinates></Point></Placemark><Placemark><TimeSpan><begin>2019-09-08T09:43:39Z</begin><end>2019-09-08T09:43:51Z</end></TimeSpan><styleUrl>#point</styleUrl><Point><altitudeMode>clampToGround</altitudeMode><coordinates>7.131920512765646,45.079843662679195,1946.3299999999999</coordinates></Point></Placemark><Placemark><TimeSpan><begin>2019-09-08T09:43:51Z</begin><end>2019-09-08T09:44:03Z</end></TimeSpan><styleUrl>#point</styleUrl><Point><altitudeMode>clampToGround</altitudeMode><coordinates>7.13186108507216,45.079908706247807,1947.29</coordinates></Point></Placemark><Placemark><TimeSpan><begin>2019-09-08T09:44:03Z</begin><end>2019-09-08T09:44:19Z</end></TimeSpan><styleUrl>#point</styleUrl><Point><altitudeMode>clampToGround</altitudeMode><coordinates>7.131826803088188,45.079836118966341,1949.21</coordinates></Point></Placemark><Placemark><TimeSpan><begin>2019-09-08T09:44:19Z</begin><end>2019-09-08T09:44:32Z</end></TimeSpan><styleUrl>#point</styleUrl><Point><altitudeMode>clampToGround</altitudeMode><coordinates>7.131790341809392,45.079781636595726,1952.0899999999999</coordinates></Point></Placemark><Placemark><TimeSpan><begin>2019-09-08T09:44:32Z</begin><end>2019-09-08T09:44:45Z</end></TimeSpan><styleUrl>#point</styleUrl><Point><altitudeMode>clampToGround</altitudeMode><coordinates>7.131746085360646,45.079718856140971,1954.5</coordinates></Point></Placemark><Placemark><TimeSpan><begin>2019-09-08T09:44:45Z</begin><end>2019-09-08T09:44:57Z</end></TimeSpan><styleUrl>#point</styleUrl><Point><altitudeMode>clampToGround</altitudeMode><coordinates>7.131722951307893,45.079737044870853,1955.46</coordinates></Point></Placemark><Placemark><TimeSpan><begin>2019-09-08T09:44:57Z</begin><end>2019-09-08T09:45:12Z</end></TimeSpan><styleUrl>#point</styleUrl><Point><altitudeMode>clampToGround</altitudeMode><coordinates>7.131666541099548,45.07965917699039,1958.3399999999999</coordinates></Point></Placemark><Placemark><TimeSpan><begin>2019-09-08T09:45:12Z</begin><end>2019-09-08T09:45:26Z</end></TimeSpan><styleUrl>#point</styleUrl><Point><altitudeMode>clampToGround</altitudeMode><coordinates>7.131612310186029,45.07965381257236,1961.71</coordinates></Point></Placemark><Placemark><TimeSpan><begin>2019-09-08T09:45:26Z</begin><end>2019-09-08T09:45:43Z</end></TimeSpan><styleUrl>#point</styleUrl><Point><altitudeMode>clampToGround</altitudeMode><coordinates>7.131543159484863,45.079600168392062,1964.5899999999999</coordinates></Point></Placemark><Placemark><TimeSpan><begin>2019-09-08T09:45:43Z</begin><end>2019-09-08T09:45:58Z</end></TimeSpan><styleUrl>#point</styleUrl><Point><altitudeMode>clampToGround</altitudeMode><coordinates>7.131473254412413,45.079656159505248,1967.48</coordinates></Point></Placemark><Placemark><TimeSpan><begin>2019-09-08T09:45:58Z</begin><end>2019-09-08T09:46:12Z</end></TimeSpan><styleUrl>#point</styleUrl><Point><altitudeMode>clampToGround</altitudeMode><coordinates>7.13140862993896,45.079718185588717,1970.3599999999999</coordinates></Point></Placemark><Placemark><TimeSpan><begin>2019-09-08T09:46:12Z</begin><end>2019-09-08T09:46:40Z</end></TimeSpan><styleUrl>#point</styleUrl><Point><altitudeMode>clampToGround</altitudeMode><coordinates>7.131423801183701,45.079716760665178,1971.3199999999999</coordinates></Point></Placemark><Placemark><TimeSpan><begin>2019-09-08T09:46:40Z</begin><end>2019-09-08T09:47:20Z</end></TimeSpan><styleUrl>#point</styleUrl><Point><altitudeMode>clampToGround</altitudeMode><coordinates>7.131490688771009,45.07968214340508,1971.3199999999999</coordinates></Point></Placemark><Placemark><TimeSpan><begin>2019-09-08T09:47:20Z</begin><end>2019-09-08T09:47:36Z</end></TimeSpan><styleUrl>#point</styleUrl><Point><altitudeMode>clampToGround</altitudeMode><coordinates>7.131367726251483,45.079763866961002,1974.6900000000001</coordinates></Point></Placemark><Placemark><TimeSpan><begin>2019-09-08T09:47:36Z</begin><end>2019-09-08T09:48:03Z</end></TimeSpan><styleUrl>#point</styleUrl><Point><altitudeMode>clampToGround</altitudeMode><coordinates>7.131469650194049,45.079641826450825,1975.1700000000001</coordinates></Point></Placemark><Placemark><TimeSpan><begin>2019-09-08T09:48:03Z</begin><end>2019-09-08T09:48:20Z</end></TimeSpan><styleUrl>#point</styleUrl><Point><altitudeMode>clampToGround</altitudeMode><coordinates>7.131266808137298,45.079723466187716,1978.05</coordinates></Point></Placemark><Placemark><TimeSpan><begin>2019-09-08T09:48:20Z</begin><end>2019-09-08T09:48:33Z</end></TimeSpan><styleUrl>#point</styleUrl><Point><altitudeMode>clampToGround</altitudeMode><coordinates>7.131234370172024,45.079662445932627,1980.9300000000001</coordinates></Point></Placemark><Placemark><TimeSpan><begin>2019-09-08T09:48:33Z</begin><end>2019-09-08T09:48:47Z</end></TimeSpan><styleUrl>#point</styleUrl><Point><altitudeMode>clampToGround</altitudeMode><coordinates>7.131175696849823,45.079585583880544,1983.8199999999999</coordinates></Point></Placemark><Placemark><TimeSpan><begin>2019-09-08T09:48:47Z</begin><end>2019-09-08T09:48:58Z</end></TimeSpan><styleUrl>#point</styleUrl><Point><altitudeMode>clampToGround</altitudeMode><coordinates>7.131078718230128,45.079541746526957,1985.74</coordinates></Point></Placemark><Placemark><TimeSpan><begin>2019-09-08T09:48:58Z</begin><end>2019-09-08T09:49:10Z</end></TimeSpan><styleUrl>#point</styleUrl><Point><altitudeMode>clampToGround</altitudeMode><coordinates>7.130984254181385,45.079493885859847,1987.6600000000001</coordinates></Point></Placemark><Placemark><TimeSpan><begin>2019-09-08T09:49:10Z</begin><end>2019-09-08T09:49:26Z</end></TimeSpan><styleUrl>#point</styleUrl><Point><altitudeMode>clampToGround</altitudeMode><coordinates>7.130950475111604,45.079396152868867,1991.03</coordinates></Point></Placemark><Placemark><TimeSpan><begin>2019-09-08T09:49:26Z</begin><end>2019-09-08T09:49:41Z</end></TimeSpan><styleUrl>#point</styleUrl><Point><altitudeMode>clampToGround</altitudeMode><coordinates>7.130860453471541,45.079345023259521,1992.47</coordinates></Point></Placemark><Placemark><TimeSpan><begin>2019-09-08T09:49:41Z</begin><end>2019-09-08T09:49:57Z</end></TimeSpan><styleUrl>#point</styleUrl><Point><altitudeMode>clampToGround</altitudeMode><coordinates>7.130729360505939,45.079301688820124,1995.3499999999999</coordinates></Point></Placemark><Placemark><TimeSpan><begin>2019-09-08T09:49:57Z</begin><end>2019-09-08T09:50:13Z</end></TimeSpan><styleUrl>#point</styleUrl><Point><altitudeMode>clampToGround</altitudeMode><coordinates>7.130685690790415,45.079253744333982,1997.76</coordinates></Point></Placemark><Placemark><TimeSpan><begin>2019-09-08T09:50:13Z</begin><end>2019-09-08T09:50:24Z</end></TimeSpan><styleUrl>#point</styleUrl><Point><altitudeMode>clampToGround</altitudeMode><coordinates>7.130668591707945,45.079210242256522,2000.6400000000001</coordinates></Point></Placemark><Placemark><TimeSpan><begin>2019-09-08T09:50:24Z</begin><end>2019-09-08T09:50:36Z</end></TimeSpan><styleUrl>#point</styleUrl><Point><altitudeMode>clampToGround</altitudeMode><coordinates>7.130617797374725,45.079154167324305,2002.0799999999999</coordinates></Point></Placemark><Placemark><TimeSpan><begin>2019-09-08T09:50:36Z</begin><end>2019-09-08T09:50:53Z</end></TimeSpan><styleUrl>#point</styleUrl><Point><altitudeMode>clampToGround</altitudeMode><coordinates>7.130533307790756,45.07909775711596,2004.97</coordinates></Point></Placemark><Placemark><TimeSpan><begin>2019-09-08T09:50:53Z</begin><end>2019-09-08T09:50:59Z</end></TimeSpan><styleUrl>#point</styleUrl><Point><altitudeMode>clampToGround</altitudeMode><coordinates>7.130502797663212,45.079071437940001,2006.4100000000001</coordinates></Point></Placemark><Placemark><TimeSpan><begin>2019-09-08T09:50:59Z</begin><end>2019-09-08T09:51:13Z</end></TimeSpan><styleUrl>#point</styleUrl><Point><altitudeMode>clampToGround</altitudeMode><coordinates>7.130485698580742,45.079003712162375,2007.8499999999999</coordinates></Point></Placemark><Placemark><TimeSpan><begin>2019-09-08T09:51:13Z</begin><end>2019-09-08T09:51:26Z</end></TimeSpan><styleUrl>#point</styleUrl><Point><altitudeMode>clampToGround</altitudeMode><coordinates>7.13048217818141,45.078920144587755,2010.25</coordinates></Point></Placemark><Placemark><TimeSpan><begin>2019-09-08T09:51:26Z</begin><end>2019-09-08T09:51:43Z</end></TimeSpan><styleUrl>#point</styleUrl><Point><altitudeMode>clampToGround</altitudeMode><coordinates>7.130482345819473,45.078871361911297,2011.22</coordinates></Point></Placemark><Placemark><TimeSpan><begin>2019-09-08T09:51:43Z</begin><end>2019-09-08T09:52:00Z</end></TimeSpan><styleUrl>#point</styleUrl><Point><altitudeMode>clampToGround</altitudeMode><coordinates>7.130476897582412,45.07889935746789,2011.22</coordinates></Point></Placemark><Placemark><TimeSpan><begin>2019-09-08T09:52:00Z</begin><end>2019-09-08T09:52:19Z</end></TimeSpan><styleUrl>#point</styleUrl><Point><altitudeMode>clampToGround</altitudeMode><coordinates>7.130479915067554,45.078881504014134,2011.22</coordinates></Point></Placemark><Placemark><TimeSpan><begin>2019-09-08T09:52:19Z</begin><end>2019-09-08T09:52:39Z</end></TimeSpan><styleUrl>#point</styleUrl><Point><altitudeMode>clampToGround</altitudeMode><coordinates>7.130461810156703,45.078878402709961,2011.7</coordinates></Point></Placemark><Placemark><TimeSpan><begin>2019-09-08T09:52:39Z</begin><end>2019-09-08T09:52:51Z</end></TimeSpan><styleUrl>#point</styleUrl><Point><altitudeMode>clampToGround</altitudeMode><coordinates>7.130420990288258,45.078805815428495,2012.6600000000001</coordinates></Point></Placemark><Placemark><TimeSpan><begin>2019-09-08T09:52:51Z</begin><end>2019-09-08T09:53:03Z</end></TimeSpan><styleUrl>#point</styleUrl><Point><altitudeMode>clampToGround</altitudeMode><coordinates>7.13041864335537,45.0787054002285,2015.0599999999999</coordinates></Point></Placemark><Placemark><TimeSpan><begin>2019-09-08T09:53:03Z</begin><end>2019-09-08T09:53:14Z</end></TimeSpan><styleUrl>#point</styleUrl><Point><altitudeMode>clampToGround</altitudeMode><coordinates>7.130454601719976,45.078639518469572,2016.5</coordinates></Point></Placemark><Placemark><TimeSpan><begin>2019-09-08T09:53:14Z</begin><end>2019-09-08T09:53:30Z</end></TimeSpan><styleUrl>#point</styleUrl><Point><altitudeMode>clampToGround</altitudeMode><coordinates>7.130407663062215,45.078618060797453,2017.46</coordinates></Point></Placemark><Placemark><TimeSpan><begin>2019-09-08T09:53:30Z</begin><end>2019-09-08T09:53:42Z</end></TimeSpan><styleUrl>#point</styleUrl><Point><altitudeMode>clampToGround</altitudeMode><coordinates>7.130347900092602,45.078599117696285,2020.3499999999999</coordinates></Point></Placemark><Placemark><TimeSpan><begin>2019-09-08T09:53:42Z</begin><end>2019-09-08T09:53:53Z</end></TimeSpan><styleUrl>#point</styleUrl><Point><altitudeMode>clampToGround</altitudeMode><coordinates>7.130297943949699,45.078529380261898,2022.75</coordinates></Point></Placemark><Placemark><TimeSpan><begin>2019-09-08T09:53:53Z</begin><end>2019-09-08T09:54:05Z</end></TimeSpan><styleUrl>#point</styleUrl><Point><altitudeMode>clampToGround</altitudeMode><coordinates>7.130226194858551,45.078465007245541,2025.1500000000001</coordinates></Point></Placemark><Placemark><TimeSpan><begin>2019-09-08T09:54:05Z</begin><end>2019-09-08T09:54:16Z</end></TimeSpan><styleUrl>#point</styleUrl><Point><altitudeMode>clampToGround</altitudeMode><coordinates>7.130121756345034,45.078408345580101,2026.5999999999999</coordinates></Point></Placemark><Placemark><TimeSpan><begin>2019-09-08T09:54:16Z</begin><end>2019-09-08T09:54:28Z</end></TimeSpan><styleUrl>#point</styleUrl><Point><altitudeMode>clampToGround</altitudeMode><coordinates>7.130123432725668,45.078341457992792,2028.52</coordinates></Point></Placemark><Placemark><TimeSpan><begin>2019-09-08T09:54:28Z</begin><end>2019-09-08T09:54:41Z</end></TimeSpan><styleUrl>#point</styleUrl><Point><altitudeMode>clampToGround</altitudeMode><coordinates>7.13006341829896,45.078310277312994,2029.48</coordinates></Point></Placemark><Placemark><TimeSpan><begin>2019-09-08T09:54:41Z</begin><end>2019-09-08T09:54:53Z</end></TimeSpan><styleUrl>#point</styleUrl><Point><altitudeMode>clampToGround</altitudeMode><coordinates>7.130023939535022,45.07837800309062,2031.8800000000001</coordinates></Point></Placemark><Placemark><TimeSpan><begin>2019-09-08T09:54:53Z</begin><end>2019-09-08T09:55:05Z</end></TimeSpan><styleUrl>#point</styleUrl><Point><altitudeMode>clampToGround</altitudeMode><coordinates>7.129962248727679,45.078410021960735,2034.29</coordinates></Point></Placemark><Placemark><TimeSpan><begin>2019-09-08T09:55:05Z</begin><end>2019-09-08T09:55:18Z</end></TimeSpan><styleUrl>#point</styleUrl><Point><altitudeMode>clampToGround</altitudeMode><coordinates>7.12991246022284,45.078384792432189,2037.1700000000001</coordinates></Point></Placemark><Placemark><TimeSpan><begin>2019-09-08T09:55:18Z</begin><end>2019-09-08T09:55:30Z</end></TimeSpan><styleUrl>#point</styleUrl><Point><altitudeMode>clampToGround</altitudeMode><coordinates>7.129859318956733,45.078377248719335,2039.0899999999999</coordinates></Point></Placemark><Placemark><TimeSpan><begin>2019-09-08T09:55:30Z</begin><end>2019-09-08T09:55:42Z</end></TimeSpan><styleUrl>#point</styleUrl><Point><altitudeMode>clampToGround</altitudeMode><coordinates>7.129801316186786,45.078379428014159,2041.5</coordinates></Point></Placemark><Placemark><TimeSpan><begin>2019-09-08T09:55:42Z</begin><end>2019-09-08T09:55:58Z</end></TimeSpan><styleUrl>#point</styleUrl><Point><altitudeMode>clampToGround</altitudeMode><coordinates>7.129731411114335,45.078337518498302,2044.8599999999999</coordinates></Point></Placemark><Placemark><TimeSpan><begin>2019-09-08T09:55:58Z</begin><end>2019-09-08T09:56:21Z</end></TimeSpan><styleUrl>#point</styleUrl><Point><altitudeMode>clampToGround</altitudeMode><coordinates>7.129750354215503,45.078364759683609,2043.9000000000001</coordinates></Point></Placemark><Placemark><TimeSpan><begin>2019-09-08T09:56:21Z</begin><end>2019-09-08T09:56:41Z</end></TimeSpan><styleUrl>#point</styleUrl><Point><altitudeMode>clampToGround</altitudeMode><coordinates>7.129742559045553,45.078380517661572,2043.9000000000001</coordinates></Point></Placemark><Placemark><TimeSpan><begin>2019-09-08T09:56:41Z</begin><end>2019-09-08T09:57:02Z</end></TimeSpan><styleUrl>#point</styleUrl><Point><altitudeMode>clampToGround</altitudeMode><coordinates>7.12975119240582,45.078366352245212,2043.9000000000001</coordinates></Point></Placemark><Placemark><TimeSpan><begin>2019-09-08T09:57:02Z</begin><end>2019-09-08T09:57:14Z</end></TimeSpan><styleUrl>#point</styleUrl><Point><altitudeMode>clampToGround</altitudeMode><coordinates>7.12972872890532,45.078374817967415,2044.8599999999999</coordinates></Point></Placemark><Placemark><TimeSpan><begin>2019-09-08T09:57:14Z</begin><end>2019-09-08T09:57:25Z</end></TimeSpan><styleUrl>#point</styleUrl><Point><altitudeMode>clampToGround</altitudeMode><coordinates>7.12963636033237,45.078375320881605,2047.75</coordinates></Point></Placemark><Placemark><TimeSpan><begin>2019-09-08T09:57:25Z</begin><end>2019-09-08T09:57:35Z</end></TimeSpan><styleUrl>#point</styleUrl><Point><altitudeMode>clampToGround</altitudeMode><coordinates>7.129580536857247,45.078327879309654,2050.1500000000001</coordinates></Point></Placemark><Placemark><TimeSpan><begin>2019-09-08T09:57:35Z</begin><end>2019-09-08T09:57:50Z</end></TimeSpan><styleUrl>#point</styleUrl><Point><altitudeMode>clampToGround</altitudeMode><coordinates>7.129493029788137,45.07830910384655,2052.5500000000002</coordinates></Point></Placemark><Placemark><TimeSpan><begin>2019-09-08T09:57:50Z</begin><end>2019-09-08T09:58:02Z</end></TimeSpan><styleUrl>#point</styleUrl><Point><altitudeMode>clampToGround</altitudeMode><coordinates>7.129416838288307,45.078273145481944,2055.4400000000001</coordinates></Point></Placemark><Placemark><TimeSpan><begin>2019-09-08T09:58:02Z</begin><end>2019-09-08T09:58:04Z</end></TimeSpan><styleUrl>#point</styleUrl><Point><altitudeMode>clampToGround</altitudeMode><coordinates>7.129403008148074,45.078263422474265,2056.4000000000001</coordinates></Point></Placemark><Placemark><TimeSpan><begin>2019-09-08T09:58:04Z</begin><end>2019-09-08T09:58:13Z</end></TimeSpan><styleUrl>#point</styleUrl><Point><altitudeMode>clampToGround</altitudeMode><coordinates>7.129339221864939,45.078232996165752,2058.3200000000002</coordinates></Point></Placemark><Placemark><TimeSpan><begin>2019-09-08T09:58:13Z</begin><end>2019-09-08T09:58:24Z</end></TimeSpan><styleUrl>#point</styleUrl><Point><altitudeMode>clampToGround</altitudeMode><coordinates>7.129271579906344,45.078218495473266,2060.7199999999998</coordinates></Point></Placemark><Placemark><TimeSpan><begin>2019-09-08T09:58:24Z</begin><end>2019-09-08T09:58:35Z</end></TimeSpan><styleUrl>#point</styleUrl><Point><altitudeMode>clampToGround</altitudeMode><coordinates>7.129177786409855,45.078202988952398,2062.6500000000001</coordinates></Point></Placemark><Placemark><TimeSpan><begin>2019-09-08T09:58:35Z</begin><end>2019-09-08T09:58:41Z</end></TimeSpan><styleUrl>#point</styleUrl><Point><altitudeMode>clampToGround</altitudeMode><coordinates>7.129134703427553,45.078190583735704,2064.0900000000001</coordinates></Point></Placemark><Placemark><TimeSpan><begin>2019-09-08T09:58:41Z</begin><end>2019-09-08T09:58:53Z</end></TimeSpan><styleUrl>#point</styleUrl><Point><altitudeMode>clampToGround</altitudeMode><coordinates>7.129055997356772,45.078142220154405,2065.0500000000002</coordinates></Point></Placemark><Placemark><TimeSpan><begin>2019-09-08T09:58:53Z</begin><end>2019-09-08T09:59:04Z</end></TimeSpan><styleUrl>#point</styleUrl><Point><altitudeMode>clampToGround</altitudeMode><coordinates>7.128994725644589,45.078095197677612,2067.9299999999998</coordinates></Point></Placemark><Placemark><TimeSpan><begin>2019-09-08T09:59:04Z</begin><end>2019-09-08T09:59:13Z</end></TimeSpan><styleUrl>#point</styleUrl><Point><altitudeMode>clampToGround</altitudeMode><coordinates>7.128953319042921,45.078066950663924,2069.3800000000001</coordinates></Point></Placemark><Placemark><TimeSpan><begin>2019-09-08T09:59:13Z</begin><end>2019-09-08T09:59:25Z</end></TimeSpan><styleUrl>#point</styleUrl><Point><altitudeMode>clampToGround</altitudeMode><coordinates>7.128940830007196,45.078001571819186,2071.7800000000002</coordinates></Point></Placemark><Placemark><TimeSpan><begin>2019-09-08T09:59:25Z</begin><end>2019-09-08T09:59:38Z</end></TimeSpan><styleUrl>#point</styleUrl><Point><altitudeMode>clampToGround</altitudeMode><coordinates>7.129019368439913,45.077976509928703,2073.6999999999998</coordinates></Point></Placemark><Placemark><TimeSpan><begin>2019-09-08T09:59:38Z</begin><end>2019-09-08T09:59:51Z</end></TimeSpan><styleUrl>#point</styleUrl><Point><altitudeMode>clampToGround</altitudeMode><coordinates>7.128934962674975,45.077905263751745,2075.1399999999999</coordinates></Point></Placemark><Placemark><TimeSpan><begin>2019-09-08T09:59:51Z</begin><end>2019-09-08T10:00:03Z</end></TimeSpan><styleUrl>#point</styleUrl><Point><altitudeMode>clampToGround</altitudeMode><coordinates>7.128850137814879,45.077804597094655,2078.0300000000002</coordinates></Point></Placemark><Placemark><TimeSpan><begin>2019-09-08T10:00:03Z</begin><end>2019-09-08T10:00:13Z</end></TimeSpan><styleUrl>#point</styleUrl><Point><altitudeMode>clampToGround</altitudeMode><coordinates>7.128804121166468,45.077740726992488,2078.9899999999998</coordinates></Point></Placemark><Placemark><TimeSpan><begin>2019-09-08T10:00:13Z</begin><end>2019-09-08T10:00:25Z</end></TimeSpan><styleUrl>#point</styleUrl><Point><altitudeMode>clampToGround</altitudeMode><coordinates>7.128692222759128,45.077690435573459,2080.9099999999999</coordinates></Point></Placemark><Placemark><TimeSpan><begin>2019-09-08T10:00:25Z</begin><end>2019-09-08T10:00:26Z</end></TimeSpan><styleUrl>#point</styleUrl><Point><altitudeMode>clampToGround</altitudeMode><coordinates>7.128684679046273,45.07768901064992,2080.9099999999999</coordinates></Point></Placemark><Placemark><TimeSpan><begin>2019-09-08T10:00:26Z</begin><end>2019-09-08T10:00:30Z</end></TimeSpan><styleUrl>#point</styleUrl><Point><altitudeMode>clampToGround</altitudeMode><coordinates>7.128643775358796,45.077687669545412,2080.9099999999999</coordinates></Point></Placemark><Placemark><TimeSpan><begin>2019-09-08T10:00:30Z</begin><end>2019-09-08T10:00:42Z</end></TimeSpan><styleUrl>#point</styleUrl><Point><altitudeMode>clampToGround</altitudeMode><coordinates>7.12856381200254,45.077697476372123,2082.8299999999999</coordinates></Point></Placemark><Placemark><TimeSpan><begin>2019-09-08T10:00:42Z</begin><end>2019-09-08T10:00:46Z</end></TimeSpan><styleUrl>#point</styleUrl><Point><altitudeMode>clampToGround</altitudeMode><coordinates>7.128569427877665,45.077654477208853,2083.3099999999999</coordinates></Point></Placemark><Placemark><TimeSpan><begin>2019-09-08T10:00:46Z</begin><end>2019-09-08T10:00:57Z</end></TimeSpan><styleUrl>#point</styleUrl><Point><altitudeMode>clampToGround</altitudeMode><coordinates>7.128550903871656,45.077583063393831,2084.7600000000002</coordinates></Point></Placemark><Placemark><TimeSpan><begin>2019-09-08T10:00:57Z</begin><end>2019-09-08T10:01:03Z</end></TimeSpan><styleUrl>#point</styleUrl><Point><altitudeMode>clampToGround</altitudeMode><coordinates>7.128496672958136,45.077553475275636,2086.6799999999998</coordinates></Point></Placemark><Placemark><TimeSpan><begin>2019-09-08T10:01:03Z</begin><end>2019-09-08T10:01:14Z</end></TimeSpan><styleUrl>#point</styleUrl><Point><altitudeMode>clampToGround</altitudeMode><coordinates>7.128442693501711,45.077453311532736,2088.5999999999999</coordinates></Point></Placemark><Placemark><TimeSpan><begin>2019-09-08T10:01:14Z</begin><end>2019-09-08T10:01:25Z</end></TimeSpan><styleUrl>#point</styleUrl><Point><altitudeMode>clampToGround</altitudeMode><coordinates>7.128496756777167,45.077401008456945,2089.5599999999999</coordinates></Point></Placemark><Placemark><TimeSpan><begin>2019-09-08T10:01:25Z</begin><end>2019-09-08T10:01:38Z</end></TimeSpan><styleUrl>#point</styleUrl><Point><altitudeMode>clampToGround</altitudeMode><coordinates>7.12859021499753,45.07740612141788,2089.5599999999999</coordinates></Point></Placemark><Placemark><TimeSpan><begin>2019-09-08T10:01:38Z</begin><end>2019-09-08T10:01:48Z</end></TimeSpan><styleUrl>#point</styleUrl><Point><altitudeMode>clampToGround</altitudeMode><coordinates>7.128550736233592,45.077359434217215,2091.9699999999998</coordinates></Point></Placemark><Placemark><TimeSpan><begin>2019-09-08T10:01:48Z</begin><end>2019-09-08T10:01:56Z</end></TimeSpan><styleUrl>#point</styleUrl><Point><altitudeMode>clampToGround</altitudeMode><coordinates>7.128515867516398,45.077302101999521,2094.8499999999999</coordinates></Point></Placemark><Placemark><TimeSpan><begin>2019-09-08T10:01:56Z</begin><end>2019-09-08T10:01:57Z</end></TimeSpan><styleUrl>#point</styleUrl><Point><altitudeMode>clampToGround</altitudeMode><coordinates>7.128503965213895,45.077301263809204,2094.8499999999999</coordinates></Point></Placemark><Placemark><TimeSpan><begin>2019-09-08T10:01:57Z</begin><end>2019-09-08T10:02:00Z</end></TimeSpan><styleUrl>#point</styleUrl><Point><altitudeMode>clampToGround</altitudeMode><coordinates>7.128482758998871,45.077300509437919,2095.3299999999999</coordinates></Point></Placemark><Placemark><TimeSpan><begin>2019-09-08T10:02:00Z</begin><end>2019-09-08T10:02:10Z</end></TimeSpan><styleUrl>#point</styleUrl><Point><altitudeMode>clampToGround</altitudeMode><coordinates>7.128461468964815,45.07722876034677,2098.21</coordinates></Point></Placemark><Placemark><TimeSpan><begin>2019-09-08T10:02:10Z</begin><end>2019-09-08T10:02:22Z</end></TimeSpan><styleUrl>#point</styleUrl><Point><altitudeMode>clampToGround</altitudeMode><coordinates>7.128476975485683,45.077156759798527,2100.6199999999999</coordinates></Point></Placemark><Placemark><TimeSpan><begin>2019-09-08T10:02:22Z</begin><end>2019-09-08T10:02:35Z</end></TimeSpan><styleUrl>#point</styleUrl><Point><altitudeMode>clampToGround</altitudeMode><coordinates>7.128469850867987,45.07711099460721,2102.0599999999999</coordinates></Point></Placemark><Placemark><TimeSpan><begin>2019-09-08T10:02:35Z</begin><end>2019-09-08T10:02:50Z</end></TimeSpan><styleUrl>#point</styleUrl><Point><altitudeMode>clampToGround</altitudeMode><coordinates>7.128508742898703,45.077074617147446,2102.0599999999999</coordinates></Point></Placemark><Placemark><TimeSpan><begin>2019-09-08T10:02:50Z</begin><end>2019-09-08T10:02:58Z</end></TimeSpan><styleUrl>#point</styleUrl><Point><altitudeMode>clampToGround</altitudeMode><coordinates>7.128497678786516,45.077069588005543,2102.54</coordinates></Point></Placemark><Placemark><TimeSpan><begin>2019-09-08T10:02:58Z</begin><end>2019-09-08T10:03:04Z</end></TimeSpan><styleUrl>#point</styleUrl><Point><altitudeMode>clampToGround</altitudeMode><coordinates>7.128433808684349,45.077065229415894,2103.02</coordinates></Point></Placemark><Placemark><TimeSpan><begin>2019-09-08T10:03:04Z</begin><end>2019-09-08T10:03:17Z</end></TimeSpan><styleUrl>#point</styleUrl><Point><altitudeMode>clampToGround</altitudeMode><coordinates>7.128290729597211,45.077033797279,2105.9099999999999</coordinates></Point></Placemark><Placemark><TimeSpan><begin>2019-09-08T10:03:17Z</begin><end>2019-09-08T10:03:28Z</end></TimeSpan><styleUrl>#point</styleUrl><Point><altitudeMode>clampToGround</altitudeMode><coordinates>7.128233062103391,45.077005382627249,2109.27</coordinates></Point></Placemark><Placemark><TimeSpan><begin>2019-09-08T10:03:28Z</begin><end>2019-09-08T10:03:41Z</end></TimeSpan><styleUrl>#point</styleUrl><Point><altitudeMode>clampToGround</altitudeMode><coordinates>7.128199534490705,45.076977554708719,2110.23</coordinates></Point></Placemark><Placemark><TimeSpan><begin>2019-09-08T10:03:41Z</begin><end>2019-09-08T10:03:50Z</end></TimeSpan><styleUrl>#point</styleUrl><Point><altitudeMode>clampToGround</altitudeMode><coordinates>7.128144800662994,45.076957186684012,2113.5999999999999</coordinates></Point></Placemark><Placemark><TimeSpan><begin>2019-09-08T10:03:50Z</begin><end>2019-09-08T10:04:03Z</end></TimeSpan><styleUrl>#point</styleUrl><Point><altitudeMode>clampToGround</altitudeMode><coordinates>7.128045642748475,45.076907901093364,2116</coordinates></Point></Placemark><Placemark><TimeSpan><begin>2019-09-08T10:04:03Z</begin><end>2019-09-08T10:04:14Z</end></TimeSpan><styleUrl>#point</styleUrl><Point><altitudeMode>clampToGround</altitudeMode><coordinates>7.127952016890049,45.07688476704061,2117.9200000000001</coordinates></Point></Placemark><Placemark><TimeSpan><begin>2019-09-08T10:04:14Z</begin><end>2019-09-08T10:04:21Z</end></TimeSpan><styleUrl>#point</styleUrl><Point><altitudeMode>clampToGround</altitudeMode><coordinates>7.127910358831286,45.076885353773832,2119.8400000000001</coordinates></Point></Placemark><Placemark><TimeSpan><begin>2019-09-08T10:04:21Z</begin><end>2019-09-08T10:04:33Z</end></TimeSpan><styleUrl>#point</styleUrl><Point><altitudeMode>clampToGround</altitudeMode><coordinates>7.127921339124441,45.076860962435603,2121.77</coordinates></Point></Placemark><Placemark><TimeSpan><begin>2019-09-08T10:04:33Z</begin><end>2019-09-08T10:04:44Z</end></TimeSpan><styleUrl>#point</styleUrl><Point><altitudeMode>clampToGround</altitudeMode><coordinates>7.127873143181205,45.076828356832266,2123.6900000000001</coordinates></Point></Placemark><Placemark><TimeSpan><begin>2019-09-08T10:04:44Z</begin><end>2019-09-08T10:04:58Z</end></TimeSpan><styleUrl>#point</styleUrl><Point><altitudeMode>clampToGround</altitudeMode><coordinates>7.127760155126452,45.076783346012235,2127.0500000000002</coordinates></Point></Placemark><Placemark><TimeSpan><begin>2019-09-08T10:04:58Z</begin><end>2019-09-08T10:05:12Z</end></TimeSpan><styleUrl>#point</styleUrl><Point><altitudeMode>clampToGround</altitudeMode><coordinates>7.127671558409929,45.076729198917747,2129.46</coordinates></Point></Placemark><Placemark><TimeSpan><begin>2019-09-08T10:05:12Z</begin><end>2019-09-08T10:05:24Z</end></TimeSpan><styleUrl>#point</styleUrl><Point><altitudeMode>clampToGround</altitudeMode><coordinates>7.127643898129463,45.076711513102055,2130.4200000000001</coordinates></Point></Placemark><Placemark><TimeSpan><begin>2019-09-08T10:05:24Z</begin><end>2019-09-08T10:05:40Z</end></TimeSpan><styleUrl>#point</styleUrl><Point><altitudeMode>clampToGround</altitudeMode><coordinates>7.127602659165859,45.076706819236279,2131.3800000000001</coordinates></Point></Placemark><Placemark><TimeSpan><begin>2019-09-08T10:05:40Z</begin><end>2019-09-08T10:05:45Z</end></TimeSpan><styleUrl>#point</styleUrl><Point><altitudeMode>clampToGround</altitudeMode><coordinates>7.127582458779216,45.076718972995877,2131.8600000000001</coordinates></Point></Placemark><Placemark><TimeSpan><begin>2019-09-08T10:05:45Z</begin><end>2019-09-08T10:05:58Z</end></TimeSpan><styleUrl>#point</styleUrl><Point><altitudeMode>clampToGround</altitudeMode><coordinates>7.127505177631974,45.076712435111403,2135.23</coordinates></Point></Placemark><Placemark><TimeSpan><begin>2019-09-08T10:05:58Z</begin><end>2019-09-08T10:06:08Z</end></TimeSpan><styleUrl>#point</styleUrl><Point><altitudeMode>clampToGround</altitudeMode><coordinates>7.127488916739821,45.076751662418246,2136.6700000000001</coordinates></Point></Placemark><Placemark><TimeSpan><begin>2019-09-08T10:06:08Z</begin><end>2019-09-08T10:06:20Z</end></TimeSpan><styleUrl>#point</styleUrl><Point><altitudeMode>clampToGround</altitudeMode><coordinates>7.127467207610607,45.076792147010565,2137.1500000000001</coordinates></Point></Placemark><Placemark><TimeSpan><begin>2019-09-08T10:06:20Z</begin><end>2019-09-08T10:06:26Z</end></TimeSpan><styleUrl>#point</styleUrl><Point><altitudeMode>clampToGround</altitudeMode><coordinates>7.127441056072712,45.076814778149128,2137.6300000000001</coordinates></Point></Placemark><Placemark><TimeSpan><begin>2019-09-08T10:06:26Z</begin><end>2019-09-08T10:06:39Z</end></TimeSpan><styleUrl>#point</styleUrl><Point><altitudeMode>clampToGround</altitudeMode><coordinates>7.127397386357188,45.076801283285022,2138.1100000000001</coordinates></Point></Placemark><Placemark><TimeSpan><begin>2019-09-08T10:06:39Z</begin><end>2019-09-08T10:06:53Z</end></TimeSpan><styleUrl>#point</styleUrl><Point><altitudeMode>clampToGround</altitudeMode><coordinates>7.127255564555526,45.076818130910397,2140.0300000000002</coordinates></Point></Placemark><Placemark><TimeSpan><begin>2019-09-08T10:06:53Z</begin><end>2019-09-08T10:07:00Z</end></TimeSpan><styleUrl>#point</styleUrl><Point><altitudeMode>clampToGround</altitudeMode><coordinates>7.1271878387779,45.076822992414236,2141.9499999999998</coordinates></Point></Placemark><Placemark><TimeSpan><begin>2019-09-08T10:07:00Z</begin><end>2019-09-08T10:07:11Z</end></TimeSpan><styleUrl>#point</styleUrl><Point><altitudeMode>clampToGround</altitudeMode><coordinates>7.12710477411747,45.076791308820248,2144.3600000000001</coordinates></Point></Placemark><Placemark><TimeSpan><begin>2019-09-08T10:07:11Z</begin><end>2019-09-08T10:07:23Z</end></TimeSpan><styleUrl>#point</styleUrl><Point><altitudeMode>clampToGround</altitudeMode><coordinates>7.127014584839344,45.076774628832936,2146.2800000000002</coordinates></Point></Placemark><Placemark><TimeSpan><begin>2019-09-08T10:07:23Z</begin><end>2019-09-08T10:07:36Z</end></TimeSpan><styleUrl>#point</styleUrl><Point><altitudeMode>clampToGround</altitudeMode><coordinates>7.126910062506795,45.076803965494037,2148.6799999999998</coordinates></Point></Placemark><Placemark><TimeSpan><begin>2019-09-08T10:07:36Z</begin><end>2019-09-08T10:07:48Z</end></TimeSpan><styleUrl>#point</styleUrl><Point><altitudeMode>clampToGround</altitudeMode><coordinates>7.126810234040022,45.076794242486358,2152.0500000000002</coordinates></Point></Placemark><Placemark><TimeSpan><begin>2019-09-08T10:07:48Z</begin><end>2019-09-08T10:07:58Z</end></TimeSpan><styleUrl>#point</styleUrl><Point><altitudeMode>clampToGround</altitudeMode><coordinates>7.126724654808641,45.07679239846766,2153.0100000000002</coordinates></Point></Placemark><Placemark><TimeSpan><begin>2019-09-08T10:07:58Z</begin><end>2019-09-08T10:08:10Z</end></TimeSpan><styleUrl>#point</styleUrl><Point><altitudeMode>clampToGround</altitudeMode><coordinates>7.126604458317161,45.076764151453972,2154.9299999999998</coordinates></Point></Placemark><Placemark><TimeSpan><begin>2019-09-08T10:08:10Z</begin><end>2019-09-08T10:08:21Z</end></TimeSpan><styleUrl>#point</styleUrl><Point><altitudeMode>clampToGround</altitudeMode><coordinates>7.126501780003309,45.076754344627261,2158.3000000000002</coordinates></Point></Placemark><Placemark><TimeSpan><begin>2019-09-08T10:08:21Z</begin><end>2019-09-08T10:08:32Z</end></TimeSpan><styleUrl>#point</styleUrl><Point><altitudeMode>clampToGround</altitudeMode><coordinates>7.126401280984283,45.076742190867662,2160.6999999999998</coordinates></Point></Placemark><Placemark><TimeSpan><begin>2019-09-08T10:08:32Z</begin><end>2019-09-08T10:08:42Z</end></TimeSpan><styleUrl>#point</styleUrl><Point><altitudeMode>clampToGround</altitudeMode><coordinates>7.126323161646724,45.076731294393539,2162.1399999999999</coordinates></Point></Placemark><Placemark><TimeSpan><begin>2019-09-08T10:08:42Z</begin><end>2019-09-08T10:08:54Z</end></TimeSpan><styleUrl>#point</styleUrl><Point><altitudeMode>clampToGround</altitudeMode><coordinates>7.126301117241383,45.076737999916077,2164.5500000000002</coordinates></Point></Placemark><Placemark><TimeSpan><begin>2019-09-08T10:08:54Z</begin><end>2019-09-08T10:09:19Z</end></TimeSpan><styleUrl>#point</styleUrl><Point><altitudeMode>clampToGround</altitudeMode><coordinates>7.12629659101367,45.076730707660317,2165.0300000000002</coordinates></Point></Placemark><Placemark><TimeSpan><begin>2019-09-08T10:09:19Z</begin><end>2019-09-08T10:09:43Z</end></TimeSpan><styleUrl>#point</styleUrl><Point><altitudeMode>clampToGround</altitudeMode><coordinates>7.126320395618677,45.076783429831266,2165.0300000000002</coordinates></Point></Placemark><Placemark><TimeSpan><begin>2019-09-08T10:09:43Z</begin><end>2019-09-08T10:09:58Z</end></TimeSpan><styleUrl>#point</styleUrl><Point><altitudeMode>clampToGround</altitudeMode><coordinates>7.126276306807995,45.076768761500716,2165.5100000000002</coordinates></Point></Placemark><Placemark><TimeSpan><begin>2019-09-08T10:09:58Z</begin><end>2019-09-08T10:10:32Z</end></TimeSpan><styleUrl>#point</styleUrl><Point><altitudeMode>clampToGround</altitudeMode><coordinates>7.126300530508161,45.076787453144789,2165.5100000000002</coordinates></Point></Placemark><Placemark><TimeSpan><begin>2019-09-08T10:10:32Z</begin><end>2019-09-08T10:10:37Z</end></TimeSpan><styleUrl>#point</styleUrl><Point><altitudeMode>clampToGround</altitudeMode><coordinates>7.126282509416342,45.076785357668996,2165.5100000000002</coordinates></Point></Placemark><Placemark><TimeSpan><begin>2019-09-08T10:10:37Z</begin><end>2019-09-08T10:10:39Z</end></TimeSpan><styleUrl>#point</styleUrl><Point><altitudeMode>clampToGround</altitudeMode><coordinates>7.126273373141885,45.076802875846624,2165.5100000000002</coordinates></Point></Placemark><Placemark><TimeSpan><begin>2019-09-08T10:10:39Z</begin><end>2019-09-08T10:10:53Z</end></TimeSpan><styleUrl>#point</styleUrl><Point><altitudeMode>clampToGround</altitudeMode><coordinates>7.126230709254742,45.076906559988856,2167.4299999999998</coordinates></Point></Placemark><Placemark><TimeSpan><begin>2019-09-08T10:10:53Z</begin><end>2019-09-08T10:10:56Z</end></TimeSpan><styleUrl>#point</styleUrl><Point><altitudeMode>clampToGround</altitudeMode><coordinates>7.126220650970936,45.076928017660975,2168.3899999999999</coordinates></Point></Placemark><Placemark><TimeSpan><begin>2019-09-08T10:10:56Z</begin><end>2019-09-08T10:11:10Z</end></TimeSpan><styleUrl>#point</styleUrl><Point><altitudeMode>clampToGround</altitudeMode><coordinates>7.126216795295477,45.07702399045229,2169.8299999999999</coordinates></Point></Placemark><Placemark><TimeSpan><begin>2019-09-08T10:11:10Z</begin><end>2019-09-08T10:11:16Z</end></TimeSpan><styleUrl>#point</styleUrl><Point><altitudeMode>clampToGround</altitudeMode><coordinates>7.126186955720186,45.077088698744774,2168.3899999999999</coordinates></Point></Placemark><Placemark><TimeSpan><begin>2019-09-08T10:11:16Z</begin><end>2019-09-08T10:11:25Z</end></TimeSpan><styleUrl>#point</styleUrl><Point><altitudeMode>clampToGround</altitudeMode><coordinates>7.126142866909504,45.077163800597191,2169.8299999999999</coordinates></Point></Placemark><Placemark><TimeSpan><begin>2019-09-08T10:11:25Z</begin><end>2019-09-08T10:11:26Z</end></TimeSpan><styleUrl>#point</styleUrl><Point><altitudeMode>clampToGround</altitudeMode><coordinates>7.12613632902503,45.077172350138426,2169.8299999999999</coordinates></Point></Placemark><Placemark><TimeSpan><begin>2019-09-08T10:11:26Z</begin><end>2019-09-08T10:11:33Z</end></TimeSpan><styleUrl>#point</styleUrl><Point><altitudeMode>clampToGround</altitudeMode><coordinates>7.126064915210009,45.077236136421561,2171.27</coordinates></Point></Placemark><Placemark><TimeSpan><begin>2019-09-08T10:11:33Z</begin><end>2019-09-08T10:11:47Z</end></TimeSpan><styleUrl>#point</styleUrl><Point><altitudeMode>clampToGround</altitudeMode><coordinates>7.125976150855422,45.077376281842589,2173.6799999999998</coordinates></Point></Placemark><Placemark><TimeSpan><begin>2019-09-08T10:11:47Z</begin><end>2019-09-08T10:11:58Z</end></TimeSpan><styleUrl>#point</styleUrl><Point><altitudeMode>clampToGround</altitudeMode><coordinates>7.125922841951251,45.07747451774776,2175.1199999999999</coordinates></Point></Placemark><Placemark><TimeSpan><begin>2019-09-08T10:11:58Z</begin><end>2019-09-08T10:12:17Z</end></TimeSpan><styleUrl>#point</styleUrl><Point><altitudeMode>clampToGround</altitudeMode><coordinates>7.125939019024372,45.077529838308692,2176.5599999999999</coordinates></Point></Placemark><Placemark><TimeSpan><begin>2019-09-08T10:12:17Z</begin><end>2019-09-08T10:12:24Z</end></TimeSpan><styleUrl>#point</styleUrl><Point><altitudeMode>clampToGround</altitudeMode><coordinates>7.125919573009014,45.077553056180477,2176.5599999999999</coordinates></Point></Placemark><Placemark><TimeSpan><begin>2019-09-08T10:12:24Z</begin><end>2019-09-08T10:12:30Z</end></TimeSpan><styleUrl>#point</styleUrl><Point><altitudeMode>clampToGround</altitudeMode><coordinates>7.12589836679399,45.077612148597836,2177.04</coordinates></Point></Placemark><Placemark><TimeSpan><begin>2019-09-08T10:12:30Z</begin><end>2019-09-08T10:12:44Z</end></TimeSpan><styleUrl>#point</styleUrl><Point><altitudeMode>clampToGround</altitudeMode><coordinates>7.125895014032722,45.077755898237228,2180.4099999999999</coordinates></Point></Placemark><Placemark><TimeSpan><begin>2019-09-08T10:12:44Z</begin><end>2019-09-08T10:12:49Z</end></TimeSpan><styleUrl>#point</styleUrl><Point><altitudeMode>clampToGround</altitudeMode><coordinates>7.125869197770953,45.077801495790482,2182.3299999999999</coordinates></Point></Placemark><Placemark><TimeSpan><begin>2019-09-08T10:12:49Z</begin><end>2019-09-08T10:12:51Z</end></TimeSpan><styleUrl>#point</styleUrl><Point><altitudeMode>clampToGround</altitudeMode><coordinates>7.125863246619701,45.077810380607843,2182.8099999999999</coordinates></Point></Placemark><Placemark><TimeSpan><begin>2019-09-08T10:12:51Z</begin><end>2019-09-08T10:13:02Z</end></TimeSpan><styleUrl>#point</styleUrl><Point><altitudeMode>clampToGround</altitudeMode><coordinates>7.125851260498166,45.07783611305058,2183.29</coordinates></Point></Placemark><Placemark><TimeSpan><begin>2019-09-08T10:13:02Z</begin><end>2019-09-08T10:13:04Z</end></TimeSpan><styleUrl>#point</styleUrl><Point><altitudeMode>clampToGround</altitudeMode><coordinates>7.125835586339235,45.077848266810179,2183.77</coordinates></Point></Placemark><Placemark><TimeSpan><begin>2019-09-08T10:13:04Z</begin><end>2019-09-08T10:13:11Z</end></TimeSpan><styleUrl>#point</styleUrl><Point><altitudeMode>clampToGround</altitudeMode><coordinates>7.12573223747313,45.07790207862854,2187.6199999999999</coordinates></Point></Placemark><Placemark><TimeSpan><begin>2019-09-08T10:13:11Z</begin><end>2019-09-08T10:13:12Z</end></TimeSpan><styleUrl>#point</styleUrl><Point><altitudeMode>clampToGround</altitudeMode><coordinates>7.125721592456102,45.077910460531712,2187.6199999999999</coordinates></Point></Placemark><Placemark><TimeSpan><begin>2019-09-08T10:13:12Z</begin><end>2019-09-08T10:13:24Z</end></TimeSpan><styleUrl>#point</styleUrl><Point><altitudeMode>clampToGround</altitudeMode><coordinates>7.125670630484819,45.077933007851243,2189.54</coordinates></Point></Placemark><Placemark><TimeSpan><begin>2019-09-08T10:13:24Z</begin><end>2019-09-08T10:13:40Z</end></TimeSpan><styleUrl>#point</styleUrl><Point><altitudeMode>clampToGround</altitudeMode><coordinates>7.125716144219041,45.077902916818857,2188.5799999999999</coordinates></Point></Placemark><Placemark><TimeSpan><begin>2019-09-08T10:13:40Z</begin><end>2019-09-08T10:13:41Z</end></TimeSpan><styleUrl>#point</styleUrl><Point><altitudeMode>clampToGround</altitudeMode><coordinates>7.125712456181645,45.077902832999825,2188.5799999999999</coordinates></Point></Placemark><Placemark><TimeSpan><begin>2019-09-08T10:13:41Z</begin><end>2019-09-08T10:13:55Z</end></TimeSpan><styleUrl>#point</styleUrl><Point><altitudeMode>clampToGround</altitudeMode><coordinates>7.125667864456773,45.077945748344064,2190.02</coordinates></Point></Placemark><Placemark><TimeSpan><begin>2019-09-08T10:13:55Z</begin><end>2019-09-08T10:14:23Z</end></TimeSpan><styleUrl>#point</styleUrl><Point><altitudeMode>clampToGround</altitudeMode><coordinates>7.125720251351595,45.077878022566438,2189.0599999999999</coordinates></Point></Placemark><Placemark><TimeSpan><begin>2019-09-08T10:14:23Z</begin><end>2019-09-08T10:14:38Z</end></TimeSpan><styleUrl>#point</styleUrl><Point><altitudeMode>clampToGround</altitudeMode><coordinates>7.125745983794332,45.077860588207841,2187.6199999999999</coordinates></Point></Placemark><Placemark><TimeSpan><begin>2019-09-08T10:14:38Z</begin><end>2019-09-08T10:15:00Z</end></TimeSpan><styleUrl>#point</styleUrl><Point><altitudeMode>clampToGround</altitudeMode><coordinates>7.125756544992328,45.077872825786471,2187.1399999999999</coordinates></Point></Placemark><Placemark><TimeSpan><begin>2019-09-08T10:15:00Z</begin><end>2019-09-08T10:15:21Z</end></TimeSpan><styleUrl>#point</styleUrl><Point><altitudeMode>clampToGround</altitudeMode><coordinates>7.125768531113863,45.077833933755755,2186.6599999999999</coordinates></Point></Placemark><Placemark><TimeSpan><begin>2019-09-08T10:15:21Z</begin><end>2019-09-08T10:15:37Z</end></TimeSpan><styleUrl>#point</styleUrl><Point><altitudeMode>clampToGround</altitudeMode><coordinates>7.125722346827388,45.077888248488307,2187.6199999999999</coordinates></Point></Placemark><Placemark><TimeSpan><begin>2019-09-08T10:15:37Z</begin><end>2019-09-08T10:15:38Z</end></TimeSpan><styleUrl>#point</styleUrl><Point><altitudeMode>clampToGround</altitudeMode><coordinates>7.125711534172297,45.07789134979248,2187.6199999999999</coordinates></Point></Placemark><Placemark><TimeSpan><begin>2019-09-08T10:15:38Z</begin><end>2019-09-08T10:15:49Z</end></TimeSpan><styleUrl>#point</styleUrl><Point><altitudeMode>clampToGround</altitudeMode><coordinates>7.125666607171297,45.077919261530042,2189.54</coordinates></Point></Placemark><Placemark><TimeSpan><begin>2019-09-08T10:15:49Z</begin><end>2019-09-08T10:16:02Z</end></TimeSpan><styleUrl>#point</styleUrl><Point><altitudeMode>clampToGround</altitudeMode><coordinates>7.125678593292832,45.077904006466269,2190.02</coordinates></Point></Placemark><Placemark><TimeSpan><begin>2019-09-08T10:16:02Z</begin><end>2019-09-08T10:16:18Z</end></TimeSpan><styleUrl>#point</styleUrl><Point><altitudeMode>clampToGround</altitudeMode><coordinates>7.125663589686155,45.07790987379849,2190.5</coordinates></Point></Placemark><Placemark><TimeSpan><begin>2019-09-08T10:16:18Z</begin><end>2019-09-08T10:16:46Z</end></TimeSpan><styleUrl>#point</styleUrl><Point><altitudeMode>clampToGround</altitudeMode><coordinates>7.125658560544252,45.077927391976118,2190.5</coordinates></Point></Placemark><Placemark><TimeSpan><begin>2019-09-08T10:16:46Z</begin><end>2019-09-08T10:17:17Z</end></TimeSpan><styleUrl>#point</styleUrl><Point><altitudeMode>clampToGround</altitudeMode><coordinates>7.125679682940245,45.077908700332046,2190.98</coordinates></Point></Placemark><Placemark><TimeSpan><begin>2019-09-08T10:17:17Z</begin><end>2019-09-08T10:17:32Z</end></TimeSpan><styleUrl>#point</styleUrl><Point><altitudeMode>clampToGround</altitudeMode><coordinates>7.125672977417707,45.077923620119691,2190.98</coordinates></Point></Placemark><Placemark><TimeSpan><begin>2019-09-08T10:17:32Z</begin><end>2019-09-08T10:18:00Z</end></TimeSpan><styleUrl>#point</styleUrl><Point><altitudeMode>clampToGround</altitudeMode><coordinates>7.125689825043082,45.077932169660926,2190.98</coordinates></Point></Placemark><Placemark><TimeSpan><begin>2019-09-08T10:18:00Z</begin><end>2019-09-08T10:18:17Z</end></TimeSpan><styleUrl>#point</styleUrl><Point><altitudeMode>clampToGround</altitudeMode><coordinates>7.125873053446412,45.07803644053638,2191.46</coordinates></Point></Placemark><Placemark><TimeSpan><begin>2019-09-08T10:18:17Z</begin><end>2019-09-08T10:18:32Z</end></TimeSpan><styleUrl>#point</styleUrl><Point><altitudeMode>clampToGround</altitudeMode><coordinates>7.126048905774951,45.078125037252903,2191.46</coordinates></Point></Placemark><Placemark><TimeSpan><begin>2019-09-08T10:18:32Z</begin><end>2019-09-08T10:18:46Z</end></TimeSpan><styleUrl>#point</styleUrl><Point><altitudeMode>clampToGround</altitudeMode><coordinates>7.126191817224026,45.078216316178441,2191.9400000000001</coordinates></Point></Placemark><Placemark><TimeSpan><begin>2019-09-08T10:18:46Z</begin><end>2019-09-08T10:19:02Z</end></TimeSpan><styleUrl>#point</styleUrl><Point><altitudeMode>clampToGround</altitudeMode><coordinates>7.126370687037706,45.07831740193069,2191.9400000000001</coordinates></Point></Placemark><Placemark><TimeSpan><begin>2019-09-08T10:19:02Z</begin><end>2019-09-08T10:19:04Z</end></TimeSpan><styleUrl>#point</styleUrl><Point><altitudeMode>clampToGround</altitudeMode><coordinates>7.12639088742435,45.078330729156733,2191.9400000000001</coordinates></Point></Placemark><Placemark><TimeSpan><begin>2019-09-08T10:19:04Z</begin><end>2019-09-08T10:19:19Z</end></TimeSpan><styleUrl>#point</styleUrl><Point><altitudeMode>clampToGround</altitudeMode><coordinates>7.126541845500469,45.078414883464575,2191.9400000000001</coordinates></Point></Placemark><Placemark><TimeSpan><begin>2019-09-08T10:19:19Z</begin><end>2019-09-08T10:19:25Z</end></TimeSpan><styleUrl>#point</styleUrl><Point><altitudeMode>clampToGround</altitudeMode><coordinates>7.126595238223672,45.078454948961735,2190.5</coordinates></Point></Placemark><Placemark><TimeSpan><begin>2019-09-08T10:19:25Z</begin><end>2019-09-08T10:19:41Z</end></TimeSpan><styleUrl>#point</styleUrl><Point><altitudeMode>clampToGround</altitudeMode><coordinates>7.126766564324498,45.078539187088609,2189.0599999999999</coordinates></Point></Placemark><Placemark><TimeSpan><begin>2019-09-08T10:19:41Z</begin><end>2019-09-08T10:19:55Z</end></TimeSpan><styleUrl>#point</styleUrl><Point><altitudeMode>clampToGround</altitudeMode><coordinates>7.12692984379828,45.078621413558722,2187.6199999999999</coordinates></Point></Placemark><Placemark><TimeSpan><begin>2019-09-08T10:19:55Z</begin><end>2019-09-08T10:20:09Z</end></TimeSpan><styleUrl>#point</styleUrl><Point><altitudeMode>clampToGround</altitudeMode><coordinates>7.127025062218308,45.078686038032174,2186.6599999999999</coordinates></Point></Placemark><Placemark><TimeSpan><begin>2019-09-08T10:20:09Z</begin><end>2019-09-08T10:20:35Z</end></TimeSpan><styleUrl>#point</styleUrl><Point><altitudeMode>clampToGround</altitudeMode><coordinates>7.127029420807958,45.078672459349036,2186.6599999999999</coordinates></Point></Placemark><Placemark><TimeSpan><begin>2019-09-08T10:20:35Z</begin><end>2019-09-08T10:20:53Z</end></TimeSpan><styleUrl>#point</styleUrl><Point><altitudeMode>clampToGround</altitudeMode><coordinates>7.127003856003285,45.078685702756047,2186.6599999999999</coordinates></Point></Placemark><Placemark><TimeSpan><begin>2019-09-08T10:20:53Z</begin><end>2019-09-08T10:21:13Z</end></TimeSpan><styleUrl>#point</styleUrl><Point><altitudeMode>clampToGround</altitudeMode><coordinates>7.126994635909796,45.078679416328669,2187.1399999999999</coordinates></Point></Placemark><Placemark><TimeSpan><begin>2019-09-08T10:21:13Z</begin><end>2019-09-08T10:21:16Z</end></TimeSpan><styleUrl>#point</styleUrl><Point><altitudeMode>clampToGround</altitudeMode><coordinates>7.127001760527492,45.078687965869904,2185.6900000000001</coordinates></Point></Placemark><Placemark><TimeSpan><begin>2019-09-08T10:21:16Z</begin><end>2019-09-08T10:21:17Z</end></TimeSpan><styleUrl>#point</styleUrl><Point><altitudeMode>clampToGround</altitudeMode><coordinates>7.127003772184253,45.078691737726331,2189.0599999999999</coordinates></Point></Placemark><Placemark><TimeSpan><begin>2019-09-08T10:21:17Z</begin><end>2019-09-08T10:21:18Z</end></TimeSpan><styleUrl>#point</styleUrl><Point><altitudeMode>clampToGround</altitudeMode><coordinates>7.127004023641348,45.078697185963392,2189.0599999999999</coordinates></Point></Placemark><Placemark><TimeSpan><begin>2019-09-08T10:21:18Z</begin><end>2019-09-08T10:21:20Z</end></TimeSpan><styleUrl>#point</styleUrl><Point><altitudeMode>clampToGround</altitudeMode><coordinates>7.127016009762883,45.078715039417148,2187.6199999999999</coordinates></Point></Placemark><Placemark><TimeSpan><begin>2019-09-08T10:21:20Z</begin><end>2019-09-08T10:21:27Z</end></TimeSpan><styleUrl>#point</styleUrl><Point><altitudeMode>clampToGround</altitudeMode><coordinates>7.127111228182912,45.078761978074908,2187.6199999999999</coordinates></Point></Placemark><Placemark><TimeSpan><begin>2019-09-08T10:21:27Z</begin><end>2019-09-08T10:21:41Z</end></TimeSpan><styleUrl>#point</styleUrl><Point><altitudeMode>clampToGround</altitudeMode><coordinates>7.127267131581903,45.078864572569728,2187.6199999999999</coordinates></Point></Placemark><Placemark><TimeSpan><begin>2019-09-08T10:21:41Z</begin><end>2019-09-08T10:21:57Z</end></TimeSpan><styleUrl>#point</styleUrl><Point><altitudeMode>clampToGround</altitudeMode><coordinates>7.127449354156852,45.078970184549689,2186.6599999999999</coordinates></Point></Placemark><Placemark><TimeSpan><begin>2019-09-08T10:21:57Z</begin><end>2019-09-08T10:22:13Z</end></TimeSpan><styleUrl>#point</styleUrl><Point><altitudeMode>clampToGround</altitudeMode><coordinates>7.127454718574882,45.07898879237473,2186.6599999999999</coordinates></Point></Placemark><Placemark><TimeSpan><begin>2019-09-08T10:22:13Z</begin><end>2019-09-08T10:22:23Z</end></TimeSpan><styleUrl>#point</styleUrl><Point><altitudeMode>clampToGround</altitudeMode><coordinates>7.127539962530136,45.079042352735996,2186.6599999999999</coordinates></Point></Placemark><Placemark><TimeSpan><begin>2019-09-08T10:22:23Z</begin><end>2019-09-08T10:22:38Z</end></TimeSpan><styleUrl>#point</styleUrl><Point><altitudeMode>clampToGround</altitudeMode><coordinates>7.127570221200585,45.079102367162704,2186.6599999999999</coordinates></Point></Placemark><Placemark><TimeSpan><begin>2019-09-08T10:22:38Z</begin><end>2019-09-08T10:23:03Z</end></TimeSpan><styleUrl>#point</styleUrl><Point><altitudeMode>clampToGround</altitudeMode><coordinates>7.12756309658289,45.079100355505943,2186.6599999999999</coordinates></Point></Placemark><Placemark><TimeSpan><begin>2019-09-08T10:23:03Z</begin><end>2019-09-08T10:23:21Z</end></TimeSpan><styleUrl>#point</styleUrl><Point><altitudeMode>clampToGround</altitudeMode><coordinates>7.12756167165935,45.079110329970717,2186.6599999999999</coordinates></Point></Placemark><Placemark><TimeSpan><begin>2019-09-08T10:23:21Z</begin><end>2019-09-08T10:23:35Z</end></TimeSpan><styleUrl>#point</styleUrl><Point><altitudeMode>clampToGround</altitudeMode><coordinates>7.127642054110766,45.079142516478896,2186.6599999999999</coordinates></Point></Placemark><Placemark><TimeSpan><begin>2019-09-08T10:23:35Z</begin><end>2019-09-08T10:23:49Z</end></TimeSpan><styleUrl>#point</styleUrl><Point><altitudeMode>clampToGround</altitudeMode><coordinates>7.127547841519117,45.079062469303608,2186.6599999999999</coordinates></Point></Placemark><Placemark><TimeSpan><begin>2019-09-08T10:23:49Z</begin><end>2019-09-08T10:23:54Z</end></TimeSpan><styleUrl>#point</styleUrl><Point><altitudeMode>clampToGround</altitudeMode><coordinates>7.12751473300159,45.079026175662875,2186.6599999999999</coordinates></Point></Placemark><Placemark><TimeSpan><begin>2019-09-08T10:23:54Z</begin><end>2019-09-08T10:24:04Z</end></TimeSpan><styleUrl>#point</styleUrl><Point><altitudeMode>clampToGround</altitudeMode><coordinates>7.127411803230643,45.078992564231157,2188.0999999999999</coordinates></Point></Placemark><Placemark><TimeSpan><begin>2019-09-08T10:24:04Z</begin><end>2019-09-08T10:24:12Z</end></TimeSpan><styleUrl>#point</styleUrl><Point><altitudeMode>clampToGround</altitudeMode><coordinates>7.127363942563534,45.079033803194761,2190.98</coordinates></Point></Placemark><Placemark><TimeSpan><begin>2019-09-08T10:24:12Z</begin><end>2019-09-08T10:24:20Z</end></TimeSpan><styleUrl>#point</styleUrl><Point><altitudeMode>clampToGround</altitudeMode><coordinates>7.127316081896424,45.079067749902606,2193.3899999999999</coordinates></Point></Placemark><Placemark><TimeSpan><begin>2019-09-08T10:24:20Z</begin><end>2019-09-08T10:24:26Z</end></TimeSpan><styleUrl>#point</styleUrl><Point><altitudeMode>clampToGround</altitudeMode><coordinates>7.127267718315125,45.079097673296928,2195.3099999999999</coordinates></Point></Placemark><Placemark><TimeSpan><begin>2019-09-08T10:24:26Z</begin><end>2019-09-08T10:24:27Z</end></TimeSpan><styleUrl>#point</styleUrl><Point><altitudeMode>clampToGround</altitudeMode><coordinates>7.127261850982904,45.079101445153356,2195.3099999999999</coordinates></Point></Placemark><Placemark><TimeSpan><begin>2019-09-08T10:24:27Z</begin><end>2019-09-08T10:24:39Z</end></TimeSpan><styleUrl>#point</styleUrl><Point><altitudeMode>clampToGround</altitudeMode><coordinates>7.127249026671052,45.079182246699929,2197.71</coordinates></Point></Placemark><Placemark><TimeSpan><begin>2019-09-08T10:24:39Z</begin><end>2019-09-08T10:24:53Z</end></TimeSpan><styleUrl>#point</styleUrl><Point><altitudeMode>clampToGround</altitudeMode><coordinates>7.12722304277122,45.079299341887236,2199.6300000000001</coordinates></Point></Placemark><Placemark><TimeSpan><begin>2019-09-08T10:24:53Z</begin><end>2019-09-08T10:24:54Z</end></TimeSpan><styleUrl>#point</styleUrl><Point><altitudeMode>clampToGround</altitudeMode><coordinates>7.127218265086412,45.079307472333312,2200.1100000000001</coordinates></Point></Placemark><Placemark><TimeSpan><begin>2019-09-08T10:24:54Z</begin><end>2019-09-08T10:25:08Z</end></TimeSpan><styleUrl>#point</styleUrl><Point><altitudeMode>clampToGround</altitudeMode><coordinates>7.127246679738164,45.079341419041157,2200.5900000000001</coordinates></Point></Placemark><Placemark><TimeSpan><begin>2019-09-08T10:25:08Z</begin><end>2019-09-08T10:25:11Z</end></TimeSpan><styleUrl>#point</styleUrl><Point><altitudeMode>clampToGround</altitudeMode><coordinates>7.127258162945509,45.079362457618117,2199.1500000000001</coordinates></Point></Placemark><Placemark><TimeSpan><begin>2019-09-08T10:25:11Z</begin><end>2019-09-08T10:25:24Z</end></TimeSpan><styleUrl>#point</styleUrl><Point><altitudeMode>clampToGround</altitudeMode><coordinates>7.127279369160533,45.079435715451837,2198.6700000000001</coordinates></Point></Placemark><Placemark><TimeSpan><begin>2019-09-08T10:25:24Z</begin><end>2019-09-08T10:25:41Z</end></TimeSpan><styleUrl>#point</styleUrl><Point><altitudeMode>clampToGround</altitudeMode><coordinates>7.12723427452147,45.079477541148663,2198.1900000000001</coordinates></Point></Placemark><Placemark><TimeSpan><begin>2019-09-08T10:25:41Z</begin><end>2019-09-08T10:26:05Z</end></TimeSpan><styleUrl>#point</styleUrl><Point><altitudeMode>clampToGround</altitudeMode><coordinates>7.127176690846682,45.079535963013768,2198.1900000000001</coordinates></Point></Placemark><Placemark><TimeSpan><begin>2019-09-08T10:26:05Z</begin><end>2019-09-08T10:26:21Z</end></TimeSpan><styleUrl>#point</styleUrl><Point><altitudeMode>clampToGround</altitudeMode><coordinates>7.127131344750524,45.079579213634133,2199.1500000000001</coordinates></Point></Placemark><Placemark><TimeSpan><begin>2019-09-08T10:26:21Z</begin><end>2019-09-08T10:26:27Z</end></TimeSpan><styleUrl>#point</styleUrl><Point><altitudeMode>clampToGround</altitudeMode><coordinates>7.127120113000274,45.07959421724081,2199.1500000000001</coordinates></Point></Placemark><Placemark><TimeSpan><begin>2019-09-08T10:26:27Z</begin><end>2019-09-08T10:26:29Z</end></TimeSpan><styleUrl>#point</styleUrl><Point><altitudeMode>clampToGround</altitudeMode><coordinates>7.1270911116153,45.07959907874465,2197.71</coordinates></Point></Placemark><Placemark><TimeSpan><begin>2019-09-08T10:26:29Z</begin><end>2019-09-08T10:26:49Z</end></TimeSpan><styleUrl>#point</styleUrl><Point><altitudeMode>clampToGround</altitudeMode><coordinates>7.127126986160874,45.079608969390392,2197.23</coordinates></Point></Placemark><Placemark><TimeSpan><begin>2019-09-08T10:26:49Z</begin><end>2019-09-08T10:27:17Z</end></TimeSpan><styleUrl>#point</styleUrl><Point><altitudeMode>clampToGround</altitudeMode><coordinates>7.127110222354531,45.079570831730962,2197.23</coordinates></Point></Placemark><Placemark><TimeSpan><begin>2019-09-08T10:27:17Z</begin><end>2019-09-08T10:27:32Z</end></TimeSpan><styleUrl>#point</styleUrl><Point><altitudeMode>clampToGround</altitudeMode><coordinates>7.127125980332494,45.079574352130294,2197.23</coordinates></Point></Placemark><Placemark><TimeSpan><begin>2019-09-08T10:27:32Z</begin><end>2019-09-08T10:28:01Z</end></TimeSpan><styleUrl>#point</styleUrl><Point><altitudeMode>clampToGround</altitudeMode><coordinates>7.127145091071725,45.079591954126954,2197.23</coordinates></Point></Placemark><Placemark><TimeSpan><begin>2019-09-08T10:28:01Z</begin><end>2019-09-08T10:28:22Z</end></TimeSpan><styleUrl>#point</styleUrl><Point><altitudeMode>clampToGround</altitudeMode><coordinates>7.12712874636054,45.079546272754669,2196.75</coordinates></Point></Placemark><Placemark><TimeSpan><begin>2019-09-08T10:28:22Z</begin><end>2019-09-08T10:28:37Z</end></TimeSpan><styleUrl>#point</styleUrl><Point><altitudeMode>clampToGround</altitudeMode><coordinates>7.127139559015632,45.079543339088559,2198.6700000000001</coordinates></Point></Placemark><Placemark><TimeSpan><begin>2019-09-08T10:28:37Z</begin><end>2019-09-08T10:29:08Z</end></TimeSpan><styleUrl>#point</styleUrl><Point><altitudeMode>clampToGround</altitudeMode><coordinates>7.127163531258702,45.079562114551663,2198.6700000000001</coordinates></Point></Placemark><Placemark><TimeSpan><begin>2019-09-08T10:29:08Z</begin><end>2019-09-08T10:29:16Z</end></TimeSpan><styleUrl>#point</styleUrl><Point><altitudeMode>clampToGround</altitudeMode><coordinates>7.127173086628318,45.079562617465854,2197.23</coordinates></Point></Placemark><Placemark><TimeSpan><begin>2019-09-08T10:29:16Z</begin><end>2019-09-08T10:29:37Z</end></TimeSpan><styleUrl>#point</styleUrl><Point><altitudeMode>clampToGround</altitudeMode><coordinates>7.127130506560206,45.079582650214434,2197.23</coordinates></Point></Placemark><Placemark><TimeSpan><begin>2019-09-08T10:29:37Z</begin><end>2019-09-08T10:30:04Z</end></TimeSpan><styleUrl>#point</styleUrl><Point><altitudeMode>clampToGround</altitudeMode><coordinates>7.127116173505783,45.079563204199076,2196.75</coordinates></Point></Placemark><Placemark><TimeSpan><begin>2019-09-08T10:30:04Z</begin><end>2019-09-08T10:30:31Z</end></TimeSpan><styleUrl>#point</styleUrl><Point><altitudeMode>clampToGround</altitudeMode><coordinates>7.127122124657035,45.079558929428458,2196.75</coordinates></Point></Placemark><Placemark><TimeSpan><begin>2019-09-08T10:30:31Z</begin><end>2019-09-08T10:30:37Z</end></TimeSpan><styleUrl>#point</styleUrl><Point><altitudeMode>clampToGround</altitudeMode><coordinates>7.127175265923142,45.079513164237142,2197.71</coordinates></Point></Placemark><Placemark><TimeSpan><begin>2019-09-08T10:30:37Z</begin><end>2019-09-08T10:30:54Z</end></TimeSpan><styleUrl>#point</styleUrl><Point><altitudeMode>clampToGround</altitudeMode><coordinates>7.127201668918133,45.079483408480883,2198.1900000000001</coordinates></Point></Placemark><Placemark><TimeSpan><begin>2019-09-08T10:30:54Z</begin><end>2019-09-08T10:31:15Z</end></TimeSpan><styleUrl>#point</styleUrl><Point><altitudeMode>clampToGround</altitudeMode><coordinates>7.127161016687751,45.079514253884554,2198.6700000000001</coordinates></Point></Placemark><Placemark><TimeSpan><begin>2019-09-08T10:31:15Z</begin><end>2019-09-08T10:31:47Z</end></TimeSpan><styleUrl>#point</styleUrl><Point><altitudeMode>clampToGround</altitudeMode><coordinates>7.127137882634997,45.079580219462514,2199.1500000000001</coordinates></Point></Placemark><Placemark><TimeSpan><begin>2019-09-08T10:31:47Z</begin><end>2019-09-08T10:32:17Z</end></TimeSpan><styleUrl>#point</styleUrl><Point><altitudeMode>clampToGround</altitudeMode><coordinates>7.127153472974896,45.079556163400412,2199.1500000000001</coordinates></Point></Placemark><Placemark><TimeSpan><begin>2019-09-08T10:32:17Z</begin><end>2019-09-08T10:32:40Z</end></TimeSpan><styleUrl>#point</styleUrl><Point><altitudeMode>clampToGround</altitudeMode><coordinates>7.127151461318135,45.079574687406421,2199.1500000000001</coordinates></Point></Placemark><Placemark><TimeSpan><begin>2019-09-08T10:32:40Z</begin><end>2019-09-08T10:33:11Z</end></TimeSpan><styleUrl>#point</styleUrl><Point><altitudeMode>clampToGround</altitudeMode><coordinates>7.127146515995264,45.079584661871195,2199.1500000000001</coordinates></Point></Placemark><Placemark><TimeSpan><begin>2019-09-08T10:33:11Z</begin><end>2019-09-08T10:33:43Z</end></TimeSpan><styleUrl>#point</styleUrl><Point><altitudeMode>clampToGround</altitudeMode><coordinates>7.12716587819159,45.079573094844818,2199.1500000000001</coordinates></Point></Placemark><Placemark><TimeSpan><begin>2019-09-08T10:33:43Z</begin><end>2019-09-08T10:33:58Z</end></TimeSpan><styleUrl>#point</styleUrl><Point><altitudeMode>clampToGround</altitudeMode><coordinates>7.127164620906115,45.079567730426788,2197.71</coordinates></Point></Placemark><Placemark><TimeSpan><begin>2019-09-08T10:33:58Z</begin><end>2019-09-08T10:34:00Z</end></TimeSpan><styleUrl>#point</styleUrl><Point><altitudeMode>clampToGround</altitudeMode><coordinates>7.127163866534829,45.079562868922949,2199.1500000000001</coordinates></Point></Placemark><Placemark><TimeSpan><begin>2019-09-08T10:34:00Z</begin><end>2019-09-08T10:34:23Z</end></TimeSpan><styleUrl>#point</styleUrl><Point><altitudeMode>clampToGround</altitudeMode><coordinates>7.1271653752774,45.079550463706255,2198.6700000000001</coordinates></Point></Placemark><Placemark><TimeSpan><begin>2019-09-08T10:34:23Z</begin><end>2019-09-08T10:34:47Z</end></TimeSpan><styleUrl>#point</styleUrl><Point><altitudeMode>clampToGround</altitudeMode><coordinates>7.127178786322475,45.079533699899912,2198.6700000000001</coordinates></Point></Placemark><Placemark><TimeSpan><begin>2019-09-08T10:34:47Z</begin><end>2019-09-08T10:35:04Z</end></TimeSpan><styleUrl>#point</styleUrl><Point><altitudeMode>clampToGround</altitudeMode><coordinates>7.127264197915793,45.079471589997411,2199.6300000000001</coordinates></Point></Placemark><Placemark><TimeSpan><begin>2019-09-08T10:35:04Z</begin><end>2019-09-08T10:35:13Z</end></TimeSpan><styleUrl>#point</styleUrl><Point><altitudeMode>clampToGround</altitudeMode><coordinates>7.127293534576893,45.079423310235143,2198.1900000000001</coordinates></Point></Placemark></Folder><Placemark><name>Rifugio Toesca</name><Style><LineStyle><color>ff00ff00</color><width>4</width></LineStyle></Style><MultiGeometry><LineString><coordinates>7.145656859502196,45.099875740706921,1347.9100000000001 7.145537501201034,45.09985470212996,1348.3900000000001 7.145530544221401,45.099812541157007,1348.8699999999999 7.145499112084508,45.099772727116942,1349.3499999999999 7.14531890116632,45.099701229482889,1350.79 7.145170290023089,45.099561670795083,1348.8699999999999 7.145165260881186,45.099539374932647,1348.8699999999999 7.145121339708567,45.099486066028476,1348.8699999999999 7.145031988620758,45.099373999983072,1348.8699999999999 7.144961999729276,45.099301412701607,1350.3099999999999 7.144846161827445,45.099235195666552,1351.27 7.14470760896802,45.099207535386086,1351.75 7.144683385267854,45.099082309752703,1353.6700000000001 7.14469688013196,45.099054230377078,1354.1500000000001 7.14471054263413,45.099000670015812,1355.5999999999999 7.14467978104949,45.098931351676583,1357.04 7.144672069698572,45.098771760240197,1360.4000000000001 7.144658658653498,45.098726833239198,1361.3599999999999 7.144608115777373,45.098561961203814,1363.29 7.144594117999077,45.098546203225851,1363.77 7.144583305343986,45.098519548773766,1363.77 7.144581293687224,45.098498929291964,1364.25 7.144525218755007,45.098360041156411,1364.73 7.144540389999747,45.098255518823862,1365.21 7.144580623134971,45.098176896572113,1365.6900000000001 7.144657988101244,45.098063489422202,1367.6099999999999 7.144698137417436,45.097937090322375,1369.05 7.1447086147964,45.097809853032231,1370.98 7.144693024456501,45.097774565219879,1370.98 7.144651534035802,45.097675658762455,1372.4200000000001 7.144657988101244,45.097596952691674,1373.8599999999999 7.144595794379711,45.097536770626903,1377.23 7.144538043066859,45.097473151981831,1380.1099999999999 7.144524548202753,45.097444066777825,1381.0699999999999 7.144446428865194,45.097301155328751,1383.47 7.144446177408099,45.09724885225296,1383.96 7.144427988678217,45.097117256373167,1384.4400000000001 7.144378116354346,45.096976524218917,1385.4000000000001 7.144374847412109,45.096911732107401,1385.8800000000001 7.144373673945665,45.096846772357821,1386.8399999999999 7.144385660067201,45.096759852021933,1388.28 7.144326735287905,45.096656419336796,1390.2 7.144274432212114,45.096579724922776,1391.1700000000001 7.14425029233098,45.096491379663348,1394.53 7.144238809123635,45.096392054110765,1397.8900000000001 7.144236797466874,45.096385180950165,1397.8900000000001 7.144213914871216,45.096306391060352,1400.78 7.144297482445836,45.09624419733882,1403.1800000000001 7.144489847123623,45.096094161272049,1405.5799999999999 7.144667794927955,45.095958542078733,1407.51 7.144699227064848,45.095938090234995,1407.51 7.144753709435463,45.095874639227986,1408.95 7.144800899550319,45.095777995884418,1409.9100000000001 7.144644660875201,45.095756286755204,1412.3099999999999 7.14456302113831,45.095689482986927,1413.76 7.144555561244488,45.095527460798621,1417.1199999999999 7.144528655335307,45.095478175207973,1417.5999999999999 7.144523039460182,45.095477588474751,1417.5999999999999 7.144529996439815,45.095469709485769,1417.5999999999999 7.144530583173037,45.095432577654719,1417.5999999999999 7.144596045836806,45.095400810241699,1419.04 7.144620856270194,45.09538228623569,1419.52 7.144674835726619,45.095222191885114,1422.4100000000001 7.144643319770694,45.095128566026688,1425.29 7.144624628126621,45.095056062564254,1428.6600000000001 7.144606104120612,45.094936285167933,1431.54 7.144531672820449,45.094793541356921,1434.9100000000001 7.144514322280884,45.094648953527212,1437.79 7.144459253177047,45.094527835026383,1440.1900000000001 7.144391108304262,45.094366315752268,1442.5999999999999 7.144362106919289,45.094195157289505,1445 7.144343247637153,45.094044618308544,1445.96 7.144336123019457,45.093899359926581,1448.3599999999999 7.144317347556353,45.093822665512562,1448.8399999999999 7.1442976500839,45.093718562275171,1450.29 7.144226068630815,45.093494681641459,1452.6900000000001 7.144220201298595,45.093403067439795,1453.1700000000001 7.144256997853518,45.093228807672858,1456.05 7.144258255138993,45.093056056648493,1458.9400000000001 7.144287843257189,45.092906942591071,1461.3399999999999 7.144287843257189,45.092750452458858,1463.74 7.1443528868258,45.092643750831485,1465.6700000000001 7.144342325627804,45.092484494671226,1467.5899999999999 7.144352551549673,45.092458678409457,1467.5899999999999 7.144313156604767,45.09228777140379,1469.03 7.144282814115286,45.092200096696615,1469.99 7.1442786231637,45.092113176360726,1470.47 7.144171418622136,45.091985100880265,1472.8800000000001 7.144095143303275,45.091840261593461,1474.3199999999999 7.144084833562374,45.091798603534698,1475.28 7.144116098061204,45.091669857501984,1477.6800000000001 7.144163371995091,45.091524347662926,1480.5699999999999 7.144145267084241,45.091387303546071,1481.53 7.14414325542748,45.091259395703673,1483.45 7.144141411408782,45.091209104284644,1483.45 7.144081648439169,45.091127632185817,1482.01 7.143952818587422,45.090914899483323,1479.6099999999999 7.143924068659544,45.090829404070973,1479.1300000000001 7.143896073102951,45.090771904215217,1478.6500000000001 7.143874699249864,45.090706693008542,1478.6500000000001 7.143855253234506,45.090608121827245,1478.1600000000001 7.143866317346692,45.090563697740436,1478.1600000000001 7.143712677061558,45.090405195951462,1477.6800000000001 7.143616620451212,45.090380720794201,1477.6800000000001 7.143535064533353,45.090371165424585,1477.6800000000001 7.143479073420167,45.090360520407557,1479.1300000000001 7.143505811691284,45.090249460190535,1480.5699999999999 7.143500363454223,45.090192882344127,1482.49 7.143449820578098,45.090130772441626,1483.45 7.143323002383113,45.090001942589879,1485.8499999999999 7.143289223313332,45.089960284531116,1486.8199999999999 7.143103731796145,45.089842434972525,1489.22 7.142979176715016,45.089749228209257,1491.1400000000001 7.142815226688981,45.089622661471367,1493.0599999999999 7.142734928056598,45.089548984542489,1495.47 7.142621520906687,45.089428871870041,1497.8699999999999 7.142443237826228,45.089399367570877,1500.76 7.142369141802192,45.089332228526473,1501.72 7.142354976385832,45.089302388951182,1502.2 7.142332931980491,45.089265173301101,1503.1600000000001 7.142178453505039,45.089145563542843,1505.5599999999999 7.142008803784847,45.089035760611296,1508.9300000000001 7.141965720802546,45.088995024561882,1509.4100000000001 7.141910064965487,45.088937357068062,1509.4100000000001 7.141784420236945,45.088800648227334,1509.8900000000001 7.141689034178853,45.088681289926171,1510.3699999999999 7.141673946753144,45.088663017377257,1510.8499999999999 7.141503626480699,45.088510466739535,1512.77 7.141488622874022,45.088471993803978,1513.25 7.141482420265675,45.088440394029021,1513.73 7.141440007835627,45.088317766785622,1514.6900000000001 7.141450988128781,45.088298488408327,1515.1800000000001 7.141400864347816,45.088191954419017,1516.6199999999999 7.141309333965182,45.088060023263097,1518.0599999999999 7.14129013940692,45.088040661066771,1518.54 7.141278237104416,45.087966397404671,1519.02 7.141253091394901,45.087778558954597,1519.5 7.141206571832299,45.087630534544587,1519.5 7.141129961237311,45.087541937828064,1520.46 7.141002975404263,45.087500028312206,1522.3900000000001 7.140936842188239,45.087437331676483,1523.8299999999999 7.140794517472386,45.087355775758624,1525.75 7.140724025666714,45.087229628115892,1527.6700000000001 7.140632495284081,45.087114376947284,1529.5899999999999 7.140596201643348,45.087055033072829,1531.04 7.140585137531161,45.087032485753298,1531.04 7.140513807535172,45.086912205442786,1532.96 7.140503833070397,45.086872894316912,1534.4000000000001 7.140454715117812,45.086738113313913,1536.8 7.140405178070068,45.086677595973015,1537.77 7.140383133664727,45.08662361651659,1538.25 7.140325466170907,45.086479615420103,1541.1300000000001 7.140264613553882,45.086365789175034,1544.01 7.140215076506138,45.086234109476209,1546.4200000000001 7.140162605792284,45.086103016510606,1549.3 7.14016143232584,45.086055574938655,1551.22 7.140240976586938,45.085980724543333,1552.6700000000001 7.140313228592277,45.085815265774727,1555.55 7.14041305705905,45.085723986849189,1558.9200000000001 7.140366705134511,45.085661793127656,1562.28 7.140310881659389,45.085645532235503,1564.2 7.14019370265305,45.085584176704288,1567.0899999999999 7.140152212232351,45.085482336580753,1570.45 7.140146847814322,45.085350908339024,1573.8199999999999 7.1401721611619,45.085284942761064,1576.7 7.140205102041364,45.085187461227179,1579.0999999999999 7.140185069292784,45.085080927237868,1581.99 7.140111895278096,45.084971878677607,1585.3499999999999 7.139980467036367,45.084889903664589,1588.72 7.139954315498471,45.084871212020516,1589.2 7.139908885583282,45.084824608638883,1592.0799999999999 7.13982087559998,45.084813209250569,1595.45 7.139675784856081,45.08476534858346,1598.8099999999999 7.13967720977962,45.084668034687638,1601.21 7.13975977152586,45.084537109360099,1602.6600000000001 7.13979983702302,45.084451530128717,1604.0999999999999 7.139840740710497,45.084314569830894,1607.46 7.139796735718846,45.08418439887464,1608.9000000000001 7.139783576130867,45.084067136049271,1611.79 7.139703948050737,45.083995638415217,1613.71 7.13974317535758,45.083864545449615,1616.1099999999999 7.139835627749562,45.083769327029586,1618.52 7.13991223834455,45.08367964066565,1619.96 7.139973258599639,45.083581572398543,1621.8800000000001 7.140115164220333,45.083530275151134,1623.8 7.140233851969242,45.083517450839281,1625.25 7.140332506969571,45.083466488867998,1627.6500000000001 7.140338122844696,45.083379317075014,1627.6500000000001 7.140260590240359,45.083339670673013,1627.6500000000001 7.140219016000629,45.083334473893046,1628.6099999999999 7.140058418735862,45.083298683166504,1630.05 7.139944760128856,45.083289630711079,1631.98 7.139888601377606,45.08322617970407,1633.9000000000001 7.139936964958906,45.08309961296618,1636.78 7.139995722100139,45.083066336810589,1639.1900000000001 7.140092700719833,45.083058541640639,1642.0699999999999 7.140209376811981,45.083023002371192,1643.51 7.140364525839686,45.083007998764515,1645.9100000000001 7.140407441183925,45.082983188331127,1647.8399999999999 7.140495032072067,45.082923592999578,1651.2 7.14053769595921,45.082872463390231,1654.0899999999999 7.140417164191604,45.082824937999249,1656.97 7.14035103097558,45.082782609388232,1659.8499999999999 7.140469215810299,45.082743465900421,1661.78 7.140569714829326,45.082715302705765,1664.6600000000001 7.140510119497776,45.082691749557853,1668.02 7.140392102301121,45.08265788666904,1670.4300000000001 7.140331249684095,45.082567613571882,1673.3099999999999 7.140441136434674,45.082555208355188,1676.2 7.140359664335847,45.082512460649014,1678.5999999999999 7.140437196940184,45.082449428737164,1681.48 7.140544569119811,45.082430485635996,1683.8900000000001 7.140629226341844,45.082358317449689,1685.8099999999999 7.140511879697442,45.082313641905785,1688.6900000000001 7.14042529463768,45.082229906693101,1690.6199999999999 7.140330327674747,45.082120019942522,1693.02 7.140295961871743,45.082041146233678,1694.9400000000001 7.140329573303461,45.082052797079086,1695.4200000000001 7.140268720686436,45.082025304436684,1696.3800000000001 7.140297889709473,45.082011222839355,1696.3800000000001 7.140251705422998,45.081979539245367,1696.8599999999999 7.140234354883432,45.081991944462061,1697.3399999999999 7.140252375975251,45.082019437104464,1697.3399999999999 7.140253633260727,45.082029327750206,1697.3399999999999 7.140260506421328,45.082004852592945,1697.3399999999999 7.140234354883432,45.081990770995617,1697.8299999999999 7.140188505873084,45.081990100443363,1698.3099999999999 7.140166377648711,45.082008959725499,1698.3099999999999 7.140190685167909,45.082012815400958,1698.79 7.140183812007308,45.082031171768904,1698.79 7.14021373540163,45.081973504275084,1699.27 7.140155648812652,45.081965876743197,1699.27 7.140202838927507,45.081904185935855,1699.27 7.140202922746539,45.081971576437354,1699.75 7.140227816998959,45.081970570608974,1700.71 7.140194540843368,45.081941569224,1700.71 7.140187667682767,45.081924721598625,1700.71 7.140121199190617,45.081952968612313,1701.1900000000001 7.140195714309812,45.081980712711811,1701.1900000000001 7.140266625210643,45.081937881186604,1701.6700000000001 7.14029579423368,45.08185506798327,1702.6300000000001 7.140241730958223,45.081763621419668,1705.04 7.140183392912149,45.081669241189957,1706.48 7.140143662691116,45.081615597009659,1707.4400000000001 7.140073422342539,45.081574358046055,1709.3599999999999 7.140106949955225,45.081532448530197,1709.8399999999999 7.140044504776597,45.081428093835711,1711.76 7.14005732908845,45.081311669200659,1712.73 7.140023801475763,45.081185102462769,1712.73 7.139938641339541,45.081131793558598,1715.6099999999999 7.13984283618629,45.081069264560938,1718.01 7.139821713790298,45.081027774140239,1718.49 7.139796651899815,45.080896513536572,1719.46 7.139780055731535,45.080732144415379,1721.3800000000001 7.139796568080783,45.080698784440756,1722.3399999999999 7.13971484452486,45.080624688416719,1723.78 7.139587355777621,45.080675985664129,1726.6700000000001 7.139514600858092,45.08069752715528,1728.5899999999999 7.139403037726879,45.080733904615045,1730.51 7.139168260619044,45.080763408914208,1732.4300000000001 7.139125764369965,45.080721164122224,1733.3900000000001 7.139041190966964,45.080663245171309,1734.3599999999999 7.13896038942039,45.080611947923899,1737.24 7.138943122699857,45.080532152205706,1740.5999999999999 7.138879671692848,45.080463588237762,1742.05 7.13881085626781,45.080324616283178,1743.97 7.138735838234425,45.080273738130927,1743.97 7.138696946203709,45.080247921869159,1743.01 7.138570379465818,45.080185141414404,1743.01 7.138517322018743,45.080150859430432,1744.45 7.138393269851804,45.080084223300219,1746.8499999999999 7.138241389766336,45.080003924667835,1747.3299999999999 7.138084396719933,45.07992647588253,1749.74 7.137952968478203,45.07981700822711,1751.1800000000001 7.137837717309594,45.079721119254827,1751.6600000000001 7.137821540236473,45.079670241102576,1753.5799999999999 7.137723555788398,45.07957711815834,1755.5 7.137623894959688,45.07950964383781,1753.5799999999999 7.137542590498924,45.079390285536647,1755.02 7.137526161968708,45.079371258616447,1755.02 7.137460112571716,45.079335719347,1755.02 7.137411329895258,45.079374611377716,1756.47 7.137321056798101,45.079404786229134,1757.9100000000001 7.137253079563379,45.07943538017571,1759.3499999999999 7.13719449006021,45.079450802877545,1762.71 7.137124082073569,45.079388776794076,1765.1199999999999 7.137029953300953,45.079351225867867,1768 7.136832978576422,45.079345693811774,1770.4100000000001 7.13673172518611,45.07929464802146,1773.29 7.13662913069129,45.079241339117289,1776.6500000000001 7.136582359671593,45.079179229214787,1779.54 7.136477082967758,45.079139331355691,1781.9400000000001 7.136424863711,45.079163890331984,1783.8599999999999 7.136337859556079,45.079170009121299,1786.75 7.136233756318688,45.079190377146006,1789.6300000000001 7.136153122410178,45.079190712422132,1793 7.136047342792153,45.07920429110527,1794.9200000000001 7.135985903441906,45.079152742400765,1798.28 7.135928655043244,45.079115610569715,1801.1700000000001 7.135929325595498,45.079057440161705,1804.05 7.135871490463615,45.078994743525982,1806.9400000000001 7.135796556249261,45.079037239775062,1809.8199999999999 7.135781720280647,45.079047381877899,1811.26 7.13576084934175,45.07905819453299,1811.74 7.135723968967795,45.078985942527652,1814.1500000000001 7.135698990896344,45.078911762684584,1816.0699999999999 7.135635372251272,45.078857447952032,1819.4300000000001 7.135569574311376,45.078897681087255,1822.8 7.135496735572815,45.07893699221313,1824.72 7.135445438325405,45.078961467370391,1827.5999999999999 7.135362038388848,45.079037407413125,1830.01 7.13526145555079,45.079076550900936,1833.3699999999999 7.135205548256636,45.07910312153399,1834.3299999999999 7.135173277929425,45.079115862026811,1834.3299999999999 7.135068420320749,45.079092560335994,1837.22 7.135138157755137,45.079068252816796,1838.1800000000001 7.135153999552131,45.079078562557697,1838.1800000000001 7.135179061442614,45.07908945903182,1838.1800000000001 7.135087866336107,45.079123405739665,1838.6600000000001 7.135179480537772,45.079100020229816,1838.6600000000001 7.135122902691364,45.079019134864211,1840.0999999999999 7.135056182742119,45.078962724655867,1841.54 7.135001616552472,45.078892651945353,1843.95 7.1349570248276,45.078821321949363,1846.8299999999999 7.134954845532775,45.078801456838846,1847.79 7.134881839156151,45.078758876770735,1851.1600000000001 7.13484956882894,45.078705484047532,1854.04 7.134782262146473,45.078671956434846,1856.4400000000001 7.13475133292377,45.078645050525665,1858.3699999999999 7.134730545803905,45.078570451587439,1861.25 7.13471906259656,45.078476574271917,1864.1300000000001 7.134680757299066,45.078436676412821,1867.02 7.134587047621608,45.078419493511319,1869.4200000000001 7.134494008496404,45.078440783545375,1872.79 7.134400131180883,45.078470036387444,1874.71 7.134368196129799,45.078531643375754,1877.1099999999999 7.134277420118451,45.078586125746369,1879.51 7.13415278121829,45.078666340559721,1881.4400000000001 7.134053539484739,45.07871076464653,1884.3199999999999 7.133941221982241,45.078797014430165,1885.76 7.133860671892762,45.078853340819478,1888.1700000000001 7.133796885609627,45.078910840675235,1888.6500000000001 7.133757155388594,45.0790352281183,1891.05 7.133719185367227,45.079118041321635,1892.97 7.133714323863387,45.079163052141666,1896.3399999999999 7.133667888119817,45.079228179529309,1898.26 7.133645173162222,45.079250978305936,1901.1400000000001 7.133646430447698,45.079291127622128,1903.0699999999999 7.133668810129166,45.079299677163363,1903.55 7.133741732686758,45.07926682010293,1903.55 7.133829826489091,45.07921745069325,1904.03 7.133890176191926,45.079179145395756,1904.03 7.133972989395261,45.079176463186741,1904.03 7.133963434025645,45.079247541725636,1904.51 7.133800070732832,45.079395398497581,1903.0699999999999 7.13371398858726,45.079495729878545,1904.03 7.133703511208296,45.079556666314602,1904.51 7.133545009419322,45.079588014632463,1907.3900000000001 7.1333924587816,45.079606454819441,1908.8299999999999 7.133232783526182,45.079598743468523,1910.28 7.133042346686125,45.079557336866856,1911.72 7.133024828508496,45.079562617465854,1911.72 7.13287839666009,45.079646436497569,1909.3199999999999 7.132719475775957,45.079680383205414,1906.9100000000001 7.132742023095489,45.079711982980371,1906.9100000000001 7.132797846570611,45.079770740121603,1906.4300000000001 7.132872194051743,45.079788090661168,1908.3499999999999 7.132934974506497,45.07978574372828,1906.4300000000001 7.132964227348566,45.079820863902569,1906.9100000000001 7.132951319217682,45.079855732619762,1906.9100000000001 7.132884850725532,45.079871658235788,1907.8699999999999 7.13281880132854,45.0799626018852,1910.28 7.132767671719194,45.080049019306898,1912.6800000000001 7.132732216268778,45.080033093690872,1915.5599999999999 7.132683685049415,45.08001197129488,1917.49 7.132621156051755,45.079965870827436,1920.3699999999999 7.13250607252121,45.079956566914916,1922.77 7.132443208247423,45.07991474121809,1925.1800000000001 7.132347067818046,45.079888505861163,1928.0599999999999 7.13226911611855,45.079861935228109,1930.95 7.132202731445432,45.079823546111584,1933.3499999999999 7.132124276831746,45.079793957993388,1936.23 7.132061244919896,45.07973151281476,1938.6400000000001 7.132015395909548,45.079787001013756,1941.52 7.131986729800701,45.079798987135291,1943.9200000000001 7.131920512765646,45.079843662679195,1946.3299999999999 7.13186108507216,45.079908706247807,1947.29 7.131826803088188,45.079836118966341,1949.21 7.131790341809392,45.079781636595726,1952.0899999999999 7.131746085360646,45.079718856140971,1954.5 7.131722951307893,45.079737044870853,1955.46 7.131666541099548,45.07965917699039,1958.3399999999999 7.131612310186029,45.07965381257236,1961.71 7.131543159484863,45.079600168392062,1964.5899999999999 7.131473254412413,45.079656159505248,1967.48 7.13140862993896,45.079718185588717,1970.3599999999999 7.131423801183701,45.079716760665178,1971.3199999999999 7.131490688771009,45.07968214340508,1971.3199999999999 7.131367726251483,45.079763866961002,1974.6900000000001 7.131469650194049,45.079641826450825,1975.1700000000001 7.131266808137298,45.079723466187716,1978.05 7.131234370172024,45.079662445932627,1980.9300000000001 7.131175696849823,45.079585583880544,1983.8199999999999 7.131078718230128,45.079541746526957,1985.74 7.130984254181385,45.079493885859847,1987.6600000000001 7.130950475111604,45.079396152868867,1991.03 7.130860453471541,45.079345023259521,1992.47 7.130729360505939,45.079301688820124,1995.3499999999999 7.130685690790415,45.079253744333982,1997.76 7.130668591707945,45.079210242256522,2000.6400000000001 7.130617797374725,45.079154167324305,2002.0799999999999 7.130533307790756,45.07909775711596,2004.97 7.130502797663212,45.079071437940001,2006.4100000000001 7.130485698580742,45.079003712162375,2007.8499999999999 7.13048217818141,45.078920144587755,2010.25 7.130482345819473,45.078871361911297,2011.22 7.130476897582412,45.07889935746789,2011.22 7.130479915067554,45.078881504014134,2011.22 7.130461810156703,45.078878402709961,2011.7 7.130420990288258,45.078805815428495,2012.6600000000001 7.13041864335537,45.0787054002285,2015.0599999999999 7.130454601719976,45.078639518469572,2016.5 7.130407663062215,45.078618060797453,2017.46 7.130347900092602,45.078599117696285,2020.3499999999999 7.130297943949699,45.078529380261898,2022.75 7.130226194858551,45.078465007245541,2025.1500000000001 7.130121756345034,45.078408345580101,2026.5999999999999 7.130123432725668,45.078341457992792,2028.52 7.13006341829896,45.078310277312994,2029.48 7.130023939535022,45.07837800309062,2031.8800000000001 7.129962248727679,45.078410021960735,2034.29 7.12991246022284,45.078384792432189,2037.1700000000001 7.129859318956733,45.078377248719335,2039.0899999999999 7.129801316186786,45.078379428014159,2041.5 7.129731411114335,45.078337518498302,2044.8599999999999 7.129750354215503,45.078364759683609,2043.9000000000001 7.129742559045553,45.078380517661572,2043.9000000000001 7.12975119240582,45.078366352245212,2043.9000000000001 7.12972872890532,45.078374817967415,2044.8599999999999 7.12963636033237,45.078375320881605,2047.75 7.129580536857247,45.078327879309654,2050.1500000000001 7.129493029788137,45.07830910384655,2052.5500000000002 7.129416838288307,45.078273145481944,2055.4400000000001 7.129403008148074,45.078263422474265,2056.4000000000001 7.129339221864939,45.078232996165752,2058.3200000000002 7.129271579906344,45.078218495473266,2060.7199999999998 7.129177786409855,45.078202988952398,2062.6500000000001 7.129134703427553,45.078190583735704,2064.0900000000001 7.129055997356772,45.078142220154405,2065.0500000000002 7.128994725644589,45.078095197677612,2067.9299999999998 7.128953319042921,45.078066950663924,2069.3800000000001 7.128940830007196,45.078001571819186,2071.7800000000002 7.129019368439913,45.077976509928703,2073.6999999999998 7.128934962674975,45.077905263751745,2075.1399999999999 7.128850137814879,45.077804597094655,2078.0300000000002 7.128804121166468,45.077740726992488,2078.9899999999998 7.128692222759128,45.077690435573459,2080.9099999999999 7.128684679046273,45.07768901064992,2080.9099999999999 7.128643775358796,45.077687669545412,2080.9099999999999 7.12856381200254,45.077697476372123,2082.8299999999999 7.128569427877665,45.077654477208853,2083.3099999999999 7.128550903871656,45.077583063393831,2084.7600000000002 7.128496672958136,45.077553475275636,2086.6799999999998 7.128442693501711,45.077453311532736,2088.5999999999999 7.128496756777167,45.077401008456945,2089.5599999999999 7.12859021499753,45.07740612141788,2089.5599999999999 7.128550736233592,45.077359434217215,2091.9699999999998 7.128515867516398,45.077302101999521,2094.8499999999999 7.128503965213895,45.077301263809204,2094.8499999999999 7.128482758998871,45.077300509437919,2095.3299999999999 7.128461468964815,45.07722876034677,2098.21 7.128476975485683,45.077156759798527,2100.6199999999999 7.128469850867987,45.07711099460721,2102.0599999999999 7.128508742898703,45.077074617147446,2102.0599999999999 7.128497678786516,45.077069588005543,2102.54 7.128433808684349,45.077065229415894,2103.02 7.128290729597211,45.077033797279,2105.9099999999999 7.128233062103391,45.077005382627249,2109.27 7.128199534490705,45.076977554708719,2110.23 7.128144800662994,45.076957186684012,2113.5999999999999 7.128045642748475,45.076907901093364,2116 7.127952016890049,45.07688476704061,2117.9200000000001 7.127910358831286,45.076885353773832,2119.8400000000001 7.127921339124441,45.076860962435603,2121.77 7.127873143181205,45.076828356832266,2123.6900000000001 7.127760155126452,45.076783346012235,2127.0500000000002 7.127671558409929,45.076729198917747,2129.46 7.127643898129463,45.076711513102055,2130.4200000000001 7.127602659165859,45.076706819236279,2131.3800000000001 7.127582458779216,45.076718972995877,2131.8600000000001 7.127505177631974,45.076712435111403,2135.23 7.127488916739821,45.076751662418246,2136.6700000000001 7.127467207610607,45.076792147010565,2137.1500000000001 7.127441056072712,45.076814778149128,2137.6300000000001 7.127397386357188,45.076801283285022,2138.1100000000001 7.127255564555526,45.076818130910397,2140.0300000000002 7.1271878387779,45.076822992414236,2141.9499999999998 7.12710477411747,45.076791308820248,2144.3600000000001 7.127014584839344,45.076774628832936,2146.2800000000002 7.126910062506795,45.076803965494037,2148.6799999999998 7.126810234040022,45.076794242486358,2152.0500000000002 7.126724654808641,45.07679239846766,2153.0100000000002 7.126604458317161,45.076764151453972,2154.9299999999998 7.126501780003309,45.076754344627261,2158.3000000000002 7.126401280984283,45.076742190867662,2160.6999999999998 7.126323161646724,45.076731294393539,2162.1399999999999 7.126301117241383,45.076737999916077,2164.5500000000002 7.12629659101367,45.076730707660317,2165.0300000000002 7.126320395618677,45.076783429831266,2165.0300000000002 7.126276306807995,45.076768761500716,2165.5100000000002 7.126300530508161,45.076787453144789,2165.5100000000002 7.126282509416342,45.076785357668996,2165.5100000000002 7.126273373141885,45.076802875846624,2165.5100000000002 7.126230709254742,45.076906559988856,2167.4299999999998 7.126220650970936,45.076928017660975,2168.3899999999999 7.126216795295477,45.07702399045229,2169.8299999999999 7.126186955720186,45.077088698744774,2168.3899999999999 7.126142866909504,45.077163800597191,2169.8299999999999 7.12613632902503,45.077172350138426,2169.8299999999999 7.126064915210009,45.077236136421561,2171.27 7.125976150855422,45.077376281842589,2173.6799999999998 7.125922841951251,45.07747451774776,2175.1199999999999 7.125939019024372,45.077529838308692,2176.5599999999999 7.125919573009014,45.077553056180477,2176.5599999999999 7.12589836679399,45.077612148597836,2177.04 7.125895014032722,45.077755898237228,2180.4099999999999 7.125869197770953,45.077801495790482,2182.3299999999999 7.125863246619701,45.077810380607843,2182.8099999999999 7.125851260498166,45.07783611305058,2183.29 7.125835586339235,45.077848266810179,2183.77 7.12573223747313,45.07790207862854,2187.6199999999999 7.125721592456102,45.077910460531712,2187.6199999999999 7.125670630484819,45.077933007851243,2189.54 7.125716144219041,45.077902916818857,2188.5799999999999 7.125712456181645,45.077902832999825,2188.5799999999999 7.125667864456773,45.077945748344064,2190.02 7.125720251351595,45.077878022566438,2189.0599999999999 7.125745983794332,45.077860588207841,2187.6199999999999 7.125756544992328,45.077872825786471,2187.1399999999999 7.125768531113863,45.077833933755755,2186.6599999999999 7.125722346827388,45.077888248488307,2187.6199999999999 7.125711534172297,45.07789134979248,2187.6199999999999 7.125666607171297,45.077919261530042,2189.54 7.125678593292832,45.077904006466269,2190.02 7.125663589686155,45.07790987379849,2190.5 7.125658560544252,45.077927391976118,2190.5 7.125679682940245,45.077908700332046,2190.98 7.125672977417707,45.077923620119691,2190.98 7.125689825043082,45.077932169660926,2190.98 7.125873053446412,45.07803644053638,2191.46 7.126048905774951,45.078125037252903,2191.46 7.126191817224026,45.078216316178441,2191.9400000000001 7.126370687037706,45.07831740193069,2191.9400000000001 7.12639088742435,45.078330729156733,2191.9400000000001 7.126541845500469,45.078414883464575,2191.9400000000001 7.126595238223672,45.078454948961735,2190.5 7.126766564324498,45.078539187088609,2189.0599999999999 7.12692984379828,45.078621413558722,2187.6199999999999 7.127025062218308,45.078686038032174,2186.6599999999999 7.127029420807958,45.078672459349036,2186.6599999999999 7.127003856003285,45.078685702756047,2186.6599999999999 7.126994635909796,45.078679416328669,2187.1399999999999 7.127001760527492,45.078687965869904,2185.6900000000001 7.127003772184253,45.078691737726331,2189.0599999999999 7.127004023641348,45.078697185963392,2189.0599999999999 7.127016009762883,45.078715039417148,2187.6199999999999 7.127111228182912,45.078761978074908,2187.6199999999999 7.127267131581903,45.078864572569728,2187.6199999999999 7.127449354156852,45.078970184549689,2186.6599999999999 7.127454718574882,45.07898879237473,2186.6599999999999 7.127539962530136,45.079042352735996,2186.6599999999999 7.127570221200585,45.079102367162704,2186.6599999999999 7.12756309658289,45.079100355505943,2186.6599999999999 7.12756167165935,45.079110329970717,2186.6599999999999 7.127642054110766,45.079142516478896,2186.6599999999999 7.127547841519117,45.079062469303608,2186.6599999999999 7.12751473300159,45.079026175662875,2186.6599999999999 7.127411803230643,45.078992564231157,2188.0999999999999 7.127363942563534,45.079033803194761,2190.98 7.127316081896424,45.079067749902606,2193.3899999999999 7.127267718315125,45.079097673296928,2195.3099999999999 7.127261850982904,45.079101445153356,2195.3099999999999 7.127249026671052,45.079182246699929,2197.71 7.12722304277122,45.079299341887236,2199.6300000000001 7.127218265086412,45.079307472333312,2200.1100000000001 7.127246679738164,45.079341419041157,2200.5900000000001 7.127258162945509,45.079362457618117,2199.1500000000001 7.127279369160533,45.079435715451837,2198.6700000000001 7.12723427452147,45.079477541148663,2198.1900000000001 7.127176690846682,45.079535963013768,2198.1900000000001 7.127131344750524,45.079579213634133,2199.1500000000001 7.127120113000274,45.07959421724081,2199.1500000000001 7.1270911116153,45.07959907874465,2197.71 7.127126986160874,45.079608969390392,2197.23 7.127110222354531,45.079570831730962,2197.23 7.127125980332494,45.079574352130294,2197.23 7.127145091071725,45.079591954126954,2197.23 7.12712874636054,45.079546272754669,2196.75 7.127139559015632,45.079543339088559,2198.6700000000001 7.127163531258702,45.079562114551663,2198.6700000000001 7.127173086628318,45.079562617465854,2197.23 7.127130506560206,45.079582650214434,2197.23 7.127116173505783,45.079563204199076,2196.75 7.127122124657035,45.079558929428458,2196.75 7.127175265923142,45.079513164237142,2197.71 7.127201668918133,45.079483408480883,2198.1900000000001 7.127161016687751,45.079514253884554,2198.6700000000001 7.127137882634997,45.079580219462514,2199.1500000000001 7.127153472974896,45.079556163400412,2199.1500000000001 7.127151461318135,45.079574687406421,2199.1500000000001 7.127146515995264,45.079584661871195,2199.1500000000001 7.12716587819159,45.079573094844818,2199.1500000000001 7.127164620906115,45.079567730426788,2197.71 7.127163866534829,45.079562868922949,2199.1500000000001 7.1271653752774,45.079550463706255,2198.6700000000001 7.127178786322475,45.079533699899912,2198.6700000000001 7.127264197915793,45.079471589997411,2199.6300000000001 7.127293534576893,45.079423310235143,2198.1900000000001 </coordinates></LineString></MultiGeometry></Placemark></Folder></Folder></Document></kml>