<?xml version="1.0" encoding="utf-8"?><kml xmlns="http://www.opengis.net/kml/2.2" xmlns:xsi="http://www.w3.org/2001/XMLSchema-instance" xmlns:kmlx="http://www.google.com/kml/ext/2.2" xmlns:atom="http://www.w3.org/2005/Atom" xmlns:gpxx="http://www.garmin.com/xmlschemas/GpxExtensions/v3"><Document><Style id="point"><IconStyle><scale>0.9</scale><Icon><href>http://maps.google.com/mapfiles/kml/shapes/placemark_circle.png</href></Icon></IconStyle></Style><Folder><name>Tracce</name><Folder><name>Traversata Rivotti_Ceresole</name><Folder><name>Punti</name><Style><ListStyle><listItemType>checkHideChildren</listItemType></ListStyle></Style><Placemark><TimeSpan><begin>2019-09-28T06:10:42Z</begin><end>2019-09-28T06:10:42Z</end></TimeSpan><Style><IconStyle><scale>0.9</scale><Icon><href>http://connect.garmin.com/image/main/icons/kml/grn-play.png</href></Icon></IconStyle></Style><Point><altitudeMode>clampToGround</altitudeMode><coordinates>7.273682886734605,45.377181870862842,1475.28</coordinates></Point></Placemark><Placemark><TimeSpan><begin>2019-09-28T06:10:42Z</begin><end>2019-09-28T06:10:55Z</end></TimeSpan><styleUrl>#point</styleUrl><Point><altitudeMode>clampToGround</altitudeMode><coordinates>7.273830240592361,45.377356885001063,1478.6500000000001</coordinates></Point></Placemark><Placemark><TimeSpan><begin>2019-09-28T06:10:55Z</begin><end>2019-09-28T06:10:58Z</end></TimeSpan><styleUrl>#point</styleUrl><Point><altitudeMode>clampToGround</altitudeMode><coordinates>7.273904168978334,45.377385215833783,1479.1300000000001</coordinates></Point></Placemark><Placemark><TimeSpan><begin>2019-09-28T06:10:58Z</begin><end>2019-09-28T06:11:16Z</end></TimeSpan><styleUrl>#point</styleUrl><Point><altitudeMode>clampToGround</altitudeMode><coordinates>7.274213125929236,45.37747205235064,1482.01</coordinates></Point></Placemark><Placemark><TimeSpan><begin>2019-09-28T06:11:16Z</begin><end>2019-09-28T06:11:17Z</end></TimeSpan><styleUrl>#point</styleUrl><Point><altitudeMode>clampToGround</altitudeMode><coordinates>7.274225698783994,45.377479763701558,1482.01</coordinates></Point></Placemark><Placemark><TimeSpan><begin>2019-09-28T06:11:17Z</begin><end>2019-09-28T06:11:25Z</end></TimeSpan><styleUrl>#point</styleUrl><Point><altitudeMode>clampToGround</altitudeMode><coordinates>7.274262914434075,45.377573808655143,1482.97</coordinates></Point></Placemark><Placemark><TimeSpan><begin>2019-09-28T06:11:25Z</begin><end>2019-09-28T06:11:30Z</end></TimeSpan><styleUrl>#point</styleUrl><Point><altitudeMode>clampToGround</altitudeMode><coordinates>7.274277834221721,45.37763424217701,1483.45</coordinates></Point></Placemark><Placemark><TimeSpan><begin>2019-09-28T06:11:30Z</begin><end>2019-09-28T06:11:33Z</end></TimeSpan><styleUrl>#point</styleUrl><Point><altitudeMode>clampToGround</altitudeMode><coordinates>7.274272385984659,45.377658046782017,1483.45</coordinates></Point></Placemark><Placemark><TimeSpan><begin>2019-09-28T06:11:33Z</begin><end>2019-09-28T06:11:38Z</end></TimeSpan><styleUrl>#point</styleUrl><Point><altitudeMode>clampToGround</altitudeMode><coordinates>7.274262579157949,45.377704817801714,1484.4100000000001</coordinates></Point></Placemark><Placemark><TimeSpan><begin>2019-09-28T06:11:38Z</begin><end>2019-09-28T06:11:52Z</end></TimeSpan><styleUrl>#point</styleUrl><Point><altitudeMode>clampToGround</altitudeMode><coordinates>7.274233410134912,45.377837000414729,1486.3399999999999</coordinates></Point></Placemark><Placemark><TimeSpan><begin>2019-09-28T06:11:52Z</begin><end>2019-09-28T06:12:09Z</end></TimeSpan><styleUrl>#point</styleUrl><Point><altitudeMode>clampToGround</altitudeMode><coordinates>7.274273307994008,45.378048894926906,1489.22</coordinates></Point></Placemark><Placemark><TimeSpan><begin>2019-09-28T06:12:09Z</begin><end>2019-09-28T06:12:11Z</end></TimeSpan><styleUrl>#point</styleUrl><Point><altitudeMode>clampToGround</altitudeMode><coordinates>7.274284455925226,45.378066496923566,1489.7</coordinates></Point></Placemark><Placemark><TimeSpan><begin>2019-09-28T06:12:11Z</begin><end>2019-09-28T06:12:13Z</end></TimeSpan><styleUrl>#point</styleUrl><Point><altitudeMode>clampToGround</altitudeMode><coordinates>7.274297447875142,45.378099521622062,1489.7</coordinates></Point></Placemark><Placemark><TimeSpan><begin>2019-09-28T06:12:13Z</begin><end>2019-09-28T06:12:30Z</end></TimeSpan><styleUrl>#point</styleUrl><Point><altitudeMode>clampToGround</altitudeMode><coordinates>7.274552760645747,45.378274116665125,1493.0599999999999</coordinates></Point></Placemark><Placemark><TimeSpan><begin>2019-09-28T06:12:30Z</begin><end>2019-09-28T06:12:31Z</end></TimeSpan><styleUrl>#point</styleUrl><Point><altitudeMode>clampToGround</altitudeMode><coordinates>7.27456952445209,45.378282498568296,1493.0599999999999</coordinates></Point></Placemark><Placemark><TimeSpan><begin>2019-09-28T06:12:31Z</begin><end>2019-09-28T06:12:40Z</end></TimeSpan><styleUrl>#point</styleUrl><Point><altitudeMode>clampToGround</altitudeMode><coordinates>7.274693828076124,45.378313595429063,1494.51</coordinates></Point></Placemark><Placemark><TimeSpan><begin>2019-09-28T06:12:40Z</begin><end>2019-09-28T06:12:54Z</end></TimeSpan><styleUrl>#point</styleUrl><Point><altitudeMode>clampToGround</altitudeMode><coordinates>7.274492913857102,45.37837796844542,1496.4300000000001</coordinates></Point></Placemark><Placemark><TimeSpan><begin>2019-09-28T06:12:54Z</begin><end>2019-09-28T06:13:07Z</end></TimeSpan><styleUrl>#point</styleUrl><Point><altitudeMode>clampToGround</altitudeMode><coordinates>7.274538595229387,45.378390289843082,1497.3900000000001</coordinates></Point></Placemark><Placemark><TimeSpan><begin>2019-09-28T06:13:07Z</begin><end>2019-09-28T06:13:33Z</end></TimeSpan><styleUrl>#point</styleUrl><Point><altitudeMode>clampToGround</altitudeMode><coordinates>7.274537086486816,45.378403449431062,1497.3900000000001</coordinates></Point></Placemark><Placemark><TimeSpan><begin>2019-09-28T06:13:33Z</begin><end>2019-09-28T06:13:46Z</end></TimeSpan><styleUrl>#point</styleUrl><Point><altitudeMode>clampToGround</altitudeMode><coordinates>7.274510432034731,45.378375537693501,1497.3900000000001</coordinates></Point></Placemark><Placemark><TimeSpan><begin>2019-09-28T06:13:46Z</begin><end>2019-09-28T06:13:55Z</end></TimeSpan><styleUrl>#point</styleUrl><Point><altitudeMode>clampToGround</altitudeMode><coordinates>7.274654265493155,45.378373693674803,1497.8699999999999</coordinates></Point></Placemark><Placemark><TimeSpan><begin>2019-09-28T06:13:55Z</begin><end>2019-09-28T06:14:12Z</end></TimeSpan><styleUrl>#point</styleUrl><Point><altitudeMode>clampToGround</altitudeMode><coordinates>7.274863561615348,45.378410909324884,1500.27</coordinates></Point></Placemark><Placemark><TimeSpan><begin>2019-09-28T06:14:12Z</begin><end>2019-09-28T06:14:23Z</end></TimeSpan><styleUrl>#point</styleUrl><Point><altitudeMode>clampToGround</altitudeMode><coordinates>7.274845289066434,45.378465475514531,1503.6400000000001</coordinates></Point></Placemark><Placemark><TimeSpan><begin>2019-09-28T06:14:23Z</begin><end>2019-09-28T06:14:28Z</end></TimeSpan><styleUrl>#point</styleUrl><Point><altitudeMode>clampToGround</altitudeMode><coordinates>7.274882504716516,45.378485424444079,1504.5999999999999</coordinates></Point></Placemark><Placemark><TimeSpan><begin>2019-09-28T06:14:28Z</begin><end>2019-09-28T06:14:42Z</end></TimeSpan><styleUrl>#point</styleUrl><Point><altitudeMode>clampToGround</altitudeMode><coordinates>7.275028852745891,45.378471342846751,1506.52</coordinates></Point></Placemark><Placemark><TimeSpan><begin>2019-09-28T06:14:42Z</begin><end>2019-09-28T06:15:09Z</end></TimeSpan><styleUrl>#point</styleUrl><Point><altitudeMode>clampToGround</altitudeMode><coordinates>7.275069169700146,45.378475030884147,1506.52</coordinates></Point></Placemark><Placemark><TimeSpan><begin>2019-09-28T06:15:09Z</begin><end>2019-09-28T06:15:27Z</end></TimeSpan><styleUrl>#point</styleUrl><Point><altitudeMode>clampToGround</altitudeMode><coordinates>7.275074953213334,45.378508223220706,1508.9300000000001</coordinates></Point></Placemark><Placemark><TimeSpan><begin>2019-09-28T06:15:27Z</begin><end>2019-09-28T06:15:41Z</end></TimeSpan><styleUrl>#point</styleUrl><Point><altitudeMode>clampToGround</altitudeMode><coordinates>7.2751544136554,45.378561448305845,1512.29</coordinates></Point></Placemark><Placemark><TimeSpan><begin>2019-09-28T06:15:41Z</begin><end>2019-09-28T06:15:54Z</end></TimeSpan><styleUrl>#point</styleUrl><Point><altitudeMode>clampToGround</altitudeMode><coordinates>7.275315765291452,45.378622720018029,1514.6900000000001</coordinates></Point></Placemark><Placemark><TimeSpan><begin>2019-09-28T06:15:54Z</begin><end>2019-09-28T06:16:06Z</end></TimeSpan><styleUrl>#point</styleUrl><Point><altitudeMode>clampToGround</altitudeMode><coordinates>7.275441074743867,45.378675693646073,1517.0999999999999</coordinates></Point></Placemark><Placemark><TimeSpan><begin>2019-09-28T06:16:06Z</begin><end>2019-09-28T06:16:14Z</end></TimeSpan><styleUrl>#point</styleUrl><Point><altitudeMode>clampToGround</altitudeMode><coordinates>7.275528162717819,45.378707041963935,1519.02</coordinates></Point></Placemark><Placemark><TimeSpan><begin>2019-09-28T06:16:14Z</begin><end>2019-09-28T06:16:30Z</end></TimeSpan><styleUrl>#point</styleUrl><Point><altitudeMode>clampToGround</altitudeMode><coordinates>7.275678534060717,45.378727577626705,1521.4200000000001</coordinates></Point></Placemark><Placemark><TimeSpan><begin>2019-09-28T06:16:30Z</begin><end>2019-09-28T06:16:42Z</end></TimeSpan><styleUrl>#point</styleUrl><Point><altitudeMode>clampToGround</altitudeMode><coordinates>7.27574760094285,45.378761356696486,1522.3900000000001</coordinates></Point></Placemark><Placemark><TimeSpan><begin>2019-09-28T06:16:42Z</begin><end>2019-09-28T06:16:55Z</end></TimeSpan><styleUrl>#point</styleUrl><Point><altitudeMode>clampToGround</altitudeMode><coordinates>7.275893781334162,45.378811229020357,1526.23</coordinates></Point></Placemark><Placemark><TimeSpan><begin>2019-09-28T06:16:55Z</begin><end>2019-09-28T06:17:12Z</end></TimeSpan><styleUrl>#point</styleUrl><Point><altitudeMode>clampToGround</altitudeMode><coordinates>7.276037866249681,45.378817683085799,1529.5899999999999</coordinates></Point></Placemark><Placemark><TimeSpan><begin>2019-09-28T06:17:12Z</begin><end>2019-09-28T06:17:30Z</end></TimeSpan><styleUrl>#point</styleUrl><Point><altitudeMode>clampToGround</altitudeMode><coordinates>7.276106681674719,45.378860263153911,1532.48</coordinates></Point></Placemark><Placemark><TimeSpan><begin>2019-09-28T06:17:30Z</begin><end>2019-09-28T06:17:45Z</end></TimeSpan><styleUrl>#point</styleUrl><Point><altitudeMode>clampToGround</altitudeMode><coordinates>7.276175078004599,45.378929749131203,1535.3599999999999</coordinates></Point></Placemark><Placemark><TimeSpan><begin>2019-09-28T06:17:45Z</begin><end>2019-09-28T06:17:58Z</end></TimeSpan><styleUrl>#point</styleUrl><Point><altitudeMode>clampToGround</altitudeMode><coordinates>7.276267278939486,45.37896528840065,1537.77</coordinates></Point></Placemark><Placemark><TimeSpan><begin>2019-09-28T06:17:58Z</begin><end>2019-09-28T06:18:12Z</end></TimeSpan><styleUrl>#point</styleUrl><Point><altitudeMode>clampToGround</altitudeMode><coordinates>7.276248335838318,45.379020692780614,1540.1700000000001</coordinates></Point></Placemark><Placemark><TimeSpan><begin>2019-09-28T06:18:12Z</begin><end>2019-09-28T06:18:26Z</end></TimeSpan><styleUrl>#point</styleUrl><Point><altitudeMode>clampToGround</altitudeMode><coordinates>7.276234673336148,45.37905371747911,1542.5699999999999</coordinates></Point></Placemark><Placemark><TimeSpan><begin>2019-09-28T06:18:26Z</begin><end>2019-09-28T06:18:42Z</end></TimeSpan><styleUrl>#point</styleUrl><Point><altitudeMode>clampToGround</altitudeMode><coordinates>7.276247665286064,45.379120772704482,1545.46</coordinates></Point></Placemark><Placemark><TimeSpan><begin>2019-09-28T06:18:42Z</begin><end>2019-09-28T06:18:58Z</end></TimeSpan><styleUrl>#point</styleUrl><Point><altitudeMode>clampToGround</altitudeMode><coordinates>7.276332406327128,45.379187576472759,1548.3399999999999</coordinates></Point></Placemark><Placemark><TimeSpan><begin>2019-09-28T06:18:58Z</begin><end>2019-09-28T06:19:13Z</end></TimeSpan><styleUrl>#point</styleUrl><Point><altitudeMode>clampToGround</altitudeMode><coordinates>7.276509264484048,45.379256308078766,1551.22</coordinates></Point></Placemark><Placemark><TimeSpan><begin>2019-09-28T06:19:13Z</begin><end>2019-09-28T06:19:28Z</end></TimeSpan><styleUrl>#point</styleUrl><Point><altitudeMode>clampToGround</altitudeMode><coordinates>7.276666257530451,45.37934884428978,1553.6300000000001</coordinates></Point></Placemark><Placemark><TimeSpan><begin>2019-09-28T06:19:28Z</begin><end>2019-09-28T06:19:30Z</end></TimeSpan><styleUrl>#point</styleUrl><Point><altitudeMode>clampToGround</altitudeMode><coordinates>7.276660138741136,45.379366362467408,1554.5899999999999</coordinates></Point></Placemark><Placemark><TimeSpan><begin>2019-09-28T06:19:30Z</begin><end>2019-09-28T06:19:32Z</end></TimeSpan><styleUrl>#point</styleUrl><Point><altitudeMode>clampToGround</altitudeMode><coordinates>7.27664764970541,45.379382707178593,1554.5899999999999</coordinates></Point></Placemark><Placemark><TimeSpan><begin>2019-09-28T06:19:32Z</begin><end>2019-09-28T06:19:46Z</end></TimeSpan><styleUrl>#point</styleUrl><Point><altitudeMode>clampToGround</altitudeMode><coordinates>7.276612194254994,45.379382036626339,1555.0699999999999</coordinates></Point></Placemark><Placemark><TimeSpan><begin>2019-09-28T06:19:46Z</begin><end>2019-09-28T06:20:07Z</end></TimeSpan><styleUrl>#point</styleUrl><Point><altitudeMode>clampToGround</altitudeMode><coordinates>7.276626443490386,45.379396704956889,1555.0699999999999</coordinates></Point></Placemark><Placemark><TimeSpan><begin>2019-09-28T06:20:07Z</begin><end>2019-09-28T06:20:19Z</end></TimeSpan><styleUrl>#point</styleUrl><Point><altitudeMode>clampToGround</altitudeMode><coordinates>7.276646727696061,45.379411457106471,1555.0699999999999</coordinates></Point></Placemark><Placemark><TimeSpan><begin>2019-09-28T06:20:19Z</begin><end>2019-09-28T06:20:39Z</end></TimeSpan><styleUrl>#point</styleUrl><Point><altitudeMode>clampToGround</altitudeMode><coordinates>7.276697605848312,45.379432579502463,1555.0699999999999</coordinates></Point></Placemark><Placemark><TimeSpan><begin>2019-09-28T06:20:39Z</begin><end>2019-09-28T06:20:56Z</end></TimeSpan><styleUrl>#point</styleUrl><Point><altitudeMode>clampToGround</altitudeMode><coordinates>7.276709089055657,45.379367284476757,1555.55</coordinates></Point></Placemark><Placemark><TimeSpan><begin>2019-09-28T06:20:56Z</begin><end>2019-09-28T06:21:10Z</end></TimeSpan><styleUrl>#point</styleUrl><Point><altitudeMode>clampToGround</altitudeMode><coordinates>7.276603560894728,45.379293775185943,1557.95</coordinates></Point></Placemark><Placemark><TimeSpan><begin>2019-09-28T06:21:10Z</begin><end>2019-09-28T06:21:23Z</end></TimeSpan><styleUrl>#point</styleUrl><Point><altitudeMode>clampToGround</altitudeMode><coordinates>7.276496104896069,45.379342054948211,1560.8399999999999</coordinates></Point></Placemark><Placemark><TimeSpan><begin>2019-09-28T06:21:23Z</begin><end>2019-09-28T06:21:38Z</end></TimeSpan><styleUrl>#point</styleUrl><Point><altitudeMode>clampToGround</altitudeMode><coordinates>7.276426367461681,45.379317663609982,1563.72</coordinates></Point></Placemark><Placemark><TimeSpan><begin>2019-09-28T06:21:38Z</begin><end>2019-09-28T06:21:54Z</end></TimeSpan><styleUrl>#point</styleUrl><Point><altitudeMode>clampToGround</altitudeMode><coordinates>7.276334250345826,45.379348173737526,1566.6099999999999</coordinates></Point></Placemark><Placemark><TimeSpan><begin>2019-09-28T06:21:54Z</begin><end>2019-09-28T06:22:11Z</end></TimeSpan><styleUrl>#point</styleUrl><Point><altitudeMode>clampToGround</altitudeMode><coordinates>7.276186561211944,45.379355633631349,1569.97</coordinates></Point></Placemark><Placemark><TimeSpan><begin>2019-09-28T06:22:11Z</begin><end>2019-09-28T06:22:29Z</end></TimeSpan><styleUrl>#point</styleUrl><Point><altitudeMode>clampToGround</altitudeMode><coordinates>7.276099137961865,45.379404416307807,1572.3699999999999</coordinates></Point></Placemark><Placemark><TimeSpan><begin>2019-09-28T06:22:29Z</begin><end>2019-09-28T06:22:45Z</end></TimeSpan><styleUrl>#point</styleUrl><Point><altitudeMode>clampToGround</altitudeMode><coordinates>7.275987910106778,45.379408691078424,1574.78</coordinates></Point></Placemark><Placemark><TimeSpan><begin>2019-09-28T06:22:45Z</begin><end>2019-09-28T06:22:59Z</end></TimeSpan><styleUrl>#point</styleUrl><Point><altitudeMode>clampToGround</altitudeMode><coordinates>7.275849608704448,45.379459988325834,1576.7</coordinates></Point></Placemark><Placemark><TimeSpan><begin>2019-09-28T06:22:59Z</begin><end>2019-09-28T06:23:15Z</end></TimeSpan><styleUrl>#point</styleUrl><Point><altitudeMode>clampToGround</altitudeMode><coordinates>7.275745086371899,45.379535593092442,1578.6199999999999</coordinates></Point></Placemark><Placemark><TimeSpan><begin>2019-09-28T06:23:15Z</begin><end>2019-09-28T06:23:31Z</end></TimeSpan><styleUrl>#point</styleUrl><Point><altitudeMode>clampToGround</altitudeMode><coordinates>7.275691023096442,45.37962494418025,1581.03</coordinates></Point></Placemark><Placemark><TimeSpan><begin>2019-09-28T06:23:31Z</begin><end>2019-09-28T06:23:48Z</end></TimeSpan><styleUrl>#point</styleUrl><Point><altitudeMode>clampToGround</altitudeMode><coordinates>7.275623632594943,45.379726365208626,1583.4300000000001</coordinates></Point></Placemark><Placemark><TimeSpan><begin>2019-09-28T06:23:48Z</begin><end>2019-09-28T06:24:03Z</end></TimeSpan><styleUrl>#point</styleUrl><Point><altitudeMode>clampToGround</altitudeMode><coordinates>7.275540316477418,45.379777997732162,1585.3499999999999</coordinates></Point></Placemark><Placemark><TimeSpan><begin>2019-09-28T06:24:03Z</begin><end>2019-09-28T06:24:20Z</end></TimeSpan><styleUrl>#point</styleUrl><Point><altitudeMode>clampToGround</altitudeMode><coordinates>7.275443421676755,45.379875646904111,1587.75</coordinates></Point></Placemark><Placemark><TimeSpan><begin>2019-09-28T06:24:20Z</begin><end>2019-09-28T06:24:34Z</end></TimeSpan><styleUrl>#point</styleUrl><Point><altitudeMode>clampToGround</altitudeMode><coordinates>7.27536303922534,45.379930967465043,1590.1600000000001</coordinates></Point></Placemark><Placemark><TimeSpan><begin>2019-09-28T06:24:34Z</begin><end>2019-09-28T06:24:48Z</end></TimeSpan><styleUrl>#point</styleUrl><Point><altitudeMode>clampToGround</altitudeMode><coordinates>7.275328589603305,45.380031047388911,1591.5999999999999</coordinates></Point></Placemark><Placemark><TimeSpan><begin>2019-09-28T06:24:48Z</begin><end>2019-09-28T06:25:04Z</end></TimeSpan><styleUrl>#point</styleUrl><Point><altitudeMode>clampToGround</altitudeMode><coordinates>7.275214679539204,45.380110340192914,1594</coordinates></Point></Placemark><Placemark><TimeSpan><begin>2019-09-28T06:25:04Z</begin><end>2019-09-28T06:25:18Z</end></TimeSpan><styleUrl>#point</styleUrl><Point><altitudeMode>clampToGround</altitudeMode><coordinates>7.275146618485451,45.380192315205932,1595.45</coordinates></Point></Placemark><Placemark><TimeSpan><begin>2019-09-28T06:25:18Z</begin><end>2019-09-28T06:25:33Z</end></TimeSpan><styleUrl>#point</styleUrl><Point><altitudeMode>clampToGround</altitudeMode><coordinates>7.27501661516726,45.380259454250336,1597.3699999999999</coordinates></Point></Placemark><Placemark><TimeSpan><begin>2019-09-28T06:25:33Z</begin><end>2019-09-28T06:25:48Z</end></TimeSpan><styleUrl>#point</styleUrl><Point><altitudeMode>clampToGround</altitudeMode><coordinates>7.274934388697147,45.380363641306758,1599.29</coordinates></Point></Placemark><Placemark><TimeSpan><begin>2019-09-28T06:25:48Z</begin><end>2019-09-28T06:26:04Z</end></TimeSpan><styleUrl>#point</styleUrl><Point><altitudeMode>clampToGround</altitudeMode><coordinates>7.274889964610338,45.380503116175532,1601.21</coordinates></Point></Placemark><Placemark><TimeSpan><begin>2019-09-28T06:26:04Z</begin><end>2019-09-28T06:26:17Z</end></TimeSpan><styleUrl>#point</styleUrl><Point><altitudeMode>clampToGround</altitudeMode><coordinates>7.274791980162263,45.380483334884048,1603.1400000000001</coordinates></Point></Placemark><Placemark><TimeSpan><begin>2019-09-28T06:26:17Z</begin><end>2019-09-28T06:26:31Z</end></TimeSpan><styleUrl>#point</styleUrl><Point><altitudeMode>clampToGround</altitudeMode><coordinates>7.274730205535889,45.380556173622608,1604.5799999999999</coordinates></Point></Placemark><Placemark><TimeSpan><begin>2019-09-28T06:26:31Z</begin><end>2019-09-28T06:26:43Z</end></TimeSpan><styleUrl>#point</styleUrl><Point><altitudeMode>clampToGround</altitudeMode><coordinates>7.27463255636394,45.380537817254663,1606.5</coordinates></Point></Placemark><Placemark><TimeSpan><begin>2019-09-28T06:26:43Z</begin><end>2019-09-28T06:26:57Z</end></TimeSpan><styleUrl>#point</styleUrl><Point><altitudeMode>clampToGround</altitudeMode><coordinates>7.274531638249755,45.380468918010592,1608.4200000000001</coordinates></Point></Placemark><Placemark><TimeSpan><begin>2019-09-28T06:26:57Z</begin><end>2019-09-28T06:27:13Z</end></TimeSpan><styleUrl>#point</styleUrl><Point><altitudeMode>clampToGround</altitudeMode><coordinates>7.274405742064118,45.380439748987556,1610.8299999999999</coordinates></Point></Placemark><Placemark><TimeSpan><begin>2019-09-28T06:27:13Z</begin><end>2019-09-28T06:27:27Z</end></TimeSpan><styleUrl>#point</styleUrl><Point><altitudeMode>clampToGround</altitudeMode><coordinates>7.274292418733239,45.380409490317106,1612.75</coordinates></Point></Placemark><Placemark><TimeSpan><begin>2019-09-28T06:27:27Z</begin><end>2019-09-28T06:27:40Z</end></TimeSpan><styleUrl>#point</styleUrl><Point><altitudeMode>clampToGround</altitudeMode><coordinates>7.27421136572957,45.380352744832635,1615.1500000000001</coordinates></Point></Placemark><Placemark><TimeSpan><begin>2019-09-28T06:27:40Z</begin><end>2019-09-28T06:27:56Z</end></TimeSpan><styleUrl>#point</styleUrl><Point><altitudeMode>clampToGround</altitudeMode><coordinates>7.274080021306872,45.380292059853673,1617.0699999999999</coordinates></Point></Placemark><Placemark><TimeSpan><begin>2019-09-28T06:27:56Z</begin><end>2019-09-28T06:28:10Z</end></TimeSpan><styleUrl>#point</styleUrl><Point><altitudeMode>clampToGround</altitudeMode><coordinates>7.273969799280167,45.380255179479718,1619</coordinates></Point></Placemark><Placemark><TimeSpan><begin>2019-09-28T06:28:10Z</begin><end>2019-09-28T06:28:24Z</end></TimeSpan><styleUrl>#point</styleUrl><Point><altitudeMode>clampToGround</altitudeMode><coordinates>7.273871060460806,45.380245288833976,1621.4000000000001</coordinates></Point></Placemark><Placemark><TimeSpan><begin>2019-09-28T06:28:24Z</begin><end>2019-09-28T06:28:37Z</end></TimeSpan><styleUrl>#point</styleUrl><Point><altitudeMode>clampToGround</altitudeMode><coordinates>7.273796377703548,45.380213689059019,1623.3199999999999</coordinates></Point></Placemark><Placemark><TimeSpan><begin>2019-09-28T06:28:37Z</begin><end>2019-09-28T06:28:50Z</end></TimeSpan><styleUrl>#point</styleUrl><Point><altitudeMode>clampToGround</altitudeMode><coordinates>7.273692525923252,45.380188962444663,1624.77</coordinates></Point></Placemark><Placemark><TimeSpan><begin>2019-09-28T06:28:50Z</begin><end>2019-09-28T06:29:04Z</end></TimeSpan><styleUrl>#point</styleUrl><Point><altitudeMode>clampToGround</altitudeMode><coordinates>7.273599235340953,45.380211258307099,1627.1700000000001</coordinates></Point></Placemark><Placemark><TimeSpan><begin>2019-09-28T06:29:04Z</begin><end>2019-09-28T06:29:19Z</end></TimeSpan><styleUrl>#point</styleUrl><Point><altitudeMode>clampToGround</altitudeMode><coordinates>7.273493874818087,45.380209079012275,1629.0899999999999</coordinates></Point></Placemark><Placemark><TimeSpan><begin>2019-09-28T06:29:19Z</begin><end>2019-09-28T06:29:34Z</end></TimeSpan><styleUrl>#point</styleUrl><Point><altitudeMode>clampToGround</altitudeMode><coordinates>7.273369403555989,45.380195751786232,1631.49</coordinates></Point></Placemark><Placemark><TimeSpan><begin>2019-09-28T06:29:34Z</begin><end>2019-09-28T06:29:48Z</end></TimeSpan><styleUrl>#point</styleUrl><Point><altitudeMode>clampToGround</altitudeMode><coordinates>7.273281309753656,45.380197511985898,1633.9000000000001</coordinates></Point></Placemark><Placemark><TimeSpan><begin>2019-09-28T06:29:48Z</begin><end>2019-09-28T06:30:04Z</end></TimeSpan><styleUrl>#point</styleUrl><Point><altitudeMode>clampToGround</altitudeMode><coordinates>7.273191958665848,45.380173204466701,1636.3</coordinates></Point></Placemark><Placemark><TimeSpan><begin>2019-09-28T06:30:04Z</begin><end>2019-09-28T06:30:18Z</end></TimeSpan><styleUrl>#point</styleUrl><Point><altitudeMode>clampToGround</altitudeMode><coordinates>7.2731754463166,45.380181586369872,1637.26</coordinates></Point></Placemark><Placemark><TimeSpan><begin>2019-09-28T06:30:18Z</begin><end>2019-09-28T06:30:32Z</end></TimeSpan><styleUrl>#point</styleUrl><Point><altitudeMode>clampToGround</altitudeMode><coordinates>7.27317008189857,45.380208911374211,1637.26</coordinates></Point></Placemark><Placemark><TimeSpan><begin>2019-09-28T06:30:32Z</begin><end>2019-09-28T06:30:44Z</end></TimeSpan><styleUrl>#point</styleUrl><Point><altitudeMode>clampToGround</altitudeMode><coordinates>7.273146696388722,45.380204385146499,1637.26</coordinates></Point></Placemark><Placemark><TimeSpan><begin>2019-09-28T06:30:44Z</begin><end>2019-09-28T06:31:00Z</end></TimeSpan><styleUrl>#point</styleUrl><Point><altitudeMode>clampToGround</altitudeMode><coordinates>7.273177457973361,45.38020153529942,1637.26</coordinates></Point></Placemark><Placemark><TimeSpan><begin>2019-09-28T06:31:00Z</begin><end>2019-09-28T06:31:20Z</end></TimeSpan><styleUrl>#point</styleUrl><Point><altitudeMode>clampToGround</altitudeMode><coordinates>7.273185504600406,45.380195416510105,1637.26</coordinates></Point></Placemark><Placemark><TimeSpan><begin>2019-09-28T06:31:20Z</begin><end>2019-09-28T06:31:47Z</end></TimeSpan><styleUrl>#point</styleUrl><Point><altitudeMode>clampToGround</altitudeMode><coordinates>7.273149713873863,45.380180412903428,1637.74</coordinates></Point></Placemark><Placemark><TimeSpan><begin>2019-09-28T06:31:47Z</begin><end>2019-09-28T06:31:56Z</end></TimeSpan><styleUrl>#point</styleUrl><Point><altitudeMode>clampToGround</altitudeMode><coordinates>7.273114006966353,45.380197176709771,1638.22</coordinates></Point></Placemark><Placemark><TimeSpan><begin>2019-09-28T06:31:56Z</begin><end>2019-09-28T06:32:00Z</end></TimeSpan><styleUrl>#point</styleUrl><Point><altitudeMode>clampToGround</altitudeMode><coordinates>7.273087603971362,45.380188962444663,1639.1900000000001</coordinates></Point></Placemark><Placemark><TimeSpan><begin>2019-09-28T06:32:00Z</begin><end>2019-09-28T06:32:12Z</end></TimeSpan><styleUrl>#point</styleUrl><Point><altitudeMode>clampToGround</altitudeMode><coordinates>7.272970005869865,45.380120482295752,1641.5899999999999</coordinates></Point></Placemark><Placemark><TimeSpan><begin>2019-09-28T06:32:12Z</begin><end>2019-09-28T06:32:13Z</end></TimeSpan><styleUrl>#point</styleUrl><Point><altitudeMode>clampToGround</altitudeMode><coordinates>7.272959696128964,45.38011159747839,1642.0699999999999</coordinates></Point></Placemark><Placemark><TimeSpan><begin>2019-09-28T06:32:13Z</begin><end>2019-09-28T06:32:16Z</end></TimeSpan><styleUrl>#point</styleUrl><Point><altitudeMode>clampToGround</altitudeMode><coordinates>7.272925162687898,45.380091816186905,1642.55</coordinates></Point></Placemark><Placemark><TimeSpan><begin>2019-09-28T06:32:16Z</begin><end>2019-09-28T06:32:20Z</end></TimeSpan><styleUrl>#point</styleUrl><Point><altitudeMode>clampToGround</altitudeMode><coordinates>7.272874535992742,45.380086451768875,1643.99</coordinates></Point></Placemark><Placemark><TimeSpan><begin>2019-09-28T06:32:20Z</begin><end>2019-09-28T06:32:32Z</end></TimeSpan><styleUrl>#point</styleUrl><Point><altitudeMode>clampToGround</altitudeMode><coordinates>7.272876128554344,45.380217125639319,1647.3599999999999</coordinates></Point></Placemark><Placemark><TimeSpan><begin>2019-09-28T06:32:32Z</begin><end>2019-09-28T06:32:44Z</end></TimeSpan><styleUrl>#point</styleUrl><Point><altitudeMode>clampToGround</altitudeMode><coordinates>7.272875290364027,45.380320474505424,1648.8</coordinates></Point></Placemark><Placemark><TimeSpan><begin>2019-09-28T06:32:44Z</begin><end>2019-09-28T06:32:59Z</end></TimeSpan><styleUrl>#point</styleUrl><Point><altitudeMode>clampToGround</altitudeMode><coordinates>7.272828184068203,45.380370933562517,1650.72</coordinates></Point></Placemark><Placemark><TimeSpan><begin>2019-09-28T06:32:59Z</begin><end>2019-09-28T06:33:12Z</end></TimeSpan><styleUrl>#point</styleUrl><Point><altitudeMode>clampToGround</altitudeMode><coordinates>7.272781748324633,45.380438826978207,1654.0899999999999</coordinates></Point></Placemark><Placemark><TimeSpan><begin>2019-09-28T06:33:12Z</begin><end>2019-09-28T06:33:26Z</end></TimeSpan><styleUrl>#point</styleUrl><Point><altitudeMode>clampToGround</altitudeMode><coordinates>7.272772947326303,45.380537817254663,1655.53</coordinates></Point></Placemark><Placemark><TimeSpan><begin>2019-09-28T06:33:26Z</begin><end>2019-09-28T06:33:41Z</end></TimeSpan><styleUrl>#point</styleUrl><Point><altitudeMode>clampToGround</altitudeMode><coordinates>7.272726260125637,45.380625408142805,1657.45</coordinates></Point></Placemark><Placemark><TimeSpan><begin>2019-09-28T06:33:41Z</begin><end>2019-09-28T06:33:54Z</end></TimeSpan><styleUrl>#point</styleUrl><Point><altitudeMode>clampToGround</altitudeMode><coordinates>7.272681668400765,45.380714423954487,1658.8900000000001</coordinates></Point></Placemark><Placemark><TimeSpan><begin>2019-09-28T06:33:54Z</begin><end>2019-09-28T06:34:09Z</end></TimeSpan><styleUrl>#point</styleUrl><Point><altitudeMode>clampToGround</altitudeMode><coordinates>7.272606482729316,45.380762536078691,1660.8099999999999</coordinates></Point></Placemark><Placemark><TimeSpan><begin>2019-09-28T06:34:09Z</begin><end>2019-09-28T06:34:22Z</end></TimeSpan><styleUrl>#point</styleUrl><Point><altitudeMode>clampToGround</altitudeMode><coordinates>7.272487627342343,45.380827998742461,1662.74</coordinates></Point></Placemark><Placemark><TimeSpan><begin>2019-09-28T06:34:22Z</begin><end>2019-09-28T06:34:37Z</end></TimeSpan><styleUrl>#point</styleUrl><Point><altitudeMode>clampToGround</altitudeMode><coordinates>7.272337172180414,45.380886336788535,1664.1800000000001</coordinates></Point></Placemark><Placemark><TimeSpan><begin>2019-09-28T06:34:37Z</begin><end>2019-09-28T06:34:51Z</end></TimeSpan><styleUrl>#point</styleUrl><Point><altitudeMode>clampToGround</altitudeMode><coordinates>7.272228626534343,45.380977280437946,1665.6199999999999</coordinates></Point></Placemark><Placemark><TimeSpan><begin>2019-09-28T06:34:51Z</begin><end>2019-09-28T06:35:05Z</end></TimeSpan><styleUrl>#point</styleUrl><Point><altitudeMode>clampToGround</altitudeMode><coordinates>7.272120919078589,45.381032014265656,1667.0599999999999</coordinates></Point></Placemark><Placemark><TimeSpan><begin>2019-09-28T06:35:05Z</begin><end>2019-09-28T06:35:20Z</end></TimeSpan><styleUrl>#point</styleUrl><Point><altitudeMode>clampToGround</altitudeMode><coordinates>7.272003656253219,45.381093537434936,1668.99</coordinates></Point></Placemark><Placemark><TimeSpan><begin>2019-09-28T06:35:20Z</begin><end>2019-09-28T06:35:32Z</end></TimeSpan><styleUrl>#point</styleUrl><Point><altitudeMode>clampToGround</altitudeMode><coordinates>7.271910784766078,45.381134273484349,1670.9100000000001</coordinates></Point></Placemark><Placemark><TimeSpan><begin>2019-09-28T06:35:32Z</begin><end>2019-09-28T06:35:44Z</end></TimeSpan><styleUrl>#point</styleUrl><Point><altitudeMode>clampToGround</altitudeMode><coordinates>7.271855631843209,45.381200322881341,1672.3499999999999</coordinates></Point></Placemark><Placemark><TimeSpan><begin>2019-09-28T06:35:44Z</begin><end>2019-09-28T06:35:58Z</end></TimeSpan><styleUrl>#point</styleUrl><Point><altitudeMode>clampToGround</altitudeMode><coordinates>7.271776841953397,45.381282130256295,1674.75</coordinates></Point></Placemark><Placemark><TimeSpan><begin>2019-09-28T06:35:58Z</begin><end>2019-09-28T06:36:13Z</end></TimeSpan><styleUrl>#point</styleUrl><Point><altitudeMode>clampToGround</altitudeMode><coordinates>7.271680450066924,45.381355052813888,1677.6400000000001</coordinates></Point></Placemark><Placemark><TimeSpan><begin>2019-09-28T06:36:13Z</begin><end>2019-09-28T06:36:27Z</end></TimeSpan><styleUrl>#point</styleUrl><Point><altitudeMode>clampToGround</altitudeMode><coordinates>7.271641306579113,45.381362093612552,1679.5599999999999</coordinates></Point></Placemark><Placemark><TimeSpan><begin>2019-09-28T06:36:27Z</begin><end>2019-09-28T06:36:40Z</end></TimeSpan><styleUrl>#point</styleUrl><Point><altitudeMode>clampToGround</altitudeMode><coordinates>7.271719928830862,45.381276682019234,1680.04</coordinates></Point></Placemark><Placemark><TimeSpan><begin>2019-09-28T06:36:40Z</begin><end>2019-09-28T06:36:54Z</end></TimeSpan><styleUrl>#point</styleUrl><Point><altitudeMode>clampToGround</altitudeMode><coordinates>7.271643904969096,45.381197053939104,1682.4400000000001</coordinates></Point></Placemark><Placemark><TimeSpan><begin>2019-09-28T06:36:54Z</begin><end>2019-09-28T06:37:09Z</end></TimeSpan><styleUrl>#point</styleUrl><Point><altitudeMode>clampToGround</altitudeMode><coordinates>7.27157223969698,45.38109621964395,1684.3699999999999</coordinates></Point></Placemark><Placemark><TimeSpan><begin>2019-09-28T06:37:09Z</begin><end>2019-09-28T06:37:21Z</end></TimeSpan><styleUrl>#point</styleUrl><Point><altitudeMode>clampToGround</altitudeMode><coordinates>7.271551955491304,45.381034445017576,1686.77</coordinates></Point></Placemark><Placemark><TimeSpan><begin>2019-09-28T06:37:21Z</begin><end>2019-09-28T06:37:35Z</end></TimeSpan><styleUrl>#point</styleUrl><Point><altitudeMode>clampToGround</altitudeMode><coordinates>7.271549608558416,45.380952889099717,1688.6900000000001</coordinates></Point></Placemark><Placemark><TimeSpan><begin>2019-09-28T06:37:35Z</begin><end>2019-09-28T06:37:51Z</end></TimeSpan><styleUrl>#point</styleUrl><Point><altitudeMode>clampToGround</altitudeMode><coordinates>7.271491773426533,45.380893712863326,1690.6199999999999</coordinates></Point></Placemark><Placemark><TimeSpan><begin>2019-09-28T06:37:51Z</begin><end>2019-09-28T06:38:06Z</end></TimeSpan><styleUrl>#point</styleUrl><Point><altitudeMode>clampToGround</altitudeMode><coordinates>7.271427400410175,45.38081232458353,1693.02</coordinates></Point></Placemark><Placemark><TimeSpan><begin>2019-09-28T06:38:06Z</begin><end>2019-09-28T06:38:22Z</end></TimeSpan><styleUrl>#point</styleUrl><Point><altitudeMode>clampToGround</altitudeMode><coordinates>7.271360429003835,45.380744095891714,1695.4200000000001</coordinates></Point></Placemark><Placemark><TimeSpan><begin>2019-09-28T06:38:22Z</begin><end>2019-09-28T06:38:38Z</end></TimeSpan><styleUrl>#point</styleUrl><Point><altitudeMode>clampToGround</altitudeMode><coordinates>7.271290691569448,45.380620379000902,1697.3399999999999</coordinates></Point></Placemark><Placemark><TimeSpan><begin>2019-09-28T06:38:38Z</begin><end>2019-09-28T06:38:53Z</end></TimeSpan><styleUrl>#point</styleUrl><Point><altitudeMode>clampToGround</altitudeMode><coordinates>7.27125221863389,45.380615014582872,1698.3099999999999</coordinates></Point></Placemark><Placemark><TimeSpan><begin>2019-09-28T06:38:53Z</begin><end>2019-09-28T06:39:07Z</end></TimeSpan><styleUrl>#point</styleUrl><Point><altitudeMode>clampToGround</altitudeMode><coordinates>7.271158425137401,45.380624318495393,1700.71</coordinates></Point></Placemark><Placemark><TimeSpan><begin>2019-09-28T06:39:07Z</begin><end>2019-09-28T06:39:24Z</end></TimeSpan><styleUrl>#point</styleUrl><Point><altitudeMode>clampToGround</altitudeMode><coordinates>7.271055411547422,45.380622474476695,1703.1099999999999</coordinates></Point></Placemark><Placemark><TimeSpan><begin>2019-09-28T06:39:24Z</begin><end>2019-09-28T06:39:40Z</end></TimeSpan><styleUrl>#point</styleUrl><Point><altitudeMode>clampToGround</altitudeMode><coordinates>7.270967150107026,45.380639741197228,1706</coordinates></Point></Placemark><Placemark><TimeSpan><begin>2019-09-28T06:39:40Z</begin><end>2019-09-28T06:39:55Z</end></TimeSpan><styleUrl>#point</styleUrl><Point><altitudeMode>clampToGround</altitudeMode><coordinates>7.270839074626565,45.380648961290717,1708.8800000000001</coordinates></Point></Placemark><Placemark><TimeSpan><begin>2019-09-28T06:39:55Z</begin><end>2019-09-28T06:40:09Z</end></TimeSpan><styleUrl>#point</styleUrl><Point><altitudeMode>clampToGround</altitudeMode><coordinates>7.270697252824903,45.380653906613588,1711.76</coordinates></Point></Placemark><Placemark><TimeSpan><begin>2019-09-28T06:40:09Z</begin><end>2019-09-28T06:40:31Z</end></TimeSpan><styleUrl>#point</styleUrl><Point><altitudeMode>clampToGround</altitudeMode><coordinates>7.270661210641265,45.380710065364838,1713.6900000000001</coordinates></Point></Placemark><Placemark><TimeSpan><begin>2019-09-28T06:40:31Z</begin><end>2019-09-28T06:40:49Z</end></TimeSpan><styleUrl>#point</styleUrl><Point><altitudeMode>clampToGround</altitudeMode><coordinates>7.270593820139766,45.380704281851649,1714.6500000000001</coordinates></Point></Placemark><Placemark><TimeSpan><begin>2019-09-28T06:40:49Z</begin><end>2019-09-28T06:41:05Z</end></TimeSpan><styleUrl>#point</styleUrl><Point><altitudeMode>clampToGround</altitudeMode><coordinates>7.270528441295028,45.38070822134614,1717.05</coordinates></Point></Placemark><Placemark><TimeSpan><begin>2019-09-28T06:41:05Z</begin><end>2019-09-28T06:41:21Z</end></TimeSpan><styleUrl>#point</styleUrl><Point><altitudeMode>clampToGround</altitudeMode><coordinates>7.270442862063646,45.380711322650313,1719.9400000000001</coordinates></Point></Placemark><Placemark><TimeSpan><begin>2019-09-28T06:41:21Z</begin><end>2019-09-28T06:41:35Z</end></TimeSpan><styleUrl>#point</styleUrl><Point><altitudeMode>clampToGround</altitudeMode><coordinates>7.270385948941112,45.380784077569842,1721.3800000000001</coordinates></Point></Placemark><Placemark><TimeSpan><begin>2019-09-28T06:41:35Z</begin><end>2019-09-28T06:41:51Z</end></TimeSpan><styleUrl>#point</styleUrl><Point><altitudeMode>clampToGround</altitudeMode><coordinates>7.270316295325756,45.380805535241961,1723.3</coordinates></Point></Placemark><Placemark><TimeSpan><begin>2019-09-28T06:41:51Z</begin><end>2019-09-28T06:42:06Z</end></TimeSpan><styleUrl>#point</styleUrl><Point><altitudeMode>clampToGround</altitudeMode><coordinates>7.270222585648298,45.380808971822262,1726.1800000000001</coordinates></Point></Placemark><Placemark><TimeSpan><begin>2019-09-28T06:42:06Z</begin><end>2019-09-28T06:42:20Z</end></TimeSpan><styleUrl>#point</styleUrl><Point><altitudeMode>clampToGround</altitudeMode><coordinates>7.270179083570838,45.380778713151813,1727.1500000000001</coordinates></Point></Placemark><Placemark><TimeSpan><begin>2019-09-28T06:42:20Z</begin><end>2019-09-28T06:42:33Z</end></TimeSpan><styleUrl>#point</styleUrl><Point><altitudeMode>clampToGround</altitudeMode><coordinates>7.27011320181191,45.380743341520429,1729.0699999999999</coordinates></Point></Placemark><Placemark><TimeSpan><begin>2019-09-28T06:42:33Z</begin><end>2019-09-28T06:42:47Z</end></TimeSpan><styleUrl>#point</styleUrl><Point><altitudeMode>clampToGround</altitudeMode><coordinates>7.270027957856655,45.380701180547476,1730.03</coordinates></Point></Placemark><Placemark><TimeSpan><begin>2019-09-28T06:42:47Z</begin><end>2019-09-28T06:43:03Z</end></TimeSpan><styleUrl>#point</styleUrl><Point><altitudeMode>clampToGround</altitudeMode><coordinates>7.269988395273686,45.380595903843641,1730.99</coordinates></Point></Placemark><Placemark><TimeSpan><begin>2019-09-28T06:43:03Z</begin><end>2019-09-28T06:43:17Z</end></TimeSpan><styleUrl>#point</styleUrl><Point><altitudeMode>clampToGround</altitudeMode><coordinates>7.269973056390882,45.38053136318922,1730.99</coordinates></Point></Placemark><Placemark><TimeSpan><begin>2019-09-28T06:43:17Z</begin><end>2019-09-28T06:43:32Z</end></TimeSpan><styleUrl>#point</styleUrl><Point><altitudeMode>clampToGround</altitudeMode><coordinates>7.269888566806912,45.380430864170194,1730.99</coordinates></Point></Placemark><Placemark><TimeSpan><begin>2019-09-28T06:43:32Z</begin><end>2019-09-28T06:43:44Z</end></TimeSpan><styleUrl>#point</styleUrl><Point><altitudeMode>clampToGround</altitudeMode><coordinates>7.269773483276367,45.380421224981546,1732.4300000000001</coordinates></Point></Placemark><Placemark><TimeSpan><begin>2019-09-28T06:43:44Z</begin><end>2019-09-28T06:44:00Z</end></TimeSpan><styleUrl>#point</styleUrl><Point><altitudeMode>clampToGround</altitudeMode><coordinates>7.269664769992232,45.380416698753834,1734.8399999999999</coordinates></Point></Placemark><Placemark><TimeSpan><begin>2019-09-28T06:44:00Z</begin><end>2019-09-28T06:44:16Z</end></TimeSpan><styleUrl>#point</styleUrl><Point><altitudeMode>clampToGround</altitudeMode><coordinates>7.269553793594241,45.380405718460679,1737.72</coordinates></Point></Placemark><Placemark><TimeSpan><begin>2019-09-28T06:44:16Z</begin><end>2019-09-28T06:44:31Z</end></TimeSpan><styleUrl>#point</styleUrl><Point><altitudeMode>clampToGround</altitudeMode><coordinates>7.269498389214277,45.380463805049658,1740.1199999999999</coordinates></Point></Placemark><Placemark><TimeSpan><begin>2019-09-28T06:44:31Z</begin><end>2019-09-28T06:44:48Z</end></TimeSpan><styleUrl>#point</styleUrl><Point><altitudeMode>clampToGround</altitudeMode><coordinates>7.269432423636317,45.380562460049987,1742.05</coordinates></Point></Placemark><Placemark><TimeSpan><begin>2019-09-28T06:44:48Z</begin><end>2019-09-28T06:45:05Z</end></TimeSpan><styleUrl>#point</styleUrl><Point><altitudeMode>clampToGround</altitudeMode><coordinates>7.26938908919692,45.380628425627947,1744.45</coordinates></Point></Placemark><Placemark><TimeSpan><begin>2019-09-28T06:45:05Z</begin><end>2019-09-28T06:45:20Z</end></TimeSpan><styleUrl>#point</styleUrl><Point><altitudeMode>clampToGround</altitudeMode><coordinates>7.269385568797588,45.380654828622937,1745.8900000000001</coordinates></Point></Placemark><Placemark><TimeSpan><begin>2019-09-28T06:45:20Z</begin><end>2019-09-28T06:45:37Z</end></TimeSpan><styleUrl>#point</styleUrl><Point><altitudeMode>clampToGround</altitudeMode><coordinates>7.269360926002264,45.380699671804905,1748.29</coordinates></Point></Placemark><Placemark><TimeSpan><begin>2019-09-28T06:45:37Z</begin><end>2019-09-28T06:45:51Z</end></TimeSpan><styleUrl>#point</styleUrl><Point><altitudeMode>clampToGround</altitudeMode><coordinates>7.269349778071046,45.380762368440628,1750.7</coordinates></Point></Placemark><Placemark><TimeSpan><begin>2019-09-28T06:45:51Z</begin><end>2019-09-28T06:46:06Z</end></TimeSpan><styleUrl>#point</styleUrl><Point><altitudeMode>clampToGround</altitudeMode><coordinates>7.269339803606272,45.380731858313084,1752.1400000000001</coordinates></Point></Placemark><Placemark><TimeSpan><begin>2019-09-28T06:46:06Z</begin><end>2019-09-28T06:46:20Z</end></TimeSpan><styleUrl>#point</styleUrl><Point><altitudeMode>clampToGround</altitudeMode><coordinates>7.269256236031652,45.380722638219595,1754.54</coordinates></Point></Placemark><Placemark><TimeSpan><begin>2019-09-28T06:46:20Z</begin><end>2019-09-28T06:46:35Z</end></TimeSpan><styleUrl>#point</styleUrl><Point><altitudeMode>clampToGround</altitudeMode><coordinates>7.269159508869052,45.380694810301065,1756.95</coordinates></Point></Placemark><Placemark><TimeSpan><begin>2019-09-28T06:46:35Z</begin><end>2019-09-28T06:46:49Z</end></TimeSpan><styleUrl>#point</styleUrl><Point><altitudeMode>clampToGround</altitudeMode><coordinates>7.269088514149189,45.380707634612918,1758.8699999999999</coordinates></Point></Placemark><Placemark><TimeSpan><begin>2019-09-28T06:46:49Z</begin><end>2019-09-28T06:47:03Z</end></TimeSpan><styleUrl>#point</styleUrl><Point><altitudeMode>clampToGround</altitudeMode><coordinates>7.269034702330828,45.380711071193218,1760.79</coordinates></Point></Placemark><Placemark><TimeSpan><begin>2019-09-28T06:47:03Z</begin><end>2019-09-28T06:47:16Z</end></TimeSpan><styleUrl>#point</styleUrl><Point><altitudeMode>clampToGround</altitudeMode><coordinates>7.269017351791263,45.380713418126106,1761.75</coordinates></Point></Placemark><Placemark><TimeSpan><begin>2019-09-28T06:47:16Z</begin><end>2019-09-28T06:47:30Z</end></TimeSpan><styleUrl>#point</styleUrl><Point><altitudeMode>clampToGround</altitudeMode><coordinates>7.269013663753867,45.380752477794886,1762.71</coordinates></Point></Placemark><Placemark><TimeSpan><begin>2019-09-28T06:47:30Z</begin><end>2019-09-28T06:47:46Z</end></TimeSpan><styleUrl>#point</styleUrl><Point><altitudeMode>clampToGround</altitudeMode><coordinates>7.268963623791933,45.380768487229943,1763.6800000000001</coordinates></Point></Placemark><Placemark><TimeSpan><begin>2019-09-28T06:47:46Z</begin><end>2019-09-28T06:48:02Z</end></TimeSpan><styleUrl>#point</styleUrl><Point><altitudeMode>clampToGround</altitudeMode><coordinates>7.26889212615788,45.380791537463665,1766.0799999999999</coordinates></Point></Placemark><Placemark><TimeSpan><begin>2019-09-28T06:48:02Z</begin><end>2019-09-28T06:48:16Z</end></TimeSpan><styleUrl>#point</styleUrl><Point><altitudeMode>clampToGround</altitudeMode><coordinates>7.268840158358216,45.380751471966505,1768.96</coordinates></Point></Placemark><Placemark><TimeSpan><begin>2019-09-28T06:48:16Z</begin><end>2019-09-28T06:48:28Z</end></TimeSpan><styleUrl>#point</styleUrl><Point><altitudeMode>clampToGround</altitudeMode><coordinates>7.26882423274219,45.380708137527108,1769.9200000000001</coordinates></Point></Placemark><Placemark><TimeSpan><begin>2019-09-28T06:48:28Z</begin><end>2019-09-28T06:48:49Z</end></TimeSpan><styleUrl>#point</styleUrl><Point><altitudeMode>clampToGround</altitudeMode><coordinates>7.268836218863726,45.380674861371517,1770.4100000000001</coordinates></Point></Placemark><Placemark><TimeSpan><begin>2019-09-28T06:48:49Z</begin><end>2019-09-28T06:49:09Z</end></TimeSpan><styleUrl>#point</styleUrl><Point><altitudeMode>clampToGround</altitudeMode><coordinates>7.268801601603627,45.380732025951147,1770.4100000000001</coordinates></Point></Placemark><Placemark><TimeSpan><begin>2019-09-28T06:49:09Z</begin><end>2019-09-28T06:49:36Z</end></TimeSpan><styleUrl>#point</styleUrl><Point><altitudeMode>clampToGround</altitudeMode><coordinates>7.268749382346869,45.380742587149143,1772.3299999999999</coordinates></Point></Placemark><Placemark><TimeSpan><begin>2019-09-28T06:49:36Z</begin><end>2019-09-28T06:49:47Z</end></TimeSpan><styleUrl>#point</styleUrl><Point><altitudeMode>clampToGround</altitudeMode><coordinates>7.268647709861398,45.380772510543466,1775.6900000000001</coordinates></Point></Placemark><Placemark><TimeSpan><begin>2019-09-28T06:49:47Z</begin><end>2019-09-28T06:50:02Z</end></TimeSpan><styleUrl>#point</styleUrl><Point><altitudeMode>clampToGround</altitudeMode><coordinates>7.26857353001833,45.380776198580861,1778.5799999999999</coordinates></Point></Placemark><Placemark><TimeSpan><begin>2019-09-28T06:50:02Z</begin><end>2019-09-28T06:50:03Z</end></TimeSpan><styleUrl>#point</styleUrl><Point><altitudeMode>clampToGround</altitudeMode><coordinates>7.268567746505141,45.380771839991212,1778.0999999999999</coordinates></Point></Placemark><Placemark><TimeSpan><begin>2019-09-28T06:50:03Z</begin><end>2019-09-28T06:50:15Z</end></TimeSpan><styleUrl>#point</styleUrl><Point><altitudeMode>clampToGround</altitudeMode><coordinates>7.268487783148885,45.380765218287706,1780.02</coordinates></Point></Placemark><Placemark><TimeSpan><begin>2019-09-28T06:50:15Z</begin><end>2019-09-28T06:50:28Z</end></TimeSpan><styleUrl>#point</styleUrl><Point><altitudeMode>clampToGround</altitudeMode><coordinates>7.268343111500144,45.380715765058994,1780.98</coordinates></Point></Placemark><Placemark><TimeSpan><begin>2019-09-28T06:50:28Z</begin><end>2019-09-28T06:50:41Z</end></TimeSpan><styleUrl>#point</styleUrl><Point><altitudeMode>clampToGround</altitudeMode><coordinates>7.268224423751235,45.380682572722435,1781.9400000000001</coordinates></Point></Placemark><Placemark><TimeSpan><begin>2019-09-28T06:50:41Z</begin><end>2019-09-28T06:50:56Z</end></TimeSpan><styleUrl>#point</styleUrl><Point><altitudeMode>clampToGround</altitudeMode><coordinates>7.268081596121192,45.380675699561834,1783.8599999999999</coordinates></Point></Placemark><Placemark><TimeSpan><begin>2019-09-28T06:50:56Z</begin><end>2019-09-28T06:51:13Z</end></TimeSpan><styleUrl>#point</styleUrl><Point><altitudeMode>clampToGround</altitudeMode><coordinates>7.26808687672019,45.380680309608579,1784.3399999999999</coordinates></Point></Placemark><Placemark><TimeSpan><begin>2019-09-28T06:51:13Z</begin><end>2019-09-28T06:51:50Z</end></TimeSpan><styleUrl>#point</styleUrl><Point><altitudeMode>clampToGround</altitudeMode><coordinates>7.268116381019354,45.380697660148144,1783.8599999999999</coordinates></Point></Placemark><Placemark><TimeSpan><begin>2019-09-28T06:51:50Z</begin><end>2019-09-28T06:52:21Z</end></TimeSpan><styleUrl>#point</styleUrl><Point><altitudeMode>clampToGround</altitudeMode><coordinates>7.268103640526533,45.38070528768003,1782.9000000000001</coordinates></Point></Placemark><Placemark><TimeSpan><begin>2019-09-28T06:52:21Z</begin><end>2019-09-28T06:52:48Z</end></TimeSpan><styleUrl>#point</styleUrl><Point><altitudeMode>clampToGround</altitudeMode><coordinates>7.268087044358254,45.380705120041966,1782.4200000000001</coordinates></Point></Placemark><Placemark><TimeSpan><begin>2019-09-28T06:52:48Z</begin><end>2019-09-28T06:53:02Z</end></TimeSpan><styleUrl>#point</styleUrl><Point><altitudeMode>clampToGround</altitudeMode><coordinates>7.268007583916187,45.380643596872687,1782.4200000000001</coordinates></Point></Placemark><Placemark><TimeSpan><begin>2019-09-28T06:53:02Z</begin><end>2019-09-28T06:53:24Z</end></TimeSpan><styleUrl>#point</styleUrl><Point><altitudeMode>clampToGround</altitudeMode><coordinates>7.267999956384301,45.380636136978865,1783.3800000000001</coordinates></Point></Placemark><Placemark><TimeSpan><begin>2019-09-28T06:53:24Z</begin><end>2019-09-28T06:53:46Z</end></TimeSpan><styleUrl>#point</styleUrl><Point><altitudeMode>clampToGround</altitudeMode><coordinates>7.268030801787973,45.38063881918788,1783.3800000000001</coordinates></Point></Placemark><Placemark><TimeSpan><begin>2019-09-28T06:53:46Z</begin><end>2019-09-28T06:54:01Z</end></TimeSpan><styleUrl>#point</styleUrl><Point><altitudeMode>clampToGround</altitudeMode><coordinates>7.268009008839726,45.380642507225275,1783.3800000000001</coordinates></Point></Placemark><Placemark><TimeSpan><begin>2019-09-28T06:54:01Z</begin><end>2019-09-28T06:54:23Z</end></TimeSpan><styleUrl>#point</styleUrl><Point><altitudeMode>clampToGround</altitudeMode><coordinates>7.267993669956923,45.380639741197228,1783.3800000000001</coordinates></Point></Placemark><Placemark><TimeSpan><begin>2019-09-28T06:54:23Z</begin><end>2019-09-28T06:54:37Z</end></TimeSpan><styleUrl>#point</styleUrl><Point><altitudeMode>clampToGround</altitudeMode><coordinates>7.267878334969282,45.380612416192889,1783.8599999999999</coordinates></Point></Placemark><Placemark><TimeSpan><begin>2019-09-28T06:54:37Z</begin><end>2019-09-28T06:54:51Z</end></TimeSpan><styleUrl>#point</styleUrl><Point><altitudeMode>clampToGround</altitudeMode><coordinates>7.26773458532989,45.380556844174862,1784.8199999999999</coordinates></Point></Placemark><Placemark><TimeSpan><begin>2019-09-28T06:54:51Z</begin><end>2019-09-28T06:55:05Z</end></TimeSpan><styleUrl>#point</styleUrl><Point><altitudeMode>clampToGround</altitudeMode><coordinates>7.26756694726646,45.380514347925782,1786.75</coordinates></Point></Placemark><Placemark><TimeSpan><begin>2019-09-28T06:55:05Z</begin><end>2019-09-28T06:55:12Z</end></TimeSpan><styleUrl>#point</styleUrl><Point><altitudeMode>clampToGround</altitudeMode><coordinates>7.267501149326563,45.380465565249324,1786.75</coordinates></Point></Placemark><Placemark><TimeSpan><begin>2019-09-28T06:55:12Z</begin><end>2019-09-28T06:55:27Z</end></TimeSpan><styleUrl>#point</styleUrl><Point><altitudeMode>clampToGround</altitudeMode><coordinates>7.267336864024401,45.380424577742815,1788.1900000000001</coordinates></Point></Placemark><Placemark><TimeSpan><begin>2019-09-28T06:55:27Z</begin><end>2019-09-28T06:55:37Z</end></TimeSpan><styleUrl>#point</styleUrl><Point><altitudeMode>clampToGround</altitudeMode><coordinates>7.267223205417395,45.380399515852332,1789.1500000000001</coordinates></Point></Placemark><Placemark><TimeSpan><begin>2019-09-28T06:55:37Z</begin><end>2019-09-28T06:55:55Z</end></TimeSpan><styleUrl>#point</styleUrl><Point><altitudeMode>clampToGround</altitudeMode><coordinates>7.266976023092866,45.380377387627959,1789.1500000000001</coordinates></Point></Placemark><Placemark><TimeSpan><begin>2019-09-28T06:55:55Z</begin><end>2019-09-28T06:55:57Z</end></TimeSpan><styleUrl>#point</styleUrl><Point><altitudeMode>clampToGround</altitudeMode><coordinates>7.266951045021415,45.380371268838644,1789.6300000000001</coordinates></Point></Placemark><Placemark><TimeSpan><begin>2019-09-28T06:55:57Z</begin><end>2019-09-28T06:56:00Z</end></TimeSpan><styleUrl>#point</styleUrl><Point><altitudeMode>clampToGround</altitudeMode><coordinates>7.266907710582018,45.380358612164855,1789.1500000000001</coordinates></Point></Placemark><Placemark><TimeSpan><begin>2019-09-28T06:56:00Z</begin><end>2019-09-28T06:56:07Z</end></TimeSpan><styleUrl>#point</styleUrl><Point><altitudeMode>clampToGround</altitudeMode><coordinates>7.266815761104226,45.380350816994905,1789.1500000000001</coordinates></Point></Placemark><Placemark><TimeSpan><begin>2019-09-28T06:56:07Z</begin><end>2019-09-28T06:56:23Z</end></TimeSpan><styleUrl>#point</styleUrl><Point><altitudeMode>clampToGround</altitudeMode><coordinates>7.26660680025816,45.380337908864021,1790.5899999999999</coordinates></Point></Placemark><Placemark><TimeSpan><begin>2019-09-28T06:56:23Z</begin><end>2019-09-28T06:56:28Z</end></TimeSpan><styleUrl>#point</styleUrl><Point><altitudeMode>clampToGround</altitudeMode><coordinates>7.266555754467845,45.380318043753505,1790.5899999999999</coordinates></Point></Placemark><Placemark><TimeSpan><begin>2019-09-28T06:56:28Z</begin><end>2019-09-28T06:56:43Z</end></TimeSpan><styleUrl>#point</styleUrl><Point><altitudeMode>clampToGround</altitudeMode><coordinates>7.26639281027019,45.380249060690403,1791.55</coordinates></Point></Placemark><Placemark><TimeSpan><begin>2019-09-28T06:56:43Z</begin><end>2019-09-28T06:56:50Z</end></TimeSpan><styleUrl>#point</styleUrl><Point><altitudeMode>clampToGround</altitudeMode><coordinates>7.266325084492564,45.380219221115112,1791.55</coordinates></Point></Placemark><Placemark><TimeSpan><begin>2019-09-28T06:56:50Z</begin><end>2019-09-28T06:57:04Z</end></TimeSpan><styleUrl>#point</styleUrl><Point><altitudeMode>clampToGround</altitudeMode><coordinates>7.266178065910935,45.380210084840655,1791.55</coordinates></Point></Placemark><Placemark><TimeSpan><begin>2019-09-28T06:57:04Z</begin><end>2019-09-28T06:57:16Z</end></TimeSpan><styleUrl>#point</styleUrl><Point><altitudeMode>clampToGround</altitudeMode><coordinates>7.266071615740657,45.380153842270374,1793.48</coordinates></Point></Placemark><Placemark><TimeSpan><begin>2019-09-28T06:57:16Z</begin><end>2019-09-28T06:57:31Z</end></TimeSpan><styleUrl>#point</styleUrl><Point><altitudeMode>clampToGround</altitudeMode><coordinates>7.265910096466541,45.380086284130812,1793.96</coordinates></Point></Placemark><Placemark><TimeSpan><begin>2019-09-28T06:57:31Z</begin><end>2019-09-28T06:57:34Z</end></TimeSpan><styleUrl>#point</styleUrl><Point><altitudeMode>clampToGround</altitudeMode><coordinates>7.265883358195424,45.380064575001597,1793.96</coordinates></Point></Placemark><Placemark><TimeSpan><begin>2019-09-28T06:57:34Z</begin><end>2019-09-28T06:57:41Z</end></TimeSpan><styleUrl>#point</styleUrl><Point><altitudeMode>clampToGround</altitudeMode><coordinates>7.265845639631152,45.380018223077059,1793.96</coordinates></Point></Placemark><Placemark><TimeSpan><begin>2019-09-28T06:57:41Z</begin><end>2019-09-28T06:57:53Z</end></TimeSpan><styleUrl>#point</styleUrl><Point><altitudeMode>clampToGround</altitudeMode><coordinates>7.265744050964713,45.379958041012287,1794.4400000000001</coordinates></Point></Placemark><Placemark><TimeSpan><begin>2019-09-28T06:57:53Z</begin><end>2019-09-28T06:58:08Z</end></TimeSpan><styleUrl>#point</styleUrl><Point><altitudeMode>clampToGround</altitudeMode><coordinates>7.265611700713635,45.379912611097097,1795.4000000000001</coordinates></Point></Placemark><Placemark><TimeSpan><begin>2019-09-28T06:58:08Z</begin><end>2019-09-28T06:58:17Z</end></TimeSpan><styleUrl>#point</styleUrl><Point><altitudeMode>clampToGround</altitudeMode><coordinates>7.265520924702287,45.37989417091012,1795.4000000000001</coordinates></Point></Placemark><Placemark><TimeSpan><begin>2019-09-28T06:58:17Z</begin><end>2019-09-28T06:58:28Z</end></TimeSpan><styleUrl>#point</styleUrl><Point><altitudeMode>clampToGround</altitudeMode><coordinates>7.265385054051876,45.37991470657289,1795.8800000000001</coordinates></Point></Placemark><Placemark><TimeSpan><begin>2019-09-28T06:58:28Z</begin><end>2019-09-28T06:58:41Z</end></TimeSpan><styleUrl>#point</styleUrl><Point><altitudeMode>clampToGround</altitudeMode><coordinates>7.265207944437861,45.379917304962873,1796.8399999999999</coordinates></Point></Placemark><Placemark><TimeSpan><begin>2019-09-28T06:58:41Z</begin><end>2019-09-28T06:58:44Z</end></TimeSpan><styleUrl>#point</styleUrl><Point><altitudeMode>clampToGround</altitudeMode><coordinates>7.265160838142037,45.379913030192256,1796.8399999999999</coordinates></Point></Placemark><Placemark><TimeSpan><begin>2019-09-28T06:58:44Z</begin><end>2019-09-28T06:59:00Z</end></TimeSpan><styleUrl>#point</styleUrl><Point><altitudeMode>clampToGround</altitudeMode><coordinates>7.264921618625522,45.379905235022306,1797.8</coordinates></Point></Placemark><Placemark><TimeSpan><begin>2019-09-28T06:59:00Z</begin><end>2019-09-28T06:59:14Z</end></TimeSpan><styleUrl>#point</styleUrl><Point><altitudeMode>clampToGround</altitudeMode><coordinates>7.264711316674948,45.379883022978902,1798.28</coordinates></Point></Placemark><Placemark><TimeSpan><begin>2019-09-28T06:59:14Z</begin><end>2019-09-28T06:59:28Z</end></TimeSpan><styleUrl>#point</styleUrl><Point><altitudeMode>clampToGround</altitudeMode><coordinates>7.264490118250251,45.379875395447016,1798.28</coordinates></Point></Placemark><Placemark><TimeSpan><begin>2019-09-28T06:59:28Z</begin><end>2019-09-28T06:59:33Z</end></TimeSpan><styleUrl>#point</styleUrl><Point><altitudeMode>clampToGround</altitudeMode><coordinates>7.264437563717365,45.379841113463044,1797.8</coordinates></Point></Placemark><Placemark><TimeSpan><begin>2019-09-28T06:59:33Z</begin><end>2019-09-28T06:59:48Z</end></TimeSpan><styleUrl>#point</styleUrl><Point><altitudeMode>clampToGround</altitudeMode><coordinates>7.264258526265621,45.379790738224983,1797.8</coordinates></Point></Placemark><Placemark><TimeSpan><begin>2019-09-28T06:59:48Z</begin><end>2019-09-28T06:59:49Z</end></TimeSpan><styleUrl>#point</styleUrl><Point><altitudeMode>clampToGround</altitudeMode><coordinates>7.264254502952099,45.379782188683748,1797.8</coordinates></Point></Placemark><Placemark><TimeSpan><begin>2019-09-28T06:59:49Z</begin><end>2019-09-28T06:59:51Z</end></TimeSpan><styleUrl>#point</styleUrl><Point><altitudeMode>clampToGround</altitudeMode><coordinates>7.26424285210669,45.379760060459375,1798.28</coordinates></Point></Placemark><Placemark><TimeSpan><begin>2019-09-28T06:59:51Z</begin><end>2019-09-28T06:59:56Z</end></TimeSpan><styleUrl>#point</styleUrl><Point><altitudeMode>clampToGround</altitudeMode><coordinates>7.264179401099682,45.379738938063383,1797.3199999999999</coordinates></Point></Placemark><Placemark><TimeSpan><begin>2019-09-28T06:59:56Z</begin><end>2019-09-28T07:00:08Z</end></TimeSpan><styleUrl>#point</styleUrl><Point><altitudeMode>clampToGround</altitudeMode><coordinates>7.264049900695682,45.379694346338511,1795.8800000000001</coordinates></Point></Placemark><Placemark><TimeSpan><begin>2019-09-28T07:00:08Z</begin><end>2019-09-28T07:00:21Z</end></TimeSpan><styleUrl>#point</styleUrl><Point><altitudeMode>clampToGround</altitudeMode><coordinates>7.263882514089346,45.379684120416641,1795.4000000000001</coordinates></Point></Placemark><Placemark><TimeSpan><begin>2019-09-28T07:00:21Z</begin><end>2019-09-28T07:00:24Z</end></TimeSpan><styleUrl>#point</styleUrl><Point><altitudeMode>clampToGround</altitudeMode><coordinates>7.263837167993188,45.379682444036007,1795.4000000000001</coordinates></Point></Placemark><Placemark><TimeSpan><begin>2019-09-28T07:00:24Z</begin><end>2019-09-28T07:00:28Z</end></TimeSpan><styleUrl>#point</styleUrl><Point><altitudeMode>clampToGround</altitudeMode><coordinates>7.263794839382172,45.379678839817643,1795.8800000000001</coordinates></Point></Placemark><Placemark><TimeSpan><begin>2019-09-28T07:00:28Z</begin><end>2019-09-28T07:00:43Z</end></TimeSpan><styleUrl>#point</styleUrl><Point><altitudeMode>clampToGround</altitudeMode><coordinates>7.26367355324328,45.379662327468395,1795.8800000000001</coordinates></Point></Placemark><Placemark><TimeSpan><begin>2019-09-28T07:00:43Z</begin><end>2019-09-28T07:01:11Z</end></TimeSpan><styleUrl>#point</styleUrl><Point><altitudeMode>clampToGround</altitudeMode><coordinates>7.263682605698705,45.379664842039347,1794.9200000000001</coordinates></Point></Placemark><Placemark><TimeSpan><begin>2019-09-28T07:01:11Z</begin><end>2019-09-28T07:01:15Z</end></TimeSpan><styleUrl>#point</styleUrl><Point><altitudeMode>clampToGround</altitudeMode><coordinates>7.26368235424161,45.379663752391934,1796.3599999999999</coordinates></Point></Placemark><Placemark><TimeSpan><begin>2019-09-28T07:01:15Z</begin><end>2019-09-28T07:01:38Z</end></TimeSpan><styleUrl>#point</styleUrl><Point><altitudeMode>clampToGround</altitudeMode><coordinates>7.263680342584848,45.379661908373237,1796.3599999999999</coordinates></Point></Placemark><Placemark><TimeSpan><begin>2019-09-28T07:01:38Z</begin><end>2019-09-28T07:02:01Z</end></TimeSpan><styleUrl>#point</styleUrl><Point><altitudeMode>clampToGround</altitudeMode><coordinates>7.263691071420908,45.379675654694438,1796.3599999999999</coordinates></Point></Placemark><Placemark><TimeSpan><begin>2019-09-28T07:02:01Z</begin><end>2019-09-28T07:02:38Z</end></TimeSpan><styleUrl>#point</styleUrl><Point><altitudeMode>clampToGround</altitudeMode><coordinates>7.263696938753128,45.379687640815973,1796.3599999999999</coordinates></Point></Placemark><Placemark><TimeSpan><begin>2019-09-28T07:02:38Z</begin><end>2019-09-28T07:02:58Z</end></TimeSpan><styleUrl>#point</styleUrl><Point><altitudeMode>clampToGround</altitudeMode><coordinates>7.263678582385182,45.379666015505791,1796.3599999999999</coordinates></Point></Placemark><Placemark><TimeSpan><begin>2019-09-28T07:02:58Z</begin><end>2019-09-28T07:03:29Z</end></TimeSpan><styleUrl>#point</styleUrl><Point><altitudeMode>clampToGround</altitudeMode><coordinates>7.263681599870324,45.379669452086091,1796.8399999999999</coordinates></Point></Placemark><Placemark><TimeSpan><begin>2019-09-28T07:03:29Z</begin><end>2019-09-28T07:03:49Z</end></TimeSpan><styleUrl>#point</styleUrl><Point><altitudeMode>clampToGround</altitudeMode><coordinates>7.263665590435267,45.379656627774239,1796.8399999999999</coordinates></Point></Placemark><Placemark><TimeSpan><begin>2019-09-28T07:03:49Z</begin><end>2019-09-28T07:04:03Z</end></TimeSpan><styleUrl>#point</styleUrl><Point><altitudeMode>clampToGround</altitudeMode><coordinates>7.263520415872335,45.379637097939849,1796.8399999999999</coordinates></Point></Placemark><Placemark><TimeSpan><begin>2019-09-28T07:04:03Z</begin><end>2019-09-28T07:04:15Z</end></TimeSpan><styleUrl>#point</styleUrl><Point><altitudeMode>clampToGround</altitudeMode><coordinates>7.263382449746132,45.379614718258381,1795.8800000000001</coordinates></Point></Placemark><Placemark><TimeSpan><begin>2019-09-28T07:04:15Z</begin><end>2019-09-28T07:04:19Z</end></TimeSpan><styleUrl>#point</styleUrl><Point><altitudeMode>clampToGround</altitudeMode><coordinates>7.263325117528439,45.379597116261721,1795.4000000000001</coordinates></Point></Placemark><Placemark><TimeSpan><begin>2019-09-28T07:04:19Z</begin><end>2019-09-28T07:04:30Z</end></TimeSpan><styleUrl>#point</styleUrl><Point><altitudeMode>clampToGround</altitudeMode><coordinates>7.263219086453319,45.379592590034008,1796.8399999999999</coordinates></Point></Placemark><Placemark><TimeSpan><begin>2019-09-28T07:04:30Z</begin><end>2019-09-28T07:04:46Z</end></TimeSpan><styleUrl>#point</styleUrl><Point><altitudeMode>clampToGround</altitudeMode><coordinates>7.263070810586214,45.379570377990603,1797.8</coordinates></Point></Placemark><Placemark><TimeSpan><begin>2019-09-28T07:04:46Z</begin><end>2019-09-28T07:04:47Z</end></TimeSpan><styleUrl>#point</styleUrl><Point><altitudeMode>clampToGround</altitudeMode><coordinates>7.263060752302408,45.379567611962557,1797.8</coordinates></Point></Placemark><Placemark><TimeSpan><begin>2019-09-28T07:04:47Z</begin><end>2019-09-28T07:04:53Z</end></TimeSpan><styleUrl>#point</styleUrl><Point><altitudeMode>clampToGround</altitudeMode><coordinates>7.262989170849323,45.379559146240354,1797.8</coordinates></Point></Placemark><Placemark><TimeSpan><begin>2019-09-28T07:04:53Z</begin><end>2019-09-28T07:04:57Z</end></TimeSpan><styleUrl>#point</styleUrl><Point><altitudeMode>clampToGround</altitudeMode><coordinates>7.262939717620611,45.379558224231005,1797.8</coordinates></Point></Placemark><Placemark><TimeSpan><begin>2019-09-28T07:04:57Z</begin><end>2019-09-28T07:05:01Z</end></TimeSpan><styleUrl>#point</styleUrl><Point><altitudeMode>clampToGround</altitudeMode><coordinates>7.262894874438644,45.379561241716146,1796.3599999999999</coordinates></Point></Placemark><Placemark><TimeSpan><begin>2019-09-28T07:05:01Z</begin><end>2019-09-28T07:05:07Z</end></TimeSpan><styleUrl>#point</styleUrl><Point><altitudeMode>clampToGround</altitudeMode><coordinates>7.262837458401918,45.379580520093441,1795.4000000000001</coordinates></Point></Placemark><Placemark><TimeSpan><begin>2019-09-28T07:05:07Z</begin><end>2019-09-28T07:05:22Z</end></TimeSpan><styleUrl>#point</styleUrl><Point><altitudeMode>clampToGround</altitudeMode><coordinates>7.262664372101426,45.379633996635675,1793</coordinates></Point></Placemark><Placemark><TimeSpan><begin>2019-09-28T07:05:22Z</begin><end>2019-09-28T07:05:38Z</end></TimeSpan><styleUrl>#point</styleUrl><Point><altitudeMode>clampToGround</altitudeMode><coordinates>7.262546019628644,45.379666434600949,1791.55</coordinates></Point></Placemark><Placemark><TimeSpan><begin>2019-09-28T07:05:38Z</begin><end>2019-09-28T07:05:50Z</end></TimeSpan><styleUrl>#point</styleUrl><Point><altitudeMode>clampToGround</altitudeMode><coordinates>7.262482820078731,45.379683366045356,1790.5899999999999</coordinates></Point></Placemark><Placemark><TimeSpan><begin>2019-09-28T07:05:50Z</begin><end>2019-09-28T07:06:01Z</end></TimeSpan><styleUrl>#point</styleUrl><Point><altitudeMode>clampToGround</altitudeMode><coordinates>7.262360695749521,45.379749163985252,1788.6700000000001</coordinates></Point></Placemark><Placemark><TimeSpan><begin>2019-09-28T07:06:01Z</begin><end>2019-09-28T07:06:05Z</end></TimeSpan><styleUrl>#point</styleUrl><Point><altitudeMode>clampToGround</altitudeMode><coordinates>7.262318534776568,45.379781015217304,1787.71</coordinates></Point></Placemark><Placemark><TimeSpan><begin>2019-09-28T07:06:05Z</begin><end>2019-09-28T07:06:12Z</end></TimeSpan><styleUrl>#point</styleUrl><Point><altitudeMode>clampToGround</altitudeMode><coordinates>7.262256424874067,45.37980230525136,1787.71</coordinates></Point></Placemark><Placemark><TimeSpan><begin>2019-09-28T07:06:12Z</begin><end>2019-09-28T07:06:23Z</end></TimeSpan><styleUrl>#point</styleUrl><Point><altitudeMode>clampToGround</altitudeMode><coordinates>7.262124493718147,45.379798533394933,1789.1500000000001</coordinates></Point></Placemark><Placemark><TimeSpan><begin>2019-09-28T07:06:23Z</begin><end>2019-09-28T07:06:33Z</end></TimeSpan><styleUrl>#point</styleUrl><Point><altitudeMode>clampToGround</altitudeMode><coordinates>7.262058276683092,45.379848908632994,1788.6700000000001</coordinates></Point></Placemark><Placemark><TimeSpan><begin>2019-09-28T07:06:33Z</begin><end>2019-09-28T07:06:38Z</end></TimeSpan><styleUrl>#point</styleUrl><Point><altitudeMode>clampToGround</altitudeMode><coordinates>7.262011840939522,45.379842957481742,1788.1900000000001</coordinates></Point></Placemark><Placemark><TimeSpan><begin>2019-09-28T07:06:38Z</begin><end>2019-09-28T07:06:50Z</end></TimeSpan><styleUrl>#point</styleUrl><Point><altitudeMode>clampToGround</altitudeMode><coordinates>7.261965405195952,45.379894841462374,1786.27</coordinates></Point></Placemark><Placemark><TimeSpan><begin>2019-09-28T07:06:50Z</begin><end>2019-09-28T07:06:58Z</end></TimeSpan><styleUrl>#point</styleUrl><Point><altitudeMode>clampToGround</altitudeMode><coordinates>7.261899439617991,45.379932476207614,1784.8199999999999</coordinates></Point></Placemark><Placemark><TimeSpan><begin>2019-09-28T07:06:58Z</begin><end>2019-09-28T07:07:09Z</end></TimeSpan><styleUrl>#point</styleUrl><Point><altitudeMode>clampToGround</altitudeMode><coordinates>7.261774381622672,45.380021743476391,1782.4200000000001</coordinates></Point></Placemark><Placemark><TimeSpan><begin>2019-09-28T07:07:09Z</begin><end>2019-09-28T07:07:22Z</end></TimeSpan><styleUrl>#point</styleUrl><Point><altitudeMode>clampToGround</altitudeMode><coordinates>7.261744625866413,45.380074800923467,1782.4200000000001</coordinates></Point></Placemark><Placemark><TimeSpan><begin>2019-09-28T07:07:22Z</begin><end>2019-09-28T07:07:38Z</end></TimeSpan><styleUrl>#point</styleUrl><Point><altitudeMode>clampToGround</altitudeMode><coordinates>7.261717971414328,45.380081003531814,1780.98</coordinates></Point></Placemark><Placemark><TimeSpan><begin>2019-09-28T07:07:38Z</begin><end>2019-09-28T07:07:40Z</end></TimeSpan><styleUrl>#point</styleUrl><Point><altitudeMode>clampToGround</altitudeMode><coordinates>7.261702800169587,45.380092235282063,1780.5</coordinates></Point></Placemark><Placemark><TimeSpan><begin>2019-09-28T07:07:40Z</begin><end>2019-09-28T07:07:55Z</end></TimeSpan><styleUrl>#point</styleUrl><Point><altitudeMode>clampToGround</altitudeMode><coordinates>7.261662902310491,45.380170689895749,1780.02</coordinates></Point></Placemark><Placemark><TimeSpan><begin>2019-09-28T07:07:55Z</begin><end>2019-09-28T07:08:17Z</end></TimeSpan><styleUrl>#point</styleUrl><Point><altitudeMode>clampToGround</altitudeMode><coordinates>7.261668350547552,45.380188291892409,1780.02</coordinates></Point></Placemark><Placemark><TimeSpan><begin>2019-09-28T07:08:17Z</begin><end>2019-09-28T07:08:38Z</end></TimeSpan><styleUrl>#point</styleUrl><Point><altitudeMode>clampToGround</altitudeMode><coordinates>7.261620238423348,45.380199523642659,1779.0599999999999</coordinates></Point></Placemark><Placemark><TimeSpan><begin>2019-09-28T07:08:38Z</begin><end>2019-09-28T07:09:12Z</end></TimeSpan><styleUrl>#point</styleUrl><Point><altitudeMode>clampToGround</altitudeMode><coordinates>7.261609090492129,45.380194745957851,1779.0599999999999</coordinates></Point></Placemark><Placemark><TimeSpan><begin>2019-09-28T07:09:12Z</begin><end>2019-09-28T07:09:40Z</end></TimeSpan><styleUrl>#point</styleUrl><Point><altitudeMode>clampToGround</altitudeMode><coordinates>7.261589476838708,45.380202792584896,1779.0599999999999</coordinates></Point></Placemark><Placemark><TimeSpan><begin>2019-09-28T07:09:40Z</begin><end>2019-09-28T07:10:17Z</end></TimeSpan><styleUrl>#point</styleUrl><Point><altitudeMode>clampToGround</altitudeMode><coordinates>7.261618729680777,45.380201200023293,1779.0599999999999</coordinates></Point></Placemark><Placemark><TimeSpan><begin>2019-09-28T07:10:17Z</begin><end>2019-09-28T07:10:35Z</end></TimeSpan><styleUrl>#point</styleUrl><Point><altitudeMode>clampToGround</altitudeMode><coordinates>7.261645467951894,45.380203044041991,1779.0599999999999</coordinates></Point></Placemark><Placemark><TimeSpan><begin>2019-09-28T07:10:35Z</begin><end>2019-09-28T07:10:54Z</end></TimeSpan><styleUrl>#point</styleUrl><Point><altitudeMode>clampToGround</altitudeMode><coordinates>7.261630548164249,45.380193237215281,1779.0599999999999</coordinates></Point></Placemark><Placemark><TimeSpan><begin>2019-09-28T07:10:54Z</begin><end>2019-09-28T07:11:25Z</end></TimeSpan><styleUrl>#point</styleUrl><Point><altitudeMode>clampToGround</altitudeMode><coordinates>7.261621998623014,45.380189968273044,1779.0599999999999</coordinates></Point></Placemark><Placemark><TimeSpan><begin>2019-09-28T07:11:25Z</begin><end>2019-09-28T07:11:52Z</end></TimeSpan><styleUrl>#point</styleUrl><Point><altitudeMode>clampToGround</altitudeMode><coordinates>7.261635577306151,45.380195081233978,1779.0599999999999</coordinates></Point></Placemark><Placemark><TimeSpan><begin>2019-09-28T07:11:52Z</begin><end>2019-09-28T07:12:24Z</end></TimeSpan><styleUrl>#point</styleUrl><Point><altitudeMode>clampToGround</altitudeMode><coordinates>7.261636080220342,45.380219640210271,1779.0599999999999</coordinates></Point></Placemark><Placemark><TimeSpan><begin>2019-09-28T07:12:24Z</begin><end>2019-09-28T07:12:46Z</end></TimeSpan><styleUrl>#point</styleUrl><Point><altitudeMode>clampToGround</altitudeMode><coordinates>7.261616969481111,45.380193404853344,1779.0599999999999</coordinates></Point></Placemark><Placemark><TimeSpan><begin>2019-09-28T07:12:46Z</begin><end>2019-09-28T07:13:10Z</end></TimeSpan><styleUrl>#point</styleUrl><Point><altitudeMode>clampToGround</altitudeMode><coordinates>7.261570617556572,45.380200697109103,1779.0599999999999</coordinates></Point></Placemark><Placemark><TimeSpan><begin>2019-09-28T07:13:10Z</begin><end>2019-09-28T07:13:39Z</end></TimeSpan><styleUrl>#point</styleUrl><Point><altitudeMode>clampToGround</altitudeMode><coordinates>7.261537928134203,45.380177311599255,1779.0599999999999</coordinates></Point></Placemark><Placemark><TimeSpan><begin>2019-09-28T07:13:39Z</begin><end>2019-09-28T07:14:08Z</end></TimeSpan><styleUrl>#point</styleUrl><Point><altitudeMode>clampToGround</altitudeMode><coordinates>7.261579502373934,45.380200948566198,1779.54</coordinates></Point></Placemark><Placemark><TimeSpan><begin>2019-09-28T07:14:08Z</begin><end>2019-09-28T07:14:31Z</end></TimeSpan><styleUrl>#point</styleUrl><Point><altitudeMode>clampToGround</altitudeMode><coordinates>7.261573299765587,45.380178401246667,1779.54</coordinates></Point></Placemark><Placemark><TimeSpan><begin>2019-09-28T07:14:31Z</begin><end>2019-09-28T07:14:57Z</end></TimeSpan><styleUrl>#point</styleUrl><Point><altitudeMode>clampToGround</altitudeMode><coordinates>7.261621914803982,45.380196170881391,1779.54</coordinates></Point></Placemark><Placemark><TimeSpan><begin>2019-09-28T07:14:57Z</begin><end>2019-09-28T07:15:22Z</end></TimeSpan><styleUrl>#point</styleUrl><Point><altitudeMode>clampToGround</altitudeMode><coordinates>7.26162375882268,45.380192063748837,1779.54</coordinates></Point></Placemark><Placemark><TimeSpan><begin>2019-09-28T07:15:22Z</begin><end>2019-09-28T07:15:49Z</end></TimeSpan><styleUrl>#point</styleUrl><Point><altitudeMode>clampToGround</altitudeMode><coordinates>7.261600457131863,45.380180412903428,1779.54</coordinates></Point></Placemark><Placemark><TimeSpan><begin>2019-09-28T07:15:49Z</begin><end>2019-09-28T07:16:21Z</end></TimeSpan><styleUrl>#point</styleUrl><Point><altitudeMode>clampToGround</altitudeMode><coordinates>7.261561313644052,45.380149651318789,1779.54</coordinates></Point></Placemark><Placemark><TimeSpan><begin>2019-09-28T07:16:21Z</begin><end>2019-09-28T07:16:43Z</end></TimeSpan><styleUrl>#point</styleUrl><Point><altitudeMode>clampToGround</altitudeMode><coordinates>7.261592326685786,45.380145963281393,1779.54</coordinates></Point></Placemark><Placemark><TimeSpan><begin>2019-09-28T07:16:43Z</begin><end>2019-09-28T07:17:06Z</end></TimeSpan><styleUrl>#point</styleUrl><Point><altitudeMode>clampToGround</altitudeMode><coordinates>7.261599702760577,45.380172114819288,1779.54</coordinates></Point></Placemark><Placemark><TimeSpan><begin>2019-09-28T07:17:06Z</begin><end>2019-09-28T07:17:18Z</end></TimeSpan><styleUrl>#point</styleUrl><Point><altitudeMode>clampToGround</altitudeMode><coordinates>7.261516219004989,45.380208408460021,1778.0999999999999</coordinates></Point></Placemark><Placemark><TimeSpan><begin>2019-09-28T07:17:18Z</begin><end>2019-09-28T07:17:32Z</end></TimeSpan><styleUrl>#point</styleUrl><Point><altitudeMode>clampToGround</altitudeMode><coordinates>7.261422593146563,45.380270099267364,1775.6900000000001</coordinates></Point></Placemark><Placemark><TimeSpan><begin>2019-09-28T07:17:32Z</begin><end>2019-09-28T07:17:37Z</end></TimeSpan><styleUrl>#point</styleUrl><Point><altitudeMode>clampToGround</altitudeMode><coordinates>7.261404655873776,45.380264483392239,1774.25</coordinates></Point></Placemark><Placemark><TimeSpan><begin>2019-09-28T07:17:37Z</begin><end>2019-09-28T07:17:40Z</end></TimeSpan><styleUrl>#point</styleUrl><Point><altitudeMode>clampToGround</altitudeMode><coordinates>7.261366434395313,45.380269093438983,1773.77</coordinates></Point></Placemark><Placemark><TimeSpan><begin>2019-09-28T07:17:40Z</begin><end>2019-09-28T07:17:53Z</end></TimeSpan><styleUrl>#point</styleUrl><Point><altitudeMode>clampToGround</altitudeMode><coordinates>7.261253194883466,45.380339752882719,1771.8499999999999</coordinates></Point></Placemark><Placemark><TimeSpan><begin>2019-09-28T07:17:53Z</begin><end>2019-09-28T07:17:58Z</end></TimeSpan><styleUrl>#point</styleUrl><Point><altitudeMode>clampToGround</altitudeMode><coordinates>7.261219331994653,45.380366994068027,1770.8900000000001</coordinates></Point></Placemark><Placemark><TimeSpan><begin>2019-09-28T07:17:58Z</begin><end>2019-09-28T07:18:03Z</end></TimeSpan><styleUrl>#point</styleUrl><Point><altitudeMode>clampToGround</altitudeMode><coordinates>7.261161161586642,45.380404125899076,1770.8900000000001</coordinates></Point></Placemark><Placemark><TimeSpan><begin>2019-09-28T07:18:03Z</begin><end>2019-09-28T07:18:11Z</end></TimeSpan><styleUrl>#point</styleUrl><Point><altitudeMode>clampToGround</altitudeMode><coordinates>7.26103744469583,45.380434468388557,1769.9200000000001</coordinates></Point></Placemark><Placemark><TimeSpan><begin>2019-09-28T07:18:11Z</begin><end>2019-09-28T07:18:17Z</end></TimeSpan><styleUrl>#point</styleUrl><Point><altitudeMode>clampToGround</altitudeMode><coordinates>7.260962426662445,45.380415106192231,1769.4400000000001</coordinates></Point></Placemark><Placemark><TimeSpan><begin>2019-09-28T07:18:17Z</begin><end>2019-09-28T07:18:30Z</end></TimeSpan><styleUrl>#point</styleUrl><Point><altitudeMode>clampToGround</altitudeMode><coordinates>7.260818006470799,45.380441676825285,1769.4400000000001</coordinates></Point></Placemark><Placemark><TimeSpan><begin>2019-09-28T07:18:30Z</begin><end>2019-09-28T07:18:43Z</end></TimeSpan><styleUrl>#point</styleUrl><Point><altitudeMode>clampToGround</altitudeMode><coordinates>7.260675765573978,45.380459111183882,1769.4400000000001</coordinates></Point></Placemark><Placemark><TimeSpan><begin>2019-09-28T07:18:43Z</begin><end>2019-09-28T07:18:57Z</end></TimeSpan><styleUrl>#point</styleUrl><Point><altitudeMode>clampToGround</altitudeMode><coordinates>7.260551294311881,45.380467996001244,1768.96</coordinates></Point></Placemark><Placemark><TimeSpan><begin>2019-09-28T07:18:57Z</begin><end>2019-09-28T07:18:59Z</end></TimeSpan><styleUrl>#point</styleUrl><Point><altitudeMode>clampToGround</altitudeMode><coordinates>7.260540565475822,45.380482077598572,1768.96</coordinates></Point></Placemark><Placemark><TimeSpan><begin>2019-09-28T07:18:59Z</begin><end>2019-09-28T07:19:02Z</end></TimeSpan><styleUrl>#point</styleUrl><Point><altitudeMode>clampToGround</altitudeMode><coordinates>7.260516677051783,45.380502194166183,1768.48</coordinates></Point></Placemark><Placemark><TimeSpan><begin>2019-09-28T07:19:02Z</begin><end>2019-09-28T07:19:17Z</end></TimeSpan><styleUrl>#point</styleUrl><Point><altitudeMode>clampToGround</altitudeMode><coordinates>7.2603430878371,45.380530692636967,1768.96</coordinates></Point></Placemark><Placemark><TimeSpan><begin>2019-09-28T07:19:17Z</begin><end>2019-09-28T07:19:19Z</end></TimeSpan><styleUrl>#point</styleUrl><Point><altitudeMode>clampToGround</altitudeMode><coordinates>7.260338142514229,45.38053086027503,1768.96</coordinates></Point></Placemark><Placemark><TimeSpan><begin>2019-09-28T07:19:19Z</begin><end>2019-09-28T07:19:32Z</end></TimeSpan><styleUrl>#point</styleUrl><Point><altitudeMode>clampToGround</altitudeMode><coordinates>7.260221466422081,45.380506301298738,1768.48</coordinates></Point></Placemark><Placemark><TimeSpan><begin>2019-09-28T07:19:32Z</begin><end>2019-09-28T07:19:38Z</end></TimeSpan><styleUrl>#point</styleUrl><Point><altitudeMode>clampToGround</altitudeMode><coordinates>7.260166816413403,45.380515772849321,1768</coordinates></Point></Placemark><Placemark><TimeSpan><begin>2019-09-28T07:19:38Z</begin><end>2019-09-28T07:19:48Z</end></TimeSpan><styleUrl>#point</styleUrl><Point><altitudeMode>clampToGround</altitudeMode><coordinates>7.260111328214407,45.380577212199569,1767.52</coordinates></Point></Placemark><Placemark><TimeSpan><begin>2019-09-28T07:19:48Z</begin><end>2019-09-28T07:20:03Z</end></TimeSpan><styleUrl>#point</styleUrl><Point><altitudeMode>clampToGround</altitudeMode><coordinates>7.259976966306567,45.380549384281039,1765.1199999999999</coordinates></Point></Placemark><Placemark><TimeSpan><begin>2019-09-28T07:20:03Z</begin><end>2019-09-28T07:20:08Z</end></TimeSpan><styleUrl>#point</styleUrl><Point><altitudeMode>clampToGround</altitudeMode><coordinates>7.259954335168004,45.380514431744814,1766.5599999999999</coordinates></Point></Placemark><Placemark><TimeSpan><begin>2019-09-28T07:20:08Z</begin><end>2019-09-28T07:20:10Z</end></TimeSpan><styleUrl>#point</styleUrl><Point><altitudeMode>clampToGround</altitudeMode><coordinates>7.259936733171344,45.380498925223947,1766.5599999999999</coordinates></Point></Placemark><Placemark><TimeSpan><begin>2019-09-28T07:20:10Z</begin><end>2019-09-28T07:20:27Z</end></TimeSpan><styleUrl>#point</styleUrl><Point><altitudeMode>clampToGround</altitudeMode><coordinates>7.259852159768343,45.380447041243315,1766.5599999999999</coordinates></Point></Placemark><Placemark><TimeSpan><begin>2019-09-28T07:20:27Z</begin><end>2019-09-28T07:20:31Z</end></TimeSpan><styleUrl>#point</styleUrl><Point><altitudeMode>clampToGround</altitudeMode><coordinates>7.259848723188043,45.380452238023281,1766.5599999999999</coordinates></Point></Placemark><Placemark><TimeSpan><begin>2019-09-28T07:20:31Z</begin><end>2019-09-28T07:20:43Z</end></TimeSpan><styleUrl>#point</styleUrl><Point><altitudeMode>clampToGround</altitudeMode><coordinates>7.259919969365001,45.380531447008252,1767.04</coordinates></Point></Placemark><Placemark><TimeSpan><begin>2019-09-28T07:20:43Z</begin><end>2019-09-28T07:21:07Z</end></TimeSpan><styleUrl>#point</styleUrl><Point><altitudeMode>clampToGround</altitudeMode><coordinates>7.259986689314246,45.380567405372858,1767.52</coordinates></Point></Placemark><Placemark><TimeSpan><begin>2019-09-28T07:21:07Z</begin><end>2019-09-28T07:21:08Z</end></TimeSpan><styleUrl>#point</styleUrl><Point><altitudeMode>clampToGround</altitudeMode><coordinates>7.25999373011291,45.380569668486714,1767.52</coordinates></Point></Placemark><Placemark><TimeSpan><begin>2019-09-28T07:21:08Z</begin><end>2019-09-28T07:21:10Z</end></TimeSpan><styleUrl>#point</styleUrl><Point><altitudeMode>clampToGround</altitudeMode><coordinates>7.260014265775681,45.380582408979535,1765.5999999999999</coordinates></Point></Placemark><Placemark><TimeSpan><begin>2019-09-28T07:21:10Z</begin><end>2019-09-28T07:21:14Z</end></TimeSpan><styleUrl>#point</styleUrl><Point><altitudeMode>clampToGround</altitudeMode><coordinates>7.260072771459818,45.380594311282039,1765.1199999999999</coordinates></Point></Placemark><Placemark><TimeSpan><begin>2019-09-28T07:21:14Z</begin><end>2019-09-28T07:21:26Z</end></TimeSpan><styleUrl>#point</styleUrl><Point><altitudeMode>clampToGround</altitudeMode><coordinates>7.260165056213737,45.380485681816936,1764.6400000000001</coordinates></Point></Placemark><Placemark><TimeSpan><begin>2019-09-28T07:21:26Z</begin><end>2019-09-28T07:21:36Z</end></TimeSpan><styleUrl>#point</styleUrl><Point><altitudeMode>clampToGround</altitudeMode><coordinates>7.260253988206387,45.380450310185552,1765.5999999999999</coordinates></Point></Placemark><Placemark><TimeSpan><begin>2019-09-28T07:21:36Z</begin><end>2019-09-28T07:21:39Z</end></TimeSpan><styleUrl>#point</styleUrl><Point><altitudeMode>clampToGround</altitudeMode><coordinates>7.26029422134161,45.380443269386888,1765.5999999999999</coordinates></Point></Placemark><Placemark><TimeSpan><begin>2019-09-28T07:21:39Z</begin><end>2019-09-28T07:21:46Z</end></TimeSpan><styleUrl>#point</styleUrl><Point><altitudeMode>clampToGround</altitudeMode><coordinates>7.260409472510219,45.380413681268692,1764.1600000000001</coordinates></Point></Placemark><Placemark><TimeSpan><begin>2019-09-28T07:21:46Z</begin><end>2019-09-28T07:22:00Z</end></TimeSpan><styleUrl>#point</styleUrl><Point><altitudeMode>clampToGround</altitudeMode><coordinates>7.260574931278825,45.38037789054215,1764.6400000000001</coordinates></Point></Placemark><Placemark><TimeSpan><begin>2019-09-28T07:22:00Z</begin><end>2019-09-28T07:22:01Z</end></TimeSpan><styleUrl>#point</styleUrl><Point><altitudeMode>clampToGround</altitudeMode><coordinates>7.260584905743599,45.380379818379879,1764.1600000000001</coordinates></Point></Placemark><Placemark><TimeSpan><begin>2019-09-28T07:22:01Z</begin><end>2019-09-28T07:22:03Z</end></TimeSpan><styleUrl>#point</styleUrl><Point><altitudeMode>clampToGround</altitudeMode><coordinates>7.260610722005367,45.380388200283051,1766.0799999999999</coordinates></Point></Placemark><Placemark><TimeSpan><begin>2019-09-28T07:22:03Z</begin><end>2019-09-28T07:22:16Z</end></TimeSpan><styleUrl>#point</styleUrl><Point><altitudeMode>clampToGround</altitudeMode><coordinates>7.260750196874142,45.380404461175203,1768.48</coordinates></Point></Placemark><Placemark><TimeSpan><begin>2019-09-28T07:22:16Z</begin><end>2019-09-28T07:22:26Z</end></TimeSpan><styleUrl>#point</styleUrl><Point><altitudeMode>clampToGround</altitudeMode><coordinates>7.260766876861453,45.380384176969528,1768.48</coordinates></Point></Placemark><Placemark><TimeSpan><begin>2019-09-28T07:22:26Z</begin><end>2019-09-28T07:22:41Z</end></TimeSpan><styleUrl>#point</styleUrl><Point><altitudeMode>clampToGround</altitudeMode><coordinates>7.2607506159693,45.380361629649997,1768.48</coordinates></Point></Placemark><Placemark><TimeSpan><begin>2019-09-28T07:22:41Z</begin><end>2019-09-28T07:23:02Z</end></TimeSpan><styleUrl>#point</styleUrl><Point><altitudeMode>clampToGround</altitudeMode><coordinates>7.260741563513875,45.380358193069696,1768.48</coordinates></Point></Placemark><Placemark><TimeSpan><begin>2019-09-28T07:23:02Z</begin><end>2019-09-28T07:23:05Z</end></TimeSpan><styleUrl>#point</styleUrl><Point><altitudeMode>clampToGround</altitudeMode><coordinates>7.260791184380651,45.38037545979023,1769.4400000000001</coordinates></Point></Placemark><Placemark><TimeSpan><begin>2019-09-28T07:23:05Z</begin><end>2019-09-28T07:23:08Z</end></TimeSpan><styleUrl>#point</styleUrl><Point><altitudeMode>clampToGround</altitudeMode><coordinates>7.260836949571967,45.380386020988226,1769.4400000000001</coordinates></Point></Placemark><Placemark><TimeSpan><begin>2019-09-28T07:23:08Z</begin><end>2019-09-28T07:23:15Z</end></TimeSpan><styleUrl>#point</styleUrl><Point><altitudeMode>clampToGround</altitudeMode><coordinates>7.260922444984317,45.380393899977207,1769.4400000000001</coordinates></Point></Placemark><Placemark><TimeSpan><begin>2019-09-28T07:23:15Z</begin><end>2019-09-28T07:23:20Z</end></TimeSpan><styleUrl>#point</styleUrl><Point><altitudeMode>clampToGround</altitudeMode><coordinates>7.260982627049089,45.380442934110761,1769.4400000000001</coordinates></Point></Placemark><Placemark><TimeSpan><begin>2019-09-28T07:23:20Z</begin><end>2019-09-28T07:23:27Z</end></TimeSpan><styleUrl>#point</styleUrl><Point><altitudeMode>clampToGround</altitudeMode><coordinates>7.261082958430052,45.380452321842313,1769.9200000000001</coordinates></Point></Placemark><Placemark><TimeSpan><begin>2019-09-28T07:23:27Z</begin><end>2019-09-28T07:23:32Z</end></TimeSpan><styleUrl>#point</styleUrl><Point><altitudeMode>clampToGround</altitudeMode><coordinates>7.261151522397995,45.38042139261961,1771.3699999999999</coordinates></Point></Placemark><Placemark><TimeSpan><begin>2019-09-28T07:23:32Z</begin><end>2019-09-28T07:23:44Z</end></TimeSpan><styleUrl>#point</styleUrl><Point><altitudeMode>clampToGround</altitudeMode><coordinates>7.26127540692687,45.380349140614271,1771.3699999999999</coordinates></Point></Placemark><Placemark><TimeSpan><begin>2019-09-28T07:23:44Z</begin><end>2019-09-28T07:23:53Z</end></TimeSpan><styleUrl>#point</styleUrl><Point><altitudeMode>clampToGround</altitudeMode><coordinates>7.26137850433588,45.380288204178214,1774.25</coordinates></Point></Placemark><Placemark><TimeSpan><begin>2019-09-28T07:23:53Z</begin><end>2019-09-28T07:24:07Z</end></TimeSpan><styleUrl>#point</styleUrl><Point><altitudeMode>clampToGround</altitudeMode><coordinates>7.261509513482451,45.380243444815278,1777.1300000000001</coordinates></Point></Placemark><Placemark><TimeSpan><begin>2019-09-28T07:24:07Z</begin><end>2019-09-28T07:24:19Z</end></TimeSpan><styleUrl>#point</styleUrl><Point><altitudeMode>clampToGround</altitudeMode><coordinates>7.261628536507487,45.380206564441323,1780.02</coordinates></Point></Placemark><Placemark><TimeSpan><begin>2019-09-28T07:24:19Z</begin><end>2019-09-28T07:24:27Z</end></TimeSpan><styleUrl>#point</styleUrl><Point><altitudeMode>clampToGround</altitudeMode><coordinates>7.261697016656399,45.380164068192244,1781.9400000000001</coordinates></Point></Placemark><Placemark><TimeSpan><begin>2019-09-28T07:24:27Z</begin><end>2019-09-28T07:24:40Z</end></TimeSpan><styleUrl>#point</styleUrl><Point><altitudeMode>clampToGround</altitudeMode><coordinates>7.261809585615993,45.380090223625302,1783.3800000000001</coordinates></Point></Placemark><Placemark><TimeSpan><begin>2019-09-28T07:24:40Z</begin><end>2019-09-28T07:24:56Z</end></TimeSpan><styleUrl>#point</styleUrl><Point><altitudeMode>clampToGround</altitudeMode><coordinates>7.261814111843705,45.380072705447674,1783.8599999999999</coordinates></Point></Placemark><Placemark><TimeSpan><begin>2019-09-28T07:24:56Z</begin><end>2019-09-28T07:25:11Z</end></TimeSpan><styleUrl>#point</styleUrl><Point><altitudeMode>clampToGround</altitudeMode><coordinates>7.261944198980928,45.379960220307112,1785.3099999999999</coordinates></Point></Placemark><Placemark><TimeSpan><begin>2019-09-28T07:25:11Z</begin><end>2019-09-28T07:25:24Z</end></TimeSpan><styleUrl>#point</styleUrl><Point><altitudeMode>clampToGround</altitudeMode><coordinates>7.262029526755214,45.37989710457623,1787.71</coordinates></Point></Placemark><Placemark><TimeSpan><begin>2019-09-28T07:25:24Z</begin><end>2019-09-28T07:25:37Z</end></TimeSpan><styleUrl>#point</styleUrl><Point><altitudeMode>clampToGround</altitudeMode><coordinates>7.262155003845692,45.379840945824981,1790.1099999999999</coordinates></Point></Placemark><Placemark><TimeSpan><begin>2019-09-28T07:25:37Z</begin><end>2019-09-28T07:25:40Z</end></TimeSpan><styleUrl>#point</styleUrl><Point><altitudeMode>clampToGround</altitudeMode><coordinates>7.262188196182251,45.379830384626985,1790.1099999999999</coordinates></Point></Placemark><Placemark><TimeSpan><begin>2019-09-28T07:25:40Z</begin><end>2019-09-28T07:25:45Z</end></TimeSpan><styleUrl>#point</styleUrl><Point><altitudeMode>clampToGround</altitudeMode><coordinates>7.262264639139175,45.379844298586249,1788.6700000000001</coordinates></Point></Placemark><Placemark><TimeSpan><begin>2019-09-28T07:25:45Z</begin><end>2019-09-28T07:25:48Z</end></TimeSpan><styleUrl>#point</styleUrl><Point><altitudeMode>clampToGround</altitudeMode><coordinates>7.26231912150979,45.379842622205615,1788.6700000000001</coordinates></Point></Placemark><Placemark><TimeSpan><begin>2019-09-28T07:25:48Z</begin><end>2019-09-28T07:26:00Z</end></TimeSpan><styleUrl>#point</styleUrl><Point><altitudeMode>clampToGround</altitudeMode><coordinates>7.262477623298764,45.379756204783916,1790.5899999999999</coordinates></Point></Placemark><Placemark><TimeSpan><begin>2019-09-28T07:26:00Z</begin><end>2019-09-28T07:26:12Z</end></TimeSpan><styleUrl>#point</styleUrl><Point><altitudeMode>clampToGround</altitudeMode><coordinates>7.262585833668709,45.379704320803285,1792.52</coordinates></Point></Placemark><Placemark><TimeSpan><begin>2019-09-28T07:26:12Z</begin><end>2019-09-28T07:26:14Z</end></TimeSpan><styleUrl>#point</styleUrl><Point><altitudeMode>clampToGround</altitudeMode><coordinates>7.262597568333149,45.379686215892434,1793</coordinates></Point></Placemark><Placemark><TimeSpan><begin>2019-09-28T07:26:14Z</begin><end>2019-09-28T07:26:29Z</end></TimeSpan><styleUrl>#point</styleUrl><Point><altitudeMode>clampToGround</altitudeMode><coordinates>7.262802086770535,45.379619831219316,1795.8800000000001</coordinates></Point></Placemark><Placemark><TimeSpan><begin>2019-09-28T07:26:29Z</begin><end>2019-09-28T07:26:36Z</end></TimeSpan><styleUrl>#point</styleUrl><Point><altitudeMode>clampToGround</altitudeMode><coordinates>7.26288883946836,45.379587057977915,1797.3199999999999</coordinates></Point></Placemark><Placemark><TimeSpan><begin>2019-09-28T07:26:36Z</begin><end>2019-09-28T07:26:39Z</end></TimeSpan><styleUrl>#point</styleUrl><Point><altitudeMode>clampToGround</altitudeMode><coordinates>7.262942986562848,45.379587896168232,1797.3199999999999</coordinates></Point></Placemark><Placemark><TimeSpan><begin>2019-09-28T07:26:39Z</begin><end>2019-09-28T07:26:51Z</end></TimeSpan><styleUrl>#point</styleUrl><Point><altitudeMode>clampToGround</altitudeMode><coordinates>7.26306083612144,45.37958387285471,1798.76</coordinates></Point></Placemark><Placemark><TimeSpan><begin>2019-09-28T07:26:51Z</begin><end>2019-09-28T07:27:03Z</end></TimeSpan><styleUrl>#point</styleUrl><Point><altitudeMode>clampToGround</altitudeMode><coordinates>7.26323333568871,45.379597870633006,1798.76</coordinates></Point></Placemark><Placemark><TimeSpan><begin>2019-09-28T07:27:03Z</begin><end>2019-09-28T07:27:05Z</end></TimeSpan><styleUrl>#point</styleUrl><Point><altitudeMode>clampToGround</altitudeMode><coordinates>7.263263091444969,45.379595858976245,1797.8</coordinates></Point></Placemark><Placemark><TimeSpan><begin>2019-09-28T07:27:05Z</begin><end>2019-09-28T07:27:18Z</end></TimeSpan><styleUrl>#point</styleUrl><Point><altitudeMode>clampToGround</altitudeMode><coordinates>7.26342829875648,45.379628213122487,1796.3599999999999</coordinates></Point></Placemark><Placemark><TimeSpan><begin>2019-09-28T07:27:18Z</begin><end>2019-09-28T07:27:22Z</end></TimeSpan><styleUrl>#point</styleUrl><Point><altitudeMode>clampToGround</altitudeMode><coordinates>7.263478673994541,45.379641875624657,1798.28</coordinates></Point></Placemark><Placemark><TimeSpan><begin>2019-09-28T07:27:22Z</begin><end>2019-09-28T07:27:28Z</end></TimeSpan><styleUrl>#point</styleUrl><Point><altitudeMode>clampToGround</altitudeMode><coordinates>7.263545645400882,45.379648916423321,1798.76</coordinates></Point></Placemark><Placemark><TimeSpan><begin>2019-09-28T07:27:28Z</begin><end>2019-09-28T07:27:36Z</end></TimeSpan><styleUrl>#point</styleUrl><Point><altitudeMode>clampToGround</altitudeMode><coordinates>7.263659555464983,45.379665764048696,1798.76</coordinates></Point></Placemark><Placemark><TimeSpan><begin>2019-09-28T07:27:36Z</begin><end>2019-09-28T07:27:40Z</end></TimeSpan><styleUrl>#point</styleUrl><Point><altitudeMode>clampToGround</altitudeMode><coordinates>7.263714373111725,45.379683114588261,1798.28</coordinates></Point></Placemark><Placemark><TimeSpan><begin>2019-09-28T07:27:40Z</begin><end>2019-09-28T07:27:56Z</end></TimeSpan><styleUrl>#point</styleUrl><Point><altitudeMode>clampToGround</altitudeMode><coordinates>7.263909922912717,45.379708679392934,1798.28</coordinates></Point></Placemark><Placemark><TimeSpan><begin>2019-09-28T07:27:56Z</begin><end>2019-09-28T07:28:18Z</end></TimeSpan><styleUrl>#point</styleUrl><Point><altitudeMode>clampToGround</altitudeMode><coordinates>7.263889722526074,45.379725862294436,1798.28</coordinates></Point></Placemark><Placemark><TimeSpan><begin>2019-09-28T07:28:18Z</begin><end>2019-09-28T07:28:32Z</end></TimeSpan><styleUrl>#point</styleUrl><Point><altitudeMode>clampToGround</altitudeMode><coordinates>7.263714876025915,45.379687724635005,1798.28</coordinates></Point></Placemark><Placemark><TimeSpan><begin>2019-09-28T07:28:32Z</begin><end>2019-09-28T07:28:53Z</end></TimeSpan><styleUrl>#point</styleUrl><Point><altitudeMode>clampToGround</altitudeMode><coordinates>7.263721078634262,45.37968697026372,1797.3199999999999</coordinates></Point></Placemark><Placemark><TimeSpan><begin>2019-09-28T07:28:53Z</begin><end>2019-09-28T07:29:08Z</end></TimeSpan><styleUrl>#point</styleUrl><Point><altitudeMode>clampToGround</altitudeMode><coordinates>7.263721581548452,45.379689820110798,1797.3199999999999</coordinates></Point></Placemark><Placemark><TimeSpan><begin>2019-09-28T07:29:08Z</begin><end>2019-09-28T07:29:27Z</end></TimeSpan><styleUrl>#point</styleUrl><Point><altitudeMode>clampToGround</altitudeMode><coordinates>7.263734908774495,45.379686802625656,1797.3199999999999</coordinates></Point></Placemark><Placemark><TimeSpan><begin>2019-09-28T07:29:27Z</begin><end>2019-09-28T07:29:33Z</end></TimeSpan><styleUrl>#point</styleUrl><Point><altitudeMode>clampToGround</altitudeMode><coordinates>7.263815626502037,45.379698872566223,1797.3199999999999</coordinates></Point></Placemark><Placemark><TimeSpan><begin>2019-09-28T07:29:33Z</begin><end>2019-09-28T07:29:36Z</end></TimeSpan><styleUrl>#point</styleUrl><Point><altitudeMode>clampToGround</altitudeMode><coordinates>7.263865582644939,45.379705913364887,1797.3199999999999</coordinates></Point></Placemark><Placemark><TimeSpan><begin>2019-09-28T07:29:36Z</begin><end>2019-09-28T07:29:41Z</end></TimeSpan><styleUrl>#point</styleUrl><Point><altitudeMode>clampToGround</altitudeMode><coordinates>7.263966333121061,45.379709685221314,1797.3199999999999</coordinates></Point></Placemark><Placemark><TimeSpan><begin>2019-09-28T07:29:41Z</begin><end>2019-09-28T07:29:44Z</end></TimeSpan><styleUrl>#point</styleUrl><Point><altitudeMode>clampToGround</altitudeMode><coordinates>7.264013690873981,45.379720414057374,1797.3199999999999</coordinates></Point></Placemark><Placemark><TimeSpan><begin>2019-09-28T07:29:44Z</begin><end>2019-09-28T07:29:51Z</end></TimeSpan><styleUrl>#point</styleUrl><Point><altitudeMode>clampToGround</altitudeMode><coordinates>7.264130618423224,45.37972854450345,1798.76</coordinates></Point></Placemark><Placemark><TimeSpan><begin>2019-09-28T07:29:51Z</begin><end>2019-09-28T07:29:53Z</end></TimeSpan><styleUrl>#point</styleUrl><Point><altitudeMode>clampToGround</altitudeMode><coordinates>7.264156602323055,45.379736591130495,1798.76</coordinates></Point></Placemark><Placemark><TimeSpan><begin>2019-09-28T07:29:53Z</begin><end>2019-09-28T07:29:57Z</end></TimeSpan><styleUrl>#point</styleUrl><Point><altitudeMode>clampToGround</altitudeMode><coordinates>7.264195075258613,45.379757713526487,1799.73</coordinates></Point></Placemark><Placemark><TimeSpan><begin>2019-09-28T07:29:57Z</begin><end>2019-09-28T07:30:03Z</end></TimeSpan><styleUrl>#point</styleUrl><Point><altitudeMode>clampToGround</altitudeMode><coordinates>7.264287108555436,45.379775399342179,1799.73</coordinates></Point></Placemark><Placemark><TimeSpan><begin>2019-09-28T07:30:03Z</begin><end>2019-09-28T07:30:09Z</end></TimeSpan><styleUrl>#point</styleUrl><Point><altitudeMode>clampToGround</altitudeMode><coordinates>7.26435324177146,45.379806831479073,1800.6900000000001</coordinates></Point></Placemark><Placemark><TimeSpan><begin>2019-09-28T07:30:09Z</begin><end>2019-09-28T07:30:23Z</end></TimeSpan><styleUrl>#point</styleUrl><Point><altitudeMode>clampToGround</altitudeMode><coordinates>7.264546193182468,45.379872964695096,1799.73</coordinates></Point></Placemark><Placemark><TimeSpan><begin>2019-09-28T07:30:23Z</begin><end>2019-09-28T07:30:36Z</end></TimeSpan><styleUrl>#point</styleUrl><Point><altitudeMode>clampToGround</altitudeMode><coordinates>7.264736210927367,45.379884699359536,1799.73</coordinates></Point></Placemark><Placemark><TimeSpan><begin>2019-09-28T07:30:36Z</begin><end>2019-09-28T07:30:45Z</end></TimeSpan><styleUrl>#point</styleUrl><Point><altitudeMode>clampToGround</altitudeMode><coordinates>7.264879960566759,45.379890818148851,1799.73</coordinates></Point></Placemark><Placemark><TimeSpan><begin>2019-09-28T07:30:45Z</begin><end>2019-09-28T07:30:59Z</end></TimeSpan><styleUrl>#point</styleUrl><Point><altitudeMode>clampToGround</altitudeMode><coordinates>7.265098979696631,45.379895176738501,1798.76</coordinates></Point></Placemark><Placemark><TimeSpan><begin>2019-09-28T07:30:59Z</begin><end>2019-09-28T07:31:09Z</end></TimeSpan><styleUrl>#point</styleUrl><Point><altitudeMode>clampToGround</altitudeMode><coordinates>7.265249183401465,45.379909593611956,1798.76</coordinates></Point></Placemark><Placemark><TimeSpan><begin>2019-09-28T07:31:09Z</begin><end>2019-09-28T07:31:15Z</end></TimeSpan><styleUrl>#point</styleUrl><Point><altitudeMode>clampToGround</altitudeMode><coordinates>7.265352532267571,45.379905737936497,1797.8</coordinates></Point></Placemark><Placemark><TimeSpan><begin>2019-09-28T07:31:15Z</begin><end>2019-09-28T07:31:23Z</end></TimeSpan><styleUrl>#point</styleUrl><Point><altitudeMode>clampToGround</altitudeMode><coordinates>7.265475243330002,45.379913197830319,1797.8</coordinates></Point></Placemark><Placemark><TimeSpan><begin>2019-09-28T07:31:23Z</begin><end>2019-09-28T07:31:28Z</end></TimeSpan><styleUrl>#point</styleUrl><Point><altitudeMode>clampToGround</altitudeMode><coordinates>7.265570713207126,45.379910347983241,1797.3199999999999</coordinates></Point></Placemark><Placemark><TimeSpan><begin>2019-09-28T07:31:28Z</begin><end>2019-09-28T07:31:42Z</end></TimeSpan><styleUrl>#point</styleUrl><Point><altitudeMode>clampToGround</altitudeMode><coordinates>7.265636678785086,45.37993717007339,1796.8399999999999</coordinates></Point></Placemark><Placemark><TimeSpan><begin>2019-09-28T07:31:42Z</begin><end>2019-09-28T07:31:54Z</end></TimeSpan><styleUrl>#point</styleUrl><Point><altitudeMode>clampToGround</altitudeMode><coordinates>7.265795515850186,45.379986455664039,1796.8399999999999</coordinates></Point></Placemark><Placemark><TimeSpan><begin>2019-09-28T07:31:54Z</begin><end>2019-09-28T07:32:08Z</end></TimeSpan><styleUrl>#point</styleUrl><Point><altitudeMode>clampToGround</altitudeMode><coordinates>7.265925938263536,45.38010086864233,1795.4000000000001</coordinates></Point></Placemark><Placemark><TimeSpan><begin>2019-09-28T07:32:08Z</begin><end>2019-09-28T07:32:21Z</end></TimeSpan><styleUrl>#point</styleUrl><Point><altitudeMode>clampToGround</altitudeMode><coordinates>7.266114950180054,45.3801628947258,1795.4000000000001</coordinates></Point></Placemark><Placemark><TimeSpan><begin>2019-09-28T07:32:21Z</begin><end>2019-09-28T07:32:23Z</end></TimeSpan><styleUrl>#point</styleUrl><Point><altitudeMode>clampToGround</altitudeMode><coordinates>7.266132133081555,45.380174713209271,1794.9200000000001</coordinates></Point></Placemark><Placemark><TimeSpan><begin>2019-09-28T07:32:23Z</begin><end>2019-09-28T07:32:27Z</end></TimeSpan><styleUrl>#point</styleUrl><Point><altitudeMode>clampToGround</altitudeMode><coordinates>7.266175299882889,45.380199775099754,1793.96</coordinates></Point></Placemark><Placemark><TimeSpan><begin>2019-09-28T07:32:27Z</begin><end>2019-09-28T07:32:29Z</end></TimeSpan><styleUrl>#point</styleUrl><Point><altitudeMode>clampToGround</altitudeMode><coordinates>7.266199020668864,45.380213269963861,1793.96</coordinates></Point></Placemark><Placemark><TimeSpan><begin>2019-09-28T07:32:29Z</begin><end>2019-09-28T07:32:40Z</end></TimeSpan><styleUrl>#point</styleUrl><Point><altitudeMode>clampToGround</altitudeMode><coordinates>7.266372526064515,45.380244869738817,1791.55</coordinates></Point></Placemark><Placemark><TimeSpan><begin>2019-09-28T07:32:40Z</begin><end>2019-09-28T07:32:46Z</end></TimeSpan><styleUrl>#point</styleUrl><Point><altitudeMode>clampToGround</altitudeMode><coordinates>7.266445364803076,45.380283091217279,1791.55</coordinates></Point></Placemark><Placemark><TimeSpan><begin>2019-09-28T07:32:46Z</begin><end>2019-09-28T07:32:53Z</end></TimeSpan><styleUrl>#point</styleUrl><Point><altitudeMode>clampToGround</altitudeMode><coordinates>7.266551395878196,45.380313014611602,1792.03</coordinates></Point></Placemark><Placemark><TimeSpan><begin>2019-09-28T07:32:53Z</begin><end>2019-09-28T07:32:58Z</end></TimeSpan><styleUrl>#point</styleUrl><Point><altitudeMode>clampToGround</altitudeMode><coordinates>7.266614763066173,45.380342770367861,1792.03</coordinates></Point></Placemark><Placemark><TimeSpan><begin>2019-09-28T07:32:58Z</begin><end>2019-09-28T07:33:00Z</end></TimeSpan><styleUrl>#point</styleUrl><Point><altitudeMode>clampToGround</altitudeMode><coordinates>7.266638400033116,45.380358276888728,1792.03</coordinates></Point></Placemark><Placemark><TimeSpan><begin>2019-09-28T07:33:00Z</begin><end>2019-09-28T07:33:03Z</end></TimeSpan><styleUrl>#point</styleUrl><Point><altitudeMode>clampToGround</altitudeMode><coordinates>7.266685254871845,45.38035836070776,1792.03</coordinates></Point></Placemark><Placemark><TimeSpan><begin>2019-09-28T07:33:03Z</begin><end>2019-09-28T07:33:16Z</end></TimeSpan><styleUrl>#point</styleUrl><Point><altitudeMode>clampToGround</altitudeMode><coordinates>7.26691072806716,45.380377387627959,1790.1099999999999</coordinates></Point></Placemark><Placemark><TimeSpan><begin>2019-09-28T07:33:16Z</begin><end>2019-09-28T07:33:21Z</end></TimeSpan><styleUrl>#point</styleUrl><Point><altitudeMode>clampToGround</altitudeMode><coordinates>7.26697375997901,45.380398593842983,1790.1099999999999</coordinates></Point></Placemark><Placemark><TimeSpan><begin>2019-09-28T07:33:21Z</begin><end>2019-09-28T07:33:23Z</end></TimeSpan><styleUrl>#point</styleUrl><Point><altitudeMode>clampToGround</altitudeMode><coordinates>7.267007706686854,45.380396079272032,1790.1099999999999</coordinates></Point></Placemark><Placemark><TimeSpan><begin>2019-09-28T07:33:23Z</begin><end>2019-09-28T07:33:27Z</end></TimeSpan><styleUrl>#point</styleUrl><Point><altitudeMode>clampToGround</altitudeMode><coordinates>7.267077947035432,45.380409993231297,1790.1099999999999</coordinates></Point></Placemark><Placemark><TimeSpan><begin>2019-09-28T07:33:27Z</begin><end>2019-09-28T07:33:31Z</end></TimeSpan><styleUrl>#point</styleUrl><Point><altitudeMode>clampToGround</altitudeMode><coordinates>7.267148857936263,45.380420722067356,1790.1099999999999</coordinates></Point></Placemark><Placemark><TimeSpan><begin>2019-09-28T07:33:31Z</begin><end>2019-09-28T07:33:47Z</end></TimeSpan><styleUrl>#point</styleUrl><Point><altitudeMode>clampToGround</altitudeMode><coordinates>7.267442811280489,45.380446705967188,1789.1500000000001</coordinates></Point></Placemark><Placemark><TimeSpan><begin>2019-09-28T07:33:47Z</begin><end>2019-09-28T07:34:04Z</end></TimeSpan><styleUrl>#point</styleUrl><Point><altitudeMode>clampToGround</altitudeMode><coordinates>7.267720503732562,45.380557011812925,1787.23</coordinates></Point></Placemark><Placemark><TimeSpan><begin>2019-09-28T07:34:04Z</begin><end>2019-09-28T07:34:18Z</end></TimeSpan><styleUrl>#point</styleUrl><Point><altitudeMode>clampToGround</altitudeMode><coordinates>7.267940863966942,45.380634712055326,1784.8199999999999</coordinates></Point></Placemark><Placemark><TimeSpan><begin>2019-09-28T07:34:18Z</begin><end>2019-09-28T07:34:31Z</end></TimeSpan><styleUrl>#point</styleUrl><Point><altitudeMode>clampToGround</altitudeMode><coordinates>7.268130211159587,45.380646195262671,1781.9400000000001</coordinates></Point></Placemark><Placemark><TimeSpan><begin>2019-09-28T07:34:31Z</begin><end>2019-09-28T07:34:45Z</end></TimeSpan><styleUrl>#point</styleUrl><Point><altitudeMode>clampToGround</altitudeMode><coordinates>7.268322324380279,45.380707299336791,1780.5</coordinates></Point></Placemark><Placemark><TimeSpan><begin>2019-09-28T07:34:45Z</begin><end>2019-09-28T07:34:48Z</end></TimeSpan><styleUrl>#point</styleUrl><Point><altitudeMode>clampToGround</altitudeMode><coordinates>7.268351493403316,45.38073412142694,1780.5</coordinates></Point></Placemark><Placemark><TimeSpan><begin>2019-09-28T07:34:48Z</begin><end>2019-09-28T07:34:55Z</end></TimeSpan><styleUrl>#point</styleUrl><Point><altitudeMode>clampToGround</altitudeMode><coordinates>7.268457859754562,45.380766643211246,1780.02</coordinates></Point></Placemark><Placemark><TimeSpan><begin>2019-09-28T07:34:55Z</begin><end>2019-09-28T07:34:59Z</end></TimeSpan><styleUrl>#point</styleUrl><Point><altitudeMode>clampToGround</altitudeMode><coordinates>7.268512928858399,45.380795812234282,1780.02</coordinates></Point></Placemark><Placemark><TimeSpan><begin>2019-09-28T07:34:59Z</begin><end>2019-09-28T07:35:03Z</end></TimeSpan><styleUrl>#point</styleUrl><Point><altitudeMode>clampToGround</altitudeMode><coordinates>7.268575374037027,45.380809810012579,1779.0599999999999</coordinates></Point></Placemark><Placemark><TimeSpan><begin>2019-09-28T07:35:03Z</begin><end>2019-09-28T07:35:17Z</end></TimeSpan><styleUrl>#point</styleUrl><Point><altitudeMode>clampToGround</altitudeMode><coordinates>7.268641926348209,45.380803858861327,1777.6099999999999</coordinates></Point></Placemark><Placemark><TimeSpan><begin>2019-09-28T07:35:17Z</begin><end>2019-09-28T07:35:32Z</end></TimeSpan><styleUrl>#point</styleUrl><Point><altitudeMode>clampToGround</altitudeMode><coordinates>7.268672771751881,45.380788184702396,1775.6900000000001</coordinates></Point></Placemark><Placemark><TimeSpan><begin>2019-09-28T07:35:32Z</begin><end>2019-09-28T07:35:40Z</end></TimeSpan><styleUrl>#point</styleUrl><Point><altitudeMode>clampToGround</altitudeMode><coordinates>7.268726415932179,45.380729511380196,1772.8099999999999</coordinates></Point></Placemark><Placemark><TimeSpan><begin>2019-09-28T07:35:40Z</begin><end>2019-09-28T07:35:52Z</end></TimeSpan><styleUrl>#point</styleUrl><Point><altitudeMode>clampToGround</altitudeMode><coordinates>7.268822304904461,45.380725068971515,1769.9200000000001</coordinates></Point></Placemark><Placemark><TimeSpan><begin>2019-09-28T07:35:52Z</begin><end>2019-09-28T07:36:04Z</end></TimeSpan><styleUrl>#point</styleUrl><Point><altitudeMode>clampToGround</altitudeMode><coordinates>7.268896317109466,45.380779886618257,1767.52</coordinates></Point></Placemark><Placemark><TimeSpan><begin>2019-09-28T07:36:04Z</begin><end>2019-09-28T07:36:17Z</end></TimeSpan><styleUrl>#point</styleUrl><Point><altitudeMode>clampToGround</altitudeMode><coordinates>7.268989104777575,45.380835374817252,1764.6400000000001</coordinates></Point></Placemark><Placemark><TimeSpan><begin>2019-09-28T07:36:17Z</begin><end>2019-09-28T07:36:20Z</end></TimeSpan><styleUrl>#point</styleUrl><Point><altitudeMode>clampToGround</altitudeMode><coordinates>7.268991703167558,45.380829423666,1765.1199999999999</coordinates></Point></Placemark><Placemark><TimeSpan><begin>2019-09-28T07:36:20Z</begin><end>2019-09-28T07:36:26Z</end></TimeSpan><styleUrl>#point</styleUrl><Point><altitudeMode>clampToGround</altitudeMode><coordinates>7.268983907997608,45.38080545142293,1764.1600000000001</coordinates></Point></Placemark><Placemark><TimeSpan><begin>2019-09-28T07:36:26Z</begin><end>2019-09-28T07:36:38Z</end></TimeSpan><styleUrl>#point</styleUrl><Point><altitudeMode>clampToGround</altitudeMode><coordinates>7.269034786149859,45.38074049167335,1761.75</coordinates></Point></Placemark><Placemark><TimeSpan><begin>2019-09-28T07:36:38Z</begin><end>2019-09-28T07:36:48Z</end></TimeSpan><styleUrl>#point</styleUrl><Point><altitudeMode>clampToGround</altitudeMode><coordinates>7.269127909094095,45.380754740908742,1758.3900000000001</coordinates></Point></Placemark><Placemark><TimeSpan><begin>2019-09-28T07:36:48Z</begin><end>2019-09-28T07:36:58Z</end></TimeSpan><styleUrl>#point</styleUrl><Point><altitudeMode>clampToGround</altitudeMode><coordinates>7.269220277667046,45.380752896890044,1755.02</coordinates></Point></Placemark><Placemark><TimeSpan><begin>2019-09-28T07:36:58Z</begin><end>2019-09-28T07:37:11Z</end></TimeSpan><styleUrl>#point</styleUrl><Point><altitudeMode>clampToGround</altitudeMode><coordinates>7.269305689260364,45.380780976265669,1753.0999999999999</coordinates></Point></Placemark><Placemark><TimeSpan><begin>2019-09-28T07:37:11Z</begin><end>2019-09-28T07:37:14Z</end></TimeSpan><styleUrl>#point</styleUrl><Point><altitudeMode>clampToGround</altitudeMode><coordinates>7.2693504486233,45.380787430331111,1751.6600000000001</coordinates></Point></Placemark><Placemark><TimeSpan><begin>2019-09-28T07:37:14Z</begin><end>2019-09-28T07:37:28Z</end></TimeSpan><styleUrl>#point</styleUrl><Point><altitudeMode>clampToGround</altitudeMode><coordinates>7.26940325461328,45.380791034549475,1749.26</coordinates></Point></Placemark><Placemark><TimeSpan><begin>2019-09-28T07:37:28Z</begin><end>2019-09-28T07:37:41Z</end></TimeSpan><styleUrl>#point</styleUrl><Point><altitudeMode>clampToGround</altitudeMode><coordinates>7.269413564354181,45.380699504166842,1746.8499999999999</coordinates></Point></Placemark><Placemark><TimeSpan><begin>2019-09-28T07:37:41Z</begin><end>2019-09-28T07:37:52Z</end></TimeSpan><styleUrl>#point</styleUrl><Point><altitudeMode>clampToGround</altitudeMode><coordinates>7.269421191886067,45.380631107836962,1743.49</coordinates></Point></Placemark><Placemark><TimeSpan><begin>2019-09-28T07:37:52Z</begin><end>2019-09-28T07:38:02Z</end></TimeSpan><styleUrl>#point</styleUrl><Point><altitudeMode>clampToGround</altitudeMode><coordinates>7.269444325938821,45.380576541647315,1740.1199999999999</coordinates></Point></Placemark><Placemark><TimeSpan><begin>2019-09-28T07:38:02Z</begin><end>2019-09-28T07:38:15Z</end></TimeSpan><styleUrl>#point</styleUrl><Point><altitudeMode>clampToGround</altitudeMode><coordinates>7.26955127902329,45.380529351532459,1738.6800000000001</coordinates></Point></Placemark><Placemark><TimeSpan><begin>2019-09-28T07:38:15Z</begin><end>2019-09-28T07:38:26Z</end></TimeSpan><styleUrl>#point</styleUrl><Point><altitudeMode>clampToGround</altitudeMode><coordinates>7.269665021449328,45.380554413422942,1736.28</coordinates></Point></Placemark><Placemark><TimeSpan><begin>2019-09-28T07:38:26Z</begin><end>2019-09-28T07:38:40Z</end></TimeSpan><styleUrl>#point</styleUrl><Point><altitudeMode>clampToGround</altitudeMode><coordinates>7.269799718633294,45.380622306838632,1733.3900000000001</coordinates></Point></Placemark><Placemark><TimeSpan><begin>2019-09-28T07:38:40Z</begin><end>2019-09-28T07:38:54Z</end></TimeSpan><styleUrl>#point</styleUrl><Point><altitudeMode>clampToGround</altitudeMode><coordinates>7.269932152703404,45.380620211362839,1730.99</coordinates></Point></Placemark><Placemark><TimeSpan><begin>2019-09-28T07:38:54Z</begin><end>2019-09-28T07:39:05Z</end></TimeSpan><styleUrl>#point</styleUrl><Point><altitudeMode>clampToGround</altitudeMode><coordinates>7.269873563200235,45.380617780610919,1731.47</coordinates></Point></Placemark><Placemark><TimeSpan><begin>2019-09-28T07:39:05Z</begin><end>2019-09-28T07:39:30Z</end></TimeSpan><styleUrl>#point</styleUrl><Point><altitudeMode>clampToGround</altitudeMode><coordinates>7.269893931224942,45.380617948248982,1731.95</coordinates></Point></Placemark><Placemark><TimeSpan><begin>2019-09-28T07:39:30Z</begin><end>2019-09-28T07:39:45Z</end></TimeSpan><styleUrl>#point</styleUrl><Point><altitudeMode>clampToGround</altitudeMode><coordinates>7.269919579848647,45.380649380385876,1730.99</coordinates></Point></Placemark><Placemark><TimeSpan><begin>2019-09-28T07:39:45Z</begin><end>2019-09-28T07:39:47Z</end></TimeSpan><styleUrl>#point</styleUrl><Point><altitudeMode>clampToGround</altitudeMode><coordinates>7.269936008378863,45.380658684298396,1730.51</coordinates></Point></Placemark><Placemark><TimeSpan><begin>2019-09-28T07:39:47Z</begin><end>2019-09-28T07:40:01Z</end></TimeSpan><styleUrl>#point</styleUrl><Point><altitudeMode>clampToGround</altitudeMode><coordinates>7.2700584679842,45.380710568279028,1728.5899999999999</coordinates></Point></Placemark><Placemark><TimeSpan><begin>2019-09-28T07:40:01Z</begin><end>2019-09-28T07:40:14Z</end></TimeSpan><styleUrl>#point</styleUrl><Point><altitudeMode>clampToGround</altitudeMode><coordinates>7.270127031952143,45.380777707323432,1727.6300000000001</coordinates></Point></Placemark><Placemark><TimeSpan><begin>2019-09-28T07:40:14Z</begin><end>2019-09-28T07:40:28Z</end></TimeSpan><styleUrl>#point</styleUrl><Point><altitudeMode>clampToGround</altitudeMode><coordinates>7.270231386646628,45.380858676508069,1725.7</coordinates></Point></Placemark><Placemark><TimeSpan><begin>2019-09-28T07:40:28Z</begin><end>2019-09-28T07:40:41Z</end></TimeSpan><styleUrl>#point</styleUrl><Point><altitudeMode>clampToGround</altitudeMode><coordinates>7.270397767424583,45.380869572982192,1723.3</coordinates></Point></Placemark><Placemark><TimeSpan><begin>2019-09-28T07:40:41Z</begin><end>2019-09-28T07:40:53Z</end></TimeSpan><styleUrl>#point</styleUrl><Point><altitudeMode>clampToGround</altitudeMode><coordinates>7.270460966974497,45.380869153887033,1721.3800000000001</coordinates></Point></Placemark><Placemark><TimeSpan><begin>2019-09-28T07:40:53Z</begin><end>2019-09-28T07:41:05Z</end></TimeSpan><styleUrl>#point</styleUrl><Point><altitudeMode>clampToGround</altitudeMode><coordinates>7.270509665831924,45.380905531346798,1719.9400000000001</coordinates></Point></Placemark><Placemark><TimeSpan><begin>2019-09-28T07:41:05Z</begin><end>2019-09-28T07:41:25Z</end></TimeSpan><styleUrl>#point</styleUrl><Point><altitudeMode>clampToGround</altitudeMode><coordinates>7.270507737994194,45.380892539396882,1719.9400000000001</coordinates></Point></Placemark><Placemark><TimeSpan><begin>2019-09-28T07:41:25Z</begin><end>2019-09-28T07:41:41Z</end></TimeSpan><styleUrl>#point</styleUrl><Point><altitudeMode>clampToGround</altitudeMode><coordinates>7.270507654175162,45.380879463627934,1719.46</coordinates></Point></Placemark><Placemark><TimeSpan><begin>2019-09-28T07:41:41Z</begin><end>2019-09-28T07:41:59Z</end></TimeSpan><styleUrl>#point</styleUrl><Point><altitudeMode>clampToGround</altitudeMode><coordinates>7.270494159311056,45.380787514150143,1718.49</coordinates></Point></Placemark><Placemark><TimeSpan><begin>2019-09-28T07:41:59Z</begin><end>2019-09-28T07:42:08Z</end></TimeSpan><styleUrl>#point</styleUrl><Point><altitudeMode>clampToGround</altitudeMode><coordinates>7.270578565075994,45.380761362612247,1716.5699999999999</coordinates></Point></Placemark><Placemark><TimeSpan><begin>2019-09-28T07:42:08Z</begin><end>2019-09-28T07:42:11Z</end></TimeSpan><styleUrl>#point</styleUrl><Point><altitudeMode>clampToGround</altitudeMode><coordinates>7.270646542310715,45.38075415417552,1716.0899999999999</coordinates></Point></Placemark><Placemark><TimeSpan><begin>2019-09-28T07:42:11Z</begin><end>2019-09-28T07:42:19Z</end></TimeSpan><styleUrl>#point</styleUrl><Point><altitudeMode>clampToGround</altitudeMode><coordinates>7.270725918933749,45.380713250488043,1712.73</coordinates></Point></Placemark><Placemark><TimeSpan><begin>2019-09-28T07:42:19Z</begin><end>2019-09-28T07:42:28Z</end></TimeSpan><styleUrl>#point</styleUrl><Point><altitudeMode>clampToGround</altitudeMode><coordinates>7.270834632217884,45.380719536915421,1709.8399999999999</coordinates></Point></Placemark><Placemark><TimeSpan><begin>2019-09-28T07:42:28Z</begin><end>2019-09-28T07:42:34Z</end></TimeSpan><styleUrl>#point</styleUrl><Point><altitudeMode>clampToGround</altitudeMode><coordinates>7.270904453471303,45.380717441439629,1708.4000000000001</coordinates></Point></Placemark><Placemark><TimeSpan><begin>2019-09-28T07:42:34Z</begin><end>2019-09-28T07:42:36Z</end></TimeSpan><styleUrl>#point</styleUrl><Point><altitudeMode>clampToGround</altitudeMode><coordinates>7.270928928628564,45.380722470581532,1707.4400000000001</coordinates></Point></Placemark><Placemark><TimeSpan><begin>2019-09-28T07:42:36Z</begin><end>2019-09-28T07:42:47Z</end></TimeSpan><styleUrl>#point</styleUrl><Point><altitudeMode>clampToGround</altitudeMode><coordinates>7.271011238917708,45.380712999030948,1704.0699999999999</coordinates></Point></Placemark><Placemark><TimeSpan><begin>2019-09-28T07:42:47Z</begin><end>2019-09-28T07:42:57Z</end></TimeSpan><styleUrl>#point</styleUrl><Point><altitudeMode>clampToGround</altitudeMode><coordinates>7.271091789007187,45.380718698725104,1700.71</coordinates></Point></Placemark><Placemark><TimeSpan><begin>2019-09-28T07:42:57Z</begin><end>2019-09-28T07:43:09Z</end></TimeSpan><styleUrl>#point</styleUrl><Point><altitudeMode>clampToGround</altitudeMode><coordinates>7.271225480362773,45.380701767280698,1697.8299999999999</coordinates></Point></Placemark><Placemark><TimeSpan><begin>2019-09-28T07:43:09Z</begin><end>2019-09-28T07:43:24Z</end></TimeSpan><styleUrl>#point</styleUrl><Point><altitudeMode>clampToGround</altitudeMode><coordinates>7.271336205303669,45.380741665139794,1694.9400000000001</coordinates></Point></Placemark><Placemark><TimeSpan><begin>2019-09-28T07:43:24Z</begin><end>2019-09-28T07:43:32Z</end></TimeSpan><styleUrl>#point</styleUrl><Point><altitudeMode>clampToGround</altitudeMode><coordinates>7.271361099556088,45.380768990144134,1694.46</coordinates></Point></Placemark><Placemark><TimeSpan><begin>2019-09-28T07:43:32Z</begin><end>2019-09-28T07:43:45Z</end></TimeSpan><styleUrl>#point</styleUrl><Point><altitudeMode>clampToGround</altitudeMode><coordinates>7.271426897495985,45.380817772820592,1691.0999999999999</coordinates></Point></Placemark><Placemark><TimeSpan><begin>2019-09-28T07:43:45Z</begin><end>2019-09-28T07:43:57Z</end></TimeSpan><styleUrl>#point</styleUrl><Point><altitudeMode>clampToGround</altitudeMode><coordinates>7.271470064297319,45.380865214392543,1688.6900000000001</coordinates></Point></Placemark><Placemark><TimeSpan><begin>2019-09-28T07:43:57Z</begin><end>2019-09-28T07:44:13Z</end></TimeSpan><styleUrl>#point</styleUrl><Point><altitudeMode>clampToGround</altitudeMode><coordinates>7.271483642980456,45.380892036482692,1688.6900000000001</coordinates></Point></Placemark><Placemark><TimeSpan><begin>2019-09-28T07:44:13Z</begin><end>2019-09-28T07:44:24Z</end></TimeSpan><styleUrl>#point</styleUrl><Point><altitudeMode>clampToGround</altitudeMode><coordinates>7.271528234705329,45.380956912413239,1686.77</coordinates></Point></Placemark><Placemark><TimeSpan><begin>2019-09-28T07:44:24Z</begin><end>2019-09-28T07:44:29Z</end></TimeSpan><styleUrl>#point</styleUrl><Point><altitudeMode>clampToGround</altitudeMode><coordinates>7.271527228876948,45.380950123071671,1686.29</coordinates></Point></Placemark><Placemark><TimeSpan><begin>2019-09-28T07:44:29Z</begin><end>2019-09-28T07:44:43Z</end></TimeSpan><styleUrl>#point</styleUrl><Point><altitudeMode>clampToGround</altitudeMode><coordinates>7.271606270223856,45.380917601287365,1684.3699999999999</coordinates></Point></Placemark><Placemark><TimeSpan><begin>2019-09-28T07:44:43Z</begin><end>2019-09-28T07:44:58Z</end></TimeSpan><styleUrl>#point</styleUrl><Point><altitudeMode>clampToGround</altitudeMode><coordinates>7.2715781070292,45.381027823314071,1684.3699999999999</coordinates></Point></Placemark><Placemark><TimeSpan><begin>2019-09-28T07:44:58Z</begin><end>2019-09-28T07:45:12Z</end></TimeSpan><styleUrl>#point</styleUrl><Point><altitudeMode>clampToGround</altitudeMode><coordinates>7.271597469225526,45.381112899631262,1683.4100000000001</coordinates></Point></Placemark><Placemark><TimeSpan><begin>2019-09-28T07:45:12Z</begin><end>2019-09-28T07:45:26Z</end></TimeSpan><styleUrl>#point</styleUrl><Point><altitudeMode>clampToGround</altitudeMode><coordinates>7.271592523902655,45.381173249334097,1682.4400000000001</coordinates></Point></Placemark><Placemark><TimeSpan><begin>2019-09-28T07:45:26Z</begin><end>2019-09-28T07:45:43Z</end></TimeSpan><styleUrl>#point</styleUrl><Point><altitudeMode>clampToGround</altitudeMode><coordinates>7.27161917835474,45.381193030625582,1682.4400000000001</coordinates></Point></Placemark><Placemark><TimeSpan><begin>2019-09-28T07:45:43Z</begin><end>2019-09-28T07:45:57Z</end></TimeSpan><styleUrl>#point</styleUrl><Point><altitudeMode>clampToGround</altitudeMode><coordinates>7.271674247458577,45.381321022287011,1679.5599999999999</coordinates></Point></Placemark><Placemark><TimeSpan><begin>2019-09-28T07:45:57Z</begin><end>2019-09-28T07:46:01Z</end></TimeSpan><styleUrl>#point</styleUrl><Point><altitudeMode>clampToGround</altitudeMode><coordinates>7.271665530279279,45.381372990086675,1679.0799999999999</coordinates></Point></Placemark><Placemark><TimeSpan><begin>2019-09-28T07:46:01Z</begin><end>2019-09-28T07:46:15Z</end></TimeSpan><styleUrl>#point</styleUrl><Point><altitudeMode>clampToGround</altitudeMode><coordinates>7.271694531664252,45.381472818553448,1677.1600000000001</coordinates></Point></Placemark><Placemark><TimeSpan><begin>2019-09-28T07:46:15Z</begin><end>2019-09-28T07:46:30Z</end></TimeSpan><styleUrl>#point</styleUrl><Point><altitudeMode>clampToGround</altitudeMode><coordinates>7.271582214161754,45.381579520180821,1680.52</coordinates></Point></Placemark><Placemark><TimeSpan><begin>2019-09-28T07:46:30Z</begin><end>2019-09-28T07:46:44Z</end></TimeSpan><styleUrl>#point</styleUrl><Point><altitudeMode>clampToGround</altitudeMode><coordinates>7.271448355168104,45.381631823256612,1683.8900000000001</coordinates></Point></Placemark><Placemark><TimeSpan><begin>2019-09-28T07:46:44Z</begin><end>2019-09-28T07:46:57Z</end></TimeSpan><styleUrl>#point</styleUrl><Point><altitudeMode>clampToGround</altitudeMode><coordinates>7.271428070962429,45.381678342819214,1683.8900000000001</coordinates></Point></Placemark><Placemark><TimeSpan><begin>2019-09-28T07:46:57Z</begin><end>2019-09-28T07:47:10Z</end></TimeSpan><styleUrl>#point</styleUrl><Point><altitudeMode>clampToGround</altitudeMode><coordinates>7.271335870027542,45.38172016851604,1686.29</coordinates></Point></Placemark><Placemark><TimeSpan><begin>2019-09-28T07:47:10Z</begin><end>2019-09-28T07:47:24Z</end></TimeSpan><styleUrl>#point</styleUrl><Point><altitudeMode>clampToGround</altitudeMode><coordinates>7.271211398765445,45.381812704727054,1689.1700000000001</coordinates></Point></Placemark><Placemark><TimeSpan><begin>2019-09-28T07:47:24Z</begin><end>2019-09-28T07:47:38Z</end></TimeSpan><styleUrl>#point</styleUrl><Point><altitudeMode>clampToGround</altitudeMode><coordinates>7.271139482036233,45.381872970610857,1690.6199999999999</coordinates></Point></Placemark><Placemark><TimeSpan><begin>2019-09-28T07:47:38Z</begin><end>2019-09-28T07:47:53Z</end></TimeSpan><styleUrl>#point</styleUrl><Point><altitudeMode>clampToGround</altitudeMode><coordinates>7.271031439304352,45.381927201524377,1693.5</coordinates></Point></Placemark><Placemark><TimeSpan><begin>2019-09-28T07:47:53Z</begin><end>2019-09-28T07:47:55Z</end></TimeSpan><styleUrl>#point</styleUrl><Point><altitudeMode>clampToGround</altitudeMode><coordinates>7.27101425640285,45.381930386647582,1694.9400000000001</coordinates></Point></Placemark><Placemark><TimeSpan><begin>2019-09-28T07:47:55Z</begin><end>2019-09-28T07:48:10Z</end></TimeSpan><styleUrl>#point</styleUrl><Point><altitudeMode>clampToGround</altitudeMode><coordinates>7.270947452634573,45.382053181529045,1696.8599999999999</coordinates></Point></Placemark><Placemark><TimeSpan><begin>2019-09-28T07:48:10Z</begin><end>2019-09-28T07:48:24Z</end></TimeSpan><styleUrl>#point</styleUrl><Point><altitudeMode>clampToGround</altitudeMode><coordinates>7.270889952778816,45.382162816822529,1699.75</coordinates></Point></Placemark><Placemark><TimeSpan><begin>2019-09-28T07:48:24Z</begin><end>2019-09-28T07:48:39Z</end></TimeSpan><styleUrl>#point</styleUrl><Point><altitudeMode>clampToGround</altitudeMode><coordinates>7.270848043262959,45.382241271436214,1702.6300000000001</coordinates></Point></Placemark><Placemark><TimeSpan><begin>2019-09-28T07:48:39Z</begin><end>2019-09-28T07:48:54Z</end></TimeSpan><styleUrl>#point</styleUrl><Point><altitudeMode>clampToGround</altitudeMode><coordinates>7.270863298326731,45.382267842069268,1702.6300000000001</coordinates></Point></Placemark><Placemark><TimeSpan><begin>2019-09-28T07:48:54Z</begin><end>2019-09-28T07:49:10Z</end></TimeSpan><styleUrl>#point</styleUrl><Point><altitudeMode>clampToGround</altitudeMode><coordinates>7.270786855369806,45.382381416857243,1704.55</coordinates></Point></Placemark><Placemark><TimeSpan><begin>2019-09-28T07:49:10Z</begin><end>2019-09-28T07:49:22Z</end></TimeSpan><styleUrl>#point</styleUrl><Point><altitudeMode>clampToGround</altitudeMode><coordinates>7.270718710497022,45.382420308887959,1706.96</coordinates></Point></Placemark><Placemark><TimeSpan><begin>2019-09-28T07:49:22Z</begin><end>2019-09-28T07:49:32Z</end></TimeSpan><styleUrl>#point</styleUrl><Point><altitudeMode>clampToGround</altitudeMode><coordinates>7.270640172064304,45.382449561730027,1710.3199999999999</coordinates></Point></Placemark><Placemark><TimeSpan><begin>2019-09-28T07:49:32Z</begin><end>2019-09-28T07:49:46Z</end></TimeSpan><styleUrl>#point</styleUrl><Point><altitudeMode>clampToGround</altitudeMode><coordinates>7.270507570356131,45.382497422397137,1712.73</coordinates></Point></Placemark><Placemark><TimeSpan><begin>2019-09-28T07:49:46Z</begin><end>2019-09-28T07:50:00Z</end></TimeSpan><styleUrl>#point</styleUrl><Point><altitudeMode>clampToGround</altitudeMode><coordinates>7.270426684990525,45.382542433217168,1715.1300000000001</coordinates></Point></Placemark><Placemark><TimeSpan><begin>2019-09-28T07:50:00Z</begin><end>2019-09-28T07:50:14Z</end></TimeSpan><styleUrl>#point</styleUrl><Point><altitudeMode>clampToGround</altitudeMode><coordinates>7.270362228155136,45.382635556161404,1717.53</coordinates></Point></Placemark><Placemark><TimeSpan><begin>2019-09-28T07:50:14Z</begin><end>2019-09-28T07:50:30Z</end></TimeSpan><styleUrl>#point</styleUrl><Point><altitudeMode>clampToGround</altitudeMode><coordinates>7.270289976149797,45.382730020210147,1720.9000000000001</coordinates></Point></Placemark><Placemark><TimeSpan><begin>2019-09-28T07:50:30Z</begin><end>2019-09-28T07:50:53Z</end></TimeSpan><styleUrl>#point</styleUrl><Point><altitudeMode>clampToGround</altitudeMode><coordinates>7.270338675007224,45.382729852572083,1720.9000000000001</coordinates></Point></Placemark><Placemark><TimeSpan><begin>2019-09-28T07:50:53Z</begin><end>2019-09-28T07:51:05Z</end></TimeSpan><styleUrl>#point</styleUrl><Point><altitudeMode>clampToGround</altitudeMode><coordinates>7.270299782976508,45.382811995223165,1722.3399999999999</coordinates></Point></Placemark><Placemark><TimeSpan><begin>2019-09-28T07:51:05Z</begin><end>2019-09-28T07:51:20Z</end></TimeSpan><styleUrl>#point</styleUrl><Point><altitudeMode>clampToGround</altitudeMode><coordinates>7.270237840712071,45.382824735715985,1724.74</coordinates></Point></Placemark><Placemark><TimeSpan><begin>2019-09-28T07:51:20Z</begin><end>2019-09-28T07:51:32Z</end></TimeSpan><styleUrl>#point</styleUrl><Point><altitudeMode>clampToGround</altitudeMode><coordinates>7.270215712487698,45.382812665775418,1727.1500000000001</coordinates></Point></Placemark><Placemark><TimeSpan><begin>2019-09-28T07:51:32Z</begin><end>2019-09-28T07:51:51Z</end></TimeSpan><styleUrl>#point</styleUrl><Point><altitudeMode>clampToGround</altitudeMode><coordinates>7.270194673910737,45.382939232513309,1729.55</coordinates></Point></Placemark><Placemark><TimeSpan><begin>2019-09-28T07:51:51Z</begin><end>2019-09-28T07:52:08Z</end></TimeSpan><styleUrl>#point</styleUrl><Point><altitudeMode>clampToGround</altitudeMode><coordinates>7.270124014467001,45.383015926927328,1732.9100000000001</coordinates></Point></Placemark><Placemark><TimeSpan><begin>2019-09-28T07:52:08Z</begin><end>2019-09-28T07:52:24Z</end></TimeSpan><styleUrl>#point</styleUrl><Point><altitudeMode>clampToGround</altitudeMode><coordinates>7.270053271204233,45.383076528087258,1735.3199999999999</coordinates></Point></Placemark><Placemark><TimeSpan><begin>2019-09-28T07:52:24Z</begin><end>2019-09-28T07:52:40Z</end></TimeSpan><styleUrl>#point</styleUrl><Point><altitudeMode>clampToGround</altitudeMode><coordinates>7.269986467435956,45.383111480623484,1738.2</coordinates></Point></Placemark><Placemark><TimeSpan><begin>2019-09-28T07:52:40Z</begin><end>2019-09-28T07:52:54Z</end></TimeSpan><styleUrl>#point</styleUrl><Point><altitudeMode>clampToGround</altitudeMode><coordinates>7.26995101198554,45.383100165054202,1740.5999999999999</coordinates></Point></Placemark><Placemark><TimeSpan><begin>2019-09-28T07:52:54Z</begin><end>2019-09-28T07:53:09Z</end></TimeSpan><styleUrl>#point</styleUrl><Point><altitudeMode>clampToGround</altitudeMode><coordinates>7.269856799393892,45.383103769272566,1743.01</coordinates></Point></Placemark><Placemark><TimeSpan><begin>2019-09-28T07:53:09Z</begin><end>2019-09-28T07:53:27Z</end></TimeSpan><styleUrl>#point</styleUrl><Point><altitudeMode>clampToGround</altitudeMode><coordinates>7.269821679219604,45.383080216124654,1745.4100000000001</coordinates></Point></Placemark><Placemark><TimeSpan><begin>2019-09-28T07:53:27Z</begin><end>2019-09-28T07:53:41Z</end></TimeSpan><styleUrl>#point</styleUrl><Point><altitudeMode>clampToGround</altitudeMode><coordinates>7.269746074452996,45.383078958839178,1748.29</coordinates></Point></Placemark><Placemark><TimeSpan><begin>2019-09-28T07:53:41Z</begin><end>2019-09-28T07:53:58Z</end></TimeSpan><styleUrl>#point</styleUrl><Point><altitudeMode>clampToGround</altitudeMode><coordinates>7.269695196300745,45.383198233321309,1750.7</coordinates></Point></Placemark><Placemark><TimeSpan><begin>2019-09-28T07:53:58Z</begin><end>2019-09-28T07:54:16Z</end></TimeSpan><styleUrl>#point</styleUrl><Point><altitudeMode>clampToGround</altitudeMode><coordinates>7.26959721185267,45.383305437862873,1753.0999999999999</coordinates></Point></Placemark><Placemark><TimeSpan><begin>2019-09-28T07:54:16Z</begin><end>2019-09-28T07:54:32Z</end></TimeSpan><styleUrl>#point</styleUrl><Point><altitudeMode>clampToGround</altitudeMode><coordinates>7.269543064758182,45.383364697918296,1756.47</coordinates></Point></Placemark><Placemark><TimeSpan><begin>2019-09-28T07:54:32Z</begin><end>2019-09-28T07:54:45Z</end></TimeSpan><styleUrl>#point</styleUrl><Point><altitudeMode>clampToGround</altitudeMode><coordinates>7.269524456933141,45.383385317400098,1757.9100000000001</coordinates></Point></Placemark><Placemark><TimeSpan><begin>2019-09-28T07:54:45Z</begin><end>2019-09-28T07:55:01Z</end></TimeSpan><styleUrl>#point</styleUrl><Point><altitudeMode>clampToGround</altitudeMode><coordinates>7.269422532990575,45.383445331826806,1760.79</coordinates></Point></Placemark><Placemark><TimeSpan><begin>2019-09-28T07:55:01Z</begin><end>2019-09-28T07:55:17Z</end></TimeSpan><styleUrl>#point</styleUrl><Point><altitudeMode>clampToGround</altitudeMode><coordinates>7.269383138045669,45.383478524163365,1763.2</coordinates></Point></Placemark><Placemark><TimeSpan><begin>2019-09-28T07:55:17Z</begin><end>2019-09-28T07:55:32Z</end></TimeSpan><styleUrl>#point</styleUrl><Point><altitudeMode>clampToGround</altitudeMode><coordinates>7.2693763487041,45.383414905518293,1765.5999999999999</coordinates></Point></Placemark><Placemark><TimeSpan><begin>2019-09-28T07:55:32Z</begin><end>2019-09-28T07:55:48Z</end></TimeSpan><styleUrl>#point</styleUrl><Point><altitudeMode>clampToGround</altitudeMode><coordinates>7.269322285428643,45.383388083428144,1768</coordinates></Point></Placemark><Placemark><TimeSpan><begin>2019-09-28T07:55:48Z</begin><end>2019-09-28T07:56:00Z</end></TimeSpan><styleUrl>#point</styleUrl><Point><altitudeMode>clampToGround</altitudeMode><coordinates>7.269177194684744,45.383390095084906,1770.4100000000001</coordinates></Point></Placemark><Placemark><TimeSpan><begin>2019-09-28T07:56:00Z</begin><end>2019-09-28T07:56:13Z</end></TimeSpan><styleUrl>#point</styleUrl><Point><altitudeMode>clampToGround</altitudeMode><coordinates>7.269100500270724,45.383427562192082,1772.8099999999999</coordinates></Point></Placemark><Placemark><TimeSpan><begin>2019-09-28T07:56:13Z</begin><end>2019-09-28T07:56:26Z</end></TimeSpan><styleUrl>#point</styleUrl><Point><altitudeMode>clampToGround</altitudeMode><coordinates>7.269048867747188,45.383492521941662,1774.25</coordinates></Point></Placemark><Placemark><TimeSpan><begin>2019-09-28T07:56:26Z</begin><end>2019-09-28T07:56:39Z</end></TimeSpan><styleUrl>#point</styleUrl><Point><altitudeMode>clampToGround</altitudeMode><coordinates>7.269006120041013,45.383451785892248,1775.6900000000001</coordinates></Point></Placemark><Placemark><TimeSpan><begin>2019-09-28T07:56:39Z</begin><end>2019-09-28T07:56:55Z</end></TimeSpan><styleUrl>#point</styleUrl><Point><altitudeMode>clampToGround</altitudeMode><coordinates>7.268922720104456,45.383490091189742,1779.0599999999999</coordinates></Point></Placemark><Placemark><TimeSpan><begin>2019-09-28T07:56:55Z</begin><end>2019-09-28T07:57:08Z</end></TimeSpan><styleUrl>#point</styleUrl><Point><altitudeMode>clampToGround</altitudeMode><coordinates>7.268871925771236,45.383539544418454,1780.5</coordinates></Point></Placemark><Placemark><TimeSpan><begin>2019-09-28T07:57:08Z</begin><end>2019-09-28T07:57:22Z</end></TimeSpan><styleUrl>#point</styleUrl><Point><altitudeMode>clampToGround</altitudeMode><coordinates>7.268856335431337,45.383622022345662,1783.3800000000001</coordinates></Point></Placemark><Placemark><TimeSpan><begin>2019-09-28T07:57:22Z</begin><end>2019-09-28T07:57:39Z</end></TimeSpan><styleUrl>#point</styleUrl><Point><altitudeMode>clampToGround</altitudeMode><coordinates>7.268841667100787,45.383665775880218,1785.79</coordinates></Point></Placemark><Placemark><TimeSpan><begin>2019-09-28T07:57:39Z</begin><end>2019-09-28T07:57:53Z</end></TimeSpan><styleUrl>#point</styleUrl><Point><altitudeMode>clampToGround</altitudeMode><coordinates>7.26880855858326,45.383757976815104,1788.1900000000001</coordinates></Point></Placemark><Placemark><TimeSpan><begin>2019-09-28T07:57:53Z</begin><end>2019-09-28T07:58:06Z</end></TimeSpan><styleUrl>#point</styleUrl><Point><altitudeMode>clampToGround</altitudeMode><coordinates>7.268756339326501,45.383751438930631,1790.1099999999999</coordinates></Point></Placemark><Placemark><TimeSpan><begin>2019-09-28T07:58:06Z</begin><end>2019-09-28T07:58:22Z</end></TimeSpan><styleUrl>#point</styleUrl><Point><altitudeMode>clampToGround</altitudeMode><coordinates>7.268695151433349,45.383817655965686,1793.48</coordinates></Point></Placemark><Placemark><TimeSpan><begin>2019-09-28T07:58:22Z</begin><end>2019-09-28T07:58:37Z</end></TimeSpan><styleUrl>#point</styleUrl><Point><altitudeMode>clampToGround</altitudeMode><coordinates>7.268700934946537,45.383931901305914,1794.9200000000001</coordinates></Point></Placemark><Placemark><TimeSpan><begin>2019-09-28T07:58:37Z</begin><end>2019-09-28T07:58:50Z</end></TimeSpan><styleUrl>#point</styleUrl><Point><altitudeMode>clampToGround</altitudeMode><coordinates>7.268681237474084,45.384003734216094,1796.8399999999999</coordinates></Point></Placemark><Placemark><TimeSpan><begin>2019-09-28T07:58:50Z</begin><end>2019-09-28T07:59:03Z</end></TimeSpan><styleUrl>#point</styleUrl><Point><altitudeMode>clampToGround</altitudeMode><coordinates>7.268598340451717,45.384064083918929,1798.28</coordinates></Point></Placemark><Placemark><TimeSpan><begin>2019-09-28T07:59:03Z</begin><end>2019-09-28T07:59:14Z</end></TimeSpan><styleUrl>#point</styleUrl><Point><altitudeMode>clampToGround</altitudeMode><coordinates>7.26852273568511,45.384094761684537,1799.73</coordinates></Point></Placemark><Placemark><TimeSpan><begin>2019-09-28T07:59:14Z</begin><end>2019-09-28T07:59:28Z</end></TimeSpan><styleUrl>#point</styleUrl><Point><altitudeMode>clampToGround</altitudeMode><coordinates>7.268434641882777,45.384099036455154,1801.1700000000001</coordinates></Point></Placemark><Placemark><TimeSpan><begin>2019-09-28T07:59:28Z</begin><end>2019-09-28T07:59:43Z</end></TimeSpan><styleUrl>#point</styleUrl><Point><altitudeMode>clampToGround</altitudeMode><coordinates>7.268319390714169,45.384117057546973,1804.05</coordinates></Point></Placemark><Placemark><TimeSpan><begin>2019-09-28T07:59:43Z</begin><end>2019-09-28T07:59:56Z</end></TimeSpan><styleUrl>#point</styleUrl><Point><altitudeMode>clampToGround</altitudeMode><coordinates>7.268257699906826,45.384108340367675,1805.49</coordinates></Point></Placemark><Placemark><TimeSpan><begin>2019-09-28T07:59:56Z</begin><end>2019-09-28T08:00:09Z</end></TimeSpan><styleUrl>#point</styleUrl><Point><altitudeMode>clampToGround</altitudeMode><coordinates>7.268188884481788,45.384112698957324,1807.4200000000001</coordinates></Point></Placemark><Placemark><TimeSpan><begin>2019-09-28T08:00:09Z</begin><end>2019-09-28T08:00:23Z</end></TimeSpan><styleUrl>#point</styleUrl><Point><altitudeMode>clampToGround</altitudeMode><coordinates>7.268087798729539,45.384159302338958,1809.8199999999999</coordinates></Point></Placemark><Placemark><TimeSpan><begin>2019-09-28T08:00:23Z</begin><end>2019-09-28T08:00:38Z</end></TimeSpan><styleUrl>#point</styleUrl><Point><altitudeMode>clampToGround</altitudeMode><coordinates>7.26800674572587,45.384202469140291,1812.22</coordinates></Point></Placemark><Placemark><TimeSpan><begin>2019-09-28T08:00:38Z</begin><end>2019-09-28T08:00:49Z</end></TimeSpan><styleUrl>#point</styleUrl><Point><altitudeMode>clampToGround</altitudeMode><coordinates>7.267961483448744,45.384245719760656,1814.1500000000001</coordinates></Point></Placemark><Placemark><TimeSpan><begin>2019-09-28T08:00:49Z</begin><end>2019-09-28T08:01:01Z</end></TimeSpan><styleUrl>#point</styleUrl><Point><altitudeMode>clampToGround</altitudeMode><coordinates>7.267937092110515,45.384317887946963,1815.1099999999999</coordinates></Point></Placemark><Placemark><TimeSpan><begin>2019-09-28T08:01:01Z</begin><end>2019-09-28T08:01:17Z</end></TimeSpan><styleUrl>#point</styleUrl><Point><altitudeMode>clampToGround</altitudeMode><coordinates>7.267876574769616,45.384398102760315,1817.03</coordinates></Point></Placemark><Placemark><TimeSpan><begin>2019-09-28T08:01:17Z</begin><end>2019-09-28T08:01:28Z</end></TimeSpan><styleUrl>#point</styleUrl><Point><altitudeMode>clampToGround</altitudeMode><coordinates>7.267835084348917,45.384421152994037,1819.4300000000001</coordinates></Point></Placemark><Placemark><TimeSpan><begin>2019-09-28T08:01:28Z</begin><end>2019-09-28T08:01:42Z</end></TimeSpan><styleUrl>#point</styleUrl><Point><altitudeMode>clampToGround</altitudeMode><coordinates>7.267776662483811,45.384444370865822,1820.8699999999999</coordinates></Point></Placemark><Placemark><TimeSpan><begin>2019-09-28T08:01:42Z</begin><end>2019-09-28T08:01:56Z</end></TimeSpan><styleUrl>#point</styleUrl><Point><altitudeMode>clampToGround</altitudeMode><coordinates>7.267735758796334,45.38452391512692,1823.28</coordinates></Point></Placemark><Placemark><TimeSpan><begin>2019-09-28T08:01:56Z</begin><end>2019-09-28T08:02:13Z</end></TimeSpan><styleUrl>#point</styleUrl><Point><altitudeMode>clampToGround</altitudeMode><coordinates>7.267680689692497,45.384615445509553,1825.6800000000001</coordinates></Point></Placemark><Placemark><TimeSpan><begin>2019-09-28T08:02:13Z</begin><end>2019-09-28T08:02:30Z</end></TimeSpan><styleUrl>#point</styleUrl><Point><altitudeMode>clampToGround</altitudeMode><coordinates>7.267632326111198,45.384676549583673,1829.05</coordinates></Point></Placemark><Placemark><TimeSpan><begin>2019-09-28T08:02:30Z</begin><end>2019-09-28T08:02:45Z</end></TimeSpan><styleUrl>#point</styleUrl><Point><altitudeMode>clampToGround</altitudeMode><coordinates>7.267639031633735,45.384781491011381,1831.45</coordinates></Point></Placemark><Placemark><TimeSpan><begin>2019-09-28T08:02:45Z</begin><end>2019-09-28T08:03:01Z</end></TimeSpan><styleUrl>#point</styleUrl><Point><altitudeMode>clampToGround</altitudeMode><coordinates>7.267645820975304,45.384891293942928,1833.3699999999999</coordinates></Point></Placemark><Placemark><TimeSpan><begin>2019-09-28T08:03:01Z</begin><end>2019-09-28T08:03:16Z</end></TimeSpan><styleUrl>#point</styleUrl><Point><altitudeMode>clampToGround</altitudeMode><coordinates>7.267651436850429,45.384992798790336,1835.29</coordinates></Point></Placemark><Placemark><TimeSpan><begin>2019-09-28T08:03:16Z</begin><end>2019-09-28T08:03:31Z</end></TimeSpan><styleUrl>#point</styleUrl><Point><altitudeMode>clampToGround</altitudeMode><coordinates>7.267623273655772,45.385055663064122,1836.74</coordinates></Point></Placemark><Placemark><TimeSpan><begin>2019-09-28T08:03:31Z</begin><end>2019-09-28T08:03:47Z</end></TimeSpan><styleUrl>#point</styleUrl><Point><altitudeMode>clampToGround</altitudeMode><coordinates>7.267597876489162,45.385130681097507,1839.1400000000001</coordinates></Point></Placemark><Placemark><TimeSpan><begin>2019-09-28T08:03:47Z</begin><end>2019-09-28T08:04:03Z</end></TimeSpan><styleUrl>#point</styleUrl><Point><altitudeMode>clampToGround</altitudeMode><coordinates>7.267542891204357,45.385198825970292,1841.0599999999999</coordinates></Point></Placemark><Placemark><TimeSpan><begin>2019-09-28T08:04:03Z</begin><end>2019-09-28T08:04:20Z</end></TimeSpan><styleUrl>#point</styleUrl><Point><altitudeMode>clampToGround</altitudeMode><coordinates>7.267476255074143,45.385290356352925,1843.47</coordinates></Point></Placemark><Placemark><TimeSpan><begin>2019-09-28T08:04:20Z</begin><end>2019-09-28T08:04:33Z</end></TimeSpan><styleUrl>#point</styleUrl><Point><altitudeMode>clampToGround</altitudeMode><coordinates>7.267435938119888,45.385361099615693,1844.9100000000001</coordinates></Point></Placemark><Placemark><TimeSpan><begin>2019-09-28T08:04:33Z</begin><end>2019-09-28T08:04:47Z</end></TimeSpan><styleUrl>#point</styleUrl><Point><altitudeMode>clampToGround</altitudeMode><coordinates>7.267354633659124,45.385436536744237,1847.79</coordinates></Point></Placemark><Placemark><TimeSpan><begin>2019-09-28T08:04:47Z</begin><end>2019-09-28T08:05:02Z</end></TimeSpan><styleUrl>#point</styleUrl><Point><altitudeMode>clampToGround</altitudeMode><coordinates>7.267270814627409,45.385486325249076,1848.75</coordinates></Point></Placemark><Placemark><TimeSpan><begin>2019-09-28T08:05:02Z</begin><end>2019-09-28T08:05:16Z</end></TimeSpan><styleUrl>#point</styleUrl><Point><altitudeMode>clampToGround</altitudeMode><coordinates>7.267144331708551,45.38553980179131,1850.6800000000001</coordinates></Point></Placemark><Placemark><TimeSpan><begin>2019-09-28T08:05:16Z</begin><end>2019-09-28T08:05:30Z</end></TimeSpan><styleUrl>#point</styleUrl><Point><altitudeMode>clampToGround</altitudeMode><coordinates>7.26703779771924,45.385593948885798,1852.1199999999999</coordinates></Point></Placemark><Placemark><TimeSpan><begin>2019-09-28T08:05:30Z</begin><end>2019-09-28T08:05:45Z</end></TimeSpan><styleUrl>#point</styleUrl><Point><altitudeMode>clampToGround</altitudeMode><coordinates>7.266971245408058,45.385649856179953,1854.52</coordinates></Point></Placemark><Placemark><TimeSpan><begin>2019-09-28T08:05:45Z</begin><end>2019-09-28T08:05:59Z</end></TimeSpan><styleUrl>#point</styleUrl><Point><altitudeMode>clampToGround</altitudeMode><coordinates>7.266912823542953,45.385723784565926,1856.4400000000001</coordinates></Point></Placemark><Placemark><TimeSpan><begin>2019-09-28T08:05:59Z</begin><end>2019-09-28T08:06:14Z</end></TimeSpan><styleUrl>#point</styleUrl><Point><altitudeMode>clampToGround</altitudeMode><coordinates>7.266855407506228,45.385819002985954,1857.8900000000001</coordinates></Point></Placemark><Placemark><TimeSpan><begin>2019-09-28T08:06:14Z</begin><end>2019-09-28T08:06:28Z</end></TimeSpan><styleUrl>#point</styleUrl><Point><altitudeMode>clampToGround</altitudeMode><coordinates>7.266782401129603,45.385890249162912,1858.8499999999999</coordinates></Point></Placemark><Placemark><TimeSpan><begin>2019-09-28T08:06:28Z</begin><end>2019-09-28T08:06:40Z</end></TimeSpan><styleUrl>#point</styleUrl><Point><altitudeMode>clampToGround</altitudeMode><coordinates>7.266748286783695,45.385976163670421,1859.8099999999999</coordinates></Point></Placemark><Placemark><TimeSpan><begin>2019-09-28T08:06:40Z</begin><end>2019-09-28T08:06:56Z</end></TimeSpan><styleUrl>#point</styleUrl><Point><altitudeMode>clampToGround</altitudeMode><coordinates>7.266652481630445,45.386093342676759,1861.25</coordinates></Point></Placemark><Placemark><TimeSpan><begin>2019-09-28T08:06:56Z</begin><end>2019-09-28T08:07:10Z</end></TimeSpan><styleUrl>#point</styleUrl><Point><altitudeMode>clampToGround</altitudeMode><coordinates>7.266567489132285,45.386183112859726,1861.25</coordinates></Point></Placemark><Placemark><TimeSpan><begin>2019-09-28T08:07:10Z</begin><end>2019-09-28T08:07:21Z</end></TimeSpan><styleUrl>#point</styleUrl><Point><altitudeMode>clampToGround</altitudeMode><coordinates>7.266533626243472,45.386273888871074,1861.73</coordinates></Point></Placemark><Placemark><TimeSpan><begin>2019-09-28T08:07:21Z</begin><end>2019-09-28T08:07:36Z</end></TimeSpan><styleUrl>#point</styleUrl><Point><altitudeMode>clampToGround</altitudeMode><coordinates>7.266445113345981,45.386384027078748,1863.6500000000001</coordinates></Point></Placemark><Placemark><TimeSpan><begin>2019-09-28T08:07:36Z</begin><end>2019-09-28T08:07:52Z</end></TimeSpan><styleUrl>#point</styleUrl><Point><altitudeMode>clampToGround</altitudeMode><coordinates>7.266373028978705,45.386464493349195,1865.5799999999999</coordinates></Point></Placemark><Placemark><TimeSpan><begin>2019-09-28T08:07:52Z</begin><end>2019-09-28T08:08:06Z</end></TimeSpan><styleUrl>#point</styleUrl><Point><altitudeMode>clampToGround</altitudeMode><coordinates>7.266334053128958,45.386535739526153,1866.0599999999999</coordinates></Point></Placemark><Placemark><TimeSpan><begin>2019-09-28T08:08:06Z</begin><end>2019-09-28T08:08:20Z</end></TimeSpan><styleUrl>#point</styleUrl><Point><altitudeMode>clampToGround</altitudeMode><coordinates>7.266400940716267,45.386652331799269,1866.54</coordinates></Point></Placemark><Placemark><TimeSpan><begin>2019-09-28T08:08:20Z</begin><end>2019-09-28T08:08:33Z</end></TimeSpan><styleUrl>#point</styleUrl><Point><altitudeMode>clampToGround</altitudeMode><coordinates>7.266431199386716,45.38673497736454,1868.46</coordinates></Point></Placemark><Placemark><TimeSpan><begin>2019-09-28T08:08:33Z</begin><end>2019-09-28T08:08:48Z</end></TimeSpan><styleUrl>#point</styleUrl><Point><altitudeMode>clampToGround</altitudeMode><coordinates>7.266460787504911,45.386829609051347,1870.3800000000001</coordinates></Point></Placemark><Placemark><TimeSpan><begin>2019-09-28T08:08:48Z</begin><end>2019-09-28T08:09:01Z</end></TimeSpan><styleUrl>#point</styleUrl><Point><altitudeMode>clampToGround</altitudeMode><coordinates>7.266474701464176,45.38691041059792,1872.79</coordinates></Point></Placemark><Placemark><TimeSpan><begin>2019-09-28T08:09:01Z</begin><end>2019-09-28T08:09:17Z</end></TimeSpan><styleUrl>#point</styleUrl><Point><altitudeMode>clampToGround</altitudeMode><coordinates>7.266540247946978,45.387007724493742,1874.23</coordinates></Point></Placemark><Placemark><TimeSpan><begin>2019-09-28T08:09:17Z</begin><end>2019-09-28T08:09:34Z</end></TimeSpan><styleUrl>#point</styleUrl><Point><altitudeMode>clampToGround</altitudeMode><coordinates>7.266574362292886,45.387091878801584,1877.1099999999999</coordinates></Point></Placemark><Placemark><TimeSpan><begin>2019-09-28T08:09:34Z</begin><end>2019-09-28T08:09:49Z</end></TimeSpan><styleUrl>#point</styleUrl><Point><altitudeMode>clampToGround</altitudeMode><coordinates>7.266603279858828,45.387172428891063,1880</coordinates></Point></Placemark><Placemark><TimeSpan><begin>2019-09-28T08:09:49Z</begin><end>2019-09-28T08:10:07Z</end></TimeSpan><styleUrl>#point</styleUrl><Point><altitudeMode>clampToGround</altitudeMode><coordinates>7.266628090292215,45.387270245701075,1882.4000000000001</coordinates></Point></Placemark><Placemark><TimeSpan><begin>2019-09-28T08:10:07Z</begin><end>2019-09-28T08:10:22Z</end></TimeSpan><styleUrl>#point</styleUrl><Point><altitudeMode>clampToGround</altitudeMode><coordinates>7.266615349799395,45.387334702536464,1884.8</coordinates></Point></Placemark><Placemark><TimeSpan><begin>2019-09-28T08:10:22Z</begin><end>2019-09-28T08:10:36Z</end></TimeSpan><styleUrl>#point</styleUrl><Point><altitudeMode>clampToGround</altitudeMode><coordinates>7.266590371727943,45.387368062511086,1886.72</coordinates></Point></Placemark><Placemark><TimeSpan><begin>2019-09-28T08:10:36Z</begin><end>2019-09-28T08:10:52Z</end></TimeSpan><styleUrl>#point</styleUrl><Point><altitudeMode>clampToGround</altitudeMode><coordinates>7.266565477475524,45.387448612600565,1889.1300000000001</coordinates></Point></Placemark><Placemark><TimeSpan><begin>2019-09-28T08:10:52Z</begin><end>2019-09-28T08:11:09Z</end></TimeSpan><styleUrl>#point</styleUrl><Point><altitudeMode>clampToGround</altitudeMode><coordinates>7.266524573788047,45.387515081092715,1892.01</coordinates></Point></Placemark><Placemark><TimeSpan><begin>2019-09-28T08:11:09Z</begin><end>2019-09-28T08:11:25Z</end></TimeSpan><styleUrl>#point</styleUrl><Point><altitudeMode>clampToGround</altitudeMode><coordinates>7.266519544646144,45.387583477422595,1893.9300000000001</coordinates></Point></Placemark><Placemark><TimeSpan><begin>2019-09-28T08:11:25Z</begin><end>2019-09-28T08:11:39Z</end></TimeSpan><styleUrl>#point</styleUrl><Point><altitudeMode>clampToGround</altitudeMode><coordinates>7.266545277088881,45.387669140473008,1896.3399999999999</coordinates></Point></Placemark><Placemark><TimeSpan><begin>2019-09-28T08:11:39Z</begin><end>2019-09-28T08:11:54Z</end></TimeSpan><styleUrl>#point</styleUrl><Point><altitudeMode>clampToGround</altitudeMode><coordinates>7.266576960682869,45.387734184041619,1898.26</coordinates></Point></Placemark><Placemark><TimeSpan><begin>2019-09-28T08:11:54Z</begin><end>2019-09-28T08:12:08Z</end></TimeSpan><styleUrl>#point</styleUrl><Point><altitudeMode>clampToGround</altitudeMode><coordinates>7.266655415296555,45.387816829606891,1899.7</coordinates></Point></Placemark><Placemark><TimeSpan><begin>2019-09-28T08:12:08Z</begin><end>2019-09-28T08:12:23Z</end></TimeSpan><styleUrl>#point</styleUrl><Point><altitudeMode>clampToGround</altitudeMode><coordinates>7.266710484400392,45.38790425285697,1901.6300000000001</coordinates></Point></Placemark><Placemark><TimeSpan><begin>2019-09-28T08:12:23Z</begin><end>2019-09-28T08:12:39Z</end></TimeSpan><styleUrl>#point</styleUrl><Point><altitudeMode>clampToGround</altitudeMode><coordinates>7.26673923432827,45.387986730784178,1903.55</coordinates></Point></Placemark><Placemark><TimeSpan><begin>2019-09-28T08:12:39Z</begin><end>2019-09-28T08:12:54Z</end></TimeSpan><styleUrl>#point</styleUrl><Point><altitudeMode>clampToGround</altitudeMode><coordinates>7.26681986823678,45.388073567301035,1904.99</coordinates></Point></Placemark><Placemark><TimeSpan><begin>2019-09-28T08:12:54Z</begin><end>2019-09-28T08:13:11Z</end></TimeSpan><styleUrl>#point</styleUrl><Point><altitudeMode>clampToGround</altitudeMode><coordinates>7.266860017552972,45.388165516778827,1906.9100000000001</coordinates></Point></Placemark><Placemark><TimeSpan><begin>2019-09-28T08:13:11Z</begin><end>2019-09-28T08:13:26Z</end></TimeSpan><styleUrl>#point</styleUrl><Point><altitudeMode>clampToGround</altitudeMode><coordinates>7.266843169927597,45.388239193707705,1909.8</coordinates></Point></Placemark><Placemark><TimeSpan><begin>2019-09-28T08:13:26Z</begin><end>2019-09-28T08:13:43Z</end></TimeSpan><styleUrl>#point</styleUrl><Point><altitudeMode>clampToGround</altitudeMode><coordinates>7.266790950670838,45.388318486511707,1912.2</coordinates></Point></Placemark><Placemark><TimeSpan><begin>2019-09-28T08:13:43Z</begin><end>2019-09-28T08:13:57Z</end></TimeSpan><styleUrl>#point</styleUrl><Point><altitudeMode>clampToGround</altitudeMode><coordinates>7.266779048368335,45.388393504545093,1914.1199999999999</coordinates></Point></Placemark><Placemark><TimeSpan><begin>2019-09-28T08:13:57Z</begin><end>2019-09-28T08:14:10Z</end></TimeSpan><styleUrl>#point</styleUrl><Point><altitudeMode>clampToGround</altitudeMode><coordinates>7.266786759719253,45.388465085998178,1915.5599999999999</coordinates></Point></Placemark><Placemark><TimeSpan><begin>2019-09-28T08:14:10Z</begin><end>2019-09-28T08:14:23Z</end></TimeSpan><styleUrl>#point</styleUrl><Point><altitudeMode>clampToGround</altitudeMode><coordinates>7.266739150509238,45.388515377417207,1917.01</coordinates></Point></Placemark><Placemark><TimeSpan><begin>2019-09-28T08:14:23Z</begin><end>2019-09-28T08:14:40Z</end></TimeSpan><styleUrl>#point</styleUrl><Point><altitudeMode>clampToGround</altitudeMode><coordinates>7.266697240993381,45.388563489541411,1919.4100000000001</coordinates></Point></Placemark><Placemark><TimeSpan><begin>2019-09-28T08:14:40Z</begin><end>2019-09-28T08:14:54Z</end></TimeSpan><styleUrl>#point</styleUrl><Point><altitudeMode>clampToGround</altitudeMode><coordinates>7.266656504943967,45.388632221147418,1921.8099999999999</coordinates></Point></Placemark><Placemark><TimeSpan><begin>2019-09-28T08:14:54Z</begin><end>2019-09-28T08:15:08Z</end></TimeSpan><styleUrl>#point</styleUrl><Point><altitudeMode>clampToGround</altitudeMode><coordinates>7.266617026180029,45.388693241402507,1923.74</coordinates></Point></Placemark><Placemark><TimeSpan><begin>2019-09-28T08:15:08Z</begin><end>2019-09-28T08:15:24Z</end></TimeSpan><styleUrl>#point</styleUrl><Point><altitudeMode>clampToGround</altitudeMode><coordinates>7.266559777781367,45.388804972171783,1925.6600000000001</coordinates></Point></Placemark><Placemark><TimeSpan><begin>2019-09-28T08:15:24Z</begin><end>2019-09-28T08:15:39Z</end></TimeSpan><styleUrl>#point</styleUrl><Point><altitudeMode>clampToGround</altitudeMode><coordinates>7.266508983448148,45.388870853930712,1927.5799999999999</coordinates></Point></Placemark><Placemark><TimeSpan><begin>2019-09-28T08:15:39Z</begin><end>2019-09-28T08:15:53Z</end></TimeSpan><styleUrl>#point</styleUrl><Point><altitudeMode>clampToGround</altitudeMode><coordinates>7.266424242407084,45.388929024338722,1930.46</coordinates></Point></Placemark><Placemark><TimeSpan><begin>2019-09-28T08:15:53Z</begin><end>2019-09-28T08:16:07Z</end></TimeSpan><styleUrl>#point</styleUrl><Point><altitudeMode>clampToGround</altitudeMode><coordinates>7.266334556043148,45.389034803956747,1930.95</coordinates></Point></Placemark><Placemark><TimeSpan><begin>2019-09-28T08:16:07Z</begin><end>2019-09-28T08:16:22Z</end></TimeSpan><styleUrl>#point</styleUrl><Point><altitudeMode>clampToGround</altitudeMode><coordinates>7.266243025660515,45.389072606340051,1932.8699999999999</coordinates></Point></Placemark><Placemark><TimeSpan><begin>2019-09-28T08:16:22Z</begin><end>2019-09-28T08:16:36Z</end></TimeSpan><styleUrl>#point</styleUrl><Point><altitudeMode>clampToGround</altitudeMode><coordinates>7.266147807240486,45.389119293540716,1935.27</coordinates></Point></Placemark><Placemark><TimeSpan><begin>2019-09-28T08:16:36Z</begin><end>2019-09-28T08:16:49Z</end></TimeSpan><styleUrl>#point</styleUrl><Point><altitudeMode>clampToGround</altitudeMode><coordinates>7.266068095341325,45.389179307967424,1937.6700000000001</coordinates></Point></Placemark><Placemark><TimeSpan><begin>2019-09-28T08:16:49Z</begin><end>2019-09-28T08:17:04Z</end></TimeSpan><styleUrl>#point</styleUrl><Point><altitudeMode>clampToGround</altitudeMode><coordinates>7.2659623157233,45.389227168634534,1940.0799999999999</coordinates></Point></Placemark><Placemark><TimeSpan><begin>2019-09-28T08:17:04Z</begin><end>2019-09-28T08:17:19Z</end></TimeSpan><styleUrl>#point</styleUrl><Point><altitudeMode>clampToGround</altitudeMode><coordinates>7.265905067324638,45.389330852776766,1941.52</coordinates></Point></Placemark><Placemark><TimeSpan><begin>2019-09-28T08:17:19Z</begin><end>2019-09-28T08:17:36Z</end></TimeSpan><styleUrl>#point</styleUrl><Point><altitudeMode>clampToGround</altitudeMode><coordinates>7.265848657116294,45.38941316306591,1944.4000000000001</coordinates></Point></Placemark><Placemark><TimeSpan><begin>2019-09-28T08:17:36Z</begin><end>2019-09-28T08:17:53Z</end></TimeSpan><styleUrl>#point</styleUrl><Point><altitudeMode>clampToGround</altitudeMode><coordinates>7.265841029584408,45.389478038996458,1945.3599999999999</coordinates></Point></Placemark><Placemark><TimeSpan><begin>2019-09-28T08:17:53Z</begin><end>2019-09-28T08:18:06Z</end></TimeSpan><styleUrl>#point</styleUrl><Point><altitudeMode>clampToGround</altitudeMode><coordinates>7.265846896916628,45.389564959332347,1946.3299999999999</coordinates></Point></Placemark><Placemark><TimeSpan><begin>2019-09-28T08:18:06Z</begin><end>2019-09-28T08:18:22Z</end></TimeSpan><styleUrl>#point</styleUrl><Point><altitudeMode>clampToGround</altitudeMode><coordinates>7.265800796449184,45.389631176367402,1948.73</coordinates></Point></Placemark><Placemark><TimeSpan><begin>2019-09-28T08:18:22Z</begin><end>2019-09-28T08:18:35Z</end></TimeSpan><styleUrl>#point</styleUrl><Point><altitudeMode>clampToGround</altitudeMode><coordinates>7.265765927731991,45.389688927680254,1951.1300000000001</coordinates></Point></Placemark><Placemark><TimeSpan><begin>2019-09-28T08:18:35Z</begin><end>2019-09-28T08:18:49Z</end></TimeSpan><styleUrl>#point</styleUrl><Point><altitudeMode>clampToGround</altitudeMode><coordinates>7.265693759545684,45.389773081988096,1953.0599999999999</coordinates></Point></Placemark><Placemark><TimeSpan><begin>2019-09-28T08:18:49Z</begin><end>2019-09-28T08:19:07Z</end></TimeSpan><styleUrl>#point</styleUrl><Point><altitudeMode>clampToGround</altitudeMode><coordinates>7.265618909150362,45.389884477481246,1954.5</coordinates></Point></Placemark><Placemark><TimeSpan><begin>2019-09-28T08:19:07Z</begin><end>2019-09-28T08:19:21Z</end></TimeSpan><styleUrl>#point</styleUrl><Point><altitudeMode>clampToGround</altitudeMode><coordinates>7.265613963827491,45.389940300956368,1956.9000000000001</coordinates></Point></Placemark><Placemark><TimeSpan><begin>2019-09-28T08:19:21Z</begin><end>2019-09-28T08:19:34Z</end></TimeSpan><styleUrl>#point</styleUrl><Point><altitudeMode>clampToGround</altitudeMode><coordinates>7.265628213062882,45.390037111938,1958.8199999999999</coordinates></Point></Placemark><Placemark><TimeSpan><begin>2019-09-28T08:19:34Z</begin><end>2019-09-28T08:19:49Z</end></TimeSpan><styleUrl>#point</styleUrl><Point><altitudeMode>clampToGround</altitudeMode><coordinates>7.265697196125984,45.390113638713956,1960.75</coordinates></Point></Placemark><Placemark><TimeSpan><begin>2019-09-28T08:19:49Z</begin><end>2019-09-28T08:20:03Z</end></TimeSpan><styleUrl>#point</styleUrl><Point><altitudeMode>clampToGround</altitudeMode><coordinates>7.265712786465883,45.390190165489912,1962.1900000000001</coordinates></Point></Placemark><Placemark><TimeSpan><begin>2019-09-28T08:20:03Z</begin><end>2019-09-28T08:20:15Z</end></TimeSpan><styleUrl>#point</styleUrl><Point><altitudeMode>clampToGround</altitudeMode><coordinates>7.265748241916299,45.390260489657521,1963.6300000000001</coordinates></Point></Placemark><Placemark><TimeSpan><begin>2019-09-28T08:20:15Z</begin><end>2019-09-28T08:20:31Z</end></TimeSpan><styleUrl>#point</styleUrl><Point><altitudeMode>clampToGround</altitudeMode><coordinates>7.265773555263877,45.390363419428468,1965.0699999999999</coordinates></Point></Placemark><Placemark><TimeSpan><begin>2019-09-28T08:20:31Z</begin><end>2019-09-28T08:20:43Z</end></TimeSpan><styleUrl>#point</styleUrl><Point><altitudeMode>clampToGround</altitudeMode><coordinates>7.265687054023147,45.390416728332639,1966.51</coordinates></Point></Placemark><Placemark><TimeSpan><begin>2019-09-28T08:20:43Z</begin><end>2019-09-28T08:20:57Z</end></TimeSpan><styleUrl>#point</styleUrl><Point><altitudeMode>clampToGround</altitudeMode><coordinates>7.265646904706955,45.390489399433136,1967.48</coordinates></Point></Placemark><Placemark><TimeSpan><begin>2019-09-28T08:20:57Z</begin><end>2019-09-28T08:21:10Z</end></TimeSpan><styleUrl>#point</styleUrl><Point><altitudeMode>clampToGround</altitudeMode><coordinates>7.265591500326991,45.390560645610094,1969.4000000000001</coordinates></Point></Placemark><Placemark><TimeSpan><begin>2019-09-28T08:21:10Z</begin><end>2019-09-28T08:21:24Z</end></TimeSpan><styleUrl>#point</styleUrl><Point><altitudeMode>clampToGround</altitudeMode><coordinates>7.265526708215475,45.39061613380909,1971.3199999999999</coordinates></Point></Placemark><Placemark><TimeSpan><begin>2019-09-28T08:21:24Z</begin><end>2019-09-28T08:21:36Z</end></TimeSpan><styleUrl>#point</styleUrl><Point><altitudeMode>clampToGround</altitudeMode><coordinates>7.265458563342691,45.39064253680408,1973.24</coordinates></Point></Placemark><Placemark><TimeSpan><begin>2019-09-28T08:21:36Z</begin><end>2019-09-28T08:21:45Z</end></TimeSpan><styleUrl>#point</styleUrl><Point><altitudeMode>clampToGround</altitudeMode><coordinates>7.26541455835104,45.390654103830457,1974.2</coordinates></Point></Placemark><Placemark><TimeSpan><begin>2019-09-28T08:21:45Z</begin><end>2019-09-28T08:21:56Z</end></TimeSpan><styleUrl>#point</styleUrl><Point><altitudeMode>clampToGround</altitudeMode><coordinates>7.265390669927001,45.390702802687883,1975.6500000000001</coordinates></Point></Placemark><Placemark><TimeSpan><begin>2019-09-28T08:21:56Z</begin><end>2019-09-28T08:22:10Z</end></TimeSpan><styleUrl>#point</styleUrl><Point><altitudeMode>clampToGround</altitudeMode><coordinates>7.265355298295617,45.390758207067847,1978.53</coordinates></Point></Placemark><Placemark><TimeSpan><begin>2019-09-28T08:22:10Z</begin><end>2019-09-28T08:22:23Z</end></TimeSpan><styleUrl>#point</styleUrl><Point><altitudeMode>clampToGround</altitudeMode><coordinates>7.265336774289608,45.39084822870791,1980.45</coordinates></Point></Placemark><Placemark><TimeSpan><begin>2019-09-28T08:22:23Z</begin><end>2019-09-28T08:22:36Z</end></TimeSpan><styleUrl>#point</styleUrl><Point><altitudeMode>clampToGround</altitudeMode><coordinates>7.26533442735672,45.390938334167004,1980.9300000000001</coordinates></Point></Placemark><Placemark><TimeSpan><begin>2019-09-28T08:22:36Z</begin><end>2019-09-28T08:22:50Z</end></TimeSpan><styleUrl>#point</styleUrl><Point><altitudeMode>clampToGround</altitudeMode><coordinates>7.265383880585432,45.39102123118937,1981.9000000000001</coordinates></Point></Placemark><Placemark><TimeSpan><begin>2019-09-28T08:22:50Z</begin><end>2019-09-28T08:23:05Z</end></TimeSpan><styleUrl>#point</styleUrl><Point><altitudeMode>clampToGround</altitudeMode><coordinates>7.265409361571074,45.391051908954978,1982.3800000000001</coordinates></Point></Placemark><Placemark><TimeSpan><begin>2019-09-28T08:23:05Z</begin><end>2019-09-28T08:23:22Z</end></TimeSpan><styleUrl>#point</styleUrl><Point><altitudeMode>clampToGround</altitudeMode><coordinates>7.265432244166732,45.391041599214077,1982.3800000000001</coordinates></Point></Placemark><Placemark><TimeSpan><begin>2019-09-28T08:23:22Z</begin><end>2019-09-28T08:23:49Z</end></TimeSpan><styleUrl>#point</styleUrl><Point><altitudeMode>clampToGround</altitudeMode><coordinates>7.265456635504961,45.391022237017751,1982.3800000000001</coordinates></Point></Placemark><Placemark><TimeSpan><begin>2019-09-28T08:23:49Z</begin><end>2019-09-28T08:24:14Z</end></TimeSpan><styleUrl>#point</styleUrl><Point><altitudeMode>clampToGround</altitudeMode><coordinates>7.265434255823493,45.391028942540288,1982.3800000000001</coordinates></Point></Placemark><Placemark><TimeSpan><begin>2019-09-28T08:24:14Z</begin><end>2019-09-28T08:24:39Z</end></TimeSpan><styleUrl>#point</styleUrl><Point><altitudeMode>clampToGround</altitudeMode><coordinates>7.265437440946698,45.391030535101891,1982.3800000000001</coordinates></Point></Placemark><Placemark><TimeSpan><begin>2019-09-28T08:24:39Z</begin><end>2019-09-28T08:24:57Z</end></TimeSpan><styleUrl>#point</styleUrl><Point><altitudeMode>clampToGround</altitudeMode><coordinates>7.26545169018209,45.39104369468987,1982.8599999999999</coordinates></Point></Placemark><Placemark><TimeSpan><begin>2019-09-28T08:24:57Z</begin><end>2019-09-28T08:25:11Z</end></TimeSpan><styleUrl>#point</styleUrl><Point><altitudeMode>clampToGround</altitudeMode><coordinates>7.265533246099949,45.39113849401474,1983.8199999999999</coordinates></Point></Placemark><Placemark><TimeSpan><begin>2019-09-28T08:25:11Z</begin><end>2019-09-28T08:25:24Z</end></TimeSpan><styleUrl>#point</styleUrl><Point><altitudeMode>clampToGround</altitudeMode><coordinates>7.265582112595439,45.391208902001381,1985.74</coordinates></Point></Placemark><Placemark><TimeSpan><begin>2019-09-28T08:25:24Z</begin><end>2019-09-28T08:25:35Z</end></TimeSpan><styleUrl>#point</styleUrl><Point><altitudeMode>clampToGround</altitudeMode><coordinates>7.265603905543685,45.391249721869826,1987.6600000000001</coordinates></Point></Placemark><Placemark><TimeSpan><begin>2019-09-28T08:25:35Z</begin><end>2019-09-28T08:25:50Z</end></TimeSpan><styleUrl>#point</styleUrl><Point><altitudeMode>clampToGround</altitudeMode><coordinates>7.265551602467895,45.391267323866487,1990.0699999999999</coordinates></Point></Placemark><Placemark><TimeSpan><begin>2019-09-28T08:25:50Z</begin><end>2019-09-28T08:26:04Z</end></TimeSpan><styleUrl>#point</styleUrl><Point><altitudeMode>clampToGround</altitudeMode><coordinates>7.265509022399783,45.391307976096869,1993.4300000000001</coordinates></Point></Placemark><Placemark><TimeSpan><begin>2019-09-28T08:26:04Z</begin><end>2019-09-28T08:26:17Z</end></TimeSpan><styleUrl>#point</styleUrl><Point><altitudeMode>clampToGround</altitudeMode><coordinates>7.265487397089601,45.391303282231092,1995.3499999999999</coordinates></Point></Placemark><Placemark><TimeSpan><begin>2019-09-28T08:26:17Z</begin><end>2019-09-28T08:26:31Z</end></TimeSpan><styleUrl>#point</styleUrl><Point><altitudeMode>clampToGround</altitudeMode><coordinates>7.265439536422491,45.391338905319571,1997.76</coordinates></Point></Placemark><Placemark><TimeSpan><begin>2019-09-28T08:26:31Z</begin><end>2019-09-28T08:26:43Z</end></TimeSpan><styleUrl>#point</styleUrl><Point><altitudeMode>clampToGround</altitudeMode><coordinates>7.265412881970406,45.391281237825751,1999.6800000000001</coordinates></Point></Placemark><Placemark><TimeSpan><begin>2019-09-28T08:26:43Z</begin><end>2019-09-28T08:26:55Z</end></TimeSpan><styleUrl>#point</styleUrl><Point><altitudeMode>clampToGround</altitudeMode><coordinates>7.265352699905634,45.391287356615067,2001.5999999999999</coordinates></Point></Placemark><Placemark><TimeSpan><begin>2019-09-28T08:26:55Z</begin><end>2019-09-28T08:27:10Z</end></TimeSpan><styleUrl>#point</styleUrl><Point><altitudeMode>clampToGround</altitudeMode><coordinates>7.265249099582434,45.391336139291525,2004.01</coordinates></Point></Placemark><Placemark><TimeSpan><begin>2019-09-28T08:27:10Z</begin><end>2019-09-28T08:27:22Z</end></TimeSpan><styleUrl>#point</styleUrl><Point><altitudeMode>clampToGround</altitudeMode><coordinates>7.265244238078594,45.391405206173658,2005.9300000000001</coordinates></Point></Placemark><Placemark><TimeSpan><begin>2019-09-28T08:27:22Z</begin><end>2019-09-28T08:27:34Z</end></TimeSpan><styleUrl>#point</styleUrl><Point><altitudeMode>clampToGround</altitudeMode><coordinates>7.265224037691951,45.391429513692856,2007.8499999999999</coordinates></Point></Placemark><Placemark><TimeSpan><begin>2019-09-28T08:27:34Z</begin><end>2019-09-28T08:27:49Z</end></TimeSpan><styleUrl>#point</styleUrl><Point><altitudeMode>clampToGround</altitudeMode><coordinates>7.26519662886858,45.391478128731251,2010.25</coordinates></Point></Placemark><Placemark><TimeSpan><begin>2019-09-28T08:27:49Z</begin><end>2019-09-28T08:28:03Z</end></TimeSpan><styleUrl>#point</styleUrl><Point><altitudeMode>clampToGround</altitudeMode><coordinates>7.265166202560067,45.39150302298367,2012.1800000000001</coordinates></Point></Placemark><Placemark><TimeSpan><begin>2019-09-28T08:28:03Z</begin><end>2019-09-28T08:28:14Z</end></TimeSpan><styleUrl>#point</styleUrl><Point><altitudeMode>clampToGround</altitudeMode><coordinates>7.265126639977098,45.39151718840003,2014.0999999999999</coordinates></Point></Placemark><Placemark><TimeSpan><begin>2019-09-28T08:28:14Z</begin><end>2019-09-28T08:28:25Z</end></TimeSpan><styleUrl>#point</styleUrl><Point><altitudeMode>clampToGround</altitudeMode><coordinates>7.265110462903976,45.391566809266806,2015.54</coordinates></Point></Placemark><Placemark><TimeSpan><begin>2019-09-28T08:28:25Z</begin><end>2019-09-28T08:28:41Z</end></TimeSpan><styleUrl>#point</styleUrl><Point><altitudeMode>clampToGround</altitudeMode><coordinates>7.265047682449222,45.391613580286503,2017.46</coordinates></Point></Placemark><Placemark><TimeSpan><begin>2019-09-28T08:28:41Z</begin><end>2019-09-28T08:28:52Z</end></TimeSpan><styleUrl>#point</styleUrl><Point><altitudeMode>clampToGround</altitudeMode><coordinates>7.265032511204481,45.391659429296851,2019.3900000000001</coordinates></Point></Placemark><Placemark><TimeSpan><begin>2019-09-28T08:28:52Z</begin><end>2019-09-28T08:29:05Z</end></TimeSpan><styleUrl>#point</styleUrl><Point><altitudeMode>clampToGround</altitudeMode><coordinates>7.265067882835865,45.391723718494177,2021.3099999999999</coordinates></Point></Placemark><Placemark><TimeSpan><begin>2019-09-28T08:29:05Z</begin><end>2019-09-28T08:29:19Z</end></TimeSpan><styleUrl>#point</styleUrl><Point><altitudeMode>clampToGround</altitudeMode><coordinates>7.265142817050219,45.391808124259114,2022.75</coordinates></Point></Placemark><Placemark><TimeSpan><begin>2019-09-28T08:29:19Z</begin><end>2019-09-28T08:29:30Z</end></TimeSpan><styleUrl>#point</styleUrl><Point><altitudeMode>clampToGround</altitudeMode><coordinates>7.26510870270431,45.391883309930563,2023.23</coordinates></Point></Placemark><Placemark><TimeSpan><begin>2019-09-28T08:29:30Z</begin><end>2019-09-28T08:29:44Z</end></TimeSpan><styleUrl>#point</styleUrl><Point><altitudeMode>clampToGround</altitudeMode><coordinates>7.265023877844214,45.391911054030061,2025.6400000000001</coordinates></Point></Placemark><Placemark><TimeSpan><begin>2019-09-28T08:29:44Z</begin><end>2019-09-28T08:29:56Z</end></TimeSpan><styleUrl>#point</styleUrl><Point><altitudeMode>clampToGround</altitudeMode><coordinates>7.264977274462581,45.391952795907855,2027.5599999999999</coordinates></Point></Placemark><Placemark><TimeSpan><begin>2019-09-28T08:29:56Z</begin><end>2019-09-28T08:30:10Z</end></TimeSpan><styleUrl>#point</styleUrl><Point><altitudeMode>clampToGround</altitudeMode><coordinates>7.264989176765084,45.392044158652425,2028.52</coordinates></Point></Placemark><Placemark><TimeSpan><begin>2019-09-28T08:30:10Z</begin><end>2019-09-28T08:30:22Z</end></TimeSpan><styleUrl>#point</styleUrl><Point><altitudeMode>clampToGround</altitudeMode><coordinates>7.265011640265584,45.392129067331553,2029.96</coordinates></Point></Placemark><Placemark><TimeSpan><begin>2019-09-28T08:30:22Z</begin><end>2019-09-28T08:30:38Z</end></TimeSpan><styleUrl>#point</styleUrl><Point><altitudeMode>clampToGround</altitudeMode><coordinates>7.265029074624181,45.392161505296826,2029.96</coordinates></Point></Placemark><Placemark><TimeSpan><begin>2019-09-28T08:30:38Z</begin><end>2019-09-28T08:30:50Z</end></TimeSpan><styleUrl>#point</styleUrl><Point><altitudeMode>clampToGround</altitudeMode><coordinates>7.265034187585115,45.392225291579962,2032.8399999999999</coordinates></Point></Placemark><Placemark><TimeSpan><begin>2019-09-28T08:30:50Z</begin><end>2019-09-28T08:31:01Z</end></TimeSpan><styleUrl>#point</styleUrl><Point><altitudeMode>clampToGround</altitudeMode><coordinates>7.264973586425185,45.39222571067512,2034.29</coordinates></Point></Placemark><Placemark><TimeSpan><begin>2019-09-28T08:31:01Z</begin><end>2019-09-28T08:31:14Z</end></TimeSpan><styleUrl>#point</styleUrl><Point><altitudeMode>clampToGround</altitudeMode><coordinates>7.264893539249897,45.392238702625036,2035.73</coordinates></Point></Placemark><Placemark><TimeSpan><begin>2019-09-28T08:31:14Z</begin><end>2019-09-28T08:31:31Z</end></TimeSpan><styleUrl>#point</styleUrl><Point><altitudeMode>clampToGround</altitudeMode><coordinates>7.264798823744059,45.392257645726204,2038.6099999999999</coordinates></Point></Placemark><Placemark><TimeSpan><begin>2019-09-28T08:31:31Z</begin><end>2019-09-28T08:31:46Z</end></TimeSpan><styleUrl>#point</styleUrl><Point><altitudeMode>clampToGround</altitudeMode><coordinates>7.264753729104996,45.392326461151242,2040.54</coordinates></Point></Placemark><Placemark><TimeSpan><begin>2019-09-28T08:31:46Z</begin><end>2019-09-28T08:32:00Z</end></TimeSpan><styleUrl>#point</styleUrl><Point><altitudeMode>clampToGround</altitudeMode><coordinates>7.264682063832879,45.392338279634714,2042.46</coordinates></Point></Placemark><Placemark><TimeSpan><begin>2019-09-28T08:32:00Z</begin><end>2019-09-28T08:32:12Z</end></TimeSpan><styleUrl>#point</styleUrl><Point><altitudeMode>clampToGround</altitudeMode><coordinates>7.264646356925368,45.392356887459755,2044.3800000000001</coordinates></Point></Placemark><Placemark><TimeSpan><begin>2019-09-28T08:32:12Z</begin><end>2019-09-28T08:32:23Z</end></TimeSpan><styleUrl>#point</styleUrl><Point><altitudeMode>clampToGround</altitudeMode><coordinates>7.264649625867605,45.392390331253409,2044.8599999999999</coordinates></Point></Placemark><Placemark><TimeSpan><begin>2019-09-28T08:32:23Z</begin><end>2019-09-28T08:32:38Z</end></TimeSpan><styleUrl>#point</styleUrl><Point><altitudeMode>clampToGround</altitudeMode><coordinates>7.264679884538055,45.39245244115591,2047.75</coordinates></Point></Placemark><Placemark><TimeSpan><begin>2019-09-28T08:32:38Z</begin><end>2019-09-28T08:32:48Z</end></TimeSpan><styleUrl>#point</styleUrl><Point><altitudeMode>clampToGround</altitudeMode><coordinates>7.264656499028206,45.39247976616025,2049.6700000000001</coordinates></Point></Placemark><Placemark><TimeSpan><begin>2019-09-28T08:32:48Z</begin><end>2019-09-28T08:33:01Z</end></TimeSpan><styleUrl>#point</styleUrl><Point><altitudeMode>clampToGround</altitudeMode><coordinates>7.264558682218194,45.392474653199315,2050.6300000000001</coordinates></Point></Placemark><Placemark><TimeSpan><begin>2019-09-28T08:33:01Z</begin><end>2019-09-28T08:33:12Z</end></TimeSpan><styleUrl>#point</styleUrl><Point><altitudeMode>clampToGround</altitudeMode><coordinates>7.264470839872956,45.392498457804322,2053.0300000000002</coordinates></Point></Placemark><Placemark><TimeSpan><begin>2019-09-28T08:33:12Z</begin><end>2019-09-28T08:33:25Z</end></TimeSpan><styleUrl>#point</styleUrl><Point><altitudeMode>clampToGround</altitudeMode><coordinates>7.264367071911693,45.39255159907043,2054.96</coordinates></Point></Placemark><Placemark><TimeSpan><begin>2019-09-28T08:33:25Z</begin><end>2019-09-28T08:33:39Z</end></TimeSpan><styleUrl>#point</styleUrl><Point><altitudeMode>clampToGround</altitudeMode><coordinates>7.264254754409194,45.392623599618673,2056.8800000000001</coordinates></Point></Placemark><Placemark><TimeSpan><begin>2019-09-28T08:33:39Z</begin><end>2019-09-28T08:33:50Z</end></TimeSpan><styleUrl>#point</styleUrl><Point><altitudeMode>clampToGround</altitudeMode><coordinates>7.264349218457937,45.392668023705482,2058.3200000000002</coordinates></Point></Placemark><Placemark><TimeSpan><begin>2019-09-28T08:33:50Z</begin><end>2019-09-28T08:34:05Z</end></TimeSpan><styleUrl>#point</styleUrl><Point><altitudeMode>clampToGround</altitudeMode><coordinates>7.264511240646243,45.392738934606314,2058.8000000000002</coordinates></Point></Placemark><Placemark><TimeSpan><begin>2019-09-28T08:34:05Z</begin><end>2019-09-28T08:34:17Z</end></TimeSpan><styleUrl>#point</styleUrl><Point><altitudeMode>clampToGround</altitudeMode><coordinates>7.264461871236563,45.392804564908147,2061.1999999999998</coordinates></Point></Placemark><Placemark><TimeSpan><begin>2019-09-28T08:34:17Z</begin><end>2019-09-28T08:34:30Z</end></TimeSpan><styleUrl>#point</styleUrl><Point><altitudeMode>clampToGround</altitudeMode><coordinates>7.264399928972125,45.392831386998296,2062.6500000000001</coordinates></Point></Placemark><Placemark><TimeSpan><begin>2019-09-28T08:34:30Z</begin><end>2019-09-28T08:34:41Z</end></TimeSpan><styleUrl>#point</styleUrl><Point><altitudeMode>clampToGround</altitudeMode><coordinates>7.264293059706688,45.392865836620331,2064.0900000000001</coordinates></Point></Placemark><Placemark><TimeSpan><begin>2019-09-28T08:34:41Z</begin><end>2019-09-28T08:34:54Z</end></TimeSpan><styleUrl>#point</styleUrl><Point><altitudeMode>clampToGround</altitudeMode><coordinates>7.264266405254602,45.392888383939862,2065.5300000000002</coordinates></Point></Placemark><Placemark><TimeSpan><begin>2019-09-28T08:34:54Z</begin><end>2019-09-28T08:35:08Z</end></TimeSpan><styleUrl>#point</styleUrl><Point><altitudeMode>clampToGround</altitudeMode><coordinates>7.264285767450929,45.392950996756554,2066.9699999999998</coordinates></Point></Placemark><Placemark><TimeSpan><begin>2019-09-28T08:35:08Z</begin><end>2019-09-28T08:35:22Z</end></TimeSpan><styleUrl>#point</styleUrl><Point><altitudeMode>clampToGround</altitudeMode><coordinates>7.264220304787159,45.393015369772911,2068.4099999999999</coordinates></Point></Placemark><Placemark><TimeSpan><begin>2019-09-28T08:35:22Z</begin><end>2019-09-28T08:35:36Z</end></TimeSpan><styleUrl>#point</styleUrl><Point><altitudeMode>clampToGround</altitudeMode><coordinates>7.264223909005523,45.393104804679751,2070.8200000000002</coordinates></Point></Placemark><Placemark><TimeSpan><begin>2019-09-28T08:35:36Z</begin><end>2019-09-28T08:35:52Z</end></TimeSpan><styleUrl>#point</styleUrl><Point><altitudeMode>clampToGround</altitudeMode><coordinates>7.2641939856112,45.393190886825323,2072.7399999999998</coordinates></Point></Placemark><Placemark><TimeSpan><begin>2019-09-28T08:35:52Z</begin><end>2019-09-28T08:36:06Z</end></TimeSpan><styleUrl>#point</styleUrl><Point><altitudeMode>clampToGround</altitudeMode><coordinates>7.264232877641916,45.393269509077072,2074.6599999999999</coordinates></Point></Placemark><Placemark><TimeSpan><begin>2019-09-28T08:36:06Z</begin><end>2019-09-28T08:36:20Z</end></TimeSpan><styleUrl>#point</styleUrl><Point><altitudeMode>clampToGround</altitudeMode><coordinates>7.264267578721046,45.393365900963545,2075.1399999999999</coordinates></Point></Placemark><Placemark><TimeSpan><begin>2019-09-28T08:36:20Z</begin><end>2019-09-28T08:36:34Z</end></TimeSpan><styleUrl>#point</styleUrl><Point><altitudeMode>clampToGround</altitudeMode><coordinates>7.264332370832562,45.393442427739501,2075.6199999999999</coordinates></Point></Placemark><Placemark><TimeSpan><begin>2019-09-28T08:36:34Z</begin><end>2019-09-28T08:36:52Z</end></TimeSpan><styleUrl>#point</styleUrl><Point><altitudeMode>clampToGround</altitudeMode><coordinates>7.264374196529388,45.393457431346178,2075.6199999999999</coordinates></Point></Placemark><Placemark><TimeSpan><begin>2019-09-28T08:36:52Z</begin><end>2019-09-28T08:37:09Z</end></TimeSpan><styleUrl>#point</styleUrl><Point><altitudeMode>clampToGround</altitudeMode><coordinates>7.264370927587152,45.393443936482072,2076.0999999999999</coordinates></Point></Placemark><Placemark><TimeSpan><begin>2019-09-28T08:37:09Z</begin><end>2019-09-28T08:37:36Z</end></TimeSpan><styleUrl>#point</styleUrl><Point><altitudeMode>clampToGround</altitudeMode><coordinates>7.264417363330722,45.393453491851687,2076.0999999999999</coordinates></Point></Placemark><Placemark><TimeSpan><begin>2019-09-28T08:37:36Z</begin><end>2019-09-28T08:37:45Z</end></TimeSpan><styleUrl>#point</styleUrl><Point><altitudeMode>clampToGround</altitudeMode><coordinates>7.264448711648583,45.39346388541162,2074.1799999999998</coordinates></Point></Placemark><Placemark><TimeSpan><begin>2019-09-28T08:37:45Z</begin><end>2019-09-28T08:38:02Z</end></TimeSpan><styleUrl>#point</styleUrl><Point><altitudeMode>clampToGround</altitudeMode><coordinates>7.264430103823543,45.393452905118465,2076.0999999999999</coordinates></Point></Placemark><Placemark><TimeSpan><begin>2019-09-28T08:38:02Z</begin><end>2019-09-28T08:38:24Z</end></TimeSpan><styleUrl>#point</styleUrl><Point><altitudeMode>clampToGround</altitudeMode><coordinates>7.264420632272959,45.393456509336829,2076.0999999999999</coordinates></Point></Placemark><Placemark><TimeSpan><begin>2019-09-28T08:38:24Z</begin><end>2019-09-28T08:38:48Z</end></TimeSpan><styleUrl>#point</styleUrl><Point><altitudeMode>clampToGround</altitudeMode><coordinates>7.264440832659602,45.393449384719133,2076.0999999999999</coordinates></Point></Placemark><Placemark><TimeSpan><begin>2019-09-28T08:38:48Z</begin><end>2019-09-28T08:39:00Z</end></TimeSpan><styleUrl>#point</styleUrl><Point><altitudeMode>clampToGround</altitudeMode><coordinates>7.264425493776798,45.39345164783299,2076.0999999999999</coordinates></Point></Placemark><Placemark><TimeSpan><begin>2019-09-28T08:39:00Z</begin><end>2019-09-28T08:39:19Z</end></TimeSpan><styleUrl>#point</styleUrl><Point><altitudeMode>clampToGround</altitudeMode><coordinates>7.264418788254261,45.393475703895092,2076.0999999999999</coordinates></Point></Placemark><Placemark><TimeSpan><begin>2019-09-28T08:39:19Z</begin><end>2019-09-28T08:39:31Z</end></TimeSpan><styleUrl>#point</styleUrl><Point><altitudeMode>clampToGround</altitudeMode><coordinates>7.264446783810854,45.393481738865376,2075.1399999999999</coordinates></Point></Placemark><Placemark><TimeSpan><begin>2019-09-28T08:39:31Z</begin><end>2019-09-28T08:39:50Z</end></TimeSpan><styleUrl>#point</styleUrl><Point><altitudeMode>clampToGround</altitudeMode><coordinates>7.264488777145743,45.393489953130484,2074.1799999999998</coordinates></Point></Placemark><Placemark><TimeSpan><begin>2019-09-28T08:39:50Z</begin><end>2019-09-28T08:40:00Z</end></TimeSpan><styleUrl>#point</styleUrl><Point><altitudeMode>clampToGround</altitudeMode><coordinates>7.264549462124705,45.393548291176558,2074.1799999999998</coordinates></Point></Placemark><Placemark><TimeSpan><begin>2019-09-28T08:40:00Z</begin><end>2019-09-28T08:40:07Z</end></TimeSpan><styleUrl>#point</styleUrl><Point><altitudeMode>clampToGround</altitudeMode><coordinates>7.264602268114686,45.393581818789244,2075.6199999999999</coordinates></Point></Placemark><Placemark><TimeSpan><begin>2019-09-28T08:40:07Z</begin><end>2019-09-28T08:40:20Z</end></TimeSpan><styleUrl>#point</styleUrl><Point><altitudeMode>clampToGround</altitudeMode><coordinates>7.264709556475282,45.393633954226971,2076.0999999999999</coordinates></Point></Placemark><Placemark><TimeSpan><begin>2019-09-28T08:40:20Z</begin><end>2019-09-28T08:40:32Z</end></TimeSpan><styleUrl>#point</styleUrl><Point><altitudeMode>clampToGround</altitudeMode><coordinates>7.264801673591137,45.393700506538153,2076.0999999999999</coordinates></Point></Placemark><Placemark><TimeSpan><begin>2019-09-28T08:40:32Z</begin><end>2019-09-28T08:40:41Z</end></TimeSpan><styleUrl>#point</styleUrl><Point><altitudeMode>clampToGround</altitudeMode><coordinates>7.264872752130032,45.393722048029304,2077.0700000000002</coordinates></Point></Placemark><Placemark><TimeSpan><begin>2019-09-28T08:40:41Z</begin><end>2019-09-28T08:40:46Z</end></TimeSpan><styleUrl>#point</styleUrl><Point><altitudeMode>clampToGround</altitudeMode><coordinates>7.264933856204152,45.393758593127131,2075.6199999999999</coordinates></Point></Placemark><Placemark><TimeSpan><begin>2019-09-28T08:40:46Z</begin><end>2019-09-28T08:40:58Z</end></TimeSpan><styleUrl>#point</styleUrl><Point><altitudeMode>clampToGround</altitudeMode><coordinates>7.265047011896968,45.393827492371202,2077.5500000000002</coordinates></Point></Placemark><Placemark><TimeSpan><begin>2019-09-28T08:40:58Z</begin><end>2019-09-28T08:41:02Z</end></TimeSpan><styleUrl>#point</styleUrl><Point><altitudeMode>clampToGround</altitudeMode><coordinates>7.265070648863912,45.393853560090065,2078.0300000000002</coordinates></Point></Placemark><Placemark><TimeSpan><begin>2019-09-28T08:41:02Z</begin><end>2019-09-28T08:41:13Z</end></TimeSpan><styleUrl>#point</styleUrl><Point><altitudeMode>clampToGround</altitudeMode><coordinates>7.265176847577095,45.39390561170876,2078.0300000000002</coordinates></Point></Placemark><Placemark><TimeSpan><begin>2019-09-28T08:41:13Z</begin><end>2019-09-28T08:41:29Z</end></TimeSpan><styleUrl>#point</styleUrl><Point><altitudeMode>clampToGround</altitudeMode><coordinates>7.265301654115319,45.394022706896067,2080.4299999999998</coordinates></Point></Placemark><Placemark><TimeSpan><begin>2019-09-28T08:41:29Z</begin><end>2019-09-28T08:41:42Z</end></TimeSpan><styleUrl>#point</styleUrl><Point><altitudeMode>clampToGround</altitudeMode><coordinates>7.265421431511641,45.394075429067016,2083.3099999999999</coordinates></Point></Placemark><Placemark><TimeSpan><begin>2019-09-28T08:41:42Z</begin><end>2019-09-28T08:41:53Z</end></TimeSpan><styleUrl>#point</styleUrl><Point><altitudeMode>clampToGround</altitudeMode><coordinates>7.265520337969065,45.39412597194314,2084.7600000000002</coordinates></Point></Placemark><Placemark><TimeSpan><begin>2019-09-28T08:41:53Z</begin><end>2019-09-28T08:42:02Z</end></TimeSpan><styleUrl>#point</styleUrl><Point><altitudeMode>clampToGround</altitudeMode><coordinates>7.265597702935338,45.394201576709747,2085.7199999999998</coordinates></Point></Placemark><Placemark><TimeSpan><begin>2019-09-28T08:42:02Z</begin><end>2019-09-28T08:42:17Z</end></TimeSpan><styleUrl>#point</styleUrl><Point><altitudeMode>clampToGround</altitudeMode><coordinates>7.265737596899271,45.394291765987873,2086.1999999999998</coordinates></Point></Placemark><Placemark><TimeSpan><begin>2019-09-28T08:42:17Z</begin><end>2019-09-28T08:42:26Z</end></TimeSpan><styleUrl>#point</styleUrl><Point><altitudeMode>clampToGround</altitudeMode><coordinates>7.265824936330319,45.39433853700757,2084.7600000000002</coordinates></Point></Placemark><Placemark><TimeSpan><begin>2019-09-28T08:42:26Z</begin><end>2019-09-28T08:42:32Z</end></TimeSpan><styleUrl>#point</styleUrl><Point><altitudeMode>clampToGround</altitudeMode><coordinates>7.265832647681236,45.394398216158152,2084.7600000000002</coordinates></Point></Placemark><Placemark><TimeSpan><begin>2019-09-28T08:42:32Z</begin><end>2019-09-28T08:42:42Z</end></TimeSpan><styleUrl>#point</styleUrl><Point><altitudeMode>clampToGround</altitudeMode><coordinates>7.26581571623683,45.394473653286695,2086.1999999999998</coordinates></Point></Placemark><Placemark><TimeSpan><begin>2019-09-28T08:42:42Z</begin><end>2019-09-28T08:42:55Z</end></TimeSpan><styleUrl>#point</styleUrl><Point><altitudeMode>clampToGround</altitudeMode><coordinates>7.265846561640501,45.394557891413569,2087.1599999999999</coordinates></Point></Placemark><Placemark><TimeSpan><begin>2019-09-28T08:42:55Z</begin><end>2019-09-28T08:43:07Z</end></TimeSpan><styleUrl>#point</styleUrl><Point><altitudeMode>clampToGround</altitudeMode><coordinates>7.26587338373065,45.394664676859975,2088.1199999999999</coordinates></Point></Placemark><Placemark><TimeSpan><begin>2019-09-28T08:43:07Z</begin><end>2019-09-28T08:43:21Z</end></TimeSpan><styleUrl>#point</styleUrl><Point><altitudeMode>clampToGround</altitudeMode><coordinates>7.265919148921967,45.394749585539103,2089.5599999999999</coordinates></Point></Placemark><Placemark><TimeSpan><begin>2019-09-28T08:43:21Z</begin><end>2019-09-28T08:43:35Z</end></TimeSpan><styleUrl>#point</styleUrl><Point><altitudeMode>clampToGround</altitudeMode><coordinates>7.265944043174386,45.394845474511385,2091</coordinates></Point></Placemark><Placemark><TimeSpan><begin>2019-09-28T08:43:35Z</begin><end>2019-09-28T08:43:36Z</end></TimeSpan><styleUrl>#point</styleUrl><Point><altitudeMode>clampToGround</altitudeMode><coordinates>7.265947479754686,45.394852599129081,2091</coordinates></Point></Placemark><Placemark><TimeSpan><begin>2019-09-28T08:43:36Z</begin><end>2019-09-28T08:43:51Z</end></TimeSpan><styleUrl>#point</styleUrl><Point><altitudeMode>clampToGround</altitudeMode><coordinates>7.266075303778052,45.394961396232247,2092.4499999999998</coordinates></Point></Placemark><Placemark><TimeSpan><begin>2019-09-28T08:43:51Z</begin><end>2019-09-28T08:44:02Z</end></TimeSpan><styleUrl>#point</styleUrl><Point><altitudeMode>clampToGround</altitudeMode><coordinates>7.266148561611772,45.394993331283331,2094.3699999999999</coordinates></Point></Placemark><Placemark><TimeSpan><begin>2019-09-28T08:44:02Z</begin><end>2019-09-28T08:44:14Z</end></TimeSpan><styleUrl>#point</styleUrl><Point><altitudeMode>clampToGround</altitudeMode><coordinates>7.266238834708929,45.39504705928266,2095.3299999999999</coordinates></Point></Placemark><Placemark><TimeSpan><begin>2019-09-28T08:44:14Z</begin><end>2019-09-28T08:44:17Z</end></TimeSpan><styleUrl>#point</styleUrl><Point><altitudeMode>clampToGround</altitudeMode><coordinates>7.266266411170363,45.395068600773811,2096.77</coordinates></Point></Placemark><Placemark><TimeSpan><begin>2019-09-28T08:44:17Z</begin><end>2019-09-28T08:44:29Z</end></TimeSpan><styleUrl>#point</styleUrl><Point><altitudeMode>clampToGround</altitudeMode><coordinates>7.26636934094131,45.395144708454609,2098.6999999999998</coordinates></Point></Placemark><Placemark><TimeSpan><begin>2019-09-28T08:44:29Z</begin><end>2019-09-28T08:44:44Z</end></TimeSpan><styleUrl>#point</styleUrl><Point><altitudeMode>clampToGround</altitudeMode><coordinates>7.266441341489554,45.395200783386827,2101.0999999999999</coordinates></Point></Placemark><Placemark><TimeSpan><begin>2019-09-28T08:44:44Z</begin><end>2019-09-28T08:44:58Z</end></TimeSpan><styleUrl>#point</styleUrl><Point><altitudeMode>clampToGround</altitudeMode><coordinates>7.266540247946978,45.395241267979145,2102.0599999999999</coordinates></Point></Placemark><Placemark><TimeSpan><begin>2019-09-28T08:44:58Z</begin><end>2019-09-28T08:45:09Z</end></TimeSpan><styleUrl>#point</styleUrl><Point><altitudeMode>clampToGround</altitudeMode><coordinates>7.266620798036456,45.395257109776139,2103.02</coordinates></Point></Placemark><Placemark><TimeSpan><begin>2019-09-28T08:45:09Z</begin><end>2019-09-28T08:45:20Z</end></TimeSpan><styleUrl>#point</styleUrl><Point><altitudeMode>clampToGround</altitudeMode><coordinates>7.266700258478522,45.395300779491663,2103.5</coordinates></Point></Placemark><Placemark><TimeSpan><begin>2019-09-28T08:45:20Z</begin><end>2019-09-28T08:45:24Z</end></TimeSpan><styleUrl>#point</styleUrl><Point><altitudeMode>clampToGround</altitudeMode><coordinates>7.266724985092878,45.395304802805185,2103.5</coordinates></Point></Placemark><Placemark><TimeSpan><begin>2019-09-28T08:45:24Z</begin><end>2019-09-28T08:45:27Z</end></TimeSpan><styleUrl>#point</styleUrl><Point><altitudeMode>clampToGround</altitudeMode><coordinates>7.266767900437117,45.395313017070293,2101.5799999999999</coordinates></Point></Placemark><Placemark><TimeSpan><begin>2019-09-28T08:45:27Z</begin><end>2019-09-28T08:45:28Z</end></TimeSpan><styleUrl>#point</styleUrl><Point><altitudeMode>clampToGround</altitudeMode><coordinates>7.266780557110906,45.39531234651804,2101.5799999999999</coordinates></Point></Placemark><Placemark><TimeSpan><begin>2019-09-28T08:45:28Z</begin><end>2019-09-28T08:45:31Z</end></TimeSpan><styleUrl>#point</styleUrl><Point><altitudeMode>clampToGround</altitudeMode><coordinates>7.266815174371004,45.395319890230894,2100.1399999999999</coordinates></Point></Placemark><Placemark><TimeSpan><begin>2019-09-28T08:45:31Z</begin><end>2019-09-28T08:45:35Z</end></TimeSpan><styleUrl>#point</styleUrl><Point><altitudeMode>clampToGround</altitudeMode><coordinates>7.26685113273561,45.395345203578472,2100.1399999999999</coordinates></Point></Placemark><Placemark><TimeSpan><begin>2019-09-28T08:45:35Z</begin><end>2019-09-28T08:45:45Z</end></TimeSpan><styleUrl>#point</styleUrl><Point><altitudeMode>clampToGround</altitudeMode><coordinates>7.266970155760646,45.395370349287987,2100.1399999999999</coordinates></Point></Placemark><Placemark><TimeSpan><begin>2019-09-28T08:45:45Z</begin><end>2019-09-28T08:45:57Z</end></TimeSpan><styleUrl>#point</styleUrl><Point><altitudeMode>clampToGround</altitudeMode><coordinates>7.267065038904548,45.395399099215865,2100.6199999999999</coordinates></Point></Placemark><Placemark><TimeSpan><begin>2019-09-28T08:45:57Z</begin><end>2019-09-28T08:46:00Z</end></TimeSpan><styleUrl>#point</styleUrl><Point><altitudeMode>clampToGround</altitudeMode><coordinates>7.26709152571857,45.395376216620207,2100.6199999999999</coordinates></Point></Placemark><Placemark><TimeSpan><begin>2019-09-28T08:46:00Z</begin><end>2019-09-28T08:46:02Z</end></TimeSpan><styleUrl>#point</styleUrl><Point><altitudeMode>clampToGround</altitudeMode><coordinates>7.267118515446782,45.395366242155433,2101.0999999999999</coordinates></Point></Placemark><Placemark><TimeSpan><begin>2019-09-28T08:46:02Z</begin><end>2019-09-28T08:46:16Z</end></TimeSpan><styleUrl>#point</styleUrl><Point><altitudeMode>clampToGround</altitudeMode><coordinates>7.267325464636087,45.395379904657602,2101.5799999999999</coordinates></Point></Placemark><Placemark><TimeSpan><begin>2019-09-28T08:46:16Z</begin><end>2019-09-28T08:46:18Z</end></TimeSpan><styleUrl>#point</styleUrl><Point><altitudeMode>clampToGround</altitudeMode><coordinates>7.267352705821395,45.395389962941408,2102.0599999999999</coordinates></Point></Placemark><Placemark><TimeSpan><begin>2019-09-28T08:46:18Z</begin><end>2019-09-28T08:46:22Z</end></TimeSpan><styleUrl>#point</styleUrl><Point><altitudeMode>clampToGround</altitudeMode><coordinates>7.267394363880158,45.395406140014529,2102.54</coordinates></Point></Placemark><Placemark><TimeSpan><begin>2019-09-28T08:46:22Z</begin><end>2019-09-28T08:46:36Z</end></TimeSpan><styleUrl>#point</styleUrl><Point><altitudeMode>clampToGround</altitudeMode><coordinates>7.26753568276763,45.395445954054594,2105.4200000000001</coordinates></Point></Placemark><Placemark><TimeSpan><begin>2019-09-28T08:46:36Z</begin><end>2019-09-28T08:46:46Z</end></TimeSpan><styleUrl>#point</styleUrl><Point><altitudeMode>clampToGround</altitudeMode><coordinates>7.26757038384676,45.395497335121036,2107.3499999999999</coordinates></Point></Placemark><Placemark><TimeSpan><begin>2019-09-28T08:46:46Z</begin><end>2019-09-28T08:46:58Z</end></TimeSpan><styleUrl>#point</styleUrl><Point><altitudeMode>clampToGround</altitudeMode><coordinates>7.267643222585321,45.395517284050584,2109.75</coordinates></Point></Placemark><Placemark><TimeSpan><begin>2019-09-28T08:46:58Z</begin><end>2019-09-28T08:47:11Z</end></TimeSpan><styleUrl>#point</styleUrl><Point><altitudeMode>clampToGround</altitudeMode><coordinates>7.267759647220373,45.39549121633172,2112.1500000000001</coordinates></Point></Placemark><Placemark><TimeSpan><begin>2019-09-28T08:47:11Z</begin><end>2019-09-28T08:47:26Z</end></TimeSpan><styleUrl>#point</styleUrl><Point><altitudeMode>clampToGround</altitudeMode><coordinates>7.26787481456995,45.395496161654592,2114.5599999999999</coordinates></Point></Placemark><Placemark><TimeSpan><begin>2019-09-28T08:47:26Z</begin><end>2019-09-28T08:47:32Z</end></TimeSpan><styleUrl>#point</styleUrl><Point><altitudeMode>clampToGround</altitudeMode><coordinates>7.267893338575959,45.395528851076961,2113.5999999999999</coordinates></Point></Placemark><Placemark><TimeSpan><begin>2019-09-28T08:47:32Z</begin><end>2019-09-28T08:47:38Z</end></TimeSpan><styleUrl>#point</styleUrl><Point><altitudeMode>clampToGround</altitudeMode><coordinates>7.26783961057663,45.395558690652251,2116.48</coordinates></Point></Placemark><Placemark><TimeSpan><begin>2019-09-28T08:47:38Z</begin><end>2019-09-28T08:47:50Z</end></TimeSpan><styleUrl>#point</styleUrl><Point><altitudeMode>clampToGround</altitudeMode><coordinates>7.267910353839397,45.395582495257258,2118.4000000000001</coordinates></Point></Placemark><Placemark><TimeSpan><begin>2019-09-28T08:47:50Z</begin><end>2019-09-28T08:48:04Z</end></TimeSpan><styleUrl>#point</styleUrl><Point><altitudeMode>clampToGround</altitudeMode><coordinates>7.267970954999328,45.395596073940396,2119.8400000000001</coordinates></Point></Placemark><Placemark><TimeSpan><begin>2019-09-28T08:48:04Z</begin><end>2019-09-28T08:48:18Z</end></TimeSpan><styleUrl>#point</styleUrl><Point><altitudeMode>clampToGround</altitudeMode><coordinates>7.268072124570608,45.39561090990901,2122.25</coordinates></Point></Placemark><Placemark><TimeSpan><begin>2019-09-28T08:48:18Z</begin><end>2019-09-28T08:48:33Z</end></TimeSpan><styleUrl>#point</styleUrl><Point><altitudeMode>clampToGround</altitudeMode><coordinates>7.268026191741228,45.395638989284635,2124.6500000000001</coordinates></Point></Placemark><Placemark><TimeSpan><begin>2019-09-28T08:48:33Z</begin><end>2019-09-28T08:48:47Z</end></TimeSpan><styleUrl>#point</styleUrl><Point><altitudeMode>clampToGround</altitudeMode><coordinates>7.267941366881132,45.395681904628873,2126.5700000000002</coordinates></Point></Placemark><Placemark><TimeSpan><begin>2019-09-28T08:48:47Z</begin><end>2019-09-28T08:49:00Z</end></TimeSpan><styleUrl>#point</styleUrl><Point><altitudeMode>clampToGround</altitudeMode><coordinates>7.267975984141231,45.395715096965432,2127.5300000000002</coordinates></Point></Placemark><Placemark><TimeSpan><begin>2019-09-28T08:49:00Z</begin><end>2019-09-28T08:49:13Z</end></TimeSpan><styleUrl>#point</styleUrl><Point><altitudeMode>clampToGround</altitudeMode><coordinates>7.268049828708172,45.395738901570439,2128.98</coordinates></Point></Placemark><Placemark><TimeSpan><begin>2019-09-28T08:49:13Z</begin><end>2019-09-28T08:49:28Z</end></TimeSpan><styleUrl>#point</styleUrl><Point><altitudeMode>clampToGround</altitudeMode><coordinates>7.268062820658088,45.395790701732039,2130.9000000000001</coordinates></Point></Placemark><Placemark><TimeSpan><begin>2019-09-28T08:49:28Z</begin><end>2019-09-28T08:49:41Z</end></TimeSpan><styleUrl>#point</styleUrl><Point><altitudeMode>clampToGround</altitudeMode><coordinates>7.267998531460762,45.395836550742388,2134.2600000000002</coordinates></Point></Placemark><Placemark><TimeSpan><begin>2019-09-28T08:49:41Z</begin><end>2019-09-28T08:49:56Z</end></TimeSpan><styleUrl>#point</styleUrl><Point><altitudeMode>clampToGround</altitudeMode><coordinates>7.267952430993319,45.395870078355074,2135.71</coordinates></Point></Placemark><Placemark><TimeSpan><begin>2019-09-28T08:49:56Z</begin><end>2019-09-28T08:50:09Z</end></TimeSpan><styleUrl>#point</styleUrl><Point><altitudeMode>clampToGround</altitudeMode><coordinates>7.267902391031385,45.395916430279613,2137.6300000000001</coordinates></Point></Placemark><Placemark><TimeSpan><begin>2019-09-28T08:50:09Z</begin><end>2019-09-28T08:50:19Z</end></TimeSpan><styleUrl>#point</styleUrl><Point><altitudeMode>clampToGround</altitudeMode><coordinates>7.267922759056091,45.395952304825187,2139.5500000000002</coordinates></Point></Placemark><Placemark><TimeSpan><begin>2019-09-28T08:50:19Z</begin><end>2019-09-28T08:50:31Z</end></TimeSpan><styleUrl>#point</styleUrl><Point><altitudeMode>clampToGround</altitudeMode><coordinates>7.26796567440033,45.3959896042943,2141.4699999999998</coordinates></Point></Placemark><Placemark><TimeSpan><begin>2019-09-28T08:50:31Z</begin><end>2019-09-28T08:50:33Z</end></TimeSpan><styleUrl>#point</styleUrl><Point><altitudeMode>clampToGround</altitudeMode><coordinates>7.267964584752917,45.395996142178774,2141.9499999999998</coordinates></Point></Placemark><Placemark><TimeSpan><begin>2019-09-28T08:50:33Z</begin><end>2019-09-28T08:50:46Z</end></TimeSpan><styleUrl>#point</styleUrl><Point><altitudeMode>clampToGround</altitudeMode><coordinates>7.267992161214352,45.39605900645256,2143.4000000000001</coordinates></Point></Placemark><Placemark><TimeSpan><begin>2019-09-28T08:50:46Z</begin><end>2019-09-28T08:50:50Z</end></TimeSpan><styleUrl>#point</styleUrl><Point><altitudeMode>clampToGround</altitudeMode><coordinates>7.267990233376622,45.396084571257234,2144.3600000000001</coordinates></Point></Placemark><Placemark><TimeSpan><begin>2019-09-28T08:50:50Z</begin><end>2019-09-28T08:51:02Z</end></TimeSpan><styleUrl>#point</styleUrl><Point><altitudeMode>clampToGround</altitudeMode><coordinates>7.2679862100631,45.396134527400136,2145.8000000000002</coordinates></Point></Placemark><Placemark><TimeSpan><begin>2019-09-28T08:51:02Z</begin><end>2019-09-28T08:51:15Z</end></TimeSpan><styleUrl>#point</styleUrl><Point><altitudeMode>clampToGround</altitudeMode><coordinates>7.267958968877792,45.396155482158065,2148.1999999999998</coordinates></Point></Placemark><Placemark><TimeSpan><begin>2019-09-28T08:51:15Z</begin><end>2019-09-28T08:51:29Z</end></TimeSpan><styleUrl>#point</styleUrl><Point><altitudeMode>clampToGround</altitudeMode><coordinates>7.268007081001997,45.396205689758062,2149.6500000000001</coordinates></Point></Placemark><Placemark><TimeSpan><begin>2019-09-28T08:51:29Z</begin><end>2019-09-28T08:51:42Z</end></TimeSpan><styleUrl>#point</styleUrl><Point><altitudeMode>clampToGround</altitudeMode><coordinates>7.267962573096156,45.396239468827844,2151.5700000000002</coordinates></Point></Placemark><Placemark><TimeSpan><begin>2019-09-28T08:51:42Z</begin><end>2019-09-28T08:51:54Z</end></TimeSpan><styleUrl>#point</styleUrl><Point><altitudeMode>clampToGround</altitudeMode><coordinates>7.267953353002667,45.39627936668694,2153.9699999999998</coordinates></Point></Placemark><Placemark><TimeSpan><begin>2019-09-28T08:51:54Z</begin><end>2019-09-28T08:52:08Z</end></TimeSpan><styleUrl>#point</styleUrl><Point><altitudeMode>clampToGround</altitudeMode><coordinates>7.267887722700834,45.396287245675921,2155.8899999999999</coordinates></Point></Placemark><Placemark><TimeSpan><begin>2019-09-28T08:52:08Z</begin><end>2019-09-28T08:52:20Z</end></TimeSpan><styleUrl>#point</styleUrl><Point><altitudeMode>clampToGround</altitudeMode><coordinates>7.267865426838398,45.396337201818824,2158.3000000000002</coordinates></Point></Placemark><Placemark><TimeSpan><begin>2019-09-28T08:52:20Z</begin><end>2019-09-28T08:52:32Z</end></TimeSpan><styleUrl>#point</styleUrl><Point><altitudeMode>clampToGround</altitudeMode><coordinates>7.267765682190657,45.396367628127337,2159.7399999999998</coordinates></Point></Placemark><Placemark><TimeSpan><begin>2019-09-28T08:52:32Z</begin><end>2019-09-28T08:52:46Z</end></TimeSpan><styleUrl>#point</styleUrl><Point><altitudeMode>clampToGround</altitudeMode><coordinates>7.267621932551265,45.396387157961726,2161.6599999999999</coordinates></Point></Placemark><Placemark><TimeSpan><begin>2019-09-28T08:52:46Z</begin><end>2019-09-28T08:52:59Z</end></TimeSpan><styleUrl>#point</styleUrl><Point><altitudeMode>clampToGround</altitudeMode><coordinates>7.267549932003021,45.396407106891274,2163.0999999999999</coordinates></Point></Placemark><Placemark><TimeSpan><begin>2019-09-28T08:52:59Z</begin><end>2019-09-28T08:53:09Z</end></TimeSpan><styleUrl>#point</styleUrl><Point><altitudeMode>clampToGround</altitudeMode><coordinates>7.267525875940919,45.396449435502291,2164.5500000000002</coordinates></Point></Placemark><Placemark><TimeSpan><begin>2019-09-28T08:53:09Z</begin><end>2019-09-28T08:53:21Z</end></TimeSpan><styleUrl>#point</styleUrl><Point><altitudeMode>clampToGround</altitudeMode><coordinates>7.267448259517551,45.396470306441188,2165.9899999999998</coordinates></Point></Placemark><Placemark><TimeSpan><begin>2019-09-28T08:53:21Z</begin><end>2019-09-28T08:53:33Z</end></TimeSpan><styleUrl>#point</styleUrl><Point><altitudeMode>clampToGround</altitudeMode><coordinates>7.267382796853781,45.396495284512639,2167.4299999999998</coordinates></Point></Placemark><Placemark><TimeSpan><begin>2019-09-28T08:53:33Z</begin><end>2019-09-28T08:53:44Z</end></TimeSpan><styleUrl>#point</styleUrl><Point><altitudeMode>clampToGround</altitudeMode><coordinates>7.267308281734586,45.396481789648533,2169.3499999999999</coordinates></Point></Placemark><Placemark><TimeSpan><begin>2019-09-28T08:53:44Z</begin><end>2019-09-28T08:53:59Z</end></TimeSpan><styleUrl>#point</styleUrl><Point><altitudeMode>clampToGround</altitudeMode><coordinates>7.26720292121172,45.396512048318982,2171.27</coordinates></Point></Placemark><Placemark><TimeSpan><begin>2019-09-28T08:53:59Z</begin><end>2019-09-28T08:54:11Z</end></TimeSpan><styleUrl>#point</styleUrl><Point><altitudeMode>clampToGround</altitudeMode><coordinates>7.267251871526241,45.396529231220484,2172.7199999999998</coordinates></Point></Placemark><Placemark><TimeSpan><begin>2019-09-28T08:54:11Z</begin><end>2019-09-28T08:54:25Z</end></TimeSpan><styleUrl>#point</styleUrl><Point><altitudeMode>clampToGround</altitudeMode><coordinates>7.267192443832755,45.396547084674239,2175.1199999999999</coordinates></Point></Placemark><Placemark><TimeSpan><begin>2019-09-28T08:54:25Z</begin><end>2019-09-28T08:54:38Z</end></TimeSpan><styleUrl>#point</styleUrl><Point><altitudeMode>clampToGround</altitudeMode><coordinates>7.26708322763443,45.396598130464554,2176.5599999999999</coordinates></Point></Placemark><Placemark><TimeSpan><begin>2019-09-28T08:54:38Z</begin><end>2019-09-28T08:54:51Z</end></TimeSpan><styleUrl>#point</styleUrl><Point><altitudeMode>clampToGround</altitudeMode><coordinates>7.267067972570658,45.396688152104616,2177.04</coordinates></Point></Placemark><Placemark><TimeSpan><begin>2019-09-28T08:54:51Z</begin><end>2019-09-28T08:55:05Z</end></TimeSpan><styleUrl>#point</styleUrl><Point><altitudeMode>clampToGround</altitudeMode><coordinates>7.267052968963981,45.396764595061541,2179.9299999999998</coordinates></Point></Placemark><Placemark><TimeSpan><begin>2019-09-28T08:55:05Z</begin><end>2019-09-28T08:55:18Z</end></TimeSpan><styleUrl>#point</styleUrl><Point><altitudeMode>clampToGround</altitudeMode><coordinates>7.267061937600374,45.396833745762706,2181.3699999999999</coordinates></Point></Placemark><Placemark><TimeSpan><begin>2019-09-28T08:55:18Z</begin><end>2019-09-28T08:55:31Z</end></TimeSpan><styleUrl>#point</styleUrl><Point><altitudeMode>clampToGround</altitudeMode><coordinates>7.267071744427085,45.396912200376391,2182.3299999999999</coordinates></Point></Placemark><Placemark><TimeSpan><begin>2019-09-28T08:55:31Z</begin><end>2019-09-28T08:55:42Z</end></TimeSpan><styleUrl>#point</styleUrl><Point><altitudeMode>clampToGround</altitudeMode><coordinates>7.267074845731258,45.396966431289911,2185.21</coordinates></Point></Placemark><Placemark><TimeSpan><begin>2019-09-28T08:55:42Z</begin><end>2019-09-28T08:55:43Z</end></TimeSpan><styleUrl>#point</styleUrl><Point><altitudeMode>clampToGround</altitudeMode><coordinates>7.267069816589356,45.396971208974719,2185.21</coordinates></Point></Placemark><Placemark><TimeSpan><begin>2019-09-28T08:55:43Z</begin><end>2019-09-28T08:55:56Z</end></TimeSpan><styleUrl>#point</styleUrl><Point><altitudeMode>clampToGround</altitudeMode><coordinates>7.267029415816069,45.397014543414116,2186.6599999999999</coordinates></Point></Placemark><Placemark><TimeSpan><begin>2019-09-28T08:55:56Z</begin><end>2019-09-28T08:56:10Z</end></TimeSpan><styleUrl>#point</styleUrl><Point><altitudeMode>clampToGround</altitudeMode><coordinates>7.266967641189694,45.397072797641158,2188.5799999999999</coordinates></Point></Placemark><Placemark><TimeSpan><begin>2019-09-28T08:56:10Z</begin><end>2019-09-28T08:56:22Z</end></TimeSpan><styleUrl>#point</styleUrl><Point><altitudeMode>clampToGround</altitudeMode><coordinates>7.266966300085187,45.397128202021122,2190.02</coordinates></Point></Placemark><Placemark><TimeSpan><begin>2019-09-28T08:56:22Z</begin><end>2019-09-28T08:56:35Z</end></TimeSpan><styleUrl>#point</styleUrl><Point><altitudeMode>clampToGround</altitudeMode><coordinates>7.266927575692534,45.397160220891237,2191.9400000000001</coordinates></Point></Placemark><Placemark><TimeSpan><begin>2019-09-28T08:56:35Z</begin><end>2019-09-28T08:56:43Z</end></TimeSpan><styleUrl>#point</styleUrl><Point><altitudeMode>clampToGround</altitudeMode><coordinates>7.266938555985689,45.397189725190401,2193.8699999999999</coordinates></Point></Placemark><Placemark><TimeSpan><begin>2019-09-28T08:56:43Z</begin><end>2019-09-28T08:56:56Z</end></TimeSpan><styleUrl>#point</styleUrl><Point><altitudeMode>clampToGround</altitudeMode><coordinates>7.266994966194034,45.397226689383388,2195.79</coordinates></Point></Placemark><Placemark><TimeSpan><begin>2019-09-28T08:56:56Z</begin><end>2019-09-28T08:57:09Z</end></TimeSpan><styleUrl>#point</styleUrl><Point><altitudeMode>clampToGround</altitudeMode><coordinates>7.267044251784682,45.397259965538979,2196.27</coordinates></Point></Placemark><Placemark><TimeSpan><begin>2019-09-28T08:57:09Z</begin><end>2019-09-28T08:57:24Z</end></TimeSpan><styleUrl>#point</styleUrl><Point><altitudeMode>clampToGround</altitudeMode><coordinates>7.26718288846314,45.397274298593402,2199.1500000000001</coordinates></Point></Placemark><Placemark><TimeSpan><begin>2019-09-28T08:57:24Z</begin><end>2019-09-28T08:57:38Z</end></TimeSpan><styleUrl>#point</styleUrl><Point><altitudeMode>clampToGround</altitudeMode><coordinates>7.26725279353559,45.397326685488224,2201.0799999999999</coordinates></Point></Placemark><Placemark><TimeSpan><begin>2019-09-28T08:57:38Z</begin><end>2019-09-28T08:57:54Z</end></TimeSpan><styleUrl>#point</styleUrl><Point><altitudeMode>clampToGround</altitudeMode><coordinates>7.267327643930912,45.397365661337972,2203.48</coordinates></Point></Placemark><Placemark><TimeSpan><begin>2019-09-28T08:57:54Z</begin><end>2019-09-28T08:58:09Z</end></TimeSpan><styleUrl>#point</styleUrl><Point><altitudeMode>clampToGround</altitudeMode><coordinates>7.267271988093853,45.39740514010191,2205.8800000000001</coordinates></Point></Placemark><Placemark><TimeSpan><begin>2019-09-28T08:58:09Z</begin><end>2019-09-28T08:58:20Z</end></TimeSpan><styleUrl>#point</styleUrl><Point><altitudeMode>clampToGround</altitudeMode><coordinates>7.267201580107212,45.397387286648154,2207.8099999999999</coordinates></Point></Placemark><Placemark><TimeSpan><begin>2019-09-28T08:58:20Z</begin><end>2019-09-28T08:58:34Z</end></TimeSpan><styleUrl>#point</styleUrl><Point><altitudeMode>clampToGround</altitudeMode><coordinates>7.267187247052789,45.397409163415432,2208.77</coordinates></Point></Placemark><Placemark><TimeSpan><begin>2019-09-28T08:58:34Z</begin><end>2019-09-28T08:58:45Z</end></TimeSpan><styleUrl>#point</styleUrl><Point><altitudeMode>clampToGround</altitudeMode><coordinates>7.267215074971318,45.397440511733294,2209.25</coordinates></Point></Placemark><Placemark><TimeSpan><begin>2019-09-28T08:58:45Z</begin><end>2019-09-28T08:58:57Z</end></TimeSpan><styleUrl>#point</styleUrl><Point><altitudeMode>clampToGround</altitudeMode><coordinates>7.267245836555958,45.39748233743012,2211.1700000000001</coordinates></Point></Placemark><Placemark><TimeSpan><begin>2019-09-28T08:58:57Z</begin><end>2019-09-28T08:59:11Z</end></TimeSpan><styleUrl>#point</styleUrl><Point><altitudeMode>clampToGround</altitudeMode><coordinates>7.267262348905206,45.397539418190718,2213.0900000000001</coordinates></Point></Placemark><Placemark><TimeSpan><begin>2019-09-28T08:59:11Z</begin><end>2019-09-28T08:59:24Z</end></TimeSpan><styleUrl>#point</styleUrl><Point><altitudeMode>clampToGround</altitudeMode><coordinates>7.26721465587616,45.397546794265509,2215.98</coordinates></Point></Placemark><Placemark><TimeSpan><begin>2019-09-28T08:59:24Z</begin><end>2019-09-28T08:59:31Z</end></TimeSpan><styleUrl>#point</styleUrl><Point><altitudeMode>clampToGround</altitudeMode><coordinates>7.267146343365312,45.397535813972354,2216.46</coordinates></Point></Placemark><Placemark><TimeSpan><begin>2019-09-28T08:59:31Z</begin><end>2019-09-28T08:59:44Z</end></TimeSpan><styleUrl>#point</styleUrl><Point><altitudeMode>clampToGround</altitudeMode><coordinates>7.267083395272493,45.397611586377025,2217.9000000000001</coordinates></Point></Placemark><Placemark><TimeSpan><begin>2019-09-28T08:59:44Z</begin><end>2019-09-28T08:59:46Z</end></TimeSpan><styleUrl>#point</styleUrl><Point><altitudeMode>clampToGround</altitudeMode><coordinates>7.267100075259805,45.397608065977693,2218.8600000000001</coordinates></Point></Placemark><Placemark><TimeSpan><begin>2019-09-28T08:59:46Z</begin><end>2019-09-28T09:00:00Z</end></TimeSpan><styleUrl>#point</styleUrl><Point><altitudeMode>clampToGround</altitudeMode><coordinates>7.26708272472024,45.39767537266016,2220.3000000000002</coordinates></Point></Placemark><Placemark><TimeSpan><begin>2019-09-28T09:00:00Z</begin><end>2019-09-28T09:00:09Z</end></TimeSpan><styleUrl>#point</styleUrl><Point><altitudeMode>clampToGround</altitudeMode><coordinates>7.267039138823748,45.397723568603396,2221.7399999999998</coordinates></Point></Placemark><Placemark><TimeSpan><begin>2019-09-28T09:00:09Z</begin><end>2019-09-28T09:00:24Z</end></TimeSpan><styleUrl>#point</styleUrl><Point><altitudeMode>clampToGround</altitudeMode><coordinates>7.266954146325588,45.397749384865165,2223.1900000000001</coordinates></Point></Placemark><Placemark><TimeSpan><begin>2019-09-28T09:00:24Z</begin><end>2019-09-28T09:00:39Z</end></TimeSpan><styleUrl>#point</styleUrl><Point><altitudeMode>clampToGround</altitudeMode><coordinates>7.26687066257,45.39780780673027,2226.0700000000002</coordinates></Point></Placemark><Placemark><TimeSpan><begin>2019-09-28T09:00:39Z</begin><end>2019-09-28T09:00:50Z</end></TimeSpan><styleUrl>#point</styleUrl><Point><altitudeMode>clampToGround</altitudeMode><coordinates>7.266867309808731,45.397857259958982,2227.0300000000002</coordinates></Point></Placemark><Placemark><TimeSpan><begin>2019-09-28T09:00:50Z</begin><end>2019-09-28T09:01:03Z</end></TimeSpan><styleUrl>#point</styleUrl><Point><altitudeMode>clampToGround</altitudeMode><coordinates>7.266815509647131,45.397904869168997,2228.9499999999998</coordinates></Point></Placemark><Placemark><TimeSpan><begin>2019-09-28T09:01:03Z</begin><end>2019-09-28T09:01:19Z</end></TimeSpan><styleUrl>#point</styleUrl><Point><altitudeMode>clampToGround</altitudeMode><coordinates>7.266780640929937,45.397978965193033,2231.3600000000001</coordinates></Point></Placemark><Placemark><TimeSpan><begin>2019-09-28T09:01:19Z</begin><end>2019-09-28T09:01:32Z</end></TimeSpan><styleUrl>#point</styleUrl><Point><altitudeMode>clampToGround</altitudeMode><coordinates>7.26677292957902,45.398031435906887,2232.8000000000002</coordinates></Point></Placemark><Placemark><TimeSpan><begin>2019-09-28T09:01:32Z</begin><end>2019-09-28T09:01:46Z</end></TimeSpan><styleUrl>#point</styleUrl><Point><altitudeMode>clampToGround</altitudeMode><coordinates>7.266755746677518,45.398103352636099,2233.7600000000002</coordinates></Point></Placemark><Placemark><TimeSpan><begin>2019-09-28T09:01:46Z</begin><end>2019-09-28T09:02:01Z</end></TimeSpan><styleUrl>#point</styleUrl><Point><altitudeMode>clampToGround</altitudeMode><coordinates>7.266795728355646,45.398169988766313,2236.6399999999999</coordinates></Point></Placemark><Placemark><TimeSpan><begin>2019-09-28T09:02:01Z</begin><end>2019-09-28T09:02:15Z</end></TimeSpan><styleUrl>#point</styleUrl><Point><altitudeMode>clampToGround</altitudeMode><coordinates>7.266882648691535,45.398244084790349,2237.1300000000001</coordinates></Point></Placemark><Placemark><TimeSpan><begin>2019-09-28T09:02:15Z</begin><end>2019-09-28T09:02:31Z</end></TimeSpan><styleUrl>#point</styleUrl><Point><altitudeMode>clampToGround</altitudeMode><coordinates>7.266934448853135,45.398295214399695,2240.0100000000002</coordinates></Point></Placemark><Placemark><TimeSpan><begin>2019-09-28T09:02:31Z</begin><end>2019-09-28T09:02:45Z</end></TimeSpan><styleUrl>#point</styleUrl><Point><altitudeMode>clampToGround</altitudeMode><coordinates>7.266944758594036,45.398344667628407,2241.9299999999998</coordinates></Point></Placemark><Placemark><TimeSpan><begin>2019-09-28T09:02:45Z</begin><end>2019-09-28T09:02:57Z</end></TimeSpan><styleUrl>#point</styleUrl><Point><altitudeMode>clampToGround</altitudeMode><coordinates>7.266964707523584,45.398382721468806,2243.8499999999999</coordinates></Point></Placemark><Placemark><TimeSpan><begin>2019-09-28T09:02:57Z</begin><end>2019-09-28T09:03:13Z</end></TimeSpan><styleUrl>#point</styleUrl><Point><altitudeMode>clampToGround</altitudeMode><coordinates>7.267026901245117,45.398432677611709,2246.2600000000002</coordinates></Point></Placemark><Placemark><TimeSpan><begin>2019-09-28T09:03:13Z</begin><end>2019-09-28T09:03:26Z</end></TimeSpan><styleUrl>#point</styleUrl><Point><altitudeMode>clampToGround</altitudeMode><coordinates>7.267085490748286,45.398463271558285,2247.2199999999998</coordinates></Point></Placemark><Placemark><TimeSpan><begin>2019-09-28T09:03:26Z</begin><end>2019-09-28T09:03:38Z</end></TimeSpan><styleUrl>#point</styleUrl><Point><altitudeMode>clampToGround</altitudeMode><coordinates>7.267122622579336,45.398502582684159,2249.6199999999999</coordinates></Point></Placemark><Placemark><TimeSpan><begin>2019-09-28T09:03:38Z</begin><end>2019-09-28T09:03:51Z</end></TimeSpan><styleUrl>#point</styleUrl><Point><altitudeMode>clampToGround</altitudeMode><coordinates>7.267167214304209,45.398524040356278,2251.0599999999999</coordinates></Point></Placemark><Placemark><TimeSpan><begin>2019-09-28T09:03:51Z</begin><end>2019-09-28T09:04:03Z</end></TimeSpan><styleUrl>#point</styleUrl><Point><altitudeMode>clampToGround</altitudeMode><coordinates>7.267141062766314,45.398543989285827,2252.9899999999998</coordinates></Point></Placemark><Placemark><TimeSpan><begin>2019-09-28T09:04:03Z</begin><end>2019-09-28T09:04:16Z</end></TimeSpan><styleUrl>#point</styleUrl><Point><altitudeMode>clampToGround</altitudeMode><coordinates>7.267065122723579,45.398558070883155,2255.3899999999999</coordinates></Point></Placemark><Placemark><TimeSpan><begin>2019-09-28T09:04:16Z</begin><end>2019-09-28T09:04:28Z</end></TimeSpan><styleUrl>#point</styleUrl><Point><altitudeMode>clampToGround</altitudeMode><coordinates>7.267021704465151,45.398591430857778,2256.8299999999999</coordinates></Point></Placemark><Placemark><TimeSpan><begin>2019-09-28T09:04:28Z</begin><end>2019-09-28T09:04:42Z</end></TimeSpan><styleUrl>#point</styleUrl><Point><altitudeMode>clampToGround</altitudeMode><coordinates>7.266918020322919,45.398570140823722,2258.75</coordinates></Point></Placemark><Placemark><TimeSpan><begin>2019-09-28T09:04:42Z</begin><end>2019-09-28T09:04:56Z</end></TimeSpan><styleUrl>#point</styleUrl><Point><altitudeMode>clampToGround</altitudeMode><coordinates>7.266844594851136,45.398592101410031,2260.6799999999998</coordinates></Point></Placemark><Placemark><TimeSpan><begin>2019-09-28T09:04:56Z</begin><end>2019-09-28T09:05:10Z</end></TimeSpan><styleUrl>#point</styleUrl><Point><altitudeMode>clampToGround</altitudeMode><coordinates>7.266844511032105,45.398639207705855,2262.5999999999999</coordinates></Point></Placemark><Placemark><TimeSpan><begin>2019-09-28T09:05:10Z</begin><end>2019-09-28T09:05:24Z</end></TimeSpan><styleUrl>#point</styleUrl><Point><altitudeMode>clampToGround</altitudeMode><coordinates>7.266889018937945,45.398677010089159,2265</coordinates></Point></Placemark><Placemark><TimeSpan><begin>2019-09-28T09:05:24Z</begin><end>2019-09-28T09:05:37Z</end></TimeSpan><styleUrl>#point</styleUrl><Point><altitudeMode>clampToGround</altitudeMode><coordinates>7.26696495898068,45.398725206032395,2267.4099999999999</coordinates></Point></Placemark><Placemark><TimeSpan><begin>2019-09-28T09:05:37Z</begin><end>2019-09-28T09:05:52Z</end></TimeSpan><styleUrl>#point</styleUrl><Point><altitudeMode>clampToGround</altitudeMode><coordinates>7.266996474936605,45.398763427510858,2268.8499999999999</coordinates></Point></Placemark><Placemark><TimeSpan><begin>2019-09-28T09:05:52Z</begin><end>2019-09-28T09:06:05Z</end></TimeSpan><styleUrl>#point</styleUrl><Point><altitudeMode>clampToGround</altitudeMode><coordinates>7.266947608441114,45.398791339248419,2270.77</coordinates></Point></Placemark><Placemark><TimeSpan><begin>2019-09-28T09:06:05Z</begin><end>2019-09-28T09:06:17Z</end></TimeSpan><styleUrl>#point</styleUrl><Point><altitudeMode>clampToGround</altitudeMode><coordinates>7.266868567094207,45.398818580433726,2272.6900000000001</coordinates></Point></Placemark><Placemark><TimeSpan><begin>2019-09-28T09:06:17Z</begin><end>2019-09-28T09:06:29Z</end></TimeSpan><styleUrl>#point</styleUrl><Point><altitudeMode>clampToGround</altitudeMode><coordinates>7.266788855195046,45.398836936801672,2274.1399999999999</coordinates></Point></Placemark><Placemark><TimeSpan><begin>2019-09-28T09:06:29Z</begin><end>2019-09-28T09:06:43Z</end></TimeSpan><styleUrl>#point</styleUrl><Point><altitudeMode>clampToGround</altitudeMode><coordinates>7.266745353117585,45.398887479677796,2275.5799999999999</coordinates></Point></Placemark><Placemark><TimeSpan><begin>2019-09-28T09:06:43Z</begin><end>2019-09-28T09:06:55Z</end></TimeSpan><styleUrl>#point</styleUrl><Point><altitudeMode>clampToGround</altitudeMode><coordinates>7.26667670533061,45.398942967876792,2277.5</coordinates></Point></Placemark><Placemark><TimeSpan><begin>2019-09-28T09:06:55Z</begin><end>2019-09-28T09:07:03Z</end></TimeSpan><styleUrl>#point</styleUrl><Point><altitudeMode>clampToGround</altitudeMode><coordinates>7.266655834391713,45.398975741118193,2279.4200000000001</coordinates></Point></Placemark><Placemark><TimeSpan><begin>2019-09-28T09:07:03Z</begin><end>2019-09-28T09:07:16Z</end></TimeSpan><styleUrl>#point</styleUrl><Point><altitudeMode>clampToGround</altitudeMode><coordinates>7.266717609018087,45.398996276780963,2280.8699999999999</coordinates></Point></Placemark><Placemark><TimeSpan><begin>2019-09-28T09:07:16Z</begin><end>2019-09-28T09:07:30Z</end></TimeSpan><styleUrl>#point</styleUrl><Point><altitudeMode>clampToGround</altitudeMode><coordinates>7.266757087782025,45.399030474945903,2282.79</coordinates></Point></Placemark><Placemark><TimeSpan><begin>2019-09-28T09:07:30Z</begin><end>2019-09-28T09:07:41Z</end></TimeSpan><styleUrl>#point</styleUrl><Point><altitudeMode>clampToGround</altitudeMode><coordinates>7.266712076961994,45.399088142439723,2284.71</coordinates></Point></Placemark><Placemark><TimeSpan><begin>2019-09-28T09:07:41Z</begin><end>2019-09-28T09:07:56Z</end></TimeSpan><styleUrl>#point</styleUrl><Point><altitudeMode>clampToGround</altitudeMode><coordinates>7.26672749966383,45.399113036692142,2286.1500000000001</coordinates></Point></Placemark><Placemark><TimeSpan><begin>2019-09-28T09:07:56Z</begin><end>2019-09-28T09:08:09Z</end></TimeSpan><styleUrl>#point</styleUrl><Point><altitudeMode>clampToGround</altitudeMode><coordinates>7.266765721142292,45.399168357253075,2288.0799999999999</coordinates></Point></Placemark><Placemark><TimeSpan><begin>2019-09-28T09:08:09Z</begin><end>2019-09-28T09:08:24Z</end></TimeSpan><styleUrl>#point</styleUrl><Point><altitudeMode>clampToGround</altitudeMode><coordinates>7.266862029209733,45.399224683642387,2290.48</coordinates></Point></Placemark><Placemark><TimeSpan><begin>2019-09-28T09:08:24Z</begin><end>2019-09-28T09:08:39Z</end></TimeSpan><styleUrl>#point</styleUrl><Point><altitudeMode>clampToGround</altitudeMode><coordinates>7.26700795814395,45.399310011416674,2290.96</coordinates></Point></Placemark><Placemark><TimeSpan><begin>2019-09-28T09:08:39Z</begin><end>2019-09-28T09:08:40Z</end></TimeSpan><styleUrl>#point</styleUrl><Point><altitudeMode>clampToGround</altitudeMode><coordinates>7.267022039741278,45.399314202368259,2290.96</coordinates></Point></Placemark><Placemark><TimeSpan><begin>2019-09-28T09:08:40Z</begin><end>2019-09-28T09:08:53Z</end></TimeSpan><styleUrl>#point</styleUrl><Point><altitudeMode>clampToGround</altitudeMode><coordinates>7.267148271203041,45.399407325312495,2291.4400000000001</coordinates></Point></Placemark><Placemark><TimeSpan><begin>2019-09-28T09:08:53Z</begin><end>2019-09-28T09:08:58Z</end></TimeSpan><styleUrl>#point</styleUrl><Point><altitudeMode>clampToGround</altitudeMode><coordinates>7.267215829342604,45.399432219564915,2291.4400000000001</coordinates></Point></Placemark><Placemark><TimeSpan><begin>2019-09-28T09:08:58Z</begin><end>2019-09-28T09:09:08Z</end></TimeSpan><styleUrl>#point</styleUrl><Point><altitudeMode>clampToGround</altitudeMode><coordinates>7.267297217622399,45.399512099102139,2291.4400000000001</coordinates></Point></Placemark><Placemark><TimeSpan><begin>2019-09-28T09:09:08Z</begin><end>2019-09-28T09:09:20Z</end></TimeSpan><styleUrl>#point</styleUrl><Point><altitudeMode>clampToGround</altitudeMode><coordinates>7.267444152384996,45.399558367207646,2291.4400000000001</coordinates></Point></Placemark><Placemark><TimeSpan><begin>2019-09-28T09:09:20Z</begin><end>2019-09-28T09:09:32Z</end></TimeSpan><styleUrl>#point</styleUrl><Point><altitudeMode>clampToGround</altitudeMode><coordinates>7.267556050792337,45.399569431319833,2291.9200000000001</coordinates></Point></Placemark><Placemark><TimeSpan><begin>2019-09-28T09:09:32Z</begin><end>2019-09-28T09:09:34Z</end></TimeSpan><styleUrl>#point</styleUrl><Point><altitudeMode>clampToGround</altitudeMode><coordinates>7.267578514292836,45.399569347500801,2290</coordinates></Point></Placemark><Placemark><TimeSpan><begin>2019-09-28T09:09:34Z</begin><end>2019-09-28T09:09:39Z</end></TimeSpan><styleUrl>#point</styleUrl><Point><altitudeMode>clampToGround</altitudeMode><coordinates>7.267624782398343,45.399548141285777,2291.4400000000001</coordinates></Point></Placemark><Placemark><TimeSpan><begin>2019-09-28T09:09:39Z</begin><end>2019-09-28T09:09:52Z</end></TimeSpan><styleUrl>#point</styleUrl><Point><altitudeMode>clampToGround</altitudeMode><coordinates>7.267745649442077,45.399522827938199,2292.8800000000001</coordinates></Point></Placemark><Placemark><TimeSpan><begin>2019-09-28T09:09:52Z</begin><end>2019-09-28T09:10:02Z</end></TimeSpan><styleUrl>#point</styleUrl><Point><altitudeMode>clampToGround</altitudeMode><coordinates>7.26783231832087,45.39950187318027,2294.3200000000002</coordinates></Point></Placemark><Placemark><TimeSpan><begin>2019-09-28T09:10:02Z</begin><end>2019-09-28T09:10:15Z</end></TimeSpan><styleUrl>#point</styleUrl><Point><altitudeMode>clampToGround</altitudeMode><coordinates>7.267977828159928,45.399434482678771,2294.3200000000002</coordinates></Point></Placemark><Placemark><TimeSpan><begin>2019-09-28T09:10:15Z</begin><end>2019-09-28T09:10:31Z</end></TimeSpan><styleUrl>#point</styleUrl><Point><altitudeMode>clampToGround</altitudeMode><coordinates>7.268139012157917,45.399422496557236,2295.2800000000002</coordinates></Point></Placemark><Placemark><TimeSpan><begin>2019-09-28T09:10:31Z</begin><end>2019-09-28T09:10:43Z</end></TimeSpan><styleUrl>#point</styleUrl><Point><altitudeMode>clampToGround</altitudeMode><coordinates>7.26816357113421,45.399484690278769,2297.21</coordinates></Point></Placemark><Placemark><TimeSpan><begin>2019-09-28T09:10:43Z</begin><end>2019-09-28T09:10:45Z</end></TimeSpan><styleUrl>#point</styleUrl><Point><altitudeMode>clampToGround</altitudeMode><coordinates>7.268178658559918,45.399497263133526,2297.21</coordinates></Point></Placemark><Placemark><TimeSpan><begin>2019-09-28T09:10:45Z</begin><end>2019-09-28T09:10:59Z</end></TimeSpan><styleUrl>#point</styleUrl><Point><altitudeMode>clampToGround</altitudeMode><coordinates>7.268282594159246,45.399567922577262,2299.6100000000001</coordinates></Point></Placemark><Placemark><TimeSpan><begin>2019-09-28T09:10:59Z</begin><end>2019-09-28T09:11:12Z</end></TimeSpan><styleUrl>#point</styleUrl><Point><altitudeMode>clampToGround</altitudeMode><coordinates>7.268318049609661,45.39962257258594,2301.5300000000002</coordinates></Point></Placemark><Placemark><TimeSpan><begin>2019-09-28T09:11:12Z</begin><end>2019-09-28T09:11:25Z</end></TimeSpan><styleUrl>#point</styleUrl><Point><altitudeMode>clampToGround</altitudeMode><coordinates>7.268303632736206,45.399679569527507,2302.4899999999998</coordinates></Point></Placemark><Placemark><TimeSpan><begin>2019-09-28T09:11:25Z</begin><end>2019-09-28T09:11:37Z</end></TimeSpan><styleUrl>#point</styleUrl><Point><altitudeMode>clampToGround</altitudeMode><coordinates>7.268396336585283,45.399711420759559,2304.9000000000001</coordinates></Point></Placemark><Placemark><TimeSpan><begin>2019-09-28T09:11:37Z</begin><end>2019-09-28T09:11:51Z</end></TimeSpan><styleUrl>#point</styleUrl><Point><altitudeMode>clampToGround</altitudeMode><coordinates>7.268377142027021,45.39975400082767,2306.8200000000002</coordinates></Point></Placemark><Placemark><TimeSpan><begin>2019-09-28T09:11:51Z</begin><end>2019-09-28T09:12:06Z</end></TimeSpan><styleUrl>#point</styleUrl><Point><altitudeMode>clampToGround</altitudeMode><coordinates>7.268469259142876,45.399778559803963,2309.2199999999998</coordinates></Point></Placemark><Placemark><TimeSpan><begin>2019-09-28T09:12:06Z</begin><end>2019-09-28T09:12:19Z</end></TimeSpan><styleUrl>#point</styleUrl><Point><altitudeMode>clampToGround</altitudeMode><coordinates>7.268569841980934,45.399770177900791,2311.1500000000001</coordinates></Point></Placemark><Placemark><TimeSpan><begin>2019-09-28T09:12:19Z</begin><end>2019-09-28T09:12:33Z</end></TimeSpan><styleUrl>#point</styleUrl><Point><altitudeMode>clampToGround</altitudeMode><coordinates>7.268545785918832,45.399813177064061,2313.0700000000002</coordinates></Point></Placemark><Placemark><TimeSpan><begin>2019-09-28T09:12:33Z</begin><end>2019-09-28T09:12:47Z</end></TimeSpan><styleUrl>#point</styleUrl><Point><altitudeMode>clampToGround</altitudeMode><coordinates>7.268491555005312,45.399869000539184,2315.4699999999998</coordinates></Point></Placemark><Placemark><TimeSpan><begin>2019-09-28T09:12:47Z</begin><end>2019-09-28T09:13:01Z</end></TimeSpan><styleUrl>#point</styleUrl><Point><altitudeMode>clampToGround</altitudeMode><coordinates>7.268559783697128,45.399898337200284,2317.4000000000001</coordinates></Point></Placemark><Placemark><TimeSpan><begin>2019-09-28T09:13:01Z</begin><end>2019-09-28T09:13:20Z</end></TimeSpan><styleUrl>#point</styleUrl><Point><altitudeMode>clampToGround</altitudeMode><coordinates>7.268530111759901,45.399906802922487,2319.8000000000002</coordinates></Point></Placemark><Placemark><TimeSpan><begin>2019-09-28T09:13:20Z</begin><end>2019-09-28T09:13:32Z</end></TimeSpan><styleUrl>#point</styleUrl><Point><altitudeMode>clampToGround</altitudeMode><coordinates>7.268495745956898,45.39994259364903,2320.7600000000002</coordinates></Point></Placemark><Placemark><TimeSpan><begin>2019-09-28T09:13:32Z</begin><end>2019-09-28T09:13:45Z</end></TimeSpan><styleUrl>#point</styleUrl><Point><altitudeMode>clampToGround</altitudeMode><coordinates>7.268473198637366,45.400009397417307,2323.1599999999999</coordinates></Point></Placemark><Placemark><TimeSpan><begin>2019-09-28T09:13:45Z</begin><end>2019-09-28T09:13:59Z</end></TimeSpan><styleUrl>#point</styleUrl><Point><altitudeMode>clampToGround</altitudeMode><coordinates>7.268448388203979,45.400048792362213,2324.6100000000001</coordinates></Point></Placemark><Placemark><TimeSpan><begin>2019-09-28T09:13:59Z</begin><end>2019-09-28T09:14:12Z</end></TimeSpan><styleUrl>#point</styleUrl><Point><altitudeMode>clampToGround</altitudeMode><coordinates>7.268423745408654,45.400103274732828,2327.0100000000002</coordinates></Point></Placemark><Placemark><TimeSpan><begin>2019-09-28T09:14:12Z</begin><end>2019-09-28T09:14:26Z</end></TimeSpan><styleUrl>#point</styleUrl><Point><altitudeMode>clampToGround</altitudeMode><coordinates>7.268457021564245,45.400156080722809,2328.4499999999998</coordinates></Point></Placemark><Placemark><TimeSpan><begin>2019-09-28T09:14:26Z</begin><end>2019-09-28T09:14:37Z</end></TimeSpan><styleUrl>#point</styleUrl><Point><altitudeMode>clampToGround</altitudeMode><coordinates>7.268487447872758,45.400191703811288,2330.3699999999999</coordinates></Point></Placemark><Placemark><TimeSpan><begin>2019-09-28T09:14:37Z</begin><end>2019-09-28T09:14:49Z</end></TimeSpan><styleUrl>#point</styleUrl><Point><altitudeMode>clampToGround</altitudeMode><coordinates>7.268549473956227,45.400191368535161,2332.3000000000002</coordinates></Point></Placemark><Placemark><TimeSpan><begin>2019-09-28T09:14:49Z</begin><end>2019-09-28T09:15:04Z</end></TimeSpan><styleUrl>#point</styleUrl><Point><altitudeMode>clampToGround</altitudeMode><coordinates>7.268629353493452,45.400222633033991,2334.2199999999998</coordinates></Point></Placemark><Placemark><TimeSpan><begin>2019-09-28T09:15:04Z</begin><end>2019-09-28T09:15:18Z</end></TimeSpan><styleUrl>#point</styleUrl><Point><altitudeMode>clampToGround</altitudeMode><coordinates>7.26867813616991,45.400273511186242,2336.1399999999999</coordinates></Point></Placemark><Placemark><TimeSpan><begin>2019-09-28T09:15:18Z</begin><end>2019-09-28T09:15:32Z</end></TimeSpan><styleUrl>#point</styleUrl><Point><altitudeMode>clampToGround</altitudeMode><coordinates>7.268680315464735,45.400330172851682,2338.54</coordinates></Point></Placemark><Placemark><TimeSpan><begin>2019-09-28T09:15:32Z</begin><end>2019-09-28T09:15:45Z</end></TimeSpan><styleUrl>#point</styleUrl><Point><altitudeMode>clampToGround</altitudeMode><coordinates>7.268686685711145,45.400371579453349,2340.9499999999998</coordinates></Point></Placemark><Placemark><TimeSpan><begin>2019-09-28T09:15:45Z</begin><end>2019-09-28T09:15:58Z</end></TimeSpan><styleUrl>#point</styleUrl><Point><altitudeMode>clampToGround</altitudeMode><coordinates>7.268659779801965,45.400435198098421,2342.3899999999999</coordinates></Point></Placemark><Placemark><TimeSpan><begin>2019-09-28T09:15:58Z</begin><end>2019-09-28T09:16:13Z</end></TimeSpan><styleUrl>#point</styleUrl><Point><altitudeMode>clampToGround</altitudeMode><coordinates>7.268668748438358,45.400460427626967,2343.8299999999999</coordinates></Point></Placemark><Placemark><TimeSpan><begin>2019-09-28T09:16:13Z</begin><end>2019-09-28T09:16:42Z</end></TimeSpan><styleUrl>#point</styleUrl><Point><altitudeMode>clampToGround</altitudeMode><coordinates>7.26868643425405,45.400461852550507,2343.8299999999999</coordinates></Point></Placemark><Placemark><TimeSpan><begin>2019-09-28T09:16:42Z</begin><end>2019-09-28T09:16:58Z</end></TimeSpan><styleUrl>#point</styleUrl><Point><altitudeMode>clampToGround</altitudeMode><coordinates>7.268671514466405,45.40049035102129,2344.3099999999999</coordinates></Point></Placemark><Placemark><TimeSpan><begin>2019-09-28T09:16:58Z</begin><end>2019-09-28T09:17:10Z</end></TimeSpan><styleUrl>#point</styleUrl><Point><altitudeMode>clampToGround</altitudeMode><coordinates>7.268681488931179,45.400497391819954,2346.7199999999998</coordinates></Point></Placemark><Placemark><TimeSpan><begin>2019-09-28T09:17:10Z</begin><end>2019-09-28T09:17:23Z</end></TimeSpan><styleUrl>#point</styleUrl><Point><altitudeMode>clampToGround</altitudeMode><coordinates>7.26860823109746,45.400553550571203,2347.6799999999998</coordinates></Point></Placemark><Placemark><TimeSpan><begin>2019-09-28T09:17:23Z</begin><end>2019-09-28T09:17:37Z</end></TimeSpan><styleUrl>#point</styleUrl><Point><altitudeMode>clampToGround</altitudeMode><coordinates>7.268661959096789,45.400579115375876,2350.5599999999999</coordinates></Point></Placemark><Placemark><TimeSpan><begin>2019-09-28T09:17:37Z</begin><end>2019-09-28T09:17:50Z</end></TimeSpan><styleUrl>#point</styleUrl><Point><altitudeMode>clampToGround</altitudeMode><coordinates>7.268639160320163,45.400637872517109,2352</coordinates></Point></Placemark><Placemark><TimeSpan><begin>2019-09-28T09:17:50Z</begin><end>2019-09-28T09:18:02Z</end></TimeSpan><styleUrl>#point</styleUrl><Point><altitudeMode>clampToGround</altitudeMode><coordinates>7.268614852800965,45.400696042925119,2353.9299999999998</coordinates></Point></Placemark><Placemark><TimeSpan><begin>2019-09-28T09:18:02Z</begin><end>2019-09-28T09:18:13Z</end></TimeSpan><styleUrl>#point</styleUrl><Point><altitudeMode>clampToGround</altitudeMode><coordinates>7.268552323803306,45.400750357657671,2355.3699999999999</coordinates></Point></Placemark><Placemark><TimeSpan><begin>2019-09-28T09:18:13Z</begin><end>2019-09-28T09:18:25Z</end></TimeSpan><styleUrl>#point</styleUrl><Point><altitudeMode>clampToGround</altitudeMode><coordinates>7.268535476177931,45.400783130899072,2357.29</coordinates></Point></Placemark><Placemark><TimeSpan><begin>2019-09-28T09:18:25Z</begin><end>2019-09-28T09:18:37Z</end></TimeSpan><styleUrl>#point</styleUrl><Point><altitudeMode>clampToGround</altitudeMode><coordinates>7.268524747341871,45.400816658511758,2359.21</coordinates></Point></Placemark><Placemark><TimeSpan><begin>2019-09-28T09:18:37Z</begin><end>2019-09-28T09:18:48Z</end></TimeSpan><styleUrl>#point</styleUrl><Point><altitudeMode>clampToGround</altitudeMode><coordinates>7.26851150393486,45.400852952152491,2360.6500000000001</coordinates></Point></Placemark><Placemark><TimeSpan><begin>2019-09-28T09:18:48Z</begin><end>2019-09-28T09:19:03Z</end></TimeSpan><styleUrl>#point</styleUrl><Point><altitudeMode>clampToGround</altitudeMode><coordinates>7.268484262749553,45.400866949930787,2361.6199999999999</coordinates></Point></Placemark><Placemark><TimeSpan><begin>2019-09-28T09:19:03Z</begin><end>2019-09-28T09:19:21Z</end></TimeSpan><styleUrl>#point</styleUrl><Point><altitudeMode>clampToGround</altitudeMode><coordinates>7.268458195030689,45.400893101468682,2362.0999999999999</coordinates></Point></Placemark><Placemark><TimeSpan><begin>2019-09-28T09:19:21Z</begin><end>2019-09-28T09:19:31Z</end></TimeSpan><styleUrl>#point</styleUrl><Point><altitudeMode>clampToGround</altitudeMode><coordinates>7.268418045714498,45.400922438129783,2363.54</coordinates></Point></Placemark><Placemark><TimeSpan><begin>2019-09-28T09:19:31Z</begin><end>2019-09-28T09:19:43Z</end></TimeSpan><styleUrl>#point</styleUrl><Point><altitudeMode>clampToGround</altitudeMode><coordinates>7.268405975773931,45.400973400101066,2365.46</coordinates></Point></Placemark><Placemark><TimeSpan><begin>2019-09-28T09:19:43Z</begin><end>2019-09-28T09:19:56Z</end></TimeSpan><styleUrl>#point</styleUrl><Point><altitudeMode>clampToGround</altitudeMode><coordinates>7.268468840047717,45.400964599102736,2367.3800000000001</coordinates></Point></Placemark><Placemark><TimeSpan><begin>2019-09-28T09:19:56Z</begin><end>2019-09-28T09:20:08Z</end></TimeSpan><styleUrl>#point</styleUrl><Point><altitudeMode>clampToGround</altitudeMode><coordinates>7.268485184758902,45.401005502790213,2368.3499999999999</coordinates></Point></Placemark><Placemark><TimeSpan><begin>2019-09-28T09:20:08Z</begin><end>2019-09-28T09:20:18Z</end></TimeSpan><styleUrl>#point</styleUrl><Point><altitudeMode>clampToGround</altitudeMode><coordinates>7.268451321870089,45.401035007089376,2370.27</coordinates></Point></Placemark><Placemark><TimeSpan><begin>2019-09-28T09:20:18Z</begin><end>2019-09-28T09:20:28Z</end></TimeSpan><styleUrl>#point</styleUrl><Point><altitudeMode>clampToGround</altitudeMode><coordinates>7.268436318263412,45.401069540530443,2371.23</coordinates></Point></Placemark><Placemark><TimeSpan><begin>2019-09-28T09:20:28Z</begin><end>2019-09-28T09:20:40Z</end></TimeSpan><styleUrl>#point</styleUrl><Point><altitudeMode>clampToGround</altitudeMode><coordinates>7.268511336296797,45.401055291295052,2372.6700000000001</coordinates></Point></Placemark><Placemark><TimeSpan><begin>2019-09-28T09:20:40Z</begin><end>2019-09-28T09:20:53Z</end></TimeSpan><styleUrl>#point</styleUrl><Point><altitudeMode>clampToGround</altitudeMode><coordinates>7.268589539453387,45.401071887463331,2374.5900000000001</coordinates></Point></Placemark><Placemark><TimeSpan><begin>2019-09-28T09:20:53Z</begin><end>2019-09-28T09:21:06Z</end></TimeSpan><styleUrl>#point</styleUrl><Point><altitudeMode>clampToGround</altitudeMode><coordinates>7.268586186692119,45.40109627880156,2377.48</coordinates></Point></Placemark><Placemark><TimeSpan><begin>2019-09-28T09:21:06Z</begin><end>2019-09-28T09:21:09Z</end></TimeSpan><styleUrl>#point</styleUrl><Point><altitudeMode>clampToGround</altitudeMode><coordinates>7.268568919971585,45.401108935475349,2376.04</coordinates></Point></Placemark><Placemark><TimeSpan><begin>2019-09-28T09:21:09Z</begin><end>2019-09-28T09:21:12Z</end></TimeSpan><styleUrl>#point</styleUrl><Point><altitudeMode>clampToGround</altitudeMode><coordinates>7.26856330409646,45.401128800585866,2377.48</coordinates></Point></Placemark><Placemark><TimeSpan><begin>2019-09-28T09:21:12Z</begin><end>2019-09-28T09:21:24Z</end></TimeSpan><styleUrl>#point</styleUrl><Point><altitudeMode>clampToGround</altitudeMode><coordinates>7.268558526411653,45.401177834719419,2379.4000000000001</coordinates></Point></Placemark><Placemark><TimeSpan><begin>2019-09-28T09:21:24Z</begin><end>2019-09-28T09:21:36Z</end></TimeSpan><styleUrl>#point</styleUrl><Point><altitudeMode>clampToGround</altitudeMode><coordinates>7.268609991297126,45.401169871911407,2381.8000000000002</coordinates></Point></Placemark><Placemark><TimeSpan><begin>2019-09-28T09:21:36Z</begin><end>2019-09-28T09:21:52Z</end></TimeSpan><styleUrl>#point</styleUrl><Point><altitudeMode>clampToGround</altitudeMode><coordinates>7.268626503646374,45.40121647529304,2384.21</coordinates></Point></Placemark><Placemark><TimeSpan><begin>2019-09-28T09:21:52Z</begin><end>2019-09-28T09:22:04Z</end></TimeSpan><styleUrl>#point</styleUrl><Point><altitudeMode>clampToGround</altitudeMode><coordinates>7.2686458658427,45.4012565407902,2386.1300000000001</coordinates></Point></Placemark><Placemark><TimeSpan><begin>2019-09-28T09:22:04Z</begin><end>2019-09-28T09:22:18Z</end></TimeSpan><styleUrl>#point</styleUrl><Point><altitudeMode>clampToGround</altitudeMode><coordinates>7.268627006560564,45.401293421164155,2388.0500000000002</coordinates></Point></Placemark><Placemark><TimeSpan><begin>2019-09-28T09:22:18Z</begin><end>2019-09-28T09:22:32Z</end></TimeSpan><styleUrl>#point</styleUrl><Point><altitudeMode>clampToGround</altitudeMode><coordinates>7.268676962703466,45.401301635429263,2390.46</coordinates></Point></Placemark><Placemark><TimeSpan><begin>2019-09-28T09:22:32Z</begin><end>2019-09-28T09:22:50Z</end></TimeSpan><styleUrl>#point</styleUrl><Point><altitudeMode>clampToGround</altitudeMode><coordinates>7.268670676276088,45.401345305144787,2391.4200000000001</coordinates></Point></Placemark><Placemark><TimeSpan><begin>2019-09-28T09:22:50Z</begin><end>2019-09-28T09:23:03Z</end></TimeSpan><styleUrl>#point</styleUrl><Point><altitudeMode>clampToGround</altitudeMode><coordinates>7.268668999895454,45.401401882991195,2393.3400000000001</coordinates></Point></Placemark><Placemark><TimeSpan><begin>2019-09-28T09:23:03Z</begin><end>2019-09-28T09:23:16Z</end></TimeSpan><styleUrl>#point</styleUrl><Point><altitudeMode>clampToGround</altitudeMode><coordinates>7.268705880269408,45.40141043253243,2395.2600000000002</coordinates></Point></Placemark><Placemark><TimeSpan><begin>2019-09-28T09:23:16Z</begin><end>2019-09-28T09:23:29Z</end></TimeSpan><styleUrl>#point</styleUrl><Point><altitudeMode>clampToGround</altitudeMode><coordinates>7.268691966310144,45.401470279321074,2397.1799999999998</coordinates></Point></Placemark><Placemark><TimeSpan><begin>2019-09-28T09:23:29Z</begin><end>2019-09-28T09:23:42Z</end></TimeSpan><styleUrl>#point</styleUrl><Point><altitudeMode>clampToGround</altitudeMode><coordinates>7.268669083714485,45.401527443900704,2399.1100000000001</coordinates></Point></Placemark><Placemark><TimeSpan><begin>2019-09-28T09:23:42Z</begin><end>2019-09-28T09:23:54Z</end></TimeSpan><styleUrl>#point</styleUrl><Point><altitudeMode>clampToGround</altitudeMode><coordinates>7.268645614385605,45.401577819138765,2400.0700000000002</coordinates></Point></Placemark><Placemark><TimeSpan><begin>2019-09-28T09:23:54Z</begin><end>2019-09-28T09:24:04Z</end></TimeSpan><styleUrl>#point</styleUrl><Point><altitudeMode>clampToGround</altitudeMode><coordinates>7.268686098977923,45.401570945978165,2401.5100000000002</coordinates></Point></Placemark><Placemark><TimeSpan><begin>2019-09-28T09:24:04Z</begin><end>2019-09-28T09:24:17Z</end></TimeSpan><styleUrl>#point</styleUrl><Point><altitudeMode>clampToGround</altitudeMode><coordinates>7.26870252750814,45.401604222133756,2403.4299999999998</coordinates></Point></Placemark><Placemark><TimeSpan><begin>2019-09-28T09:24:17Z</begin><end>2019-09-28T09:24:31Z</end></TimeSpan><styleUrl>#point</styleUrl><Point><altitudeMode>clampToGround</altitudeMode><coordinates>7.268717866390944,45.401612352579832,2404.8800000000001</coordinates></Point></Placemark><Placemark><TimeSpan><begin>2019-09-28T09:24:31Z</begin><end>2019-09-28T09:24:44Z</end></TimeSpan><styleUrl>#point</styleUrl><Point><altitudeMode>clampToGround</altitudeMode><coordinates>7.268710490316153,45.401662392541766,2406.8000000000002</coordinates></Point></Placemark><Placemark><TimeSpan><begin>2019-09-28T09:24:44Z</begin><end>2019-09-28T09:24:58Z</end></TimeSpan><styleUrl>#point</styleUrl><Point><altitudeMode>clampToGround</altitudeMode><coordinates>7.268742173910141,45.401695081964135,2408.2399999999998</coordinates></Point></Placemark><Placemark><TimeSpan><begin>2019-09-28T09:24:58Z</begin><end>2019-09-28T09:25:13Z</end></TimeSpan><styleUrl>#point</styleUrl><Point><altitudeMode>clampToGround</altitudeMode><coordinates>7.26875675842166,45.401745876297355,2410.6399999999999</coordinates></Point></Placemark><Placemark><TimeSpan><begin>2019-09-28T09:25:13Z</begin><end>2019-09-28T09:25:27Z</end></TimeSpan><styleUrl>#point</styleUrl><Point><altitudeMode>clampToGround</altitudeMode><coordinates>7.268789196386933,45.401774877682328,2412.5700000000002</coordinates></Point></Placemark><Placemark><TimeSpan><begin>2019-09-28T09:25:27Z</begin><end>2019-09-28T09:25:39Z</end></TimeSpan><styleUrl>#point</styleUrl><Point><altitudeMode>clampToGround</altitudeMode><coordinates>7.268762709572911,45.401837658137083,2414.0100000000002</coordinates></Point></Placemark><Placemark><TimeSpan><begin>2019-09-28T09:25:39Z</begin><end>2019-09-28T09:25:51Z</end></TimeSpan><styleUrl>#point</styleUrl><Point><altitudeMode>clampToGround</altitudeMode><coordinates>7.268738150596619,45.401897002011538,2415.9299999999998</coordinates></Point></Placemark><Placemark><TimeSpan><begin>2019-09-28T09:25:51Z</begin><end>2019-09-28T09:26:06Z</end></TimeSpan><styleUrl>#point</styleUrl><Point><altitudeMode>clampToGround</altitudeMode><coordinates>7.268803948536515,45.401889374479651,2417.3699999999999</coordinates></Point></Placemark><Placemark><TimeSpan><begin>2019-09-28T09:26:06Z</begin><end>2019-09-28T09:26:18Z</end></TimeSpan><styleUrl>#point</styleUrl><Point><altitudeMode>clampToGround</altitudeMode><coordinates>7.268789699301124,45.401945281773806,2419.3000000000002</coordinates></Point></Placemark><Placemark><TimeSpan><begin>2019-09-28T09:26:18Z</begin><end>2019-09-28T09:26:30Z</end></TimeSpan><styleUrl>#point</styleUrl><Point><altitudeMode>clampToGround</altitudeMode><coordinates>7.268835380673409,45.401965146884322,2421.2199999999998</coordinates></Point></Placemark><Placemark><TimeSpan><begin>2019-09-28T09:26:30Z</begin><end>2019-09-28T09:26:44Z</end></TimeSpan><styleUrl>#point</styleUrl><Point><altitudeMode>clampToGround</altitudeMode><coordinates>7.268810905516148,45.402019964531064,2423.1399999999999</coordinates></Point></Placemark><Placemark><TimeSpan><begin>2019-09-28T09:26:44Z</begin><end>2019-09-28T09:26:58Z</end></TimeSpan><styleUrl>#point</styleUrl><Point><altitudeMode>clampToGround</altitudeMode><coordinates>7.268883492797613,45.40204712189734,2424.5799999999999</coordinates></Point></Placemark><Placemark><TimeSpan><begin>2019-09-28T09:26:58Z</begin><end>2019-09-28T09:27:12Z</end></TimeSpan><styleUrl>#point</styleUrl><Point><altitudeMode>clampToGround</altitudeMode><coordinates>7.268902771174908,45.402079978957772,2426.9899999999998</coordinates></Point></Placemark><Placemark><TimeSpan><begin>2019-09-28T09:27:12Z</begin><end>2019-09-28T09:27:22Z</end></TimeSpan><styleUrl>#point</styleUrl><Point><altitudeMode>clampToGround</altitudeMode><coordinates>7.268889527767897,45.402114596217871,2428.4299999999998</coordinates></Point></Placemark><Placemark><TimeSpan><begin>2019-09-28T09:27:22Z</begin><end>2019-09-28T09:27:33Z</end></TimeSpan><styleUrl>#point</styleUrl><Point><altitudeMode>clampToGround</altitudeMode><coordinates>7.268861867487431,45.402158098295331,2430.8299999999999</coordinates></Point></Placemark><Placemark><TimeSpan><begin>2019-09-28T09:27:33Z</begin><end>2019-09-28T09:27:45Z</end></TimeSpan><styleUrl>#point</styleUrl><Point><altitudeMode>clampToGround</altitudeMode><coordinates>7.268856922164559,45.402182657271624,2431.79</coordinates></Point></Placemark><Placemark><TimeSpan><begin>2019-09-28T09:27:45Z</begin><end>2019-09-28T09:27:58Z</end></TimeSpan><styleUrl>#point</styleUrl><Point><altitudeMode>clampToGround</altitudeMode><coordinates>7.2688202932477,45.40222498588264,2433.23</coordinates></Point></Placemark><Placemark><TimeSpan><begin>2019-09-28T09:27:58Z</begin><end>2019-09-28T09:28:11Z</end></TimeSpan><styleUrl>#point</styleUrl><Point><altitudeMode>clampToGround</altitudeMode><coordinates>7.268883492797613,45.402239905670285,2435.1599999999999</coordinates></Point></Placemark><Placemark><TimeSpan><begin>2019-09-28T09:28:11Z</begin><end>2019-09-28T09:28:23Z</end></TimeSpan><styleUrl>#point</styleUrl><Point><altitudeMode>clampToGround</altitudeMode><coordinates>7.268866561353207,45.40228558704257,2436.5999999999999</coordinates></Point></Placemark><Placemark><TimeSpan><begin>2019-09-28T09:28:23Z</begin><end>2019-09-28T09:28:37Z</end></TimeSpan><styleUrl>#point</styleUrl><Point><altitudeMode>clampToGround</altitudeMode><coordinates>7.268863962963224,45.402333363890648,2439</coordinates></Point></Placemark><Placemark><TimeSpan><begin>2019-09-28T09:28:37Z</begin><end>2019-09-28T09:28:48Z</end></TimeSpan><styleUrl>#point</styleUrl><Point><altitudeMode>clampToGround</altitudeMode><coordinates>7.268821382895112,45.402366556227207,2440.4400000000001</coordinates></Point></Placemark><Placemark><TimeSpan><begin>2019-09-28T09:28:48Z</begin><end>2019-09-28T09:29:00Z</end></TimeSpan><styleUrl>#point</styleUrl><Point><altitudeMode>clampToGround</altitudeMode><coordinates>7.268736893311143,45.40238918736577,2441.8899999999999</coordinates></Point></Placemark><Placemark><TimeSpan><begin>2019-09-28T09:29:00Z</begin><end>2019-09-28T09:29:13Z</end></TimeSpan><styleUrl>#point</styleUrl><Point><altitudeMode>clampToGround</altitudeMode><coordinates>7.268659193068743,45.402462361380458,2442.3699999999999</coordinates></Point></Placemark><Placemark><TimeSpan><begin>2019-09-28T09:29:13Z</begin><end>2019-09-28T09:29:25Z</end></TimeSpan><styleUrl>#point</styleUrl><Point><altitudeMode>clampToGround</altitudeMode><coordinates>7.268617199733853,45.402504857629538,2443.8099999999999</coordinates></Point></Placemark><Placemark><TimeSpan><begin>2019-09-28T09:29:25Z</begin><end>2019-09-28T09:29:38Z</end></TimeSpan><styleUrl>#point</styleUrl><Point><altitudeMode>clampToGround</altitudeMode><coordinates>7.268563471734524,45.402557831257582,2445.25</coordinates></Point></Placemark><Placemark><TimeSpan><begin>2019-09-28T09:29:38Z</begin><end>2019-09-28T09:29:51Z</end></TimeSpan><styleUrl>#point</styleUrl><Point><altitudeMode>clampToGround</altitudeMode><coordinates>7.2684455383569,45.402577864006162,2446.6900000000001</coordinates></Point></Placemark><Placemark><TimeSpan><begin>2019-09-28T09:29:51Z</begin><end>2019-09-28T09:30:04Z</end></TimeSpan><styleUrl>#point</styleUrl><Point><altitudeMode>clampToGround</altitudeMode><coordinates>7.268345542252064,45.402602506801486,2449.0999999999999</coordinates></Point></Placemark><Placemark><TimeSpan><begin>2019-09-28T09:30:04Z</begin><end>2019-09-28T09:30:16Z</end></TimeSpan><styleUrl>#point</styleUrl><Point><altitudeMode>clampToGround</altitudeMode><coordinates>7.268285360187292,45.40262371301651,2451.02</coordinates></Point></Placemark><Placemark><TimeSpan><begin>2019-09-28T09:30:16Z</begin><end>2019-09-28T09:30:26Z</end></TimeSpan><styleUrl>#point</styleUrl><Point><altitudeMode>clampToGround</altitudeMode><coordinates>7.268199780955911,45.402640895918012,2451.98</coordinates></Point></Placemark><Placemark><TimeSpan><begin>2019-09-28T09:30:26Z</begin><end>2019-09-28T09:30:37Z</end></TimeSpan><styleUrl>#point</styleUrl><Point><altitudeMode>clampToGround</altitudeMode><coordinates>7.268151333555579,45.402670986950397,2453.9000000000001</coordinates></Point></Placemark><Placemark><TimeSpan><begin>2019-09-28T09:30:37Z</begin><end>2019-09-28T09:30:48Z</end></TimeSpan><styleUrl>#point</styleUrl><Point><altitudeMode>clampToGround</altitudeMode><coordinates>7.268132474273443,45.402679201215506,2454.8600000000001</coordinates></Point></Placemark><Placemark><TimeSpan><begin>2019-09-28T09:30:48Z</begin><end>2019-09-28T09:30:58Z</end></TimeSpan><styleUrl>#point</styleUrl><Point><altitudeMode>clampToGround</altitudeMode><coordinates>7.268095929175615,45.40268431417644,2454.8600000000001</coordinates></Point></Placemark><Placemark><TimeSpan><begin>2019-09-28T09:30:58Z</begin><end>2019-09-28T09:31:27Z</end></TimeSpan><styleUrl>#point</styleUrl><Point><altitudeMode>clampToGround</altitudeMode><coordinates>7.268088134005666,45.402677105739713,2454.8600000000001</coordinates></Point></Placemark><Placemark><TimeSpan><begin>2019-09-28T09:31:27Z</begin><end>2019-09-28T09:31:33Z</end></TimeSpan><styleUrl>#point</styleUrl><Point><altitudeMode>clampToGround</altitudeMode><coordinates>7.268089391291142,45.402681464329362,2454.8600000000001</coordinates></Point></Placemark><Placemark><TimeSpan><begin>2019-09-28T09:31:33Z</begin><end>2019-09-28T09:31:48Z</end></TimeSpan><styleUrl>#point</styleUrl><Point><altitudeMode>clampToGround</altitudeMode><coordinates>7.26812694221735,45.402675932273269,2454.8600000000001</coordinates></Point></Placemark><Placemark><TimeSpan><begin>2019-09-28T09:31:48Z</begin><end>2019-09-28T09:32:08Z</end></TimeSpan><styleUrl>#point</styleUrl><Point><altitudeMode>clampToGround</altitudeMode><coordinates>7.268117973580957,45.402686912566423,2454.8600000000001</coordinates></Point></Placemark><Placemark><TimeSpan><begin>2019-09-28T09:32:08Z</begin><end>2019-09-28T09:32:29Z</end></TimeSpan><styleUrl>#point</styleUrl><Point><altitudeMode>clampToGround</altitudeMode><coordinates>7.268117219209671,45.402693366631866,2455.3400000000001</coordinates></Point></Placemark><Placemark><TimeSpan><begin>2019-09-28T09:32:29Z</begin><end>2019-09-28T09:32:46Z</end></TimeSpan><styleUrl>#point</styleUrl><Point><altitudeMode>clampToGround</altitudeMode><coordinates>7.26812400855124,45.402693031355739,2455.3400000000001</coordinates></Point></Placemark><Placemark><TimeSpan><begin>2019-09-28T09:32:46Z</begin><end>2019-09-28T09:33:09Z</end></TimeSpan><styleUrl>#point</styleUrl><Point><altitudeMode>clampToGround</altitudeMode><coordinates>7.268125014379621,45.402697557583451,2455.3400000000001</coordinates></Point></Placemark><Placemark><TimeSpan><begin>2019-09-28T09:33:09Z</begin><end>2019-09-28T09:33:32Z</end></TimeSpan><styleUrl>#point</styleUrl><Point><altitudeMode>clampToGround</altitudeMode><coordinates>7.268122835084796,45.402690013870597,2455.8200000000002</coordinates></Point></Placemark><Placemark><TimeSpan><begin>2019-09-28T09:33:32Z</begin><end>2019-09-28T09:33:35Z</end></TimeSpan><styleUrl>#point</styleUrl><Point><altitudeMode>clampToGround</altitudeMode><coordinates>7.268121913075447,45.402687499299645,2454.3800000000001</coordinates></Point></Placemark><Placemark><TimeSpan><begin>2019-09-28T09:33:35Z</begin><end>2019-09-28T09:33:45Z</end></TimeSpan><styleUrl>#point</styleUrl><Point><altitudeMode>clampToGround</altitudeMode><coordinates>7.268120404332876,45.402685906738043,2456.3099999999999</coordinates></Point></Placemark><Placemark><TimeSpan><begin>2019-09-28T09:33:45Z</begin><end>2019-09-28T09:33:47Z</end></TimeSpan><styleUrl>#point</styleUrl><Point><altitudeMode>clampToGround</altitudeMode><coordinates>7.26812107488513,45.402684397995472,2454.8600000000001</coordinates></Point></Placemark><Placemark><TimeSpan><begin>2019-09-28T09:33:47Z</begin><end>2019-09-28T09:34:03Z</end></TimeSpan><styleUrl>#point</styleUrl><Point><altitudeMode>clampToGround</altitudeMode><coordinates>7.268117973580957,45.402691187337041,2454.8600000000001</coordinates></Point></Placemark><Placemark><TimeSpan><begin>2019-09-28T09:34:03Z</begin><end>2019-09-28T09:34:13Z</end></TimeSpan><styleUrl>#point</styleUrl><Point><altitudeMode>clampToGround</altitudeMode><coordinates>7.268101880326867,45.402732342481613,2456.3099999999999</coordinates></Point></Placemark><Placemark><TimeSpan><begin>2019-09-28T09:34:13Z</begin><end>2019-09-28T09:34:15Z</end></TimeSpan><styleUrl>#point</styleUrl><Point><altitudeMode>clampToGround</altitudeMode><coordinates>7.268096180632711,45.402746004983783,2456.3099999999999</coordinates></Point></Placemark><Placemark><TimeSpan><begin>2019-09-28T09:34:15Z</begin><end>2019-09-28T09:34:28Z</end></TimeSpan><styleUrl>#point</styleUrl><Point><altitudeMode>clampToGround</altitudeMode><coordinates>7.268076315522194,45.402776096016169,2456.79</coordinates></Point></Placemark><Placemark><TimeSpan><begin>2019-09-28T09:34:28Z</begin><end>2019-09-28T09:34:31Z</end></TimeSpan><styleUrl>#point</styleUrl><Point><altitudeMode>clampToGround</altitudeMode><coordinates>7.268069609999657,45.402791518718004,2457.27</coordinates></Point></Placemark><Placemark><TimeSpan><begin>2019-09-28T09:34:31Z</begin><end>2019-09-28T09:34:43Z</end></TimeSpan><styleUrl>#point</styleUrl><Point><altitudeMode>clampToGround</altitudeMode><coordinates>7.268009344115853,45.402862764894962,2457.75</coordinates></Point></Placemark><Placemark><TimeSpan><begin>2019-09-28T09:34:43Z</begin><end>2019-09-28T09:34:55Z</end></TimeSpan><styleUrl>#point</styleUrl><Point><altitudeMode>clampToGround</altitudeMode><coordinates>7.267977995797992,45.402951529249549,2459.6700000000001</coordinates></Point></Placemark><Placemark><TimeSpan><begin>2019-09-28T09:34:55Z</begin><end>2019-09-28T09:35:05Z</end></TimeSpan><styleUrl>#point</styleUrl><Point><altitudeMode>clampToGround</altitudeMode><coordinates>7.267957627773285,45.403018668293953,2461.1100000000001</coordinates></Point></Placemark><Placemark><TimeSpan><begin>2019-09-28T09:35:05Z</begin><end>2019-09-28T09:35:17Z</end></TimeSpan><styleUrl>#point</styleUrl><Point><altitudeMode>clampToGround</altitudeMode><coordinates>7.267932817339897,45.403093351051211,2462.5500000000002</coordinates></Point></Placemark><Placemark><TimeSpan><begin>2019-09-28T09:35:17Z</begin><end>2019-09-28T09:35:29Z</end></TimeSpan><styleUrl>#point</styleUrl><Point><altitudeMode>clampToGround</altitudeMode><coordinates>7.267889147624373,45.403153449296951,2464.96</coordinates></Point></Placemark><Placemark><TimeSpan><begin>2019-09-28T09:35:29Z</begin><end>2019-09-28T09:35:41Z</end></TimeSpan><styleUrl>#point</styleUrl><Point><altitudeMode>clampToGround</altitudeMode><coordinates>7.267829552292824,45.403220420703292,2465.9200000000001</coordinates></Point></Placemark><Placemark><TimeSpan><begin>2019-09-28T09:35:41Z</begin><end>2019-09-28T09:35:55Z</end></TimeSpan><styleUrl>#point</styleUrl><Point><altitudeMode>clampToGround</altitudeMode><coordinates>7.267795102670789,45.403295774012804,2467.8400000000001</coordinates></Point></Placemark><Placemark><TimeSpan><begin>2019-09-28T09:35:55Z</begin><end>2019-09-28T09:36:08Z</end></TimeSpan><styleUrl>#point</styleUrl><Point><altitudeMode>clampToGround</altitudeMode><coordinates>7.267757132649422,45.403373390436172,2470.2399999999998</coordinates></Point></Placemark><Placemark><TimeSpan><begin>2019-09-28T09:36:08Z</begin><end>2019-09-28T09:36:20Z</end></TimeSpan><styleUrl>#point</styleUrl><Point><altitudeMode>clampToGround</altitudeMode><coordinates>7.267733411863446,45.403435584157705,2471.21</coordinates></Point></Placemark><Placemark><TimeSpan><begin>2019-09-28T09:36:20Z</begin><end>2019-09-28T09:36:33Z</end></TimeSpan><styleUrl>#point</styleUrl><Point><altitudeMode>clampToGround</altitudeMode><coordinates>7.267729304730892,45.403430890291929,2471.21</coordinates></Point></Placemark><Placemark><TimeSpan><begin>2019-09-28T09:36:33Z</begin><end>2019-09-28T09:37:01Z</end></TimeSpan><styleUrl>#point</styleUrl><Point><altitudeMode>clampToGround</altitudeMode><coordinates>7.267725365236402,45.403464920818806,2471.21</coordinates></Point></Placemark><Placemark><TimeSpan><begin>2019-09-28T09:37:01Z</begin><end>2019-09-28T09:37:21Z</end></TimeSpan><styleUrl>#point</styleUrl><Point><altitudeMode>clampToGround</altitudeMode><coordinates>7.267738021910191,45.403465842828155,2471.21</coordinates></Point></Placemark><Placemark><TimeSpan><begin>2019-09-28T09:37:21Z</begin><end>2019-09-28T09:37:40Z</end></TimeSpan><styleUrl>#point</styleUrl><Point><altitudeMode>clampToGround</altitudeMode><coordinates>7.267750594764948,45.403464334085584,2471.21</coordinates></Point></Placemark><Placemark><TimeSpan><begin>2019-09-28T09:37:40Z</begin><end>2019-09-28T09:37:47Z</end></TimeSpan><styleUrl>#point</styleUrl><Point><altitudeMode>clampToGround</altitudeMode><coordinates>7.267822427675128,45.403519570827484,2471.21</coordinates></Point></Placemark><Placemark><TimeSpan><begin>2019-09-28T09:37:47Z</begin><end>2019-09-28T09:37:49Z</end></TimeSpan><styleUrl>#point</styleUrl><Point><altitudeMode>clampToGround</altitudeMode><coordinates>7.267852183431387,45.403525941073895,2471.6900000000001</coordinates></Point></Placemark><Placemark><TimeSpan><begin>2019-09-28T09:37:49Z</begin><end>2019-09-28T09:37:53Z</end></TimeSpan><styleUrl>#point</styleUrl><Point><altitudeMode>clampToGround</altitudeMode><coordinates>7.267905659973621,45.403519067913294,2472.1700000000001</coordinates></Point></Placemark><Placemark><TimeSpan><begin>2019-09-28T09:37:53Z</begin><end>2019-09-28T09:38:04Z</end></TimeSpan><styleUrl>#point</styleUrl><Point><altitudeMode>clampToGround</altitudeMode><coordinates>7.268002051860094,45.403654016554356,2473.1300000000001</coordinates></Point></Placemark><Placemark><TimeSpan><begin>2019-09-28T09:38:04Z</begin><end>2019-09-28T09:38:19Z</end></TimeSpan><styleUrl>#point</styleUrl><Point><altitudeMode>clampToGround</altitudeMode><coordinates>7.268120152875781,45.403736159205437,2473.1300000000001</coordinates></Point></Placemark><Placemark><TimeSpan><begin>2019-09-28T09:38:19Z</begin><end>2019-09-28T09:38:24Z</end></TimeSpan><styleUrl>#point</styleUrl><Point><altitudeMode>clampToGround</altitudeMode><coordinates>7.268159799277782,45.403791228309274,2473.1300000000001</coordinates></Point></Placemark><Placemark><TimeSpan><begin>2019-09-28T09:38:24Z</begin><end>2019-09-28T09:38:39Z</end></TimeSpan><styleUrl>#point</styleUrl><Point><altitudeMode>clampToGround</altitudeMode><coordinates>7.268306566402316,45.403872532770038,2474.5700000000002</coordinates></Point></Placemark><Placemark><TimeSpan><begin>2019-09-28T09:38:39Z</begin><end>2019-09-28T09:38:51Z</end></TimeSpan><styleUrl>#point</styleUrl><Point><altitudeMode>clampToGround</altitudeMode><coordinates>7.268360629677773,45.403921399265528,2476.4899999999998</coordinates></Point></Placemark><Placemark><TimeSpan><begin>2019-09-28T09:38:51Z</begin><end>2019-09-28T09:39:04Z</end></TimeSpan><styleUrl>#point</styleUrl><Point><altitudeMode>clampToGround</altitudeMode><coordinates>7.268456183373928,45.403996082022786,2477.9400000000001</coordinates></Point></Placemark><Placemark><TimeSpan><begin>2019-09-28T09:39:04Z</begin><end>2019-09-28T09:39:18Z</end></TimeSpan><styleUrl>#point</styleUrl><Point><altitudeMode>clampToGround</altitudeMode><coordinates>7.26859456859529,45.404048804193735,2479.3800000000001</coordinates></Point></Placemark><Placemark><TimeSpan><begin>2019-09-28T09:39:18Z</begin><end>2019-09-28T09:39:30Z</end></TimeSpan><styleUrl>#point</styleUrl><Point><altitudeMode>clampToGround</altitudeMode><coordinates>7.268658438697457,45.404090294614434,2481.3000000000002</coordinates></Point></Placemark><Placemark><TimeSpan><begin>2019-09-28T09:39:30Z</begin><end>2019-09-28T09:39:44Z</end></TimeSpan><styleUrl>#point</styleUrl><Point><altitudeMode>clampToGround</altitudeMode><coordinates>7.268764721229672,45.404097000136971,2483.2199999999998</coordinates></Point></Placemark><Placemark><TimeSpan><begin>2019-09-28T09:39:44Z</begin><end>2019-09-28T09:39:56Z</end></TimeSpan><styleUrl>#point</styleUrl><Point><altitudeMode>clampToGround</altitudeMode><coordinates>7.268819371238351,45.404127007350326,2484.6599999999999</coordinates></Point></Placemark><Placemark><TimeSpan><begin>2019-09-28T09:39:56Z</begin><end>2019-09-28T09:40:07Z</end></TimeSpan><styleUrl>#point</styleUrl><Point><altitudeMode>clampToGround</altitudeMode><coordinates>7.26882959716022,45.404167324304581,2487.0700000000002</coordinates></Point></Placemark><Placemark><TimeSpan><begin>2019-09-28T09:40:07Z</begin><end>2019-09-28T09:40:21Z</end></TimeSpan><styleUrl>#point</styleUrl><Point><altitudeMode>clampToGround</altitudeMode><coordinates>7.268915511667728,45.40418048389256,2488.9899999999998</coordinates></Point></Placemark><Placemark><TimeSpan><begin>2019-09-28T09:40:21Z</begin><end>2019-09-28T09:40:32Z</end></TimeSpan><styleUrl>#point</styleUrl><Point><altitudeMode>clampToGround</altitudeMode><coordinates>7.268928252160549,45.404197499155998,2490.4299999999998</coordinates></Point></Placemark><Placemark><TimeSpan><begin>2019-09-28T09:40:32Z</begin><end>2019-09-28T09:40:45Z</end></TimeSpan><styleUrl>#point</styleUrl><Point><altitudeMode>clampToGround</altitudeMode><coordinates>7.26900109089911,45.404193643480539,2491.3899999999999</coordinates></Point></Placemark><Placemark><TimeSpan><begin>2019-09-28T09:40:45Z</begin><end>2019-09-28T09:40:58Z</end></TimeSpan><styleUrl>#point</styleUrl><Point><altitudeMode>clampToGround</altitudeMode><coordinates>7.269023889675736,45.404227003455162,2493.8000000000002</coordinates></Point></Placemark><Placemark><TimeSpan><begin>2019-09-28T09:40:58Z</begin><end>2019-09-28T09:41:12Z</end></TimeSpan><styleUrl>#point</styleUrl><Point><altitudeMode>clampToGround</altitudeMode><coordinates>7.26898055523634,45.404287101700902,2495.7199999999998</coordinates></Point></Placemark><Placemark><TimeSpan><begin>2019-09-28T09:41:12Z</begin><end>2019-09-28T09:41:25Z</end></TimeSpan><styleUrl>#point</styleUrl><Point><altitudeMode>clampToGround</altitudeMode><coordinates>7.268937807530165,45.404360862448812,2497.1599999999999</coordinates></Point></Placemark><Placemark><TimeSpan><begin>2019-09-28T09:41:25Z</begin><end>2019-09-28T09:41:37Z</end></TimeSpan><styleUrl>#point</styleUrl><Point><altitudeMode>clampToGround</altitudeMode><coordinates>7.268891539424658,45.404409309849143,2498.5999999999999</coordinates></Point></Placemark><Placemark><TimeSpan><begin>2019-09-28T09:41:37Z</begin><end>2019-09-28T09:41:50Z</end></TimeSpan><styleUrl>#point</styleUrl><Point><altitudeMode>clampToGround</altitudeMode><coordinates>7.268805792555213,45.404493967071176,2499.5700000000002</coordinates></Point></Placemark><Placemark><TimeSpan><begin>2019-09-28T09:41:50Z</begin><end>2019-09-28T09:42:04Z</end></TimeSpan><styleUrl>#point</styleUrl><Point><altitudeMode>clampToGround</altitudeMode><coordinates>7.268715687096119,45.404570661485195,2501.4899999999998</coordinates></Point></Placemark><Placemark><TimeSpan><begin>2019-09-28T09:42:04Z</begin><end>2019-09-28T09:42:15Z</end></TimeSpan><styleUrl>#point</styleUrl><Point><altitudeMode>clampToGround</altitudeMode><coordinates>7.268634047359228,45.404607122763991,2502.4499999999998</coordinates></Point></Placemark><Placemark><TimeSpan><begin>2019-09-28T09:42:15Z</begin><end>2019-09-28T09:42:30Z</end></TimeSpan><styleUrl>#point</styleUrl><Point><altitudeMode>clampToGround</altitudeMode><coordinates>7.268490716814995,45.404635202139616,2504.8499999999999</coordinates></Point></Placemark><Placemark><TimeSpan><begin>2019-09-28T09:42:30Z</begin><end>2019-09-28T09:42:43Z</end></TimeSpan><styleUrl>#point</styleUrl><Point><altitudeMode>clampToGround</altitudeMode><coordinates>7.268458278849721,45.404689600691199,2506.77</coordinates></Point></Placemark><Placemark><TimeSpan><begin>2019-09-28T09:42:43Z</begin><end>2019-09-28T09:42:56Z</end></TimeSpan><styleUrl>#point</styleUrl><Point><altitudeMode>clampToGround</altitudeMode><coordinates>7.268480574712157,45.404720865190029,2508.2199999999998</coordinates></Point></Placemark><Placemark><TimeSpan><begin>2019-09-28T09:42:56Z</begin><end>2019-09-28T09:43:08Z</end></TimeSpan><styleUrl>#point</styleUrl><Point><altitudeMode>clampToGround</altitudeMode><coordinates>7.268494237214327,45.404765289276838,2510.6199999999999</coordinates></Point></Placemark><Placemark><TimeSpan><begin>2019-09-28T09:43:08Z</begin><end>2019-09-28T09:43:19Z</end></TimeSpan><styleUrl>#point</styleUrl><Point><altitudeMode>clampToGround</altitudeMode><coordinates>7.268532039597631,45.404806025326252,2512.54</coordinates></Point></Placemark><Placemark><TimeSpan><begin>2019-09-28T09:43:19Z</begin><end>2019-09-28T09:43:32Z</end></TimeSpan><styleUrl>#point</styleUrl><Point><altitudeMode>clampToGround</altitudeMode><coordinates>7.268485184758902,45.404838295653462,2514.4699999999998</coordinates></Point></Placemark><Placemark><TimeSpan><begin>2019-09-28T09:43:32Z</begin><end>2019-09-28T09:43:43Z</end></TimeSpan><styleUrl>#point</styleUrl><Point><altitudeMode>clampToGround</altitudeMode><coordinates>7.268442017957568,45.404867883771658,2515.9099999999999</coordinates></Point></Placemark><Placemark><TimeSpan><begin>2019-09-28T09:43:43Z</begin><end>2019-09-28T09:43:56Z</end></TimeSpan><styleUrl>#point</styleUrl><Point><altitudeMode>clampToGround</altitudeMode><coordinates>7.268388709053397,45.404892358928919,2518.3099999999999</coordinates></Point></Placemark><Placemark><TimeSpan><begin>2019-09-28T09:43:56Z</begin><end>2019-09-28T09:44:10Z</end></TimeSpan><styleUrl>#point</styleUrl><Point><altitudeMode>clampToGround</altitudeMode><coordinates>7.26833070628345,45.404930245131254,2520.23</coordinates></Point></Placemark><Placemark><TimeSpan><begin>2019-09-28T09:44:10Z</begin><end>2019-09-28T09:44:25Z</end></TimeSpan><styleUrl>#point</styleUrl><Point><altitudeMode>clampToGround</altitudeMode><coordinates>7.268266249448061,45.404973831027746,2522.6399999999999</coordinates></Point></Placemark><Placemark><TimeSpan><begin>2019-09-28T09:44:25Z</begin><end>2019-09-28T09:44:37Z</end></TimeSpan><styleUrl>#point</styleUrl><Point><altitudeMode>clampToGround</altitudeMode><coordinates>7.268247473984957,45.405027559027076,2524.0799999999999</coordinates></Point></Placemark><Placemark><TimeSpan><begin>2019-09-28T09:44:37Z</begin><end>2019-09-28T09:44:51Z</end></TimeSpan><styleUrl>#point</styleUrl><Point><altitudeMode>clampToGround</altitudeMode><coordinates>7.268267590552568,45.405050525441766,2525.04</coordinates></Point></Placemark><Placemark><TimeSpan><begin>2019-09-28T09:44:51Z</begin><end>2019-09-28T09:45:04Z</end></TimeSpan><styleUrl>#point</styleUrl><Point><altitudeMode>clampToGround</altitudeMode><coordinates>7.268231380730867,45.405087992548943,2527.4400000000001</coordinates></Point></Placemark><Placemark><TimeSpan><begin>2019-09-28T09:45:04Z</begin><end>2019-09-28T09:45:14Z</end></TimeSpan><styleUrl>#point</styleUrl><Point><altitudeMode>clampToGround</altitudeMode><coordinates>7.268164996057749,45.405117748305202,2529.3699999999999</coordinates></Point></Placemark><Placemark><TimeSpan><begin>2019-09-28T09:45:14Z</begin><end>2019-09-28T09:45:19Z</end></TimeSpan><styleUrl>#point</styleUrl><Point><altitudeMode>clampToGround</altitudeMode><coordinates>7.268102131783962,45.405135517939925,2529.3699999999999</coordinates></Point></Placemark><Placemark><TimeSpan><begin>2019-09-28T09:45:19Z</begin><end>2019-09-28T09:45:32Z</end></TimeSpan><styleUrl>#point</styleUrl><Point><altitudeMode>clampToGround</altitudeMode><coordinates>7.267998615279794,45.405177511274815,2531.77</coordinates></Point></Placemark><Placemark><TimeSpan><begin>2019-09-28T09:45:32Z</begin><end>2019-09-28T09:45:43Z</end></TimeSpan><styleUrl>#point</styleUrl><Point><altitudeMode>clampToGround</altitudeMode><coordinates>7.267947066575289,45.405211206525564,2533.21</coordinates></Point></Placemark><Placemark><TimeSpan><begin>2019-09-28T09:45:43Z</begin><end>2019-09-28T09:45:56Z</end></TimeSpan><styleUrl>#point</styleUrl><Point><altitudeMode>clampToGround</altitudeMode><coordinates>7.26788311265409,45.405270047485828,2534.6500000000001</coordinates></Point></Placemark><Placemark><TimeSpan><begin>2019-09-28T09:45:56Z</begin><end>2019-09-28T09:46:08Z</end></TimeSpan><styleUrl>#point</styleUrl><Point><altitudeMode>clampToGround</altitudeMode><coordinates>7.267825193703175,45.405330145731568,2535.6100000000001</coordinates></Point></Placemark><Placemark><TimeSpan><begin>2019-09-28T09:46:08Z</begin><end>2019-09-28T09:46:20Z</end></TimeSpan><styleUrl>#point</styleUrl><Point><altitudeMode>clampToGround</altitudeMode><coordinates>7.267801305279136,45.405380101874471,2538.02</coordinates></Point></Placemark><Placemark><TimeSpan><begin>2019-09-28T09:46:20Z</begin><end>2019-09-28T09:46:30Z</end></TimeSpan><styleUrl>#point</styleUrl><Point><altitudeMode>clampToGround</altitudeMode><coordinates>7.267769370228052,45.405409689992666,2539.46</coordinates></Point></Placemark><Placemark><TimeSpan><begin>2019-09-28T09:46:30Z</begin><end>2019-09-28T09:46:46Z</end></TimeSpan><styleUrl>#point</styleUrl><Point><altitudeMode>clampToGround</altitudeMode><coordinates>7.267714887857437,45.405469201505184,2541.3800000000001</coordinates></Point></Placemark><Placemark><TimeSpan><begin>2019-09-28T09:46:46Z</begin><end>2019-09-28T09:47:00Z</end></TimeSpan><styleUrl>#point</styleUrl><Point><altitudeMode>clampToGround</altitudeMode><coordinates>7.267703656107187,45.405533742159605,2543.79</coordinates></Point></Placemark><Placemark><TimeSpan><begin>2019-09-28T09:47:00Z</begin><end>2019-09-28T09:47:13Z</end></TimeSpan><styleUrl>#point</styleUrl><Point><altitudeMode>clampToGround</altitudeMode><coordinates>7.267647245898843,45.405561905354261,2545.71</coordinates></Point></Placemark><Placemark><TimeSpan><begin>2019-09-28T09:47:13Z</begin><end>2019-09-28T09:47:36Z</end></TimeSpan><styleUrl>#point</styleUrl><Point><altitudeMode>clampToGround</altitudeMode><coordinates>7.267678091302514,45.405561318621039,2545.71</coordinates></Point></Placemark><Placemark><TimeSpan><begin>2019-09-28T09:47:36Z</begin><end>2019-09-28T09:48:10Z</end></TimeSpan><styleUrl>#point</styleUrl><Point><altitudeMode>clampToGround</altitudeMode><coordinates>7.267665099352598,45.405525527894497,2545.71</coordinates></Point></Placemark><Placemark><TimeSpan><begin>2019-09-28T09:48:10Z</begin><end>2019-09-28T09:48:32Z</end></TimeSpan><styleUrl>#point</styleUrl><Point><altitudeMode>clampToGround</altitudeMode><coordinates>7.267678007483482,45.405531730502844,2544.75</coordinates></Point></Placemark><Placemark><TimeSpan><begin>2019-09-28T09:48:32Z</begin><end>2019-09-28T09:48:43Z</end></TimeSpan><styleUrl>#point</styleUrl><Point><altitudeMode>clampToGround</altitudeMode><coordinates>7.267608102411032,45.405609766021371,2546.1900000000001</coordinates></Point></Placemark><Placemark><TimeSpan><begin>2019-09-28T09:48:43Z</begin><end>2019-09-28T09:48:53Z</end></TimeSpan><styleUrl>#point</styleUrl><Point><altitudeMode>clampToGround</altitudeMode><coordinates>7.267552530393004,45.40567422285676,2549.0700000000002</coordinates></Point></Placemark><Placemark><TimeSpan><begin>2019-09-28T09:48:53Z</begin><end>2019-09-28T09:49:03Z</end></TimeSpan><styleUrl>#point</styleUrl><Point><altitudeMode>clampToGround</altitudeMode><coordinates>7.267522774636746,45.405710265040398,2550.0300000000002</coordinates></Point></Placemark><Placemark><TimeSpan><begin>2019-09-28T09:49:03Z</begin><end>2019-09-28T09:49:13Z</end></TimeSpan><styleUrl>#point</styleUrl><Point><altitudeMode>clampToGround</altitudeMode><coordinates>7.267487989738584,45.405750498175621,2552.9200000000001</coordinates></Point></Placemark><Placemark><TimeSpan><begin>2019-09-28T09:49:13Z</begin><end>2019-09-28T09:49:25Z</end></TimeSpan><styleUrl>#point</styleUrl><Point><altitudeMode>clampToGround</altitudeMode><coordinates>7.267471812665463,45.405805986374617,2555.3200000000002</coordinates></Point></Placemark><Placemark><TimeSpan><begin>2019-09-28T09:49:25Z</begin><end>2019-09-28T09:49:38Z</end></TimeSpan><styleUrl>#point</styleUrl><Point><altitudeMode>clampToGround</altitudeMode><coordinates>7.267441637814045,45.405860552564263,2557.2399999999998</coordinates></Point></Placemark><Placemark><TimeSpan><begin>2019-09-28T09:49:38Z</begin><end>2019-09-28T09:49:51Z</end></TimeSpan><styleUrl>#point</styleUrl><Point><altitudeMode>clampToGround</altitudeMode><coordinates>7.267416575923562,45.405936157330871,2558.21</coordinates></Point></Placemark><Placemark><TimeSpan><begin>2019-09-28T09:49:51Z</begin><end>2019-09-28T09:50:05Z</end></TimeSpan><styleUrl>#point</styleUrl><Point><altitudeMode>clampToGround</altitudeMode><coordinates>7.267240304499865,45.405984688550234,2560.1300000000001</coordinates></Point></Placemark><Placemark><TimeSpan><begin>2019-09-28T09:50:05Z</begin><end>2019-09-28T09:50:16Z</end></TimeSpan><styleUrl>#point</styleUrl><Point><altitudeMode>clampToGround</altitudeMode><coordinates>7.267137207090855,45.406011091545224,2563.0100000000002</coordinates></Point></Placemark><Placemark><TimeSpan><begin>2019-09-28T09:50:16Z</begin><end>2019-09-28T09:50:28Z</end></TimeSpan><styleUrl>#point</styleUrl><Point><altitudeMode>clampToGround</altitudeMode><coordinates>7.267035199329257,45.406058114022017,2563.4899999999998</coordinates></Point></Placemark><Placemark><TimeSpan><begin>2019-09-28T09:50:28Z</begin><end>2019-09-28T09:50:43Z</end></TimeSpan><styleUrl>#point</styleUrl><Point><altitudeMode>clampToGround</altitudeMode><coordinates>7.266927491873503,45.406154002994299,2564.9299999999998</coordinates></Point></Placemark><Placemark><TimeSpan><begin>2019-09-28T09:50:43Z</begin><end>2019-09-28T09:50:45Z</end></TimeSpan><styleUrl>#point</styleUrl><Point><altitudeMode>clampToGround</altitudeMode><coordinates>7.266905028373003,45.40617018006742,2564.9299999999998</coordinates></Point></Placemark><Placemark><TimeSpan><begin>2019-09-28T09:50:45Z</begin><end>2019-09-28T09:51:02Z</end></TimeSpan><styleUrl>#point</styleUrl><Point><altitudeMode>clampToGround</altitudeMode><coordinates>7.266721129417419,45.406290460377932,2565.9000000000001</coordinates></Point></Placemark><Placemark><TimeSpan><begin>2019-09-28T09:51:02Z</begin><end>2019-09-28T09:51:16Z</end></TimeSpan><styleUrl>#point</styleUrl><Point><altitudeMode>clampToGround</altitudeMode><coordinates>7.266687601804733,45.406387522816658,2568.3000000000002</coordinates></Point></Placemark><Placemark><TimeSpan><begin>2019-09-28T09:51:16Z</begin><end>2019-09-28T09:51:28Z</end></TimeSpan><styleUrl>#point</styleUrl><Point><altitudeMode>clampToGround</altitudeMode><coordinates>7.266598585993052,45.406423732638359,2570.2199999999998</coordinates></Point></Placemark><Placemark><TimeSpan><begin>2019-09-28T09:51:28Z</begin><end>2019-09-28T09:51:42Z</end></TimeSpan><styleUrl>#point</styleUrl><Point><altitudeMode>clampToGround</altitudeMode><coordinates>7.266527758911252,45.406472347676754,2572.6300000000001</coordinates></Point></Placemark><Placemark><TimeSpan><begin>2019-09-28T09:51:42Z</begin><end>2019-09-28T09:52:20Z</end></TimeSpan><styleUrl>#point</styleUrl><Point><altitudeMode>clampToGround</altitudeMode><coordinates>7.266562459990382,45.406460361555219,2573.1100000000001</coordinates></Point></Placemark><Placemark><TimeSpan><begin>2019-09-28T09:52:20Z</begin><end>2019-09-28T09:52:32Z</end></TimeSpan><styleUrl>#point</styleUrl><Point><altitudeMode>clampToGround</altitudeMode><coordinates>7.266504038125277,45.406491123139858,2571.6599999999999</coordinates></Point></Placemark><Placemark><TimeSpan><begin>2019-09-28T09:52:32Z</begin><end>2019-09-28T09:52:40Z</end></TimeSpan><styleUrl>#point</styleUrl><Point><altitudeMode>clampToGround</altitudeMode><coordinates>7.266442934051156,45.406524986028671,2573.5900000000001</coordinates></Point></Placemark><Placemark><TimeSpan><begin>2019-09-28T09:52:40Z</begin><end>2019-09-28T09:52:55Z</end></TimeSpan><styleUrl>#point</styleUrl><Point><altitudeMode>clampToGround</altitudeMode><coordinates>7.266322821378708,45.406608721241355,2575.5100000000002</coordinates></Point></Placemark><Placemark><TimeSpan><begin>2019-09-28T09:52:55Z</begin><end>2019-09-28T09:53:09Z</end></TimeSpan><styleUrl>#point</styleUrl><Point><altitudeMode>clampToGround</altitudeMode><coordinates>7.266248473897576,45.406667729839683,2578.3899999999999</coordinates></Point></Placemark><Placemark><TimeSpan><begin>2019-09-28T09:53:09Z</begin><end>2019-09-28T09:53:22Z</end></TimeSpan><styleUrl>#point</styleUrl><Point><altitudeMode>clampToGround</altitudeMode><coordinates>7.266206564381719,45.406738305464387,2581.7600000000002</coordinates></Point></Placemark><Placemark><TimeSpan><begin>2019-09-28T09:53:22Z</begin><end>2019-09-28T09:53:36Z</end></TimeSpan><styleUrl>#point</styleUrl><Point><altitudeMode>clampToGround</altitudeMode><coordinates>7.266130791977048,45.406776107847691,2583.1999999999998</coordinates></Point></Placemark><Placemark><TimeSpan><begin>2019-09-28T09:53:36Z</begin><end>2019-09-28T09:53:49Z</end></TimeSpan><styleUrl>#point</styleUrl><Point><altitudeMode>clampToGround</altitudeMode><coordinates>7.266088798642159,45.406813491135836,2585.1199999999999</coordinates></Point></Placemark><Placemark><TimeSpan><begin>2019-09-28T09:53:49Z</begin><end>2019-09-28T09:54:00Z</end></TimeSpan><styleUrl>#point</styleUrl><Point><altitudeMode>clampToGround</altitudeMode><coordinates>7.266007997095585,45.406833942979574,2587.04</coordinates></Point></Placemark><Placemark><TimeSpan><begin>2019-09-28T09:54:00Z</begin><end>2019-09-28T09:54:11Z</end></TimeSpan><styleUrl>#point</styleUrl><Point><altitudeMode>clampToGround</altitudeMode><coordinates>7.266004895791411,45.406875098124146,2588.9699999999998</coordinates></Point></Placemark><Placemark><TimeSpan><begin>2019-09-28T09:54:11Z</begin><end>2019-09-28T09:54:25Z</end></TimeSpan><styleUrl>#point</styleUrl><Point><altitudeMode>clampToGround</altitudeMode><coordinates>7.265959549695253,45.406883899122477,2591.3699999999999</coordinates></Point></Placemark><Placemark><TimeSpan><begin>2019-09-28T09:54:25Z</begin><end>2019-09-28T09:54:37Z</end></TimeSpan><styleUrl>#point</styleUrl><Point><altitudeMode>clampToGround</altitudeMode><coordinates>7.265955191105604,45.406926898285747,2592.8099999999999</coordinates></Point></Placemark><Placemark><TimeSpan><begin>2019-09-28T09:54:37Z</begin><end>2019-09-28T09:54:53Z</end></TimeSpan><styleUrl>#point</styleUrl><Point><altitudeMode>clampToGround</altitudeMode><coordinates>7.265999112278223,45.406983559951186,2594.7399999999998</coordinates></Point></Placemark><Placemark><TimeSpan><begin>2019-09-28T09:54:53Z</begin><end>2019-09-28T09:55:02Z</end></TimeSpan><styleUrl>#point</styleUrl><Point><altitudeMode>clampToGround</altitudeMode><coordinates>7.265968853607774,45.406987247988582,2596.1799999999998</coordinates></Point></Placemark><Placemark><TimeSpan><begin>2019-09-28T09:55:02Z</begin><end>2019-09-28T09:55:14Z</end></TimeSpan><styleUrl>#point</styleUrl><Point><altitudeMode>clampToGround</altitudeMode><coordinates>7.265913616865873,45.407007951289415,2597.6199999999999</coordinates></Point></Placemark><Placemark><TimeSpan><begin>2019-09-28T09:55:14Z</begin><end>2019-09-28T09:55:27Z</end></TimeSpan><styleUrl>#point</styleUrl><Point><altitudeMode>clampToGround</altitudeMode><coordinates>7.265812028199434,45.406974758952856,2599.54</coordinates></Point></Placemark><Placemark><TimeSpan><begin>2019-09-28T09:55:27Z</begin><end>2019-09-28T09:55:41Z</end></TimeSpan><styleUrl>#point</styleUrl><Point><altitudeMode>clampToGround</altitudeMode><coordinates>7.265828205272555,45.407042233273387,2601.9499999999998</coordinates></Point></Placemark><Placemark><TimeSpan><begin>2019-09-28T09:55:41Z</begin><end>2019-09-28T09:55:43Z</end></TimeSpan><styleUrl>#point</styleUrl><Point><altitudeMode>clampToGround</altitudeMode><coordinates>7.265811357647181,45.407034773379564,2601.9499999999998</coordinates></Point></Placemark><Placemark><TimeSpan><begin>2019-09-28T09:55:43Z</begin><end>2019-09-28T09:55:58Z</end></TimeSpan><styleUrl>#point</styleUrl><Point><altitudeMode>clampToGround</altitudeMode><coordinates>7.26569359190762,45.407036868855357,2603.8699999999999</coordinates></Point></Placemark><Placemark><TimeSpan><begin>2019-09-28T09:55:58Z</begin><end>2019-09-28T09:56:09Z</end></TimeSpan><styleUrl>#point</styleUrl><Point><altitudeMode>clampToGround</altitudeMode><coordinates>7.265630979090929,45.407049274072051,2605.79</coordinates></Point></Placemark><Placemark><TimeSpan><begin>2019-09-28T09:56:09Z</begin><end>2019-09-28T09:56:20Z</end></TimeSpan><styleUrl>#point</styleUrl><Point><altitudeMode>clampToGround</altitudeMode><coordinates>7.265551518648863,45.407053045928478,2607.23</coordinates></Point></Placemark><Placemark><TimeSpan><begin>2019-09-28T09:56:20Z</begin><end>2019-09-28T09:56:32Z</end></TimeSpan><styleUrl>#point</styleUrl><Point><altitudeMode>clampToGround</altitudeMode><coordinates>7.265473986044526,45.407075174152851,2608.6700000000001</coordinates></Point></Placemark><Placemark><TimeSpan><begin>2019-09-28T09:56:32Z</begin><end>2019-09-28T09:56:43Z</end></TimeSpan><styleUrl>#point</styleUrl><Point><altitudeMode>clampToGround</altitudeMode><coordinates>7.26541212759912,45.407086405903101,2610.5999999999999</coordinates></Point></Placemark><Placemark><TimeSpan><begin>2019-09-28T09:56:43Z</begin><end>2019-09-28T09:56:55Z</end></TimeSpan><styleUrl>#point</styleUrl><Point><altitudeMode>clampToGround</altitudeMode><coordinates>7.265343563631177,45.407093949615955,2611.0799999999999</coordinates></Point></Placemark><Placemark><TimeSpan><begin>2019-09-28T09:56:55Z</begin><end>2019-09-28T09:57:10Z</end></TimeSpan><styleUrl>#point</styleUrl><Point><altitudeMode>clampToGround</altitudeMode><coordinates>7.265341887250543,45.407133093103766,2613</coordinates></Point></Placemark><Placemark><TimeSpan><begin>2019-09-28T09:57:10Z</begin><end>2019-09-28T09:57:34Z</end></TimeSpan><styleUrl>#point</styleUrl><Point><altitudeMode>clampToGround</altitudeMode><coordinates>7.265335265547037,45.407146504148841,2613</coordinates></Point></Placemark><Placemark><TimeSpan><begin>2019-09-28T09:57:34Z</begin><end>2019-09-28T09:57:49Z</end></TimeSpan><styleUrl>#point</styleUrl><Point><altitudeMode>clampToGround</altitudeMode><coordinates>7.265393435955048,45.407166536897421,2613.96</coordinates></Point></Placemark><Placemark><TimeSpan><begin>2019-09-28T09:57:49Z</begin><end>2019-09-28T09:58:01Z</end></TimeSpan><styleUrl>#point</styleUrl><Point><altitudeMode>clampToGround</altitudeMode><coordinates>7.265461161732674,45.407191514968872,2615.4000000000001</coordinates></Point></Placemark><Placemark><TimeSpan><begin>2019-09-28T09:58:01Z</begin><end>2019-09-28T09:58:14Z</end></TimeSpan><styleUrl>#point</styleUrl><Point><altitudeMode>clampToGround</altitudeMode><coordinates>7.265498042106628,45.407217079773545,2617.8099999999999</coordinates></Point></Placemark><Placemark><TimeSpan><begin>2019-09-28T09:58:14Z</begin><end>2019-09-28T09:58:26Z</end></TimeSpan><styleUrl>#point</styleUrl><Point><altitudeMode>clampToGround</altitudeMode><coordinates>7.265508351847529,45.407236022874713,2619.73</coordinates></Point></Placemark><Placemark><TimeSpan><begin>2019-09-28T09:58:26Z</begin><end>2019-09-28T09:58:38Z</end></TimeSpan><styleUrl>#point</styleUrl><Point><altitudeMode>clampToGround</altitudeMode><coordinates>7.265376755967736,45.407219426706433,2620.6900000000001</coordinates></Point></Placemark><Placemark><TimeSpan><begin>2019-09-28T09:58:38Z</begin><end>2019-09-28T09:58:52Z</end></TimeSpan><styleUrl>#point</styleUrl><Point><altitudeMode>clampToGround</altitudeMode><coordinates>7.265268294140697,45.407230239361525,2622.6100000000001</coordinates></Point></Placemark><Placemark><TimeSpan><begin>2019-09-28T09:58:52Z</begin><end>2019-09-28T09:59:05Z</end></TimeSpan><styleUrl>#point</styleUrl><Point><altitudeMode>clampToGround</altitudeMode><coordinates>7.265219343826175,45.40727348998189,2624.54</coordinates></Point></Placemark><Placemark><TimeSpan><begin>2019-09-28T09:59:05Z</begin><end>2019-09-28T09:59:20Z</end></TimeSpan><styleUrl>#point</styleUrl><Point><altitudeMode>clampToGround</altitudeMode><coordinates>7.265182631090283,45.407297210767865,2626.46</coordinates></Point></Placemark><Placemark><TimeSpan><begin>2019-09-28T09:59:20Z</begin><end>2019-09-28T09:59:42Z</end></TimeSpan><styleUrl>#point</styleUrl><Point><altitudeMode>clampToGround</altitudeMode><coordinates>7.265165196731687,45.407300814986229,2626.46</coordinates></Point></Placemark><Placemark><TimeSpan><begin>2019-09-28T09:59:42Z</begin><end>2019-09-28T10:00:08Z</end></TimeSpan><styleUrl>#point</styleUrl><Point><altitudeMode>clampToGround</altitudeMode><coordinates>7.265187492594123,45.407290840521455,2627.4200000000001</coordinates></Point></Placemark><Placemark><TimeSpan><begin>2019-09-28T10:00:08Z</begin><end>2019-09-28T10:00:18Z</end></TimeSpan><styleUrl>#point</styleUrl><Point><altitudeMode>clampToGround</altitudeMode><coordinates>7.265200484544039,45.407266281545162,2625.98</coordinates></Point></Placemark><Placemark><TimeSpan><begin>2019-09-28T10:00:18Z</begin><end>2019-09-28T10:00:33Z</end></TimeSpan><styleUrl>#point</styleUrl><Point><altitudeMode>clampToGround</altitudeMode><coordinates>7.265207441523671,45.407282961532474,2627.4200000000001</coordinates></Point></Placemark><Placemark><TimeSpan><begin>2019-09-28T10:00:33Z</begin><end>2019-09-28T10:00:35Z</end></TimeSpan><styleUrl>#point</styleUrl><Point><altitudeMode>clampToGround</altitudeMode><coordinates>7.265203082934022,45.407278519123793,2625.5</coordinates></Point></Placemark><Placemark><TimeSpan><begin>2019-09-28T10:00:35Z</begin><end>2019-09-28T10:00:52Z</end></TimeSpan><styleUrl>#point</styleUrl><Point><altitudeMode>clampToGround</altitudeMode><coordinates>7.265172069892287,45.407273825258017,2626.9400000000001</coordinates></Point></Placemark><Placemark><TimeSpan><begin>2019-09-28T10:00:52Z</begin><end>2019-09-28T10:01:01Z</end></TimeSpan><styleUrl>#point</styleUrl><Point><altitudeMode>clampToGround</altitudeMode><coordinates>7.265222780406475,45.40728866122663,2626.9400000000001</coordinates></Point></Placemark><Placemark><TimeSpan><begin>2019-09-28T10:01:01Z</begin><end>2019-09-28T10:01:21Z</end></TimeSpan><styleUrl>#point</styleUrl><Point><altitudeMode>clampToGround</altitudeMode><coordinates>7.265231246128678,45.407290169969201,2626.9400000000001</coordinates></Point></Placemark><Placemark><TimeSpan><begin>2019-09-28T10:01:21Z</begin><end>2019-09-28T10:01:35Z</end></TimeSpan><styleUrl>#point</styleUrl><Point><altitudeMode>clampToGround</altitudeMode><coordinates>7.26523082703352,45.407293941825628,2627.4200000000001</coordinates></Point></Placemark><Placemark><TimeSpan><begin>2019-09-28T10:01:35Z</begin><end>2019-09-28T10:02:09Z</end></TimeSpan><styleUrl>#point</styleUrl><Point><altitudeMode>clampToGround</altitudeMode><coordinates>7.265235856175423,45.407297881320119,2627.4200000000001</coordinates></Point></Placemark><Placemark><TimeSpan><begin>2019-09-28T10:02:09Z</begin><end>2019-09-28T10:02:37Z</end></TimeSpan><styleUrl>#point</styleUrl><Point><altitudeMode>clampToGround</altitudeMode><coordinates>7.265237867832184,45.40727885439992,2627.4200000000001</coordinates></Point></Placemark><Placemark><TimeSpan><begin>2019-09-28T10:02:37Z</begin><end>2019-09-28T10:02:58Z</end></TimeSpan><styleUrl>#point</styleUrl><Point><altitudeMode>clampToGround</altitudeMode><coordinates>7.265221271663904,45.407295702025294,2627.4200000000001</coordinates></Point></Placemark><Placemark><TimeSpan><begin>2019-09-28T10:02:58Z</begin><end>2019-09-28T10:03:11Z</end></TimeSpan><styleUrl>#point</styleUrl><Point><altitudeMode>clampToGround</altitudeMode><coordinates>7.265197215601802,45.407284637913108,2627.9000000000001</coordinates></Point></Placemark><Placemark><TimeSpan><begin>2019-09-28T10:03:11Z</begin><end>2019-09-28T10:03:34Z</end></TimeSpan><styleUrl>#point</styleUrl><Point><altitudeMode>clampToGround</altitudeMode><coordinates>7.265209117904306,45.407290672883391,2627.9000000000001</coordinates></Point></Placemark><Placemark><TimeSpan><begin>2019-09-28T10:03:34Z</begin><end>2019-09-28T10:03:57Z</end></TimeSpan><styleUrl>#point</styleUrl><Point><altitudeMode>clampToGround</altitudeMode><coordinates>7.265199311077595,45.40729109197855,2627.9000000000001</coordinates></Point></Placemark><Placemark><TimeSpan><begin>2019-09-28T10:03:57Z</begin><end>2019-09-28T10:04:28Z</end></TimeSpan><styleUrl>#point</styleUrl><Point><altitudeMode>clampToGround</altitudeMode><coordinates>7.26521029137075,45.407297210767865,2627.9000000000001</coordinates></Point></Placemark><Placemark><TimeSpan><begin>2019-09-28T10:04:28Z</begin><end>2019-09-28T10:04:56Z</end></TimeSpan><styleUrl>#point</styleUrl><Point><altitudeMode>clampToGround</altitudeMode><coordinates>7.265202244743705,45.407293774187565,2627.9000000000001</coordinates></Point></Placemark><Placemark><TimeSpan><begin>2019-09-28T10:04:56Z</begin><end>2019-09-28T10:05:16Z</end></TimeSpan><styleUrl>#point</styleUrl><Point><altitudeMode>clampToGround</altitudeMode><coordinates>7.265243735164404,45.407288828864694,2627.4200000000001</coordinates></Point></Placemark><Placemark><TimeSpan><begin>2019-09-28T10:05:16Z</begin><end>2019-09-28T10:05:30Z</end></TimeSpan><styleUrl>#point</styleUrl><Point><altitudeMode>clampToGround</altitudeMode><coordinates>7.265208950266242,45.407303161919117,2627.4200000000001</coordinates></Point></Placemark><Placemark><TimeSpan><begin>2019-09-28T10:05:30Z</begin><end>2019-09-28T10:06:06Z</end></TimeSpan><styleUrl>#point</styleUrl><Point><altitudeMode>clampToGround</altitudeMode><coordinates>7.265198053792119,45.407287320122123,2627.4200000000001</coordinates></Point></Placemark><Placemark><TimeSpan><begin>2019-09-28T10:06:06Z</begin><end>2019-09-28T10:06:36Z</end></TimeSpan><styleUrl>#point</styleUrl><Point><altitudeMode>clampToGround</altitudeMode><coordinates>7.265205848962069,45.407300144433975,2627.9000000000001</coordinates></Point></Placemark><Placemark><TimeSpan><begin>2019-09-28T10:06:36Z</begin><end>2019-09-28T10:07:04Z</end></TimeSpan><styleUrl>#point</styleUrl><Point><altitudeMode>clampToGround</altitudeMode><coordinates>7.265200652182102,45.40730525739491,2627.9000000000001</coordinates></Point></Placemark><Placemark><TimeSpan><begin>2019-09-28T10:07:04Z</begin><end>2019-09-28T10:07:22Z</end></TimeSpan><styleUrl>#point</styleUrl><Point><altitudeMode>clampToGround</altitudeMode><coordinates>7.26519419811666,45.407306598499417,2629.3400000000001</coordinates></Point></Placemark><Placemark><TimeSpan><begin>2019-09-28T10:07:22Z</begin><end>2019-09-28T10:07:58Z</end></TimeSpan><styleUrl>#point</styleUrl><Point><altitudeMode>clampToGround</altitudeMode><coordinates>7.265192354097962,45.407301904633641,2629.8200000000002</coordinates></Point></Placemark><Placemark><TimeSpan><begin>2019-09-28T10:07:58Z</begin><end>2019-09-28T10:08:20Z</end></TimeSpan><styleUrl>#point</styleUrl><Point><altitudeMode>clampToGround</altitudeMode><coordinates>7.265207022428513,45.407305508852005,2629.8200000000002</coordinates></Point></Placemark><Placemark><TimeSpan><begin>2019-09-28T10:08:20Z</begin><end>2019-09-28T10:08:48Z</end></TimeSpan><styleUrl>#point</styleUrl><Point><altitudeMode>clampToGround</altitudeMode><coordinates>7.265214063227177,45.4073023237288,2629.8200000000002</coordinates></Point></Placemark><Placemark><TimeSpan><begin>2019-09-28T10:08:48Z</begin><end>2019-09-28T10:09:06Z</end></TimeSpan><styleUrl>#point</styleUrl><Point><altitudeMode>clampToGround</altitudeMode><coordinates>7.265187744051218,45.407299222424626,2629.8200000000002</coordinates></Point></Placemark><Placemark><TimeSpan><begin>2019-09-28T10:09:06Z</begin><end>2019-09-28T10:09:34Z</end></TimeSpan><styleUrl>#point</styleUrl><Point><altitudeMode>clampToGround</altitudeMode><coordinates>7.265215907245874,45.407294947654009,2630.3000000000002</coordinates></Point></Placemark><Placemark><TimeSpan><begin>2019-09-28T10:09:34Z</begin><end>2019-09-28T10:09:53Z</end></TimeSpan><styleUrl>#point</styleUrl><Point><altitudeMode>clampToGround</altitudeMode><coordinates>7.265218254178762,45.40732285939157,2630.3000000000002</coordinates></Point></Placemark><Placemark><TimeSpan><begin>2019-09-28T10:09:53Z</begin><end>2019-09-28T10:10:09Z</end></TimeSpan><styleUrl>#point</styleUrl><Point><altitudeMode>clampToGround</altitudeMode><coordinates>7.265212470665574,45.407310454174876,2630.3000000000002</coordinates></Point></Placemark><Placemark><TimeSpan><begin>2019-09-28T10:10:09Z</begin><end>2019-09-28T10:10:29Z</end></TimeSpan><styleUrl>#point</styleUrl><Point><altitudeMode>clampToGround</altitudeMode><coordinates>7.265247171744704,45.407327134162188,2630.3000000000002</coordinates></Point></Placemark><Placemark><TimeSpan><begin>2019-09-28T10:10:29Z</begin><end>2019-09-28T10:10:38Z</end></TimeSpan><styleUrl>#point</styleUrl><Point><altitudeMode>clampToGround</altitudeMode><coordinates>7.265288159251213,45.407346831634641,2629.3400000000001</coordinates></Point></Placemark><Placemark><TimeSpan><begin>2019-09-28T10:10:38Z</begin><end>2019-09-28T10:10:50Z</end></TimeSpan><styleUrl>#point</styleUrl><Point><altitudeMode>clampToGround</altitudeMode><coordinates>7.265264270827174,45.407362673431635,2627.4200000000001</coordinates></Point></Placemark><Placemark><TimeSpan><begin>2019-09-28T10:10:50Z</begin><end>2019-09-28T10:11:03Z</end></TimeSpan><styleUrl>#point</styleUrl><Point><altitudeMode>clampToGround</altitudeMode><coordinates>7.265178607776761,45.407346915453672,2624.54</coordinates></Point></Placemark><Placemark><TimeSpan><begin>2019-09-28T10:11:03Z</begin><end>2019-09-28T10:11:06Z</end></TimeSpan><styleUrl>#point</styleUrl><Point><altitudeMode>clampToGround</altitudeMode><coordinates>7.265143403783441,45.407348340377212,2624.0599999999999</coordinates></Point></Placemark><Placemark><TimeSpan><begin>2019-09-28T10:11:06Z</begin><end>2019-09-28T10:11:18Z</end></TimeSpan><styleUrl>#point</styleUrl><Point><altitudeMode>clampToGround</altitudeMode><coordinates>7.265099231153727,45.40739368647337,2621.6500000000001</coordinates></Point></Placemark><Placemark><TimeSpan><begin>2019-09-28T10:11:18Z</begin><end>2019-09-28T10:11:29Z</end></TimeSpan><styleUrl>#point</styleUrl><Point><altitudeMode>clampToGround</altitudeMode><coordinates>7.265115408226848,45.407422687858343,2619.25</coordinates></Point></Placemark><Placemark><TimeSpan><begin>2019-09-28T10:11:29Z</begin><end>2019-09-28T10:11:41Z</end></TimeSpan><styleUrl>#point</styleUrl><Point><altitudeMode>clampToGround</altitudeMode><coordinates>7.265135608613491,45.407473482191563,2616.8499999999999</coordinates></Point></Placemark><Placemark><TimeSpan><begin>2019-09-28T10:11:41Z</begin><end>2019-09-28T10:11:53Z</end></TimeSpan><styleUrl>#point</styleUrl><Point><altitudeMode>clampToGround</altitudeMode><coordinates>7.26507106795907,45.407472057268023,2615.4000000000001</coordinates></Point></Placemark><Placemark><TimeSpan><begin>2019-09-28T10:11:53Z</begin><end>2019-09-28T10:12:06Z</end></TimeSpan><styleUrl>#point</styleUrl><Point><altitudeMode>clampToGround</altitudeMode><coordinates>7.265071235597134,45.407503321766853,2614.4400000000001</coordinates></Point></Placemark><Placemark><TimeSpan><begin>2019-09-28T10:12:06Z</begin><end>2019-09-28T10:12:20Z</end></TimeSpan><styleUrl>#point</styleUrl><Point><altitudeMode>clampToGround</altitudeMode><coordinates>7.265108870342374,45.407536514103413,2612.04</coordinates></Point></Placemark><Placemark><TimeSpan><begin>2019-09-28T10:12:20Z</begin><end>2019-09-28T10:12:39Z</end></TimeSpan><styleUrl>#point</styleUrl><Point><altitudeMode>clampToGround</altitudeMode><coordinates>7.26513066329062,45.407549338415265,2611.5599999999999</coordinates></Point></Placemark><Placemark><TimeSpan><begin>2019-09-28T10:12:39Z</begin><end>2019-09-28T10:13:06Z</end></TimeSpan><styleUrl>#point</styleUrl><Point><altitudeMode>clampToGround</altitudeMode><coordinates>7.265138709917665,45.40756031870842,2611.5599999999999</coordinates></Point></Placemark><Placemark><TimeSpan><begin>2019-09-28T10:13:06Z</begin><end>2019-09-28T10:13:33Z</end></TimeSpan><styleUrl>#point</styleUrl><Point><altitudeMode>clampToGround</altitudeMode><coordinates>7.265111887827516,45.407545063644648,2611.5599999999999</coordinates></Point></Placemark><Placemark><TimeSpan><begin>2019-09-28T10:13:33Z</begin><end>2019-09-28T10:13:52Z</end></TimeSpan><styleUrl>#point</styleUrl><Point><altitudeMode>clampToGround</altitudeMode><coordinates>7.265116330236197,45.407518995925784,2611.5599999999999</coordinates></Point></Placemark><Placemark><TimeSpan><begin>2019-09-28T10:13:52Z</begin><end>2019-09-28T10:14:16Z</end></TimeSpan><styleUrl>#point</styleUrl><Point><altitudeMode>clampToGround</altitudeMode><coordinates>7.265109624713659,45.407556127756834,2611.0799999999999</coordinates></Point></Placemark><Placemark><TimeSpan><begin>2019-09-28T10:14:16Z</begin><end>2019-09-28T10:14:33Z</end></TimeSpan><styleUrl>#point</styleUrl><Point><altitudeMode>clampToGround</altitudeMode><coordinates>7.265140889212489,45.407587643712759,2609.1599999999999</coordinates></Point></Placemark><Placemark><TimeSpan><begin>2019-09-28T10:14:33Z</begin><end>2019-09-28T10:14:48Z</end></TimeSpan><styleUrl>#point</styleUrl><Point><altitudeMode>clampToGround</altitudeMode><coordinates>7.265129070729017,45.407606083899736,2607.71</coordinates></Point></Placemark><Placemark><TimeSpan><begin>2019-09-28T10:14:48Z</begin><end>2019-09-28T10:14:57Z</end></TimeSpan><styleUrl>#point</styleUrl><Point><altitudeMode>clampToGround</altitudeMode><coordinates>7.265102583914995,45.407627373933792,2605.79</coordinates></Point></Placemark><Placemark><TimeSpan><begin>2019-09-28T10:14:57Z</begin><end>2019-09-28T10:15:03Z</end></TimeSpan><styleUrl>#point</styleUrl><Point><altitudeMode>clampToGround</altitudeMode><coordinates>7.265062602236867,45.40764732286334,2604.3499999999999</coordinates></Point></Placemark><Placemark><TimeSpan><begin>2019-09-28T10:15:03Z</begin><end>2019-09-28T10:15:17Z</end></TimeSpan><styleUrl>#point</styleUrl><Point><altitudeMode>clampToGround</altitudeMode><coordinates>7.265158239752054,45.407735584303737,2601.46</coordinates></Point></Placemark><Placemark><TimeSpan><begin>2019-09-28T10:15:17Z</begin><end>2019-09-28T10:15:32Z</end></TimeSpan><styleUrl>#point</styleUrl><Point><altitudeMode>clampToGround</altitudeMode><coordinates>7.265179697424173,45.407769363373518,2601.46</coordinates></Point></Placemark><Placemark><TimeSpan><begin>2019-09-28T10:15:32Z</begin><end>2019-09-28T10:15:43Z</end></TimeSpan><styleUrl>#point</styleUrl><Point><altitudeMode>clampToGround</altitudeMode><coordinates>7.265133848413825,45.407761232927442,2599.54</coordinates></Point></Placemark><Placemark><TimeSpan><begin>2019-09-28T10:15:43Z</begin><end>2019-09-28T10:15:54Z</end></TimeSpan><styleUrl>#point</styleUrl><Point><altitudeMode>clampToGround</altitudeMode><coordinates>7.265003342181444,45.407741200178862,2596.1799999999998</coordinates></Point></Placemark><Placemark><TimeSpan><begin>2019-09-28T10:15:54Z</begin><end>2019-09-28T10:16:07Z</end></TimeSpan><styleUrl>#point</styleUrl><Point><altitudeMode>clampToGround</altitudeMode><coordinates>7.264928575605154,45.407724352553487,2593.29</coordinates></Point></Placemark><Placemark><TimeSpan><begin>2019-09-28T10:16:07Z</begin><end>2019-09-28T10:16:19Z</end></TimeSpan><styleUrl>#point</styleUrl><Point><altitudeMode>clampToGround</altitudeMode><coordinates>7.26485556922853,45.407715467736125,2591.3699999999999</coordinates></Point></Placemark><Placemark><TimeSpan><begin>2019-09-28T10:16:19Z</begin><end>2019-09-28T10:16:32Z</end></TimeSpan><styleUrl>#point</styleUrl><Point><altitudeMode>clampToGround</altitudeMode><coordinates>7.264777114614844,45.407716054469347,2588.9699999999998</coordinates></Point></Placemark><Placemark><TimeSpan><begin>2019-09-28T10:16:32Z</begin><end>2019-09-28T10:16:47Z</end></TimeSpan><styleUrl>#point</styleUrl><Point><altitudeMode>clampToGround</altitudeMode><coordinates>7.264692792668939,45.407713539898396,2586.0799999999999</coordinates></Point></Placemark><Placemark><TimeSpan><begin>2019-09-28T10:16:47Z</begin><end>2019-09-28T10:16:59Z</end></TimeSpan><styleUrl>#point</styleUrl><Point><altitudeMode>clampToGround</altitudeMode><coordinates>7.264663288369775,45.407741786912084,2583.1999999999998</coordinates></Point></Placemark><Placemark><TimeSpan><begin>2019-09-28T10:16:59Z</begin><end>2019-09-28T10:17:12Z</end></TimeSpan><styleUrl>#point</styleUrl><Point><altitudeMode>clampToGround</altitudeMode><coordinates>7.264655074104667,45.407806998118758,2581.2800000000002</coordinates></Point></Placemark><Placemark><TimeSpan><begin>2019-09-28T10:17:12Z</begin><end>2019-09-28T10:17:24Z</end></TimeSpan><styleUrl>#point</styleUrl><Point><altitudeMode>clampToGround</altitudeMode><coordinates>7.264615595340729,45.40780708193779,2579.3499999999999</coordinates></Point></Placemark><Placemark><TimeSpan><begin>2019-09-28T10:17:24Z</begin><end>2019-09-28T10:17:37Z</end></TimeSpan><styleUrl>#point</styleUrl><Point><altitudeMode>clampToGround</altitudeMode><coordinates>7.264518532902002,45.40780515410006,2576.9499999999998</coordinates></Point></Placemark><Placemark><TimeSpan><begin>2019-09-28T10:17:37Z</begin><end>2019-09-28T10:17:47Z</end></TimeSpan><styleUrl>#point</styleUrl><Point><altitudeMode>clampToGround</altitudeMode><coordinates>7.264533368870616,45.407848823815584,2575.9899999999998</coordinates></Point></Placemark><Placemark><TimeSpan><begin>2019-09-28T10:17:47Z</begin><end>2019-09-28T10:18:03Z</end></TimeSpan><styleUrl>#point</styleUrl><Point><altitudeMode>clampToGround</altitudeMode><coordinates>7.264477461576462,45.40785108692944,2573.5900000000001</coordinates></Point></Placemark><Placemark><TimeSpan><begin>2019-09-28T10:18:03Z</begin><end>2019-09-28T10:18:15Z</end></TimeSpan><styleUrl>#point</styleUrl><Point><altitudeMode>clampToGround</altitudeMode><coordinates>7.264442257583141,45.407868437469006,2571.1799999999998</coordinates></Point></Placemark><Placemark><TimeSpan><begin>2019-09-28T10:18:15Z</begin><end>2019-09-28T10:18:30Z</end></TimeSpan><styleUrl>#point</styleUrl><Point><altitudeMode>clampToGround</altitudeMode><coordinates>7.264383835718036,45.407865503802896,2569.7399999999998</coordinates></Point></Placemark><Placemark><TimeSpan><begin>2019-09-28T10:18:30Z</begin><end>2019-09-28T10:18:42Z</end></TimeSpan><styleUrl>#point</styleUrl><Point><altitudeMode>clampToGround</altitudeMode><coordinates>7.264329269528389,45.407846812158823,2568.3000000000002</coordinates></Point></Placemark><Placemark><TimeSpan><begin>2019-09-28T10:18:42Z</begin><end>2019-09-28T10:18:57Z</end></TimeSpan><styleUrl>#point</styleUrl><Point><altitudeMode>clampToGround</altitudeMode><coordinates>7.264325078576803,45.407888805493712,2566.8600000000001</coordinates></Point></Placemark><Placemark><TimeSpan><begin>2019-09-28T10:18:57Z</begin><end>2019-09-28T10:19:09Z</end></TimeSpan><styleUrl>#point</styleUrl><Point><altitudeMode>clampToGround</altitudeMode><coordinates>7.26438894867897,45.407948484644294,2564.9299999999998</coordinates></Point></Placemark><Placemark><TimeSpan><begin>2019-09-28T10:19:09Z</begin><end>2019-09-28T10:19:23Z</end></TimeSpan><styleUrl>#point</styleUrl><Point><altitudeMode>clampToGround</altitudeMode><coordinates>7.264325078576803,45.407963739708066,2562.5300000000002</coordinates></Point></Placemark><Placemark><TimeSpan><begin>2019-09-28T10:19:23Z</begin><end>2019-09-28T10:19:36Z</end></TimeSpan><styleUrl>#point</styleUrl><Point><altitudeMode>clampToGround</altitudeMode><coordinates>7.264277720823884,45.407986454665661,2560.1300000000001</coordinates></Point></Placemark><Placemark><TimeSpan><begin>2019-09-28T10:19:36Z</begin><end>2019-09-28T10:19:48Z</end></TimeSpan><styleUrl>#point</styleUrl><Point><altitudeMode>clampToGround</altitudeMode><coordinates>7.264254251495004,45.407984778285027,2558.6900000000001</coordinates></Point></Placemark><Placemark><TimeSpan><begin>2019-09-28T10:19:48Z</begin><end>2019-09-28T10:20:01Z</end></TimeSpan><styleUrl>#point</styleUrl><Point><altitudeMode>clampToGround</altitudeMode><coordinates>7.264252072200179,45.408041775226593,2556.7600000000002</coordinates></Point></Placemark><Placemark><TimeSpan><begin>2019-09-28T10:20:01Z</begin><end>2019-09-28T10:20:13Z</end></TimeSpan><styleUrl>#point</styleUrl><Point><altitudeMode>clampToGround</altitudeMode><coordinates>7.264221226796508,45.40807387791574,2554.3600000000001</coordinates></Point></Placemark><Placemark><TimeSpan><begin>2019-09-28T10:20:13Z</begin><end>2019-09-28T10:20:26Z</end></TimeSpan><styleUrl>#point</styleUrl><Point><altitudeMode>clampToGround</altitudeMode><coordinates>7.264152076095343,45.408039847388864,2553.8800000000001</coordinates></Point></Placemark><Placemark><TimeSpan><begin>2019-09-28T10:20:26Z</begin><end>2019-09-28T10:20:44Z</end></TimeSpan><styleUrl>#point</styleUrl><Point><altitudeMode>clampToGround</altitudeMode><coordinates>7.264084853231907,45.408035237342119,2552.4400000000001</coordinates></Point></Placemark><Placemark><TimeSpan><begin>2019-09-28T10:20:44Z</begin><end>2019-09-28T10:20:59Z</end></TimeSpan><styleUrl>#point</styleUrl><Point><altitudeMode>clampToGround</altitudeMode><coordinates>7.264040093868971,45.408096425235271,2550.0300000000002</coordinates></Point></Placemark><Placemark><TimeSpan><begin>2019-09-28T10:20:59Z</begin><end>2019-09-28T10:21:12Z</end></TimeSpan><styleUrl>#point</styleUrl><Point><altitudeMode>clampToGround</altitudeMode><coordinates>7.264025090262294,45.40816280990839,2549.0700000000002</coordinates></Point></Placemark><Placemark><TimeSpan><begin>2019-09-28T10:21:12Z</begin><end>2019-09-28T10:21:24Z</end></TimeSpan><styleUrl>#point</styleUrl><Point><altitudeMode>clampToGround</altitudeMode><coordinates>7.264008326455951,45.408196169883013,2547.6300000000001</coordinates></Point></Placemark><Placemark><TimeSpan><begin>2019-09-28T10:21:24Z</begin><end>2019-09-28T10:21:37Z</end></TimeSpan><styleUrl>#point</styleUrl><Point><altitudeMode>clampToGround</altitudeMode><coordinates>7.263924088329077,45.408269511535764,2547.6300000000001</coordinates></Point></Placemark><Placemark><TimeSpan><begin>2019-09-28T10:21:37Z</begin><end>2019-09-28T10:21:50Z</end></TimeSpan><styleUrl>#point</styleUrl><Point><altitudeMode>clampToGround</altitudeMode><coordinates>7.263939091935754,45.40833966806531,2547.1500000000001</coordinates></Point></Placemark><Placemark><TimeSpan><begin>2019-09-28T10:21:50Z</begin><end>2019-09-28T10:22:02Z</end></TimeSpan><styleUrl>#point</styleUrl><Point><altitudeMode>clampToGround</altitudeMode><coordinates>7.263994580134749,45.408380823209882,2544.75</coordinates></Point></Placemark><Placemark><TimeSpan><begin>2019-09-28T10:22:02Z</begin><end>2019-09-28T10:22:14Z</end></TimeSpan><styleUrl>#point</styleUrl><Point><altitudeMode>clampToGround</altitudeMode><coordinates>7.264069179072976,45.408433210104704,2542.3400000000001</coordinates></Point></Placemark><Placemark><TimeSpan><begin>2019-09-28T10:22:14Z</begin><end>2019-09-28T10:22:30Z</end></TimeSpan><styleUrl>#point</styleUrl><Point><altitudeMode>clampToGround</altitudeMode><coordinates>7.264155093580484,45.408502109348774,2539.46</coordinates></Point></Placemark><Placemark><TimeSpan><begin>2019-09-28T10:22:30Z</begin><end>2019-09-28T10:22:45Z</end></TimeSpan><styleUrl>#point</styleUrl><Point><altitudeMode>clampToGround</altitudeMode><coordinates>7.264024671167135,45.408501690253615,2536.0999999999999</coordinates></Point></Placemark><Placemark><TimeSpan><begin>2019-09-28T10:22:45Z</begin><end>2019-09-28T10:22:59Z</end></TimeSpan><styleUrl>#point</styleUrl><Point><altitudeMode>clampToGround</altitudeMode><coordinates>7.264169426634908,45.408577462658286,2534.1700000000001</coordinates></Point></Placemark><Placemark><TimeSpan><begin>2019-09-28T10:22:59Z</begin><end>2019-09-28T10:23:12Z</end></TimeSpan><styleUrl>#point</styleUrl><Point><altitudeMode>clampToGround</altitudeMode><coordinates>7.264235392212868,45.408617444336414,2531.29</coordinates></Point></Placemark><Placemark><TimeSpan><begin>2019-09-28T10:23:12Z</begin><end>2019-09-28T10:23:24Z</end></TimeSpan><styleUrl>#point</styleUrl><Point><altitudeMode>clampToGround</altitudeMode><coordinates>7.26430437527597,45.408683912828565,2529.8499999999999</coordinates></Point></Placemark><Placemark><TimeSpan><begin>2019-09-28T10:23:24Z</begin><end>2019-09-28T10:23:25Z</end></TimeSpan><styleUrl>#point</styleUrl><Point><altitudeMode>clampToGround</altitudeMode><coordinates>7.264306135475636,45.408693384379148,2529.3699999999999</coordinates></Point></Placemark><Placemark><TimeSpan><begin>2019-09-28T10:23:25Z</begin><end>2019-09-28T10:23:41Z</end></TimeSpan><styleUrl>#point</styleUrl><Point><altitudeMode>clampToGround</altitudeMode><coordinates>7.26440898142755,45.408806288614869,2526</coordinates></Point></Placemark><Placemark><TimeSpan><begin>2019-09-28T10:23:41Z</begin><end>2019-09-28T10:23:55Z</end></TimeSpan><styleUrl>#point</styleUrl><Point><altitudeMode>clampToGround</altitudeMode><coordinates>7.264507887884975,45.408849455416203,2524.0799999999999</coordinates></Point></Placemark><Placemark><TimeSpan><begin>2019-09-28T10:23:55Z</begin><end>2019-09-28T10:24:09Z</end></TimeSpan><styleUrl>#point</styleUrl><Point><altitudeMode>clampToGround</altitudeMode><coordinates>7.264491794630885,45.408881893381476,2521.1900000000001</coordinates></Point></Placemark><Placemark><TimeSpan><begin>2019-09-28T10:24:09Z</begin><end>2019-09-28T10:24:21Z</end></TimeSpan><styleUrl>#point</styleUrl><Point><altitudeMode>clampToGround</altitudeMode><coordinates>7.264411244541407,45.408879294991493,2519.27</coordinates></Point></Placemark><Placemark><TimeSpan><begin>2019-09-28T10:24:21Z</begin><end>2019-09-28T10:24:33Z</end></TimeSpan><styleUrl>#point</styleUrl><Point><altitudeMode>clampToGround</altitudeMode><coordinates>7.264351062476635,45.408878456801176,2516.8699999999999</coordinates></Point></Placemark><Placemark><TimeSpan><begin>2019-09-28T10:24:33Z</begin><end>2019-09-28T10:24:47Z</end></TimeSpan><styleUrl>#point</styleUrl><Point><altitudeMode>clampToGround</altitudeMode><coordinates>7.264212090522051,45.408872002735734,2513.98</coordinates></Point></Placemark><Placemark><TimeSpan><begin>2019-09-28T10:24:47Z</begin><end>2019-09-28T10:24:59Z</end></TimeSpan><styleUrl>#point</styleUrl><Point><altitudeMode>clampToGround</altitudeMode><coordinates>7.264129361137748,45.408886084333062,2511.5799999999999</coordinates></Point></Placemark><Placemark><TimeSpan><begin>2019-09-28T10:24:59Z</begin><end>2019-09-28T10:25:12Z</end></TimeSpan><styleUrl>#point</styleUrl><Point><altitudeMode>clampToGround</altitudeMode><coordinates>7.264217119663954,45.408957581967115,2508.6999999999998</coordinates></Point></Placemark><Placemark><TimeSpan><begin>2019-09-28T10:25:12Z</begin><end>2019-09-28T10:25:17Z</end></TimeSpan><styleUrl>#point</styleUrl><Point><altitudeMode>clampToGround</altitudeMode><coordinates>7.264196248725057,45.408972585573792,2507.7399999999998</coordinates></Point></Placemark><Placemark><TimeSpan><begin>2019-09-28T10:25:17Z</begin><end>2019-09-28T10:25:21Z</end></TimeSpan><styleUrl>#point</styleUrl><Point><altitudeMode>clampToGround</altitudeMode><coordinates>7.26413631811738,45.408954229205847,2507.2600000000002</coordinates></Point></Placemark><Placemark><TimeSpan><begin>2019-09-28T10:25:21Z</begin><end>2019-09-28T10:25:39Z</end></TimeSpan><styleUrl>#point</styleUrl><Point><altitudeMode>clampToGround</altitudeMode><coordinates>7.264037998393178,45.408918689936399,2504.8499999999999</coordinates></Point></Placemark><Placemark><TimeSpan><begin>2019-09-28T10:25:39Z</begin><end>2019-09-28T10:25:54Z</end></TimeSpan><styleUrl>#point</styleUrl><Point><altitudeMode>clampToGround</altitudeMode><coordinates>7.263959962874651,45.408919611945748,2502.4499999999998</coordinates></Point></Placemark><Placemark><TimeSpan><begin>2019-09-28T10:25:54Z</begin><end>2019-09-28T10:26:06Z</end></TimeSpan><styleUrl>#point</styleUrl><Point><altitudeMode>clampToGround</altitudeMode><coordinates>7.26394428871572,45.408957917243242,2501.0100000000002</coordinates></Point></Placemark><Placemark><TimeSpan><begin>2019-09-28T10:26:06Z</begin><end>2019-09-28T10:26:20Z</end></TimeSpan><styleUrl>#point</styleUrl><Point><altitudeMode>clampToGround</altitudeMode><coordinates>7.263888046145439,45.408970238640904,2498.5999999999999</coordinates></Point></Placemark><Placemark><TimeSpan><begin>2019-09-28T10:26:20Z</begin><end>2019-09-28T10:26:34Z</end></TimeSpan><styleUrl>#point</styleUrl><Point><altitudeMode>clampToGround</altitudeMode><coordinates>7.263845382258296,45.408987086266279,2496.1999999999998</coordinates></Point></Placemark><Placemark><TimeSpan><begin>2019-09-28T10:26:34Z</begin><end>2019-09-28T10:26:41Z</end></TimeSpan><styleUrl>#point</styleUrl><Point><altitudeMode>clampToGround</altitudeMode><coordinates>7.263831552118063,45.40901642292738,2495.7199999999998</coordinates></Point></Placemark><Placemark><TimeSpan><begin>2019-09-28T10:26:41Z</begin><end>2019-09-28T10:26:53Z</end></TimeSpan><styleUrl>#point</styleUrl><Point><altitudeMode>clampToGround</altitudeMode><coordinates>7.263938840478659,45.409077107906342,2493.3200000000002</coordinates></Point></Placemark><Placemark><TimeSpan><begin>2019-09-28T10:26:53Z</begin><end>2019-09-28T10:27:04Z</end></TimeSpan><styleUrl>#point</styleUrl><Point><altitudeMode>clampToGround</altitudeMode><coordinates>7.26392668671906,45.409125639125705,2490.4299999999998</coordinates></Point></Placemark><Placemark><TimeSpan><begin>2019-09-28T10:27:04Z</begin><end>2019-09-28T10:27:13Z</end></TimeSpan><styleUrl>#point</styleUrl><Point><altitudeMode>clampToGround</altitudeMode><coordinates>7.263892320916057,45.409154305234551,2488.9899999999998</coordinates></Point></Placemark><Placemark><TimeSpan><begin>2019-09-28T10:27:13Z</begin><end>2019-09-28T10:27:25Z</end></TimeSpan><styleUrl>#point</styleUrl><Point><altitudeMode>clampToGround</altitudeMode><coordinates>7.263899026438594,45.409186240285635,2487.0700000000002</coordinates></Point></Placemark><Placemark><TimeSpan><begin>2019-09-28T10:27:25Z</begin><end>2019-09-28T10:27:38Z</end></TimeSpan><styleUrl>#point</styleUrl><Point><altitudeMode>clampToGround</altitudeMode><coordinates>7.263749074190855,45.409154640510678,2485.1500000000001</coordinates></Point></Placemark><Placemark><TimeSpan><begin>2019-09-28T10:27:38Z</begin><end>2019-09-28T10:27:39Z</end></TimeSpan><styleUrl>#point</styleUrl><Point><altitudeMode>clampToGround</altitudeMode><coordinates>7.263735830783844,45.409154137596488,2485.1500000000001</coordinates></Point></Placemark><Placemark><TimeSpan><begin>2019-09-28T10:27:39Z</begin><end>2019-09-28T10:27:48Z</end></TimeSpan><styleUrl>#point</styleUrl><Point><altitudeMode>clampToGround</altitudeMode><coordinates>7.263637008145452,45.409123208373785,2484.1799999999998</coordinates></Point></Placemark><Placemark><TimeSpan><begin>2019-09-28T10:27:48Z</begin><end>2019-09-28T10:27:58Z</end></TimeSpan><styleUrl>#point</styleUrl><Point><altitudeMode>clampToGround</altitudeMode><coordinates>7.263585291802883,45.409183893352747,2481.7800000000002</coordinates></Point></Placemark><Placemark><TimeSpan><begin>2019-09-28T10:27:58Z</begin><end>2019-09-28T10:28:09Z</end></TimeSpan><styleUrl>#point</styleUrl><Point><altitudeMode>clampToGround</altitudeMode><coordinates>7.263677911832929,45.409242399036884,2478.9000000000001</coordinates></Point></Placemark><Placemark><TimeSpan><begin>2019-09-28T10:28:09Z</begin><end>2019-09-28T10:28:22Z</end></TimeSpan><styleUrl>#point</styleUrl><Point><altitudeMode>clampToGround</altitudeMode><coordinates>7.263701967895031,45.409270981326699,2477.9400000000001</coordinates></Point></Placemark><Placemark><TimeSpan><begin>2019-09-28T10:28:22Z</begin><end>2019-09-28T10:28:35Z</end></TimeSpan><styleUrl>#point</styleUrl><Point><altitudeMode>clampToGround</altitudeMode><coordinates>7.263701381161809,45.409339629113674,2476.0100000000002</coordinates></Point></Placemark><Placemark><TimeSpan><begin>2019-09-28T10:28:35Z</begin><end>2019-09-28T10:28:47Z</end></TimeSpan><styleUrl>#point</styleUrl><Point><altitudeMode>clampToGround</altitudeMode><coordinates>7.263761898502708,45.409403163939714,2472.6500000000001</coordinates></Point></Placemark><Placemark><TimeSpan><begin>2019-09-28T10:28:47Z</begin><end>2019-09-28T10:28:49Z</end></TimeSpan><styleUrl>#point</styleUrl><Point><altitudeMode>clampToGround</altitudeMode><coordinates>7.26373516023159,45.409402158111334,2472.1700000000001</coordinates></Point></Placemark><Placemark><TimeSpan><begin>2019-09-28T10:28:49Z</begin><end>2019-09-28T10:28:55Z</end></TimeSpan><styleUrl>#point</styleUrl><Point><altitudeMode>clampToGround</altitudeMode><coordinates>7.263655951246619,45.409390507265925,2471.21</coordinates></Point></Placemark><Placemark><TimeSpan><begin>2019-09-28T10:28:55Z</begin><end>2019-09-28T10:29:10Z</end></TimeSpan><styleUrl>#point</styleUrl><Point><altitudeMode>clampToGround</altitudeMode><coordinates>7.263540951535106,45.409422274678946,2467.8400000000001</coordinates></Point></Placemark><Placemark><TimeSpan><begin>2019-09-28T10:29:10Z</begin><end>2019-09-28T10:29:22Z</end></TimeSpan><styleUrl>#point</styleUrl><Point><altitudeMode>clampToGround</altitudeMode><coordinates>7.2635602299124,45.409465692937374,2466.4000000000001</coordinates></Point></Placemark><Placemark><TimeSpan><begin>2019-09-28T10:29:22Z</begin><end>2019-09-28T10:29:34Z</end></TimeSpan><styleUrl>#point</styleUrl><Point><altitudeMode>clampToGround</altitudeMode><coordinates>7.26351966150105,45.409492934122682,2463.52</coordinates></Point></Placemark><Placemark><TimeSpan><begin>2019-09-28T10:29:34Z</begin><end>2019-09-28T10:29:46Z</end></TimeSpan><styleUrl>#point</styleUrl><Point><altitudeMode>clampToGround</altitudeMode><coordinates>7.26344732567668,45.409518918022513,2461.1100000000001</coordinates></Point></Placemark><Placemark><TimeSpan><begin>2019-09-28T10:29:46Z</begin><end>2019-09-28T10:29:49Z</end></TimeSpan><styleUrl>#point</styleUrl><Point><altitudeMode>clampToGround</altitudeMode><coordinates>7.26345025934279,45.409535011276603,2460.1500000000001</coordinates></Point></Placemark><Placemark><TimeSpan><begin>2019-09-28T10:29:49Z</begin><end>2019-09-28T10:30:01Z</end></TimeSpan><styleUrl>#point</styleUrl><Point><altitudeMode>clampToGround</altitudeMode><coordinates>7.263556038960815,45.409599300473928,2457.75</coordinates></Point></Placemark><Placemark><TimeSpan><begin>2019-09-28T10:30:01Z</begin><end>2019-09-28T10:30:15Z</end></TimeSpan><styleUrl>#point</styleUrl><Point><altitudeMode>clampToGround</altitudeMode><coordinates>7.263511782512069,45.409617656841874,2454.8600000000001</coordinates></Point></Placemark><Placemark><TimeSpan><begin>2019-09-28T10:30:15Z</begin><end>2019-09-28T10:30:25Z</end></TimeSpan><styleUrl>#point</styleUrl><Point><altitudeMode>clampToGround</altitudeMode><coordinates>7.263503484427929,45.409672223031521,2453.4200000000001</coordinates></Point></Placemark><Placemark><TimeSpan><begin>2019-09-28T10:30:25Z</begin><end>2019-09-28T10:30:39Z</end></TimeSpan><styleUrl>#point</styleUrl><Point><altitudeMode>clampToGround</altitudeMode><coordinates>7.263602558523417,45.409757383167744,2450.0599999999999</coordinates></Point></Placemark><Placemark><TimeSpan><begin>2019-09-28T10:30:39Z</begin><end>2019-09-28T10:30:53Z</end></TimeSpan><styleUrl>#point</styleUrl><Point><altitudeMode>clampToGround</altitudeMode><coordinates>7.263725269585848,45.409795353189111,2447.1700000000001</coordinates></Point></Placemark><Placemark><TimeSpan><begin>2019-09-28T10:30:53Z</begin><end>2019-09-28T10:31:00Z</end></TimeSpan><styleUrl>#point</styleUrl><Point><altitudeMode>clampToGround</altitudeMode><coordinates>7.263792743906379,45.409834077581763,2446.6900000000001</coordinates></Point></Placemark><Placemark><TimeSpan><begin>2019-09-28T10:31:00Z</begin><end>2019-09-28T10:31:14Z</end></TimeSpan><styleUrl>#point</styleUrl><Point><altitudeMode>clampToGround</altitudeMode><coordinates>7.263929871842265,45.40987933985889,2444.29</coordinates></Point></Placemark><Placemark><TimeSpan><begin>2019-09-28T10:31:14Z</begin><end>2019-09-28T10:31:26Z</end></TimeSpan><styleUrl>#point</styleUrl><Point><altitudeMode>clampToGround</altitudeMode><coordinates>7.263879831880331,45.409891661256552,2442.3699999999999</coordinates></Point></Placemark><Placemark><TimeSpan><begin>2019-09-28T10:31:26Z</begin><end>2019-09-28T10:31:36Z</end></TimeSpan><styleUrl>#point</styleUrl><Point><altitudeMode>clampToGround</altitudeMode><coordinates>7.263789055868983,45.409893840551376,2440.4400000000001</coordinates></Point></Placemark><Placemark><TimeSpan><begin>2019-09-28T10:31:36Z</begin><end>2019-09-28T10:31:51Z</end></TimeSpan><styleUrl>#point</styleUrl><Point><altitudeMode>clampToGround</altitudeMode><coordinates>7.263645390048623,45.409902390092611,2437.0799999999999</coordinates></Point></Placemark><Placemark><TimeSpan><begin>2019-09-28T10:31:51Z</begin><end>2019-09-28T10:32:02Z</end></TimeSpan><styleUrl>#point</styleUrl><Point><altitudeMode>clampToGround</altitudeMode><coordinates>7.263662489131093,45.409960560500622,2435.6399999999999</coordinates></Point></Placemark><Placemark><TimeSpan><begin>2019-09-28T10:32:02Z</begin><end>2019-09-28T10:32:06Z</end></TimeSpan><styleUrl>#point</styleUrl><Point><altitudeMode>clampToGround</altitudeMode><coordinates>7.263678498566151,45.409974474459887,2434.6799999999998</coordinates></Point></Placemark><Placemark><TimeSpan><begin>2019-09-28T10:32:06Z</begin><end>2019-09-28T10:32:17Z</end></TimeSpan><styleUrl>#point</styleUrl><Point><altitudeMode>clampToGround</altitudeMode><coordinates>7.263753265142441,45.410012360662222,2433.23</coordinates></Point></Placemark><Placemark><TimeSpan><begin>2019-09-28T10:32:17Z</begin><end>2019-09-28T10:32:27Z</end></TimeSpan><styleUrl>#point</styleUrl><Point><altitudeMode>clampToGround</altitudeMode><coordinates>7.263680007308722,45.410044211894274,2431.3099999999999</coordinates></Point></Placemark><Placemark><TimeSpan><begin>2019-09-28T10:32:27Z</begin><end>2019-09-28T10:32:39Z</end></TimeSpan><styleUrl>#point</styleUrl><Point><altitudeMode>clampToGround</altitudeMode><coordinates>7.263554446399212,45.41002837009728,2428.9099999999999</coordinates></Point></Placemark><Placemark><TimeSpan><begin>2019-09-28T10:32:39Z</begin><end>2019-09-28T10:32:51Z</end></TimeSpan><styleUrl>#point</styleUrl><Point><altitudeMode>clampToGround</altitudeMode><coordinates>7.263504574075341,45.410039350390434,2427.4699999999998</coordinates></Point></Placemark><Placemark><TimeSpan><begin>2019-09-28T10:32:51Z</begin><end>2019-09-28T10:32:57Z</end></TimeSpan><styleUrl>#point</styleUrl><Point><altitudeMode>clampToGround</altitudeMode><coordinates>7.26350792683661,45.410088803619146,2426.5</coordinates></Point></Placemark><Placemark><TimeSpan><begin>2019-09-28T10:32:57Z</begin><end>2019-09-28T10:33:05Z</end></TimeSpan><styleUrl>#point</styleUrl><Point><altitudeMode>clampToGround</altitudeMode><coordinates>7.263603480532765,45.410137921571732,2425.0599999999999</coordinates></Point></Placemark><Placemark><TimeSpan><begin>2019-09-28T10:33:05Z</begin><end>2019-09-28T10:33:14Z</end></TimeSpan><styleUrl>#point</styleUrl><Point><altitudeMode>clampToGround</altitudeMode><coordinates>7.263705907389522,45.410194667056203,2423.6199999999999</coordinates></Point></Placemark><Placemark><TimeSpan><begin>2019-09-28T10:33:14Z</begin><end>2019-09-28T10:33:21Z</end></TimeSpan><styleUrl>#point</styleUrl><Point><altitudeMode>clampToGround</altitudeMode><coordinates>7.263712696731091,45.410238755866885,2422.6599999999999</coordinates></Point></Placemark><Placemark><TimeSpan><begin>2019-09-28T10:33:21Z</begin><end>2019-09-28T10:33:30Z</end></TimeSpan><styleUrl>#point</styleUrl><Point><altitudeMode>clampToGround</altitudeMode><coordinates>7.263691071420908,45.410293992608786,2422.1799999999998</coordinates></Point></Placemark><Placemark><TimeSpan><begin>2019-09-28T10:33:30Z</begin><end>2019-09-28T10:33:38Z</end></TimeSpan><styleUrl>#point</styleUrl><Point><altitudeMode>clampToGround</altitudeMode><coordinates>7.263661064207554,45.410347133874893,2421.6999999999998</coordinates></Point></Placemark><Placemark><TimeSpan><begin>2019-09-28T10:33:38Z</begin><end>2019-09-28T10:33:44Z</end></TimeSpan><styleUrl>#point</styleUrl><Point><altitudeMode>clampToGround</altitudeMode><coordinates>7.263619992882013,45.410377308726311,2421.6999999999998</coordinates></Point></Placemark><Placemark><TimeSpan><begin>2019-09-28T10:33:44Z</begin><end>2019-09-28T10:33:48Z</end></TimeSpan><styleUrl>#point</styleUrl><Point><altitudeMode>clampToGround</altitudeMode><coordinates>7.263581268489361,45.410391474142671,2421.2199999999998</coordinates></Point></Placemark><Placemark><TimeSpan><begin>2019-09-28T10:33:48Z</begin><end>2019-09-28T10:34:03Z</end></TimeSpan><styleUrl>#point</styleUrl><Point><altitudeMode>clampToGround</altitudeMode><coordinates>7.26344590075314,45.410516113042831,2420.7399999999998</coordinates></Point></Placemark><Placemark><TimeSpan><begin>2019-09-28T10:34:03Z</begin><end>2019-09-28T10:34:19Z</end></TimeSpan><styleUrl>#point</styleUrl><Point><altitudeMode>clampToGround</altitudeMode><coordinates>7.263294272124767,45.410670256242156,2420.7399999999998</coordinates></Point></Placemark><Placemark><TimeSpan><begin>2019-09-28T10:34:19Z</begin><end>2019-09-28T10:34:22Z</end></TimeSpan><styleUrl>#point</styleUrl><Point><altitudeMode>clampToGround</altitudeMode><coordinates>7.263271724805236,45.410698922351003,2420.7399999999998</coordinates></Point></Placemark><Placemark><TimeSpan><begin>2019-09-28T10:34:22Z</begin><end>2019-09-28T10:34:26Z</end></TimeSpan><styleUrl>#point</styleUrl><Point><altitudeMode>clampToGround</altitudeMode><coordinates>7.263250015676022,45.410736138001084,2420.2600000000002</coordinates></Point></Placemark><Placemark><TimeSpan><begin>2019-09-28T10:34:26Z</begin><end>2019-09-28T10:34:29Z</end></TimeSpan><styleUrl>#point</styleUrl><Point><altitudeMode>clampToGround</altitudeMode><coordinates>7.263215146958828,45.410755081102252,2419.3000000000002</coordinates></Point></Placemark><Placemark><TimeSpan><begin>2019-09-28T10:34:29Z</begin><end>2019-09-28T10:34:41Z</end></TimeSpan><styleUrl>#point</styleUrl><Point><altitudeMode>clampToGround</altitudeMode><coordinates>7.263160245493054,45.410839570686221,2417.3699999999999</coordinates></Point></Placemark><Placemark><TimeSpan><begin>2019-09-28T10:34:41Z</begin><end>2019-09-28T10:34:55Z</end></TimeSpan><styleUrl>#point</styleUrl><Point><altitudeMode>clampToGround</altitudeMode><coordinates>7.263079360127449,45.410912577062845,2414.4899999999998</coordinates></Point></Placemark><Placemark><TimeSpan><begin>2019-09-28T10:34:55Z</begin><end>2019-09-28T10:35:09Z</end></TimeSpan><styleUrl>#point</styleUrl><Point><altitudeMode>clampToGround</altitudeMode><coordinates>7.262989673763514,45.410960353910923,2413.0500000000002</coordinates></Point></Placemark><Placemark><TimeSpan><begin>2019-09-28T10:35:09Z</begin><end>2019-09-28T10:35:21Z</end></TimeSpan><styleUrl>#point</styleUrl><Point><altitudeMode>clampToGround</altitudeMode><coordinates>7.262955391779542,45.411021625623107,2411.1199999999999</coordinates></Point></Placemark><Placemark><TimeSpan><begin>2019-09-28T10:35:21Z</begin><end>2019-09-28T10:35:30Z</end></TimeSpan><styleUrl>#point</styleUrl><Point><altitudeMode>clampToGround</altitudeMode><coordinates>7.262867130339146,45.411056997254491,2409.6799999999998</coordinates></Point></Placemark><Placemark><TimeSpan><begin>2019-09-28T10:35:30Z</begin><end>2019-09-28T10:35:44Z</end></TimeSpan><styleUrl>#point</styleUrl><Point><altitudeMode>clampToGround</altitudeMode><coordinates>7.262778114527464,45.411128746345639,2407.7600000000002</coordinates></Point></Placemark><Placemark><TimeSpan><begin>2019-09-28T10:35:44Z</begin><end>2019-09-28T10:35:58Z</end></TimeSpan><styleUrl>#point</styleUrl><Point><altitudeMode>clampToGround</altitudeMode><coordinates>7.262694211676717,45.411214241757989,2405.3600000000001</coordinates></Point></Placemark><Placemark><TimeSpan><begin>2019-09-28T10:35:58Z</begin><end>2019-09-28T10:36:10Z</end></TimeSpan><styleUrl>#point</styleUrl><Point><altitudeMode>clampToGround</altitudeMode><coordinates>7.26261718198657,45.411295378580689,2402.9499999999998</coordinates></Point></Placemark><Placemark><TimeSpan><begin>2019-09-28T10:36:10Z</begin><end>2019-09-28T10:36:18Z</end></TimeSpan><styleUrl>#point</styleUrl><Point><altitudeMode>clampToGround</altitudeMode><coordinates>7.262574434280396,45.411321111023426,2402.4699999999998</coordinates></Point></Placemark><Placemark><TimeSpan><begin>2019-09-28T10:36:18Z</begin><end>2019-09-28T10:36:34Z</end></TimeSpan><styleUrl>#point</styleUrl><Point><altitudeMode>clampToGround</altitudeMode><coordinates>7.262442586943507,45.411372659727931,2400.0700000000002</coordinates></Point></Placemark><Placemark><TimeSpan><begin>2019-09-28T10:36:34Z</begin><end>2019-09-28T10:36:40Z</end></TimeSpan><styleUrl>#point</styleUrl><Point><altitudeMode>clampToGround</altitudeMode><coordinates>7.262411406263709,45.411394871771336,2398.6300000000001</coordinates></Point></Placemark><Placemark><TimeSpan><begin>2019-09-28T10:36:40Z</begin><end>2019-09-28T10:36:46Z</end></TimeSpan><styleUrl>#point</styleUrl><Point><altitudeMode>clampToGround</altitudeMode><coordinates>7.26244074292481,45.411453042179346,2397.6700000000001</coordinates></Point></Placemark><Placemark><TimeSpan><begin>2019-09-28T10:36:46Z</begin><end>2019-09-28T10:36:50Z</end></TimeSpan><styleUrl>#point</styleUrl><Point><altitudeMode>clampToGround</altitudeMode><coordinates>7.26247888058424,45.411474835127592,2396.6999999999998</coordinates></Point></Placemark><Placemark><TimeSpan><begin>2019-09-28T10:36:50Z</begin><end>2019-09-28T10:36:55Z</end></TimeSpan><styleUrl>#point</styleUrl><Point><altitudeMode>clampToGround</altitudeMode><coordinates>7.262523304671049,45.411487156525254,2395.7399999999998</coordinates></Point></Placemark><Placemark><TimeSpan><begin>2019-09-28T10:36:55Z</begin><end>2019-09-28T10:36:57Z</end></TimeSpan><styleUrl>#point</styleUrl><Point><altitudeMode>clampToGround</altitudeMode><coordinates>7.262537889182568,45.411502411589026,2394.7800000000002</coordinates></Point></Placemark><Placemark><TimeSpan><begin>2019-09-28T10:36:57Z</begin><end>2019-09-28T10:37:12Z</end></TimeSpan><styleUrl>#point</styleUrl><Point><altitudeMode>clampToGround</altitudeMode><coordinates>7.262694882228971,45.411498472094536,2392.8600000000001</coordinates></Point></Placemark><Placemark><TimeSpan><begin>2019-09-28T10:37:12Z</begin><end>2019-09-28T10:37:23Z</end></TimeSpan><styleUrl>#point</styleUrl><Point><altitudeMode>clampToGround</altitudeMode><coordinates>7.262770319357514,45.411491012200713,2390.9400000000001</coordinates></Point></Placemark><Placemark><TimeSpan><begin>2019-09-28T10:37:23Z</begin><end>2019-09-28T10:37:30Z</end></TimeSpan><styleUrl>#point</styleUrl><Point><altitudeMode>clampToGround</altitudeMode><coordinates>7.262831088155508,45.411514146253467,2389.4899999999998</coordinates></Point></Placemark><Placemark><TimeSpan><begin>2019-09-28T10:37:30Z</begin><end>2019-09-28T10:37:33Z</end></TimeSpan><styleUrl>#point</styleUrl><Point><altitudeMode>clampToGround</altitudeMode><coordinates>7.262845588847995,45.411535939201713,2389.0100000000002</coordinates></Point></Placemark><Placemark><TimeSpan><begin>2019-09-28T10:37:33Z</begin><end>2019-09-28T10:37:35Z</end></TimeSpan><styleUrl>#point</styleUrl><Point><altitudeMode>clampToGround</altitudeMode><coordinates>7.2628453373909,45.411556726321578,2388.5300000000002</coordinates></Point></Placemark><Placemark><TimeSpan><begin>2019-09-28T10:37:35Z</begin><end>2019-09-28T10:37:47Z</end></TimeSpan><styleUrl>#point</styleUrl><Point><altitudeMode>clampToGround</altitudeMode><coordinates>7.262774426490068,45.411681113764644,2385.6500000000001</coordinates></Point></Placemark><Placemark><TimeSpan><begin>2019-09-28T10:37:47Z</begin><end>2019-09-28T10:38:02Z</end></TimeSpan><styleUrl>#point</styleUrl><Point><altitudeMode>clampToGround</altitudeMode><coordinates>7.262782640755177,45.411719167605042,2385.1700000000001</coordinates></Point></Placemark><Placemark><TimeSpan><begin>2019-09-28T10:38:02Z</begin><end>2019-09-28T10:38:16Z</end></TimeSpan><styleUrl>#point</styleUrl><Point><altitudeMode>clampToGround</altitudeMode><coordinates>7.262689014896751,45.411835005506873,2382.2800000000002</coordinates></Point></Placemark><Placemark><TimeSpan><begin>2019-09-28T10:38:16Z</begin><end>2019-09-28T10:38:18Z</end></TimeSpan><styleUrl>#point</styleUrl><Point><altitudeMode>clampToGround</altitudeMode><coordinates>7.262670658528805,45.41185243986547,2382.2800000000002</coordinates></Point></Placemark><Placemark><TimeSpan><begin>2019-09-28T10:38:18Z</begin><end>2019-09-28T10:38:32Z</end></TimeSpan><styleUrl>#point</styleUrl><Point><altitudeMode>clampToGround</altitudeMode><coordinates>7.262618355453014,45.411972552537918,2379.8800000000001</coordinates></Point></Placemark><Placemark><TimeSpan><begin>2019-09-28T10:38:32Z</begin><end>2019-09-28T10:38:39Z</end></TimeSpan><styleUrl>#point</styleUrl><Point><altitudeMode>clampToGround</altitudeMode><coordinates>7.262564543634653,45.412044050171971,2378.4400000000001</coordinates></Point></Placemark><Placemark><TimeSpan><begin>2019-09-28T10:38:39Z</begin><end>2019-09-28T10:38:41Z</end></TimeSpan><styleUrl>#point</styleUrl><Point><altitudeMode>clampToGround</altitudeMode><coordinates>7.262563370168209,45.412064753472805,2378.4400000000001</coordinates></Point></Placemark><Placemark><TimeSpan><begin>2019-09-28T10:38:41Z</begin><end>2019-09-28T10:38:53Z</end></TimeSpan><styleUrl>#point</styleUrl><Point><altitudeMode>clampToGround</altitudeMode><coordinates>7.262553563341498,45.412166593596339,2376.52</coordinates></Point></Placemark><Placemark><TimeSpan><begin>2019-09-28T10:38:53Z</begin><end>2019-09-28T10:39:11Z</end></TimeSpan><styleUrl>#point</styleUrl><Point><altitudeMode>clampToGround</altitudeMode><coordinates>7.262555658817291,45.412161312997341,2375.5500000000002</coordinates></Point></Placemark><Placemark><TimeSpan><begin>2019-09-28T10:39:11Z</begin><end>2019-09-28T10:39:24Z</end></TimeSpan><styleUrl>#point</styleUrl><Point><altitudeMode>clampToGround</altitudeMode><coordinates>7.262540571391583,45.412229206413031,2375.0700000000002</coordinates></Point></Placemark><Placemark><TimeSpan><begin>2019-09-28T10:39:24Z</begin><end>2019-09-28T10:39:36Z</end></TimeSpan><styleUrl>#point</styleUrl><Point><altitudeMode>clampToGround</altitudeMode><coordinates>7.262582816183567,45.412293830886483,2373.1500000000001</coordinates></Point></Placemark><Placemark><TimeSpan><begin>2019-09-28T10:39:36Z</begin><end>2019-09-28T10:39:48Z</end></TimeSpan><styleUrl>#point</styleUrl><Point><altitudeMode>clampToGround</altitudeMode><coordinates>7.262583235278726,45.412341021001339,2371.23</coordinates></Point></Placemark><Placemark><TimeSpan><begin>2019-09-28T10:39:48Z</begin><end>2019-09-28T10:40:00Z</end></TimeSpan><styleUrl>#point</styleUrl><Point><altitudeMode>clampToGround</altitudeMode><coordinates>7.262610895559192,45.412406148388982,2368.3499999999999</coordinates></Point></Placemark><Placemark><TimeSpan><begin>2019-09-28T10:40:00Z</begin><end>2019-09-28T10:40:05Z</end></TimeSpan><styleUrl>#point</styleUrl><Point><altitudeMode>clampToGround</altitudeMode><coordinates>7.262586671859026,45.412440095096827,2367.3800000000001</coordinates></Point></Placemark><Placemark><TimeSpan><begin>2019-09-28T10:40:05Z</begin><end>2019-09-28T10:40:07Z</end></TimeSpan><styleUrl>#point</styleUrl><Point><altitudeMode>clampToGround</altitudeMode><coordinates>7.262571752071381,45.412455517798662,2366.4200000000001</coordinates></Point></Placemark><Placemark><TimeSpan><begin>2019-09-28T10:40:07Z</begin><end>2019-09-28T10:40:13Z</end></TimeSpan><styleUrl>#point</styleUrl><Point><altitudeMode>clampToGround</altitudeMode><coordinates>7.262489274144173,45.412495667114854,2365.46</coordinates></Point></Placemark><Placemark><TimeSpan><begin>2019-09-28T10:40:13Z</begin><end>2019-09-28T10:40:28Z</end></TimeSpan><styleUrl>#point</styleUrl><Point><altitudeMode>clampToGround</altitudeMode><coordinates>7.262401850894094,45.412518046796322,2364.02</coordinates></Point></Placemark><Placemark><TimeSpan><begin>2019-09-28T10:40:28Z</begin><end>2019-09-28T10:40:46Z</end></TimeSpan><styleUrl>#point</styleUrl><Point><altitudeMode>clampToGround</altitudeMode><coordinates>7.262394307181239,45.412509078159928,2364.02</coordinates></Point></Placemark><Placemark><TimeSpan><begin>2019-09-28T10:40:46Z</begin><end>2019-09-28T10:41:06Z</end></TimeSpan><styleUrl>#point</styleUrl><Point><altitudeMode>clampToGround</altitudeMode><coordinates>7.262392798438668,45.412508407607675,2363.54</coordinates></Point></Placemark><Placemark><TimeSpan><begin>2019-09-28T10:41:06Z</begin><end>2019-09-28T10:41:25Z</end></TimeSpan><styleUrl>#point</styleUrl><Point><altitudeMode>clampToGround</altitudeMode><coordinates>7.262282241135836,45.412513688206673,2363.54</coordinates></Point></Placemark><Placemark><TimeSpan><begin>2019-09-28T10:41:25Z</begin><end>2019-09-28T10:41:40Z</end></TimeSpan><styleUrl>#point</styleUrl><Point><altitudeMode>clampToGround</altitudeMode><coordinates>7.262184591963887,45.412485189735889,2362.5799999999999</coordinates></Point></Placemark><Placemark><TimeSpan><begin>2019-09-28T10:41:40Z</begin><end>2019-09-28T10:41:59Z</end></TimeSpan><styleUrl>#point</styleUrl><Point><altitudeMode>clampToGround</altitudeMode><coordinates>7.262160619720817,45.412476472556591,2362.5799999999999</coordinates></Point></Placemark><Placemark><TimeSpan><begin>2019-09-28T10:41:59Z</begin><end>2019-09-28T10:42:08Z</end></TimeSpan><styleUrl>#point</styleUrl><Point><altitudeMode>clampToGround</altitudeMode><coordinates>7.262051068246365,45.412558782845736,2362.0999999999999</coordinates></Point></Placemark><Placemark><TimeSpan><begin>2019-09-28T10:42:08Z</begin><end>2019-09-28T10:42:23Z</end></TimeSpan><styleUrl>#point</styleUrl><Point><altitudeMode>clampToGround</altitudeMode><coordinates>7.261895835399628,45.412646625190973,2362.0999999999999</coordinates></Point></Placemark><Placemark><TimeSpan><begin>2019-09-28T10:42:23Z</begin><end>2019-09-28T10:42:35Z</end></TimeSpan><styleUrl>#point</styleUrl><Point><altitudeMode>clampToGround</altitudeMode><coordinates>7.261786703020334,45.412680739536881,2363.54</coordinates></Point></Placemark><Placemark><TimeSpan><begin>2019-09-28T10:42:35Z</begin><end>2019-09-28T10:42:50Z</end></TimeSpan><styleUrl>#point</styleUrl><Point><altitudeMode>clampToGround</altitudeMode><coordinates>7.26172786206007,45.412728181108832,2362.0999999999999</coordinates></Point></Placemark><Placemark><TimeSpan><begin>2019-09-28T10:42:50Z</begin><end>2019-09-28T10:43:04Z</end></TimeSpan><styleUrl>#point</styleUrl><Point><altitudeMode>clampToGround</altitudeMode><coordinates>7.261605402454734,45.412747459486127,2361.6199999999999</coordinates></Point></Placemark><Placemark><TimeSpan><begin>2019-09-28T10:43:04Z</begin><end>2019-09-28T10:43:20Z</end></TimeSpan><styleUrl>#point</styleUrl><Point><altitudeMode>clampToGround</altitudeMode><coordinates>7.261543292552233,45.412762546911836,2360.1700000000001</coordinates></Point></Placemark><Placemark><TimeSpan><begin>2019-09-28T10:43:20Z</begin><end>2019-09-28T10:43:22Z</end></TimeSpan><styleUrl>#point</styleUrl><Point><altitudeMode>clampToGround</altitudeMode><coordinates>7.261529797688127,45.412774113938212,2359.6900000000001</coordinates></Point></Placemark><Placemark><TimeSpan><begin>2019-09-28T10:43:22Z</begin><end>2019-09-28T10:43:36Z</end></TimeSpan><styleUrl>#point</styleUrl><Point><altitudeMode>clampToGround</altitudeMode><coordinates>7.261463832110167,45.412859776988626,2358.73</coordinates></Point></Placemark><Placemark><TimeSpan><begin>2019-09-28T10:43:36Z</begin><end>2019-09-28T10:43:49Z</end></TimeSpan><styleUrl>#point</styleUrl><Point><altitudeMode>clampToGround</altitudeMode><coordinates>7.261435836553574,45.41292255744338,2357.29</coordinates></Point></Placemark><Placemark><TimeSpan><begin>2019-09-28T10:43:49Z</begin><end>2019-09-28T10:44:00Z</end></TimeSpan><styleUrl>#point</styleUrl><Point><altitudeMode>clampToGround</altitudeMode><coordinates>7.261350927874446,45.412956168875098,2355.8499999999999</coordinates></Point></Placemark><Placemark><TimeSpan><begin>2019-09-28T10:44:00Z</begin><end>2019-09-28T10:44:12Z</end></TimeSpan><styleUrl>#point</styleUrl><Point><altitudeMode>clampToGround</altitudeMode><coordinates>7.261292254552245,45.413032863289118,2355.3699999999999</coordinates></Point></Placemark><Placemark><TimeSpan><begin>2019-09-28T10:44:12Z</begin><end>2019-09-28T10:44:27Z</end></TimeSpan><styleUrl>#point</styleUrl><Point><altitudeMode>clampToGround</altitudeMode><coordinates>7.261193096637726,45.413119029253721,2354.4099999999999</coordinates></Point></Placemark><Placemark><TimeSpan><begin>2019-09-28T10:44:27Z</begin><end>2019-09-28T10:44:39Z</end></TimeSpan><styleUrl>#point</styleUrl><Point><altitudeMode>clampToGround</altitudeMode><coordinates>7.261182786896825,45.413200249895453,2352.96</coordinates></Point></Placemark><Placemark><TimeSpan><begin>2019-09-28T10:44:39Z</begin><end>2019-09-28T10:44:53Z</end></TimeSpan><styleUrl>#point</styleUrl><Point><altitudeMode>clampToGround</altitudeMode><coordinates>7.261052867397666,45.41321424767375,2351.04</coordinates></Point></Placemark><Placemark><TimeSpan><begin>2019-09-28T10:44:53Z</begin><end>2019-09-28T10:45:09Z</end></TimeSpan><styleUrl>#point</styleUrl><Point><altitudeMode>clampToGround</altitudeMode><coordinates>7.260934012010694,45.413244925439358,2348.1599999999999</coordinates></Point></Placemark><Placemark><TimeSpan><begin>2019-09-28T10:45:09Z</begin><end>2019-09-28T10:45:20Z</end></TimeSpan><styleUrl>#point</styleUrl><Point><altitudeMode>clampToGround</altitudeMode><coordinates>7.260869303718209,45.413300581276417,2346.7199999999998</coordinates></Point></Placemark><Placemark><TimeSpan><begin>2019-09-28T10:45:20Z</begin><end>2019-09-28T10:45:32Z</end></TimeSpan><styleUrl>#point</styleUrl><Point><altitudeMode>clampToGround</altitudeMode><coordinates>7.2607696428895,45.413352800533175,2344.3099999999999</coordinates></Point></Placemark><Placemark><TimeSpan><begin>2019-09-28T10:45:32Z</begin><end>2019-09-28T10:45:47Z</end></TimeSpan><styleUrl>#point</styleUrl><Point><altitudeMode>clampToGround</altitudeMode><coordinates>7.260634442791343,45.413394123315811,2342.3899999999999</coordinates></Point></Placemark><Placemark><TimeSpan><begin>2019-09-28T10:45:47Z</begin><end>2019-09-28T10:45:48Z</end></TimeSpan><styleUrl>#point</styleUrl><Point><altitudeMode>clampToGround</altitudeMode><coordinates>7.260624971240759,45.41339848190546,2341.4299999999998</coordinates></Point></Placemark><Placemark><TimeSpan><begin>2019-09-28T10:45:48Z</begin><end>2019-09-28T10:46:01Z</end></TimeSpan><styleUrl>#point</styleUrl><Point><altitudeMode>clampToGround</altitudeMode><coordinates>7.260542074218392,45.413437960669398,2340.4699999999998</coordinates></Point></Placemark><Placemark><TimeSpan><begin>2019-09-28T10:46:01Z</begin><end>2019-09-28T10:46:14Z</end></TimeSpan><styleUrl>#point</styleUrl><Point><altitudeMode>clampToGround</altitudeMode><coordinates>7.260456411167979,45.413465369492769,2338.0599999999999</coordinates></Point></Placemark><Placemark><TimeSpan><begin>2019-09-28T10:46:14Z</begin><end>2019-09-28T10:46:26Z</end></TimeSpan><styleUrl>#point</styleUrl><Point><altitudeMode>clampToGround</altitudeMode><coordinates>7.260404443368316,45.413519600406289,2336.6199999999999</coordinates></Point></Placemark><Placemark><TimeSpan><begin>2019-09-28T10:46:26Z</begin><end>2019-09-28T10:46:40Z</end></TimeSpan><styleUrl>#point</styleUrl><Point><altitudeMode>clampToGround</altitudeMode><coordinates>7.260332359001041,45.413561845198274,2334.2199999999998</coordinates></Point></Placemark><Placemark><TimeSpan><begin>2019-09-28T10:46:40Z</begin><end>2019-09-28T10:46:48Z</end></TimeSpan><styleUrl>#point</styleUrl><Point><altitudeMode>clampToGround</altitudeMode><coordinates>7.260278966277838,45.413580117747188,2333.2600000000002</coordinates></Point></Placemark><Placemark><TimeSpan><begin>2019-09-28T10:46:48Z</begin><end>2019-09-28T10:47:00Z</end></TimeSpan><styleUrl>#point</styleUrl><Point><altitudeMode>clampToGround</altitudeMode><coordinates>7.260130606591702,45.413615489378572,2331.3299999999999</coordinates></Point></Placemark><Placemark><TimeSpan><begin>2019-09-28T10:47:00Z</begin><end>2019-09-28T10:47:14Z</end></TimeSpan><styleUrl>#point</styleUrl><Point><altitudeMode>clampToGround</altitudeMode><coordinates>7.260011583566666,45.41365253739059,2329.8899999999999</coordinates></Point></Placemark><Placemark><TimeSpan><begin>2019-09-28T10:47:14Z</begin><end>2019-09-28T10:47:15Z</end></TimeSpan><styleUrl>#point</styleUrl><Point><altitudeMode>clampToGround</altitudeMode><coordinates>7.259999513626099,45.413655303418636,2329.4099999999999</coordinates></Point></Placemark><Placemark><TimeSpan><begin>2019-09-28T10:47:15Z</begin><end>2019-09-28T10:47:30Z</end></TimeSpan><styleUrl>#point</styleUrl><Point><altitudeMode>clampToGround</altitudeMode><coordinates>7.259877137839794,45.413770051673055,2326.5300000000002</coordinates></Point></Placemark><Placemark><TimeSpan><begin>2019-09-28T10:47:30Z</begin><end>2019-09-28T10:47:42Z</end></TimeSpan><styleUrl>#point</styleUrl><Point><altitudeMode>clampToGround</altitudeMode><coordinates>7.259834976866841,45.413817912340164,2325.5700000000002</coordinates></Point></Placemark><Placemark><TimeSpan><begin>2019-09-28T10:47:42Z</begin><end>2019-09-28T10:48:01Z</end></TimeSpan><styleUrl>#point</styleUrl><Point><altitudeMode>clampToGround</altitudeMode><coordinates>7.259828103706241,45.41381036862731,2325.5700000000002</coordinates></Point></Placemark><Placemark><TimeSpan><begin>2019-09-28T10:48:01Z</begin><end>2019-09-28T10:48:32Z</end></TimeSpan><styleUrl>#point</styleUrl><Point><altitudeMode>clampToGround</altitudeMode><coordinates>7.259828187525272,45.413822522386909,2325.5700000000002</coordinates></Point></Placemark><Placemark><TimeSpan><begin>2019-09-28T10:48:32Z</begin><end>2019-09-28T10:49:02Z</end></TimeSpan><styleUrl>#point</styleUrl><Point><altitudeMode>clampToGround</altitudeMode><coordinates>7.259838245809078,45.413801902905107,2325.5700000000002</coordinates></Point></Placemark><Placemark><TimeSpan><begin>2019-09-28T10:49:02Z</begin><end>2019-09-28T10:49:17Z</end></TimeSpan><styleUrl>#point</styleUrl><Point><altitudeMode>clampToGround</altitudeMode><coordinates>7.259799353778362,45.413846578449011,2325.5700000000002</coordinates></Point></Placemark><Placemark><TimeSpan><begin>2019-09-28T10:49:17Z</begin><end>2019-09-28T10:49:31Z</end></TimeSpan><styleUrl>#point</styleUrl><Point><altitudeMode>clampToGround</altitudeMode><coordinates>7.259805975481868,45.413855295628309,2325.5700000000002</coordinates></Point></Placemark><Placemark><TimeSpan><begin>2019-09-28T10:49:31Z</begin><end>2019-09-28T10:50:09Z</end></TimeSpan><styleUrl>#point</styleUrl><Point><altitudeMode>clampToGround</altitudeMode><coordinates>7.259807232767344,45.413846829906106,2325.5700000000002</coordinates></Point></Placemark><Placemark><TimeSpan><begin>2019-09-28T10:50:09Z</begin><end>2019-09-28T10:50:22Z</end></TimeSpan><styleUrl>#point</styleUrl><Point><altitudeMode>clampToGround</altitudeMode><coordinates>7.25972006097436,45.413895612582564,2325.0900000000001</coordinates></Point></Placemark><Placemark><TimeSpan><begin>2019-09-28T10:50:22Z</begin><end>2019-09-28T10:50:36Z</end></TimeSpan><styleUrl>#point</styleUrl><Point><altitudeMode>clampToGround</altitudeMode><coordinates>7.259677480906248,45.413909275084734,2323.6399999999999</coordinates></Point></Placemark><Placemark><TimeSpan><begin>2019-09-28T10:50:36Z</begin><end>2019-09-28T10:51:03Z</end></TimeSpan><styleUrl>#point</styleUrl><Point><altitudeMode>clampToGround</altitudeMode><coordinates>7.259715618565679,45.413916651159525,2323.6399999999999</coordinates></Point></Placemark><Placemark><TimeSpan><begin>2019-09-28T10:51:03Z</begin><end>2019-09-28T10:51:07Z</end></TimeSpan><styleUrl>#point</styleUrl><Point><altitudeMode>clampToGround</altitudeMode><coordinates>7.259706817567349,45.413913801312447,2323.6399999999999</coordinates></Point></Placemark><Placemark><TimeSpan><begin>2019-09-28T10:51:07Z</begin><end>2019-09-28T10:51:19Z</end></TimeSpan><styleUrl>#point</styleUrl><Point><altitudeMode>clampToGround</altitudeMode><coordinates>7.259636241942644,45.413950849324465,2322.1999999999998</coordinates></Point></Placemark><Placemark><TimeSpan><begin>2019-09-28T10:51:19Z</begin><end>2019-09-28T10:51:34Z</end></TimeSpan><styleUrl>#point</styleUrl><Point><altitudeMode>clampToGround</altitudeMode><coordinates>7.259563403204083,45.413976917043328,2320.7600000000002</coordinates></Point></Placemark><Placemark><TimeSpan><begin>2019-09-28T10:51:34Z</begin><end>2019-09-28T10:51:46Z</end></TimeSpan><styleUrl>#point</styleUrl><Point><altitudeMode>clampToGround</altitudeMode><coordinates>7.259484361857176,45.414035003632307,2318.3600000000001</coordinates></Point></Placemark><Placemark><TimeSpan><begin>2019-09-28T10:51:46Z</begin><end>2019-09-28T10:51:57Z</end></TimeSpan><styleUrl>#point</styleUrl><Point><altitudeMode>clampToGround</altitudeMode><coordinates>7.259451001882553,45.414115134626627,2316.4299999999998</coordinates></Point></Placemark><Placemark><TimeSpan><begin>2019-09-28T10:51:57Z</begin><end>2019-09-28T10:52:08Z</end></TimeSpan><styleUrl>#point</styleUrl><Point><altitudeMode>clampToGround</altitudeMode><coordinates>7.259427448734641,45.414156289771199,2314.9899999999998</coordinates></Point></Placemark><Placemark><TimeSpan><begin>2019-09-28T10:52:08Z</begin><end>2019-09-28T10:52:16Z</end></TimeSpan><styleUrl>#point</styleUrl><Point><altitudeMode>clampToGround</altitudeMode><coordinates>7.259361986070871,45.414200713858008,2313.0700000000002</coordinates></Point></Placemark><Placemark><TimeSpan><begin>2019-09-28T10:52:16Z</begin><end>2019-09-28T10:52:25Z</end></TimeSpan><styleUrl>#point</styleUrl><Point><altitudeMode>clampToGround</altitudeMode><coordinates>7.259288728237152,45.414223512634635,2311.1500000000001</coordinates></Point></Placemark><Placemark><TimeSpan><begin>2019-09-28T10:52:25Z</begin><end>2019-09-28T10:52:35Z</end></TimeSpan><styleUrl>#point</styleUrl><Point><altitudeMode>clampToGround</altitudeMode><coordinates>7.25931110791862,45.414292328059673,2309.2199999999998</coordinates></Point></Placemark><Placemark><TimeSpan><begin>2019-09-28T10:52:35Z</begin><end>2019-09-28T10:52:47Z</end></TimeSpan><styleUrl>#point</styleUrl><Point><altitudeMode>clampToGround</altitudeMode><coordinates>7.25925587117672,45.414359970018268,2307.3000000000002</coordinates></Point></Placemark><Placemark><TimeSpan><begin>2019-09-28T10:52:47Z</begin><end>2019-09-28T10:53:00Z</end></TimeSpan><styleUrl>#point</styleUrl><Point><altitudeMode>clampToGround</altitudeMode><coordinates>7.259138440713286,45.414355024695396,2304.4200000000001</coordinates></Point></Placemark><Placemark><TimeSpan><begin>2019-09-28T10:53:00Z</begin><end>2019-09-28T10:53:11Z</end></TimeSpan><styleUrl>#point</styleUrl><Point><altitudeMode>clampToGround</altitudeMode><coordinates>7.259104242548347,45.414356114342809,2302.4899999999998</coordinates></Point></Placemark><Placemark><TimeSpan><begin>2019-09-28T10:53:11Z</begin><end>2019-09-28T10:53:22Z</end></TimeSpan><styleUrl>#point</styleUrl><Point><altitudeMode>clampToGround</altitudeMode><coordinates>7.259055878967047,45.414369106292725,2300.5700000000002</coordinates></Point></Placemark><Placemark><TimeSpan><begin>2019-09-28T10:53:22Z</begin><end>2019-09-28T10:53:36Z</end></TimeSpan><styleUrl>#point</styleUrl><Point><altitudeMode>clampToGround</altitudeMode><coordinates>7.259017070755363,45.4143928270787,2298.6500000000001</coordinates></Point></Placemark><Placemark><TimeSpan><begin>2019-09-28T10:53:36Z</begin><end>2019-09-28T10:53:48Z</end></TimeSpan><styleUrl>#point</styleUrl><Point><altitudeMode>clampToGround</altitudeMode><coordinates>7.259045066311956,45.414474047720432,2296.73</coordinates></Point></Placemark><Placemark><TimeSpan><begin>2019-09-28T10:53:48Z</begin><end>2019-09-28T10:53:53Z</end></TimeSpan><styleUrl>#point</styleUrl><Point><altitudeMode>clampToGround</altitudeMode><coordinates>7.259050011634827,45.41450715623796,2296.25</coordinates></Point></Placemark><Placemark><TimeSpan><begin>2019-09-28T10:53:53Z</begin><end>2019-09-28T10:54:01Z</end></TimeSpan><styleUrl>#point</styleUrl><Point><altitudeMode>clampToGround</altitudeMode><coordinates>7.259058728814125,45.414576726034284,2294.3200000000002</coordinates></Point></Placemark><Placemark><TimeSpan><begin>2019-09-28T10:54:01Z</begin><end>2019-09-28T10:54:15Z</end></TimeSpan><styleUrl>#point</styleUrl><Point><altitudeMode>clampToGround</altitudeMode><coordinates>7.259146152064204,45.414708741009235,2292.4000000000001</coordinates></Point></Placemark><Placemark><TimeSpan><begin>2019-09-28T10:54:15Z</begin><end>2019-09-28T10:54:31Z</end></TimeSpan><styleUrl>#point</styleUrl><Point><altitudeMode>clampToGround</altitudeMode><coordinates>7.259182948619127,45.414755931124091,2291.4400000000001</coordinates></Point></Placemark><Placemark><TimeSpan><begin>2019-09-28T10:54:31Z</begin><end>2019-09-28T10:54:36Z</end></TimeSpan><styleUrl>#point</styleUrl><Point><altitudeMode>clampToGround</altitudeMode><coordinates>7.259217817336321,45.414789961650968,2290.96</coordinates></Point></Placemark><Placemark><TimeSpan><begin>2019-09-28T10:54:36Z</begin><end>2019-09-28T10:54:50Z</end></TimeSpan><styleUrl>#point</styleUrl><Point><altitudeMode>clampToGround</altitudeMode><coordinates>7.259306497871876,45.414869673550129,2288.0799999999999</coordinates></Point></Placemark><Placemark><TimeSpan><begin>2019-09-28T10:54:50Z</begin><end>2019-09-28T10:55:04Z</end></TimeSpan><styleUrl>#point</styleUrl><Point><altitudeMode>clampToGround</altitudeMode><coordinates>7.259450415149331,45.414929101243615,2286.6300000000001</coordinates></Point></Placemark><Placemark><TimeSpan><begin>2019-09-28T10:55:04Z</begin><end>2019-09-28T10:55:13Z</end></TimeSpan><styleUrl>#point</styleUrl><Point><altitudeMode>clampToGround</altitudeMode><coordinates>7.259458797052503,45.414982410147786,2284.71</coordinates></Point></Placemark><Placemark><TimeSpan><begin>2019-09-28T10:55:13Z</begin><end>2019-09-28T10:55:25Z</end></TimeSpan><styleUrl>#point</styleUrl><Point><altitudeMode>clampToGround</altitudeMode><coordinates>7.25933943875134,45.415026834234595,2283.27</coordinates></Point></Placemark><Placemark><TimeSpan><begin>2019-09-28T10:55:25Z</begin><end>2019-09-28T10:55:36Z</end></TimeSpan><styleUrl>#point</styleUrl><Point><altitudeMode>clampToGround</altitudeMode><coordinates>7.25923684425652,45.415040161460638,2281.8299999999999</coordinates></Point></Placemark><Placemark><TimeSpan><begin>2019-09-28T10:55:36Z</begin><end>2019-09-28T10:55:37Z</end></TimeSpan><styleUrl>#point</styleUrl><Point><altitudeMode>clampToGround</altitudeMode><coordinates>7.259227456524968,45.415036976337433,2281.3499999999999</coordinates></Point></Placemark><Placemark><TimeSpan><begin>2019-09-28T10:55:37Z</begin><end>2019-09-28T10:55:53Z</end></TimeSpan><styleUrl>#point</styleUrl><Point><altitudeMode>clampToGround</altitudeMode><coordinates>7.259048251435161,45.41503488086164,2279.4200000000001</coordinates></Point></Placemark><Placemark><TimeSpan><begin>2019-09-28T10:55:53Z</begin><end>2019-09-28T10:55:56Z</end></TimeSpan><styleUrl>#point</styleUrl><Point><altitudeMode>clampToGround</altitudeMode><coordinates>7.259045820683241,45.415023900568485,2279.4200000000001</coordinates></Point></Placemark><Placemark><TimeSpan><begin>2019-09-28T10:55:56Z</begin><end>2019-09-28T10:56:10Z</end></TimeSpan><styleUrl>#point</styleUrl><Point><altitudeMode>clampToGround</altitudeMode><coordinates>7.258965605869889,45.415011830627918,2276.54</coordinates></Point></Placemark><Placemark><TimeSpan><begin>2019-09-28T10:56:10Z</begin><end>2019-09-28T10:56:12Z</end></TimeSpan><styleUrl>#point</styleUrl><Point><altitudeMode>clampToGround</altitudeMode><coordinates>7.258936017751694,45.415010992437601,2275.5799999999999</coordinates></Point></Placemark><Placemark><TimeSpan><begin>2019-09-28T10:56:12Z</begin><end>2019-09-28T10:56:14Z</end></TimeSpan><styleUrl>#point</styleUrl><Point><altitudeMode>clampToGround</altitudeMode><coordinates>7.258905759081245,45.415004454553127,2274.6199999999999</coordinates></Point></Placemark><Placemark><TimeSpan><begin>2019-09-28T10:56:14Z</begin><end>2019-09-28T10:56:26Z</end></TimeSpan><styleUrl>#point</styleUrl><Point><altitudeMode>clampToGround</altitudeMode><coordinates>7.25871498696506,45.414945362135768,2273.1700000000001</coordinates></Point></Placemark><Placemark><TimeSpan><begin>2019-09-28T10:56:26Z</begin><end>2019-09-28T10:56:43Z</end></TimeSpan><styleUrl>#point</styleUrl><Point><altitudeMode>clampToGround</altitudeMode><coordinates>7.258462524041534,45.414895657449961,2271.73</coordinates></Point></Placemark><Placemark><TimeSpan><begin>2019-09-28T10:56:43Z</begin><end>2019-09-28T10:56:51Z</end></TimeSpan><styleUrl>#point</styleUrl><Point><altitudeMode>clampToGround</altitudeMode><coordinates>7.258472666144371,45.414867410436273,2270.77</coordinates></Point></Placemark><Placemark><TimeSpan><begin>2019-09-28T10:56:51Z</begin><end>2019-09-28T10:56:57Z</end></TimeSpan><styleUrl>#point</styleUrl><Point><altitudeMode>clampToGround</altitudeMode><coordinates>7.258509462699294,45.414829356595874,2269.3299999999999</coordinates></Point></Placemark><Placemark><TimeSpan><begin>2019-09-28T10:56:57Z</begin><end>2019-09-28T10:57:10Z</end></TimeSpan><styleUrl>#point</styleUrl><Point><altitudeMode>clampToGround</altitudeMode><coordinates>7.258586240932345,45.414772862568498,2267.4099999999999</coordinates></Point></Placemark><Placemark><TimeSpan><begin>2019-09-28T10:57:10Z</begin><end>2019-09-28T10:57:22Z</end></TimeSpan><styleUrl>#point</styleUrl><Point><altitudeMode>clampToGround</altitudeMode><coordinates>7.258490938693285,45.414768671616912,2265.48</coordinates></Point></Placemark><Placemark><TimeSpan><begin>2019-09-28T10:57:22Z</begin><end>2019-09-28T10:57:29Z</end></TimeSpan><styleUrl>#point</styleUrl><Point><altitudeMode>clampToGround</altitudeMode><coordinates>7.258459087461233,45.414756517857313,2264.52</coordinates></Point></Placemark><Placemark><TimeSpan><begin>2019-09-28T10:57:29Z</begin><end>2019-09-28T10:57:42Z</end></TimeSpan><styleUrl>#point</styleUrl><Point><altitudeMode>clampToGround</altitudeMode><coordinates>7.25836118683219,45.414757272228599,2262.1199999999999</coordinates></Point></Placemark><Placemark><TimeSpan><begin>2019-09-28T10:57:42Z</begin><end>2019-09-28T10:57:53Z</end></TimeSpan><styleUrl>#point</styleUrl><Point><altitudeMode>clampToGround</altitudeMode><coordinates>7.258356073871255,45.414729109033942,2260.1999999999998</coordinates></Point></Placemark><Placemark><TimeSpan><begin>2019-09-28T10:57:53Z</begin><end>2019-09-28T10:58:04Z</end></TimeSpan><styleUrl>#point</styleUrl><Point><altitudeMode>clampToGround</altitudeMode><coordinates>7.258266303688288,45.414709998294711,2257.3099999999999</coordinates></Point></Placemark><Placemark><TimeSpan><begin>2019-09-28T10:58:04Z</begin><end>2019-09-28T10:58:10Z</end></TimeSpan><styleUrl>#point</styleUrl><Point><altitudeMode>clampToGround</altitudeMode><coordinates>7.258207881823182,45.414720308035612,2256.3499999999999</coordinates></Point></Placemark><Placemark><TimeSpan><begin>2019-09-28T10:58:10Z</begin><end>2019-09-28T10:58:23Z</end></TimeSpan><styleUrl>#point</styleUrl><Point><altitudeMode>clampToGround</altitudeMode><coordinates>7.258100342005491,45.414726929739118,2253.9499999999998</coordinates></Point></Placemark><Placemark><TimeSpan><begin>2019-09-28T10:58:23Z</begin><end>2019-09-28T10:58:36Z</end></TimeSpan><styleUrl>#point</styleUrl><Point><altitudeMode>clampToGround</altitudeMode><coordinates>7.258116602897644,45.414688624441624,2252.0300000000002</coordinates></Point></Placemark><Placemark><TimeSpan><begin>2019-09-28T10:58:36Z</begin><end>2019-09-28T10:58:49Z</end></TimeSpan><styleUrl>#point</styleUrl><Point><altitudeMode>clampToGround</altitudeMode><coordinates>7.258084751665592,45.414650738239288,2249.1399999999999</coordinates></Point></Placemark><Placemark><TimeSpan><begin>2019-09-28T10:58:49Z</begin><end>2019-09-28T10:59:02Z</end></TimeSpan><styleUrl>#point</styleUrl><Point><altitudeMode>clampToGround</altitudeMode><coordinates>7.257982073351741,45.414694407954812,2247.2199999999998</coordinates></Point></Placemark><Placemark><TimeSpan><begin>2019-09-28T10:59:02Z</begin><end>2019-09-28T10:59:13Z</end></TimeSpan><styleUrl>#point</styleUrl><Point><altitudeMode>clampToGround</altitudeMode><coordinates>7.257910994812846,45.414695078507066,2245.3000000000002</coordinates></Point></Placemark><Placemark><TimeSpan><begin>2019-09-28T10:59:13Z</begin><end>2019-09-28T10:59:24Z</end></TimeSpan><styleUrl>#point</styleUrl><Point><altitudeMode>clampToGround</altitudeMode><coordinates>7.257822901010513,45.414690552279353,2243.3699999999999</coordinates></Point></Placemark><Placemark><TimeSpan><begin>2019-09-28T10:59:24Z</begin><end>2019-09-28T10:59:36Z</end></TimeSpan><styleUrl>#point</styleUrl><Point><altitudeMode>clampToGround</altitudeMode><coordinates>7.25770597346127,45.414677392691374,2240.9699999999998</coordinates></Point></Placemark><Placemark><TimeSpan><begin>2019-09-28T10:59:36Z</begin><end>2019-09-28T10:59:51Z</end></TimeSpan><styleUrl>#point</styleUrl><Point><altitudeMode>clampToGround</altitudeMode><coordinates>7.257664985954762,45.414685774594545,2240.0100000000002</coordinates></Point></Placemark><Placemark><TimeSpan><begin>2019-09-28T10:59:51Z</begin><end>2019-09-28T11:00:16Z</end></TimeSpan><styleUrl>#point</styleUrl><Point><altitudeMode>clampToGround</altitudeMode><coordinates>7.25765023380518,45.414709830656648,2239.5300000000002</coordinates></Point></Placemark><Placemark><TimeSpan><begin>2019-09-28T11:00:16Z</begin><end>2019-09-28T11:00:28Z</end></TimeSpan><styleUrl>#point</styleUrl><Point><altitudeMode>clampToGround</altitudeMode><coordinates>7.25768594071269,45.414718296378851,2240.4899999999998</coordinates></Point></Placemark><Placemark><TimeSpan><begin>2019-09-28T11:00:28Z</begin><end>2019-09-28T11:00:35Z</end></TimeSpan><styleUrl>#point</styleUrl><Point><altitudeMode>clampToGround</altitudeMode><coordinates>7.257603965699673,45.414731120690703,2239.0500000000002</coordinates></Point></Placemark><Placemark><TimeSpan><begin>2019-09-28T11:00:35Z</begin><end>2019-09-28T11:00:48Z</end></TimeSpan><styleUrl>#point</styleUrl><Point><altitudeMode>clampToGround</altitudeMode><coordinates>7.257450660690665,45.414737910032272,2237.1300000000001</coordinates></Point></Placemark><Placemark><TimeSpan><begin>2019-09-28T11:00:48Z</begin><end>2019-09-28T11:01:00Z</end></TimeSpan><styleUrl>#point</styleUrl><Point><altitudeMode>clampToGround</altitudeMode><coordinates>7.257347730919719,45.414766492322087,2234.7199999999998</coordinates></Point></Placemark><Placemark><TimeSpan><begin>2019-09-28T11:01:00Z</begin><end>2019-09-28T11:01:03Z</end></TimeSpan><styleUrl>#point</styleUrl><Point><altitudeMode>clampToGround</altitudeMode><coordinates>7.257318394258618,45.414752746000886,2234.2399999999998</coordinates></Point></Placemark><Placemark><TimeSpan><begin>2019-09-28T11:01:03Z</begin><end>2019-09-28T11:01:11Z</end></TimeSpan><styleUrl>#point</styleUrl><Point><altitudeMode>clampToGround</altitudeMode><coordinates>7.257218398153782,45.414726678282022,2232.8000000000002</coordinates></Point></Placemark><Placemark><TimeSpan><begin>2019-09-28T11:01:11Z</begin><end>2019-09-28T11:01:25Z</end></TimeSpan><styleUrl>#point</styleUrl><Point><altitudeMode>clampToGround</altitudeMode><coordinates>7.257023518905044,45.414704298600554,2231.3600000000001</coordinates></Point></Placemark><Placemark><TimeSpan><begin>2019-09-28T11:01:25Z</begin><end>2019-09-28T11:01:38Z</end></TimeSpan><styleUrl>#point</styleUrl><Point><altitudeMode>clampToGround</altitudeMode><coordinates>7.256902065128088,45.414734557271004,2228.4699999999998</coordinates></Point></Placemark><Placemark><TimeSpan><begin>2019-09-28T11:01:38Z</begin><end>2019-09-28T11:01:49Z</end></TimeSpan><styleUrl>#point</styleUrl><Point><altitudeMode>clampToGround</altitudeMode><coordinates>7.256949506700039,45.414793733507395,2226.5500000000002</coordinates></Point></Placemark><Placemark><TimeSpan><begin>2019-09-28T11:01:49Z</begin><end>2019-09-28T11:02:01Z</end></TimeSpan><styleUrl>#point</styleUrl><Point><altitudeMode>clampToGround</altitudeMode><coordinates>7.256857138127089,45.414820136502385,2224.1500000000001</coordinates></Point></Placemark><Placemark><TimeSpan><begin>2019-09-28T11:02:01Z</begin><end>2019-09-28T11:02:13Z</end></TimeSpan><styleUrl>#point</styleUrl><Point><altitudeMode>clampToGround</altitudeMode><coordinates>7.256735013797879,45.41481058113277,2222.2199999999998</coordinates></Point></Placemark><Placemark><TimeSpan><begin>2019-09-28T11:02:13Z</begin><end>2019-09-28T11:02:14Z</end></TimeSpan><styleUrl>#point</styleUrl><Point><altitudeMode>clampToGround</altitudeMode><coordinates>7.256720177829266,45.414814101532102,2221.7399999999998</coordinates></Point></Placemark><Placemark><TimeSpan><begin>2019-09-28T11:02:14Z</begin><end>2019-09-28T11:02:28Z</end></TimeSpan><styleUrl>#point</styleUrl><Point><altitudeMode>clampToGround</altitudeMode><coordinates>7.256527896970511,45.414829440414906,2218.8600000000001</coordinates></Point></Placemark><Placemark><TimeSpan><begin>2019-09-28T11:02:28Z</begin><end>2019-09-28T11:02:42Z</end></TimeSpan><styleUrl>#point</styleUrl><Point><altitudeMode>clampToGround</altitudeMode><coordinates>7.256389930844307,45.414852323010564,2216.46</coordinates></Point></Placemark><Placemark><TimeSpan><begin>2019-09-28T11:02:42Z</begin><end>2019-09-28T11:02:49Z</end></TimeSpan><styleUrl>#point</styleUrl><Point><altitudeMode>clampToGround</altitudeMode><coordinates>7.256310302764177,45.414848634973168,2215.0100000000002</coordinates></Point></Placemark><Placemark><TimeSpan><begin>2019-09-28T11:02:49Z</begin><end>2019-09-28T11:03:01Z</end></TimeSpan><styleUrl>#point</styleUrl><Point><altitudeMode>clampToGround</altitudeMode><coordinates>7.256217850372195,45.414881575852633,2212.1300000000001</coordinates></Point></Placemark><Placemark><TimeSpan><begin>2019-09-28T11:03:01Z</begin><end>2019-09-28T11:03:15Z</end></TimeSpan><styleUrl>#point</styleUrl><Point><altitudeMode>clampToGround</altitudeMode><coordinates>7.256208043545485,45.414945362135768,2209.73</coordinates></Point></Placemark><Placemark><TimeSpan><begin>2019-09-28T11:03:15Z</begin><end>2019-09-28T11:03:16Z</end></TimeSpan><styleUrl>#point</styleUrl><Point><altitudeMode>clampToGround</altitudeMode><coordinates>7.256196895614266,45.414953576400876,2208.77</coordinates></Point></Placemark><Placemark><TimeSpan><begin>2019-09-28T11:03:16Z</begin><end>2019-09-28T11:03:30Z</end></TimeSpan><styleUrl>#point</styleUrl><Point><altitudeMode>clampToGround</altitudeMode><coordinates>7.256046188995242,45.415013758465648,2205.4000000000001</coordinates></Point></Placemark><Placemark><TimeSpan><begin>2019-09-28T11:03:30Z</begin><end>2019-09-28T11:03:44Z</end></TimeSpan><styleUrl>#point</styleUrl><Point><altitudeMode>clampToGround</altitudeMode><coordinates>7.255902606993914,45.415043933317065,2203</coordinates></Point></Placemark><Placemark><TimeSpan><begin>2019-09-28T11:03:44Z</begin><end>2019-09-28T11:03:50Z</end></TimeSpan><styleUrl>#point</styleUrl><Point><altitudeMode>clampToGround</altitudeMode><coordinates>7.255846364423633,45.415050303563476,2201.5599999999999</coordinates></Point></Placemark><Placemark><TimeSpan><begin>2019-09-28T11:03:50Z</begin><end>2019-09-28T11:03:54Z</end></TimeSpan><styleUrl>#point</styleUrl><Point><altitudeMode>clampToGround</altitudeMode><coordinates>7.255808729678392,45.415065139532089,2201.0799999999999</coordinates></Point></Placemark><Placemark><TimeSpan><begin>2019-09-28T11:03:54Z</begin><end>2019-09-28T11:03:58Z</end></TimeSpan><styleUrl>#point</styleUrl><Point><altitudeMode>clampToGround</altitudeMode><coordinates>7.255754079669714,45.415065977722406,2200.5900000000001</coordinates></Point></Placemark><Placemark><TimeSpan><begin>2019-09-28T11:03:58Z</begin><end>2019-09-28T11:04:00Z</end></TimeSpan><styleUrl>#point</styleUrl><Point><altitudeMode>clampToGround</altitudeMode><coordinates>7.25573044270277,45.41507788002491,2200.5900000000001</coordinates></Point></Placemark><Placemark><TimeSpan><begin>2019-09-28T11:04:00Z</begin><end>2019-09-28T11:04:16Z</end></TimeSpan><styleUrl>#point</styleUrl><Point><altitudeMode>clampToGround</altitudeMode><coordinates>7.255478398874402,45.415125237777829,2197.71</coordinates></Point></Placemark><Placemark><TimeSpan><begin>2019-09-28T11:04:16Z</begin><end>2019-09-28T11:04:17Z</end></TimeSpan><styleUrl>#point</styleUrl><Point><altitudeMode>clampToGround</altitudeMode><coordinates>7.255465323105454,45.415128339082003,2197.71</coordinates></Point></Placemark><Placemark><TimeSpan><begin>2019-09-28T11:04:17Z</begin><end>2019-09-28T11:04:30Z</end></TimeSpan><styleUrl>#point</styleUrl><Point><altitudeMode>clampToGround</altitudeMode><coordinates>7.255327524617314,45.415167817845941,2196.27</coordinates></Point></Placemark><Placemark><TimeSpan><begin>2019-09-28T11:04:30Z</begin><end>2019-09-28T11:04:31Z</end></TimeSpan><styleUrl>#point</styleUrl><Point><altitudeMode>clampToGround</altitudeMode><coordinates>7.255326267331839,45.415169829502702,2196.27</coordinates></Point></Placemark><Placemark><TimeSpan><begin>2019-09-28T11:04:31Z</begin><end>2019-09-28T11:04:33Z</end></TimeSpan><styleUrl>#point</styleUrl><Point><altitudeMode>clampToGround</altitudeMode><coordinates>7.255305983126164,45.415177037939429,2195.79</coordinates></Point></Placemark><Placemark><TimeSpan><begin>2019-09-28T11:04:33Z</begin><end>2019-09-28T11:04:44Z</end></TimeSpan><styleUrl>#point</styleUrl><Point><altitudeMode>clampToGround</altitudeMode><coordinates>7.255141027271748,45.415225401520729,2194.8299999999999</coordinates></Point></Placemark><Placemark><TimeSpan><begin>2019-09-28T11:04:44Z</begin><end>2019-09-28T11:04:57Z</end></TimeSpan><styleUrl>#point</styleUrl><Point><altitudeMode>clampToGround</altitudeMode><coordinates>7.254927037283778,45.415277536958456,2193.8699999999999</coordinates></Point></Placemark><Placemark><TimeSpan><begin>2019-09-28T11:04:57Z</begin><end>2019-09-28T11:05:09Z</end></TimeSpan><styleUrl>#point</styleUrl><Point><altitudeMode>clampToGround</altitudeMode><coordinates>7.254806170240045,45.415286170318723,2192.9000000000001</coordinates></Point></Placemark><Placemark><TimeSpan><begin>2019-09-28T11:05:09Z</begin><end>2019-09-28T11:05:11Z</end></TimeSpan><styleUrl>#point</styleUrl><Point><altitudeMode>clampToGround</altitudeMode><coordinates>7.25477272644639,45.415287595242262,2192.9000000000001</coordinates></Point></Placemark><Placemark><TimeSpan><begin>2019-09-28T11:05:11Z</begin><end>2019-09-28T11:05:15Z</end></TimeSpan><styleUrl>#point</styleUrl><Point><altitudeMode>clampToGround</altitudeMode><coordinates>7.254712963476777,45.415278626605868,2192.4200000000001</coordinates></Point></Placemark><Placemark><TimeSpan><begin>2019-09-28T11:05:15Z</begin><end>2019-09-28T11:05:19Z</end></TimeSpan><styleUrl>#point</styleUrl><Point><altitudeMode>clampToGround</altitudeMode><coordinates>7.254654290154576,45.415258090943098,2192.4200000000001</coordinates></Point></Placemark><Placemark><TimeSpan><begin>2019-09-28T11:05:19Z</begin><end>2019-09-28T11:05:22Z</end></TimeSpan><styleUrl>#point</styleUrl><Point><altitudeMode>clampToGround</altitudeMode><coordinates>7.254600143060088,45.415252642706037,2191.9400000000001</coordinates></Point></Placemark><Placemark><TimeSpan><begin>2019-09-28T11:05:22Z</begin><end>2019-09-28T11:05:26Z</end></TimeSpan><styleUrl>#point</styleUrl><Point><altitudeMode>clampToGround</altitudeMode><coordinates>7.254532584920526,45.415249541401863,2191.46</coordinates></Point></Placemark><Placemark><TimeSpan><begin>2019-09-28T11:05:26Z</begin><end>2019-09-28T11:05:42Z</end></TimeSpan><styleUrl>#point</styleUrl><Point><altitudeMode>clampToGround</altitudeMode><coordinates>7.254269057884812,45.415309807285666,2189.54</coordinates></Point></Placemark><Placemark><TimeSpan><begin>2019-09-28T11:05:42Z</begin><end>2019-09-28T11:05:59Z</end></TimeSpan><styleUrl>#point</styleUrl><Point><altitudeMode>clampToGround</altitudeMode><coordinates>7.253999914973974,45.415331097319722,2187.1399999999999</coordinates></Point></Placemark><Placemark><TimeSpan><begin>2019-09-28T11:05:59Z</begin><end>2019-09-28T11:06:14Z</end></TimeSpan><styleUrl>#point</styleUrl><Point><altitudeMode>clampToGround</altitudeMode><coordinates>7.25378324277699,45.415426986292005,2184.25</coordinates></Point></Placemark><Placemark><TimeSpan><begin>2019-09-28T11:06:14Z</begin><end>2019-09-28T11:06:24Z</end></TimeSpan><styleUrl>#point</styleUrl><Point><altitudeMode>clampToGround</altitudeMode><coordinates>7.253709733486176,45.415539974346757,2183.29</coordinates></Point></Placemark><Placemark><TimeSpan><begin>2019-09-28T11:06:24Z</begin><end>2019-09-28T11:06:30Z</end></TimeSpan><styleUrl>#point</styleUrl><Point><altitudeMode>clampToGround</altitudeMode><coordinates>7.253622310236096,45.415562186390162,2183.29</coordinates></Point></Placemark><Placemark><TimeSpan><begin>2019-09-28T11:06:30Z</begin><end>2019-09-28T11:06:48Z</end></TimeSpan><styleUrl>#point</styleUrl><Point><altitudeMode>clampToGround</altitudeMode><coordinates>7.253359537571669,45.415580878034234,2181.8499999999999</coordinates></Point></Placemark><Placemark><TimeSpan><begin>2019-09-28T11:06:48Z</begin><end>2019-09-28T11:07:02Z</end></TimeSpan><styleUrl>#point</styleUrl><Point><altitudeMode>clampToGround</altitudeMode><coordinates>7.253181841224432,45.415593450888991,2180.4099999999999</coordinates></Point></Placemark><Placemark><TimeSpan><begin>2019-09-28T11:07:02Z</begin><end>2019-09-28T11:07:07Z</end></TimeSpan><styleUrl>#point</styleUrl><Point><altitudeMode>clampToGround</altitudeMode><coordinates>7.253127945587039,45.415584901347756,2178.9699999999998</coordinates></Point></Placemark><Placemark><TimeSpan><begin>2019-09-28T11:07:07Z</begin><end>2019-09-28T11:07:12Z</end></TimeSpan><styleUrl>#point</styleUrl><Point><altitudeMode>clampToGround</altitudeMode><coordinates>7.253074888139963,45.41562513448298,2177.52</coordinates></Point></Placemark><Placemark><TimeSpan><begin>2019-09-28T11:07:12Z</begin><end>2019-09-28T11:07:15Z</end></TimeSpan><styleUrl>#point</styleUrl><Point><altitudeMode>clampToGround</altitudeMode><coordinates>7.25302929058671,45.415644831955433,2177.52</coordinates></Point></Placemark><Placemark><TimeSpan><begin>2019-09-28T11:07:15Z</begin><end>2019-09-28T11:07:21Z</end></TimeSpan><styleUrl>#point</styleUrl><Point><altitudeMode>clampToGround</altitudeMode><coordinates>7.252947567030788,45.415635192766786,2177.04</coordinates></Point></Placemark><Placemark><TimeSpan><begin>2019-09-28T11:07:21Z</begin><end>2019-09-28T11:07:27Z</end></TimeSpan><styleUrl>#point</styleUrl><Point><altitudeMode>clampToGround</altitudeMode><coordinates>7.252878332510591,45.415611136704683,2175.5999999999999</coordinates></Point></Placemark><Placemark><TimeSpan><begin>2019-09-28T11:07:27Z</begin><end>2019-09-28T11:07:30Z</end></TimeSpan><styleUrl>#point</styleUrl><Point><altitudeMode>clampToGround</altitudeMode><coordinates>7.252832483500242,45.41561096906662,2175.5999999999999</coordinates></Point></Placemark><Placemark><TimeSpan><begin>2019-09-28T11:07:30Z</begin><end>2019-09-28T11:07:46Z</end></TimeSpan><styleUrl>#point</styleUrl><Point><altitudeMode>clampToGround</altitudeMode><coordinates>7.252597371116281,45.415658243000507,2175.1199999999999</coordinates></Point></Placemark><Placemark><TimeSpan><begin>2019-09-28T11:07:46Z</begin><end>2019-09-28T11:07:51Z</end></TimeSpan><styleUrl>#point</styleUrl><Point><altitudeMode>clampToGround</altitudeMode><coordinates>7.252536686137319,45.415678527206182,2174.1599999999999</coordinates></Point></Placemark><Placemark><TimeSpan><begin>2019-09-28T11:07:51Z</begin><end>2019-09-28T11:08:03Z</end></TimeSpan><styleUrl>#point</styleUrl><Point><altitudeMode>clampToGround</altitudeMode><coordinates>7.252494776621461,45.415710462257266,2174.1599999999999</coordinates></Point></Placemark><Placemark><TimeSpan><begin>2019-09-28T11:08:03Z</begin><end>2019-09-28T11:08:15Z</end></TimeSpan><styleUrl>#point</styleUrl><Point><altitudeMode>clampToGround</altitudeMode><coordinates>7.252413304522634,45.415796628221869,2172.2399999999998</coordinates></Point></Placemark><Placemark><TimeSpan><begin>2019-09-28T11:08:15Z</begin><end>2019-09-28T11:08:25Z</end></TimeSpan><styleUrl>#point</styleUrl><Point><altitudeMode>clampToGround</altitudeMode><coordinates>7.252353206276894,45.41586703620851,2169.8299999999999</coordinates></Point></Placemark><Placemark><TimeSpan><begin>2019-09-28T11:08:25Z</begin><end>2019-09-28T11:08:41Z</end></TimeSpan><styleUrl>#point</styleUrl><Point><altitudeMode>clampToGround</altitudeMode><coordinates>7.252183808013797,45.41595839895308,2165.9899999999998</coordinates></Point></Placemark><Placemark><TimeSpan><begin>2019-09-28T11:08:41Z</begin><end>2019-09-28T11:08:53Z</end></TimeSpan><styleUrl>#point</styleUrl><Point><altitudeMode>clampToGround</altitudeMode><coordinates>7.252071825787425,45.416028890758753,2164.5500000000002</coordinates></Point></Placemark><Placemark><TimeSpan><begin>2019-09-28T11:08:53Z</begin><end>2019-09-28T11:09:01Z</end></TimeSpan><styleUrl>#point</styleUrl><Point><altitudeMode>clampToGround</altitudeMode><coordinates>7.252097893506289,45.41612503118813,2164.0599999999999</coordinates></Point></Placemark><Placemark><TimeSpan><begin>2019-09-28T11:09:01Z</begin><end>2019-09-28T11:09:16Z</end></TimeSpan><styleUrl>#point</styleUrl><Point><altitudeMode>clampToGround</altitudeMode><coordinates>7.252221442759037,45.416188566014171,2164.0599999999999</coordinates></Point></Placemark><Placemark><TimeSpan><begin>2019-09-28T11:09:16Z</begin><end>2019-09-28T11:09:32Z</end></TimeSpan><styleUrl>#point</styleUrl><Point><altitudeMode>clampToGround</altitudeMode><coordinates>7.252369802445173,45.416299123317003,2161.6599999999999</coordinates></Point></Placemark><Placemark><TimeSpan><begin>2019-09-28T11:09:32Z</begin><end>2019-09-28T11:09:34Z</end></TimeSpan><styleUrl>#point</styleUrl><Point><altitudeMode>clampToGround</altitudeMode><coordinates>7.252371311187744,45.416311696171761,2161.6599999999999</coordinates></Point></Placemark><Placemark><TimeSpan><begin>2019-09-28T11:09:34Z</begin><end>2019-09-28T11:09:37Z</end></TimeSpan><styleUrl>#point</styleUrl><Point><altitudeMode>clampToGround</altitudeMode><coordinates>7.252355888485909,45.416340194642544,2161.1799999999998</coordinates></Point></Placemark><Placemark><TimeSpan><begin>2019-09-28T11:09:37Z</begin><end>2019-09-28T11:09:39Z</end></TimeSpan><styleUrl>#point</styleUrl><Point><altitudeMode>clampToGround</altitudeMode><coordinates>7.252354631200433,45.41636198759079,2161.1799999999998</coordinates></Point></Placemark><Placemark><TimeSpan><begin>2019-09-28T11:09:39Z</begin><end>2019-09-28T11:09:53Z</end></TimeSpan><styleUrl>#point</styleUrl><Point><altitudeMode>clampToGround</altitudeMode><coordinates>7.252481952309609,45.416447399184108,2161.1799999999998</coordinates></Point></Placemark><Placemark><TimeSpan><begin>2019-09-28T11:09:53Z</begin><end>2019-09-28T11:10:16Z</end></TimeSpan><styleUrl>#point</styleUrl><Point><altitudeMode>clampToGround</altitudeMode><coordinates>7.252513216808438,45.416457541286945,2160.6999999999998</coordinates></Point></Placemark><Placemark><TimeSpan><begin>2019-09-28T11:10:16Z</begin><end>2019-09-28T11:10:31Z</end></TimeSpan><styleUrl>#point</styleUrl><Point><altitudeMode>clampToGround</altitudeMode><coordinates>7.252507684752345,45.416467767208815,2160.6999999999998</coordinates></Point></Placemark><Placemark><TimeSpan><begin>2019-09-28T11:10:31Z</begin><end>2019-09-28T11:10:46Z</end></TimeSpan><styleUrl>#point</styleUrl><Point><altitudeMode>clampToGround</altitudeMode><coordinates>7.252493938431144,45.416471539065242,2160.6999999999998</coordinates></Point></Placemark><Placemark><TimeSpan><begin>2019-09-28T11:10:46Z</begin><end>2019-09-28T11:11:21Z</end></TimeSpan><styleUrl>#point</styleUrl><Point><altitudeMode>clampToGround</altitudeMode><coordinates>7.252419758588076,45.416479082778096,2160.2199999999998</coordinates></Point></Placemark><Placemark><TimeSpan><begin>2019-09-28T11:11:21Z</begin><end>2019-09-28T11:11:51Z</end></TimeSpan><styleUrl>#point</styleUrl><Point><altitudeMode>clampToGround</altitudeMode><coordinates>7.252430571243167,45.416487045586109,2160.2199999999998</coordinates></Point></Placemark><Placemark><TimeSpan><begin>2019-09-28T11:11:51Z</begin><end>2019-09-28T11:12:04Z</end></TimeSpan><styleUrl>#point</styleUrl><Point><altitudeMode>clampToGround</altitudeMode><coordinates>7.252464098855853,45.416454104706645,2160.2199999999998</coordinates></Point></Placemark><Placemark><TimeSpan><begin>2019-09-28T11:12:04Z</begin><end>2019-09-28T11:12:33Z</end></TimeSpan><styleUrl>#point</styleUrl><Point><altitudeMode>clampToGround</altitudeMode><coordinates>7.252422692254186,45.416431222110987,2159.7399999999998</coordinates></Point></Placemark><Placemark><TimeSpan><begin>2019-09-28T11:12:33Z</begin><end>2019-09-28T11:12:57Z</end></TimeSpan><styleUrl>#point</styleUrl><Point><altitudeMode>clampToGround</altitudeMode><coordinates>7.252475917339325,45.41646902449429,2159.2600000000002</coordinates></Point></Placemark><Placemark><TimeSpan><begin>2019-09-28T11:12:57Z</begin><end>2019-09-28T11:13:09Z</end></TimeSpan><styleUrl>#point</styleUrl><Point><altitudeMode>clampToGround</altitudeMode><coordinates>7.252518413588405,45.416539516299963,2157.3400000000001</coordinates></Point></Placemark><Placemark><TimeSpan><begin>2019-09-28T11:13:09Z</begin><end>2019-09-28T11:13:21Z</end></TimeSpan><styleUrl>#point</styleUrl><Point><altitudeMode>clampToGround</altitudeMode><coordinates>7.252605585381389,45.416565164923668,2155.8899999999999</coordinates></Point></Placemark><Placemark><TimeSpan><begin>2019-09-28T11:13:21Z</begin><end>2019-09-28T11:13:35Z</end></TimeSpan><styleUrl>#point</styleUrl><Point><altitudeMode>clampToGround</altitudeMode><coordinates>7.25274195894599,45.416622664779425,2153.4899999999998</coordinates></Point></Placemark><Placemark><TimeSpan><begin>2019-09-28T11:13:35Z</begin><end>2019-09-28T11:13:49Z</end></TimeSpan><styleUrl>#point</styleUrl><Point><altitudeMode>clampToGround</altitudeMode><coordinates>7.252841033041477,45.416658287867904,2151.0900000000001</coordinates></Point></Placemark><Placemark><TimeSpan><begin>2019-09-28T11:13:49Z</begin><end>2019-09-28T11:14:02Z</end></TimeSpan><styleUrl>#point</styleUrl><Point><altitudeMode>clampToGround</altitudeMode><coordinates>7.252726200968027,45.416694162413478,2149.1599999999999</coordinates></Point></Placemark><Placemark><TimeSpan><begin>2019-09-28T11:14:02Z</begin><end>2019-09-28T11:14:16Z</end></TimeSpan><styleUrl>#point</styleUrl><Point><altitudeMode>clampToGround</altitudeMode><coordinates>7.252557808533311,45.416674967855215,2147.7199999999998</coordinates></Point></Placemark><Placemark><TimeSpan><begin>2019-09-28T11:14:16Z</begin><end>2019-09-28T11:14:19Z</end></TimeSpan><styleUrl>#point</styleUrl><Point><altitudeMode>clampToGround</altitudeMode><coordinates>7.252514054998756,45.416670022532344,2147.2399999999998</coordinates></Point></Placemark><Placemark><TimeSpan><begin>2019-09-28T11:14:19Z</begin><end>2019-09-28T11:14:21Z</end></TimeSpan><styleUrl>#point</styleUrl><Point><altitudeMode>clampToGround</altitudeMode><coordinates>7.252485640347004,45.416673040017486,2146.7600000000002</coordinates></Point></Placemark><Placemark><TimeSpan><begin>2019-09-28T11:14:21Z</begin><end>2019-09-28T11:14:24Z</end></TimeSpan><styleUrl>#point</styleUrl><Point><altitudeMode>clampToGround</altitudeMode><coordinates>7.252440126612783,45.416690642014146,2146.2800000000002</coordinates></Point></Placemark><Placemark><TimeSpan><begin>2019-09-28T11:14:24Z</begin><end>2019-09-28T11:14:38Z</end></TimeSpan><styleUrl>#point</styleUrl><Point><altitudeMode>clampToGround</altitudeMode><coordinates>7.252412550151348,45.416816957294941,2143.4000000000001</coordinates></Point></Placemark><Placemark><TimeSpan><begin>2019-09-28T11:14:38Z</begin><end>2019-09-28T11:14:50Z</end></TimeSpan><styleUrl>#point</styleUrl><Point><altitudeMode>clampToGround</altitudeMode><coordinates>7.252471391111612,45.416870852932334,2140.5100000000002</coordinates></Point></Placemark><Placemark><TimeSpan><begin>2019-09-28T11:14:50Z</begin><end>2019-09-28T11:14:53Z</end></TimeSpan><styleUrl>#point</styleUrl><Point><altitudeMode>clampToGround</altitudeMode><coordinates>7.252465188503265,45.416891975328326,2140.0300000000002</coordinates></Point></Placemark><Placemark><TimeSpan><begin>2019-09-28T11:14:53Z</begin><end>2019-09-28T11:15:05Z</end></TimeSpan><styleUrl>#point</styleUrl><Point><altitudeMode>clampToGround</altitudeMode><coordinates>7.252523610368371,45.416945535689592,2138.1100000000001</coordinates></Point></Placemark><Placemark><TimeSpan><begin>2019-09-28T11:15:05Z</begin><end>2019-09-28T11:15:18Z</end></TimeSpan><styleUrl>#point</styleUrl><Point><altitudeMode>clampToGround</altitudeMode><coordinates>7.252513384446502,45.416996078565717,2135.71</coordinates></Point></Placemark><Placemark><TimeSpan><begin>2019-09-28T11:15:18Z</begin><end>2019-09-28T11:15:25Z</end></TimeSpan><styleUrl>#point</styleUrl><Point><altitudeMode>clampToGround</altitudeMode><coordinates>7.252450436353684,45.417013429105282,2134.7399999999998</coordinates></Point></Placemark><Placemark><TimeSpan><begin>2019-09-28T11:15:25Z</begin><end>2019-09-28T11:15:38Z</end></TimeSpan><styleUrl>#point</styleUrl><Point><altitudeMode>clampToGround</altitudeMode><coordinates>7.252365946769714,45.417038574814796,2131.8600000000001</coordinates></Point></Placemark><Placemark><TimeSpan><begin>2019-09-28T11:15:38Z</begin><end>2019-09-28T11:15:52Z</end></TimeSpan><styleUrl>#point</styleUrl><Point><altitudeMode>clampToGround</altitudeMode><coordinates>7.252247259020805,45.417101439088583,2128.98</coordinates></Point></Placemark><Placemark><TimeSpan><begin>2019-09-28T11:15:52Z</begin><end>2019-09-28T11:15:56Z</end></TimeSpan><styleUrl>#point</styleUrl><Point><altitudeMode>clampToGround</altitudeMode><coordinates>7.252206103876233,45.417131781578064,2128.02</coordinates></Point></Placemark><Placemark><TimeSpan><begin>2019-09-28T11:15:56Z</begin><end>2019-09-28T11:15:59Z</end></TimeSpan><styleUrl>#point</styleUrl><Point><altitudeMode>clampToGround</altitudeMode><coordinates>7.252158746123314,45.417135637253523,2127.0500000000002</coordinates></Point></Placemark><Placemark><TimeSpan><begin>2019-09-28T11:15:59Z</begin><end>2019-09-28T11:16:06Z</end></TimeSpan><styleUrl>#point</styleUrl><Point><altitudeMode>clampToGround</altitudeMode><coordinates>7.252070484682918,45.41715357452631,2125.6100000000001</coordinates></Point></Placemark><Placemark><TimeSpan><begin>2019-09-28T11:16:06Z</begin><end>2019-09-28T11:16:09Z</end></TimeSpan><styleUrl>#point</styleUrl><Point><altitudeMode>clampToGround</altitudeMode><coordinates>7.252031425014138,45.417151646688581,2125.1300000000001</coordinates></Point></Placemark><Placemark><TimeSpan><begin>2019-09-28T11:16:09Z</begin><end>2019-09-28T11:16:23Z</end></TimeSpan><styleUrl>#point</styleUrl><Point><altitudeMode>clampToGround</altitudeMode><coordinates>7.251921035349369,45.41720830835402,2122.73</coordinates></Point></Placemark><Placemark><TimeSpan><begin>2019-09-28T11:16:23Z</begin><end>2019-09-28T11:16:38Z</end></TimeSpan><styleUrl>#point</styleUrl><Point><altitudeMode>clampToGround</altitudeMode><coordinates>7.251951461657882,45.417288606986403,2120.8099999999999</coordinates></Point></Placemark><Placemark><TimeSpan><begin>2019-09-28T11:16:38Z</begin><end>2019-09-28T11:16:49Z</end></TimeSpan><styleUrl>#point</styleUrl><Point><altitudeMode>clampToGround</altitudeMode><coordinates>7.251874264329672,45.417263126000762,2119.8400000000001</coordinates></Point></Placemark><Placemark><TimeSpan><begin>2019-09-28T11:16:49Z</begin><end>2019-09-28T11:17:02Z</end></TimeSpan><styleUrl>#point</styleUrl><Point><altitudeMode>clampToGround</altitudeMode><coordinates>7.251806119456887,45.417286427691579,2116.96</coordinates></Point></Placemark><Placemark><TimeSpan><begin>2019-09-28T11:17:02Z</begin><end>2019-09-28T11:17:13Z</end></TimeSpan><styleUrl>#point</styleUrl><Point><altitudeMode>clampToGround</altitudeMode><coordinates>7.25171878002584,45.417343089357018,2115.52</coordinates></Point></Placemark><Placemark><TimeSpan><begin>2019-09-28T11:17:13Z</begin><end>2019-09-28T11:17:26Z</end></TimeSpan><styleUrl>#point</styleUrl><Point><altitudeMode>clampToGround</altitudeMode><coordinates>7.251663878560066,45.417399751022458,2114.5599999999999</coordinates></Point></Placemark><Placemark><TimeSpan><begin>2019-09-28T11:17:26Z</begin><end>2019-09-28T11:17:37Z</end></TimeSpan><styleUrl>#point</styleUrl><Point><altitudeMode>clampToGround</altitudeMode><coordinates>7.251587016507983,45.417413245886564,2112.6300000000001</coordinates></Point></Placemark><Placemark><TimeSpan><begin>2019-09-28T11:17:37Z</begin><end>2019-09-28T11:17:47Z</end></TimeSpan><styleUrl>#point</styleUrl><Point><altitudeMode>clampToGround</altitudeMode><coordinates>7.251568911597133,45.417379969730973,2110.71</coordinates></Point></Placemark><Placemark><TimeSpan><begin>2019-09-28T11:17:47Z</begin><end>2019-09-28T11:17:59Z</end></TimeSpan><styleUrl>#point</styleUrl><Point><altitudeMode>clampToGround</altitudeMode><coordinates>7.251533875241876,45.417381143197417,2108.79</coordinates></Point></Placemark><Placemark><TimeSpan><begin>2019-09-28T11:17:59Z</begin><end>2019-09-28T11:18:12Z</end></TimeSpan><styleUrl>#point</styleUrl><Point><altitudeMode>clampToGround</altitudeMode><coordinates>7.251429352909327,45.417407965287566,2105.9099999999999</coordinates></Point></Placemark><Placemark><TimeSpan><begin>2019-09-28T11:18:12Z</begin><end>2019-09-28T11:18:25Z</end></TimeSpan><styleUrl>#point</styleUrl><Point><altitudeMode>clampToGround</altitudeMode><coordinates>7.251370176672936,45.417419197037816,2103.02</coordinates></Point></Placemark><Placemark><TimeSpan><begin>2019-09-28T11:18:25Z</begin><end>2019-09-28T11:18:39Z</end></TimeSpan><styleUrl>#point</styleUrl><Point><altitudeMode>clampToGround</altitudeMode><coordinates>7.251293398439884,45.417463285848498,2100.1399999999999</coordinates></Point></Placemark><Placemark><TimeSpan><begin>2019-09-28T11:18:39Z</begin><end>2019-09-28T11:18:52Z</end></TimeSpan><styleUrl>#point</styleUrl><Point><altitudeMode>clampToGround</altitudeMode><coordinates>7.251206561923027,45.417472505941987,2097.25</coordinates></Point></Placemark><Placemark><TimeSpan><begin>2019-09-28T11:18:52Z</begin><end>2019-09-28T11:19:04Z</end></TimeSpan><styleUrl>#point</styleUrl><Point><altitudeMode>clampToGround</altitudeMode><coordinates>7.25117395631969,45.417381646111608,2095.3299999999999</coordinates></Point></Placemark><Placemark><TimeSpan><begin>2019-09-28T11:19:04Z</begin><end>2019-09-28T11:19:17Z</end></TimeSpan><styleUrl>#point</styleUrl><Point><altitudeMode>clampToGround</altitudeMode><coordinates>7.251183679327369,45.417295480147004,2092.9299999999998</coordinates></Point></Placemark><Placemark><TimeSpan><begin>2019-09-28T11:19:17Z</begin><end>2019-09-28T11:19:29Z</end></TimeSpan><styleUrl>#point</styleUrl><Point><altitudeMode>clampToGround</altitudeMode><coordinates>7.25109432823956,45.417288523167372,2091</coordinates></Point></Placemark><Placemark><TimeSpan><begin>2019-09-28T11:19:29Z</begin><end>2019-09-28T11:19:41Z</end></TimeSpan><styleUrl>#point</styleUrl><Point><altitudeMode>clampToGround</altitudeMode><coordinates>7.250990811735392,45.417341412976384,2089.0799999999999</coordinates></Point></Placemark><Placemark><TimeSpan><begin>2019-09-28T11:19:41Z</begin><end>2019-09-28T11:19:55Z</end></TimeSpan><styleUrl>#point</styleUrl><Point><altitudeMode>clampToGround</altitudeMode><coordinates>7.250875225290656,45.417324146255851,2086.6799999999998</coordinates></Point></Placemark><Placemark><TimeSpan><begin>2019-09-28T11:19:55Z</begin><end>2019-09-28T11:19:58Z</end></TimeSpan><styleUrl>#point</styleUrl><Point><altitudeMode>clampToGround</altitudeMode><coordinates>7.250846726819873,45.417328253388405,2085.7199999999998</coordinates></Point></Placemark><Placemark><TimeSpan><begin>2019-09-28T11:19:58Z</begin><end>2019-09-28T11:20:09Z</end></TimeSpan><styleUrl>#point</styleUrl><Point><altitudeMode>clampToGround</altitudeMode><coordinates>7.250736923888326,45.417381897568703,2082.3499999999999</coordinates></Point></Placemark><Placemark><TimeSpan><begin>2019-09-28T11:20:09Z</begin><end>2019-09-28T11:20:17Z</end></TimeSpan><styleUrl>#point</styleUrl><Point><altitudeMode>clampToGround</altitudeMode><coordinates>7.250704737380147,45.417446857318282,2079.9499999999998</coordinates></Point></Placemark><Placemark><TimeSpan><begin>2019-09-28T11:20:17Z</begin><end>2019-09-28T11:20:22Z</end></TimeSpan><styleUrl>#point</styleUrl><Point><altitudeMode>clampToGround</altitudeMode><coordinates>7.250690069049597,45.417483067139983,2079.4699999999998</coordinates></Point></Placemark><Placemark><TimeSpan><begin>2019-09-28T11:20:22Z</begin><end>2019-09-28T11:20:25Z</end></TimeSpan><styleUrl>#point</styleUrl><Point><altitudeMode>clampToGround</altitudeMode><coordinates>7.250652769580483,45.417497148737311,2078.9899999999998</coordinates></Point></Placemark><Placemark><TimeSpan><begin>2019-09-28T11:20:25Z</begin><end>2019-09-28T11:20:37Z</end></TimeSpan><styleUrl>#point</styleUrl><Point><altitudeMode>clampToGround</altitudeMode><coordinates>7.250505331903696,45.417498573660851,2076.0999999999999</coordinates></Point></Placemark><Placemark><TimeSpan><begin>2019-09-28T11:20:37Z</begin><end>2019-09-28T11:20:51Z</end></TimeSpan><styleUrl>#point</styleUrl><Point><altitudeMode>clampToGround</altitudeMode><coordinates>7.250401647761464,45.417594714090228,2073.6999999999998</coordinates></Point></Placemark><Placemark><TimeSpan><begin>2019-09-28T11:20:51Z</begin><end>2019-09-28T11:21:04Z</end></TimeSpan><styleUrl>#point</styleUrl><Point><altitudeMode>clampToGround</altitudeMode><coordinates>7.250304669141769,45.417603682726622,2070.3400000000001</coordinates></Point></Placemark><Placemark><TimeSpan><begin>2019-09-28T11:21:04Z</begin><end>2019-09-28T11:21:16Z</end></TimeSpan><styleUrl>#point</styleUrl><Point><altitudeMode>clampToGround</altitudeMode><coordinates>7.250235853716731,45.417640646919608,2068.4099999999999</coordinates></Point></Placemark><Placemark><TimeSpan><begin>2019-09-28T11:21:16Z</begin><end>2019-09-28T11:21:28Z</end></TimeSpan><styleUrl>#point</styleUrl><Point><altitudeMode>clampToGround</altitudeMode><coordinates>7.25011850707233,45.41769202798605,2065.0500000000002</coordinates></Point></Placemark><Placemark><TimeSpan><begin>2019-09-28T11:21:28Z</begin><end>2019-09-28T11:21:40Z</end></TimeSpan><styleUrl>#point</styleUrl><Point><altitudeMode>clampToGround</altitudeMode><coordinates>7.2500129789114,45.417713820934296,2063.1300000000001</coordinates></Point></Placemark><Placemark><TimeSpan><begin>2019-09-28T11:21:40Z</begin><end>2019-09-28T11:21:54Z</end></TimeSpan><styleUrl>#point</styleUrl><Point><altitudeMode>clampToGround</altitudeMode><coordinates>7.249998226761818,45.417662104591727,2062.1700000000001</coordinates></Point></Placemark><Placemark><TimeSpan><begin>2019-09-28T11:21:54Z</begin><end>2019-09-28T11:22:07Z</end></TimeSpan><styleUrl>#point</styleUrl><Point><altitudeMode>clampToGround</altitudeMode><coordinates>7.250017421320081,45.417573172599077,2058.3200000000002</coordinates></Point></Placemark><Placemark><TimeSpan><begin>2019-09-28T11:22:07Z</begin><end>2019-09-28T11:22:19Z</end></TimeSpan><styleUrl>#point</styleUrl><Point><altitudeMode>clampToGround</altitudeMode><coordinates>7.249968554824591,45.417521204799414,2055.9200000000001</coordinates></Point></Placemark><Placemark><TimeSpan><begin>2019-09-28T11:22:19Z</begin><end>2019-09-28T11:22:31Z</end></TimeSpan><styleUrl>#point</styleUrl><Point><altitudeMode>clampToGround</altitudeMode><coordinates>7.249909043312073,45.41759236715734,2053.5100000000002</coordinates></Point></Placemark><Placemark><TimeSpan><begin>2019-09-28T11:22:31Z</begin><end>2019-09-28T11:22:42Z</end></TimeSpan><styleUrl>#point</styleUrl><Point><altitudeMode>clampToGround</altitudeMode><coordinates>7.249873420223594,45.417588511481881,2052.5500000000002</coordinates></Point></Placemark><Placemark><TimeSpan><begin>2019-09-28T11:22:42Z</begin><end>2019-09-28T11:22:53Z</end></TimeSpan><styleUrl>#point</styleUrl><Point><altitudeMode>clampToGround</altitudeMode><coordinates>7.249845843762159,45.417533526197076,2049.6700000000001</coordinates></Point></Placemark><Placemark><TimeSpan><begin>2019-09-28T11:22:53Z</begin><end>2019-09-28T11:23:03Z</end></TimeSpan><styleUrl>#point</styleUrl><Point><altitudeMode>clampToGround</altitudeMode><coordinates>7.249767053872347,45.41749807074666,2046.3</coordinates></Point></Placemark><Placemark><TimeSpan><begin>2019-09-28T11:23:03Z</begin><end>2019-09-28T11:23:10Z</end></TimeSpan><styleUrl>#point</styleUrl><Point><altitudeMode>clampToGround</altitudeMode><coordinates>7.249725144356489,45.417459681630135,2043.9000000000001</coordinates></Point></Placemark><Placemark><TimeSpan><begin>2019-09-28T11:23:10Z</begin><end>2019-09-28T11:23:24Z</end></TimeSpan><styleUrl>#point</styleUrl><Point><altitudeMode>clampToGround</altitudeMode><coordinates>7.249529426917434,45.417452976107597,2040.54</coordinates></Point></Placemark><Placemark><TimeSpan><begin>2019-09-28T11:23:24Z</begin><end>2019-09-28T11:23:25Z</end></TimeSpan><styleUrl>#point</styleUrl><Point><altitudeMode>clampToGround</altitudeMode><coordinates>7.249518111348152,45.417458256706595,2040.54</coordinates></Point></Placemark><Placemark><TimeSpan><begin>2019-09-28T11:23:25Z</begin><end>2019-09-28T11:23:37Z</end></TimeSpan><styleUrl>#point</styleUrl><Point><altitudeMode>clampToGround</altitudeMode><coordinates>7.249407218769193,45.417526820674539,2038.6099999999999</coordinates></Point></Placemark><Placemark><TimeSpan><begin>2019-09-28T11:23:37Z</begin><end>2019-09-28T11:23:52Z</end></TimeSpan><styleUrl>#point</styleUrl><Point><altitudeMode>clampToGround</altitudeMode><coordinates>7.249259697273374,45.41750343516469,2035.25</coordinates></Point></Placemark><Placemark><TimeSpan><begin>2019-09-28T11:23:52Z</begin><end>2019-09-28T11:24:04Z</end></TimeSpan><styleUrl>#point</styleUrl><Point><altitudeMode>clampToGround</altitudeMode><coordinates>7.249208400025964,45.417429339140654,2032.3599999999999</coordinates></Point></Placemark><Placemark><TimeSpan><begin>2019-09-28T11:24:04Z</begin><end>2019-09-28T11:24:16Z</end></TimeSpan><styleUrl>#point</styleUrl><Point><altitudeMode>clampToGround</altitudeMode><coordinates>7.249102620407939,45.417408803477883,2029.48</coordinates></Point></Placemark><Placemark><TimeSpan><begin>2019-09-28T11:24:16Z</begin><end>2019-09-28T11:24:22Z</end></TimeSpan><styleUrl>#point</styleUrl><Point><altitudeMode>clampToGround</altitudeMode><coordinates>7.249029614031315,45.417442666366696,2028.52</coordinates></Point></Placemark><Placemark><TimeSpan><begin>2019-09-28T11:24:22Z</begin><end>2019-09-28T11:24:36Z</end></TimeSpan><styleUrl>#point</styleUrl><Point><altitudeMode>clampToGround</altitudeMode><coordinates>7.248860215768218,45.417489521205425,2025.1500000000001</coordinates></Point></Placemark><Placemark><TimeSpan><begin>2019-09-28T11:24:36Z</begin><end>2019-09-28T11:24:37Z</end></TimeSpan><styleUrl>#point</styleUrl><Point><altitudeMode>clampToGround</altitudeMode><coordinates>7.248847894370556,45.417490359395742,2024.6700000000001</coordinates></Point></Placemark><Placemark><TimeSpan><begin>2019-09-28T11:24:37Z</begin><end>2019-09-28T11:24:41Z</end></TimeSpan><styleUrl>#point</styleUrl><Point><altitudeMode>clampToGround</altitudeMode><coordinates>7.24880120716989,45.417486252263188,2023.71</coordinates></Point></Placemark><Placemark><TimeSpan><begin>2019-09-28T11:24:41Z</begin><end>2019-09-28T11:24:51Z</end></TimeSpan><styleUrl>#point</styleUrl><Point><altitudeMode>clampToGround</altitudeMode><coordinates>7.248725770041347,45.417421041056514,2022.27</coordinates></Point></Placemark><Placemark><TimeSpan><begin>2019-09-28T11:24:51Z</begin><end>2019-09-28T11:24:59Z</end></TimeSpan><styleUrl>#point</styleUrl><Point><altitudeMode>clampToGround</altitudeMode><coordinates>7.248608842492104,45.417437301948667,2020.3499999999999</coordinates></Point></Placemark><Placemark><TimeSpan><begin>2019-09-28T11:24:59Z</begin><end>2019-09-28T11:25:12Z</end></TimeSpan><styleUrl>#point</styleUrl><Point><altitudeMode>clampToGround</altitudeMode><coordinates>7.248433912172914,45.417411401867867,2016.98</coordinates></Point></Placemark><Placemark><TimeSpan><begin>2019-09-28T11:25:12Z</begin><end>2019-09-28T11:25:24Z</end></TimeSpan><styleUrl>#point</styleUrl><Point><altitudeMode>clampToGround</altitudeMode><coordinates>7.248297203332186,45.417382568120956,2014.0999999999999</coordinates></Point></Placemark><Placemark><TimeSpan><begin>2019-09-28T11:25:24Z</begin><end>2019-09-28T11:25:33Z</end></TimeSpan><styleUrl>#point</styleUrl><Point><altitudeMode>clampToGround</altitudeMode><coordinates>7.248207936063409,45.417333282530308,2012.6600000000001</coordinates></Point></Placemark><Placemark><TimeSpan><begin>2019-09-28T11:25:33Z</begin><end>2019-09-28T11:25:42Z</end></TimeSpan><styleUrl>#point</styleUrl><Point><altitudeMode>clampToGround</altitudeMode><coordinates>7.248063096776605,45.417323475703597,2010.25</coordinates></Point></Placemark><Placemark><TimeSpan><begin>2019-09-28T11:25:42Z</begin><end>2019-09-28T11:25:59Z</end></TimeSpan><styleUrl>#point</styleUrl><Point><altitudeMode>clampToGround</altitudeMode><coordinates>7.247823290526867,45.417321547865868,2006.4100000000001</coordinates></Point></Placemark><Placemark><TimeSpan><begin>2019-09-28T11:25:59Z</begin><end>2019-09-28T11:26:03Z</end></TimeSpan><styleUrl>#point</styleUrl><Point><altitudeMode>clampToGround</altitudeMode><coordinates>7.247770568355918,45.417336132377386,2005.45</coordinates></Point></Placemark><Placemark><TimeSpan><begin>2019-09-28T11:26:03Z</begin><end>2019-09-28T11:26:11Z</end></TimeSpan><styleUrl>#point</styleUrl><Point><altitudeMode>clampToGround</altitudeMode><coordinates>7.247689599171281,45.417330767959356,2004.49</coordinates></Point></Placemark><Placemark><TimeSpan><begin>2019-09-28T11:26:11Z</begin><end>2019-09-28T11:26:26Z</end></TimeSpan><styleUrl>#point</styleUrl><Point><altitudeMode>clampToGround</altitudeMode><coordinates>7.247552555054426,45.41722197085619,2002.0799999999999</coordinates></Point></Placemark><Placemark><TimeSpan><begin>2019-09-28T11:26:26Z</begin><end>2019-09-28T11:26:42Z</end></TimeSpan><styleUrl>#point</styleUrl><Point><altitudeMode>clampToGround</altitudeMode><coordinates>7.247346444055438,45.417132619768381,1998.72</coordinates></Point></Placemark><Placemark><TimeSpan><begin>2019-09-28T11:26:42Z</begin><end>2019-09-28T11:26:43Z</end></TimeSpan><styleUrl>#point</styleUrl><Point><altitudeMode>clampToGround</altitudeMode><coordinates>7.247333116829395,45.417131949216127,1998.72</coordinates></Point></Placemark><Placemark><TimeSpan><begin>2019-09-28T11:26:43Z</begin><end>2019-09-28T11:26:48Z</end></TimeSpan><styleUrl>#point</styleUrl><Point><altitudeMode>clampToGround</altitudeMode><coordinates>7.247262708842754,45.41713890619576,1997.76</coordinates></Point></Placemark><Placemark><TimeSpan><begin>2019-09-28T11:26:48Z</begin><end>2019-09-28T11:26:52Z</end></TimeSpan><styleUrl>#point</styleUrl><Point><altitudeMode>clampToGround</altitudeMode><coordinates>7.247197581455112,45.41712767444551,1996.8</coordinates></Point></Placemark><Placemark><TimeSpan><begin>2019-09-28T11:26:52Z</begin><end>2019-09-28T11:26:56Z</end></TimeSpan><styleUrl>#point</styleUrl><Point><altitudeMode>clampToGround</altitudeMode><coordinates>7.247128095477819,45.417131530120969,1996.3199999999999</coordinates></Point></Placemark><Placemark><TimeSpan><begin>2019-09-28T11:26:56Z</begin><end>2019-09-28T11:27:13Z</end></TimeSpan><styleUrl>#point</styleUrl><Point><altitudeMode>clampToGround</altitudeMode><coordinates>7.246885607019067,45.417061876505613,1993.4300000000001</coordinates></Point></Placemark><Placemark><TimeSpan><begin>2019-09-28T11:27:13Z</begin><end>2019-09-28T11:27:17Z</end></TimeSpan><styleUrl>#point</styleUrl><Point><altitudeMode>clampToGround</altitudeMode><coordinates>7.246853923425078,45.417036144062877,1992.95</coordinates></Point></Placemark><Placemark><TimeSpan><begin>2019-09-28T11:27:17Z</begin><end>2019-09-28T11:27:35Z</end></TimeSpan><styleUrl>#point</styleUrl><Point><altitudeMode>clampToGround</altitudeMode><coordinates>7.246666671708226,45.416929693892598,1991.51</coordinates></Point></Placemark><Placemark><TimeSpan><begin>2019-09-28T11:27:35Z</begin><end>2019-09-28T11:27:36Z</end></TimeSpan><styleUrl>#point</styleUrl><Point><altitudeMode>clampToGround</altitudeMode><coordinates>7.246654098853469,45.416931118816137,1991.51</coordinates></Point></Placemark><Placemark><TimeSpan><begin>2019-09-28T11:27:36Z</begin><end>2019-09-28T11:27:44Z</end></TimeSpan><styleUrl>#point</styleUrl><Point><altitudeMode>clampToGround</altitudeMode><coordinates>7.246552677825093,45.416908906772733,1990.0699999999999</coordinates></Point></Placemark><Placemark><TimeSpan><begin>2019-09-28T11:27:44Z</begin><end>2019-09-28T11:27:59Z</end></TimeSpan><styleUrl>#point</styleUrl><Point><altitudeMode>clampToGround</altitudeMode><coordinates>7.2463917452842,45.416847299784422,1986.22</coordinates></Point></Placemark><Placemark><TimeSpan><begin>2019-09-28T11:27:59Z</begin><end>2019-09-28T11:28:14Z</end></TimeSpan><styleUrl>#point</styleUrl><Point><altitudeMode>clampToGround</altitudeMode><coordinates>7.246237937361002,45.416863560676575,1983.8199999999999</coordinates></Point></Placemark><Placemark><TimeSpan><begin>2019-09-28T11:28:14Z</begin><end>2019-09-28T11:28:25Z</end></TimeSpan><styleUrl>#point</styleUrl><Point><altitudeMode>clampToGround</altitudeMode><coordinates>7.246142467483878,45.416868841275573,1982.3800000000001</coordinates></Point></Placemark><Placemark><TimeSpan><begin>2019-09-28T11:28:25Z</begin><end>2019-09-28T11:28:40Z</end></TimeSpan><styleUrl>#point</styleUrl><Point><altitudeMode>clampToGround</altitudeMode><coordinates>7.246051104739308,45.416878899559379,1979.97</coordinates></Point></Placemark><Placemark><TimeSpan><begin>2019-09-28T11:28:40Z</begin><end>2019-09-28T11:28:53Z</end></TimeSpan><styleUrl>#point</styleUrl><Point><altitudeMode>clampToGround</altitudeMode><coordinates>7.246021600440145,45.416803043335676,1977.0899999999999</coordinates></Point></Placemark><Placemark><TimeSpan><begin>2019-09-28T11:28:53Z</begin><end>2019-09-28T11:29:05Z</end></TimeSpan><styleUrl>#point</styleUrl><Point><altitudeMode>clampToGround</altitudeMode><coordinates>7.245974326506257,45.416770521551371,1974.6900000000001</coordinates></Point></Placemark><Placemark><TimeSpan><begin>2019-09-28T11:29:05Z</begin><end>2019-09-28T11:29:19Z</end></TimeSpan><styleUrl>#point</styleUrl><Point><altitudeMode>clampToGround</altitudeMode><coordinates>7.245862931013107,45.416741939261556,1972.28</coordinates></Point></Placemark><Placemark><TimeSpan><begin>2019-09-28T11:29:19Z</begin><end>2019-09-28T11:29:31Z</end></TimeSpan><styleUrl>#point</styleUrl><Point><altitudeMode>clampToGround</altitudeMode><coordinates>7.245904505252838,45.416686702519655,1970.3599999999999</coordinates></Point></Placemark><Placemark><TimeSpan><begin>2019-09-28T11:29:31Z</begin><end>2019-09-28T11:29:44Z</end></TimeSpan><styleUrl>#point</styleUrl><Point><altitudeMode>clampToGround</altitudeMode><coordinates>7.245885729789734,45.416639763861895,1966.99</coordinates></Point></Placemark><Placemark><TimeSpan><begin>2019-09-28T11:29:44Z</begin><end>2019-09-28T11:29:59Z</end></TimeSpan><styleUrl>#point</styleUrl><Point><altitudeMode>clampToGround</altitudeMode><coordinates>7.245767125859857,45.416664406657219,1964.5899999999999</coordinates></Point></Placemark><Placemark><TimeSpan><begin>2019-09-28T11:29:59Z</begin><end>2019-09-28T11:30:08Z</end></TimeSpan><styleUrl>#point</styleUrl><Point><altitudeMode>clampToGround</altitudeMode><coordinates>7.245655562728643,45.416700029745698,1963.1500000000001</coordinates></Point></Placemark><Placemark><TimeSpan><begin>2019-09-28T11:30:08Z</begin><end>2019-09-28T11:30:21Z</end></TimeSpan><styleUrl>#point</styleUrl><Point><altitudeMode>clampToGround</altitudeMode><coordinates>7.245503179728985,45.416782675310969,1961.23</coordinates></Point></Placemark><Placemark><TimeSpan><begin>2019-09-28T11:30:21Z</begin><end>2019-09-28T11:30:32Z</end></TimeSpan><styleUrl>#point</styleUrl><Point><altitudeMode>clampToGround</altitudeMode><coordinates>7.245418606325984,45.416876552626491,1960.27</coordinates></Point></Placemark><Placemark><TimeSpan><begin>2019-09-28T11:30:32Z</begin><end>2019-09-28T11:30:36Z</end></TimeSpan><styleUrl>#point</styleUrl><Point><altitudeMode>clampToGround</altitudeMode><coordinates>7.245400417596102,45.416904464364052,1960.27</coordinates></Point></Placemark><Placemark><TimeSpan><begin>2019-09-28T11:30:36Z</begin><end>2019-09-28T11:30:41Z</end></TimeSpan><styleUrl>#point</styleUrl><Point><altitudeMode>clampToGround</altitudeMode><coordinates>7.24535197019577,45.416944278404117,1959.78</coordinates></Point></Placemark><Placemark><TimeSpan><begin>2019-09-28T11:30:41Z</begin><end>2019-09-28T11:30:46Z</end></TimeSpan><styleUrl>#point</styleUrl><Point><altitudeMode>clampToGround</altitudeMode><coordinates>7.245378540828824,45.41699088178575,1958.3399999999999</coordinates></Point></Placemark><Placemark><TimeSpan><begin>2019-09-28T11:30:46Z</begin><end>2019-09-28T11:30:59Z</end></TimeSpan><styleUrl>#point</styleUrl><Point><altitudeMode>clampToGround</altitudeMode><coordinates>7.245442494750023,45.417072521522641,1957.3800000000001</coordinates></Point></Placemark><Placemark><TimeSpan><begin>2019-09-28T11:30:59Z</begin><end>2019-09-28T11:31:13Z</end></TimeSpan><styleUrl>#point</styleUrl><Point><altitudeMode>clampToGround</altitudeMode><coordinates>7.245461437851191,45.417198417708278,1956.4200000000001</coordinates></Point></Placemark><Placemark><TimeSpan><begin>2019-09-28T11:31:13Z</begin><end>2019-09-28T11:31:25Z</end></TimeSpan><styleUrl>#point</styleUrl><Point><altitudeMode>clampToGround</altitudeMode><coordinates>7.245445428416133,45.417318614199758,1954.02</coordinates></Point></Placemark><Placemark><TimeSpan><begin>2019-09-28T11:31:25Z</begin><end>2019-09-28T11:31:41Z</end></TimeSpan><styleUrl>#point</styleUrl><Point><altitudeMode>clampToGround</altitudeMode><coordinates>7.245364543050528,45.417411150410771,1951.1300000000001</coordinates></Point></Placemark><Placemark><TimeSpan><begin>2019-09-28T11:31:41Z</begin><end>2019-09-28T11:31:53Z</end></TimeSpan><styleUrl>#point</styleUrl><Point><altitudeMode>clampToGround</altitudeMode><coordinates>7.245294135063887,45.417486000806093,1948.73</coordinates></Point></Placemark><Placemark><TimeSpan><begin>2019-09-28T11:31:53Z</begin><end>2019-09-28T11:32:04Z</end></TimeSpan><styleUrl>#point</styleUrl><Point><altitudeMode>clampToGround</altitudeMode><coordinates>7.245232779532671,45.417546853423119,1947.77</coordinates></Point></Placemark><Placemark><TimeSpan><begin>2019-09-28T11:32:04Z</begin><end>2019-09-28T11:32:16Z</end></TimeSpan><styleUrl>#point</styleUrl><Point><altitudeMode>clampToGround</altitudeMode><coordinates>7.245161030441523,45.417586667463183,1945.3599999999999</coordinates></Point></Placemark><Placemark><TimeSpan><begin>2019-09-28T11:32:16Z</begin><end>2019-09-28T11:32:29Z</end></TimeSpan><styleUrl>#point</styleUrl><Point><altitudeMode>clampToGround</altitudeMode><coordinates>7.245093807578087,45.417630923911929,1944.4000000000001</coordinates></Point></Placemark><Placemark><TimeSpan><begin>2019-09-28T11:32:29Z</begin><end>2019-09-28T11:32:41Z</end></TimeSpan><styleUrl>#point</styleUrl><Point><altitudeMode>clampToGround</altitudeMode><coordinates>7.244982412084937,45.417678700760007,1942</coordinates></Point></Placemark><Placemark><TimeSpan><begin>2019-09-28T11:32:41Z</begin><end>2019-09-28T11:32:54Z</end></TimeSpan><styleUrl>#point</styleUrl><Point><altitudeMode>clampToGround</altitudeMode><coordinates>7.244947711005807,45.417747935280204,1940.0799999999999</coordinates></Point></Placemark><Placemark><TimeSpan><begin>2019-09-28T11:32:54Z</begin><end>2019-09-28T11:33:07Z</end></TimeSpan><styleUrl>#point</styleUrl><Point><altitudeMode>clampToGround</altitudeMode><coordinates>7.244951231405139,45.417706361040473,1937.6700000000001</coordinates></Point></Placemark><Placemark><TimeSpan><begin>2019-09-28T11:33:07Z</begin><end>2019-09-28T11:33:25Z</end></TimeSpan><styleUrl>#point</styleUrl><Point><altitudeMode>clampToGround</altitudeMode><coordinates>7.244910327717662,45.417756820097566,1936.71</coordinates></Point></Placemark><Placemark><TimeSpan><begin>2019-09-28T11:33:25Z</begin><end>2019-09-28T11:33:37Z</end></TimeSpan><styleUrl>#point</styleUrl><Point><altitudeMode>clampToGround</altitudeMode><coordinates>7.244872692972422,45.417744414880872,1935.27</coordinates></Point></Placemark><Placemark><TimeSpan><begin>2019-09-28T11:33:37Z</begin><end>2019-09-28T11:33:50Z</end></TimeSpan><styleUrl>#point</styleUrl><Point><altitudeMode>clampToGround</altitudeMode><coordinates>7.244796920567751,45.417763525620103,1932.8699999999999</coordinates></Point></Placemark><Placemark><TimeSpan><begin>2019-09-28T11:33:50Z</begin><end>2019-09-28T11:34:03Z</end></TimeSpan><styleUrl>#point</styleUrl><Point><altitudeMode>clampToGround</altitudeMode><coordinates>7.244740342721343,45.417747600004077,1930.46</coordinates></Point></Placemark><Placemark><TimeSpan><begin>2019-09-28T11:34:03Z</begin><end>2019-09-28T11:34:18Z</end></TimeSpan><styleUrl>#point</styleUrl><Point><altitudeMode>clampToGround</altitudeMode><coordinates>7.244735565036535,45.417645508423448,1928.0599999999999</coordinates></Point></Placemark><Placemark><TimeSpan><begin>2019-09-28T11:34:18Z</begin><end>2019-09-28T11:34:31Z</end></TimeSpan><styleUrl>#point</styleUrl><Point><altitudeMode>clampToGround</altitudeMode><coordinates>7.244698097929359,45.417588176205754,1926.1400000000001</coordinates></Point></Placemark><Placemark><TimeSpan><begin>2019-09-28T11:34:31Z</begin><end>2019-09-28T11:34:43Z</end></TimeSpan><styleUrl>#point</styleUrl><Point><altitudeMode>clampToGround</altitudeMode><coordinates>7.244593324139714,45.417589182034135,1924.22</coordinates></Point></Placemark><Placemark><TimeSpan><begin>2019-09-28T11:34:43Z</begin><end>2019-09-28T11:34:55Z</end></TimeSpan><styleUrl>#point</styleUrl><Point><altitudeMode>clampToGround</altitudeMode><coordinates>7.244544457644224,45.417651459574699,1924.22</coordinates></Point></Placemark><Placemark><TimeSpan><begin>2019-09-28T11:34:55Z</begin><end>2019-09-28T11:35:01Z</end></TimeSpan><styleUrl>#point</styleUrl><Point><altitudeMode>clampToGround</altitudeMode><coordinates>7.244522329419851,45.417618853971362,1922.77</coordinates></Point></Placemark><Placemark><TimeSpan><begin>2019-09-28T11:35:01Z</begin><end>2019-09-28T11:35:11Z</end></TimeSpan><styleUrl>#point</styleUrl><Point><altitudeMode>clampToGround</altitudeMode><coordinates>7.244455693289638,45.417650789022446,1921.3299999999999</coordinates></Point></Placemark><Placemark><TimeSpan><begin>2019-09-28T11:35:11Z</begin><end>2019-09-28T11:35:26Z</end></TimeSpan><styleUrl>#point</styleUrl><Point><altitudeMode>clampToGround</altitudeMode><coordinates>7.244295682758093,45.417720023542643,1917.97</coordinates></Point></Placemark><Placemark><TimeSpan><begin>2019-09-28T11:35:26Z</begin><end>2019-09-28T11:35:31Z</end></TimeSpan><styleUrl>#point</styleUrl><Point><altitudeMode>clampToGround</altitudeMode><coordinates>7.244237428531051,45.417747516185045,1917.49</coordinates></Point></Placemark><Placemark><TimeSpan><begin>2019-09-28T11:35:31Z</begin><end>2019-09-28T11:35:46Z</end></TimeSpan><styleUrl>#point</styleUrl><Point><altitudeMode>clampToGround</altitudeMode><coordinates>7.244180012494326,45.417884476482868,1917.01</coordinates></Point></Placemark><Placemark><TimeSpan><begin>2019-09-28T11:35:46Z</begin><end>2019-09-28T11:36:01Z</end></TimeSpan><styleUrl>#point</styleUrl><Point><altitudeMode>clampToGround</altitudeMode><coordinates>7.244095858186483,45.41798715479672,1915.5599999999999</coordinates></Point></Placemark><Placemark><TimeSpan><begin>2019-09-28T11:36:01Z</begin><end>2019-09-28T11:36:13Z</end></TimeSpan><styleUrl>#point</styleUrl><Point><altitudeMode>clampToGround</altitudeMode><coordinates>7.244038106873632,45.41809125803411,1914.5999999999999</coordinates></Point></Placemark><Placemark><TimeSpan><begin>2019-09-28T11:36:13Z</begin><end>2019-09-28T11:36:25Z</end></TimeSpan><styleUrl>#point</styleUrl><Point><altitudeMode>clampToGround</altitudeMode><coordinates>7.243984714150429,45.418154122307897,1914.5999999999999</coordinates></Point></Placemark><Placemark><TimeSpan><begin>2019-09-28T11:36:25Z</begin><end>2019-09-28T11:36:38Z</end></TimeSpan><styleUrl>#point</styleUrl><Point><altitudeMode>clampToGround</altitudeMode><coordinates>7.243883209303021,45.418240623548627,1912.6800000000001</coordinates></Point></Placemark><Placemark><TimeSpan><begin>2019-09-28T11:36:38Z</begin><end>2019-09-28T11:36:40Z</end></TimeSpan><styleUrl>#point</styleUrl><Point><altitudeMode>clampToGround</altitudeMode><coordinates>7.243863679468632,45.418259147554636,1912.6800000000001</coordinates></Point></Placemark><Placemark><TimeSpan><begin>2019-09-28T11:36:40Z</begin><end>2019-09-28T11:36:51Z</end></TimeSpan><styleUrl>#point</styleUrl><Point><altitudeMode>clampToGround</altitudeMode><coordinates>7.243736945092678,45.418330058455467,1910.28</coordinates></Point></Placemark><Placemark><TimeSpan><begin>2019-09-28T11:36:51Z</begin><end>2019-09-28T11:37:05Z</end></TimeSpan><styleUrl>#point</styleUrl><Point><altitudeMode>clampToGround</altitudeMode><coordinates>7.243586406111717,45.418423181399703,1909.8</coordinates></Point></Placemark><Placemark><TimeSpan><begin>2019-09-28T11:37:05Z</begin><end>2019-09-28T11:37:19Z</end></TimeSpan><styleUrl>#point</styleUrl><Point><altitudeMode>clampToGround</altitudeMode><coordinates>7.243453972041607,45.418532565236092,1907.8699999999999</coordinates></Point></Placemark><Placemark><TimeSpan><begin>2019-09-28T11:37:19Z</begin><end>2019-09-28T11:37:30Z</end></TimeSpan><styleUrl>#point</styleUrl><Point><altitudeMode>clampToGround</altitudeMode><coordinates>7.243414325639606,45.418629208579659,1907.3900000000001</coordinates></Point></Placemark><Placemark><TimeSpan><begin>2019-09-28T11:37:30Z</begin><end>2019-09-28T11:37:41Z</end></TimeSpan><styleUrl>#point</styleUrl><Point><altitudeMode>clampToGround</altitudeMode><coordinates>7.243303265422583,45.418658461421728,1904.99</coordinates></Point></Placemark><Placemark><TimeSpan><begin>2019-09-28T11:37:41Z</begin><end>2019-09-28T11:37:54Z</end></TimeSpan><styleUrl>#point</styleUrl><Point><altitudeMode>clampToGround</altitudeMode><coordinates>7.243153648450971,45.418697437271476,1902.5899999999999</coordinates></Point></Placemark><Placemark><TimeSpan><begin>2019-09-28T11:37:54Z</begin><end>2019-09-28T11:37:57Z</end></TimeSpan><styleUrl>#point</styleUrl><Point><altitudeMode>clampToGround</altitudeMode><coordinates>7.243120288476348,45.418707663193345,1902.1099999999999</coordinates></Point></Placemark><Placemark><TimeSpan><begin>2019-09-28T11:37:57Z</begin><end>2019-09-28T11:38:02Z</end></TimeSpan><styleUrl>#point</styleUrl><Point><altitudeMode>clampToGround</altitudeMode><coordinates>7.243065219372511,45.41874211281538,1901.1400000000001</coordinates></Point></Placemark><Placemark><TimeSpan><begin>2019-09-28T11:38:02Z</begin><end>2019-09-28T11:38:06Z</end></TimeSpan><styleUrl>#point</styleUrl><Point><altitudeMode>clampToGround</altitudeMode><coordinates>7.243041917681694,45.418776143342257,1900.6600000000001</coordinates></Point></Placemark><Placemark><TimeSpan><begin>2019-09-28T11:38:06Z</begin><end>2019-09-28T11:38:09Z</end></TimeSpan><styleUrl>#point</styleUrl><Point><altitudeMode>clampToGround</altitudeMode><coordinates>7.243022136390209,45.418805480003357,1900.1800000000001</coordinates></Point></Placemark><Placemark><TimeSpan><begin>2019-09-28T11:38:09Z</begin><end>2019-09-28T11:38:17Z</end></TimeSpan><styleUrl>#point</styleUrl><Point><altitudeMode>clampToGround</altitudeMode><coordinates>7.24290587939322,45.418846216052771,1898.74</coordinates></Point></Placemark><Placemark><TimeSpan><begin>2019-09-28T11:38:17Z</begin><end>2019-09-28T11:38:19Z</end></TimeSpan><styleUrl>#point</styleUrl><Point><altitudeMode>clampToGround</altitudeMode><coordinates>7.242886936292052,45.418860381469131,1898.74</coordinates></Point></Placemark><Placemark><TimeSpan><begin>2019-09-28T11:38:19Z</begin><end>2019-09-28T11:38:33Z</end></TimeSpan><styleUrl>#point</styleUrl><Point><altitudeMode>clampToGround</altitudeMode><coordinates>7.242761123925448,45.418983595445752,1897.3</coordinates></Point></Placemark><Placemark><TimeSpan><begin>2019-09-28T11:38:33Z</begin><end>2019-09-28T11:38:38Z</end></TimeSpan><styleUrl>#point</styleUrl><Point><altitudeMode>clampToGround</altitudeMode><coordinates>7.242730697616935,45.419029695913196,1897.3</coordinates></Point></Placemark><Placemark><TimeSpan><begin>2019-09-28T11:38:38Z</begin><end>2019-09-28T11:38:52Z</end></TimeSpan><styleUrl>#point</styleUrl><Point><altitudeMode>clampToGround</altitudeMode><coordinates>7.242535734549165,45.41912374086678,1895.8599999999999</coordinates></Point></Placemark><Placemark><TimeSpan><begin>2019-09-28T11:38:52Z</begin><end>2019-09-28T11:39:03Z</end></TimeSpan><styleUrl>#point</styleUrl><Point><altitudeMode>clampToGround</altitudeMode><coordinates>7.242425344884396,45.419193059206009,1895.3800000000001</coordinates></Point></Placemark><Placemark><TimeSpan><begin>2019-09-28T11:39:03Z</begin><end>2019-09-28T11:39:21Z</end></TimeSpan><styleUrl>#point</styleUrl><Point><altitudeMode>clampToGround</altitudeMode><coordinates>7.242424925789237,45.419152742251754,1894.9000000000001</coordinates></Point></Placemark><Placemark><TimeSpan><begin>2019-09-28T11:39:21Z</begin><end>2019-09-28T11:39:28Z</end></TimeSpan><styleUrl>#point</styleUrl><Point><altitudeMode>clampToGround</altitudeMode><coordinates>7.242363654077053,45.419125081971288,1892.97</coordinates></Point></Placemark><Placemark><TimeSpan><begin>2019-09-28T11:39:28Z</begin><end>2019-09-28T11:39:34Z</end></TimeSpan><styleUrl>#point</styleUrl><Point><altitudeMode>clampToGround</altitudeMode><coordinates>7.242298442870379,45.419142013415694,1892.01</coordinates></Point></Placemark><Placemark><TimeSpan><begin>2019-09-28T11:39:34Z</begin><end>2019-09-28T11:39:46Z</end></TimeSpan><styleUrl>#point</styleUrl><Point><altitudeMode>clampToGround</altitudeMode><coordinates>7.242250414565206,45.419067079201341,1889.6099999999999</coordinates></Point></Placemark><Placemark><TimeSpan><begin>2019-09-28T11:39:46Z</begin><end>2019-09-28T11:39:58Z</end></TimeSpan><styleUrl>#point</styleUrl><Point><altitudeMode>clampToGround</altitudeMode><coordinates>7.242236416786909,45.418970268219709,1886.24</coordinates></Point></Placemark><Placemark><TimeSpan><begin>2019-09-28T11:39:58Z</begin><end>2019-09-28T11:40:02Z</end></TimeSpan><styleUrl>#point</styleUrl><Point><altitudeMode>clampToGround</altitudeMode><coordinates>7.242237506434321,45.418932046741247,1885.28</coordinates></Point></Placemark><Placemark><TimeSpan><begin>2019-09-28T11:40:02Z</begin><end>2019-09-28T11:40:06Z</end></TimeSpan><styleUrl>#point</styleUrl><Point><altitudeMode>clampToGround</altitudeMode><coordinates>7.242234572768211,45.418896088376641,1884.3199999999999</coordinates></Point></Placemark><Placemark><TimeSpan><begin>2019-09-28T11:40:06Z</begin><end>2019-09-28T11:40:09Z</end></TimeSpan><styleUrl>#point</styleUrl><Point><altitudeMode>clampToGround</altitudeMode><coordinates>7.242222838103771,45.418867086991668,1883.8399999999999</coordinates></Point></Placemark><Placemark><TimeSpan><begin>2019-09-28T11:40:09Z</begin><end>2019-09-28T11:40:17Z</end></TimeSpan><styleUrl>#point</styleUrl><Point><altitudeMode>clampToGround</altitudeMode><coordinates>7.242217808961868,45.418801205232739,1882.4000000000001</coordinates></Point></Placemark><Placemark><TimeSpan><begin>2019-09-28T11:40:17Z</begin><end>2019-09-28T11:40:28Z</end></TimeSpan><styleUrl>#point</styleUrl><Point><altitudeMode>clampToGround</altitudeMode><coordinates>7.242148406803608,45.418694252148271,1878.0699999999999</coordinates></Point></Placemark><Placemark><TimeSpan><begin>2019-09-28T11:40:28Z</begin><end>2019-09-28T11:40:41Z</end></TimeSpan><styleUrl>#point</styleUrl><Point><altitudeMode>clampToGround</altitudeMode><coordinates>7.242090404033661,45.41859894990921,1876.6300000000001</coordinates></Point></Placemark><Placemark><TimeSpan><begin>2019-09-28T11:40:41Z</begin><end>2019-09-28T11:40:53Z</end></TimeSpan><styleUrl>#point</styleUrl><Point><altitudeMode>clampToGround</altitudeMode><coordinates>7.242000885307789,45.418576570227742,1877.1099999999999</coordinates></Point></Placemark><Placemark><TimeSpan><begin>2019-09-28T11:40:53Z</begin><end>2019-09-28T11:40:55Z</end></TimeSpan><styleUrl>#point</styleUrl><Point><altitudeMode>clampToGround</altitudeMode><coordinates>7.241977835074067,45.418575312942266,1877.1099999999999</coordinates></Point></Placemark><Placemark><TimeSpan><begin>2019-09-28T11:40:55Z</begin><end>2019-09-28T11:41:03Z</end></TimeSpan><styleUrl>#point</styleUrl><Point><altitudeMode>clampToGround</altitudeMode><coordinates>7.241879850625992,45.418577492237091,1876.6300000000001</coordinates></Point></Placemark><Placemark><TimeSpan><begin>2019-09-28T11:41:03Z</begin><end>2019-09-28T11:41:06Z</end></TimeSpan><styleUrl>#point</styleUrl><Point><altitudeMode>clampToGround</altitudeMode><coordinates>7.241849172860384,45.4185994528234,1876.6300000000001</coordinates></Point></Placemark><Placemark><TimeSpan><begin>2019-09-28T11:41:06Z</begin><end>2019-09-28T11:41:20Z</end></TimeSpan><styleUrl>#point</styleUrl><Point><altitudeMode>clampToGround</altitudeMode><coordinates>7.241734592244029,45.418729120865464,1876.1500000000001</coordinates></Point></Placemark><Placemark><TimeSpan><begin>2019-09-28T11:41:20Z</begin><end>2019-09-28T11:41:34Z</end></TimeSpan><styleUrl>#point</styleUrl><Point><altitudeMode>clampToGround</altitudeMode><coordinates>7.241693856194615,45.418869350105524,1875.6700000000001</coordinates></Point></Placemark><Placemark><TimeSpan><begin>2019-09-28T11:41:34Z</begin><end>2019-09-28T11:41:46Z</end></TimeSpan><styleUrl>#point</styleUrl><Point><altitudeMode>clampToGround</altitudeMode><coordinates>7.241634931415319,45.418977309018373,1875.1900000000001</coordinates></Point></Placemark><Placemark><TimeSpan><begin>2019-09-28T11:41:46Z</begin><end>2019-09-28T11:41:58Z</end></TimeSpan><styleUrl>#point</styleUrl><Point><altitudeMode>clampToGround</altitudeMode><coordinates>7.241582544520497,45.419096248224378,1874.71</coordinates></Point></Placemark><Placemark><TimeSpan><begin>2019-09-28T11:41:58Z</begin><end>2019-09-28T11:42:13Z</end></TimeSpan><styleUrl>#point</styleUrl><Point><altitudeMode>clampToGround</altitudeMode><coordinates>7.241519093513489,45.419248882681131,1873.27</coordinates></Point></Placemark><Placemark><TimeSpan><begin>2019-09-28T11:42:13Z</begin><end>2019-09-28T11:42:23Z</end></TimeSpan><styleUrl>#point</styleUrl><Point><altitudeMode>clampToGround</altitudeMode><coordinates>7.241502581164241,45.419329097494483,1871.8199999999999</coordinates></Point></Placemark><Placemark><TimeSpan><begin>2019-09-28T11:42:23Z</begin><end>2019-09-28T11:42:35Z</end></TimeSpan><styleUrl>#point</styleUrl><Point><altitudeMode>clampToGround</altitudeMode><coordinates>7.24148103967309,45.419422723352909,1870.3800000000001</coordinates></Point></Placemark><Placemark><TimeSpan><begin>2019-09-28T11:42:35Z</begin><end>2019-09-28T11:42:49Z</end></TimeSpan><styleUrl>#point</styleUrl><Point><altitudeMode>clampToGround</altitudeMode><coordinates>7.241387916728854,45.419539483264089,1869.4200000000001</coordinates></Point></Placemark><Placemark><TimeSpan><begin>2019-09-28T11:42:49Z</begin><end>2019-09-28T11:42:57Z</end></TimeSpan><styleUrl>#point</styleUrl><Point><altitudeMode>clampToGround</altitudeMode><coordinates>7.241365034133196,45.419613914564252,1870.8599999999999</coordinates></Point></Placemark><Placemark><TimeSpan><begin>2019-09-28T11:42:57Z</begin><end>2019-09-28T11:43:00Z</end></TimeSpan><styleUrl>#point</styleUrl><Point><altitudeMode>clampToGround</altitudeMode><coordinates>7.241367967799306,45.419646268710494,1870.8599999999999</coordinates></Point></Placemark><Placemark><TimeSpan><begin>2019-09-28T11:43:00Z</begin><end>2019-09-28T11:43:13Z</end></TimeSpan><styleUrl>#point</styleUrl><Point><altitudeMode>clampToGround</altitudeMode><coordinates>7.241348270326853,45.419778535142541,1868.9400000000001</coordinates></Point></Placemark><Placemark><TimeSpan><begin>2019-09-28T11:43:13Z</begin><end>2019-09-28T11:43:28Z</end></TimeSpan><styleUrl>#point</styleUrl><Point><altitudeMode>clampToGround</altitudeMode><coordinates>7.241245089098811,45.41992949321866,1867.02</coordinates></Point></Placemark><Placemark><TimeSpan><begin>2019-09-28T11:43:28Z</begin><end>2019-09-28T11:43:40Z</end></TimeSpan><styleUrl>#point</styleUrl><Point><altitudeMode>clampToGround</altitudeMode><coordinates>7.241216590628028,45.420043487101793,1865.5799999999999</coordinates></Point></Placemark><Placemark><TimeSpan><begin>2019-09-28T11:43:40Z</begin><end>2019-09-28T11:43:53Z</end></TimeSpan><styleUrl>#point</styleUrl><Point><altitudeMode>clampToGround</altitudeMode><coordinates>7.241178452968597,45.420136945322156,1865.0899999999999</coordinates></Point></Placemark><Placemark><TimeSpan><begin>2019-09-28T11:43:53Z</begin><end>2019-09-28T11:43:59Z</end></TimeSpan><styleUrl>#point</styleUrl><Point><altitudeMode>clampToGround</altitudeMode><coordinates>7.241158001124859,45.42017181403935,1865.0899999999999</coordinates></Point></Placemark><Placemark><TimeSpan><begin>2019-09-28T11:43:59Z</begin><end>2019-09-28T11:44:07Z</end></TimeSpan><styleUrl>#point</styleUrl><Point><altitudeMode>clampToGround</altitudeMode><coordinates>7.241132687777281,45.420260494574904,1865.0899999999999</coordinates></Point></Placemark><Placemark><TimeSpan><begin>2019-09-28T11:44:07Z</begin><end>2019-09-28T11:44:21Z</end></TimeSpan><styleUrl>#point</styleUrl><Point><altitudeMode>clampToGround</altitudeMode><coordinates>7.241146434098482,45.420386390760541,1863.6500000000001</coordinates></Point></Placemark><Placemark><TimeSpan><begin>2019-09-28T11:44:21Z</begin><end>2019-09-28T11:44:23Z</end></TimeSpan><styleUrl>#point</styleUrl><Point><altitudeMode>clampToGround</altitudeMode><coordinates>7.241136459633708,45.420401142910123,1863.6500000000001</coordinates></Point></Placemark><Placemark><TimeSpan><begin>2019-09-28T11:44:23Z</begin><end>2019-09-28T11:44:38Z</end></TimeSpan><styleUrl>#point</styleUrl><Point><altitudeMode>clampToGround</altitudeMode><coordinates>7.241120785474777,45.420536007732153,1861.25</coordinates></Point></Placemark><Placemark><TimeSpan><begin>2019-09-28T11:44:38Z</begin><end>2019-09-28T11:44:48Z</end></TimeSpan><styleUrl>#point</styleUrl><Point><altitudeMode>clampToGround</altitudeMode><coordinates>7.241053730249405,45.420561321079731,1860.77</coordinates></Point></Placemark><Placemark><TimeSpan><begin>2019-09-28T11:44:48Z</begin><end>2019-09-28T11:45:01Z</end></TimeSpan><styleUrl>#point</styleUrl><Point><altitudeMode>clampToGround</altitudeMode><coordinates>7.241049790754914,45.420638434588909,1858.8499999999999</coordinates></Point></Placemark><Placemark><TimeSpan><begin>2019-09-28T11:45:01Z</begin><end>2019-09-28T11:45:14Z</end></TimeSpan><styleUrl>#point</styleUrl><Point><altitudeMode>clampToGround</altitudeMode><coordinates>7.241014167666435,45.420722253620625,1857.4000000000001</coordinates></Point></Placemark><Placemark><TimeSpan><begin>2019-09-28T11:45:14Z</begin><end>2019-09-28T11:45:17Z</end></TimeSpan><styleUrl>#point</styleUrl><Point><altitudeMode>clampToGround</altitudeMode><coordinates>7.241005450487137,45.420748153701425,1857.4000000000001</coordinates></Point></Placemark><Placemark><TimeSpan><begin>2019-09-28T11:45:17Z</begin><end>2019-09-28T11:45:21Z</end></TimeSpan><styleUrl>#point</styleUrl><Point><altitudeMode>clampToGround</altitudeMode><coordinates>7.240980640053749,45.420789895579219,1856.4400000000001</coordinates></Point></Placemark><Placemark><TimeSpan><begin>2019-09-28T11:45:21Z</begin><end>2019-09-28T11:45:27Z</end></TimeSpan><styleUrl>#point</styleUrl><Point><altitudeMode>clampToGround</altitudeMode><coordinates>7.24092842079699,45.420835828408599,1855.96</coordinates></Point></Placemark><Placemark><TimeSpan><begin>2019-09-28T11:45:27Z</begin><end>2019-09-28T11:45:41Z</end></TimeSpan><styleUrl>#point</styleUrl><Point><altitudeMode>clampToGround</altitudeMode><coordinates>7.240813169628382,45.420899447053671,1854.52</coordinates></Point></Placemark><Placemark><TimeSpan><begin>2019-09-28T11:45:41Z</begin><end>2019-09-28T11:45:53Z</end></TimeSpan><styleUrl>#point</styleUrl><Point><altitudeMode>clampToGround</altitudeMode><coordinates>7.240791041404009,45.420990390703082,1853.0799999999999</coordinates></Point></Placemark><Placemark><TimeSpan><begin>2019-09-28T11:45:53Z</begin><end>2019-09-28T11:46:06Z</end></TimeSpan><styleUrl>#point</styleUrl><Point><altitudeMode>clampToGround</altitudeMode><coordinates>7.240733793005347,45.421077394858003,1852.5999999999999</coordinates></Point></Placemark><Placemark><TimeSpan><begin>2019-09-28T11:46:06Z</begin><end>2019-09-28T11:46:18Z</end></TimeSpan><styleUrl>#point</styleUrl><Point><altitudeMode>clampToGround</altitudeMode><coordinates>7.240710072219372,45.421185186132789,1850.6800000000001</coordinates></Point></Placemark><Placemark><TimeSpan><begin>2019-09-28T11:46:18Z</begin><end>2019-09-28T11:46:31Z</end></TimeSpan><styleUrl>#point</styleUrl><Point><altitudeMode>clampToGround</altitudeMode><coordinates>7.240631617605686,45.421254588291049,1849.71</coordinates></Point></Placemark><Placemark><TimeSpan><begin>2019-09-28T11:46:31Z</begin><end>2019-09-28T11:46:34Z</end></TimeSpan><styleUrl>#point</styleUrl><Point><altitudeMode>clampToGround</altitudeMode><coordinates>7.240609573200345,45.421269088983536,1849.23</coordinates></Point></Placemark><Placemark><TimeSpan><begin>2019-09-28T11:46:34Z</begin><end>2019-09-28T11:46:48Z</end></TimeSpan><styleUrl>#point</styleUrl><Point><altitudeMode>clampToGround</altitudeMode><coordinates>7.240621894598007,45.421365229412913,1846.8299999999999</coordinates></Point></Placemark><Placemark><TimeSpan><begin>2019-09-28T11:46:48Z</begin><end>2019-09-28T11:47:01Z</end></TimeSpan><styleUrl>#point</styleUrl><Point><altitudeMode>clampToGround</altitudeMode><coordinates>7.24062348715961,45.421426082029939,1845.3900000000001</coordinates></Point></Placemark><Placemark><TimeSpan><begin>2019-09-28T11:47:01Z</begin><end>2019-09-28T11:47:13Z</end></TimeSpan><styleUrl>#point</styleUrl><Point><altitudeMode>clampToGround</altitudeMode><coordinates>7.24053849466145,45.421434631571174,1843.47</coordinates></Point></Placemark><Placemark><TimeSpan><begin>2019-09-28T11:47:13Z</begin><end>2019-09-28T11:47:27Z</end></TimeSpan><styleUrl>#point</styleUrl><Point><altitudeMode>clampToGround</altitudeMode><coordinates>7.240383680909872,45.421469919383526,1840.5799999999999</coordinates></Point></Placemark><Placemark><TimeSpan><begin>2019-09-28T11:47:27Z</begin><end>2019-09-28T11:47:39Z</end></TimeSpan><styleUrl>#point</styleUrl><Point><altitudeMode>clampToGround</altitudeMode><coordinates>7.240310087800026,45.421532029286027,1838.6600000000001</coordinates></Point></Placemark><Placemark><TimeSpan><begin>2019-09-28T11:47:39Z</begin><end>2019-09-28T11:47:42Z</end></TimeSpan><styleUrl>#point</styleUrl><Point><altitudeMode>clampToGround</altitudeMode><coordinates>7.240289300680161,45.421551391482353,1837.7</coordinates></Point></Placemark><Placemark><TimeSpan><begin>2019-09-28T11:47:42Z</begin><end>2019-09-28T11:47:54Z</end></TimeSpan><styleUrl>#point</styleUrl><Point><altitudeMode>clampToGround</altitudeMode><coordinates>7.240415951237083,45.421603191643953,1835.77</coordinates></Point></Placemark><Placemark><TimeSpan><begin>2019-09-28T11:47:54Z</begin><end>2019-09-28T11:48:08Z</end></TimeSpan><styleUrl>#point</styleUrl><Point><altitudeMode>clampToGround</altitudeMode><coordinates>7.240605549886823,45.421649543568492,1835.29</coordinates></Point></Placemark><Placemark><TimeSpan><begin>2019-09-28T11:48:08Z</begin><end>2019-09-28T11:48:20Z</end></TimeSpan><styleUrl>#point</styleUrl><Point><altitudeMode>clampToGround</altitudeMode><coordinates>7.240736307576299,45.421711402013898,1833.8499999999999</coordinates></Point></Placemark><Placemark><TimeSpan><begin>2019-09-28T11:48:20Z</begin><end>2019-09-28T11:48:33Z</end></TimeSpan><styleUrl>#point</styleUrl><Point><altitudeMode>clampToGround</altitudeMode><coordinates>7.240734044462442,45.421757586300373,1831.45</coordinates></Point></Placemark><Placemark><TimeSpan><begin>2019-09-28T11:48:33Z</begin><end>2019-09-28T11:48:45Z</end></TimeSpan><styleUrl>#point</styleUrl><Point><altitudeMode>clampToGround</altitudeMode><coordinates>7.240698672831059,45.421850876882672,1828.5599999999999</coordinates></Point></Placemark><Placemark><TimeSpan><begin>2019-09-28T11:48:45Z</begin><end>2019-09-28T11:48:57Z</end></TimeSpan><styleUrl>#point</styleUrl><Point><altitudeMode>clampToGround</altitudeMode><coordinates>7.240651398897171,45.421905945986509,1825.6800000000001</coordinates></Point></Placemark><Placemark><TimeSpan><begin>2019-09-28T11:48:57Z</begin><end>2019-09-28T11:49:08Z</end></TimeSpan><styleUrl>#point</styleUrl><Point><altitudeMode>clampToGround</altitudeMode><coordinates>7.240567160770297,45.42193042114377,1822.8</coordinates></Point></Placemark><Placemark><TimeSpan><begin>2019-09-28T11:49:08Z</begin><end>2019-09-28T11:49:22Z</end></TimeSpan><styleUrl>#point</styleUrl><Point><altitudeMode>clampToGround</altitudeMode><coordinates>7.240505637601018,45.421983394771814,1820.3900000000001</coordinates></Point></Placemark><Placemark><TimeSpan><begin>2019-09-28T11:49:22Z</begin><end>2019-09-28T11:49:27Z</end></TimeSpan><styleUrl>#point</styleUrl><Point><altitudeMode>clampToGround</altitudeMode><coordinates>7.240471355617046,45.421992195770144,1818.95</coordinates></Point></Placemark><Placemark><TimeSpan><begin>2019-09-28T11:49:27Z</begin><end>2019-09-28T11:49:39Z</end></TimeSpan><styleUrl>#point</styleUrl><Point><altitudeMode>clampToGround</altitudeMode><coordinates>7.240416537970305,45.422002086415887,1817.03</coordinates></Point></Placemark><Placemark><TimeSpan><begin>2019-09-28T11:49:39Z</begin><end>2019-09-28T11:49:45Z</end></TimeSpan><styleUrl>#point</styleUrl><Point><altitudeMode>clampToGround</altitudeMode><coordinates>7.240359289571643,45.421995129436255,1814.6300000000001</coordinates></Point></Placemark><Placemark><TimeSpan><begin>2019-09-28T11:49:45Z</begin><end>2019-09-28T11:49:56Z</end></TimeSpan><styleUrl>#point</styleUrl><Point><altitudeMode>clampToGround</altitudeMode><coordinates>7.240216378122568,45.422054640948772,1812.22</coordinates></Point></Placemark><Placemark><TimeSpan><begin>2019-09-28T11:49:56Z</begin><end>2019-09-28T11:50:09Z</end></TimeSpan><styleUrl>#point</styleUrl><Point><altitudeMode>clampToGround</altitudeMode><coordinates>7.240126440301538,45.422150446102023,1808.8599999999999</coordinates></Point></Placemark><Placemark><TimeSpan><begin>2019-09-28T11:50:09Z</begin><end>2019-09-28T11:50:20Z</end></TimeSpan><styleUrl>#point</styleUrl><Point><altitudeMode>clampToGround</altitudeMode><coordinates>7.240021247416735,45.422195540741086,1807.9000000000001</coordinates></Point></Placemark><Placemark><TimeSpan><begin>2019-09-28T11:50:20Z</begin><end>2019-09-28T11:50:33Z</end></TimeSpan><styleUrl>#point</styleUrl><Point><altitudeMode>clampToGround</altitudeMode><coordinates>7.239910773932934,45.42222211137414,1805.49</coordinates></Point></Placemark><Placemark><TimeSpan><begin>2019-09-28T11:50:33Z</begin><end>2019-09-28T11:50:45Z</end></TimeSpan><styleUrl>#point</styleUrl><Point><altitudeMode>clampToGround</altitudeMode><coordinates>7.239848831668496,45.422281706705689,1803.0899999999999</coordinates></Point></Placemark><Placemark><TimeSpan><begin>2019-09-28T11:50:45Z</begin><end>2019-09-28T11:50:56Z</end></TimeSpan><styleUrl>#point</styleUrl><Point><altitudeMode>clampToGround</altitudeMode><coordinates>7.239895015954971,45.422348761931062,1800.6900000000001</coordinates></Point></Placemark><Placemark><TimeSpan><begin>2019-09-28T11:50:56Z</begin><end>2019-09-28T11:51:09Z</end></TimeSpan><styleUrl>#point</styleUrl><Point><altitudeMode>clampToGround</altitudeMode><coordinates>7.239891327917576,45.422391844913363,1798.76</coordinates></Point></Placemark><Placemark><TimeSpan><begin>2019-09-28T11:51:09Z</begin><end>2019-09-28T11:51:24Z</end></TimeSpan><styleUrl>#point</styleUrl><Point><altitudeMode>clampToGround</altitudeMode><coordinates>7.239771131426096,45.422447416931391,1795.8800000000001</coordinates></Point></Placemark><Placemark><TimeSpan><begin>2019-09-28T11:51:24Z</begin><end>2019-09-28T11:51:39Z</end></TimeSpan><styleUrl>#point</styleUrl><Point><altitudeMode>clampToGround</altitudeMode><coordinates>7.239726204425097,45.422457559034228,1794.4400000000001</coordinates></Point></Placemark><Placemark><TimeSpan><begin>2019-09-28T11:51:39Z</begin><end>2019-09-28T11:51:53Z</end></TimeSpan><styleUrl>#point</styleUrl><Point><altitudeMode>clampToGround</altitudeMode><coordinates>7.239612126722932,45.422504665330052,1792.03</coordinates></Point></Placemark><Placemark><TimeSpan><begin>2019-09-28T11:51:53Z</begin><end>2019-09-28T11:52:05Z</end></TimeSpan><styleUrl>#point</styleUrl><Point><altitudeMode>clampToGround</altitudeMode><coordinates>7.239714302122593,45.422623353078961,1790.1099999999999</coordinates></Point></Placemark><Placemark><TimeSpan><begin>2019-09-28T11:52:05Z</begin><end>2019-09-28T11:52:17Z</end></TimeSpan><styleUrl>#point</styleUrl><Point><altitudeMode>clampToGround</altitudeMode><coordinates>7.239709608256817,45.422694850713015,1788.1900000000001</coordinates></Point></Placemark><Placemark><TimeSpan><begin>2019-09-28T11:52:17Z</begin><end>2019-09-28T11:52:29Z</end></TimeSpan><styleUrl>#point</styleUrl><Point><altitudeMode>clampToGround</altitudeMode><coordinates>7.239643977954984,45.422648247331381,1786.75</coordinates></Point></Placemark><Placemark><TimeSpan><begin>2019-09-28T11:52:29Z</begin><end>2019-09-28T11:52:42Z</end></TimeSpan><styleUrl>#point</styleUrl><Point><altitudeMode>clampToGround</altitudeMode><coordinates>7.239525625482202,45.42261840775609,1784.3399999999999</coordinates></Point></Placemark><Placemark><TimeSpan><begin>2019-09-28T11:52:42Z</begin><end>2019-09-28T11:52:57Z</end></TimeSpan><styleUrl>#point</styleUrl><Point><altitudeMode>clampToGround</altitudeMode><coordinates>7.239396460354328,45.422623520717025,1781.46</coordinates></Point></Placemark><Placemark><TimeSpan><begin>2019-09-28T11:52:57Z</begin><end>2019-09-28T11:53:10Z</end></TimeSpan><styleUrl>#point</styleUrl><Point><altitudeMode>clampToGround</altitudeMode><coordinates>7.239264277741313,45.422621257603168,1779.54</coordinates></Point></Placemark><Placemark><TimeSpan><begin>2019-09-28T11:53:10Z</begin><end>2019-09-28T11:53:22Z</end></TimeSpan><styleUrl>#point</styleUrl><Point><altitudeMode>clampToGround</altitudeMode><coordinates>7.239152882248163,45.422624023631215,1778.0999999999999</coordinates></Point></Placemark><Placemark><TimeSpan><begin>2019-09-28T11:53:22Z</begin><end>2019-09-28T11:53:34Z</end></TimeSpan><styleUrl>#point</styleUrl><Point><altitudeMode>clampToGround</altitudeMode><coordinates>7.23909504711628,45.422649253159761,1775.6900000000001</coordinates></Point></Placemark><Placemark><TimeSpan><begin>2019-09-28T11:53:34Z</begin><end>2019-09-28T11:53:47Z</end></TimeSpan><styleUrl>#point</styleUrl><Point><altitudeMode>clampToGround</altitudeMode><coordinates>7.239018939435482,45.422623604536057,1774.25</coordinates></Point></Placemark><Placemark><TimeSpan><begin>2019-09-28T11:53:47Z</begin><end>2019-09-28T11:53:59Z</end></TimeSpan><styleUrl>#point</styleUrl><Point><altitudeMode>clampToGround</altitudeMode><coordinates>7.238930594176054,45.422651516273618,1772.3299999999999</coordinates></Point></Placemark><Placemark><TimeSpan><begin>2019-09-28T11:53:59Z</begin><end>2019-09-28T11:54:09Z</end></TimeSpan><styleUrl>#point</styleUrl><Point><altitudeMode>clampToGround</altitudeMode><coordinates>7.238849373534322,45.422698371112347,1770.4100000000001</coordinates></Point></Placemark><Placemark><TimeSpan><begin>2019-09-28T11:54:09Z</begin><end>2019-09-28T11:54:23Z</end></TimeSpan><styleUrl>#point</styleUrl><Point><altitudeMode>clampToGround</altitudeMode><coordinates>7.238726411014795,45.422731228172779,1768</coordinates></Point></Placemark><Placemark><TimeSpan><begin>2019-09-28T11:54:23Z</begin><end>2019-09-28T11:54:36Z</end></TimeSpan><styleUrl>#point</styleUrl><Point><altitudeMode>clampToGround</altitudeMode><coordinates>7.23864552564919,45.422747991979122,1766.0799999999999</coordinates></Point></Placemark><Placemark><TimeSpan><begin>2019-09-28T11:54:36Z</begin><end>2019-09-28T11:54:49Z</end></TimeSpan><styleUrl>#point</styleUrl><Point><altitudeMode>clampToGround</altitudeMode><coordinates>7.238518539816141,45.422710357233882,1763.6800000000001</coordinates></Point></Placemark><Placemark><TimeSpan><begin>2019-09-28T11:54:49Z</begin><end>2019-09-28T11:54:54Z</end></TimeSpan><styleUrl>#point</styleUrl><Point><altitudeMode>clampToGround</altitudeMode><coordinates>7.238481240347028,45.422727791592479,1763.2</coordinates></Point></Placemark><Placemark><TimeSpan><begin>2019-09-28T11:54:54Z</begin><end>2019-09-28T11:54:56Z</end></TimeSpan><styleUrl>#point</styleUrl><Point><altitudeMode>clampToGround</altitudeMode><coordinates>7.238454753533006,45.422728126868606,1762.23</coordinates></Point></Placemark><Placemark><TimeSpan><begin>2019-09-28T11:54:56Z</begin><end>2019-09-28T11:55:09Z</end></TimeSpan><styleUrl>#point</styleUrl><Point><altitudeMode>clampToGround</altitudeMode><coordinates>7.238300358876586,45.422737933695316,1761.75</coordinates></Point></Placemark><Placemark><TimeSpan><begin>2019-09-28T11:55:09Z</begin><end>2019-09-28T11:55:23Z</end></TimeSpan><styleUrl>#point</styleUrl><Point><altitudeMode>clampToGround</altitudeMode><coordinates>7.238166583701968,45.422788225114346,1759.3499999999999</coordinates></Point></Placemark><Placemark><TimeSpan><begin>2019-09-28T11:55:23Z</begin><end>2019-09-28T11:55:36Z</end></TimeSpan><styleUrl>#point</styleUrl><Point><altitudeMode>clampToGround</altitudeMode><coordinates>7.238000119104981,45.42274933308363,1757.9100000000001</coordinates></Point></Placemark><Placemark><TimeSpan><begin>2019-09-28T11:55:36Z</begin><end>2019-09-28T11:55:49Z</end></TimeSpan><styleUrl>#point</styleUrl><Point><altitudeMode>clampToGround</altitudeMode><coordinates>7.237894674763084,45.422798283398151,1755.5</coordinates></Point></Placemark><Placemark><TimeSpan><begin>2019-09-28T11:55:49Z</begin><end>2019-09-28T11:56:00Z</end></TimeSpan><styleUrl>#point</styleUrl><Point><altitudeMode>clampToGround</altitudeMode><coordinates>7.237957706674933,45.422859219834208,1753.5799999999999</coordinates></Point></Placemark><Placemark><TimeSpan><begin>2019-09-28T11:56:00Z</begin><end>2019-09-28T11:56:01Z</end></TimeSpan><styleUrl>#point</styleUrl><Point><altitudeMode>clampToGround</altitudeMode><coordinates>7.237972794100642,45.422867350280285,1753.0999999999999</coordinates></Point></Placemark><Placemark><TimeSpan><begin>2019-09-28T11:56:01Z</begin><end>2019-09-28T11:56:15Z</end></TimeSpan><styleUrl>#point</styleUrl><Point><altitudeMode>clampToGround</altitudeMode><coordinates>7.238157195970416,45.422942703589797,1751.6600000000001</coordinates></Point></Placemark><Placemark><TimeSpan><begin>2019-09-28T11:56:15Z</begin><end>2019-09-28T11:56:31Z</end></TimeSpan><styleUrl>#point</styleUrl><Point><altitudeMode>clampToGround</altitudeMode><coordinates>7.238268088549376,45.422973968088627,1748.29</coordinates></Point></Placemark><Placemark><TimeSpan><begin>2019-09-28T11:56:31Z</begin><end>2019-09-28T11:56:45Z</end></TimeSpan><styleUrl>#point</styleUrl><Point><altitudeMode>clampToGround</altitudeMode><coordinates>7.238347046077251,45.423032725229859,1745.4100000000001</coordinates></Point></Placemark><Placemark><TimeSpan><begin>2019-09-28T11:56:45Z</begin><end>2019-09-28T11:56:56Z</end></TimeSpan><styleUrl>#point</styleUrl><Point><altitudeMode>clampToGround</altitudeMode><coordinates>7.238441342487931,45.423074467107654,1743.49</coordinates></Point></Placemark><Placemark><TimeSpan><begin>2019-09-28T11:56:56Z</begin><end>2019-09-28T11:57:08Z</end></TimeSpan><styleUrl>#point</styleUrl><Point><altitudeMode>clampToGround</altitudeMode><coordinates>7.2384930588305,45.423126686364412,1741.5699999999999</coordinates></Point></Placemark><Placemark><TimeSpan><begin>2019-09-28T11:57:08Z</begin><end>2019-09-28T11:57:19Z</end></TimeSpan><styleUrl>#point</styleUrl><Point><altitudeMode>clampToGround</altitudeMode><coordinates>7.238445114344358,45.423152670264244,1739.1600000000001</coordinates></Point></Placemark><Placemark><TimeSpan><begin>2019-09-28T11:57:19Z</begin><end>2019-09-28T11:57:22Z</end></TimeSpan><styleUrl>#point</styleUrl><Point><altitudeMode>clampToGround</altitudeMode><coordinates>7.238455591723323,45.423162141814828,1738.2</coordinates></Point></Placemark><Placemark><TimeSpan><begin>2019-09-28T11:57:22Z</begin><end>2019-09-28T11:57:34Z</end></TimeSpan><styleUrl>#point</styleUrl><Point><altitudeMode>clampToGround</altitudeMode><coordinates>7.238579643890262,45.423156525939703,1736.28</coordinates></Point></Placemark><Placemark><TimeSpan><begin>2019-09-28T11:57:34Z</begin><end>2019-09-28T11:57:45Z</end></TimeSpan><styleUrl>#point</styleUrl><Point><altitudeMode>clampToGround</altitudeMode><coordinates>7.238612920045853,45.423164404928684,1734.8399999999999</coordinates></Point></Placemark><Placemark><TimeSpan><begin>2019-09-28T11:57:45Z</begin><end>2019-09-28T11:57:58Z</end></TimeSpan><styleUrl>#point</styleUrl><Point><altitudeMode>clampToGround</altitudeMode><coordinates>7.238632785156369,45.423212684690952,1731.95</coordinates></Point></Placemark><Placemark><TimeSpan><begin>2019-09-28T11:57:58Z</begin><end>2019-09-28T11:58:10Z</end></TimeSpan><styleUrl>#point</styleUrl><Point><altitudeMode>clampToGround</altitudeMode><coordinates>7.238608645275235,45.423255683854222,1728.5899999999999</coordinates></Point></Placemark><Placemark><TimeSpan><begin>2019-09-28T11:58:10Z</begin><end>2019-09-28T11:58:22Z</end></TimeSpan><styleUrl>#point</styleUrl><Point><altitudeMode>clampToGround</altitudeMode><coordinates>7.238589450716972,45.423351237550378,1725.7</coordinates></Point></Placemark><Placemark><TimeSpan><begin>2019-09-28T11:58:22Z</begin><end>2019-09-28T11:58:35Z</end></TimeSpan><styleUrl>#point</styleUrl><Point><altitudeMode>clampToGround</altitudeMode><coordinates>7.238534465432167,45.423393566161394,1722.8199999999999</coordinates></Point></Placemark><Placemark><TimeSpan><begin>2019-09-28T11:58:35Z</begin><end>2019-09-28T11:58:47Z</end></TimeSpan><styleUrl>#point</styleUrl><Point><altitudeMode>clampToGround</altitudeMode><coordinates>7.238546451553702,45.423427680507302,1721.3800000000001</coordinates></Point></Placemark><Placemark><TimeSpan><begin>2019-09-28T11:58:47Z</begin><end>2019-09-28T11:59:04Z</end></TimeSpan><styleUrl>#point</styleUrl><Point><altitudeMode>clampToGround</altitudeMode><coordinates>7.238603783771396,45.423477133736014,1720.9000000000001</coordinates></Point></Placemark><Placemark><TimeSpan><begin>2019-09-28T11:59:04Z</begin><end>2019-09-28T11:59:12Z</end></TimeSpan><styleUrl>#point</styleUrl><Point><altitudeMode>clampToGround</altitudeMode><coordinates>7.238659942522645,45.42347495444119,1722.3399999999999</coordinates></Point></Placemark><Placemark><TimeSpan><begin>2019-09-28T11:59:12Z</begin><end>2019-09-28T11:59:35Z</end></TimeSpan><styleUrl>#point</styleUrl><Point><altitudeMode>clampToGround</altitudeMode><coordinates>7.23869782872498,45.423515271395445,1723.3</coordinates></Point></Placemark><Placemark><TimeSpan><begin>2019-09-28T11:59:35Z</begin><end>2019-09-28T11:59:49Z</end></TimeSpan><styleUrl>#point</styleUrl><Point><altitudeMode>clampToGround</altitudeMode><coordinates>7.238666648045182,45.423514349386096,1723.3</coordinates></Point></Placemark><Placemark><TimeSpan><begin>2019-09-28T11:59:49Z</begin><end>2019-09-28T11:59:51Z</end></TimeSpan><styleUrl>#point</styleUrl><Point><altitudeMode>clampToGround</altitudeMode><coordinates>7.238643681630492,45.423512002453208,1721.8599999999999</coordinates></Point></Placemark><Placemark><TimeSpan><begin>2019-09-28T11:59:51Z</begin><end>2019-09-28T11:59:53Z</end></TimeSpan><styleUrl>#point</styleUrl><Point><altitudeMode>clampToGround</altitudeMode><coordinates>7.238627756014466,45.423511164262891,1721.3800000000001</coordinates></Point></Placemark><Placemark><TimeSpan><begin>2019-09-28T11:59:53Z</begin><end>2019-09-28T12:00:07Z</end></TimeSpan><styleUrl>#point</styleUrl><Point><altitudeMode>clampToGround</altitudeMode><coordinates>7.238605041056871,45.423468584194779,1720.9000000000001</coordinates></Point></Placemark><Placemark><TimeSpan><begin>2019-09-28T12:00:07Z</begin><end>2019-09-28T12:00:27Z</end></TimeSpan><styleUrl>#point</styleUrl><Point><altitudeMode>clampToGround</altitudeMode><coordinates>7.238600933924317,45.423461878672242,1720.9000000000001</coordinates></Point></Placemark><Placemark><TimeSpan><begin>2019-09-28T12:00:27Z</begin><end>2019-09-28T12:00:52Z</end></TimeSpan><styleUrl>#point</styleUrl><Point><altitudeMode>clampToGround</altitudeMode><coordinates>7.238573944196105,45.423513846471906,1719.9400000000001</coordinates></Point></Placemark><Placemark><TimeSpan><begin>2019-09-28T12:00:52Z</begin><end>2019-09-28T12:01:05Z</end></TimeSpan><styleUrl>#point</styleUrl><Point><altitudeMode>clampToGround</altitudeMode><coordinates>7.23855315707624,45.423578973859549,1717.53</coordinates></Point></Placemark><Placemark><TimeSpan><begin>2019-09-28T12:01:05Z</begin><end>2019-09-28T12:01:18Z</end></TimeSpan><styleUrl>#point</styleUrl><Point><altitudeMode>clampToGround</altitudeMode><coordinates>7.238557767122984,45.423647034913301,1714.6500000000001</coordinates></Point></Placemark><Placemark><TimeSpan><begin>2019-09-28T12:01:18Z</begin><end>2019-09-28T12:01:31Z</end></TimeSpan><styleUrl>#point</styleUrl><Point><altitudeMode>clampToGround</altitudeMode><coordinates>7.238606717437506,45.423719119280577,1712.73</coordinates></Point></Placemark><Placemark><TimeSpan><begin>2019-09-28T12:01:31Z</begin><end>2019-09-28T12:01:43Z</end></TimeSpan><styleUrl>#point</styleUrl><Point><altitudeMode>clampToGround</altitudeMode><coordinates>7.238676454871893,45.42377695441246,1709.3599999999999</coordinates></Point></Placemark><Placemark><TimeSpan><begin>2019-09-28T12:01:43Z</begin><end>2019-09-28T12:01:52Z</end></TimeSpan><styleUrl>#point</styleUrl><Point><altitudeMode>clampToGround</altitudeMode><coordinates>7.238762872293592,45.423829928040504,1706.96</coordinates></Point></Placemark><Placemark><TimeSpan><begin>2019-09-28T12:01:52Z</begin><end>2019-09-28T12:02:00Z</end></TimeSpan><styleUrl>#point</styleUrl><Point><altitudeMode>clampToGround</altitudeMode><coordinates>7.238840153440833,45.42387711815536,1705.52</coordinates></Point></Placemark><Placemark><TimeSpan><begin>2019-09-28T12:02:00Z</begin><end>2019-09-28T12:02:02Z</end></TimeSpan><styleUrl>#point</styleUrl><Point><altitudeMode>clampToGround</altitudeMode><coordinates>7.238850966095924,45.423897318542004,1705.52</coordinates></Point></Placemark><Placemark><TimeSpan><begin>2019-09-28T12:02:02Z</begin><end>2019-09-28T12:02:17Z</end></TimeSpan><styleUrl>#point</styleUrl><Point><altitudeMode>clampToGround</altitudeMode><coordinates>7.239048276096582,45.42392841540277,1703.1099999999999</coordinates></Point></Placemark><Placemark><TimeSpan><begin>2019-09-28T12:02:17Z</begin><end>2019-09-28T12:02:30Z</end></TimeSpan><styleUrl>#point</styleUrl><Point><altitudeMode>clampToGround</altitudeMode><coordinates>7.239119606092572,45.423966385424137,1699.75</coordinates></Point></Placemark><Placemark><TimeSpan><begin>2019-09-28T12:02:30Z</begin><end>2019-09-28T12:02:40Z</end></TimeSpan><styleUrl>#point</styleUrl><Point><altitudeMode>clampToGround</altitudeMode><coordinates>7.239154726266861,45.424011647701263,1697.8299999999999</coordinates></Point></Placemark><Placemark><TimeSpan><begin>2019-09-28T12:02:40Z</begin><end>2019-09-28T12:02:52Z</end></TimeSpan><styleUrl>#point</styleUrl><Point><altitudeMode>clampToGround</altitudeMode><coordinates>7.239081133157015,45.424050455912948,1695.4200000000001</coordinates></Point></Placemark><Placemark><TimeSpan><begin>2019-09-28T12:02:52Z</begin><end>2019-09-28T12:03:02Z</end></TimeSpan><styleUrl>#point</styleUrl><Point><altitudeMode>clampToGround</altitudeMode><coordinates>7.239001002162695,45.424055233597755,1693.02</coordinates></Point></Placemark><Placemark><TimeSpan><begin>2019-09-28T12:03:02Z</begin><end>2019-09-28T12:03:13Z</end></TimeSpan><styleUrl>#point</styleUrl><Point><altitudeMode>clampToGround</altitudeMode><coordinates>7.238892707973719,45.424054563045502,1691.0999999999999</coordinates></Point></Placemark><Placemark><TimeSpan><begin>2019-09-28T12:03:13Z</begin><end>2019-09-28T12:03:22Z</end></TimeSpan><styleUrl>#point</styleUrl><Point><altitudeMode>clampToGround</altitudeMode><coordinates>7.238844679668546,45.424042660742998,1688.6900000000001</coordinates></Point></Placemark><Placemark><TimeSpan><begin>2019-09-28T12:03:22Z</begin><end>2019-09-28T12:03:34Z</end></TimeSpan><styleUrl>#point</styleUrl><Point><altitudeMode>clampToGround</altitudeMode><coordinates>7.238778881728649,45.424021873623133,1687.25</coordinates></Point></Placemark><Placemark><TimeSpan><begin>2019-09-28T12:03:34Z</begin><end>2019-09-28T12:03:48Z</end></TimeSpan><styleUrl>#point</styleUrl><Point><altitudeMode>clampToGround</altitudeMode><coordinates>7.238597497344017,45.424044756218791,1684.8499999999999</coordinates></Point></Placemark><Placemark><TimeSpan><begin>2019-09-28T12:03:48Z</begin><end>2019-09-28T12:03:53Z</end></TimeSpan><styleUrl>#point</styleUrl><Point><altitudeMode>clampToGround</altitudeMode><coordinates>7.238531950861216,45.424057161435485,1683.8900000000001</coordinates></Point></Placemark><Placemark><TimeSpan><begin>2019-09-28T12:03:53Z</begin><end>2019-09-28T12:04:07Z</end></TimeSpan><styleUrl>#point</styleUrl><Point><altitudeMode>clampToGround</altitudeMode><coordinates>7.23851066082716,45.424109883606434,1681</coordinates></Point></Placemark><Placemark><TimeSpan><begin>2019-09-28T12:04:07Z</begin><end>2019-09-28T12:04:19Z</end></TimeSpan><styleUrl>#point</styleUrl><Point><altitudeMode>clampToGround</altitudeMode><coordinates>7.23845592699945,45.42415170930326,1679.0799999999999</coordinates></Point></Placemark><Placemark><TimeSpan><begin>2019-09-28T12:04:19Z</begin><end>2019-09-28T12:04:31Z</end></TimeSpan><styleUrl>#point</styleUrl><Point><altitudeMode>clampToGround</altitudeMode><coordinates>7.238439498469234,45.424203677102923,1676.6800000000001</coordinates></Point></Placemark><Placemark><TimeSpan><begin>2019-09-28T12:04:31Z</begin><end>2019-09-28T12:04:43Z</end></TimeSpan><styleUrl>#point</styleUrl><Point><altitudeMode>clampToGround</altitudeMode><coordinates>7.238316703587771,45.424176687374711,1674.27</coordinates></Point></Placemark><Placemark><TimeSpan><begin>2019-09-28T12:04:43Z</begin><end>2019-09-28T12:04:49Z</end></TimeSpan><styleUrl>#point</styleUrl><Point><altitudeMode>clampToGround</altitudeMode><coordinates>7.238247217610478,45.424199150875211,1672.3499999999999</coordinates></Point></Placemark><Placemark><TimeSpan><begin>2019-09-28T12:04:49Z</begin><end>2019-09-28T12:05:01Z</end></TimeSpan><styleUrl>#point</styleUrl><Point><altitudeMode>clampToGround</altitudeMode><coordinates>7.238092571496964,45.424237959086895,1669.47</coordinates></Point></Placemark><Placemark><TimeSpan><begin>2019-09-28T12:05:01Z</begin><end>2019-09-28T12:05:06Z</end></TimeSpan><styleUrl>#point</styleUrl><Point><altitudeMode>clampToGround</altitudeMode><coordinates>7.238045800477266,45.424262601882219,1668.02</coordinates></Point></Placemark><Placemark><TimeSpan><begin>2019-09-28T12:05:06Z</begin><end>2019-09-28T12:05:07Z</end></TimeSpan><styleUrl>#point</styleUrl><Point><altitudeMode>clampToGround</altitudeMode><coordinates>7.238035490736365,45.424267295747995,1668.02</coordinates></Point></Placemark><Placemark><TimeSpan><begin>2019-09-28T12:05:07Z</begin><end>2019-09-28T12:05:21Z</end></TimeSpan><styleUrl>#point</styleUrl><Point><altitudeMode>clampToGround</altitudeMode><coordinates>7.237900039181113,45.424289591610432,1665.1400000000001</coordinates></Point></Placemark><Placemark><TimeSpan><begin>2019-09-28T12:05:21Z</begin><end>2019-09-28T12:05:34Z</end></TimeSpan><styleUrl>#point</styleUrl><Point><altitudeMode>clampToGround</altitudeMode><coordinates>7.237886711955071,45.424338625743985,1664.1800000000001</coordinates></Point></Placemark><Placemark><TimeSpan><begin>2019-09-28T12:05:34Z</begin><end>2019-09-28T12:06:05Z</end></TimeSpan><styleUrl>#point</styleUrl><Point><altitudeMode>clampToGround</altitudeMode><coordinates>7.237881431356072,45.424402914941311,1663.7</coordinates></Point></Placemark><Placemark><TimeSpan><begin>2019-09-28T12:06:05Z</begin><end>2019-09-28T12:06:18Z</end></TimeSpan><styleUrl>#point</styleUrl><Point><altitudeMode>clampToGround</altitudeMode><coordinates>7.237784536555409,45.424409871920943,1661.3</coordinates></Point></Placemark><Placemark><TimeSpan><begin>2019-09-28T12:06:18Z</begin><end>2019-09-28T12:06:33Z</end></TimeSpan><styleUrl>#point</styleUrl><Point><altitudeMode>clampToGround</altitudeMode><coordinates>7.237620167434216,45.424312809482217,1658.8900000000001</coordinates></Point></Placemark><Placemark><TimeSpan><begin>2019-09-28T12:06:33Z</begin><end>2019-09-28T12:06:44Z</end></TimeSpan><styleUrl>#point</styleUrl><Point><altitudeMode>clampToGround</altitudeMode><coordinates>7.237498546019197,45.424324963241816,1656.49</coordinates></Point></Placemark><Placemark><TimeSpan><begin>2019-09-28T12:06:44Z</begin><end>2019-09-28T12:06:59Z</end></TimeSpan><styleUrl>#point</styleUrl><Point><altitudeMode>clampToGround</altitudeMode><coordinates>7.237334847450256,45.424356730654836,1654.0899999999999</coordinates></Point></Placemark><Placemark><TimeSpan><begin>2019-09-28T12:06:59Z</begin><end>2019-09-28T12:07:00Z</end></TimeSpan><styleUrl>#point</styleUrl><Point><altitudeMode>clampToGround</altitudeMode><coordinates>7.237323196604848,45.424363939091563,1654.0899999999999</coordinates></Point></Placemark><Placemark><TimeSpan><begin>2019-09-28T12:07:00Z</begin><end>2019-09-28T12:07:15Z</end></TimeSpan><styleUrl>#point</styleUrl><Point><altitudeMode>clampToGround</altitudeMode><coordinates>7.237225463613868,45.424459492787719,1651.2</coordinates></Point></Placemark><Placemark><TimeSpan><begin>2019-09-28T12:07:15Z</begin><end>2019-09-28T12:07:28Z</end></TimeSpan><styleUrl>#point</styleUrl><Point><altitudeMode>clampToGround</altitudeMode><coordinates>7.237256811931729,45.424516992643476,1649.76</coordinates></Point></Placemark><Placemark><TimeSpan><begin>2019-09-28T12:07:28Z</begin><end>2019-09-28T12:07:30Z</end></TimeSpan><styleUrl>#point</styleUrl><Point><altitudeMode>clampToGround</altitudeMode><coordinates>7.237287908792496,45.424536522477865,1649.28</coordinates></Point></Placemark><Placemark><TimeSpan><begin>2019-09-28T12:07:30Z</begin><end>2019-09-28T12:07:43Z</end></TimeSpan><styleUrl>#point</styleUrl><Point><altitudeMode>clampToGround</altitudeMode><coordinates>7.237489158287644,45.424681613221765,1645.9100000000001</coordinates></Point></Placemark><Placemark><TimeSpan><begin>2019-09-28T12:07:43Z</begin><end>2019-09-28T12:07:56Z</end></TimeSpan><styleUrl>#point</styleUrl><Point><altitudeMode>clampToGround</altitudeMode><coordinates>7.237604157999158,45.424738693982363,1643.99</coordinates></Point></Placemark><Placemark><TimeSpan><begin>2019-09-28T12:07:56Z</begin><end>2019-09-28T12:08:00Z</end></TimeSpan><styleUrl>#point</styleUrl><Point><altitudeMode>clampToGround</altitudeMode><coordinates>7.23765704780817,45.424751853570342,1642.55</coordinates></Point></Placemark><Placemark><TimeSpan><begin>2019-09-28T12:08:00Z</begin><end>2019-09-28T12:08:11Z</end></TimeSpan><styleUrl>#point</styleUrl><Point><altitudeMode>clampToGround</altitudeMode><coordinates>7.237793672829866,45.424816394224763,1640.1500000000001</coordinates></Point></Placemark><Placemark><TimeSpan><begin>2019-09-28T12:08:11Z</begin><end>2019-09-28T12:08:25Z</end></TimeSpan><styleUrl>#point</styleUrl><Point><altitudeMode>clampToGround</altitudeMode><coordinates>7.237972375005484,45.424907589331269,1637.26</coordinates></Point></Placemark><Placemark><TimeSpan><begin>2019-09-28T12:08:25Z</begin><end>2019-09-28T12:08:32Z</end></TimeSpan><styleUrl>#point</styleUrl><Point><altitudeMode>clampToGround</altitudeMode><coordinates>7.238089554011822,45.424925778061152,1637.26</coordinates></Point></Placemark><Placemark><TimeSpan><begin>2019-09-28T12:08:32Z</begin><end>2019-09-28T12:08:49Z</end></TimeSpan><styleUrl>#point</styleUrl><Point><altitudeMode>clampToGround</altitudeMode><coordinates>7.238342184573412,45.424965256825089,1636.3</coordinates></Point></Placemark><Placemark><TimeSpan><begin>2019-09-28T12:08:49Z</begin><end>2019-09-28T12:09:03Z</end></TimeSpan><styleUrl>#point</styleUrl><Point><altitudeMode>clampToGround</altitudeMode><coordinates>7.238593474030495,45.424985457211733,1636.3</coordinates></Point></Placemark><Placemark><TimeSpan><begin>2019-09-28T12:09:03Z</begin><end>2019-09-28T12:09:08Z</end></TimeSpan><styleUrl>#point</styleUrl><Point><altitudeMode>clampToGround</altitudeMode><coordinates>7.238677376881242,45.425011273473501,1636.3</coordinates></Point></Placemark><Placemark><TimeSpan><begin>2019-09-28T12:09:08Z</begin><end>2019-09-28T12:09:24Z</end></TimeSpan><styleUrl>#point</styleUrl><Point><altitudeMode>clampToGround</altitudeMode><coordinates>7.238957416266203,45.425080927088857,1634.8599999999999</coordinates></Point></Placemark><Placemark><TimeSpan><begin>2019-09-28T12:09:24Z</begin><end>2019-09-28T12:09:28Z</end></TimeSpan><styleUrl>#point</styleUrl><Point><altitudeMode>clampToGround</altitudeMode><coordinates>7.239024387672544,45.425069527700543,1634.3800000000001</coordinates></Point></Placemark><Placemark><TimeSpan><begin>2019-09-28T12:09:28Z</begin><end>2019-09-28T12:09:42Z</end></TimeSpan><styleUrl>#point</styleUrl><Point><altitudeMode>clampToGround</altitudeMode><coordinates>7.239231755957007,45.425037005916238,1633.9000000000001</coordinates></Point></Placemark><Placemark><TimeSpan><begin>2019-09-28T12:09:42Z</begin><end>2019-09-28T12:09:57Z</end></TimeSpan><styleUrl>#point</styleUrl><Point><altitudeMode>clampToGround</altitudeMode><coordinates>7.239497294649482,45.425069024786353,1631.49</coordinates></Point></Placemark><Placemark><TimeSpan><begin>2019-09-28T12:09:57Z</begin><end>2019-09-28T12:10:10Z</end></TimeSpan><styleUrl>#point</styleUrl><Point><altitudeMode>clampToGround</altitudeMode><coordinates>7.239644313231111,45.425096768885851,1629.0899999999999</coordinates></Point></Placemark><Placemark><TimeSpan><begin>2019-09-28T12:10:10Z</begin><end>2019-09-28T12:10:21Z</end></TimeSpan><styleUrl>#point</styleUrl><Point><altitudeMode>clampToGround</altitudeMode><coordinates>7.239721259102225,45.425145132467151,1625.73</coordinates></Point></Placemark><Placemark><TimeSpan><begin>2019-09-28T12:10:21Z</begin><end>2019-09-28T12:10:24Z</end></TimeSpan><styleUrl>#point</styleUrl><Point><altitudeMode>clampToGround</altitudeMode><coordinates>7.239756044000387,45.425163153558969,1625.25</coordinates></Point></Placemark><Placemark><TimeSpan><begin>2019-09-28T12:10:24Z</begin><end>2019-09-28T12:10:37Z</end></TimeSpan><styleUrl>#point</styleUrl><Point><altitudeMode>clampToGround</altitudeMode><coordinates>7.239899877458811,45.425258707255125,1622.3599999999999</coordinates></Point></Placemark><Placemark><TimeSpan><begin>2019-09-28T12:10:37Z</begin><end>2019-09-28T12:10:52Z</end></TimeSpan><styleUrl>#point</styleUrl><Point><altitudeMode>clampToGround</altitudeMode><coordinates>7.240128200501204,45.425311261788011,1619</coordinates></Point></Placemark><Placemark><TimeSpan><begin>2019-09-28T12:10:52Z</begin><end>2019-09-28T12:10:54Z</end></TimeSpan><styleUrl>#point</styleUrl><Point><altitudeMode>clampToGround</altitudeMode><coordinates>7.240155190229416,45.425318805500865,1618.52</coordinates></Point></Placemark><Placemark><TimeSpan><begin>2019-09-28T12:10:54Z</begin><end>2019-09-28T12:11:05Z</end></TimeSpan><styleUrl>#point</styleUrl><Point><altitudeMode>clampToGround</altitudeMode><coordinates>7.24028192460537,45.425396589562297,1615.6300000000001</coordinates></Point></Placemark><Placemark><TimeSpan><begin>2019-09-28T12:11:05Z</begin><end>2019-09-28T12:11:15Z</end></TimeSpan><styleUrl>#point</styleUrl><Point><altitudeMode>clampToGround</altitudeMode><coordinates>7.240383177995682,45.425458364188671,1613.23</coordinates></Point></Placemark><Placemark><TimeSpan><begin>2019-09-28T12:11:15Z</begin><end>2019-09-28T12:11:29Z</end></TimeSpan><styleUrl>#point</styleUrl><Point><altitudeMode>clampToGround</altitudeMode><coordinates>7.240479569882155,45.425538998097181,1609.8599999999999</coordinates></Point></Placemark><Placemark><TimeSpan><begin>2019-09-28T12:11:29Z</begin><end>2019-09-28T12:11:30Z</end></TimeSpan><styleUrl>#point</styleUrl><Point><altitudeMode>clampToGround</altitudeMode><coordinates>7.240469008684158,45.425535058602691,1609.8599999999999</coordinates></Point></Placemark><Placemark><TimeSpan><begin>2019-09-28T12:11:30Z</begin><end>2019-09-28T12:11:42Z</end></TimeSpan><styleUrl>#point</styleUrl><Point><altitudeMode>clampToGround</altitudeMode><coordinates>7.240317380055785,45.425523323938251,1606.5</coordinates></Point></Placemark><Placemark><TimeSpan><begin>2019-09-28T12:11:42Z</begin><end>2019-09-28T12:11:44Z</end></TimeSpan><styleUrl>#point</styleUrl><Point><altitudeMode>clampToGround</altitudeMode><coordinates>7.240289635956287,45.425526425242424,1605.54</coordinates></Point></Placemark><Placemark><TimeSpan><begin>2019-09-28T12:11:44Z</begin><end>2019-09-28T12:11:54Z</end></TimeSpan><styleUrl>#point</styleUrl><Point><altitudeMode>clampToGround</altitudeMode><coordinates>7.240289049223065,45.425565233454108,1604.5799999999999</coordinates></Point></Placemark><Placemark><TimeSpan><begin>2019-09-28T12:11:54Z</begin><end>2019-09-28T12:12:12Z</end></TimeSpan><styleUrl>#point</styleUrl><Point><altitudeMode>clampToGround</altitudeMode><coordinates>7.240612590685487,45.425655171275139,1602.6600000000001</coordinates></Point></Placemark><Placemark><TimeSpan><begin>2019-09-28T12:12:12Z</begin><end>2019-09-28T12:12:28Z</end></TimeSpan><styleUrl>#point</styleUrl><Point><altitudeMode>clampToGround</altitudeMode><coordinates>7.240858934819698,45.425700098276138,1600.73</coordinates></Point></Placemark><Placemark><TimeSpan><begin>2019-09-28T12:12:28Z</begin><end>2019-09-28T12:12:45Z</end></TimeSpan><styleUrl>#point</styleUrl><Point><altitudeMode>clampToGround</altitudeMode><coordinates>7.241122042760253,45.425726501271129,1598.8099999999999</coordinates></Point></Placemark><Placemark><TimeSpan><begin>2019-09-28T12:12:45Z</begin><end>2019-09-28T12:13:02Z</end></TimeSpan><styleUrl>#point</styleUrl><Point><altitudeMode>clampToGround</altitudeMode><coordinates>7.241448182612658,45.425723819062114,1597.3699999999999</coordinates></Point></Placemark><Placemark><TimeSpan><begin>2019-09-28T12:13:02Z</begin><end>2019-09-28T12:13:17Z</end></TimeSpan><styleUrl>#point</styleUrl><Point><altitudeMode>clampToGround</altitudeMode><coordinates>7.24173073656857,45.425709737464786,1596.8900000000001</coordinates></Point></Placemark><Placemark><TimeSpan><begin>2019-09-28T12:13:17Z</begin><end>2019-09-28T12:13:30Z</end></TimeSpan><styleUrl>#point</styleUrl><Point><altitudeMode>clampToGround</altitudeMode><coordinates>7.241777759045363,45.425648214295506,1595.9300000000001</coordinates></Point></Placemark><Placemark><TimeSpan><begin>2019-09-28T12:13:30Z</begin><end>2019-09-28T12:13:50Z</end></TimeSpan><styleUrl>#point</styleUrl><Point><altitudeMode>clampToGround</altitudeMode><coordinates>7.241813130676746,45.425641341134906,1595.9300000000001</coordinates></Point></Placemark><Placemark><TimeSpan><begin>2019-09-28T12:13:50Z</begin><end>2019-09-28T12:14:08Z</end></TimeSpan><styleUrl>#point</styleUrl><Point><altitudeMode>clampToGround</altitudeMode><coordinates>7.241797540336847,45.425632623955607,1595.45</coordinates></Point></Placemark><Placemark><TimeSpan><begin>2019-09-28T12:14:08Z</begin><end>2019-09-28T12:14:30Z</end></TimeSpan><styleUrl>#point</styleUrl><Point><altitudeMode>clampToGround</altitudeMode><coordinates>7.241791505366564,45.425638491287827,1595.45</coordinates></Point></Placemark><Placemark><TimeSpan><begin>2019-09-28T12:14:30Z</begin><end>2019-09-28T12:14:56Z</end></TimeSpan><styleUrl>#point</styleUrl><Point><altitudeMode>clampToGround</altitudeMode><coordinates>7.241787565872073,45.425652572885156,1595.45</coordinates></Point></Placemark><Placemark><TimeSpan><begin>2019-09-28T12:14:56Z</begin><end>2019-09-28T12:15:22Z</end></TimeSpan><styleUrl>#point</styleUrl><Point><altitudeMode>clampToGround</altitudeMode><coordinates>7.241805419325829,45.425686519593,1594.96</coordinates></Point></Placemark><Placemark><TimeSpan><begin>2019-09-28T12:15:22Z</begin><end>2019-09-28T12:16:00Z</end></TimeSpan><styleUrl>#point</styleUrl><Point><altitudeMode>clampToGround</altitudeMode><coordinates>7.241801982745528,45.425677467137575,1594.96</coordinates></Point></Placemark><Placemark><TimeSpan><begin>2019-09-28T12:16:00Z</begin><end>2019-09-28T12:16:32Z</end></TimeSpan><styleUrl>#point</styleUrl><Point><altitudeMode>clampToGround</altitudeMode><coordinates>7.241798210889101,45.425700768828392,1594.96</coordinates></Point></Placemark><Placemark><TimeSpan><begin>2019-09-28T12:16:32Z</begin><end>2019-09-28T12:16:58Z</end></TimeSpan><styleUrl>#point</styleUrl><Point><altitudeMode>clampToGround</altitudeMode><coordinates>7.241821847856045,45.425741504877806,1594.96</coordinates></Point></Placemark><Placemark><TimeSpan><begin>2019-09-28T12:16:58Z</begin><end>2019-09-28T12:17:11Z</end></TimeSpan><styleUrl>#point</styleUrl><Point><altitudeMode>clampToGround</altitudeMode><coordinates>7.241852274164558,45.42576321400702,1594.48</coordinates></Point></Placemark><Placemark><TimeSpan><begin>2019-09-28T12:17:11Z</begin><end>2019-09-28T12:17:22Z</end></TimeSpan><styleUrl>#point</styleUrl><Point><altitudeMode>clampToGround</altitudeMode><coordinates>7.241983618587256,45.4257866833359,1594</coordinates></Point></Placemark><Placemark><TimeSpan><begin>2019-09-28T12:17:22Z</begin><end>2019-09-28T12:17:37Z</end></TimeSpan><styleUrl>#point</styleUrl><Point><altitudeMode>clampToGround</altitudeMode><coordinates>7.242118651047349,45.425741421058774,1594</coordinates></Point></Placemark><Placemark><TimeSpan><begin>2019-09-28T12:17:37Z</begin><end>2019-09-28T12:17:40Z</end></TimeSpan><styleUrl>#point</styleUrl><Point><altitudeMode>clampToGround</altitudeMode><coordinates>7.242158632725477,45.425741337239742,1593.52</coordinates></Point></Placemark><Placemark><TimeSpan><begin>2019-09-28T12:17:40Z</begin><end>2019-09-28T12:17:58Z</end></TimeSpan><styleUrl>#point</styleUrl><Point><altitudeMode>clampToGround</altitudeMode><coordinates>7.242485694587231,45.425729099661112,1592.0799999999999</coordinates></Point></Placemark><Placemark><TimeSpan><begin>2019-09-28T12:17:58Z</begin><end>2019-09-28T12:17:59Z</end></TimeSpan><styleUrl>#point</styleUrl><Point><altitudeMode>clampToGround</altitudeMode><coordinates>7.242505475878716,45.425729770213366,1591.5999999999999</coordinates></Point></Placemark><Placemark><TimeSpan><begin>2019-09-28T12:17:59Z</begin><end>2019-09-28T12:18:03Z</end></TimeSpan><styleUrl>#point</styleUrl><Point><altitudeMode>clampToGround</altitudeMode><coordinates>7.242590468376875,45.425724321976304,1591.5999999999999</coordinates></Point></Placemark><Placemark><TimeSpan><begin>2019-09-28T12:18:03Z</begin><end>2019-09-28T12:18:06Z</end></TimeSpan><styleUrl>#point</styleUrl><Point><altitudeMode>clampToGround</altitudeMode><coordinates>7.242653416469693,45.425725076347589,1591.5999999999999</coordinates></Point></Placemark><Placemark><TimeSpan><begin>2019-09-28T12:18:06Z</begin><end>2019-09-28T12:18:21Z</end></TimeSpan><styleUrl>#point</styleUrl><Point><altitudeMode>clampToGround</altitudeMode><coordinates>7.242898838594556,45.42580034583807,1591.5999999999999</coordinates></Point></Placemark><Placemark><TimeSpan><begin>2019-09-28T12:18:21Z</begin><end>2019-09-28T12:18:38Z</end></TimeSpan><styleUrl>#point</styleUrl><Point><altitudeMode>clampToGround</altitudeMode><coordinates>7.243195725604892,45.425923727452755,1591.1199999999999</coordinates></Point></Placemark><Placemark><TimeSpan><begin>2019-09-28T12:18:38Z</begin><end>2019-09-28T12:18:53Z</end></TimeSpan><styleUrl>#point</styleUrl><Point><altitudeMode>clampToGround</altitudeMode><coordinates>7.243417762219906,45.425995644181967,1592.5599999999999</coordinates></Point></Placemark><Placemark><TimeSpan><begin>2019-09-28T12:18:53Z</begin><end>2019-09-28T12:19:07Z</end></TimeSpan><styleUrl>#point</styleUrl><Point><altitudeMode>clampToGround</altitudeMode><coordinates>7.243645749986172,45.426059849560261,1592.5599999999999</coordinates></Point></Placemark><Placemark><TimeSpan><begin>2019-09-28T12:19:07Z</begin><end>2019-09-28T12:19:23Z</end></TimeSpan><styleUrl>#point</styleUrl><Point><altitudeMode>clampToGround</altitudeMode><coordinates>7.243956550955772,45.426231427118182,1592.5599999999999</coordinates></Point></Placemark><Placemark><TimeSpan><begin>2019-09-28T12:19:23Z</begin><end>2019-09-28T12:19:34Z</end></TimeSpan><styleUrl>#point</styleUrl><Point><altitudeMode>clampToGround</altitudeMode><coordinates>7.244099546223879,45.426347181200981,1593.04</coordinates></Point></Placemark><Placemark><TimeSpan><begin>2019-09-28T12:19:34Z</begin><end>2019-09-28T12:19:41Z</end></TimeSpan><styleUrl>#point</styleUrl><Point><altitudeMode>clampToGround</altitudeMode><coordinates>7.244187472388148,45.426410799846053,1593.04</coordinates></Point></Placemark><Placemark><TimeSpan><begin>2019-09-28T12:19:41Z</begin><end>2019-09-28T12:19:57Z</end></TimeSpan><styleUrl>#point</styleUrl><Point><altitudeMode>clampToGround</altitudeMode><coordinates>7.244414035230875,45.426507610827684,1594.48</coordinates></Point></Placemark><Placemark><TimeSpan><begin>2019-09-28T12:19:57Z</begin><end>2019-09-28T12:20:04Z</end></TimeSpan><styleUrl>#point</styleUrl><Point><altitudeMode>clampToGround</altitudeMode><coordinates>7.244491819292307,45.426567373797297,1594.48</coordinates></Point></Placemark><Placemark><TimeSpan><begin>2019-09-28T12:20:04Z</begin><end>2019-09-28T12:20:19Z</end></TimeSpan><styleUrl>#point</styleUrl><Point><altitudeMode>clampToGround</altitudeMode><coordinates>7.244513863697648,45.426754960790277,1594.48</coordinates></Point></Placemark><Placemark><TimeSpan><begin>2019-09-28T12:20:19Z</begin><end>2019-09-28T12:20:33Z</end></TimeSpan><styleUrl>#point</styleUrl><Point><altitudeMode>clampToGround</altitudeMode><coordinates>7.244562478736043,45.426929220557213,1594.48</coordinates></Point></Placemark><Placemark><TimeSpan><begin>2019-09-28T12:20:33Z</begin><end>2019-09-28T12:20:48Z</end></TimeSpan><styleUrl>#point</styleUrl><Point><altitudeMode>clampToGround</altitudeMode><coordinates>7.244798680767417,45.427061403170228,1594.48</coordinates></Point></Placemark><Placemark><TimeSpan><begin>2019-09-28T12:20:48Z</begin><end>2019-09-28T12:21:03Z</end></TimeSpan><styleUrl>#point</styleUrl><Point><altitudeMode>clampToGround</altitudeMode><coordinates>7.245040331035852,45.427172631025314,1594.48</coordinates></Point></Placemark><Placemark><TimeSpan><begin>2019-09-28T12:21:03Z</begin><end>2019-09-28T12:21:18Z</end></TimeSpan><styleUrl>#point</styleUrl><Point><altitudeMode>clampToGround</altitudeMode><coordinates>7.24529187195003,45.427252845838666,1593.04</coordinates></Point></Placemark><Placemark><TimeSpan><begin>2019-09-28T12:21:18Z</begin><end>2019-09-28T12:21:32Z</end></TimeSpan><styleUrl>#point</styleUrl><Point><altitudeMode>clampToGround</altitudeMode><coordinates>7.245530253276229,45.427284864708781,1593.04</coordinates></Point></Placemark><Placemark><TimeSpan><begin>2019-09-28T12:21:32Z</begin><end>2019-09-28T12:21:49Z</end></TimeSpan><styleUrl>#point</styleUrl><Point><altitudeMode>clampToGround</altitudeMode><coordinates>7.245839294046164,45.427336664870381,1593.04</coordinates></Point></Placemark><Placemark><TimeSpan><begin>2019-09-28T12:21:49Z</begin><end>2019-09-28T12:22:05Z</end></TimeSpan><styleUrl>#point</styleUrl><Point><altitudeMode>clampToGround</altitudeMode><coordinates>7.246127463877201,45.427377233281732,1589.6800000000001</coordinates></Point></Placemark><Placemark><TimeSpan><begin>2019-09-28T12:22:05Z</begin><end>2019-09-28T12:22:24Z</end></TimeSpan><styleUrl>#point</styleUrl><Point><altitudeMode>clampToGround</altitudeMode><coordinates>7.246437259018421,45.427556606009603,1589.2</coordinates></Point></Placemark><Placemark><TimeSpan><begin>2019-09-28T12:22:24Z</begin><end>2019-09-28T12:22:27Z</end></TimeSpan><styleUrl>#point</styleUrl><Point><altitudeMode>clampToGround</altitudeMode><coordinates>7.246473552659154,45.427587786689401,1589.2</coordinates></Point></Placemark><Placemark><TimeSpan><begin>2019-09-28T12:22:27Z</begin><end>2019-09-28T12:22:32Z</end></TimeSpan><styleUrl>#point</styleUrl><Point><altitudeMode>clampToGround</altitudeMode><coordinates>7.246455447748303,45.427662972360849,1588.72</coordinates></Point></Placemark><Placemark><TimeSpan><begin>2019-09-28T12:22:32Z</begin><end>2019-09-28T12:22:39Z</end></TimeSpan><styleUrl>#point</styleUrl><Point><altitudeMode>clampToGround</altitudeMode><coordinates>7.246379591524601,45.427737906575203,1588.72</coordinates></Point></Placemark><Placemark><TimeSpan><begin>2019-09-28T12:22:39Z</begin><end>2019-09-28T12:22:57Z</end></TimeSpan><styleUrl>#point</styleUrl><Point><altitudeMode>clampToGround</altitudeMode><coordinates>7.246153363958001,45.427938736975193,1588.24</coordinates></Point></Placemark><Placemark><TimeSpan><begin>2019-09-28T12:22:57Z</begin><end>2019-09-28T12:22:58Z</end></TimeSpan><styleUrl>#point</styleUrl><Point><altitudeMode>clampToGround</altitudeMode><coordinates>7.246140455827117,45.427951058372855,1588.24</coordinates></Point></Placemark><Placemark><TimeSpan><begin>2019-09-28T12:22:58Z</begin><end>2019-09-28T12:23:12Z</end></TimeSpan><styleUrl>#point</styleUrl><Point><altitudeMode>clampToGround</altitudeMode><coordinates>7.245984217152,45.428095730021596,1588.24</coordinates></Point></Placemark><Placemark><TimeSpan><begin>2019-09-28T12:23:12Z</begin><end>2019-09-28T12:23:28Z</end></TimeSpan><styleUrl>#point</styleUrl><Point><altitudeMode>clampToGround</altitudeMode><coordinates>7.245857063680887,45.428287256509066,1587.27</coordinates></Point></Placemark><Placemark><TimeSpan><begin>2019-09-28T12:23:28Z</begin><end>2019-09-28T12:23:43Z</end></TimeSpan><styleUrl>#point</styleUrl><Point><altitudeMode>clampToGround</altitudeMode><coordinates>7.245711050927639,45.428469395264983,1587.27</coordinates></Point></Placemark><Placemark><TimeSpan><begin>2019-09-28T12:23:43Z</begin><end>2019-09-28T12:23:55Z</end></TimeSpan><styleUrl>#point</styleUrl><Point><altitudeMode>clampToGround</altitudeMode><coordinates>7.245626309886575,45.428604846820235,1588.72</coordinates></Point></Placemark><Placemark><TimeSpan><begin>2019-09-28T12:23:55Z</begin><end>2019-09-28T12:23:59Z</end></TimeSpan><styleUrl>#point</styleUrl><Point><altitudeMode>clampToGround</altitudeMode><coordinates>7.245595129206777,45.428654048591852,1588.24</coordinates></Point></Placemark><Placemark><TimeSpan><begin>2019-09-28T12:23:59Z</begin><end>2019-09-28T12:24:13Z</end></TimeSpan><styleUrl>#point</styleUrl><Point><altitudeMode>clampToGround</altitudeMode><coordinates>7.245514411479235,45.428818333894014,1588.24</coordinates></Point></Placemark><Placemark><TimeSpan><begin>2019-09-28T12:24:13Z</begin><end>2019-09-28T12:24:29Z</end></TimeSpan><styleUrl>#point</styleUrl><Point><altitudeMode>clampToGround</altitudeMode><coordinates>7.245466131716967,45.429029390215874,1587.75</coordinates></Point></Placemark><Placemark><TimeSpan><begin>2019-09-28T12:24:29Z</begin><end>2019-09-28T12:24:46Z</end></TimeSpan><styleUrl>#point</styleUrl><Point><altitudeMode>clampToGround</altitudeMode><coordinates>7.245424138382077,45.42924715206027,1587.75</coordinates></Point></Placemark><Placemark><TimeSpan><begin>2019-09-28T12:24:46Z</begin><end>2019-09-28T12:25:00Z</end></TimeSpan><styleUrl>#point</styleUrl><Point><altitudeMode>clampToGround</altitudeMode><coordinates>7.245395388454199,45.42941085062921,1587.75</coordinates></Point></Placemark><Placemark><TimeSpan><begin>2019-09-28T12:25:00Z</begin><end>2019-09-28T12:25:10Z</end></TimeSpan><styleUrl>#point</styleUrl><Point><altitudeMode>clampToGround</altitudeMode><coordinates>7.245398489758372,45.429553091526031,1587.75</coordinates></Point></Placemark><Placemark><TimeSpan><begin>2019-09-28T12:25:10Z</begin><end>2019-09-28T12:25:29Z</end></TimeSpan><styleUrl>#point</styleUrl><Point><altitudeMode>clampToGround</altitudeMode><coordinates>7.245428748428822,45.429804548621178,1587.27</coordinates></Point></Placemark><Placemark><TimeSpan><begin>2019-09-28T12:25:29Z</begin><end>2019-09-28T12:25:45Z</end></TimeSpan><styleUrl>#point</styleUrl><Point><altitudeMode>clampToGround</altitudeMode><coordinates>7.245479710400105,45.430004959926009,1587.27</coordinates></Point></Placemark><Placemark><TimeSpan><begin>2019-09-28T12:25:45Z</begin><end>2019-09-28T12:25:52Z</end></TimeSpan><styleUrl>#point</styleUrl><Point><altitudeMode>clampToGround</altitudeMode><coordinates>7.245513740926981,45.430109482258558,1587.27</coordinates></Point></Placemark><Placemark><TimeSpan><begin>2019-09-28T12:25:52Z</begin><end>2019-09-28T12:25:53Z</end></TimeSpan><styleUrl>#point</styleUrl><Point><altitudeMode>clampToGround</altitudeMode><coordinates>7.245515501126647,45.430123312398791,1586.79</coordinates></Point></Placemark><Placemark><TimeSpan><begin>2019-09-28T12:25:53Z</begin><end>2019-09-28T12:25:54Z</end></TimeSpan><styleUrl>#point</styleUrl><Point><altitudeMode>clampToGround</altitudeMode><coordinates>7.245519943535328,45.430134292691946,1586.79</coordinates></Point></Placemark><Placemark><TimeSpan><begin>2019-09-28T12:25:54Z</begin><end>2019-09-28T12:25:55Z</end></TimeSpan><styleUrl>#point</styleUrl><Point><altitudeMode>clampToGround</altitudeMode><coordinates>7.245525643229485,45.430146446451545,1586.79</coordinates></Point></Placemark><Placemark><TimeSpan><begin>2019-09-28T12:25:55Z</begin><end>2019-09-28T12:25:56Z</end></TimeSpan><styleUrl>#point</styleUrl><Point><altitudeMode>clampToGround</altitudeMode><coordinates>7.24553419277072,45.430160108953714,1586.79</coordinates></Point></Placemark><Placemark><TimeSpan><begin>2019-09-28T12:25:56Z</begin><end>2019-09-28T12:25:57Z</end></TimeSpan><styleUrl>#point</styleUrl><Point><altitudeMode>clampToGround</altitudeMode><coordinates>7.24554106593132,45.430175783112645,1586.79</coordinates></Point></Placemark><Placemark><TimeSpan><begin>2019-09-28T12:25:57Z</begin><end>2019-09-28T12:26:08Z</end></TimeSpan><styleUrl>#point</styleUrl><Point><altitudeMode>clampToGround</altitudeMode><coordinates>7.245471831411123,45.430316431447864,1588.24</coordinates></Point></Placemark><Placemark><TimeSpan><begin>2019-09-28T12:26:08Z</begin><end>2019-09-28T12:26:24Z</end></TimeSpan><styleUrl>#point</styleUrl><Point><altitudeMode>clampToGround</altitudeMode><coordinates>7.2453020978719,45.430409135296941,1589.2</coordinates></Point></Placemark><Placemark><TimeSpan><begin>2019-09-28T12:26:24Z</begin><end>2019-09-28T12:26:25Z</end></TimeSpan><styleUrl>#point</styleUrl><Point><altitudeMode>clampToGround</altitudeMode><coordinates>7.24530796520412,45.430424641817808,1589.2</coordinates></Point></Placemark><Placemark><TimeSpan><begin>2019-09-28T12:26:25Z</begin><end>2019-09-28T12:26:26Z</end></TimeSpan><styleUrl>#point</styleUrl><Point><altitudeMode>clampToGround</altitudeMode><coordinates>7.245317017659545,45.430436627939343,1589.2</coordinates></Point></Placemark><Placemark><TimeSpan><begin>2019-09-28T12:26:26Z</begin><end>2019-09-28T12:26:27Z</end></TimeSpan><styleUrl>#point</styleUrl><Point><altitudeMode>clampToGround</altitudeMode><coordinates>7.245332356542349,45.430447105318308,1589.2</coordinates></Point></Placemark><Placemark><TimeSpan><begin>2019-09-28T12:26:27Z</begin><end>2019-09-28T12:26:28Z</end></TimeSpan><styleUrl>#point</styleUrl><Point><altitudeMode>clampToGround</altitudeMode><coordinates>7.245345767587423,45.430453475564718,1589.2</coordinates></Point></Placemark><Placemark><TimeSpan><begin>2019-09-28T12:26:28Z</begin><end>2019-09-28T12:26:31Z</end></TimeSpan><styleUrl>#point</styleUrl><Point><altitudeMode>clampToGround</altitudeMode><coordinates>7.245389772579074,45.430460264906287,1586.79</coordinates></Point></Placemark><Placemark><TimeSpan><begin>2019-09-28T12:26:31Z</begin><end>2019-09-28T12:26:32Z</end></TimeSpan><styleUrl>#point</styleUrl><Point><altitudeMode>clampToGround</altitudeMode><coordinates>7.245406284928322,45.430457163602114,1586.79</coordinates></Point></Placemark><Placemark><TimeSpan><begin>2019-09-28T12:26:32Z</begin><end>2019-09-28T12:26:46Z</end></TimeSpan><styleUrl>#point</styleUrl><Point><altitudeMode>clampToGround</altitudeMode><coordinates>7.245583310723305,45.43044718913734,1583.9100000000001</coordinates></Point></Placemark><Placemark><TimeSpan><begin>2019-09-28T12:26:46Z</begin><end>2019-09-28T12:26:55Z</end></TimeSpan><styleUrl>#point</styleUrl><Point><altitudeMode>clampToGround</altitudeMode><coordinates>7.245657658204436,45.430451044812799,1581.03</coordinates></Point></Placemark><Placemark><TimeSpan><begin>2019-09-28T12:26:55Z</begin><end>2019-09-28T12:27:08Z</end></TimeSpan><styleUrl>#point</styleUrl><Point><altitudeMode>clampToGround</altitudeMode><coordinates>7.245774585753679,45.43046722188592,1577.6600000000001</coordinates></Point></Placemark><Placemark><TimeSpan><begin>2019-09-28T12:27:08Z</begin><end>2019-09-28T12:27:21Z</end></TimeSpan><styleUrl>#point</styleUrl><Point><altitudeMode>clampToGround</altitudeMode><coordinates>7.245910372585058,45.430452469736338,1574.3</coordinates></Point></Placemark><Placemark><TimeSpan><begin>2019-09-28T12:27:21Z</begin><end>2019-09-28T12:27:32Z</end></TimeSpan><styleUrl>#point</styleUrl><Point><altitudeMode>clampToGround</altitudeMode><coordinates>7.246005591005087,45.430423803627491,1571.4100000000001</coordinates></Point></Placemark><Placemark><TimeSpan><begin>2019-09-28T12:27:32Z</begin><end>2019-09-28T12:27:45Z</end></TimeSpan><styleUrl>#point</styleUrl><Point><altitudeMode>clampToGround</altitudeMode><coordinates>7.246136097237468,45.430437549948692,1568.05</coordinates></Point></Placemark><Placemark><TimeSpan><begin>2019-09-28T12:27:45Z</begin><end>2019-09-28T12:27:59Z</end></TimeSpan><styleUrl>#point</styleUrl><Point><altitudeMode>clampToGround</altitudeMode><coordinates>7.246256293728948,45.430424474179745,1566.1199999999999</coordinates></Point></Placemark><Placemark><TimeSpan><begin>2019-09-28T12:27:59Z</begin><end>2019-09-28T12:28:13Z</end></TimeSpan><styleUrl>#point</styleUrl><Point><altitudeMode>clampToGround</altitudeMode><coordinates>7.246377663686872,45.430361023172736,1562.76</coordinates></Point></Placemark><Placemark><TimeSpan><begin>2019-09-28T12:28:13Z</begin><end>2019-09-28T12:28:27Z</end></TimeSpan><styleUrl>#point</styleUrl><Point><altitudeMode>clampToGround</altitudeMode><coordinates>7.246556533500552,45.430359682068229,1559.4000000000001</coordinates></Point></Placemark><Placemark><TimeSpan><begin>2019-09-28T12:28:27Z</begin><end>2019-09-28T12:28:41Z</end></TimeSpan><styleUrl>#point</styleUrl><Point><altitudeMode>clampToGround</altitudeMode><coordinates>7.246696595102549,45.430367141962051,1557.47</coordinates></Point></Placemark><Placemark><TimeSpan><begin>2019-09-28T12:28:41Z</begin><end>2019-09-28T12:28:56Z</end></TimeSpan><styleUrl>#point</styleUrl><Point><altitudeMode>clampToGround</altitudeMode><coordinates>7.246798016130924,45.430265301838517,1554.1099999999999</coordinates></Point></Placemark><Placemark><TimeSpan><begin>2019-09-28T12:28:56Z</begin><end>2019-09-28T12:29:10Z</end></TimeSpan><styleUrl>#point</styleUrl><Point><altitudeMode>clampToGround</altitudeMode><coordinates>7.246824754402041,45.430171340703964,1551.71</coordinates></Point></Placemark><Placemark><TimeSpan><begin>2019-09-28T12:29:10Z</begin><end>2019-09-28T12:29:26Z</end></TimeSpan><styleUrl>#point</styleUrl><Point><altitudeMode>clampToGround</altitudeMode><coordinates>7.246775384992361,45.429995572194457,1550.26</coordinates></Point></Placemark><Placemark><TimeSpan><begin>2019-09-28T12:29:26Z</begin><end>2019-09-28T12:29:40Z</end></TimeSpan><styleUrl>#point</styleUrl><Point><altitudeMode>clampToGround</altitudeMode><coordinates>7.246732888743281,45.429863724857569,1548.3399999999999</coordinates></Point></Placemark><Placemark><TimeSpan><begin>2019-09-28T12:29:40Z</begin><end>2019-09-28T12:29:49Z</end></TimeSpan><styleUrl>#point</styleUrl><Point><altitudeMode>clampToGround</altitudeMode><coordinates>7.246725093573332,45.429776469245553,1546.9000000000001</coordinates></Point></Placemark><Placemark><TimeSpan><begin>2019-09-28T12:29:49Z</begin><end>2019-09-28T12:30:04Z</end></TimeSpan><styleUrl>#point</styleUrl><Point><altitudeMode>clampToGround</altitudeMode><coordinates>7.246587295085192,45.429651997983456,1545.9400000000001</coordinates></Point></Placemark><Placemark><TimeSpan><begin>2019-09-28T12:30:04Z</begin><end>2019-09-28T12:30:19Z</end></TimeSpan><styleUrl>#point</styleUrl><Point><altitudeMode>clampToGround</altitudeMode><coordinates>7.246489059180021,45.429532807320356,1543.53</coordinates></Point></Placemark><Placemark><TimeSpan><begin>2019-09-28T12:30:19Z</begin><end>2019-09-28T12:30:30Z</end></TimeSpan><styleUrl>#point</styleUrl><Point><altitudeMode>clampToGround</altitudeMode><coordinates>7.246614703908563,45.429538507014513,1543.05</coordinates></Point></Placemark><Placemark><TimeSpan><begin>2019-09-28T12:30:30Z</begin><end>2019-09-28T12:30:39Z</end></TimeSpan><styleUrl>#point</styleUrl><Point><altitudeMode>clampToGround</altitudeMode><coordinates>7.246760800480843,45.429503973573446,1540.6500000000001</coordinates></Point></Placemark><Placemark><TimeSpan><begin>2019-09-28T12:30:39Z</begin><end>2019-09-28T12:30:40Z</end></TimeSpan><styleUrl>#point</styleUrl><Point><altitudeMode>clampToGround</altitudeMode><coordinates>7.246773038059473,45.429494418203831,1540.6500000000001</coordinates></Point></Placemark><Placemark><TimeSpan><begin>2019-09-28T12:30:40Z</begin><end>2019-09-28T12:30:53Z</end></TimeSpan><styleUrl>#point</styleUrl><Point><altitudeMode>clampToGround</altitudeMode><coordinates>7.246962720528245,45.429400876164436,1540.1700000000001</coordinates></Point></Placemark><Placemark><TimeSpan><begin>2019-09-28T12:30:53Z</begin><end>2019-09-28T12:30:58Z</end></TimeSpan><styleUrl>#point</styleUrl><Point><altitudeMode>clampToGround</altitudeMode><coordinates>7.246956182643771,45.429418729618192,1539.6900000000001</coordinates></Point></Placemark><Placemark><TimeSpan><begin>2019-09-28T12:30:58Z</begin><end>2019-09-28T12:31:15Z</end></TimeSpan><styleUrl>#point</styleUrl><Point><altitudeMode>clampToGround</altitudeMode><coordinates>7.246745629236102,45.42952811345458,1541.6099999999999</coordinates></Point></Placemark><Placemark><TimeSpan><begin>2019-09-28T12:31:15Z</begin><end>2019-09-28T12:31:25Z</end></TimeSpan><styleUrl>#point</styleUrl><Point><altitudeMode>clampToGround</altitudeMode><coordinates>7.246690141037107,45.429554684087634,1542.0899999999999</coordinates></Point></Placemark><Placemark><TimeSpan><begin>2019-09-28T12:31:25Z</begin><end>2019-09-28T12:31:26Z</end></TimeSpan><styleUrl>#point</styleUrl><Point><altitudeMode>clampToGround</altitudeMode><coordinates>7.246699864044786,45.429565412923694,1542.0899999999999</coordinates></Point></Placemark><Placemark><TimeSpan><begin>2019-09-28T12:31:26Z</begin><end>2019-09-28T12:31:39Z</end></TimeSpan><styleUrl>#point</styleUrl><Point><altitudeMode>clampToGround</altitudeMode><coordinates>7.246711095795035,45.429659709334373,1544.01</coordinates></Point></Placemark><Placemark><TimeSpan><begin>2019-09-28T12:31:39Z</begin><end>2019-09-28T12:31:53Z</end></TimeSpan><styleUrl>#point</styleUrl><Point><altitudeMode>clampToGround</altitudeMode><coordinates>7.246712436899543,45.429752580821514,1545.46</coordinates></Point></Placemark><Placemark><TimeSpan><begin>2019-09-28T12:31:53Z</begin><end>2019-09-28T12:32:07Z</end></TimeSpan><styleUrl>#point</styleUrl><Point><altitudeMode>clampToGround</altitudeMode><coordinates>7.246724674478173,45.429901611059904,1547.8599999999999</coordinates></Point></Placemark><Placemark><TimeSpan><begin>2019-09-28T12:32:07Z</begin><end>2019-09-28T12:32:23Z</end></TimeSpan><styleUrl>#point</styleUrl><Point><altitudeMode>clampToGround</altitudeMode><coordinates>7.246838668361306,45.430072182789445,1549.3</coordinates></Point></Placemark><Placemark><TimeSpan><begin>2019-09-28T12:32:23Z</begin><end>2019-09-28T12:32:38Z</end></TimeSpan><styleUrl>#point</styleUrl><Point><altitudeMode>clampToGround</altitudeMode><coordinates>7.246795669198036,45.430203443393111,1551.22</coordinates></Point></Placemark><Placemark><TimeSpan><begin>2019-09-28T12:32:38Z</begin><end>2019-09-28T12:32:52Z</end></TimeSpan><styleUrl>#point</styleUrl><Point><altitudeMode>clampToGround</altitudeMode><coordinates>7.246716124936938,45.430310731753707,1554.1099999999999</coordinates></Point></Placemark><Placemark><TimeSpan><begin>2019-09-28T12:32:52Z</begin><end>2019-09-28T12:33:07Z</end></TimeSpan><styleUrl>#point</styleUrl><Point><altitudeMode>clampToGround</altitudeMode><coordinates>7.246616212651134,45.430322047322989,1556.03</coordinates></Point></Placemark><Placemark><TimeSpan><begin>2019-09-28T12:33:07Z</begin><end>2019-09-28T12:33:19Z</end></TimeSpan><styleUrl>#point</styleUrl><Point><altitudeMode>clampToGround</altitudeMode><coordinates>7.246626187115908,45.430361023172736,1556.03</coordinates></Point></Placemark><Placemark><TimeSpan><begin>2019-09-28T12:33:19Z</begin><end>2019-09-28T12:33:31Z</end></TimeSpan><styleUrl>#point</styleUrl><Point><altitudeMode>clampToGround</altitudeMode><coordinates>7.246603891253471,45.43035532347858,1556.03</coordinates></Point></Placemark><Placemark><TimeSpan><begin>2019-09-28T12:33:31Z</begin><end>2019-09-28T12:33:46Z</end></TimeSpan><styleUrl>#point</styleUrl><Point><altitudeMode>clampToGround</altitudeMode><coordinates>7.246423428878188,45.430428748950362,1556.99</coordinates></Point></Placemark><Placemark><TimeSpan><begin>2019-09-28T12:33:46Z</begin><end>2019-09-28T12:34:01Z</end></TimeSpan><styleUrl>#point</styleUrl><Point><altitudeMode>clampToGround</altitudeMode><coordinates>7.246274817734957,45.430506952106953,1558.4300000000001</coordinates></Point></Placemark><Placemark><TimeSpan><begin>2019-09-28T12:34:01Z</begin><end>2019-09-28T12:34:09Z</end></TimeSpan><styleUrl>#point</styleUrl><Point><altitudeMode>clampToGround</altitudeMode><coordinates>7.246196279302239,45.430511645972729,1556.99</coordinates></Point></Placemark><Placemark><TimeSpan><begin>2019-09-28T12:34:09Z</begin><end>2019-09-28T12:34:21Z</end></TimeSpan><styleUrl>#point</styleUrl><Point><altitudeMode>clampToGround</altitudeMode><coordinates>7.246156549081206,45.430497648194432,1553.6300000000001</coordinates></Point></Placemark><Placemark><TimeSpan><begin>2019-09-28T12:34:21Z</begin><end>2019-09-28T12:34:32Z</end></TimeSpan><styleUrl>#point</styleUrl><Point><altitudeMode>clampToGround</altitudeMode><coordinates>7.24612251855433,45.430532181635499,1550.26</coordinates></Point></Placemark><Placemark><TimeSpan><begin>2019-09-28T12:34:32Z</begin><end>2019-09-28T12:34:43Z</end></TimeSpan><styleUrl>#point</styleUrl><Point><altitudeMode>clampToGround</altitudeMode><coordinates>7.246167780831456,45.430603008717299,1546.9000000000001</coordinates></Point></Placemark><Placemark><TimeSpan><begin>2019-09-28T12:34:43Z</begin><end>2019-09-28T12:34:56Z</end></TimeSpan><styleUrl>#point</styleUrl><Point><altitudeMode>clampToGround</altitudeMode><coordinates>7.246209606528282,45.43068858794868,1543.53</coordinates></Point></Placemark><Placemark><TimeSpan><begin>2019-09-28T12:34:56Z</begin><end>2019-09-28T12:34:58Z</end></TimeSpan><styleUrl>#point</styleUrl><Point><altitudeMode>clampToGround</altitudeMode><coordinates>7.246224945411086,45.430710045620799,1542.5699999999999</coordinates></Point></Placemark><Placemark><TimeSpan><begin>2019-09-28T12:34:58Z</begin><end>2019-09-28T12:35:11Z</end></TimeSpan><styleUrl>#point</styleUrl><Point><altitudeMode>clampToGround</altitudeMode><coordinates>7.246344471350312,45.430760504677892,1543.05</coordinates></Point></Placemark><Placemark><TimeSpan><begin>2019-09-28T12:35:11Z</begin><end>2019-09-28T12:35:28Z</end></TimeSpan><styleUrl>#point</styleUrl><Point><altitudeMode>clampToGround</altitudeMode><coordinates>7.246388895437121,45.430790344253182,1543.05</coordinates></Point></Placemark><Placemark><TimeSpan><begin>2019-09-28T12:35:28Z</begin><end>2019-09-28T12:35:42Z</end></TimeSpan><styleUrl>#point</styleUrl><Point><altitudeMode>clampToGround</altitudeMode><coordinates>7.246445221826434,45.430848347023129,1543.05</coordinates></Point></Placemark><Placemark><TimeSpan><begin>2019-09-28T12:35:42Z</begin><end>2019-09-28T12:35:55Z</end></TimeSpan><styleUrl>#point</styleUrl><Point><altitudeMode>clampToGround</altitudeMode><coordinates>7.24662090651691,45.430974410846829,1542.5699999999999</coordinates></Point></Placemark><Placemark><TimeSpan><begin>2019-09-28T12:35:55Z</begin><end>2019-09-28T12:36:01Z</end></TimeSpan><styleUrl>#point</styleUrl><Point><altitudeMode>clampToGround</altitudeMode><coordinates>7.246643621474505,45.430958149954677,1541.6099999999999</coordinates></Point></Placemark><Placemark><TimeSpan><begin>2019-09-28T12:36:01Z</begin><end>2019-09-28T12:36:16Z</end></TimeSpan><styleUrl>#point</styleUrl><Point><altitudeMode>clampToGround</altitudeMode><coordinates>7.246891893446446,45.430928058922291,1539.21</coordinates></Point></Placemark><Placemark><TimeSpan><begin>2019-09-28T12:36:16Z</begin><end>2019-09-28T12:36:19Z</end></TimeSpan><styleUrl>#point</styleUrl><Point><altitudeMode>clampToGround</altitudeMode><coordinates>7.246944280341268,45.430921856313944,1538.73</coordinates></Point></Placemark><Placemark><TimeSpan><begin>2019-09-28T12:36:19Z</begin><end>2019-09-28T12:36:33Z</end></TimeSpan><styleUrl>#point</styleUrl><Point><altitudeMode>clampToGround</altitudeMode><coordinates>7.247098255902529,45.430848682299256,1536.3199999999999</coordinates></Point></Placemark><Placemark><TimeSpan><begin>2019-09-28T12:36:33Z</begin><end>2019-09-28T12:36:53Z</end></TimeSpan><styleUrl>#point</styleUrl><Point><altitudeMode>clampToGround</altitudeMode><coordinates>7.247131196781993,45.430830661207438,1535.3599999999999</coordinates></Point></Placemark><Placemark><TimeSpan><begin>2019-09-28T12:36:53Z</begin><end>2019-09-28T12:37:12Z</end></TimeSpan><styleUrl>#point</styleUrl><Point><altitudeMode>clampToGround</altitudeMode><coordinates>7.247340576723218,45.430898806080222,1534.8800000000001</coordinates></Point></Placemark><Placemark><TimeSpan><begin>2019-09-28T12:37:12Z</begin><end>2019-09-28T12:37:31Z</end></TimeSpan><styleUrl>#point</styleUrl><Point><altitudeMode>clampToGround</altitudeMode><coordinates>7.247373517602682,45.430916324257851,1534.8800000000001</coordinates></Point></Placemark><Placemark><TimeSpan><begin>2019-09-28T12:37:31Z</begin><end>2019-09-28T12:37:47Z</end></TimeSpan><styleUrl>#point</styleUrl><Point><altitudeMode>clampToGround</altitudeMode><coordinates>7.247370583936572,45.430908277630806,1534.8800000000001</coordinates></Point></Placemark></Folder><Placemark><name>Traversata Rivotti_Ceresole</name><Style><LineStyle><color>ff00ff00</color><width>4</width></LineStyle></Style><MultiGeometry><LineString><coordinates>7.273682886734605,45.377181870862842,1475.28 7.273830240592361,45.377356885001063,1478.6500000000001 7.273904168978334,45.377385215833783,1479.1300000000001 7.274213125929236,45.37747205235064,1482.01 7.274225698783994,45.377479763701558,1482.01 7.274262914434075,45.377573808655143,1482.97 7.274277834221721,45.37763424217701,1483.45 7.274272385984659,45.377658046782017,1483.45 7.274262579157949,45.377704817801714,1484.4100000000001 7.274233410134912,45.377837000414729,1486.3399999999999 7.274273307994008,45.378048894926906,1489.22 7.274284455925226,45.378066496923566,1489.7 7.274297447875142,45.378099521622062,1489.7 7.274552760645747,45.378274116665125,1493.0599999999999 7.27456952445209,45.378282498568296,1493.0599999999999 7.274693828076124,45.378313595429063,1494.51 7.274492913857102,45.37837796844542,1496.4300000000001 7.274538595229387,45.378390289843082,1497.3900000000001 7.274537086486816,45.378403449431062,1497.3900000000001 7.274510432034731,45.378375537693501,1497.3900000000001 7.274654265493155,45.378373693674803,1497.8699999999999 7.274863561615348,45.378410909324884,1500.27 7.274845289066434,45.378465475514531,1503.6400000000001 7.274882504716516,45.378485424444079,1504.5999999999999 7.275028852745891,45.378471342846751,1506.52 7.275069169700146,45.378475030884147,1506.52 7.275074953213334,45.378508223220706,1508.9300000000001 7.2751544136554,45.378561448305845,1512.29 7.275315765291452,45.378622720018029,1514.6900000000001 7.275441074743867,45.378675693646073,1517.0999999999999 7.275528162717819,45.378707041963935,1519.02 7.275678534060717,45.378727577626705,1521.4200000000001 7.27574760094285,45.378761356696486,1522.3900000000001 7.275893781334162,45.378811229020357,1526.23 7.276037866249681,45.378817683085799,1529.5899999999999 7.276106681674719,45.378860263153911,1532.48 7.276175078004599,45.378929749131203,1535.3599999999999 7.276267278939486,45.37896528840065,1537.77 7.276248335838318,45.379020692780614,1540.1700000000001 7.276234673336148,45.37905371747911,1542.5699999999999 7.276247665286064,45.379120772704482,1545.46 7.276332406327128,45.379187576472759,1548.3399999999999 7.276509264484048,45.379256308078766,1551.22 7.276666257530451,45.37934884428978,1553.6300000000001 7.276660138741136,45.379366362467408,1554.5899999999999 7.27664764970541,45.379382707178593,1554.5899999999999 7.276612194254994,45.379382036626339,1555.0699999999999 7.276626443490386,45.379396704956889,1555.0699999999999 7.276646727696061,45.379411457106471,1555.0699999999999 7.276697605848312,45.379432579502463,1555.0699999999999 7.276709089055657,45.379367284476757,1555.55 7.276603560894728,45.379293775185943,1557.95 7.276496104896069,45.379342054948211,1560.8399999999999 7.276426367461681,45.379317663609982,1563.72 7.276334250345826,45.379348173737526,1566.6099999999999 7.276186561211944,45.379355633631349,1569.97 7.276099137961865,45.379404416307807,1572.3699999999999 7.275987910106778,45.379408691078424,1574.78 7.275849608704448,45.379459988325834,1576.7 7.275745086371899,45.379535593092442,1578.6199999999999 7.275691023096442,45.37962494418025,1581.03 7.275623632594943,45.379726365208626,1583.4300000000001 7.275540316477418,45.379777997732162,1585.3499999999999 7.275443421676755,45.379875646904111,1587.75 7.27536303922534,45.379930967465043,1590.1600000000001 7.275328589603305,45.380031047388911,1591.5999999999999 7.275214679539204,45.380110340192914,1594 7.275146618485451,45.380192315205932,1595.45 7.27501661516726,45.380259454250336,1597.3699999999999 7.274934388697147,45.380363641306758,1599.29 7.274889964610338,45.380503116175532,1601.21 7.274791980162263,45.380483334884048,1603.1400000000001 7.274730205535889,45.380556173622608,1604.5799999999999 7.27463255636394,45.380537817254663,1606.5 7.274531638249755,45.380468918010592,1608.4200000000001 7.274405742064118,45.380439748987556,1610.8299999999999 7.274292418733239,45.380409490317106,1612.75 7.27421136572957,45.380352744832635,1615.1500000000001 7.274080021306872,45.380292059853673,1617.0699999999999 7.273969799280167,45.380255179479718,1619 7.273871060460806,45.380245288833976,1621.4000000000001 7.273796377703548,45.380213689059019,1623.3199999999999 7.273692525923252,45.380188962444663,1624.77 7.273599235340953,45.380211258307099,1627.1700000000001 7.273493874818087,45.380209079012275,1629.0899999999999 7.273369403555989,45.380195751786232,1631.49 7.273281309753656,45.380197511985898,1633.9000000000001 7.273191958665848,45.380173204466701,1636.3 7.2731754463166,45.380181586369872,1637.26 7.27317008189857,45.380208911374211,1637.26 7.273146696388722,45.380204385146499,1637.26 7.273177457973361,45.38020153529942,1637.26 7.273185504600406,45.380195416510105,1637.26 7.273149713873863,45.380180412903428,1637.74 7.273114006966353,45.380197176709771,1638.22 7.273087603971362,45.380188962444663,1639.1900000000001 7.272970005869865,45.380120482295752,1641.5899999999999 7.272959696128964,45.38011159747839,1642.0699999999999 7.272925162687898,45.380091816186905,1642.55 7.272874535992742,45.380086451768875,1643.99 7.272876128554344,45.380217125639319,1647.3599999999999 7.272875290364027,45.380320474505424,1648.8 7.272828184068203,45.380370933562517,1650.72 7.272781748324633,45.380438826978207,1654.0899999999999 7.272772947326303,45.380537817254663,1655.53 7.272726260125637,45.380625408142805,1657.45 7.272681668400765,45.380714423954487,1658.8900000000001 7.272606482729316,45.380762536078691,1660.8099999999999 7.272487627342343,45.380827998742461,1662.74 7.272337172180414,45.380886336788535,1664.1800000000001 7.272228626534343,45.380977280437946,1665.6199999999999 7.272120919078589,45.381032014265656,1667.0599999999999 7.272003656253219,45.381093537434936,1668.99 7.271910784766078,45.381134273484349,1670.9100000000001 7.271855631843209,45.381200322881341,1672.3499999999999 7.271776841953397,45.381282130256295,1674.75 7.271680450066924,45.381355052813888,1677.6400000000001 7.271641306579113,45.381362093612552,1679.5599999999999 7.271719928830862,45.381276682019234,1680.04 7.271643904969096,45.381197053939104,1682.4400000000001 7.27157223969698,45.38109621964395,1684.3699999999999 7.271551955491304,45.381034445017576,1686.77 7.271549608558416,45.380952889099717,1688.6900000000001 7.271491773426533,45.380893712863326,1690.6199999999999 7.271427400410175,45.38081232458353,1693.02 7.271360429003835,45.380744095891714,1695.4200000000001 7.271290691569448,45.380620379000902,1697.3399999999999 7.27125221863389,45.380615014582872,1698.3099999999999 7.271158425137401,45.380624318495393,1700.71 7.271055411547422,45.380622474476695,1703.1099999999999 7.270967150107026,45.380639741197228,1706 7.270839074626565,45.380648961290717,1708.8800000000001 7.270697252824903,45.380653906613588,1711.76 7.270661210641265,45.380710065364838,1713.6900000000001 7.270593820139766,45.380704281851649,1714.6500000000001 7.270528441295028,45.38070822134614,1717.05 7.270442862063646,45.380711322650313,1719.9400000000001 7.270385948941112,45.380784077569842,1721.3800000000001 7.270316295325756,45.380805535241961,1723.3 7.270222585648298,45.380808971822262,1726.1800000000001 7.270179083570838,45.380778713151813,1727.1500000000001 7.27011320181191,45.380743341520429,1729.0699999999999 7.270027957856655,45.380701180547476,1730.03 7.269988395273686,45.380595903843641,1730.99 7.269973056390882,45.38053136318922,1730.99 7.269888566806912,45.380430864170194,1730.99 7.269773483276367,45.380421224981546,1732.4300000000001 7.269664769992232,45.380416698753834,1734.8399999999999 7.269553793594241,45.380405718460679,1737.72 7.269498389214277,45.380463805049658,1740.1199999999999 7.269432423636317,45.380562460049987,1742.05 7.26938908919692,45.380628425627947,1744.45 7.269385568797588,45.380654828622937,1745.8900000000001 7.269360926002264,45.380699671804905,1748.29 7.269349778071046,45.380762368440628,1750.7 7.269339803606272,45.380731858313084,1752.1400000000001 7.269256236031652,45.380722638219595,1754.54 7.269159508869052,45.380694810301065,1756.95 7.269088514149189,45.380707634612918,1758.8699999999999 7.269034702330828,45.380711071193218,1760.79 7.269017351791263,45.380713418126106,1761.75 7.269013663753867,45.380752477794886,1762.71 7.268963623791933,45.380768487229943,1763.6800000000001 7.26889212615788,45.380791537463665,1766.0799999999999 7.268840158358216,45.380751471966505,1768.96 7.26882423274219,45.380708137527108,1769.9200000000001 7.268836218863726,45.380674861371517,1770.4100000000001 7.268801601603627,45.380732025951147,1770.4100000000001 7.268749382346869,45.380742587149143,1772.3299999999999 7.268647709861398,45.380772510543466,1775.6900000000001 7.26857353001833,45.380776198580861,1778.5799999999999 7.268567746505141,45.380771839991212,1778.0999999999999 7.268487783148885,45.380765218287706,1780.02 7.268343111500144,45.380715765058994,1780.98 7.268224423751235,45.380682572722435,1781.9400000000001 7.268081596121192,45.380675699561834,1783.8599999999999 7.26808687672019,45.380680309608579,1784.3399999999999 7.268116381019354,45.380697660148144,1783.8599999999999 7.268103640526533,45.38070528768003,1782.9000000000001 7.268087044358254,45.380705120041966,1782.4200000000001 7.268007583916187,45.380643596872687,1782.4200000000001 7.267999956384301,45.380636136978865,1783.3800000000001 7.268030801787973,45.38063881918788,1783.3800000000001 7.268009008839726,45.380642507225275,1783.3800000000001 7.267993669956923,45.380639741197228,1783.3800000000001 7.267878334969282,45.380612416192889,1783.8599999999999 7.26773458532989,45.380556844174862,1784.8199999999999 7.26756694726646,45.380514347925782,1786.75 7.267501149326563,45.380465565249324,1786.75 7.267336864024401,45.380424577742815,1788.1900000000001 7.267223205417395,45.380399515852332,1789.1500000000001 7.266976023092866,45.380377387627959,1789.1500000000001 7.266951045021415,45.380371268838644,1789.6300000000001 7.266907710582018,45.380358612164855,1789.1500000000001 7.266815761104226,45.380350816994905,1789.1500000000001 7.26660680025816,45.380337908864021,1790.5899999999999 7.266555754467845,45.380318043753505,1790.5899999999999 7.26639281027019,45.380249060690403,1791.55 7.266325084492564,45.380219221115112,1791.55 7.266178065910935,45.380210084840655,1791.55 7.266071615740657,45.380153842270374,1793.48 7.265910096466541,45.380086284130812,1793.96 7.265883358195424,45.380064575001597,1793.96 7.265845639631152,45.380018223077059,1793.96 7.265744050964713,45.379958041012287,1794.4400000000001 7.265611700713635,45.379912611097097,1795.4000000000001 7.265520924702287,45.37989417091012,1795.4000000000001 7.265385054051876,45.37991470657289,1795.8800000000001 7.265207944437861,45.379917304962873,1796.8399999999999 7.265160838142037,45.379913030192256,1796.8399999999999 7.264921618625522,45.379905235022306,1797.8 7.264711316674948,45.379883022978902,1798.28 7.264490118250251,45.379875395447016,1798.28 7.264437563717365,45.379841113463044,1797.8 7.264258526265621,45.379790738224983,1797.8 7.264254502952099,45.379782188683748,1797.8 7.26424285210669,45.379760060459375,1798.28 7.264179401099682,45.379738938063383,1797.3199999999999 7.264049900695682,45.379694346338511,1795.8800000000001 7.263882514089346,45.379684120416641,1795.4000000000001 7.263837167993188,45.379682444036007,1795.4000000000001 7.263794839382172,45.379678839817643,1795.8800000000001 7.26367355324328,45.379662327468395,1795.8800000000001 7.263682605698705,45.379664842039347,1794.9200000000001 7.26368235424161,45.379663752391934,1796.3599999999999 7.263680342584848,45.379661908373237,1796.3599999999999 7.263691071420908,45.379675654694438,1796.3599999999999 7.263696938753128,45.379687640815973,1796.3599999999999 7.263678582385182,45.379666015505791,1796.3599999999999 7.263681599870324,45.379669452086091,1796.8399999999999 7.263665590435267,45.379656627774239,1796.8399999999999 7.263520415872335,45.379637097939849,1796.8399999999999 7.263382449746132,45.379614718258381,1795.8800000000001 7.263325117528439,45.379597116261721,1795.4000000000001 7.263219086453319,45.379592590034008,1796.8399999999999 7.263070810586214,45.379570377990603,1797.8 7.263060752302408,45.379567611962557,1797.8 7.262989170849323,45.379559146240354,1797.8 7.262939717620611,45.379558224231005,1797.8 7.262894874438644,45.379561241716146,1796.3599999999999 7.262837458401918,45.379580520093441,1795.4000000000001 7.262664372101426,45.379633996635675,1793 7.262546019628644,45.379666434600949,1791.55 7.262482820078731,45.379683366045356,1790.5899999999999 7.262360695749521,45.379749163985252,1788.6700000000001 7.262318534776568,45.379781015217304,1787.71 7.262256424874067,45.37980230525136,1787.71 7.262124493718147,45.379798533394933,1789.1500000000001 7.262058276683092,45.379848908632994,1788.6700000000001 7.262011840939522,45.379842957481742,1788.1900000000001 7.261965405195952,45.379894841462374,1786.27 7.261899439617991,45.379932476207614,1784.8199999999999 7.261774381622672,45.380021743476391,1782.4200000000001 7.261744625866413,45.380074800923467,1782.4200000000001 7.261717971414328,45.380081003531814,1780.98 7.261702800169587,45.380092235282063,1780.5 7.261662902310491,45.380170689895749,1780.02 7.261668350547552,45.380188291892409,1780.02 7.261620238423348,45.380199523642659,1779.0599999999999 7.261609090492129,45.380194745957851,1779.0599999999999 7.261589476838708,45.380202792584896,1779.0599999999999 7.261618729680777,45.380201200023293,1779.0599999999999 7.261645467951894,45.380203044041991,1779.0599999999999 7.261630548164249,45.380193237215281,1779.0599999999999 7.261621998623014,45.380189968273044,1779.0599999999999 7.261635577306151,45.380195081233978,1779.0599999999999 7.261636080220342,45.380219640210271,1779.0599999999999 7.261616969481111,45.380193404853344,1779.0599999999999 7.261570617556572,45.380200697109103,1779.0599999999999 7.261537928134203,45.380177311599255,1779.0599999999999 7.261579502373934,45.380200948566198,1779.54 7.261573299765587,45.380178401246667,1779.54 7.261621914803982,45.380196170881391,1779.54 7.26162375882268,45.380192063748837,1779.54 7.261600457131863,45.380180412903428,1779.54 7.261561313644052,45.380149651318789,1779.54 7.261592326685786,45.380145963281393,1779.54 7.261599702760577,45.380172114819288,1779.54 7.261516219004989,45.380208408460021,1778.0999999999999 7.261422593146563,45.380270099267364,1775.6900000000001 7.261404655873776,45.380264483392239,1774.25 7.261366434395313,45.380269093438983,1773.77 7.261253194883466,45.380339752882719,1771.8499999999999 7.261219331994653,45.380366994068027,1770.8900000000001 7.261161161586642,45.380404125899076,1770.8900000000001 7.26103744469583,45.380434468388557,1769.9200000000001 7.260962426662445,45.380415106192231,1769.4400000000001 7.260818006470799,45.380441676825285,1769.4400000000001 7.260675765573978,45.380459111183882,1769.4400000000001 7.260551294311881,45.380467996001244,1768.96 7.260540565475822,45.380482077598572,1768.96 7.260516677051783,45.380502194166183,1768.48 7.2603430878371,45.380530692636967,1768.96 7.260338142514229,45.38053086027503,1768.96 7.260221466422081,45.380506301298738,1768.48 7.260166816413403,45.380515772849321,1768 7.260111328214407,45.380577212199569,1767.52 7.259976966306567,45.380549384281039,1765.1199999999999 7.259954335168004,45.380514431744814,1766.5599999999999 7.259936733171344,45.380498925223947,1766.5599999999999 7.259852159768343,45.380447041243315,1766.5599999999999 7.259848723188043,45.380452238023281,1766.5599999999999 7.259919969365001,45.380531447008252,1767.04 7.259986689314246,45.380567405372858,1767.52 7.25999373011291,45.380569668486714,1767.52 7.260014265775681,45.380582408979535,1765.5999999999999 7.260072771459818,45.380594311282039,1765.1199999999999 7.260165056213737,45.380485681816936,1764.6400000000001 7.260253988206387,45.380450310185552,1765.5999999999999 7.26029422134161,45.380443269386888,1765.5999999999999 7.260409472510219,45.380413681268692,1764.1600000000001 7.260574931278825,45.38037789054215,1764.6400000000001 7.260584905743599,45.380379818379879,1764.1600000000001 7.260610722005367,45.380388200283051,1766.0799999999999 7.260750196874142,45.380404461175203,1768.48 7.260766876861453,45.380384176969528,1768.48 7.2607506159693,45.380361629649997,1768.48 7.260741563513875,45.380358193069696,1768.48 7.260791184380651,45.38037545979023,1769.4400000000001 7.260836949571967,45.380386020988226,1769.4400000000001 7.260922444984317,45.380393899977207,1769.4400000000001 7.260982627049089,45.380442934110761,1769.4400000000001 7.261082958430052,45.380452321842313,1769.9200000000001 7.261151522397995,45.38042139261961,1771.3699999999999 7.26127540692687,45.380349140614271,1771.3699999999999 7.26137850433588,45.380288204178214,1774.25 7.261509513482451,45.380243444815278,1777.1300000000001 7.261628536507487,45.380206564441323,1780.02 7.261697016656399,45.380164068192244,1781.9400000000001 7.261809585615993,45.380090223625302,1783.3800000000001 7.261814111843705,45.380072705447674,1783.8599999999999 7.261944198980928,45.379960220307112,1785.3099999999999 7.262029526755214,45.37989710457623,1787.71 7.262155003845692,45.379840945824981,1790.1099999999999 7.262188196182251,45.379830384626985,1790.1099999999999 7.262264639139175,45.379844298586249,1788.6700000000001 7.26231912150979,45.379842622205615,1788.6700000000001 7.262477623298764,45.379756204783916,1790.5899999999999 7.262585833668709,45.379704320803285,1792.52 7.262597568333149,45.379686215892434,1793 7.262802086770535,45.379619831219316,1795.8800000000001 7.26288883946836,45.379587057977915,1797.3199999999999 7.262942986562848,45.379587896168232,1797.3199999999999 7.26306083612144,45.37958387285471,1798.76 7.26323333568871,45.379597870633006,1798.76 7.263263091444969,45.379595858976245,1797.8 7.26342829875648,45.379628213122487,1796.3599999999999 7.263478673994541,45.379641875624657,1798.28 7.263545645400882,45.379648916423321,1798.76 7.263659555464983,45.379665764048696,1798.76 7.263714373111725,45.379683114588261,1798.28 7.263909922912717,45.379708679392934,1798.28 7.263889722526074,45.379725862294436,1798.28 7.263714876025915,45.379687724635005,1798.28 7.263721078634262,45.37968697026372,1797.3199999999999 7.263721581548452,45.379689820110798,1797.3199999999999 7.263734908774495,45.379686802625656,1797.3199999999999 7.263815626502037,45.379698872566223,1797.3199999999999 7.263865582644939,45.379705913364887,1797.3199999999999 7.263966333121061,45.379709685221314,1797.3199999999999 7.264013690873981,45.379720414057374,1797.3199999999999 7.264130618423224,45.37972854450345,1798.76 7.264156602323055,45.379736591130495,1798.76 7.264195075258613,45.379757713526487,1799.73 7.264287108555436,45.379775399342179,1799.73 7.26435324177146,45.379806831479073,1800.6900000000001 7.264546193182468,45.379872964695096,1799.73 7.264736210927367,45.379884699359536,1799.73 7.264879960566759,45.379890818148851,1799.73 7.265098979696631,45.379895176738501,1798.76 7.265249183401465,45.379909593611956,1798.76 7.265352532267571,45.379905737936497,1797.8 7.265475243330002,45.379913197830319,1797.8 7.265570713207126,45.379910347983241,1797.3199999999999 7.265636678785086,45.37993717007339,1796.8399999999999 7.265795515850186,45.379986455664039,1796.8399999999999 7.265925938263536,45.38010086864233,1795.4000000000001 7.266114950180054,45.3801628947258,1795.4000000000001 7.266132133081555,45.380174713209271,1794.9200000000001 7.266175299882889,45.380199775099754,1793.96 7.266199020668864,45.380213269963861,1793.96 7.266372526064515,45.380244869738817,1791.55 7.266445364803076,45.380283091217279,1791.55 7.266551395878196,45.380313014611602,1792.03 7.266614763066173,45.380342770367861,1792.03 7.266638400033116,45.380358276888728,1792.03 7.266685254871845,45.38035836070776,1792.03 7.26691072806716,45.380377387627959,1790.1099999999999 7.26697375997901,45.380398593842983,1790.1099999999999 7.267007706686854,45.380396079272032,1790.1099999999999 7.267077947035432,45.380409993231297,1790.1099999999999 7.267148857936263,45.380420722067356,1790.1099999999999 7.267442811280489,45.380446705967188,1789.1500000000001 7.267720503732562,45.380557011812925,1787.23 7.267940863966942,45.380634712055326,1784.8199999999999 7.268130211159587,45.380646195262671,1781.9400000000001 7.268322324380279,45.380707299336791,1780.5 7.268351493403316,45.38073412142694,1780.5 7.268457859754562,45.380766643211246,1780.02 7.268512928858399,45.380795812234282,1780.02 7.268575374037027,45.380809810012579,1779.0599999999999 7.268641926348209,45.380803858861327,1777.6099999999999 7.268672771751881,45.380788184702396,1775.6900000000001 7.268726415932179,45.380729511380196,1772.8099999999999 7.268822304904461,45.380725068971515,1769.9200000000001 7.268896317109466,45.380779886618257,1767.52 7.268989104777575,45.380835374817252,1764.6400000000001 7.268991703167558,45.380829423666,1765.1199999999999 7.268983907997608,45.38080545142293,1764.1600000000001 7.269034786149859,45.38074049167335,1761.75 7.269127909094095,45.380754740908742,1758.3900000000001 7.269220277667046,45.380752896890044,1755.02 7.269305689260364,45.380780976265669,1753.0999999999999 7.2693504486233,45.380787430331111,1751.6600000000001 7.26940325461328,45.380791034549475,1749.26 7.269413564354181,45.380699504166842,1746.8499999999999 7.269421191886067,45.380631107836962,1743.49 7.269444325938821,45.380576541647315,1740.1199999999999 7.26955127902329,45.380529351532459,1738.6800000000001 7.269665021449328,45.380554413422942,1736.28 7.269799718633294,45.380622306838632,1733.3900000000001 7.269932152703404,45.380620211362839,1730.99 7.269873563200235,45.380617780610919,1731.47 7.269893931224942,45.380617948248982,1731.95 7.269919579848647,45.380649380385876,1730.99 7.269936008378863,45.380658684298396,1730.51 7.2700584679842,45.380710568279028,1728.5899999999999 7.270127031952143,45.380777707323432,1727.6300000000001 7.270231386646628,45.380858676508069,1725.7 7.270397767424583,45.380869572982192,1723.3 7.270460966974497,45.380869153887033,1721.3800000000001 7.270509665831924,45.380905531346798,1719.9400000000001 7.270507737994194,45.380892539396882,1719.9400000000001 7.270507654175162,45.380879463627934,1719.46 7.270494159311056,45.380787514150143,1718.49 7.270578565075994,45.380761362612247,1716.5699999999999 7.270646542310715,45.38075415417552,1716.0899999999999 7.270725918933749,45.380713250488043,1712.73 7.270834632217884,45.380719536915421,1709.8399999999999 7.270904453471303,45.380717441439629,1708.4000000000001 7.270928928628564,45.380722470581532,1707.4400000000001 7.271011238917708,45.380712999030948,1704.0699999999999 7.271091789007187,45.380718698725104,1700.71 7.271225480362773,45.380701767280698,1697.8299999999999 7.271336205303669,45.380741665139794,1694.9400000000001 7.271361099556088,45.380768990144134,1694.46 7.271426897495985,45.380817772820592,1691.0999999999999 7.271470064297319,45.380865214392543,1688.6900000000001 7.271483642980456,45.380892036482692,1688.6900000000001 7.271528234705329,45.380956912413239,1686.77 7.271527228876948,45.380950123071671,1686.29 7.271606270223856,45.380917601287365,1684.3699999999999 7.2715781070292,45.381027823314071,1684.3699999999999 7.271597469225526,45.381112899631262,1683.4100000000001 7.271592523902655,45.381173249334097,1682.4400000000001 7.27161917835474,45.381193030625582,1682.4400000000001 7.271674247458577,45.381321022287011,1679.5599999999999 7.271665530279279,45.381372990086675,1679.0799999999999 7.271694531664252,45.381472818553448,1677.1600000000001 7.271582214161754,45.381579520180821,1680.52 7.271448355168104,45.381631823256612,1683.8900000000001 7.271428070962429,45.381678342819214,1683.8900000000001 7.271335870027542,45.38172016851604,1686.29 7.271211398765445,45.381812704727054,1689.1700000000001 7.271139482036233,45.381872970610857,1690.6199999999999 7.271031439304352,45.381927201524377,1693.5 7.27101425640285,45.381930386647582,1694.9400000000001 7.270947452634573,45.382053181529045,1696.8599999999999 7.270889952778816,45.382162816822529,1699.75 7.270848043262959,45.382241271436214,1702.6300000000001 7.270863298326731,45.382267842069268,1702.6300000000001 7.270786855369806,45.382381416857243,1704.55 7.270718710497022,45.382420308887959,1706.96 7.270640172064304,45.382449561730027,1710.3199999999999 7.270507570356131,45.382497422397137,1712.73 7.270426684990525,45.382542433217168,1715.1300000000001 7.270362228155136,45.382635556161404,1717.53 7.270289976149797,45.382730020210147,1720.9000000000001 7.270338675007224,45.382729852572083,1720.9000000000001 7.270299782976508,45.382811995223165,1722.3399999999999 7.270237840712071,45.382824735715985,1724.74 7.270215712487698,45.382812665775418,1727.1500000000001 7.270194673910737,45.382939232513309,1729.55 7.270124014467001,45.383015926927328,1732.9100000000001 7.270053271204233,45.383076528087258,1735.3199999999999 7.269986467435956,45.383111480623484,1738.2 7.26995101198554,45.383100165054202,1740.5999999999999 7.269856799393892,45.383103769272566,1743.01 7.269821679219604,45.383080216124654,1745.4100000000001 7.269746074452996,45.383078958839178,1748.29 7.269695196300745,45.383198233321309,1750.7 7.26959721185267,45.383305437862873,1753.0999999999999 7.269543064758182,45.383364697918296,1756.47 7.269524456933141,45.383385317400098,1757.9100000000001 7.269422532990575,45.383445331826806,1760.79 7.269383138045669,45.383478524163365,1763.2 7.2693763487041,45.383414905518293,1765.5999999999999 7.269322285428643,45.383388083428144,1768 7.269177194684744,45.383390095084906,1770.4100000000001 7.269100500270724,45.383427562192082,1772.8099999999999 7.269048867747188,45.383492521941662,1774.25 7.269006120041013,45.383451785892248,1775.6900000000001 7.268922720104456,45.383490091189742,1779.0599999999999 7.268871925771236,45.383539544418454,1780.5 7.268856335431337,45.383622022345662,1783.3800000000001 7.268841667100787,45.383665775880218,1785.79 7.26880855858326,45.383757976815104,1788.1900000000001 7.268756339326501,45.383751438930631,1790.1099999999999 7.268695151433349,45.383817655965686,1793.48 7.268700934946537,45.383931901305914,1794.9200000000001 7.268681237474084,45.384003734216094,1796.8399999999999 7.268598340451717,45.384064083918929,1798.28 7.26852273568511,45.384094761684537,1799.73 7.268434641882777,45.384099036455154,1801.1700000000001 7.268319390714169,45.384117057546973,1804.05 7.268257699906826,45.384108340367675,1805.49 7.268188884481788,45.384112698957324,1807.4200000000001 7.268087798729539,45.384159302338958,1809.8199999999999 7.26800674572587,45.384202469140291,1812.22 7.267961483448744,45.384245719760656,1814.1500000000001 7.267937092110515,45.384317887946963,1815.1099999999999 7.267876574769616,45.384398102760315,1817.03 7.267835084348917,45.384421152994037,1819.4300000000001 7.267776662483811,45.384444370865822,1820.8699999999999 7.267735758796334,45.38452391512692,1823.28 7.267680689692497,45.384615445509553,1825.6800000000001 7.267632326111198,45.384676549583673,1829.05 7.267639031633735,45.384781491011381,1831.45 7.267645820975304,45.384891293942928,1833.3699999999999 7.267651436850429,45.384992798790336,1835.29 7.267623273655772,45.385055663064122,1836.74 7.267597876489162,45.385130681097507,1839.1400000000001 7.267542891204357,45.385198825970292,1841.0599999999999 7.267476255074143,45.385290356352925,1843.47 7.267435938119888,45.385361099615693,1844.9100000000001 7.267354633659124,45.385436536744237,1847.79 7.267270814627409,45.385486325249076,1848.75 7.267144331708551,45.38553980179131,1850.6800000000001 7.26703779771924,45.385593948885798,1852.1199999999999 7.266971245408058,45.385649856179953,1854.52 7.266912823542953,45.385723784565926,1856.4400000000001 7.266855407506228,45.385819002985954,1857.8900000000001 7.266782401129603,45.385890249162912,1858.8499999999999 7.266748286783695,45.385976163670421,1859.8099999999999 7.266652481630445,45.386093342676759,1861.25 7.266567489132285,45.386183112859726,1861.25 7.266533626243472,45.386273888871074,1861.73 7.266445113345981,45.386384027078748,1863.6500000000001 7.266373028978705,45.386464493349195,1865.5799999999999 7.266334053128958,45.386535739526153,1866.0599999999999 7.266400940716267,45.386652331799269,1866.54 7.266431199386716,45.38673497736454,1868.46 7.266460787504911,45.386829609051347,1870.3800000000001 7.266474701464176,45.38691041059792,1872.79 7.266540247946978,45.387007724493742,1874.23 7.266574362292886,45.387091878801584,1877.1099999999999 7.266603279858828,45.387172428891063,1880 7.266628090292215,45.387270245701075,1882.4000000000001 7.266615349799395,45.387334702536464,1884.8 7.266590371727943,45.387368062511086,1886.72 7.266565477475524,45.387448612600565,1889.1300000000001 7.266524573788047,45.387515081092715,1892.01 7.266519544646144,45.387583477422595,1893.9300000000001 7.266545277088881,45.387669140473008,1896.3399999999999 7.266576960682869,45.387734184041619,1898.26 7.266655415296555,45.387816829606891,1899.7 7.266710484400392,45.38790425285697,1901.6300000000001 7.26673923432827,45.387986730784178,1903.55 7.26681986823678,45.388073567301035,1904.99 7.266860017552972,45.388165516778827,1906.9100000000001 7.266843169927597,45.388239193707705,1909.8 7.266790950670838,45.388318486511707,1912.2 7.266779048368335,45.388393504545093,1914.1199999999999 7.266786759719253,45.388465085998178,1915.5599999999999 7.266739150509238,45.388515377417207,1917.01 7.266697240993381,45.388563489541411,1919.4100000000001 7.266656504943967,45.388632221147418,1921.8099999999999 7.266617026180029,45.388693241402507,1923.74 7.266559777781367,45.388804972171783,1925.6600000000001 7.266508983448148,45.388870853930712,1927.5799999999999 7.266424242407084,45.388929024338722,1930.46 7.266334556043148,45.389034803956747,1930.95 7.266243025660515,45.389072606340051,1932.8699999999999 7.266147807240486,45.389119293540716,1935.27 7.266068095341325,45.389179307967424,1937.6700000000001 7.2659623157233,45.389227168634534,1940.0799999999999 7.265905067324638,45.389330852776766,1941.52 7.265848657116294,45.38941316306591,1944.4000000000001 7.265841029584408,45.389478038996458,1945.3599999999999 7.265846896916628,45.389564959332347,1946.3299999999999 7.265800796449184,45.389631176367402,1948.73 7.265765927731991,45.389688927680254,1951.1300000000001 7.265693759545684,45.389773081988096,1953.0599999999999 7.265618909150362,45.389884477481246,1954.5 7.265613963827491,45.389940300956368,1956.9000000000001 7.265628213062882,45.390037111938,1958.8199999999999 7.265697196125984,45.390113638713956,1960.75 7.265712786465883,45.390190165489912,1962.1900000000001 7.265748241916299,45.390260489657521,1963.6300000000001 7.265773555263877,45.390363419428468,1965.0699999999999 7.265687054023147,45.390416728332639,1966.51 7.265646904706955,45.390489399433136,1967.48 7.265591500326991,45.390560645610094,1969.4000000000001 7.265526708215475,45.39061613380909,1971.3199999999999 7.265458563342691,45.39064253680408,1973.24 7.26541455835104,45.390654103830457,1974.2 7.265390669927001,45.390702802687883,1975.6500000000001 7.265355298295617,45.390758207067847,1978.53 7.265336774289608,45.39084822870791,1980.45 7.26533442735672,45.390938334167004,1980.9300000000001 7.265383880585432,45.39102123118937,1981.9000000000001 7.265409361571074,45.391051908954978,1982.3800000000001 7.265432244166732,45.391041599214077,1982.3800000000001 7.265456635504961,45.391022237017751,1982.3800000000001 7.265434255823493,45.391028942540288,1982.3800000000001 7.265437440946698,45.391030535101891,1982.3800000000001 7.26545169018209,45.39104369468987,1982.8599999999999 7.265533246099949,45.39113849401474,1983.8199999999999 7.265582112595439,45.391208902001381,1985.74 7.265603905543685,45.391249721869826,1987.6600000000001 7.265551602467895,45.391267323866487,1990.0699999999999 7.265509022399783,45.391307976096869,1993.4300000000001 7.265487397089601,45.391303282231092,1995.3499999999999 7.265439536422491,45.391338905319571,1997.76 7.265412881970406,45.391281237825751,1999.6800000000001 7.265352699905634,45.391287356615067,2001.5999999999999 7.265249099582434,45.391336139291525,2004.01 7.265244238078594,45.391405206173658,2005.9300000000001 7.265224037691951,45.391429513692856,2007.8499999999999 7.26519662886858,45.391478128731251,2010.25 7.265166202560067,45.39150302298367,2012.1800000000001 7.265126639977098,45.39151718840003,2014.0999999999999 7.265110462903976,45.391566809266806,2015.54 7.265047682449222,45.391613580286503,2017.46 7.265032511204481,45.391659429296851,2019.3900000000001 7.265067882835865,45.391723718494177,2021.3099999999999 7.265142817050219,45.391808124259114,2022.75 7.26510870270431,45.391883309930563,2023.23 7.265023877844214,45.391911054030061,2025.6400000000001 7.264977274462581,45.391952795907855,2027.5599999999999 7.264989176765084,45.392044158652425,2028.52 7.265011640265584,45.392129067331553,2029.96 7.265029074624181,45.392161505296826,2029.96 7.265034187585115,45.392225291579962,2032.8399999999999 7.264973586425185,45.39222571067512,2034.29 7.264893539249897,45.392238702625036,2035.73 7.264798823744059,45.392257645726204,2038.6099999999999 7.264753729104996,45.392326461151242,2040.54 7.264682063832879,45.392338279634714,2042.46 7.264646356925368,45.392356887459755,2044.3800000000001 7.264649625867605,45.392390331253409,2044.8599999999999 7.264679884538055,45.39245244115591,2047.75 7.264656499028206,45.39247976616025,2049.6700000000001 7.264558682218194,45.392474653199315,2050.6300000000001 7.264470839872956,45.392498457804322,2053.0300000000002 7.264367071911693,45.39255159907043,2054.96 7.264254754409194,45.392623599618673,2056.8800000000001 7.264349218457937,45.392668023705482,2058.3200000000002 7.264511240646243,45.392738934606314,2058.8000000000002 7.264461871236563,45.392804564908147,2061.1999999999998 7.264399928972125,45.392831386998296,2062.6500000000001 7.264293059706688,45.392865836620331,2064.0900000000001 7.264266405254602,45.392888383939862,2065.5300000000002 7.264285767450929,45.392950996756554,2066.9699999999998 7.264220304787159,45.393015369772911,2068.4099999999999 7.264223909005523,45.393104804679751,2070.8200000000002 7.2641939856112,45.393190886825323,2072.7399999999998 7.264232877641916,45.393269509077072,2074.6599999999999 7.264267578721046,45.393365900963545,2075.1399999999999 7.264332370832562,45.393442427739501,2075.6199999999999 7.264374196529388,45.393457431346178,2075.6199999999999 7.264370927587152,45.393443936482072,2076.0999999999999 7.264417363330722,45.393453491851687,2076.0999999999999 7.264448711648583,45.39346388541162,2074.1799999999998 7.264430103823543,45.393452905118465,2076.0999999999999 7.264420632272959,45.393456509336829,2076.0999999999999 7.264440832659602,45.393449384719133,2076.0999999999999 7.264425493776798,45.39345164783299,2076.0999999999999 7.264418788254261,45.393475703895092,2076.0999999999999 7.264446783810854,45.393481738865376,2075.1399999999999 7.264488777145743,45.393489953130484,2074.1799999999998 7.264549462124705,45.393548291176558,2074.1799999999998 7.264602268114686,45.393581818789244,2075.6199999999999 7.264709556475282,45.393633954226971,2076.0999999999999 7.264801673591137,45.393700506538153,2076.0999999999999 7.264872752130032,45.393722048029304,2077.0700000000002 7.264933856204152,45.393758593127131,2075.6199999999999 7.265047011896968,45.393827492371202,2077.5500000000002 7.265070648863912,45.393853560090065,2078.0300000000002 7.265176847577095,45.39390561170876,2078.0300000000002 7.265301654115319,45.394022706896067,2080.4299999999998 7.265421431511641,45.394075429067016,2083.3099999999999 7.265520337969065,45.39412597194314,2084.7600000000002 7.265597702935338,45.394201576709747,2085.7199999999998 7.265737596899271,45.394291765987873,2086.1999999999998 7.265824936330319,45.39433853700757,2084.7600000000002 7.265832647681236,45.394398216158152,2084.7600000000002 7.26581571623683,45.394473653286695,2086.1999999999998 7.265846561640501,45.394557891413569,2087.1599999999999 7.26587338373065,45.394664676859975,2088.1199999999999 7.265919148921967,45.394749585539103,2089.5599999999999 7.265944043174386,45.394845474511385,2091 7.265947479754686,45.394852599129081,2091 7.266075303778052,45.394961396232247,2092.4499999999998 7.266148561611772,45.394993331283331,2094.3699999999999 7.266238834708929,45.39504705928266,2095.3299999999999 7.266266411170363,45.395068600773811,2096.77 7.26636934094131,45.395144708454609,2098.6999999999998 7.266441341489554,45.395200783386827,2101.0999999999999 7.266540247946978,45.395241267979145,2102.0599999999999 7.266620798036456,45.395257109776139,2103.02 7.266700258478522,45.395300779491663,2103.5 7.266724985092878,45.395304802805185,2103.5 7.266767900437117,45.395313017070293,2101.5799999999999 7.266780557110906,45.39531234651804,2101.5799999999999 7.266815174371004,45.395319890230894,2100.1399999999999 7.26685113273561,45.395345203578472,2100.1399999999999 7.266970155760646,45.395370349287987,2100.1399999999999 7.267065038904548,45.395399099215865,2100.6199999999999 7.26709152571857,45.395376216620207,2100.6199999999999 7.267118515446782,45.395366242155433,2101.0999999999999 7.267325464636087,45.395379904657602,2101.5799999999999 7.267352705821395,45.395389962941408,2102.0599999999999 7.267394363880158,45.395406140014529,2102.54 7.26753568276763,45.395445954054594,2105.4200000000001 7.26757038384676,45.395497335121036,2107.3499999999999 7.267643222585321,45.395517284050584,2109.75 7.267759647220373,45.39549121633172,2112.1500000000001 7.26787481456995,45.395496161654592,2114.5599999999999 7.267893338575959,45.395528851076961,2113.5999999999999 7.26783961057663,45.395558690652251,2116.48 7.267910353839397,45.395582495257258,2118.4000000000001 7.267970954999328,45.395596073940396,2119.8400000000001 7.268072124570608,45.39561090990901,2122.25 7.268026191741228,45.395638989284635,2124.6500000000001 7.267941366881132,45.395681904628873,2126.5700000000002 7.267975984141231,45.395715096965432,2127.5300000000002 7.268049828708172,45.395738901570439,2128.98 7.268062820658088,45.395790701732039,2130.9000000000001 7.267998531460762,45.395836550742388,2134.2600000000002 7.267952430993319,45.395870078355074,2135.71 7.267902391031385,45.395916430279613,2137.6300000000001 7.267922759056091,45.395952304825187,2139.5500000000002 7.26796567440033,45.3959896042943,2141.4699999999998 7.267964584752917,45.395996142178774,2141.9499999999998 7.267992161214352,45.39605900645256,2143.4000000000001 7.267990233376622,45.396084571257234,2144.3600000000001 7.2679862100631,45.396134527400136,2145.8000000000002 7.267958968877792,45.396155482158065,2148.1999999999998 7.268007081001997,45.396205689758062,2149.6500000000001 7.267962573096156,45.396239468827844,2151.5700000000002 7.267953353002667,45.39627936668694,2153.9699999999998 7.267887722700834,45.396287245675921,2155.8899999999999 7.267865426838398,45.396337201818824,2158.3000000000002 7.267765682190657,45.396367628127337,2159.7399999999998 7.267621932551265,45.396387157961726,2161.6599999999999 7.267549932003021,45.396407106891274,2163.0999999999999 7.267525875940919,45.396449435502291,2164.5500000000002 7.267448259517551,45.396470306441188,2165.9899999999998 7.267382796853781,45.396495284512639,2167.4299999999998 7.267308281734586,45.396481789648533,2169.3499999999999 7.26720292121172,45.396512048318982,2171.27 7.267251871526241,45.396529231220484,2172.7199999999998 7.267192443832755,45.396547084674239,2175.1199999999999 7.26708322763443,45.396598130464554,2176.5599999999999 7.267067972570658,45.396688152104616,2177.04 7.267052968963981,45.396764595061541,2179.9299999999998 7.267061937600374,45.396833745762706,2181.3699999999999 7.267071744427085,45.396912200376391,2182.3299999999999 7.267074845731258,45.396966431289911,2185.21 7.267069816589356,45.396971208974719,2185.21 7.267029415816069,45.397014543414116,2186.6599999999999 7.266967641189694,45.397072797641158,2188.5799999999999 7.266966300085187,45.397128202021122,2190.02 7.266927575692534,45.397160220891237,2191.9400000000001 7.266938555985689,45.397189725190401,2193.8699999999999 7.266994966194034,45.397226689383388,2195.79 7.267044251784682,45.397259965538979,2196.27 7.26718288846314,45.397274298593402,2199.1500000000001 7.26725279353559,45.397326685488224,2201.0799999999999 7.267327643930912,45.397365661337972,2203.48 7.267271988093853,45.39740514010191,2205.8800000000001 7.267201580107212,45.397387286648154,2207.8099999999999 7.267187247052789,45.397409163415432,2208.77 7.267215074971318,45.397440511733294,2209.25 7.267245836555958,45.39748233743012,2211.1700000000001 7.267262348905206,45.397539418190718,2213.0900000000001 7.26721465587616,45.397546794265509,2215.98 7.267146343365312,45.397535813972354,2216.46 7.267083395272493,45.397611586377025,2217.9000000000001 7.267100075259805,45.397608065977693,2218.8600000000001 7.26708272472024,45.39767537266016,2220.3000000000002 7.267039138823748,45.397723568603396,2221.7399999999998 7.266954146325588,45.397749384865165,2223.1900000000001 7.26687066257,45.39780780673027,2226.0700000000002 7.266867309808731,45.397857259958982,2227.0300000000002 7.266815509647131,45.397904869168997,2228.9499999999998 7.266780640929937,45.397978965193033,2231.3600000000001 7.26677292957902,45.398031435906887,2232.8000000000002 7.266755746677518,45.398103352636099,2233.7600000000002 7.266795728355646,45.398169988766313,2236.6399999999999 7.266882648691535,45.398244084790349,2237.1300000000001 7.266934448853135,45.398295214399695,2240.0100000000002 7.266944758594036,45.398344667628407,2241.9299999999998 7.266964707523584,45.398382721468806,2243.8499999999999 7.267026901245117,45.398432677611709,2246.2600000000002 7.267085490748286,45.398463271558285,2247.2199999999998 7.267122622579336,45.398502582684159,2249.6199999999999 7.267167214304209,45.398524040356278,2251.0599999999999 7.267141062766314,45.398543989285827,2252.9899999999998 7.267065122723579,45.398558070883155,2255.3899999999999 7.267021704465151,45.398591430857778,2256.8299999999999 7.266918020322919,45.398570140823722,2258.75 7.266844594851136,45.398592101410031,2260.6799999999998 7.266844511032105,45.398639207705855,2262.5999999999999 7.266889018937945,45.398677010089159,2265 7.26696495898068,45.398725206032395,2267.4099999999999 7.266996474936605,45.398763427510858,2268.8499999999999 7.266947608441114,45.398791339248419,2270.77 7.266868567094207,45.398818580433726,2272.6900000000001 7.266788855195046,45.398836936801672,2274.1399999999999 7.266745353117585,45.398887479677796,2275.5799999999999 7.26667670533061,45.398942967876792,2277.5 7.266655834391713,45.398975741118193,2279.4200000000001 7.266717609018087,45.398996276780963,2280.8699999999999 7.266757087782025,45.399030474945903,2282.79 7.266712076961994,45.399088142439723,2284.71 7.26672749966383,45.399113036692142,2286.1500000000001 7.266765721142292,45.399168357253075,2288.0799999999999 7.266862029209733,45.399224683642387,2290.48 7.26700795814395,45.399310011416674,2290.96 7.267022039741278,45.399314202368259,2290.96 7.267148271203041,45.399407325312495,2291.4400000000001 7.267215829342604,45.399432219564915,2291.4400000000001 7.267297217622399,45.399512099102139,2291.4400000000001 7.267444152384996,45.399558367207646,2291.4400000000001 7.267556050792337,45.399569431319833,2291.9200000000001 7.267578514292836,45.399569347500801,2290 7.267624782398343,45.399548141285777,2291.4400000000001 7.267745649442077,45.399522827938199,2292.8800000000001 7.26783231832087,45.39950187318027,2294.3200000000002 7.267977828159928,45.399434482678771,2294.3200000000002 7.268139012157917,45.399422496557236,2295.2800000000002 7.26816357113421,45.399484690278769,2297.21 7.268178658559918,45.399497263133526,2297.21 7.268282594159246,45.399567922577262,2299.6100000000001 7.268318049609661,45.39962257258594,2301.5300000000002 7.268303632736206,45.399679569527507,2302.4899999999998 7.268396336585283,45.399711420759559,2304.9000000000001 7.268377142027021,45.39975400082767,2306.8200000000002 7.268469259142876,45.399778559803963,2309.2199999999998 7.268569841980934,45.399770177900791,2311.1500000000001 7.268545785918832,45.399813177064061,2313.0700000000002 7.268491555005312,45.399869000539184,2315.4699999999998 7.268559783697128,45.399898337200284,2317.4000000000001 7.268530111759901,45.399906802922487,2319.8000000000002 7.268495745956898,45.39994259364903,2320.7600000000002 7.268473198637366,45.400009397417307,2323.1599999999999 7.268448388203979,45.400048792362213,2324.6100000000001 7.268423745408654,45.400103274732828,2327.0100000000002 7.268457021564245,45.400156080722809,2328.4499999999998 7.268487447872758,45.400191703811288,2330.3699999999999 7.268549473956227,45.400191368535161,2332.3000000000002 7.268629353493452,45.400222633033991,2334.2199999999998 7.26867813616991,45.400273511186242,2336.1399999999999 7.268680315464735,45.400330172851682,2338.54 7.268686685711145,45.400371579453349,2340.9499999999998 7.268659779801965,45.400435198098421,2342.3899999999999 7.268668748438358,45.400460427626967,2343.8299999999999 7.26868643425405,45.400461852550507,2343.8299999999999 7.268671514466405,45.40049035102129,2344.3099999999999 7.268681488931179,45.400497391819954,2346.7199999999998 7.26860823109746,45.400553550571203,2347.6799999999998 7.268661959096789,45.400579115375876,2350.5599999999999 7.268639160320163,45.400637872517109,2352 7.268614852800965,45.400696042925119,2353.9299999999998 7.268552323803306,45.400750357657671,2355.3699999999999 7.268535476177931,45.400783130899072,2357.29 7.268524747341871,45.400816658511758,2359.21 7.26851150393486,45.400852952152491,2360.6500000000001 7.268484262749553,45.400866949930787,2361.6199999999999 7.268458195030689,45.400893101468682,2362.0999999999999 7.268418045714498,45.400922438129783,2363.54 7.268405975773931,45.400973400101066,2365.46 7.268468840047717,45.400964599102736,2367.3800000000001 7.268485184758902,45.401005502790213,2368.3499999999999 7.268451321870089,45.401035007089376,2370.27 7.268436318263412,45.401069540530443,2371.23 7.268511336296797,45.401055291295052,2372.6700000000001 7.268589539453387,45.401071887463331,2374.5900000000001 7.268586186692119,45.40109627880156,2377.48 7.268568919971585,45.401108935475349,2376.04 7.26856330409646,45.401128800585866,2377.48 7.268558526411653,45.401177834719419,2379.4000000000001 7.268609991297126,45.401169871911407,2381.8000000000002 7.268626503646374,45.40121647529304,2384.21 7.2686458658427,45.4012565407902,2386.1300000000001 7.268627006560564,45.401293421164155,2388.0500000000002 7.268676962703466,45.401301635429263,2390.46 7.268670676276088,45.401345305144787,2391.4200000000001 7.268668999895454,45.401401882991195,2393.3400000000001 7.268705880269408,45.40141043253243,2395.2600000000002 7.268691966310144,45.401470279321074,2397.1799999999998 7.268669083714485,45.401527443900704,2399.1100000000001 7.268645614385605,45.401577819138765,2400.0700000000002 7.268686098977923,45.401570945978165,2401.5100000000002 7.26870252750814,45.401604222133756,2403.4299999999998 7.268717866390944,45.401612352579832,2404.8800000000001 7.268710490316153,45.401662392541766,2406.8000000000002 7.268742173910141,45.401695081964135,2408.2399999999998 7.26875675842166,45.401745876297355,2410.6399999999999 7.268789196386933,45.401774877682328,2412.5700000000002 7.268762709572911,45.401837658137083,2414.0100000000002 7.268738150596619,45.401897002011538,2415.9299999999998 7.268803948536515,45.401889374479651,2417.3699999999999 7.268789699301124,45.401945281773806,2419.3000000000002 7.268835380673409,45.401965146884322,2421.2199999999998 7.268810905516148,45.402019964531064,2423.1399999999999 7.268883492797613,45.40204712189734,2424.5799999999999 7.268902771174908,45.402079978957772,2426.9899999999998 7.268889527767897,45.402114596217871,2428.4299999999998 7.268861867487431,45.402158098295331,2430.8299999999999 7.268856922164559,45.402182657271624,2431.79 7.2688202932477,45.40222498588264,2433.23 7.268883492797613,45.402239905670285,2435.1599999999999 7.268866561353207,45.40228558704257,2436.5999999999999 7.268863962963224,45.402333363890648,2439 7.268821382895112,45.402366556227207,2440.4400000000001 7.268736893311143,45.40238918736577,2441.8899999999999 7.268659193068743,45.402462361380458,2442.3699999999999 7.268617199733853,45.402504857629538,2443.8099999999999 7.268563471734524,45.402557831257582,2445.25 7.2684455383569,45.402577864006162,2446.6900000000001 7.268345542252064,45.402602506801486,2449.0999999999999 7.268285360187292,45.40262371301651,2451.02 7.268199780955911,45.402640895918012,2451.98 7.268151333555579,45.402670986950397,2453.9000000000001 7.268132474273443,45.402679201215506,2454.8600000000001 7.268095929175615,45.40268431417644,2454.8600000000001 7.268088134005666,45.402677105739713,2454.8600000000001 7.268089391291142,45.402681464329362,2454.8600000000001 7.26812694221735,45.402675932273269,2454.8600000000001 7.268117973580957,45.402686912566423,2454.8600000000001 7.268117219209671,45.402693366631866,2455.3400000000001 7.26812400855124,45.402693031355739,2455.3400000000001 7.268125014379621,45.402697557583451,2455.3400000000001 7.268122835084796,45.402690013870597,2455.8200000000002 7.268121913075447,45.402687499299645,2454.3800000000001 7.268120404332876,45.402685906738043,2456.3099999999999 7.26812107488513,45.402684397995472,2454.8600000000001 7.268117973580957,45.402691187337041,2454.8600000000001 7.268101880326867,45.402732342481613,2456.3099999999999 7.268096180632711,45.402746004983783,2456.3099999999999 7.268076315522194,45.402776096016169,2456.79 7.268069609999657,45.402791518718004,2457.27 7.268009344115853,45.402862764894962,2457.75 7.267977995797992,45.402951529249549,2459.6700000000001 7.267957627773285,45.403018668293953,2461.1100000000001 7.267932817339897,45.403093351051211,2462.5500000000002 7.267889147624373,45.403153449296951,2464.96 7.267829552292824,45.403220420703292,2465.9200000000001 7.267795102670789,45.403295774012804,2467.8400000000001 7.267757132649422,45.403373390436172,2470.2399999999998 7.267733411863446,45.403435584157705,2471.21 7.267729304730892,45.403430890291929,2471.21 7.267725365236402,45.403464920818806,2471.21 7.267738021910191,45.403465842828155,2471.21 7.267750594764948,45.403464334085584,2471.21 7.267822427675128,45.403519570827484,2471.21 7.267852183431387,45.403525941073895,2471.6900000000001 7.267905659973621,45.403519067913294,2472.1700000000001 7.268002051860094,45.403654016554356,2473.1300000000001 7.268120152875781,45.403736159205437,2473.1300000000001 7.268159799277782,45.403791228309274,2473.1300000000001 7.268306566402316,45.403872532770038,2474.5700000000002 7.268360629677773,45.403921399265528,2476.4899999999998 7.268456183373928,45.403996082022786,2477.9400000000001 7.26859456859529,45.404048804193735,2479.3800000000001 7.268658438697457,45.404090294614434,2481.3000000000002 7.268764721229672,45.404097000136971,2483.2199999999998 7.268819371238351,45.404127007350326,2484.6599999999999 7.26882959716022,45.404167324304581,2487.0700000000002 7.268915511667728,45.40418048389256,2488.9899999999998 7.268928252160549,45.404197499155998,2490.4299999999998 7.26900109089911,45.404193643480539,2491.3899999999999 7.269023889675736,45.404227003455162,2493.8000000000002 7.26898055523634,45.404287101700902,2495.7199999999998 7.268937807530165,45.404360862448812,2497.1599999999999 7.268891539424658,45.404409309849143,2498.5999999999999 7.268805792555213,45.404493967071176,2499.5700000000002 7.268715687096119,45.404570661485195,2501.4899999999998 7.268634047359228,45.404607122763991,2502.4499999999998 7.268490716814995,45.404635202139616,2504.8499999999999 7.268458278849721,45.404689600691199,2506.77 7.268480574712157,45.404720865190029,2508.2199999999998 7.268494237214327,45.404765289276838,2510.6199999999999 7.268532039597631,45.404806025326252,2512.54 7.268485184758902,45.404838295653462,2514.4699999999998 7.268442017957568,45.404867883771658,2515.9099999999999 7.268388709053397,45.404892358928919,2518.3099999999999 7.26833070628345,45.404930245131254,2520.23 7.268266249448061,45.404973831027746,2522.6399999999999 7.268247473984957,45.405027559027076,2524.0799999999999 7.268267590552568,45.405050525441766,2525.04 7.268231380730867,45.405087992548943,2527.4400000000001 7.268164996057749,45.405117748305202,2529.3699999999999 7.268102131783962,45.405135517939925,2529.3699999999999 7.267998615279794,45.405177511274815,2531.77 7.267947066575289,45.405211206525564,2533.21 7.26788311265409,45.405270047485828,2534.6500000000001 7.267825193703175,45.405330145731568,2535.6100000000001 7.267801305279136,45.405380101874471,2538.02 7.267769370228052,45.405409689992666,2539.46 7.267714887857437,45.405469201505184,2541.3800000000001 7.267703656107187,45.405533742159605,2543.79 7.267647245898843,45.405561905354261,2545.71 7.267678091302514,45.405561318621039,2545.71 7.267665099352598,45.405525527894497,2545.71 7.267678007483482,45.405531730502844,2544.75 7.267608102411032,45.405609766021371,2546.1900000000001 7.267552530393004,45.40567422285676,2549.0700000000002 7.267522774636746,45.405710265040398,2550.0300000000002 7.267487989738584,45.405750498175621,2552.9200000000001 7.267471812665463,45.405805986374617,2555.3200000000002 7.267441637814045,45.405860552564263,2557.2399999999998 7.267416575923562,45.405936157330871,2558.21 7.267240304499865,45.405984688550234,2560.1300000000001 7.267137207090855,45.406011091545224,2563.0100000000002 7.267035199329257,45.406058114022017,2563.4899999999998 7.266927491873503,45.406154002994299,2564.9299999999998 7.266905028373003,45.40617018006742,2564.9299999999998 7.266721129417419,45.406290460377932,2565.9000000000001 7.266687601804733,45.406387522816658,2568.3000000000002 7.266598585993052,45.406423732638359,2570.2199999999998 7.266527758911252,45.406472347676754,2572.6300000000001 7.266562459990382,45.406460361555219,2573.1100000000001 7.266504038125277,45.406491123139858,2571.6599999999999 7.266442934051156,45.406524986028671,2573.5900000000001 7.266322821378708,45.406608721241355,2575.5100000000002 7.266248473897576,45.406667729839683,2578.3899999999999 7.266206564381719,45.406738305464387,2581.7600000000002 7.266130791977048,45.406776107847691,2583.1999999999998 7.266088798642159,45.406813491135836,2585.1199999999999 7.266007997095585,45.406833942979574,2587.04 7.266004895791411,45.406875098124146,2588.9699999999998 7.265959549695253,45.406883899122477,2591.3699999999999 7.265955191105604,45.406926898285747,2592.8099999999999 7.265999112278223,45.406983559951186,2594.7399999999998 7.265968853607774,45.406987247988582,2596.1799999999998 7.265913616865873,45.407007951289415,2597.6199999999999 7.265812028199434,45.406974758952856,2599.54 7.265828205272555,45.407042233273387,2601.9499999999998 7.265811357647181,45.407034773379564,2601.9499999999998 7.26569359190762,45.407036868855357,2603.8699999999999 7.265630979090929,45.407049274072051,2605.79 7.265551518648863,45.407053045928478,2607.23 7.265473986044526,45.407075174152851,2608.6700000000001 7.26541212759912,45.407086405903101,2610.5999999999999 7.265343563631177,45.407093949615955,2611.0799999999999 7.265341887250543,45.407133093103766,2613 7.265335265547037,45.407146504148841,2613 7.265393435955048,45.407166536897421,2613.96 7.265461161732674,45.407191514968872,2615.4000000000001 7.265498042106628,45.407217079773545,2617.8099999999999 7.265508351847529,45.407236022874713,2619.73 7.265376755967736,45.407219426706433,2620.6900000000001 7.265268294140697,45.407230239361525,2622.6100000000001 7.265219343826175,45.40727348998189,2624.54 7.265182631090283,45.407297210767865,2626.46 7.265165196731687,45.407300814986229,2626.46 7.265187492594123,45.407290840521455,2627.4200000000001 7.265200484544039,45.407266281545162,2625.98 7.265207441523671,45.407282961532474,2627.4200000000001 7.265203082934022,45.407278519123793,2625.5 7.265172069892287,45.407273825258017,2626.9400000000001 7.265222780406475,45.40728866122663,2626.9400000000001 7.265231246128678,45.407290169969201,2626.9400000000001 7.26523082703352,45.407293941825628,2627.4200000000001 7.265235856175423,45.407297881320119,2627.4200000000001 7.265237867832184,45.40727885439992,2627.4200000000001 7.265221271663904,45.407295702025294,2627.4200000000001 7.265197215601802,45.407284637913108,2627.9000000000001 7.265209117904306,45.407290672883391,2627.9000000000001 7.265199311077595,45.40729109197855,2627.9000000000001 7.26521029137075,45.407297210767865,2627.9000000000001 7.265202244743705,45.407293774187565,2627.9000000000001 7.265243735164404,45.407288828864694,2627.4200000000001 7.265208950266242,45.407303161919117,2627.4200000000001 7.265198053792119,45.407287320122123,2627.4200000000001 7.265205848962069,45.407300144433975,2627.9000000000001 7.265200652182102,45.40730525739491,2627.9000000000001 7.26519419811666,45.407306598499417,2629.3400000000001 7.265192354097962,45.407301904633641,2629.8200000000002 7.265207022428513,45.407305508852005,2629.8200000000002 7.265214063227177,45.4073023237288,2629.8200000000002 7.265187744051218,45.407299222424626,2629.8200000000002 7.265215907245874,45.407294947654009,2630.3000000000002 7.265218254178762,45.40732285939157,2630.3000000000002 7.265212470665574,45.407310454174876,2630.3000000000002 7.265247171744704,45.407327134162188,2630.3000000000002 7.265288159251213,45.407346831634641,2629.3400000000001 7.265264270827174,45.407362673431635,2627.4200000000001 7.265178607776761,45.407346915453672,2624.54 7.265143403783441,45.407348340377212,2624.0599999999999 7.265099231153727,45.40739368647337,2621.6500000000001 7.265115408226848,45.407422687858343,2619.25 7.265135608613491,45.407473482191563,2616.8499999999999 7.26507106795907,45.407472057268023,2615.4000000000001 7.265071235597134,45.407503321766853,2614.4400000000001 7.265108870342374,45.407536514103413,2612.04 7.26513066329062,45.407549338415265,2611.5599999999999 7.265138709917665,45.40756031870842,2611.5599999999999 7.265111887827516,45.407545063644648,2611.5599999999999 7.265116330236197,45.407518995925784,2611.5599999999999 7.265109624713659,45.407556127756834,2611.0799999999999 7.265140889212489,45.407587643712759,2609.1599999999999 7.265129070729017,45.407606083899736,2607.71 7.265102583914995,45.407627373933792,2605.79 7.265062602236867,45.40764732286334,2604.3499999999999 7.265158239752054,45.407735584303737,2601.46 7.265179697424173,45.407769363373518,2601.46 7.265133848413825,45.407761232927442,2599.54 7.265003342181444,45.407741200178862,2596.1799999999998 7.264928575605154,45.407724352553487,2593.29 7.26485556922853,45.407715467736125,2591.3699999999999 7.264777114614844,45.407716054469347,2588.9699999999998 7.264692792668939,45.407713539898396,2586.0799999999999 7.264663288369775,45.407741786912084,2583.1999999999998 7.264655074104667,45.407806998118758,2581.2800000000002 7.264615595340729,45.40780708193779,2579.3499999999999 7.264518532902002,45.40780515410006,2576.9499999999998 7.264533368870616,45.407848823815584,2575.9899999999998 7.264477461576462,45.40785108692944,2573.5900000000001 7.264442257583141,45.407868437469006,2571.1799999999998 7.264383835718036,45.407865503802896,2569.7399999999998 7.264329269528389,45.407846812158823,2568.3000000000002 7.264325078576803,45.407888805493712,2566.8600000000001 7.26438894867897,45.407948484644294,2564.9299999999998 7.264325078576803,45.407963739708066,2562.5300000000002 7.264277720823884,45.407986454665661,2560.1300000000001 7.264254251495004,45.407984778285027,2558.6900000000001 7.264252072200179,45.408041775226593,2556.7600000000002 7.264221226796508,45.40807387791574,2554.3600000000001 7.264152076095343,45.408039847388864,2553.8800000000001 7.264084853231907,45.408035237342119,2552.4400000000001 7.264040093868971,45.408096425235271,2550.0300000000002 7.264025090262294,45.40816280990839,2549.0700000000002 7.264008326455951,45.408196169883013,2547.6300000000001 7.263924088329077,45.408269511535764,2547.6300000000001 7.263939091935754,45.40833966806531,2547.1500000000001 7.263994580134749,45.408380823209882,2544.75 7.264069179072976,45.408433210104704,2542.3400000000001 7.264155093580484,45.408502109348774,2539.46 7.264024671167135,45.408501690253615,2536.0999999999999 7.264169426634908,45.408577462658286,2534.1700000000001 7.264235392212868,45.408617444336414,2531.29 7.26430437527597,45.408683912828565,2529.8499999999999 7.264306135475636,45.408693384379148,2529.3699999999999 7.26440898142755,45.408806288614869,2526 7.264507887884975,45.408849455416203,2524.0799999999999 7.264491794630885,45.408881893381476,2521.1900000000001 7.264411244541407,45.408879294991493,2519.27 7.264351062476635,45.408878456801176,2516.8699999999999 7.264212090522051,45.408872002735734,2513.98 7.264129361137748,45.408886084333062,2511.5799999999999 7.264217119663954,45.408957581967115,2508.6999999999998 7.264196248725057,45.408972585573792,2507.7399999999998 7.26413631811738,45.408954229205847,2507.2600000000002 7.264037998393178,45.408918689936399,2504.8499999999999 7.263959962874651,45.408919611945748,2502.4499999999998 7.26394428871572,45.408957917243242,2501.0100000000002 7.263888046145439,45.408970238640904,2498.5999999999999 7.263845382258296,45.408987086266279,2496.1999999999998 7.263831552118063,45.40901642292738,2495.7199999999998 7.263938840478659,45.409077107906342,2493.3200000000002 7.26392668671906,45.409125639125705,2490.4299999999998 7.263892320916057,45.409154305234551,2488.9899999999998 7.263899026438594,45.409186240285635,2487.0700000000002 7.263749074190855,45.409154640510678,2485.1500000000001 7.263735830783844,45.409154137596488,2485.1500000000001 7.263637008145452,45.409123208373785,2484.1799999999998 7.263585291802883,45.409183893352747,2481.7800000000002 7.263677911832929,45.409242399036884,2478.9000000000001 7.263701967895031,45.409270981326699,2477.9400000000001 7.263701381161809,45.409339629113674,2476.0100000000002 7.263761898502708,45.409403163939714,2472.6500000000001 7.26373516023159,45.409402158111334,2472.1700000000001 7.263655951246619,45.409390507265925,2471.21 7.263540951535106,45.409422274678946,2467.8400000000001 7.2635602299124,45.409465692937374,2466.4000000000001 7.26351966150105,45.409492934122682,2463.52 7.26344732567668,45.409518918022513,2461.1100000000001 7.26345025934279,45.409535011276603,2460.1500000000001 7.263556038960815,45.409599300473928,2457.75 7.263511782512069,45.409617656841874,2454.8600000000001 7.263503484427929,45.409672223031521,2453.4200000000001 7.263602558523417,45.409757383167744,2450.0599999999999 7.263725269585848,45.409795353189111,2447.1700000000001 7.263792743906379,45.409834077581763,2446.6900000000001 7.263929871842265,45.40987933985889,2444.29 7.263879831880331,45.409891661256552,2442.3699999999999 7.263789055868983,45.409893840551376,2440.4400000000001 7.263645390048623,45.409902390092611,2437.0799999999999 7.263662489131093,45.409960560500622,2435.6399999999999 7.263678498566151,45.409974474459887,2434.6799999999998 7.263753265142441,45.410012360662222,2433.23 7.263680007308722,45.410044211894274,2431.3099999999999 7.263554446399212,45.41002837009728,2428.9099999999999 7.263504574075341,45.410039350390434,2427.4699999999998 7.26350792683661,45.410088803619146,2426.5 7.263603480532765,45.410137921571732,2425.0599999999999 7.263705907389522,45.410194667056203,2423.6199999999999 7.263712696731091,45.410238755866885,2422.6599999999999 7.263691071420908,45.410293992608786,2422.1799999999998 7.263661064207554,45.410347133874893,2421.6999999999998 7.263619992882013,45.410377308726311,2421.6999999999998 7.263581268489361,45.410391474142671,2421.2199999999998 7.26344590075314,45.410516113042831,2420.7399999999998 7.263294272124767,45.410670256242156,2420.7399999999998 7.263271724805236,45.410698922351003,2420.7399999999998 7.263250015676022,45.410736138001084,2420.2600000000002 7.263215146958828,45.410755081102252,2419.3000000000002 7.263160245493054,45.410839570686221,2417.3699999999999 7.263079360127449,45.410912577062845,2414.4899999999998 7.262989673763514,45.410960353910923,2413.0500000000002 7.262955391779542,45.411021625623107,2411.1199999999999 7.262867130339146,45.411056997254491,2409.6799999999998 7.262778114527464,45.411128746345639,2407.7600000000002 7.262694211676717,45.411214241757989,2405.3600000000001 7.26261718198657,45.411295378580689,2402.9499999999998 7.262574434280396,45.411321111023426,2402.4699999999998 7.262442586943507,45.411372659727931,2400.0700000000002 7.262411406263709,45.411394871771336,2398.6300000000001 7.26244074292481,45.411453042179346,2397.6700000000001 7.26247888058424,45.411474835127592,2396.6999999999998 7.262523304671049,45.411487156525254,2395.7399999999998 7.262537889182568,45.411502411589026,2394.7800000000002 7.262694882228971,45.411498472094536,2392.8600000000001 7.262770319357514,45.411491012200713,2390.9400000000001 7.262831088155508,45.411514146253467,2389.4899999999998 7.262845588847995,45.411535939201713,2389.0100000000002 7.2628453373909,45.411556726321578,2388.5300000000002 7.262774426490068,45.411681113764644,2385.6500000000001 7.262782640755177,45.411719167605042,2385.1700000000001 7.262689014896751,45.411835005506873,2382.2800000000002 7.262670658528805,45.41185243986547,2382.2800000000002 7.262618355453014,45.411972552537918,2379.8800000000001 7.262564543634653,45.412044050171971,2378.4400000000001 7.262563370168209,45.412064753472805,2378.4400000000001 7.262553563341498,45.412166593596339,2376.52 7.262555658817291,45.412161312997341,2375.5500000000002 7.262540571391583,45.412229206413031,2375.0700000000002 7.262582816183567,45.412293830886483,2373.1500000000001 7.262583235278726,45.412341021001339,2371.23 7.262610895559192,45.412406148388982,2368.3499999999999 7.262586671859026,45.412440095096827,2367.3800000000001 7.262571752071381,45.412455517798662,2366.4200000000001 7.262489274144173,45.412495667114854,2365.46 7.262401850894094,45.412518046796322,2364.02 7.262394307181239,45.412509078159928,2364.02 7.262392798438668,45.412508407607675,2363.54 7.262282241135836,45.412513688206673,2363.54 7.262184591963887,45.412485189735889,2362.5799999999999 7.262160619720817,45.412476472556591,2362.5799999999999 7.262051068246365,45.412558782845736,2362.0999999999999 7.261895835399628,45.412646625190973,2362.0999999999999 7.261786703020334,45.412680739536881,2363.54 7.26172786206007,45.412728181108832,2362.0999999999999 7.261605402454734,45.412747459486127,2361.6199999999999 7.261543292552233,45.412762546911836,2360.1700000000001 7.261529797688127,45.412774113938212,2359.6900000000001 7.261463832110167,45.412859776988626,2358.73 7.261435836553574,45.41292255744338,2357.29 7.261350927874446,45.412956168875098,2355.8499999999999 7.261292254552245,45.413032863289118,2355.3699999999999 7.261193096637726,45.413119029253721,2354.4099999999999 7.261182786896825,45.413200249895453,2352.96 7.261052867397666,45.41321424767375,2351.04 7.260934012010694,45.413244925439358,2348.1599999999999 7.260869303718209,45.413300581276417,2346.7199999999998 7.2607696428895,45.413352800533175,2344.3099999999999 7.260634442791343,45.413394123315811,2342.3899999999999 7.260624971240759,45.41339848190546,2341.4299999999998 7.260542074218392,45.413437960669398,2340.4699999999998 7.260456411167979,45.413465369492769,2338.0599999999999 7.260404443368316,45.413519600406289,2336.6199999999999 7.260332359001041,45.413561845198274,2334.2199999999998 7.260278966277838,45.413580117747188,2333.2600000000002 7.260130606591702,45.413615489378572,2331.3299999999999 7.260011583566666,45.41365253739059,2329.8899999999999 7.259999513626099,45.413655303418636,2329.4099999999999 7.259877137839794,45.413770051673055,2326.5300000000002 7.259834976866841,45.413817912340164,2325.5700000000002 7.259828103706241,45.41381036862731,2325.5700000000002 7.259828187525272,45.413822522386909,2325.5700000000002 7.259838245809078,45.413801902905107,2325.5700000000002 7.259799353778362,45.413846578449011,2325.5700000000002 7.259805975481868,45.413855295628309,2325.5700000000002 7.259807232767344,45.413846829906106,2325.5700000000002 7.25972006097436,45.413895612582564,2325.0900000000001 7.259677480906248,45.413909275084734,2323.6399999999999 7.259715618565679,45.413916651159525,2323.6399999999999 7.259706817567349,45.413913801312447,2323.6399999999999 7.259636241942644,45.413950849324465,2322.1999999999998 7.259563403204083,45.413976917043328,2320.7600000000002 7.259484361857176,45.414035003632307,2318.3600000000001 7.259451001882553,45.414115134626627,2316.4299999999998 7.259427448734641,45.414156289771199,2314.9899999999998 7.259361986070871,45.414200713858008,2313.0700000000002 7.259288728237152,45.414223512634635,2311.1500000000001 7.25931110791862,45.414292328059673,2309.2199999999998 7.25925587117672,45.414359970018268,2307.3000000000002 7.259138440713286,45.414355024695396,2304.4200000000001 7.259104242548347,45.414356114342809,2302.4899999999998 7.259055878967047,45.414369106292725,2300.5700000000002 7.259017070755363,45.4143928270787,2298.6500000000001 7.259045066311956,45.414474047720432,2296.73 7.259050011634827,45.41450715623796,2296.25 7.259058728814125,45.414576726034284,2294.3200000000002 7.259146152064204,45.414708741009235,2292.4000000000001 7.259182948619127,45.414755931124091,2291.4400000000001 7.259217817336321,45.414789961650968,2290.96 7.259306497871876,45.414869673550129,2288.0799999999999 7.259450415149331,45.414929101243615,2286.6300000000001 7.259458797052503,45.414982410147786,2284.71 7.25933943875134,45.415026834234595,2283.27 7.25923684425652,45.415040161460638,2281.8299999999999 7.259227456524968,45.415036976337433,2281.3499999999999 7.259048251435161,45.41503488086164,2279.4200000000001 7.259045820683241,45.415023900568485,2279.4200000000001 7.258965605869889,45.415011830627918,2276.54 7.258936017751694,45.415010992437601,2275.5799999999999 7.258905759081245,45.415004454553127,2274.6199999999999 7.25871498696506,45.414945362135768,2273.1700000000001 7.258462524041534,45.414895657449961,2271.73 7.258472666144371,45.414867410436273,2270.77 7.258509462699294,45.414829356595874,2269.3299999999999 7.258586240932345,45.414772862568498,2267.4099999999999 7.258490938693285,45.414768671616912,2265.48 7.258459087461233,45.414756517857313,2264.52 7.25836118683219,45.414757272228599,2262.1199999999999 7.258356073871255,45.414729109033942,2260.1999999999998 7.258266303688288,45.414709998294711,2257.3099999999999 7.258207881823182,45.414720308035612,2256.3499999999999 7.258100342005491,45.414726929739118,2253.9499999999998 7.258116602897644,45.414688624441624,2252.0300000000002 7.258084751665592,45.414650738239288,2249.1399999999999 7.257982073351741,45.414694407954812,2247.2199999999998 7.257910994812846,45.414695078507066,2245.3000000000002 7.257822901010513,45.414690552279353,2243.3699999999999 7.25770597346127,45.414677392691374,2240.9699999999998 7.257664985954762,45.414685774594545,2240.0100000000002 7.25765023380518,45.414709830656648,2239.5300000000002 7.25768594071269,45.414718296378851,2240.4899999999998 7.257603965699673,45.414731120690703,2239.0500000000002 7.257450660690665,45.414737910032272,2237.1300000000001 7.257347730919719,45.414766492322087,2234.7199999999998 7.257318394258618,45.414752746000886,2234.2399999999998 7.257218398153782,45.414726678282022,2232.8000000000002 7.257023518905044,45.414704298600554,2231.3600000000001 7.256902065128088,45.414734557271004,2228.4699999999998 7.256949506700039,45.414793733507395,2226.5500000000002 7.256857138127089,45.414820136502385,2224.1500000000001 7.256735013797879,45.41481058113277,2222.2199999999998 7.256720177829266,45.414814101532102,2221.7399999999998 7.256527896970511,45.414829440414906,2218.8600000000001 7.256389930844307,45.414852323010564,2216.46 7.256310302764177,45.414848634973168,2215.0100000000002 7.256217850372195,45.414881575852633,2212.1300000000001 7.256208043545485,45.414945362135768,2209.73 7.256196895614266,45.414953576400876,2208.77 7.256046188995242,45.415013758465648,2205.4000000000001 7.255902606993914,45.415043933317065,2203 7.255846364423633,45.415050303563476,2201.5599999999999 7.255808729678392,45.415065139532089,2201.0799999999999 7.255754079669714,45.415065977722406,2200.5900000000001 7.25573044270277,45.41507788002491,2200.5900000000001 7.255478398874402,45.415125237777829,2197.71 7.255465323105454,45.415128339082003,2197.71 7.255327524617314,45.415167817845941,2196.27 7.255326267331839,45.415169829502702,2196.27 7.255305983126164,45.415177037939429,2195.79 7.255141027271748,45.415225401520729,2194.8299999999999 7.254927037283778,45.415277536958456,2193.8699999999999 7.254806170240045,45.415286170318723,2192.9000000000001 7.25477272644639,45.415287595242262,2192.9000000000001 7.254712963476777,45.415278626605868,2192.4200000000001 7.254654290154576,45.415258090943098,2192.4200000000001 7.254600143060088,45.415252642706037,2191.9400000000001 7.254532584920526,45.415249541401863,2191.46 7.254269057884812,45.415309807285666,2189.54 7.253999914973974,45.415331097319722,2187.1399999999999 7.25378324277699,45.415426986292005,2184.25 7.253709733486176,45.415539974346757,2183.29 7.253622310236096,45.415562186390162,2183.29 7.253359537571669,45.415580878034234,2181.8499999999999 7.253181841224432,45.415593450888991,2180.4099999999999 7.253127945587039,45.415584901347756,2178.9699999999998 7.253074888139963,45.41562513448298,2177.52 7.25302929058671,45.415644831955433,2177.52 7.252947567030788,45.415635192766786,2177.04 7.252878332510591,45.415611136704683,2175.5999999999999 7.252832483500242,45.41561096906662,2175.5999999999999 7.252597371116281,45.415658243000507,2175.1199999999999 7.252536686137319,45.415678527206182,2174.1599999999999 7.252494776621461,45.415710462257266,2174.1599999999999 7.252413304522634,45.415796628221869,2172.2399999999998 7.252353206276894,45.41586703620851,2169.8299999999999 7.252183808013797,45.41595839895308,2165.9899999999998 7.252071825787425,45.416028890758753,2164.5500000000002 7.252097893506289,45.41612503118813,2164.0599999999999 7.252221442759037,45.416188566014171,2164.0599999999999 7.252369802445173,45.416299123317003,2161.6599999999999 7.252371311187744,45.416311696171761,2161.6599999999999 7.252355888485909,45.416340194642544,2161.1799999999998 7.252354631200433,45.41636198759079,2161.1799999999998 7.252481952309609,45.416447399184108,2161.1799999999998 7.252513216808438,45.416457541286945,2160.6999999999998 7.252507684752345,45.416467767208815,2160.6999999999998 7.252493938431144,45.416471539065242,2160.6999999999998 7.252419758588076,45.416479082778096,2160.2199999999998 7.252430571243167,45.416487045586109,2160.2199999999998 7.252464098855853,45.416454104706645,2160.2199999999998 7.252422692254186,45.416431222110987,2159.7399999999998 7.252475917339325,45.41646902449429,2159.2600000000002 7.252518413588405,45.416539516299963,2157.3400000000001 7.252605585381389,45.416565164923668,2155.8899999999999 7.25274195894599,45.416622664779425,2153.4899999999998 7.252841033041477,45.416658287867904,2151.0900000000001 7.252726200968027,45.416694162413478,2149.1599999999999 7.252557808533311,45.416674967855215,2147.7199999999998 7.252514054998756,45.416670022532344,2147.2399999999998 7.252485640347004,45.416673040017486,2146.7600000000002 7.252440126612783,45.416690642014146,2146.2800000000002 7.252412550151348,45.416816957294941,2143.4000000000001 7.252471391111612,45.416870852932334,2140.5100000000002 7.252465188503265,45.416891975328326,2140.0300000000002 7.252523610368371,45.416945535689592,2138.1100000000001 7.252513384446502,45.416996078565717,2135.71 7.252450436353684,45.417013429105282,2134.7399999999998 7.252365946769714,45.417038574814796,2131.8600000000001 7.252247259020805,45.417101439088583,2128.98 7.252206103876233,45.417131781578064,2128.02 7.252158746123314,45.417135637253523,2127.0500000000002 7.252070484682918,45.41715357452631,2125.6100000000001 7.252031425014138,45.417151646688581,2125.1300000000001 7.251921035349369,45.41720830835402,2122.73 7.251951461657882,45.417288606986403,2120.8099999999999 7.251874264329672,45.417263126000762,2119.8400000000001 7.251806119456887,45.417286427691579,2116.96 7.25171878002584,45.417343089357018,2115.52 7.251663878560066,45.417399751022458,2114.5599999999999 7.251587016507983,45.417413245886564,2112.6300000000001 7.251568911597133,45.417379969730973,2110.71 7.251533875241876,45.417381143197417,2108.79 7.251429352909327,45.417407965287566,2105.9099999999999 7.251370176672936,45.417419197037816,2103.02 7.251293398439884,45.417463285848498,2100.1399999999999 7.251206561923027,45.417472505941987,2097.25 7.25117395631969,45.417381646111608,2095.3299999999999 7.251183679327369,45.417295480147004,2092.9299999999998 7.25109432823956,45.417288523167372,2091 7.250990811735392,45.417341412976384,2089.0799999999999 7.250875225290656,45.417324146255851,2086.6799999999998 7.250846726819873,45.417328253388405,2085.7199999999998 7.250736923888326,45.417381897568703,2082.3499999999999 7.250704737380147,45.417446857318282,2079.9499999999998 7.250690069049597,45.417483067139983,2079.4699999999998 7.250652769580483,45.417497148737311,2078.9899999999998 7.250505331903696,45.417498573660851,2076.0999999999999 7.250401647761464,45.417594714090228,2073.6999999999998 7.250304669141769,45.417603682726622,2070.3400000000001 7.250235853716731,45.417640646919608,2068.4099999999999 7.25011850707233,45.41769202798605,2065.0500000000002 7.2500129789114,45.417713820934296,2063.1300000000001 7.249998226761818,45.417662104591727,2062.1700000000001 7.250017421320081,45.417573172599077,2058.3200000000002 7.249968554824591,45.417521204799414,2055.9200000000001 7.249909043312073,45.41759236715734,2053.5100000000002 7.249873420223594,45.417588511481881,2052.5500000000002 7.249845843762159,45.417533526197076,2049.6700000000001 7.249767053872347,45.41749807074666,2046.3 7.249725144356489,45.417459681630135,2043.9000000000001 7.249529426917434,45.417452976107597,2040.54 7.249518111348152,45.417458256706595,2040.54 7.249407218769193,45.417526820674539,2038.6099999999999 7.249259697273374,45.41750343516469,2035.25 7.249208400025964,45.417429339140654,2032.3599999999999 7.249102620407939,45.417408803477883,2029.48 7.249029614031315,45.417442666366696,2028.52 7.248860215768218,45.417489521205425,2025.1500000000001 7.248847894370556,45.417490359395742,2024.6700000000001 7.24880120716989,45.417486252263188,2023.71 7.248725770041347,45.417421041056514,2022.27 7.248608842492104,45.417437301948667,2020.3499999999999 7.248433912172914,45.417411401867867,2016.98 7.248297203332186,45.417382568120956,2014.0999999999999 7.248207936063409,45.417333282530308,2012.6600000000001 7.248063096776605,45.417323475703597,2010.25 7.247823290526867,45.417321547865868,2006.4100000000001 7.247770568355918,45.417336132377386,2005.45 7.247689599171281,45.417330767959356,2004.49 7.247552555054426,45.41722197085619,2002.0799999999999 7.247346444055438,45.417132619768381,1998.72 7.247333116829395,45.417131949216127,1998.72 7.247262708842754,45.41713890619576,1997.76 7.247197581455112,45.41712767444551,1996.8 7.247128095477819,45.417131530120969,1996.3199999999999 7.246885607019067,45.417061876505613,1993.4300000000001 7.246853923425078,45.417036144062877,1992.95 7.246666671708226,45.416929693892598,1991.51 7.246654098853469,45.416931118816137,1991.51 7.246552677825093,45.416908906772733,1990.0699999999999 7.2463917452842,45.416847299784422,1986.22 7.246237937361002,45.416863560676575,1983.8199999999999 7.246142467483878,45.416868841275573,1982.3800000000001 7.246051104739308,45.416878899559379,1979.97 7.246021600440145,45.416803043335676,1977.0899999999999 7.245974326506257,45.416770521551371,1974.6900000000001 7.245862931013107,45.416741939261556,1972.28 7.245904505252838,45.416686702519655,1970.3599999999999 7.245885729789734,45.416639763861895,1966.99 7.245767125859857,45.416664406657219,1964.5899999999999 7.245655562728643,45.416700029745698,1963.1500000000001 7.245503179728985,45.416782675310969,1961.23 7.245418606325984,45.416876552626491,1960.27 7.245400417596102,45.416904464364052,1960.27 7.24535197019577,45.416944278404117,1959.78 7.245378540828824,45.41699088178575,1958.3399999999999 7.245442494750023,45.417072521522641,1957.3800000000001 7.245461437851191,45.417198417708278,1956.4200000000001 7.245445428416133,45.417318614199758,1954.02 7.245364543050528,45.417411150410771,1951.1300000000001 7.245294135063887,45.417486000806093,1948.73 7.245232779532671,45.417546853423119,1947.77 7.245161030441523,45.417586667463183,1945.3599999999999 7.245093807578087,45.417630923911929,1944.4000000000001 7.244982412084937,45.417678700760007,1942 7.244947711005807,45.417747935280204,1940.0799999999999 7.244951231405139,45.417706361040473,1937.6700000000001 7.244910327717662,45.417756820097566,1936.71 7.244872692972422,45.417744414880872,1935.27 7.244796920567751,45.417763525620103,1932.8699999999999 7.244740342721343,45.417747600004077,1930.46 7.244735565036535,45.417645508423448,1928.0599999999999 7.244698097929359,45.417588176205754,1926.1400000000001 7.244593324139714,45.417589182034135,1924.22 7.244544457644224,45.417651459574699,1924.22 7.244522329419851,45.417618853971362,1922.77 7.244455693289638,45.417650789022446,1921.3299999999999 7.244295682758093,45.417720023542643,1917.97 7.244237428531051,45.417747516185045,1917.49 7.244180012494326,45.417884476482868,1917.01 7.244095858186483,45.41798715479672,1915.5599999999999 7.244038106873632,45.41809125803411,1914.5999999999999 7.243984714150429,45.418154122307897,1914.5999999999999 7.243883209303021,45.418240623548627,1912.6800000000001 7.243863679468632,45.418259147554636,1912.6800000000001 7.243736945092678,45.418330058455467,1910.28 7.243586406111717,45.418423181399703,1909.8 7.243453972041607,45.418532565236092,1907.8699999999999 7.243414325639606,45.418629208579659,1907.3900000000001 7.243303265422583,45.418658461421728,1904.99 7.243153648450971,45.418697437271476,1902.5899999999999 7.243120288476348,45.418707663193345,1902.1099999999999 7.243065219372511,45.41874211281538,1901.1400000000001 7.243041917681694,45.418776143342257,1900.6600000000001 7.243022136390209,45.418805480003357,1900.1800000000001 7.24290587939322,45.418846216052771,1898.74 7.242886936292052,45.418860381469131,1898.74 7.242761123925448,45.418983595445752,1897.3 7.242730697616935,45.419029695913196,1897.3 7.242535734549165,45.41912374086678,1895.8599999999999 7.242425344884396,45.419193059206009,1895.3800000000001 7.242424925789237,45.419152742251754,1894.9000000000001 7.242363654077053,45.419125081971288,1892.97 7.242298442870379,45.419142013415694,1892.01 7.242250414565206,45.419067079201341,1889.6099999999999 7.242236416786909,45.418970268219709,1886.24 7.242237506434321,45.418932046741247,1885.28 7.242234572768211,45.418896088376641,1884.3199999999999 7.242222838103771,45.418867086991668,1883.8399999999999 7.242217808961868,45.418801205232739,1882.4000000000001 7.242148406803608,45.418694252148271,1878.0699999999999 7.242090404033661,45.41859894990921,1876.6300000000001 7.242000885307789,45.418576570227742,1877.1099999999999 7.241977835074067,45.418575312942266,1877.1099999999999 7.241879850625992,45.418577492237091,1876.6300000000001 7.241849172860384,45.4185994528234,1876.6300000000001 7.241734592244029,45.418729120865464,1876.1500000000001 7.241693856194615,45.418869350105524,1875.6700000000001 7.241634931415319,45.418977309018373,1875.1900000000001 7.241582544520497,45.419096248224378,1874.71 7.241519093513489,45.419248882681131,1873.27 7.241502581164241,45.419329097494483,1871.8199999999999 7.24148103967309,45.419422723352909,1870.3800000000001 7.241387916728854,45.419539483264089,1869.4200000000001 7.241365034133196,45.419613914564252,1870.8599999999999 7.241367967799306,45.419646268710494,1870.8599999999999 7.241348270326853,45.419778535142541,1868.9400000000001 7.241245089098811,45.41992949321866,1867.02 7.241216590628028,45.420043487101793,1865.5799999999999 7.241178452968597,45.420136945322156,1865.0899999999999 7.241158001124859,45.42017181403935,1865.0899999999999 7.241132687777281,45.420260494574904,1865.0899999999999 7.241146434098482,45.420386390760541,1863.6500000000001 7.241136459633708,45.420401142910123,1863.6500000000001 7.241120785474777,45.420536007732153,1861.25 7.241053730249405,45.420561321079731,1860.77 7.241049790754914,45.420638434588909,1858.8499999999999 7.241014167666435,45.420722253620625,1857.4000000000001 7.241005450487137,45.420748153701425,1857.4000000000001 7.240980640053749,45.420789895579219,1856.4400000000001 7.24092842079699,45.420835828408599,1855.96 7.240813169628382,45.420899447053671,1854.52 7.240791041404009,45.420990390703082,1853.0799999999999 7.240733793005347,45.421077394858003,1852.5999999999999 7.240710072219372,45.421185186132789,1850.6800000000001 7.240631617605686,45.421254588291049,1849.71 7.240609573200345,45.421269088983536,1849.23 7.240621894598007,45.421365229412913,1846.8299999999999 7.24062348715961,45.421426082029939,1845.3900000000001 7.24053849466145,45.421434631571174,1843.47 7.240383680909872,45.421469919383526,1840.5799999999999 7.240310087800026,45.421532029286027,1838.6600000000001 7.240289300680161,45.421551391482353,1837.7 7.240415951237083,45.421603191643953,1835.77 7.240605549886823,45.421649543568492,1835.29 7.240736307576299,45.421711402013898,1833.8499999999999 7.240734044462442,45.421757586300373,1831.45 7.240698672831059,45.421850876882672,1828.5599999999999 7.240651398897171,45.421905945986509,1825.6800000000001 7.240567160770297,45.42193042114377,1822.8 7.240505637601018,45.421983394771814,1820.3900000000001 7.240471355617046,45.421992195770144,1818.95 7.240416537970305,45.422002086415887,1817.03 7.240359289571643,45.421995129436255,1814.6300000000001 7.240216378122568,45.422054640948772,1812.22 7.240126440301538,45.422150446102023,1808.8599999999999 7.240021247416735,45.422195540741086,1807.9000000000001 7.239910773932934,45.42222211137414,1805.49 7.239848831668496,45.422281706705689,1803.0899999999999 7.239895015954971,45.422348761931062,1800.6900000000001 7.239891327917576,45.422391844913363,1798.76 7.239771131426096,45.422447416931391,1795.8800000000001 7.239726204425097,45.422457559034228,1794.4400000000001 7.239612126722932,45.422504665330052,1792.03 7.239714302122593,45.422623353078961,1790.1099999999999 7.239709608256817,45.422694850713015,1788.1900000000001 7.239643977954984,45.422648247331381,1786.75 7.239525625482202,45.42261840775609,1784.3399999999999 7.239396460354328,45.422623520717025,1781.46 7.239264277741313,45.422621257603168,1779.54 7.239152882248163,45.422624023631215,1778.0999999999999 7.23909504711628,45.422649253159761,1775.6900000000001 7.239018939435482,45.422623604536057,1774.25 7.238930594176054,45.422651516273618,1772.3299999999999 7.238849373534322,45.422698371112347,1770.4100000000001 7.238726411014795,45.422731228172779,1768 7.23864552564919,45.422747991979122,1766.0799999999999 7.238518539816141,45.422710357233882,1763.6800000000001 7.238481240347028,45.422727791592479,1763.2 7.238454753533006,45.422728126868606,1762.23 7.238300358876586,45.422737933695316,1761.75 7.238166583701968,45.422788225114346,1759.3499999999999 7.238000119104981,45.42274933308363,1757.9100000000001 7.237894674763084,45.422798283398151,1755.5 7.237957706674933,45.422859219834208,1753.5799999999999 7.237972794100642,45.422867350280285,1753.0999999999999 7.238157195970416,45.422942703589797,1751.6600000000001 7.238268088549376,45.422973968088627,1748.29 7.238347046077251,45.423032725229859,1745.4100000000001 7.238441342487931,45.423074467107654,1743.49 7.2384930588305,45.423126686364412,1741.5699999999999 7.238445114344358,45.423152670264244,1739.1600000000001 7.238455591723323,45.423162141814828,1738.2 7.238579643890262,45.423156525939703,1736.28 7.238612920045853,45.423164404928684,1734.8399999999999 7.238632785156369,45.423212684690952,1731.95 7.238608645275235,45.423255683854222,1728.5899999999999 7.238589450716972,45.423351237550378,1725.7 7.238534465432167,45.423393566161394,1722.8199999999999 7.238546451553702,45.423427680507302,1721.3800000000001 7.238603783771396,45.423477133736014,1720.9000000000001 7.238659942522645,45.42347495444119,1722.3399999999999 7.23869782872498,45.423515271395445,1723.3 7.238666648045182,45.423514349386096,1723.3 7.238643681630492,45.423512002453208,1721.8599999999999 7.238627756014466,45.423511164262891,1721.3800000000001 7.238605041056871,45.423468584194779,1720.9000000000001 7.238600933924317,45.423461878672242,1720.9000000000001 7.238573944196105,45.423513846471906,1719.9400000000001 7.23855315707624,45.423578973859549,1717.53 7.238557767122984,45.423647034913301,1714.6500000000001 7.238606717437506,45.423719119280577,1712.73 7.238676454871893,45.42377695441246,1709.3599999999999 7.238762872293592,45.423829928040504,1706.96 7.238840153440833,45.42387711815536,1705.52 7.238850966095924,45.423897318542004,1705.52 7.239048276096582,45.42392841540277,1703.1099999999999 7.239119606092572,45.423966385424137,1699.75 7.239154726266861,45.424011647701263,1697.8299999999999 7.239081133157015,45.424050455912948,1695.4200000000001 7.239001002162695,45.424055233597755,1693.02 7.238892707973719,45.424054563045502,1691.0999999999999 7.238844679668546,45.424042660742998,1688.6900000000001 7.238778881728649,45.424021873623133,1687.25 7.238597497344017,45.424044756218791,1684.8499999999999 7.238531950861216,45.424057161435485,1683.8900000000001 7.23851066082716,45.424109883606434,1681 7.23845592699945,45.42415170930326,1679.0799999999999 7.238439498469234,45.424203677102923,1676.6800000000001 7.238316703587771,45.424176687374711,1674.27 7.238247217610478,45.424199150875211,1672.3499999999999 7.238092571496964,45.424237959086895,1669.47 7.238045800477266,45.424262601882219,1668.02 7.238035490736365,45.424267295747995,1668.02 7.237900039181113,45.424289591610432,1665.1400000000001 7.237886711955071,45.424338625743985,1664.1800000000001 7.237881431356072,45.424402914941311,1663.7 7.237784536555409,45.424409871920943,1661.3 7.237620167434216,45.424312809482217,1658.8900000000001 7.237498546019197,45.424324963241816,1656.49 7.237334847450256,45.424356730654836,1654.0899999999999 7.237323196604848,45.424363939091563,1654.0899999999999 7.237225463613868,45.424459492787719,1651.2 7.237256811931729,45.424516992643476,1649.76 7.237287908792496,45.424536522477865,1649.28 7.237489158287644,45.424681613221765,1645.9100000000001 7.237604157999158,45.424738693982363,1643.99 7.23765704780817,45.424751853570342,1642.55 7.237793672829866,45.424816394224763,1640.1500000000001 7.237972375005484,45.424907589331269,1637.26 7.238089554011822,45.424925778061152,1637.26 7.238342184573412,45.424965256825089,1636.3 7.238593474030495,45.424985457211733,1636.3 7.238677376881242,45.425011273473501,1636.3 7.238957416266203,45.425080927088857,1634.8599999999999 7.239024387672544,45.425069527700543,1634.3800000000001 7.239231755957007,45.425037005916238,1633.9000000000001 7.239497294649482,45.425069024786353,1631.49 7.239644313231111,45.425096768885851,1629.0899999999999 7.239721259102225,45.425145132467151,1625.73 7.239756044000387,45.425163153558969,1625.25 7.239899877458811,45.425258707255125,1622.3599999999999 7.240128200501204,45.425311261788011,1619 7.240155190229416,45.425318805500865,1618.52 7.24028192460537,45.425396589562297,1615.6300000000001 7.240383177995682,45.425458364188671,1613.23 7.240479569882155,45.425538998097181,1609.8599999999999 7.240469008684158,45.425535058602691,1609.8599999999999 7.240317380055785,45.425523323938251,1606.5 7.240289635956287,45.425526425242424,1605.54 7.240289049223065,45.425565233454108,1604.5799999999999 7.240612590685487,45.425655171275139,1602.6600000000001 7.240858934819698,45.425700098276138,1600.73 7.241122042760253,45.425726501271129,1598.8099999999999 7.241448182612658,45.425723819062114,1597.3699999999999 7.24173073656857,45.425709737464786,1596.8900000000001 7.241777759045363,45.425648214295506,1595.9300000000001 7.241813130676746,45.425641341134906,1595.9300000000001 7.241797540336847,45.425632623955607,1595.45 7.241791505366564,45.425638491287827,1595.45 7.241787565872073,45.425652572885156,1595.45 7.241805419325829,45.425686519593,1594.96 7.241801982745528,45.425677467137575,1594.96 7.241798210889101,45.425700768828392,1594.96 7.241821847856045,45.425741504877806,1594.96 7.241852274164558,45.42576321400702,1594.48 7.241983618587256,45.4257866833359,1594 7.242118651047349,45.425741421058774,1594 7.242158632725477,45.425741337239742,1593.52 7.242485694587231,45.425729099661112,1592.0799999999999 7.242505475878716,45.425729770213366,1591.5999999999999 7.242590468376875,45.425724321976304,1591.5999999999999 7.242653416469693,45.425725076347589,1591.5999999999999 7.242898838594556,45.42580034583807,1591.5999999999999 7.243195725604892,45.425923727452755,1591.1199999999999 7.243417762219906,45.425995644181967,1592.5599999999999 7.243645749986172,45.426059849560261,1592.5599999999999 7.243956550955772,45.426231427118182,1592.5599999999999 7.244099546223879,45.426347181200981,1593.04 7.244187472388148,45.426410799846053,1593.04 7.244414035230875,45.426507610827684,1594.48 7.244491819292307,45.426567373797297,1594.48 7.244513863697648,45.426754960790277,1594.48 7.244562478736043,45.426929220557213,1594.48 7.244798680767417,45.427061403170228,1594.48 7.245040331035852,45.427172631025314,1594.48 7.24529187195003,45.427252845838666,1593.04 7.245530253276229,45.427284864708781,1593.04 7.245839294046164,45.427336664870381,1593.04 7.246127463877201,45.427377233281732,1589.6800000000001 7.246437259018421,45.427556606009603,1589.2 7.246473552659154,45.427587786689401,1589.2 7.246455447748303,45.427662972360849,1588.72 7.246379591524601,45.427737906575203,1588.72 7.246153363958001,45.427938736975193,1588.24 7.246140455827117,45.427951058372855,1588.24 7.245984217152,45.428095730021596,1588.24 7.245857063680887,45.428287256509066,1587.27 7.245711050927639,45.428469395264983,1587.27 7.245626309886575,45.428604846820235,1588.72 7.245595129206777,45.428654048591852,1588.24 7.245514411479235,45.428818333894014,1588.24 7.245466131716967,45.429029390215874,1587.75 7.245424138382077,45.42924715206027,1587.75 7.245395388454199,45.42941085062921,1587.75 7.245398489758372,45.429553091526031,1587.75 7.245428748428822,45.429804548621178,1587.27 7.245479710400105,45.430004959926009,1587.27 7.245513740926981,45.430109482258558,1587.27 7.245515501126647,45.430123312398791,1586.79 7.245519943535328,45.430134292691946,1586.79 7.245525643229485,45.430146446451545,1586.79 7.24553419277072,45.430160108953714,1586.79 7.24554106593132,45.430175783112645,1586.79 7.245471831411123,45.430316431447864,1588.24 7.2453020978719,45.430409135296941,1589.2 7.24530796520412,45.430424641817808,1589.2 7.245317017659545,45.430436627939343,1589.2 7.245332356542349,45.430447105318308,1589.2 7.245345767587423,45.430453475564718,1589.2 7.245389772579074,45.430460264906287,1586.79 7.245406284928322,45.430457163602114,1586.79 7.245583310723305,45.43044718913734,1583.9100000000001 7.245657658204436,45.430451044812799,1581.03 7.245774585753679,45.43046722188592,1577.6600000000001 7.245910372585058,45.430452469736338,1574.3 7.246005591005087,45.430423803627491,1571.4100000000001 7.246136097237468,45.430437549948692,1568.05 7.246256293728948,45.430424474179745,1566.1199999999999 7.246377663686872,45.430361023172736,1562.76 7.246556533500552,45.430359682068229,1559.4000000000001 7.246696595102549,45.430367141962051,1557.47 7.246798016130924,45.430265301838517,1554.1099999999999 7.246824754402041,45.430171340703964,1551.71 7.246775384992361,45.429995572194457,1550.26 7.246732888743281,45.429863724857569,1548.3399999999999 7.246725093573332,45.429776469245553,1546.9000000000001 7.246587295085192,45.429651997983456,1545.9400000000001 7.246489059180021,45.429532807320356,1543.53 7.246614703908563,45.429538507014513,1543.05 7.246760800480843,45.429503973573446,1540.6500000000001 7.246773038059473,45.429494418203831,1540.6500000000001 7.246962720528245,45.429400876164436,1540.1700000000001 7.246956182643771,45.429418729618192,1539.6900000000001 7.246745629236102,45.42952811345458,1541.6099999999999 7.246690141037107,45.429554684087634,1542.0899999999999 7.246699864044786,45.429565412923694,1542.0899999999999 7.246711095795035,45.429659709334373,1544.01 7.246712436899543,45.429752580821514,1545.46 7.246724674478173,45.429901611059904,1547.8599999999999 7.246838668361306,45.430072182789445,1549.3 7.246795669198036,45.430203443393111,1551.22 7.246716124936938,45.430310731753707,1554.1099999999999 7.246616212651134,45.430322047322989,1556.03 7.246626187115908,45.430361023172736,1556.03 7.246603891253471,45.43035532347858,1556.03 7.246423428878188,45.430428748950362,1556.99 7.246274817734957,45.430506952106953,1558.4300000000001 7.246196279302239,45.430511645972729,1556.99 7.246156549081206,45.430497648194432,1553.6300000000001 7.24612251855433,45.430532181635499,1550.26 7.246167780831456,45.430603008717299,1546.9000000000001 7.246209606528282,45.43068858794868,1543.53 7.246224945411086,45.430710045620799,1542.5699999999999 7.246344471350312,45.430760504677892,1543.05 7.246388895437121,45.430790344253182,1543.05 7.246445221826434,45.430848347023129,1543.05 7.24662090651691,45.430974410846829,1542.5699999999999 7.246643621474505,45.430958149954677,1541.6099999999999 7.246891893446446,45.430928058922291,1539.21 7.246944280341268,45.430921856313944,1538.73 7.247098255902529,45.430848682299256,1536.3199999999999 7.247131196781993,45.430830661207438,1535.3599999999999 7.247340576723218,45.430898806080222,1534.8800000000001 7.247373517602682,45.430916324257851,1534.8800000000001 7.247370583936572,45.430908277630806,1534.8800000000001 </coordinates></LineString></MultiGeometry></Placemark></Folder></Folder></Document></kml>