<?xml version="1.0" encoding="utf-8"?><kml xmlns="http://www.opengis.net/kml/2.2" xmlns:xsi="http://www.w3.org/2001/XMLSchema-instance" xmlns:kmlx="http://www.google.com/kml/ext/2.2" xmlns:atom="http://www.w3.org/2005/Atom" xmlns:gpxx="http://www.garmin.com/xmlschemas/GpxExtensions/v3"><Document><Style id="point"><IconStyle><scale>0.9</scale><Icon><href>http://maps.google.com/mapfiles/kml/shapes/placemark_circle.png</href></Icon></IconStyle></Style><Folder><name>Tracce</name><Folder><name>Rudiferia - Forcella Medesc</name><Folder><name>Punti</name><Style><ListStyle><listItemType>checkHideChildren</listItemType></ListStyle></Style><Placemark><TimeSpan><begin>2026-08-05T05:37:27Z</begin><end>2026-08-05T05:37:27Z</end></TimeSpan><Style><IconStyle><scale>0.9</scale><Icon><href>http://connect.garmin.com/image/main/icons/kml/grn-play.png</href></Icon></IconStyle></Style><Point><altitudeMode>clampToGround</altitudeMode><coordinates>11.927836462855339,46.582737928256392,1578.1400000000001</coordinates></Point></Placemark><Placemark><TimeSpan><begin>2026-08-05T05:37:27Z</begin><end>2026-08-05T05:37:36Z</end></TimeSpan><styleUrl>#point</styleUrl><Point><altitudeMode>clampToGround</altitudeMode><coordinates>11.927864039316773,46.582757290452719,1581.51</coordinates></Point></Placemark><Placemark><TimeSpan><begin>2026-08-05T05:37:36Z</begin><end>2026-08-05T05:37:38Z</end></TimeSpan><styleUrl>#point</styleUrl><Point><altitudeMode>clampToGround</altitudeMode><coordinates>11.927866553887725,46.582757709547877,1584.3900000000001</coordinates></Point></Placemark><Placemark><TimeSpan><begin>2026-08-05T05:37:38Z</begin><end>2026-08-05T05:37:40Z</end></TimeSpan><styleUrl>#point</styleUrl><Point><altitudeMode>clampToGround</altitudeMode><coordinates>11.927891531959176,46.582751590758562,1587.27</coordinates></Point></Placemark><Placemark><TimeSpan><begin>2026-08-05T05:37:40Z</begin><end>2026-08-05T05:37:43Z</end></TimeSpan><styleUrl>#point</styleUrl><Point><altitudeMode>clampToGround</altitudeMode><coordinates>11.927948445081711,46.582759553566575,1591.5999999999999</coordinates></Point></Placemark><Placemark><TimeSpan><begin>2026-08-05T05:37:43Z</begin><end>2026-08-05T05:37:46Z</end></TimeSpan><styleUrl>#point</styleUrl><Point><altitudeMode>clampToGround</altitudeMode><coordinates>11.927959676831961,46.582767264917493,1594.96</coordinates></Point></Placemark><Placemark><TimeSpan><begin>2026-08-05T05:37:46Z</begin><end>2026-08-05T05:37:49Z</end></TimeSpan><styleUrl>#point</styleUrl><Point><altitudeMode>clampToGround</altitudeMode><coordinates>11.927965125069022,46.582766342908144,1598.3299999999999</coordinates></Point></Placemark><Placemark><TimeSpan><begin>2026-08-05T05:37:49Z</begin><end>2026-08-05T05:37:53Z</end></TimeSpan><styleUrl>#point</styleUrl><Point><altitudeMode>clampToGround</altitudeMode><coordinates>11.927948612719774,46.582768773660064,1602.1700000000001</coordinates></Point></Placemark><Placemark><TimeSpan><begin>2026-08-05T05:37:53Z</begin><end>2026-08-05T05:37:57Z</end></TimeSpan><styleUrl>#point</styleUrl><Point><altitudeMode>clampToGround</altitudeMode><coordinates>11.927956826984882,46.582770366221666,1605.54</coordinates></Point></Placemark><Placemark><TimeSpan><begin>2026-08-05T05:37:57Z</begin><end>2026-08-05T05:38:02Z</end></TimeSpan><styleUrl>#point</styleUrl><Point><altitudeMode>clampToGround</altitudeMode><coordinates>11.927953558042645,46.582774389535189,1608.9000000000001</coordinates></Point></Placemark><Placemark><TimeSpan><begin>2026-08-05T05:38:02Z</begin><end>2026-08-05T05:38:04Z</end></TimeSpan><styleUrl>#point</styleUrl><Point><altitudeMode>clampToGround</altitudeMode><coordinates>11.927947942167521,46.582777323201299,1609.8599999999999</coordinates></Point></Placemark><Placemark><TimeSpan><begin>2026-08-05T05:38:04Z</begin><end>2026-08-05T05:38:08Z</end></TimeSpan><styleUrl>#point</styleUrl><Point><altitudeMode>clampToGround</altitudeMode><coordinates>11.927854232490063,46.582767013460398,1612.27</coordinates></Point></Placemark><Placemark><TimeSpan><begin>2026-08-05T05:38:08Z</begin><end>2026-08-05T05:38:13Z</end></TimeSpan><styleUrl>#point</styleUrl><Point><altitudeMode>clampToGround</altitudeMode><coordinates>11.927867811173201,46.582743963226676,1615.6300000000001</coordinates></Point></Placemark><Placemark><TimeSpan><begin>2026-08-05T05:38:13Z</begin><end>2026-08-05T05:38:19Z</end></TimeSpan><styleUrl>#point</styleUrl><Point><altitudeMode>clampToGround</altitudeMode><coordinates>11.927858423441648,46.5827427059412,1618.52</coordinates></Point></Placemark><Placemark><TimeSpan><begin>2026-08-05T05:38:19Z</begin><end>2026-08-05T05:38:26Z</end></TimeSpan><styleUrl>#point</styleUrl><Point><altitudeMode>clampToGround</altitudeMode><coordinates>11.927868230268359,46.582732480019331,1621.8800000000001</coordinates></Point></Placemark><Placemark><TimeSpan><begin>2026-08-05T05:38:26Z</begin><end>2026-08-05T05:38:35Z</end></TimeSpan><styleUrl>#point</styleUrl><Point><altitudeMode>clampToGround</altitudeMode><coordinates>11.927903182804585,46.582734659314156,1624.77</coordinates></Point></Placemark><Placemark><TimeSpan><begin>2026-08-05T05:38:35Z</begin><end>2026-08-05T05:38:48Z</end></TimeSpan><styleUrl>#point</styleUrl><Point><altitudeMode>clampToGround</altitudeMode><coordinates>11.927975853905082,46.58273046836257,1627.1700000000001</coordinates></Point></Placemark><Placemark><TimeSpan><begin>2026-08-05T05:38:48Z</begin><end>2026-08-05T05:38:54Z</end></TimeSpan><styleUrl>#point</styleUrl><Point><altitudeMode>clampToGround</altitudeMode><coordinates>11.928077694028616,46.582719320431352,1628.1300000000001</coordinates></Point></Placemark><Placemark><TimeSpan><begin>2026-08-05T05:38:54Z</begin><end>2026-08-05T05:39:05Z</end></TimeSpan><styleUrl>#point</styleUrl><Point><altitudeMode>clampToGround</altitudeMode><coordinates>11.928241057321429,46.582671040669084,1630.53</coordinates></Point></Placemark><Placemark><TimeSpan><begin>2026-08-05T05:39:05Z</begin><end>2026-08-05T05:39:06Z</end></TimeSpan><styleUrl>#point</styleUrl><Point><altitudeMode>clampToGround</altitudeMode><coordinates>11.928247846662998,46.582668023183942,1631.49</coordinates></Point></Placemark><Placemark><TimeSpan><begin>2026-08-05T05:39:06Z</begin><end>2026-08-05T05:39:14Z</end></TimeSpan><styleUrl>#point</styleUrl><Point><altitudeMode>clampToGround</altitudeMode><coordinates>11.928330743685365,46.582694593816996,1633.9000000000001</coordinates></Point></Placemark><Placemark><TimeSpan><begin>2026-08-05T05:39:14Z</begin><end>2026-08-05T05:39:28Z</end></TimeSpan><styleUrl>#point</styleUrl><Point><altitudeMode>clampToGround</altitudeMode><coordinates>11.928428392857313,46.582860220223665,1636.78</coordinates></Point></Placemark><Placemark><TimeSpan><begin>2026-08-05T05:39:28Z</begin><end>2026-08-05T05:39:33Z</end></TimeSpan><styleUrl>#point</styleUrl><Point><altitudeMode>clampToGround</altitudeMode><coordinates>11.928426716476679,46.582919899374247,1583.4300000000001</coordinates></Point></Placemark><Placemark><TimeSpan><begin>2026-08-05T05:39:33Z</begin><end>2026-08-05T05:39:34Z</end></TimeSpan><styleUrl>#point</styleUrl><Point><altitudeMode>clampToGround</altitudeMode><coordinates>11.928431745618582,46.582935657352209,1638.22</coordinates></Point></Placemark><Placemark><TimeSpan><begin>2026-08-05T05:39:34Z</begin><end>2026-08-05T05:39:46Z</end></TimeSpan><styleUrl>#point</styleUrl><Point><altitudeMode>clampToGround</altitudeMode><coordinates>11.928486479446292,46.583076808601618,1639.6700000000001</coordinates></Point></Placemark><Placemark><TimeSpan><begin>2026-08-05T05:39:46Z</begin><end>2026-08-05T05:39:53Z</end></TimeSpan><styleUrl>#point</styleUrl><Point><altitudeMode>clampToGround</altitudeMode><coordinates>11.928524114191532,46.583143444731832,1640.6300000000001</coordinates></Point></Placemark><Placemark><TimeSpan><begin>2026-08-05T05:39:53Z</begin><end>2026-08-05T05:39:58Z</end></TimeSpan><styleUrl>#point</styleUrl><Point><altitudeMode>clampToGround</altitudeMode><coordinates>11.928543644025922,46.583198262378573,1641.5899999999999</coordinates></Point></Placemark><Placemark><TimeSpan><begin>2026-08-05T05:39:58Z</begin><end>2026-08-05T05:40:11Z</end></TimeSpan><styleUrl>#point</styleUrl><Point><altitudeMode>clampToGround</altitudeMode><coordinates>11.928603071719408,46.5833471249789,1643.03</coordinates></Point></Placemark><Placemark><TimeSpan><begin>2026-08-05T05:40:11Z</begin><end>2026-08-05T05:40:22Z</end></TimeSpan><styleUrl>#point</styleUrl><Point><altitudeMode>clampToGround</altitudeMode><coordinates>11.928635593503714,46.58344485796988,1643.51</coordinates></Point></Placemark><Placemark><TimeSpan><begin>2026-08-05T05:40:22Z</begin><end>2026-08-05T05:40:33Z</end></TimeSpan><styleUrl>#point</styleUrl><Point><altitudeMode>clampToGround</altitudeMode><coordinates>11.928630899637938,46.583569161593914,1645.4300000000001</coordinates></Point></Placemark><Placemark><TimeSpan><begin>2026-08-05T05:40:33Z</begin><end>2026-08-05T05:40:46Z</end></TimeSpan><styleUrl>#point</styleUrl><Point><altitudeMode>clampToGround</altitudeMode><coordinates>11.928499471396208,46.583712575957179,1646.4000000000001</coordinates></Point></Placemark><Placemark><TimeSpan><begin>2026-08-05T05:40:46Z</begin><end>2026-08-05T05:40:47Z</end></TimeSpan><styleUrl>#point</styleUrl><Point><altitudeMode>clampToGround</altitudeMode><coordinates>11.928484383970499,46.583717856556177,1646.4000000000001</coordinates></Point></Placemark><Placemark><TimeSpan><begin>2026-08-05T05:40:47Z</begin><end>2026-08-05T05:40:50Z</end></TimeSpan><styleUrl>#point</styleUrl><Point><altitudeMode>clampToGround</altitudeMode><coordinates>11.928429650142789,46.583726657554507,1646.4000000000001</coordinates></Point></Placemark><Placemark><TimeSpan><begin>2026-08-05T05:40:50Z</begin><end>2026-08-05T05:41:01Z</end></TimeSpan><styleUrl>#point</styleUrl><Point><altitudeMode>clampToGround</altitudeMode><coordinates>11.92823619581759,46.583795389160514,1648.3199999999999</coordinates></Point></Placemark><Placemark><TimeSpan><begin>2026-08-05T05:41:01Z</begin><end>2026-08-05T05:41:14Z</end></TimeSpan><styleUrl>#point</styleUrl><Point><altitudeMode>clampToGround</altitudeMode><coordinates>11.928023463115096,46.583887003362179,1650.24</coordinates></Point></Placemark><Placemark><TimeSpan><begin>2026-08-05T05:41:14Z</begin><end>2026-08-05T05:41:27Z</end></TimeSpan><styleUrl>#point</styleUrl><Point><altitudeMode>clampToGround</altitudeMode><coordinates>11.927851466462016,46.583986496552825,1652.1600000000001</coordinates></Point></Placemark><Placemark><TimeSpan><begin>2026-08-05T05:41:27Z</begin><end>2026-08-05T05:41:42Z</end></TimeSpan><styleUrl>#point</styleUrl><Point><altitudeMode>clampToGround</altitudeMode><coordinates>11.927776532247663,46.584126222878695,1654.0899999999999</coordinates></Point></Placemark><Placemark><TimeSpan><begin>2026-08-05T05:41:42Z</begin><end>2026-08-05T05:41:43Z</end></TimeSpan><styleUrl>#point</styleUrl><Point><altitudeMode>clampToGround</altitudeMode><coordinates>11.927773766219616,46.584137454628944,1654.0899999999999</coordinates></Point></Placemark><Placemark><TimeSpan><begin>2026-08-05T05:41:43Z</begin><end>2026-08-05T05:41:51Z</end></TimeSpan><styleUrl>#point</styleUrl><Point><altitudeMode>clampToGround</altitudeMode><coordinates>11.927845431491733,46.584184058010578,1655.53</coordinates></Point></Placemark><Placemark><TimeSpan><begin>2026-08-05T05:41:51Z</begin><end>2026-08-05T05:42:02Z</end></TimeSpan><styleUrl>#point</styleUrl><Point><altitudeMode>clampToGround</altitudeMode><coordinates>11.927988426759839,46.584160337224603,1656.01</coordinates></Point></Placemark><Placemark><TimeSpan><begin>2026-08-05T05:42:02Z</begin><end>2026-08-05T05:42:11Z</end></TimeSpan><styleUrl>#point</styleUrl><Point><altitudeMode>clampToGround</altitudeMode><coordinates>11.927977614104748,46.584183136001229,1656.01</coordinates></Point></Placemark><Placemark><TimeSpan><begin>2026-08-05T05:42:11Z</begin><end>2026-08-05T05:42:25Z</end></TimeSpan><styleUrl>#point</styleUrl><Point><altitudeMode>clampToGround</altitudeMode><coordinates>11.928006615489721,46.584213059395552,1656.49</coordinates></Point></Placemark><Placemark><TimeSpan><begin>2026-08-05T05:42:25Z</begin><end>2026-08-05T05:42:34Z</end></TimeSpan><styleUrl>#point</styleUrl><Point><altitudeMode>clampToGround</altitudeMode><coordinates>11.928094960749149,46.584221441298723,1656.97</coordinates></Point></Placemark><Placemark><TimeSpan><begin>2026-08-05T05:42:34Z</begin><end>2026-08-05T05:42:45Z</end></TimeSpan><styleUrl>#point</styleUrl><Point><altitudeMode>clampToGround</altitudeMode><coordinates>11.92809353582561,46.584253124892712,1657.9300000000001</coordinates></Point></Placemark><Placemark><TimeSpan><begin>2026-08-05T05:42:45Z</begin><end>2026-08-05T05:42:58Z</end></TimeSpan><styleUrl>#point</styleUrl><Point><altitudeMode>clampToGround</altitudeMode><coordinates>11.928073586896062,46.58424231223762,1658.4100000000001</coordinates></Point></Placemark><Placemark><TimeSpan><begin>2026-08-05T05:42:58Z</begin><end>2026-08-05T05:43:17Z</end></TimeSpan><styleUrl>#point</styleUrl><Point><altitudeMode>clampToGround</altitudeMode><coordinates>11.928028827533126,46.584231415763497,1658.4100000000001</coordinates></Point></Placemark><Placemark><TimeSpan><begin>2026-08-05T05:43:17Z</begin><end>2026-08-05T05:43:41Z</end></TimeSpan><styleUrl>#point</styleUrl><Point><altitudeMode>clampToGround</altitudeMode><coordinates>11.928051542490721,46.58423007465899,1658.4100000000001</coordinates></Point></Placemark><Placemark><TimeSpan><begin>2026-08-05T05:43:41Z</begin><end>2026-08-05T05:44:03Z</end></TimeSpan><styleUrl>#point</styleUrl><Point><altitudeMode>clampToGround</altitudeMode><coordinates>11.928059589117765,46.584246251732111,1658.4100000000001</coordinates></Point></Placemark><Placemark><TimeSpan><begin>2026-08-05T05:44:03Z</begin><end>2026-08-05T05:44:30Z</end></TimeSpan><styleUrl>#point</styleUrl><Point><altitudeMode>clampToGround</altitudeMode><coordinates>11.928050871938467,46.584232337772846,1658.8900000000001</coordinates></Point></Placemark><Placemark><TimeSpan><begin>2026-08-05T05:44:30Z</begin><end>2026-08-05T05:44:47Z</end></TimeSpan><styleUrl>#point</styleUrl><Point><altitudeMode>clampToGround</altitudeMode><coordinates>11.92804659716785,46.584242228418589,1658.8900000000001</coordinates></Point></Placemark><Placemark><TimeSpan><begin>2026-08-05T05:44:47Z</begin><end>2026-08-05T05:45:09Z</end></TimeSpan><styleUrl>#point</styleUrl><Point><altitudeMode>clampToGround</altitudeMode><coordinates>11.928011309355497,46.584264859557152,1658.8900000000001</coordinates></Point></Placemark><Placemark><TimeSpan><begin>2026-08-05T05:45:09Z</begin><end>2026-08-05T05:45:29Z</end></TimeSpan><styleUrl>#point</styleUrl><Point><altitudeMode>clampToGround</altitudeMode><coordinates>11.928017092868686,46.584273995831609,1658.8900000000001</coordinates></Point></Placemark><Placemark><TimeSpan><begin>2026-08-05T05:45:29Z</begin><end>2026-08-05T05:45:36Z</end></TimeSpan><styleUrl>#point</styleUrl><Point><altitudeMode>clampToGround</altitudeMode><coordinates>11.928133182227612,46.584262009710073,1659.3699999999999</coordinates></Point></Placemark><Placemark><TimeSpan><begin>2026-08-05T05:45:36Z</begin><end>2026-08-05T05:45:43Z</end></TimeSpan><styleUrl>#point</styleUrl><Point><altitudeMode>clampToGround</altitudeMode><coordinates>11.928218677639961,46.584310792386532,1660.3299999999999</coordinates></Point></Placemark><Placemark><TimeSpan><begin>2026-08-05T05:45:43Z</begin><end>2026-08-05T05:45:49Z</end></TimeSpan><styleUrl>#point</styleUrl><Point><altitudeMode>clampToGround</altitudeMode><coordinates>11.928232759237289,46.584364352747798,1661.3</coordinates></Point></Placemark><Placemark><TimeSpan><begin>2026-08-05T05:45:49Z</begin><end>2026-08-05T05:45:53Z</end></TimeSpan><styleUrl>#point</styleUrl><Point><altitudeMode>clampToGround</altitudeMode><coordinates>11.928163943812251,46.584381116554141,1662.26</coordinates></Point></Placemark><Placemark><TimeSpan><begin>2026-08-05T05:45:53Z</begin><end>2026-08-05T05:46:04Z</end></TimeSpan><styleUrl>#point</styleUrl><Point><altitudeMode>clampToGround</altitudeMode><coordinates>11.927984822541475,46.58440550789237,1663.7</coordinates></Point></Placemark><Placemark><TimeSpan><begin>2026-08-05T05:46:04Z</begin><end>2026-08-05T05:46:14Z</end></TimeSpan><styleUrl>#point</styleUrl><Point><altitudeMode>clampToGround</altitudeMode><coordinates>11.927816430106759,46.584415901452303,1664.6600000000001</coordinates></Point></Placemark><Placemark><TimeSpan><begin>2026-08-05T05:46:14Z</begin><end>2026-08-05T05:46:15Z</end></TimeSpan><styleUrl>#point</styleUrl><Point><altitudeMode>clampToGround</altitudeMode><coordinates>11.92780083976686,46.584417829290032,1664.6600000000001</coordinates></Point></Placemark><Placemark><TimeSpan><begin>2026-08-05T05:46:15Z</begin><end>2026-08-05T05:46:26Z</end></TimeSpan><styleUrl>#point</styleUrl><Point><altitudeMode>clampToGround</altitudeMode><coordinates>11.92766890861094,46.58444750122726,1666.5799999999999</coordinates></Point></Placemark><Placemark><TimeSpan><begin>2026-08-05T05:46:26Z</begin><end>2026-08-05T05:46:37Z</end></TimeSpan><styleUrl>#point</styleUrl><Point><altitudeMode>clampToGround</altitudeMode><coordinates>11.927619790658355,46.584461834281683,1668.02</coordinates></Point></Placemark><Placemark><TimeSpan><begin>2026-08-05T05:46:37Z</begin><end>2026-08-05T05:46:48Z</end></TimeSpan><styleUrl>#point</styleUrl><Point><altitudeMode>clampToGround</altitudeMode><coordinates>11.927600428462029,46.584467198699713,1668.02</coordinates></Point></Placemark><Placemark><TimeSpan><begin>2026-08-05T05:46:48Z</begin><end>2026-08-05T05:47:00Z</end></TimeSpan><styleUrl>#point</styleUrl><Point><altitudeMode>clampToGround</altitudeMode><coordinates>11.927565224468708,46.584451021626592,1668.02</coordinates></Point></Placemark><Placemark><TimeSpan><begin>2026-08-05T05:47:00Z</begin><end>2026-08-05T05:47:20Z</end></TimeSpan><styleUrl>#point</styleUrl><Point><altitudeMode>clampToGround</altitudeMode><coordinates>11.927563967183232,46.584444316104054,1668.51</coordinates></Point></Placemark><Placemark><TimeSpan><begin>2026-08-05T05:47:20Z</begin><end>2026-08-05T05:47:28Z</end></TimeSpan><styleUrl>#point</styleUrl><Point><altitudeMode>clampToGround</altitudeMode><coordinates>11.927576707676053,46.58447440713644,1668.51</coordinates></Point></Placemark><Placemark><TimeSpan><begin>2026-08-05T05:47:28Z</begin><end>2026-08-05T05:47:44Z</end></TimeSpan><styleUrl>#point</styleUrl><Point><altitudeMode>clampToGround</altitudeMode><coordinates>11.92741678096354,46.584619833156466,1669.95</coordinates></Point></Placemark><Placemark><TimeSpan><begin>2026-08-05T05:47:44Z</begin><end>2026-08-05T05:47:57Z</end></TimeSpan><styleUrl>#point</styleUrl><Point><altitudeMode>clampToGround</altitudeMode><coordinates>11.927311085164547,46.584758888930082,1671.8699999999999</coordinates></Point></Placemark><Placemark><TimeSpan><begin>2026-08-05T05:47:57Z</begin><end>2026-08-05T05:48:10Z</end></TimeSpan><styleUrl>#point</styleUrl><Point><altitudeMode>clampToGround</altitudeMode><coordinates>11.927180914208293,46.584869278594851,1673.3099999999999</coordinates></Point></Placemark><Placemark><TimeSpan><begin>2026-08-05T05:48:10Z</begin><end>2026-08-05T05:48:27Z</end></TimeSpan><styleUrl>#point</styleUrl><Point><altitudeMode>clampToGround</altitudeMode><coordinates>11.926998859271407,46.585017889738083,1676.2</coordinates></Point></Placemark><Placemark><TimeSpan><begin>2026-08-05T05:48:27Z</begin><end>2026-08-05T05:48:43Z</end></TimeSpan><styleUrl>#point</styleUrl><Point><altitudeMode>clampToGround</altitudeMode><coordinates>11.926827700808644,46.585155185312033,1678.5999999999999</coordinates></Point></Placemark><Placemark><TimeSpan><begin>2026-08-05T05:48:43Z</begin><end>2026-08-05T05:48:50Z</end></TimeSpan><styleUrl>#point</styleUrl><Point><altitudeMode>clampToGround</altitudeMode><coordinates>11.926771122962236,46.585203381255269,1679.5599999999999</coordinates></Point></Placemark><Placemark><TimeSpan><begin>2026-08-05T05:48:50Z</begin><end>2026-08-05T05:49:04Z</end></TimeSpan><styleUrl>#point</styleUrl><Point><altitudeMode>clampToGround</altitudeMode><coordinates>11.926637347787619,46.585310837253928,1681.96</coordinates></Point></Placemark><Placemark><TimeSpan><begin>2026-08-05T05:49:04Z</begin><end>2026-08-05T05:49:16Z</end></TimeSpan><styleUrl>#point</styleUrl><Point><altitudeMode>clampToGround</altitudeMode><coordinates>11.926526287570596,46.585401277989149,1683.8900000000001</coordinates></Point></Placemark><Placemark><TimeSpan><begin>2026-08-05T05:49:16Z</begin><end>2026-08-05T05:49:28Z</end></TimeSpan><styleUrl>#point</styleUrl><Point><altitudeMode>clampToGround</altitudeMode><coordinates>11.926430985331535,46.585494987666607,1685.8099999999999</coordinates></Point></Placemark><Placemark><TimeSpan><begin>2026-08-05T05:49:28Z</begin><end>2026-08-05T05:49:39Z</end></TimeSpan><styleUrl>#point</styleUrl><Point><altitudeMode>clampToGround</altitudeMode><coordinates>11.926370719447732,46.585576795041561,1687.73</coordinates></Point></Placemark><Placemark><TimeSpan><begin>2026-08-05T05:49:39Z</begin><end>2026-08-05T05:49:51Z</end></TimeSpan><styleUrl>#point</styleUrl><Point><altitudeMode>clampToGround</altitudeMode><coordinates>11.926318919286132,46.585656423121691,1690.1400000000001</coordinates></Point></Placemark><Placemark><TimeSpan><begin>2026-08-05T05:49:51Z</begin><end>2026-08-05T05:49:57Z</end></TimeSpan><styleUrl>#point</styleUrl><Point><altitudeMode>clampToGround</altitudeMode><coordinates>11.926289917901158,46.585704870522022,1690.6199999999999</coordinates></Point></Placemark><Placemark><TimeSpan><begin>2026-08-05T05:49:57Z</begin><end>2026-08-05T05:50:08Z</end></TimeSpan><styleUrl>#point</styleUrl><Point><altitudeMode>clampToGround</altitudeMode><coordinates>11.926214816048741,46.585783157497644,1692.54</coordinates></Point></Placemark><Placemark><TimeSpan><begin>2026-08-05T05:50:08Z</begin><end>2026-08-05T05:50:22Z</end></TimeSpan><styleUrl>#point</styleUrl><Point><altitudeMode>clampToGround</altitudeMode><coordinates>11.926090847700834,46.585876867175102,1694.9400000000001</coordinates></Point></Placemark><Placemark><TimeSpan><begin>2026-08-05T05:50:22Z</begin><end>2026-08-05T05:50:34Z</end></TimeSpan><styleUrl>#point</styleUrl><Point><altitudeMode>clampToGround</altitudeMode><coordinates>11.92597140558064,46.585951214656234,1696.3800000000001</coordinates></Point></Placemark><Placemark><TimeSpan><begin>2026-08-05T05:50:34Z</begin><end>2026-08-05T05:50:40Z</end></TimeSpan><styleUrl>#point</styleUrl><Point><altitudeMode>clampToGround</altitudeMode><coordinates>11.925922706723213,46.585985329002142,1697.3399999999999</coordinates></Point></Placemark><Placemark><TimeSpan><begin>2026-08-05T05:50:40Z</begin><end>2026-08-05T05:50:52Z</end></TimeSpan><styleUrl>#point</styleUrl><Point><altitudeMode>clampToGround</altitudeMode><coordinates>11.925855232402682,46.58607367426157,1699.75</coordinates></Point></Placemark><Placemark><TimeSpan><begin>2026-08-05T05:50:52Z</begin><end>2026-08-05T05:51:03Z</end></TimeSpan><styleUrl>#point</styleUrl><Point><altitudeMode>clampToGround</altitudeMode><coordinates>11.925867050886154,46.586162438616157,1699.75</coordinates></Point></Placemark><Placemark><TimeSpan><begin>2026-08-05T05:51:03Z</begin><end>2026-08-05T05:51:17Z</end></TimeSpan><styleUrl>#point</styleUrl><Point><altitudeMode>clampToGround</altitudeMode><coordinates>11.925866631790996,46.586197391152382,1700.23</coordinates></Point></Placemark><Placemark><TimeSpan><begin>2026-08-05T05:51:17Z</begin><end>2026-08-05T05:51:39Z</end></TimeSpan><styleUrl>#point</styleUrl><Point><altitudeMode>clampToGround</altitudeMode><coordinates>11.925878450274467,46.586193200200796,1700.23</coordinates></Point></Placemark><Placemark><TimeSpan><begin>2026-08-05T05:51:39Z</begin><end>2026-08-05T05:51:47Z</end></TimeSpan><styleUrl>#point</styleUrl><Point><altitudeMode>clampToGround</altitudeMode><coordinates>11.925851125270128,46.58610594458878,1700.23</coordinates></Point></Placemark><Placemark><TimeSpan><begin>2026-08-05T05:51:47Z</begin><end>2026-08-05T05:51:58Z</end></TimeSpan><styleUrl>#point</styleUrl><Point><altitudeMode>clampToGround</altitudeMode><coordinates>11.925890101119876,46.586055150255561,1700.23</coordinates></Point></Placemark><Placemark><TimeSpan><begin>2026-08-05T05:51:58Z</begin><end>2026-08-05T05:52:08Z</end></TimeSpan><styleUrl>#point</styleUrl><Point><altitudeMode>clampToGround</altitudeMode><coordinates>11.92585070617497,46.586115835234523,1700.23</coordinates></Point></Placemark><Placemark><TimeSpan><begin>2026-08-05T05:52:08Z</begin><end>2026-08-05T05:52:20Z</end></TimeSpan><styleUrl>#point</styleUrl><Point><altitudeMode>clampToGround</altitudeMode><coordinates>11.925856824964285,46.586211137473583,1700.23</coordinates></Point></Placemark><Placemark><TimeSpan><begin>2026-08-05T05:52:20Z</begin><end>2026-08-05T05:52:35Z</end></TimeSpan><styleUrl>#point</styleUrl><Point><altitudeMode>clampToGround</altitudeMode><coordinates>11.925926394760609,46.586322449147701,1701.1900000000001</coordinates></Point></Placemark><Placemark><TimeSpan><begin>2026-08-05T05:52:35Z</begin><end>2026-08-05T05:52:48Z</end></TimeSpan><styleUrl>#point</styleUrl><Point><altitudeMode>clampToGround</altitudeMode><coordinates>11.925984732806683,46.586376177147031,1701.1900000000001</coordinates></Point></Placemark><Placemark><TimeSpan><begin>2026-08-05T05:52:48Z</begin><end>2026-08-05T05:52:52Z</end></TimeSpan><styleUrl>#point</styleUrl><Point><altitudeMode>clampToGround</altitudeMode><coordinates>11.925999820232391,46.586414398625493,1701.1900000000001</coordinates></Point></Placemark><Placemark><TimeSpan><begin>2026-08-05T05:52:52Z</begin><end>2026-08-05T05:53:05Z</end></TimeSpan><styleUrl>#point</styleUrl><Point><altitudeMode>clampToGround</altitudeMode><coordinates>11.926057739183307,46.586504839360714,1701.1900000000001</coordinates></Point></Placemark><Placemark><TimeSpan><begin>2026-08-05T05:53:05Z</begin><end>2026-08-05T05:53:17Z</end></TimeSpan><styleUrl>#point</styleUrl><Point><altitudeMode>clampToGround</altitudeMode><coordinates>11.926152035593987,46.586612714454532,1702.1500000000001</coordinates></Point></Placemark><Placemark><TimeSpan><begin>2026-08-05T05:53:17Z</begin><end>2026-08-05T05:53:30Z</end></TimeSpan><styleUrl>#point</styleUrl><Point><altitudeMode>clampToGround</altitudeMode><coordinates>11.926277596503496,46.586709525436163,1704.0699999999999</coordinates></Point></Placemark><Placemark><TimeSpan><begin>2026-08-05T05:53:30Z</begin><end>2026-08-05T05:53:42Z</end></TimeSpan><styleUrl>#point</styleUrl><Point><altitudeMode>clampToGround</altitudeMode><coordinates>11.926375161856413,46.586810778826475,1705.04</coordinates></Point></Placemark><Placemark><TimeSpan><begin>2026-08-05T05:53:42Z</begin><end>2026-08-05T05:53:54Z</end></TimeSpan><styleUrl>#point</styleUrl><Point><altitudeMode>clampToGround</altitudeMode><coordinates>11.926504913717508,46.586909182369709,1706.96</coordinates></Point></Placemark><Placemark><TimeSpan><begin>2026-08-05T05:53:54Z</begin><end>2026-08-05T05:54:04Z</end></TimeSpan><styleUrl>#point</styleUrl><Point><altitudeMode>clampToGround</altitudeMode><coordinates>11.926632067188621,46.586981099098921,1707.9200000000001</coordinates></Point></Placemark><Placemark><TimeSpan><begin>2026-08-05T05:54:04Z</begin><end>2026-08-05T05:54:13Z</end></TimeSpan><styleUrl>#point</styleUrl><Point><altitudeMode>clampToGround</altitudeMode><coordinates>11.926761902868748,46.587032899260521,1708.8800000000001</coordinates></Point></Placemark><Placemark><TimeSpan><begin>2026-08-05T05:54:13Z</begin><end>2026-08-05T05:54:24Z</end></TimeSpan><styleUrl>#point</styleUrl><Point><altitudeMode>clampToGround</altitudeMode><coordinates>11.926872041076422,46.587055949494243,1710.3199999999999</coordinates></Point></Placemark><Placemark><TimeSpan><begin>2026-08-05T05:54:24Z</begin><end>2026-08-05T05:54:36Z</end></TimeSpan><styleUrl>#point</styleUrl><Point><altitudeMode>clampToGround</altitudeMode><coordinates>11.926927529275417,46.58708075992763,1710.3199999999999</coordinates></Point></Placemark><Placemark><TimeSpan><begin>2026-08-05T05:54:36Z</begin><end>2026-08-05T05:54:46Z</end></TimeSpan><styleUrl>#point</styleUrl><Point><altitudeMode>clampToGround</altitudeMode><coordinates>11.927029034122825,46.587133649736643,1711.76</coordinates></Point></Placemark><Placemark><TimeSpan><begin>2026-08-05T05:54:46Z</begin><end>2026-08-05T05:54:54Z</end></TimeSpan><styleUrl>#point</styleUrl><Point><altitudeMode>clampToGround</altitudeMode><coordinates>11.927078990265727,46.58716382458806,1714.1700000000001</coordinates></Point></Placemark><Placemark><TimeSpan><begin>2026-08-05T05:54:54Z</begin><end>2026-08-05T05:55:04Z</end></TimeSpan><styleUrl>#point</styleUrl><Point><altitudeMode>clampToGround</altitudeMode><coordinates>11.927148476243019,46.58720824867487,1714.1700000000001</coordinates></Point></Placemark><Placemark><TimeSpan><begin>2026-08-05T05:55:04Z</begin><end>2026-08-05T05:55:13Z</end></TimeSpan><styleUrl>#point</styleUrl><Point><altitudeMode>clampToGround</altitudeMode><coordinates>11.927212262526155,46.587263401597738,1715.6099999999999</coordinates></Point></Placemark><Placemark><TimeSpan><begin>2026-08-05T05:55:13Z</begin><end>2026-08-05T05:55:25Z</end></TimeSpan><styleUrl>#point</styleUrl><Point><altitudeMode>clampToGround</altitudeMode><coordinates>11.92727261222899,46.587353926151991,1717.53</coordinates></Point></Placemark><Placemark><TimeSpan><begin>2026-08-05T05:55:25Z</begin><end>2026-08-05T05:55:36Z</end></TimeSpan><styleUrl>#point</styleUrl><Point><altitudeMode>clampToGround</altitudeMode><coordinates>11.927311420440674,46.58742668107152,1718.97</coordinates></Point></Placemark><Placemark><TimeSpan><begin>2026-08-05T05:55:36Z</begin><end>2026-08-05T05:55:48Z</end></TimeSpan><styleUrl>#point</styleUrl><Point><altitudeMode>clampToGround</altitudeMode><coordinates>11.927388031035662,46.587507650256157,1720.9000000000001</coordinates></Point></Placemark><Placemark><TimeSpan><begin>2026-08-05T05:55:48Z</begin><end>2026-08-05T05:55:59Z</end></TimeSpan><styleUrl>#point</styleUrl><Point><altitudeMode>clampToGround</altitudeMode><coordinates>11.927466737106442,46.587594151496887,1722.3399999999999</coordinates></Point></Placemark><Placemark><TimeSpan><begin>2026-08-05T05:55:59Z</begin><end>2026-08-05T05:56:09Z</end></TimeSpan><styleUrl>#point</styleUrl><Point><altitudeMode>clampToGround</altitudeMode><coordinates>11.92754577845335,46.587674282491207,1723.78</coordinates></Point></Placemark><Placemark><TimeSpan><begin>2026-08-05T05:56:09Z</begin><end>2026-08-05T05:56:18Z</end></TimeSpan><styleUrl>#point</styleUrl><Point><altitudeMode>clampToGround</altitudeMode><coordinates>11.927633201703429,46.587739661335945,1724.26</coordinates></Point></Placemark><Placemark><TimeSpan><begin>2026-08-05T05:56:18Z</begin><end>2026-08-05T05:56:29Z</end></TimeSpan><styleUrl>#point</styleUrl><Point><altitudeMode>clampToGround</altitudeMode><coordinates>11.927738813683391,46.587781235575676,1725.22</coordinates></Point></Placemark><Placemark><TimeSpan><begin>2026-08-05T05:56:29Z</begin><end>2026-08-05T05:56:45Z</end></TimeSpan><styleUrl>#point</styleUrl><Point><altitudeMode>clampToGround</altitudeMode><coordinates>11.927834618836641,46.587824234738946,1726.1800000000001</coordinates></Point></Placemark><Placemark><TimeSpan><begin>2026-08-05T05:56:45Z</begin><end>2026-08-05T05:57:00Z</end></TimeSpan><styleUrl>#point</styleUrl><Point><altitudeMode>clampToGround</altitudeMode><coordinates>11.927915085107088,46.587936971336603,1727.1500000000001</coordinates></Point></Placemark><Placemark><TimeSpan><begin>2026-08-05T05:57:00Z</begin><end>2026-08-05T05:57:12Z</end></TimeSpan><styleUrl>#point</styleUrl><Point><altitudeMode>clampToGround</altitudeMode><coordinates>11.928005693480372,46.588036632165313,1728.5899999999999</coordinates></Point></Placemark><Placemark><TimeSpan><begin>2026-08-05T05:57:12Z</begin><end>2026-08-05T05:57:25Z</end></TimeSpan><styleUrl>#point</styleUrl><Point><altitudeMode>clampToGround</altitudeMode><coordinates>11.928086662665009,46.588129503652453,1730.03</coordinates></Point></Placemark><Placemark><TimeSpan><begin>2026-08-05T05:57:25Z</begin><end>2026-08-05T05:57:35Z</end></TimeSpan><styleUrl>#point</styleUrl><Point><altitudeMode>clampToGround</altitudeMode><coordinates>11.928145168349147,46.588165210559964,1730.51</coordinates></Point></Placemark><Placemark><TimeSpan><begin>2026-08-05T05:57:35Z</begin><end>2026-08-05T05:57:46Z</end></TimeSpan><styleUrl>#point</styleUrl><Point><altitudeMode>clampToGround</altitudeMode><coordinates>11.928230663761497,46.588194211944938,1732.4300000000001</coordinates></Point></Placemark><Placemark><TimeSpan><begin>2026-08-05T05:57:46Z</begin><end>2026-08-05T05:57:56Z</end></TimeSpan><styleUrl>#point</styleUrl><Point><altitudeMode>clampToGround</altitudeMode><coordinates>11.9283133931458,46.588210640475154,1732.9100000000001</coordinates></Point></Placemark><Placemark><TimeSpan><begin>2026-08-05T05:57:56Z</begin><end>2026-08-05T05:58:10Z</end></TimeSpan><styleUrl>#point</styleUrl><Point><altitudeMode>clampToGround</altitudeMode><coordinates>11.928424453362823,46.588222458958626,1733.8800000000001</coordinates></Point></Placemark><Placemark><TimeSpan><begin>2026-08-05T05:58:10Z</begin><end>2026-08-05T05:58:19Z</end></TimeSpan><styleUrl>#point</styleUrl><Point><altitudeMode>clampToGround</altitudeMode><coordinates>11.928530232980847,46.588247185572982,1735.3199999999999</coordinates></Point></Placemark><Placemark><TimeSpan><begin>2026-08-05T05:58:19Z</begin><end>2026-08-05T05:58:30Z</end></TimeSpan><styleUrl>#point</styleUrl><Point><altitudeMode>clampToGround</altitudeMode><coordinates>11.928659314289689,46.588275181129575,1736.28</coordinates></Point></Placemark><Placemark><TimeSpan><begin>2026-08-05T05:58:30Z</begin><end>2026-08-05T05:58:41Z</end></TimeSpan><styleUrl>#point</styleUrl><Point><altitudeMode>clampToGround</altitudeMode><coordinates>11.928811864927411,46.588294878602028,1737.72</coordinates></Point></Placemark><Placemark><TimeSpan><begin>2026-08-05T05:58:41Z</begin><end>2026-08-05T05:58:52Z</end></TimeSpan><styleUrl>#point</styleUrl><Point><altitudeMode>clampToGround</altitudeMode><coordinates>11.928952345624566,46.588322622701526,1739.1600000000001</coordinates></Point></Placemark><Placemark><TimeSpan><begin>2026-08-05T05:58:52Z</begin><end>2026-08-05T05:59:04Z</end></TimeSpan><styleUrl>#point</styleUrl><Point><altitudeMode>clampToGround</altitudeMode><coordinates>11.929122162982821,46.588358161970973,1741.0799999999999</coordinates></Point></Placemark><Placemark><TimeSpan><begin>2026-08-05T05:59:04Z</begin><end>2026-08-05T05:59:17Z</end></TimeSpan><styleUrl>#point</styleUrl><Point><altitudeMode>clampToGround</altitudeMode><coordinates>11.929202042520046,46.588371573016047,1742.53</coordinates></Point></Placemark><Placemark><TimeSpan><begin>2026-08-05T05:59:17Z</begin><end>2026-08-05T05:59:26Z</end></TimeSpan><styleUrl>#point</styleUrl><Point><altitudeMode>clampToGround</altitudeMode><coordinates>11.929273204877973,46.588384062051773,1743.49</coordinates></Point></Placemark><Placemark><TimeSpan><begin>2026-08-05T05:59:26Z</begin><end>2026-08-05T05:59:37Z</end></TimeSpan><styleUrl>#point</styleUrl><Point><altitudeMode>clampToGround</altitudeMode><coordinates>11.929315617308021,46.5883878339082,1744.45</coordinates></Point></Placemark><Placemark><TimeSpan><begin>2026-08-05T05:59:37Z</begin><end>2026-08-05T05:59:46Z</end></TimeSpan><styleUrl>#point</styleUrl><Point><altitudeMode>clampToGround</altitudeMode><coordinates>11.929400777444243,46.588395712897182,1745.8900000000001</coordinates></Point></Placemark><Placemark><TimeSpan><begin>2026-08-05T05:59:46Z</begin><end>2026-08-05T05:59:56Z</end></TimeSpan><styleUrl>#point</styleUrl><Point><altitudeMode>clampToGround</altitudeMode><coordinates>11.929487194865942,46.588412811979651,1747.8099999999999</coordinates></Point></Placemark><Placemark><TimeSpan><begin>2026-08-05T05:59:56Z</begin><end>2026-08-05T06:00:05Z</end></TimeSpan><styleUrl>#point</styleUrl><Point><altitudeMode>clampToGround</altitudeMode><coordinates>11.929590962827206,46.588408034294844,1749.26</coordinates></Point></Placemark><Placemark><TimeSpan><begin>2026-08-05T06:00:05Z</begin><end>2026-08-05T06:00:15Z</end></TimeSpan><styleUrl>#point</styleUrl><Point><altitudeMode>clampToGround</altitudeMode><coordinates>11.929686265066266,46.588400155305862,1751.1800000000001</coordinates></Point></Placemark><Placemark><TimeSpan><begin>2026-08-05T06:00:15Z</begin><end>2026-08-05T06:00:26Z</end></TimeSpan><styleUrl>#point</styleUrl><Point><altitudeMode>clampToGround</altitudeMode><coordinates>11.929814089089632,46.588416332378983,1752.6199999999999</coordinates></Point></Placemark><Placemark><TimeSpan><begin>2026-08-05T06:00:26Z</begin><end>2026-08-05T06:00:38Z</end></TimeSpan><styleUrl>#point</styleUrl><Point><altitudeMode>clampToGround</altitudeMode><coordinates>11.929934872314334,46.588452961295843,1754.54</coordinates></Point></Placemark><Placemark><TimeSpan><begin>2026-08-05T06:00:38Z</begin><end>2026-08-05T06:00:50Z</end></TimeSpan><styleUrl>#point</styleUrl><Point><altitudeMode>clampToGround</altitudeMode><coordinates>11.930078119039536,46.588491853326559,1755.02</coordinates></Point></Placemark><Placemark><TimeSpan><begin>2026-08-05T06:00:50Z</begin><end>2026-08-05T06:00:59Z</end></TimeSpan><styleUrl>#point</styleUrl><Point><altitudeMode>clampToGround</altitudeMode><coordinates>11.930195968598127,46.588510209694505,1756.95</coordinates></Point></Placemark><Placemark><TimeSpan><begin>2026-08-05T06:00:59Z</begin><end>2026-08-05T06:01:09Z</end></TimeSpan><styleUrl>#point</styleUrl><Point><altitudeMode>clampToGround</altitudeMode><coordinates>11.930313650518656,46.588536612689495,1758.8699999999999</coordinates></Point></Placemark><Placemark><TimeSpan><begin>2026-08-05T06:01:09Z</begin><end>2026-08-05T06:01:19Z</end></TimeSpan><styleUrl>#point</styleUrl><Point><altitudeMode>clampToGround</altitudeMode><coordinates>11.930453795939684,46.588574331253767,1759.8299999999999</coordinates></Point></Placemark><Placemark><TimeSpan><begin>2026-08-05T06:01:19Z</begin><end>2026-08-05T06:01:31Z</end></TimeSpan><styleUrl>#point</styleUrl><Point><altitudeMode>clampToGround</altitudeMode><coordinates>11.930629396811128,46.588632166385651,1760.3099999999999</coordinates></Point></Placemark><Placemark><TimeSpan><begin>2026-08-05T06:01:31Z</begin><end>2026-08-05T06:01:43Z</end></TimeSpan><styleUrl>#point</styleUrl><Point><altitudeMode>clampToGround</altitudeMode><coordinates>11.930787060409784,46.58871665596962,1761.27</coordinates></Point></Placemark><Placemark><TimeSpan><begin>2026-08-05T06:01:43Z</begin><end>2026-08-05T06:01:54Z</end></TimeSpan><styleUrl>#point</styleUrl><Point><altitudeMode>clampToGround</altitudeMode><coordinates>11.93088655360043,46.588738784193993,1762.71</coordinates></Point></Placemark><Placemark><TimeSpan><begin>2026-08-05T06:01:54Z</begin><end>2026-08-05T06:02:06Z</end></TimeSpan><styleUrl>#point</styleUrl><Point><altitudeMode>clampToGround</altitudeMode><coordinates>11.930917399004102,46.588739538565278,1763.6800000000001</coordinates></Point></Placemark><Placemark><TimeSpan><begin>2026-08-05T06:02:06Z</begin><end>2026-08-05T06:02:18Z</end></TimeSpan><styleUrl>#point</styleUrl><Point><altitudeMode>clampToGround</altitudeMode><coordinates>11.931058634072542,46.588746160268784,1765.1199999999999</coordinates></Point></Placemark><Placemark><TimeSpan><begin>2026-08-05T06:02:18Z</begin><end>2026-08-05T06:02:30Z</end></TimeSpan><styleUrl>#point</styleUrl><Point><altitudeMode>clampToGround</altitudeMode><coordinates>11.931229289621115,46.588734341785312,1766.5599999999999</coordinates></Point></Placemark><Placemark><TimeSpan><begin>2026-08-05T06:02:30Z</begin><end>2026-08-05T06:02:40Z</end></TimeSpan><styleUrl>#point</styleUrl><Point><altitudeMode>clampToGround</altitudeMode><coordinates>11.93136096931994,46.588722942396998,1767.52</coordinates></Point></Placemark><Placemark><TimeSpan><begin>2026-08-05T06:02:40Z</begin><end>2026-08-05T06:02:51Z</end></TimeSpan><styleUrl>#point</styleUrl><Point><altitudeMode>clampToGround</altitudeMode><coordinates>11.931508323177695,46.588709112256765,1768.96</coordinates></Point></Placemark><Placemark><TimeSpan><begin>2026-08-05T06:02:51Z</begin><end>2026-08-05T06:03:02Z</end></TimeSpan><styleUrl>#point</styleUrl><Point><altitudeMode>clampToGround</altitudeMode><coordinates>11.931669758632779,46.588702071458101,1769.9200000000001</coordinates></Point></Placemark><Placemark><TimeSpan><begin>2026-08-05T06:03:02Z</begin><end>2026-08-05T06:03:12Z</end></TimeSpan><styleUrl>#point</styleUrl><Point><altitudeMode>clampToGround</altitudeMode><coordinates>11.931809652596712,46.588691929355264,1771.8499999999999</coordinates></Point></Placemark><Placemark><TimeSpan><begin>2026-08-05T06:03:12Z</begin><end>2026-08-05T06:03:24Z</end></TimeSpan><styleUrl>#point</styleUrl><Point><altitudeMode>clampToGround</altitudeMode><coordinates>11.931970836594701,46.588720344007015,1773.77</coordinates></Point></Placemark><Placemark><TimeSpan><begin>2026-08-05T06:03:24Z</begin><end>2026-08-05T06:03:37Z</end></TimeSpan><styleUrl>#point</styleUrl><Point><altitudeMode>clampToGround</altitudeMode><coordinates>11.932191113010049,46.588763929903507,1774.25</coordinates></Point></Placemark><Placemark><TimeSpan><begin>2026-08-05T06:03:37Z</begin><end>2026-08-05T06:03:49Z</end></TimeSpan><styleUrl>#point</styleUrl><Point><altitudeMode>clampToGround</altitudeMode><coordinates>11.932375598698854,46.588819585740566,1775.21</coordinates></Point></Placemark><Placemark><TimeSpan><begin>2026-08-05T06:03:49Z</begin><end>2026-08-05T06:04:01Z</end></TimeSpan><styleUrl>#point</styleUrl><Point><altitudeMode>clampToGround</altitudeMode><coordinates>11.932535357773304,46.588874738663435,1777.1300000000001</coordinates></Point></Placemark><Placemark><TimeSpan><begin>2026-08-05T06:04:01Z</begin><end>2026-08-05T06:04:13Z</end></TimeSpan><styleUrl>#point</styleUrl><Point><altitudeMode>clampToGround</altitudeMode><coordinates>11.932710371911526,46.588892675936222,1778.5799999999999</coordinates></Point></Placemark><Placemark><TimeSpan><begin>2026-08-05T06:04:13Z</begin><end>2026-08-05T06:04:16Z</end></TimeSpan><styleUrl>#point</styleUrl><Point><altitudeMode>clampToGround</altitudeMode><coordinates>11.932753622531891,46.588899465277791,1779.54</coordinates></Point></Placemark><Placemark><TimeSpan><begin>2026-08-05T06:04:16Z</begin><end>2026-08-05T06:04:27Z</end></TimeSpan><styleUrl>#point</styleUrl><Point><altitudeMode>clampToGround</altitudeMode><coordinates>11.932902568951249,46.588934082537889,1780.5</coordinates></Point></Placemark><Placemark><TimeSpan><begin>2026-08-05T06:04:27Z</begin><end>2026-08-05T06:04:38Z</end></TimeSpan><styleUrl>#point</styleUrl><Point><altitudeMode>clampToGround</altitudeMode><coordinates>11.932946322485805,46.58896584995091,1780.98</coordinates></Point></Placemark><Placemark><TimeSpan><begin>2026-08-05T06:04:38Z</begin><end>2026-08-05T06:04:58Z</end></TimeSpan><styleUrl>#point</styleUrl><Point><altitudeMode>clampToGround</altitudeMode><coordinates>11.93292997777462,46.588971633464098,1780.98</coordinates></Point></Placemark><Placemark><TimeSpan><begin>2026-08-05T06:04:58Z</begin><end>2026-08-05T06:05:17Z</end></TimeSpan><styleUrl>#point</styleUrl><Point><altitudeMode>clampToGround</altitudeMode><coordinates>11.932955961674452,46.588954953476787,1780.98</coordinates></Point></Placemark><Placemark><TimeSpan><begin>2026-08-05T06:05:17Z</begin><end>2026-08-05T06:05:41Z</end></TimeSpan><styleUrl>#point</styleUrl><Point><altitudeMode>clampToGround</altitudeMode><coordinates>11.932950597256422,46.588977416977286,1781.46</coordinates></Point></Placemark><Placemark><TimeSpan><begin>2026-08-05T06:05:41Z</begin><end>2026-08-05T06:05:56Z</end></TimeSpan><styleUrl>#point</styleUrl><Point><altitudeMode>clampToGround</altitudeMode><coordinates>11.93298127502203,46.589005663990974,1781.9400000000001</coordinates></Point></Placemark><Placemark><TimeSpan><begin>2026-08-05T06:05:56Z</begin><end>2026-08-05T06:06:11Z</end></TimeSpan><styleUrl>#point</styleUrl><Point><altitudeMode>clampToGround</altitudeMode><coordinates>11.932874573394656,46.588985798880458,1782.4200000000001</coordinates></Point></Placemark><Placemark><TimeSpan><begin>2026-08-05T06:06:11Z</begin><end>2026-08-05T06:06:25Z</end></TimeSpan><styleUrl>#point</styleUrl><Point><altitudeMode>clampToGround</altitudeMode><coordinates>11.932793436571956,46.588964760303497,1782.4200000000001</coordinates></Point></Placemark><Placemark><TimeSpan><begin>2026-08-05T06:06:25Z</begin><end>2026-08-05T06:06:42Z</end></TimeSpan><styleUrl>#point</styleUrl><Point><altitudeMode>clampToGround</altitudeMode><coordinates>11.932777259498835,46.588930562138557,1782.4200000000001</coordinates></Point></Placemark><Placemark><TimeSpan><begin>2026-08-05T06:06:42Z</begin><end>2026-08-05T06:06:52Z</end></TimeSpan><styleUrl>#point</styleUrl><Point><altitudeMode>clampToGround</altitudeMode><coordinates>11.932868789881468,46.588937854394317,1782.9000000000001</coordinates></Point></Placemark><Placemark><TimeSpan><begin>2026-08-05T06:06:52Z</begin><end>2026-08-05T06:07:04Z</end></TimeSpan><styleUrl>#point</styleUrl><Point><altitudeMode>clampToGround</altitudeMode><coordinates>11.932986220344901,46.588971633464098,1783.3800000000001</coordinates></Point></Placemark><Placemark><TimeSpan><begin>2026-08-05T06:07:04Z</begin><end>2026-08-05T06:07:15Z</end></TimeSpan><styleUrl>#point</styleUrl><Point><altitudeMode>clampToGround</altitudeMode><coordinates>11.933127539232373,46.58902301453054,1784.8199999999999</coordinates></Point></Placemark><Placemark><TimeSpan><begin>2026-08-05T06:07:15Z</begin><end>2026-08-05T06:07:25Z</end></TimeSpan><styleUrl>#point</styleUrl><Point><altitudeMode>clampToGround</altitudeMode><coordinates>11.933243628591299,46.589083950966597,1785.79</coordinates></Point></Placemark><Placemark><TimeSpan><begin>2026-08-05T06:07:25Z</begin><end>2026-08-05T06:07:37Z</end></TimeSpan><styleUrl>#point</styleUrl><Point><altitudeMode>clampToGround</altitudeMode><coordinates>11.933315293863416,46.589158717542887,1788.1900000000001</coordinates></Point></Placemark><Placemark><TimeSpan><begin>2026-08-05T06:07:37Z</begin><end>2026-08-05T06:07:49Z</end></TimeSpan><styleUrl>#point</styleUrl><Point><altitudeMode>clampToGround</altitudeMode><coordinates>11.933252345770597,46.5892478171736,1790.1099999999999</coordinates></Point></Placemark><Placemark><TimeSpan><begin>2026-08-05T06:07:49Z</begin><end>2026-08-05T06:08:00Z</end></TimeSpan><styleUrl>#point</styleUrl><Point><altitudeMode>clampToGround</altitudeMode><coordinates>11.933148913085461,46.589312274008989,1791.55</coordinates></Point></Placemark><Placemark><TimeSpan><begin>2026-08-05T06:08:00Z</begin><end>2026-08-05T06:08:09Z</end></TimeSpan><styleUrl>#point</styleUrl><Point><altitudeMode>clampToGround</altitudeMode><coordinates>11.933070961385965,46.58935870975256,1793</coordinates></Point></Placemark><Placemark><TimeSpan><begin>2026-08-05T06:08:09Z</begin><end>2026-08-05T06:08:14Z</end></TimeSpan><styleUrl>#point</styleUrl><Point><altitudeMode>clampToGround</altitudeMode><coordinates>11.933092419058084,46.58939735032618,1793.48</coordinates></Point></Placemark><Placemark><TimeSpan><begin>2026-08-05T06:08:14Z</begin><end>2026-08-05T06:08:26Z</end></TimeSpan><styleUrl>#point</styleUrl><Point><altitudeMode>clampToGround</altitudeMode><coordinates>11.933231391012669,46.589394751936197,1795.4000000000001</coordinates></Point></Placemark><Placemark><TimeSpan><begin>2026-08-05T06:08:26Z</begin><end>2026-08-05T06:08:41Z</end></TimeSpan><styleUrl>#point</styleUrl><Point><altitudeMode>clampToGround</altitudeMode><coordinates>11.933399364352226,46.589374300092459,1796.8399999999999</coordinates></Point></Placemark><Placemark><TimeSpan><begin>2026-08-05T06:08:41Z</begin><end>2026-08-05T06:08:55Z</end></TimeSpan><styleUrl>#point</styleUrl><Point><altitudeMode>clampToGround</altitudeMode><coordinates>11.933499025180936,46.589389471337199,1797.3199999999999</coordinates></Point></Placemark><Placemark><TimeSpan><begin>2026-08-05T06:08:55Z</begin><end>2026-08-05T06:09:00Z</end></TimeSpan><styleUrl>#point</styleUrl><Point><altitudeMode>clampToGround</altitudeMode><coordinates>11.933590471744537,46.58940170891583,1797.8</coordinates></Point></Placemark><Placemark><TimeSpan><begin>2026-08-05T06:09:00Z</begin><end>2026-08-05T06:09:11Z</end></TimeSpan><styleUrl>#point</styleUrl><Point><altitudeMode>clampToGround</altitudeMode><coordinates>11.933765485882759,46.589403301477432,1798.76</coordinates></Point></Placemark><Placemark><TimeSpan><begin>2026-08-05T06:09:11Z</begin><end>2026-08-05T06:09:24Z</end></TimeSpan><styleUrl>#point</styleUrl><Point><altitudeMode>clampToGround</altitudeMode><coordinates>11.933923233300447,46.589348735287786,1800.21</coordinates></Point></Placemark><Placemark><TimeSpan><begin>2026-08-05T06:09:24Z</begin><end>2026-08-05T06:09:33Z</end></TimeSpan><styleUrl>#point</styleUrl><Point><altitudeMode>clampToGround</altitudeMode><coordinates>11.933966483920813,46.589275393635035,1801.6500000000001</coordinates></Point></Placemark><Placemark><TimeSpan><begin>2026-08-05T06:09:33Z</begin><end>2026-08-05T06:09:45Z</end></TimeSpan><styleUrl>#point</styleUrl><Point><altitudeMode>clampToGround</altitudeMode><coordinates>11.934052398428321,46.589181264862418,1803.0899999999999</coordinates></Point></Placemark><Placemark><TimeSpan><begin>2026-08-05T06:09:45Z</begin><end>2026-08-05T06:09:54Z</end></TimeSpan><styleUrl>#point</styleUrl><Point><altitudeMode>clampToGround</altitudeMode><coordinates>11.934100091457367,46.589161567389965,1804.05</coordinates></Point></Placemark><Placemark><TimeSpan><begin>2026-08-05T06:09:54Z</begin><end>2026-08-05T06:10:08Z</end></TimeSpan><styleUrl>#point</styleUrl><Point><altitudeMode>clampToGround</altitudeMode><coordinates>11.934105791151524,46.589159974828362,1804.05</coordinates></Point></Placemark><Placemark><TimeSpan><begin>2026-08-05T06:10:08Z</begin><end>2026-08-05T06:10:18Z</end></TimeSpan><styleUrl>#point</styleUrl><Point><altitudeMode>clampToGround</altitudeMode><coordinates>11.934206625446677,46.589154442772269,1804.53</coordinates></Point></Placemark><Placemark><TimeSpan><begin>2026-08-05T06:10:18Z</begin><end>2026-08-05T06:10:30Z</end></TimeSpan><styleUrl>#point</styleUrl><Point><altitudeMode>clampToGround</altitudeMode><coordinates>11.934352722018957,46.589154275134206,1805.01</coordinates></Point></Placemark><Placemark><TimeSpan><begin>2026-08-05T06:10:30Z</begin><end>2026-08-05T06:10:43Z</end></TimeSpan><styleUrl>#point</styleUrl><Point><altitudeMode>clampToGround</altitudeMode><coordinates>11.934555228799582,46.589158214628696,1806.45</coordinates></Point></Placemark><Placemark><TimeSpan><begin>2026-08-05T06:10:43Z</begin><end>2026-08-05T06:10:45Z</end></TimeSpan><styleUrl>#point</styleUrl><Point><altitudeMode>clampToGround</altitudeMode><coordinates>11.934581464156508,46.589160729199648,1806.45</coordinates></Point></Placemark><Placemark><TimeSpan><begin>2026-08-05T06:10:45Z</begin><end>2026-08-05T06:10:57Z</end></TimeSpan><styleUrl>#point</styleUrl><Point><altitudeMode>clampToGround</altitudeMode><coordinates>11.934770392253995,46.589185874909163,1807.4200000000001</coordinates></Point></Placemark><Placemark><TimeSpan><begin>2026-08-05T06:10:57Z</begin><end>2026-08-05T06:11:09Z</end></TimeSpan><styleUrl>#point</styleUrl><Point><altitudeMode>clampToGround</altitudeMode><coordinates>11.934981532394886,46.589198280125856,1807.4200000000001</coordinates></Point></Placemark><Placemark><TimeSpan><begin>2026-08-05T06:11:09Z</begin><end>2026-08-05T06:11:14Z</end></TimeSpan><styleUrl>#point</styleUrl><Point><altitudeMode>clampToGround</altitudeMode><coordinates>11.935064848512411,46.589209344238043,1807.4200000000001</coordinates></Point></Placemark><Placemark><TimeSpan><begin>2026-08-05T06:11:14Z</begin><end>2026-08-05T06:11:26Z</end></TimeSpan><styleUrl>#point</styleUrl><Point><altitudeMode>clampToGround</altitudeMode><coordinates>11.935256794095039,46.589233484119177,1807.9000000000001</coordinates></Point></Placemark><Placemark><TimeSpan><begin>2026-08-05T06:11:26Z</begin><end>2026-08-05T06:11:37Z</end></TimeSpan><styleUrl>#point</styleUrl><Point><altitudeMode>clampToGround</altitudeMode><coordinates>11.935448488220572,46.589257875457406,1808.3800000000001</coordinates></Point></Placemark><Placemark><TimeSpan><begin>2026-08-05T06:11:37Z</begin><end>2026-08-05T06:11:48Z</end></TimeSpan><styleUrl>#point</styleUrl><Point><altitudeMode>clampToGround</altitudeMode><coordinates>11.935618473216891,46.58929861150682,1809.3399999999999</coordinates></Point></Placemark><Placemark><TimeSpan><begin>2026-08-05T06:11:48Z</begin><end>2026-08-05T06:12:00Z</end></TimeSpan><styleUrl>#point</styleUrl><Point><altitudeMode>clampToGround</altitudeMode><coordinates>11.935826260596514,46.589332725852728,1810.3</coordinates></Point></Placemark><Placemark><TimeSpan><begin>2026-08-05T06:12:00Z</begin><end>2026-08-05T06:12:13Z</end></TimeSpan><styleUrl>#point</styleUrl><Point><altitudeMode>clampToGround</altitudeMode><coordinates>11.936013093218207,46.589330714195967,1811.26</coordinates></Point></Placemark><Placemark><TimeSpan><begin>2026-08-05T06:12:13Z</begin><end>2026-08-05T06:12:25Z</end></TimeSpan><styleUrl>#point</styleUrl><Point><altitudeMode>clampToGround</altitudeMode><coordinates>11.936168996617198,46.589350663125515,1813.1800000000001</coordinates></Point></Placemark><Placemark><TimeSpan><begin>2026-08-05T06:12:25Z</begin><end>2026-08-05T06:12:32Z</end></TimeSpan><styleUrl>#point</styleUrl><Point><altitudeMode>clampToGround</altitudeMode><coordinates>11.936258263885975,46.589363906532526,1814.6300000000001</coordinates></Point></Placemark><Placemark><TimeSpan><begin>2026-08-05T06:12:32Z</begin><end>2026-08-05T06:12:44Z</end></TimeSpan><styleUrl>#point</styleUrl><Point><altitudeMode>clampToGround</altitudeMode><coordinates>11.936401342973113,46.589412186294794,1816.55</coordinates></Point></Placemark><Placemark><TimeSpan><begin>2026-08-05T06:12:44Z</begin><end>2026-08-05T06:12:55Z</end></TimeSpan><styleUrl>#point</styleUrl><Point><altitudeMode>clampToGround</altitudeMode><coordinates>11.936525227501988,46.589443450793624,1817.99</coordinates></Point></Placemark><Placemark><TimeSpan><begin>2026-08-05T06:12:55Z</begin><end>2026-08-05T06:13:04Z</end></TimeSpan><styleUrl>#point</styleUrl><Point><altitudeMode>clampToGround</altitudeMode><coordinates>11.936598988249898,46.589478570967913,1818.95</coordinates></Point></Placemark><Placemark><TimeSpan><begin>2026-08-05T06:13:04Z</begin><end>2026-08-05T06:13:17Z</end></TimeSpan><styleUrl>#point</styleUrl><Point><altitudeMode>clampToGround</altitudeMode><coordinates>11.936698565259576,46.589535903185606,1820.8699999999999</coordinates></Point></Placemark><Placemark><TimeSpan><begin>2026-08-05T06:13:17Z</begin><end>2026-08-05T06:13:29Z</end></TimeSpan><styleUrl>#point</styleUrl><Point><altitudeMode>clampToGround</altitudeMode><coordinates>11.936778780072927,46.589589631184936,1822.8</coordinates></Point></Placemark><Placemark><TimeSpan><begin>2026-08-05T06:13:29Z</begin><end>2026-08-05T06:13:39Z</end></TimeSpan><styleUrl>#point</styleUrl><Point><altitudeMode>clampToGround</altitudeMode><coordinates>11.93685756996274,46.589615615084767,1824.24</coordinates></Point></Placemark><Placemark><TimeSpan><begin>2026-08-05T06:13:39Z</begin><end>2026-08-05T06:13:51Z</end></TimeSpan><styleUrl>#point</styleUrl><Point><altitudeMode>clampToGround</altitudeMode><coordinates>11.936977514997125,46.589642688632011,1825.6800000000001</coordinates></Point></Placemark><Placemark><TimeSpan><begin>2026-08-05T06:13:51Z</begin><end>2026-08-05T06:14:06Z</end></TimeSpan><styleUrl>#point</styleUrl><Point><altitudeMode>clampToGround</altitudeMode><coordinates>11.937097208574414,46.589687447994947,1828.0799999999999</coordinates></Point></Placemark><Placemark><TimeSpan><begin>2026-08-05T06:14:06Z</begin><end>2026-08-05T06:14:17Z</end></TimeSpan><styleUrl>#point</styleUrl><Point><altitudeMode>clampToGround</altitudeMode><coordinates>11.937183709815145,46.589715695008636,1830.01</coordinates></Point></Placemark><Placemark><TimeSpan><begin>2026-08-05T06:14:17Z</begin><end>2026-08-05T06:14:28Z</end></TimeSpan><styleUrl>#point</styleUrl><Point><altitudeMode>clampToGround</altitudeMode><coordinates>11.937271216884255,46.589737655594945,1831.9300000000001</coordinates></Point></Placemark><Placemark><TimeSpan><begin>2026-08-05T06:14:28Z</begin><end>2026-08-05T06:14:40Z</end></TimeSpan><styleUrl>#point</styleUrl><Point><altitudeMode>clampToGround</altitudeMode><coordinates>11.93735989741981,46.589747881516814,1833.3699999999999</coordinates></Point></Placemark><Placemark><TimeSpan><begin>2026-08-05T06:14:40Z</begin><end>2026-08-05T06:14:53Z</end></TimeSpan><styleUrl>#point</styleUrl><Point><altitudeMode>clampToGround</altitudeMode><coordinates>11.937465760856867,46.589734805747867,1835.77</coordinates></Point></Placemark><Placemark><TimeSpan><begin>2026-08-05T06:14:53Z</begin><end>2026-08-05T06:15:05Z</end></TimeSpan><styleUrl>#point</styleUrl><Point><altitudeMode>clampToGround</altitudeMode><coordinates>11.937578748911619,46.589721478521824,1837.7</coordinates></Point></Placemark><Placemark><TimeSpan><begin>2026-08-05T06:15:05Z</begin><end>2026-08-05T06:15:15Z</end></TimeSpan><styleUrl>#point</styleUrl><Point><altitudeMode>clampToGround</altitudeMode><coordinates>11.937697269022465,46.58972080796957,1838.6600000000001</coordinates></Point></Placemark><Placemark><TimeSpan><begin>2026-08-05T06:15:15Z</begin><end>2026-08-05T06:15:25Z</end></TimeSpan><styleUrl>#point</styleUrl><Point><altitudeMode>clampToGround</altitudeMode><coordinates>11.937759965658188,46.589719466865063,1838.6600000000001</coordinates></Point></Placemark><Placemark><TimeSpan><begin>2026-08-05T06:15:25Z</begin><end>2026-08-05T06:15:48Z</end></TimeSpan><styleUrl>#point</styleUrl><Point><altitudeMode>clampToGround</altitudeMode><coordinates>11.937855603173375,46.589734219014645,1839.1400000000001</coordinates></Point></Placemark><Placemark><TimeSpan><begin>2026-08-05T06:15:48Z</begin><end>2026-08-05T06:16:14Z</end></TimeSpan><styleUrl>#point</styleUrl><Point><altitudeMode>clampToGround</altitudeMode><coordinates>11.937846383079886,46.589743858203292,1839.6199999999999</coordinates></Point></Placemark><Placemark><TimeSpan><begin>2026-08-05T06:16:14Z</begin><end>2026-08-05T06:16:29Z</end></TimeSpan><styleUrl>#point</styleUrl><Point><altitudeMode>clampToGround</altitudeMode><coordinates>11.937883766368032,46.589712677523494,1839.6199999999999</coordinates></Point></Placemark><Placemark><TimeSpan><begin>2026-08-05T06:16:29Z</begin><end>2026-08-05T06:16:42Z</end></TimeSpan><styleUrl>#point</styleUrl><Point><altitudeMode>clampToGround</altitudeMode><coordinates>11.9378871191293,46.589699853211641,1839.6199999999999</coordinates></Point></Placemark><Placemark><TimeSpan><begin>2026-08-05T06:16:42Z</begin><end>2026-08-05T06:16:53Z</end></TimeSpan><styleUrl>#point</styleUrl><Point><altitudeMode>clampToGround</altitudeMode><coordinates>11.937979152426124,46.589704798534513,1840.5799999999999</coordinates></Point></Placemark><Placemark><TimeSpan><begin>2026-08-05T06:16:53Z</begin><end>2026-08-05T06:17:05Z</end></TimeSpan><styleUrl>#point</styleUrl><Point><altitudeMode>clampToGround</altitudeMode><coordinates>11.938071101903915,46.589723909273744,1842.98</coordinates></Point></Placemark><Placemark><TimeSpan><begin>2026-08-05T06:17:05Z</begin><end>2026-08-05T06:17:17Z</end></TimeSpan><styleUrl>#point</styleUrl><Point><altitudeMode>clampToGround</altitudeMode><coordinates>11.938160955905914,46.589774200692773,1844.9100000000001</coordinates></Point></Placemark><Placemark><TimeSpan><begin>2026-08-05T06:17:17Z</begin><end>2026-08-05T06:17:28Z</end></TimeSpan><styleUrl>#point</styleUrl><Point><altitudeMode>clampToGround</altitudeMode><coordinates>11.938214097172022,46.589784426614642,1846.3499999999999</coordinates></Point></Placemark><Placemark><TimeSpan><begin>2026-08-05T06:17:28Z</begin><end>2026-08-05T06:17:38Z</end></TimeSpan><styleUrl>#point</styleUrl><Point><altitudeMode>clampToGround</altitudeMode><coordinates>11.938288612291217,46.589828263968229,1846.3499999999999</coordinates></Point></Placemark><Placemark><TimeSpan><begin>2026-08-05T06:17:38Z</begin><end>2026-08-05T06:17:48Z</end></TimeSpan><styleUrl>#point</styleUrl><Point><altitudeMode>clampToGround</altitudeMode><coordinates>11.93827603943646,46.589762968942523,1848.75</coordinates></Point></Placemark><Placemark><TimeSpan><begin>2026-08-05T06:17:48Z</begin><end>2026-08-05T06:17:59Z</end></TimeSpan><styleUrl>#point</styleUrl><Point><altitudeMode>clampToGround</altitudeMode><coordinates>11.938364887610078,46.589782666414976,1850.1900000000001</coordinates></Point></Placemark><Placemark><TimeSpan><begin>2026-08-05T06:17:59Z</begin><end>2026-08-05T06:18:12Z</end></TimeSpan><styleUrl>#point</styleUrl><Point><altitudeMode>clampToGround</altitudeMode><coordinates>11.938470248132944,46.58982147462666,1852.5999999999999</coordinates></Point></Placemark><Placemark><TimeSpan><begin>2026-08-05T06:18:12Z</begin><end>2026-08-05T06:18:25Z</end></TimeSpan><styleUrl>#point</styleUrl><Point><altitudeMode>clampToGround</altitudeMode><coordinates>11.938632605597377,46.589841172099113,1854.04</coordinates></Point></Placemark><Placemark><TimeSpan><begin>2026-08-05T06:18:25Z</begin><end>2026-08-05T06:18:40Z</end></TimeSpan><styleUrl>#point</styleUrl><Point><altitudeMode>clampToGround</altitudeMode><coordinates>11.938778618350625,46.589873190969229,1854.52</coordinates></Point></Placemark><Placemark><TimeSpan><begin>2026-08-05T06:18:40Z</begin><end>2026-08-05T06:18:49Z</end></TimeSpan><styleUrl>#point</styleUrl><Point><altitudeMode>clampToGround</altitudeMode><coordinates>11.938864197582006,46.589889116585255,1855.96</coordinates></Point></Placemark><Placemark><TimeSpan><begin>2026-08-05T06:18:49Z</begin><end>2026-08-05T06:19:02Z</end></TimeSpan><styleUrl>#point</styleUrl><Point><altitudeMode>clampToGround</altitudeMode><coordinates>11.938911471515894,46.5898297727108,1858.3699999999999</coordinates></Point></Placemark><Placemark><TimeSpan><begin>2026-08-05T06:19:02Z</begin><end>2026-08-05T06:19:14Z</end></TimeSpan><styleUrl>#point</styleUrl><Point><altitudeMode>clampToGround</altitudeMode><coordinates>11.939033009111881,46.589849218726158,1860.29</coordinates></Point></Placemark><Placemark><TimeSpan><begin>2026-08-05T06:19:14Z</begin><end>2026-08-05T06:19:24Z</end></TimeSpan><styleUrl>#point</styleUrl><Point><altitudeMode>clampToGround</altitudeMode><coordinates>11.939121354371309,46.589880902320147,1861.25</coordinates></Point></Placemark><Placemark><TimeSpan><begin>2026-08-05T06:19:24Z</begin><end>2026-08-05T06:19:36Z</end></TimeSpan><styleUrl>#point</styleUrl><Point><altitudeMode>clampToGround</altitudeMode><coordinates>11.939238701015711,46.589926332235336,1863.6500000000001</coordinates></Point></Placemark><Placemark><TimeSpan><begin>2026-08-05T06:19:36Z</begin><end>2026-08-05T06:19:46Z</end></TimeSpan><styleUrl>#point</styleUrl><Point><altitudeMode>clampToGround</altitudeMode><coordinates>11.939322939142585,46.589949633926153,1865.0899999999999</coordinates></Point></Placemark><Placemark><TimeSpan><begin>2026-08-05T06:19:46Z</begin><end>2026-08-05T06:19:58Z</end></TimeSpan><styleUrl>#point</styleUrl><Point><altitudeMode>clampToGround</altitudeMode><coordinates>11.9394551217556,46.589951645582914,1867.02</coordinates></Point></Placemark><Placemark><TimeSpan><begin>2026-08-05T06:19:58Z</begin><end>2026-08-05T06:20:10Z</end></TimeSpan><styleUrl>#point</styleUrl><Point><altitudeMode>clampToGround</altitudeMode><coordinates>11.93950985558331,46.589918117970228,1869.4200000000001</coordinates></Point></Placemark><Placemark><TimeSpan><begin>2026-08-05T06:20:10Z</begin><end>2026-08-05T06:20:21Z</end></TimeSpan><styleUrl>#point</styleUrl><Point><altitudeMode>clampToGround</altitudeMode><coordinates>11.939648073166609,46.589876627549529,1869.9000000000001</coordinates></Point></Placemark><Placemark><TimeSpan><begin>2026-08-05T06:20:21Z</begin><end>2026-08-05T06:20:33Z</end></TimeSpan><styleUrl>#point</styleUrl><Point><altitudeMode>clampToGround</altitudeMode><coordinates>11.939760139212012,46.589856510981917,1871.8199999999999</coordinates></Point></Placemark><Placemark><TimeSpan><begin>2026-08-05T06:20:33Z</begin><end>2026-08-05T06:20:47Z</end></TimeSpan><styleUrl>#point</styleUrl><Point><altitudeMode>clampToGround</altitudeMode><coordinates>11.939897937700152,46.589846285060048,1873.75</coordinates></Point></Placemark><Placemark><TimeSpan><begin>2026-08-05T06:20:47Z</begin><end>2026-08-05T06:20:58Z</end></TimeSpan><styleUrl>#point</styleUrl><Point><altitudeMode>clampToGround</altitudeMode><coordinates>11.940000867471099,46.589833963662386,1875.6700000000001</coordinates></Point></Placemark><Placemark><TimeSpan><begin>2026-08-05T06:20:58Z</begin><end>2026-08-05T06:21:09Z</end></TimeSpan><styleUrl>#point</styleUrl><Point><altitudeMode>clampToGround</altitudeMode><coordinates>11.940120393410325,46.589819630607963,1876.6300000000001</coordinates></Point></Placemark><Placemark><TimeSpan><begin>2026-08-05T06:21:09Z</begin><end>2026-08-05T06:21:20Z</end></TimeSpan><styleUrl>#point</styleUrl><Point><altitudeMode>clampToGround</altitudeMode><coordinates>11.940226340666413,46.589802447706461,1879.03</coordinates></Point></Placemark><Placemark><TimeSpan><begin>2026-08-05T06:21:20Z</begin><end>2026-08-05T06:21:31Z</end></TimeSpan><styleUrl>#point</styleUrl><Point><altitudeMode>clampToGround</altitudeMode><coordinates>11.940326252952218,46.589767662808299,1880.48</coordinates></Point></Placemark><Placemark><TimeSpan><begin>2026-08-05T06:21:31Z</begin><end>2026-08-05T06:21:41Z</end></TimeSpan><styleUrl>#point</styleUrl><Point><altitudeMode>clampToGround</altitudeMode><coordinates>11.940398253500462,46.589740086346865,1880.96</coordinates></Point></Placemark><Placemark><TimeSpan><begin>2026-08-05T06:21:41Z</begin><end>2026-08-05T06:21:54Z</end></TimeSpan><styleUrl>#point</styleUrl><Point><altitudeMode>clampToGround</altitudeMode><coordinates>11.940519120544195,46.589733297005296,1882.8800000000001</coordinates></Point></Placemark><Placemark><TimeSpan><begin>2026-08-05T06:21:54Z</begin><end>2026-08-05T06:22:03Z</end></TimeSpan><styleUrl>#point</styleUrl><Point><altitudeMode>clampToGround</altitudeMode><coordinates>11.94063026458025,46.589773278683424,1884.3199999999999</coordinates></Point></Placemark><Placemark><TimeSpan><begin>2026-08-05T06:22:03Z</begin><end>2026-08-05T06:22:13Z</end></TimeSpan><styleUrl>#point</styleUrl><Point><altitudeMode>clampToGround</altitudeMode><coordinates>11.94072456099093,46.589804207906127,1885.76</coordinates></Point></Placemark><Placemark><TimeSpan><begin>2026-08-05T06:22:13Z</begin><end>2026-08-05T06:22:23Z</end></TimeSpan><styleUrl>#point</styleUrl><Point><altitudeMode>clampToGround</altitudeMode><coordinates>11.940819192677736,46.589821558445692,1887.21</coordinates></Point></Placemark><Placemark><TimeSpan><begin>2026-08-05T06:22:23Z</begin><end>2026-08-05T06:22:34Z</end></TimeSpan><styleUrl>#point</styleUrl><Point><altitudeMode>clampToGround</altitudeMode><coordinates>11.940933186560869,46.589864054694772,1888.1700000000001</coordinates></Point></Placemark><Placemark><TimeSpan><begin>2026-08-05T06:22:34Z</begin><end>2026-08-05T06:22:45Z</end></TimeSpan><styleUrl>#point</styleUrl><Point><altitudeMode>clampToGround</altitudeMode><coordinates>11.941049359738827,46.589852571487427,1890.5699999999999</coordinates></Point></Placemark><Placemark><TimeSpan><begin>2026-08-05T06:22:45Z</begin><end>2026-08-05T06:22:56Z</end></TimeSpan><styleUrl>#point</styleUrl><Point><altitudeMode>clampToGround</altitudeMode><coordinates>11.941138543188572,46.589873358607292,1891.53</coordinates></Point></Placemark><Placemark><TimeSpan><begin>2026-08-05T06:22:56Z</begin><end>2026-08-05T06:23:07Z</end></TimeSpan><styleUrl>#point</styleUrl><Point><altitudeMode>clampToGround</altitudeMode><coordinates>11.941252704709768,46.589869083836675,1893.9300000000001</coordinates></Point></Placemark><Placemark><TimeSpan><begin>2026-08-05T06:23:07Z</begin><end>2026-08-05T06:23:18Z</end></TimeSpan><styleUrl>#point</styleUrl><Point><altitudeMode>clampToGround</altitudeMode><coordinates>11.941383127123117,46.58989473246038,1894.9000000000001</coordinates></Point></Placemark><Placemark><TimeSpan><begin>2026-08-05T06:23:18Z</begin><end>2026-08-05T06:23:27Z</end></TimeSpan><styleUrl>#point</styleUrl><Point><altitudeMode>clampToGround</altitudeMode><coordinates>11.941463006660342,46.589923063293099,1896.8199999999999</coordinates></Point></Placemark><Placemark><TimeSpan><begin>2026-08-05T06:23:27Z</begin><end>2026-08-05T06:23:39Z</end></TimeSpan><styleUrl>#point</styleUrl><Point><altitudeMode>clampToGround</altitudeMode><coordinates>11.941573731601238,46.589944520965219,1898.74</coordinates></Point></Placemark><Placemark><TimeSpan><begin>2026-08-05T06:23:39Z</begin><end>2026-08-05T06:23:50Z</end></TimeSpan><styleUrl>#point</styleUrl><Point><altitudeMode>clampToGround</altitudeMode><coordinates>11.941667776554823,46.589941252022982,1900.1800000000001</coordinates></Point></Placemark><Placemark><TimeSpan><begin>2026-08-05T06:23:50Z</begin><end>2026-08-05T06:24:01Z</end></TimeSpan><styleUrl>#point</styleUrl><Point><altitudeMode>clampToGround</altitudeMode><coordinates>11.94178344681859,46.58996949903667,1902.5899999999999</coordinates></Point></Placemark><Placemark><TimeSpan><begin>2026-08-05T06:24:01Z</begin><end>2026-08-05T06:24:12Z</end></TimeSpan><styleUrl>#point</styleUrl><Point><altitudeMode>clampToGround</altitudeMode><coordinates>11.941839354112744,46.590008391067386,1903.55</coordinates></Point></Placemark><Placemark><TimeSpan><begin>2026-08-05T06:24:12Z</begin><end>2026-08-05T06:24:27Z</end></TimeSpan><styleUrl>#point</styleUrl><Point><altitudeMode>clampToGround</altitudeMode><coordinates>11.941826781257987,46.590010905638337,1904.03</coordinates></Point></Placemark><Placemark><TimeSpan><begin>2026-08-05T06:24:27Z</begin><end>2026-08-05T06:24:45Z</end></TimeSpan><styleUrl>#point</styleUrl><Point><altitudeMode>clampToGround</altitudeMode><coordinates>11.941789397969842,46.590042924508452,1904.03</coordinates></Point></Placemark><Placemark><TimeSpan><begin>2026-08-05T06:24:45Z</begin><end>2026-08-05T06:25:07Z</end></TimeSpan><styleUrl>#point</styleUrl><Point><altitudeMode>clampToGround</altitudeMode><coordinates>11.941786799579859,46.590083660557866,1904.51</coordinates></Point></Placemark><Placemark><TimeSpan><begin>2026-08-05T06:25:07Z</begin><end>2026-08-05T06:25:20Z</end></TimeSpan><styleUrl>#point</styleUrl><Point><altitudeMode>clampToGround</altitudeMode><coordinates>11.941806999966502,46.590039320290089,1904.51</coordinates></Point></Placemark><Placemark><TimeSpan><begin>2026-08-05T06:25:20Z</begin><end>2026-08-05T06:25:42Z</end></TimeSpan><styleUrl>#point</styleUrl><Point><altitudeMode>clampToGround</altitudeMode><coordinates>11.941835582256317,46.59001006744802,1904.51</coordinates></Point></Placemark><Placemark><TimeSpan><begin>2026-08-05T06:25:42Z</begin><end>2026-08-05T06:25:55Z</end></TimeSpan><styleUrl>#point</styleUrl><Point><altitudeMode>clampToGround</altitudeMode><coordinates>11.941798701882362,46.590013587847352,1904.99</coordinates></Point></Placemark><Placemark><TimeSpan><begin>2026-08-05T06:25:55Z</begin><end>2026-08-05T06:26:15Z</end></TimeSpan><styleUrl>#point</styleUrl><Point><altitudeMode>clampToGround</altitudeMode><coordinates>11.941762575879693,46.589982490986586,1904.99</coordinates></Point></Placemark><Placemark><TimeSpan><begin>2026-08-05T06:26:15Z</begin><end>2026-08-05T06:26:35Z</end></TimeSpan><styleUrl>#point</styleUrl><Point><altitudeMode>clampToGround</altitudeMode><coordinates>11.941742040216923,46.589995566755533,1904.99</coordinates></Point></Placemark><Placemark><TimeSpan><begin>2026-08-05T06:26:35Z</begin><end>2026-08-05T06:26:50Z</end></TimeSpan><styleUrl>#point</styleUrl><Point><altitudeMode>clampToGround</altitudeMode><coordinates>11.941738519817591,46.590001937001944,1905.47</coordinates></Point></Placemark><Placemark><TimeSpan><begin>2026-08-05T06:26:50Z</begin><end>2026-08-05T06:27:05Z</end></TimeSpan><styleUrl>#point</styleUrl><Point><altitudeMode>clampToGround</altitudeMode><coordinates>11.941792080178857,46.590024316683412,1905.47</coordinates></Point></Placemark><Placemark><TimeSpan><begin>2026-08-05T06:27:05Z</begin><end>2026-08-05T06:27:22Z</end></TimeSpan><styleUrl>#point</styleUrl><Point><altitudeMode>clampToGround</altitudeMode><coordinates>11.941828290000558,46.590028423815966,1905.47</coordinates></Point></Placemark><Placemark><TimeSpan><begin>2026-08-05T06:27:22Z</begin><end>2026-08-05T06:27:36Z</end></TimeSpan><styleUrl>#point</styleUrl><Point><altitudeMode>clampToGround</altitudeMode><coordinates>11.941826026886702,46.590045355260372,1905.47</coordinates></Point></Placemark><Placemark><TimeSpan><begin>2026-08-05T06:27:36Z</begin><end>2026-08-05T06:27:54Z</end></TimeSpan><styleUrl>#point</styleUrl><Point><altitudeMode>clampToGround</altitudeMode><coordinates>11.941780094057322,46.589997913688421,1905.95</coordinates></Point></Placemark><Placemark><TimeSpan><begin>2026-08-05T06:27:54Z</begin><end>2026-08-05T06:28:12Z</end></TimeSpan><styleUrl>#point</styleUrl><Point><altitudeMode>clampToGround</altitudeMode><coordinates>11.941790487617254,46.590007217600942,1905.95</coordinates></Point></Placemark><Placemark><TimeSpan><begin>2026-08-05T06:28:12Z</begin><end>2026-08-05T06:28:24Z</end></TimeSpan><styleUrl>#point</styleUrl><Point><altitudeMode>clampToGround</altitudeMode><coordinates>11.941850502043962,46.590015599504113,1906.4300000000001</coordinates></Point></Placemark><Placemark><TimeSpan><begin>2026-08-05T06:28:24Z</begin><end>2026-08-05T06:28:43Z</end></TimeSpan><styleUrl>#point</styleUrl><Point><altitudeMode>clampToGround</altitudeMode><coordinates>11.941895764321089,46.590010318905115,1906.9100000000001</coordinates></Point></Placemark><Placemark><TimeSpan><begin>2026-08-05T06:28:43Z</begin><end>2026-08-05T06:28:59Z</end></TimeSpan><styleUrl>#point</styleUrl><Point><altitudeMode>clampToGround</altitudeMode><coordinates>11.941853351891041,46.590013923123479,1907.3900000000001</coordinates></Point></Placemark><Placemark><TimeSpan><begin>2026-08-05T06:28:59Z</begin><end>2026-08-05T06:29:10Z</end></TimeSpan><styleUrl>#point</styleUrl><Point><altitudeMode>clampToGround</altitudeMode><coordinates>11.941927196457982,46.59002716653049,1907.8699999999999</coordinates></Point></Placemark><Placemark><TimeSpan><begin>2026-08-05T06:29:10Z</begin><end>2026-08-05T06:29:21Z</end></TimeSpan><styleUrl>#point</styleUrl><Point><altitudeMode>clampToGround</altitudeMode><coordinates>11.942011518403888,46.590048037469387,1909.8</coordinates></Point></Placemark><Placemark><TimeSpan><begin>2026-08-05T06:29:21Z</begin><end>2026-08-05T06:29:31Z</end></TimeSpan><styleUrl>#point</styleUrl><Point><altitudeMode>clampToGround</altitudeMode><coordinates>11.942112855613232,46.590050049126148,1910.76</coordinates></Point></Placemark><Placemark><TimeSpan><begin>2026-08-05T06:29:31Z</begin><end>2026-08-05T06:29:43Z</end></TimeSpan><styleUrl>#point</styleUrl><Point><altitudeMode>clampToGround</altitudeMode><coordinates>11.942231459543109,46.590059101581573,1912.6800000000001</coordinates></Point></Placemark><Placemark><TimeSpan><begin>2026-08-05T06:29:43Z</begin><end>2026-08-05T06:30:02Z</end></TimeSpan><styleUrl>#point</styleUrl><Point><altitudeMode>clampToGround</altitudeMode><coordinates>11.942287618294358,46.590054407715797,1912.6800000000001</coordinates></Point></Placemark><Placemark><TimeSpan><begin>2026-08-05T06:30:02Z</begin><end>2026-08-05T06:30:14Z</end></TimeSpan><styleUrl>#point</styleUrl><Point><altitudeMode>clampToGround</altitudeMode><coordinates>11.942409155890346,46.590083660557866,1915.5599999999999</coordinates></Point></Placemark><Placemark><TimeSpan><begin>2026-08-05T06:30:14Z</begin><end>2026-08-05T06:30:24Z</end></TimeSpan><styleUrl>#point</styleUrl><Point><altitudeMode>clampToGround</altitudeMode><coordinates>11.942487442865968,46.590131772682071,1917.01</coordinates></Point></Placemark><Placemark><TimeSpan><begin>2026-08-05T06:30:24Z</begin><end>2026-08-05T06:30:29Z</end></TimeSpan><styleUrl>#point</styleUrl><Point><altitudeMode>clampToGround</altitudeMode><coordinates>11.942528849467635,46.590155577287078,1917.97</coordinates></Point></Placemark><Placemark><TimeSpan><begin>2026-08-05T06:30:29Z</begin><end>2026-08-05T06:30:39Z</end></TimeSpan><styleUrl>#point</styleUrl><Point><altitudeMode>clampToGround</altitudeMode><coordinates>11.942635467275977,46.590149626135826,1919.8900000000001</coordinates></Point></Placemark><Placemark><TimeSpan><begin>2026-08-05T06:30:39Z</begin><end>2026-08-05T06:30:49Z</end></TimeSpan><styleUrl>#point</styleUrl><Point><altitudeMode>clampToGround</altitudeMode><coordinates>11.942724818363786,46.590127665549517,1921.3299999999999</coordinates></Point></Placemark><Placemark><TimeSpan><begin>2026-08-05T06:30:49Z</begin><end>2026-08-05T06:31:00Z</end></TimeSpan><styleUrl>#point</styleUrl><Point><altitudeMode>clampToGround</altitudeMode><coordinates>11.94283789023757,46.590147027745843,1922.29</coordinates></Point></Placemark><Placemark><TimeSpan><begin>2026-08-05T06:31:00Z</begin><end>2026-08-05T06:31:04Z</end></TimeSpan><styleUrl>#point</styleUrl><Point><altitudeMode>clampToGround</altitudeMode><coordinates>11.942867394536734,46.590181142091751,1921.8099999999999</coordinates></Point></Placemark><Placemark><TimeSpan><begin>2026-08-05T06:31:04Z</begin><end>2026-08-05T06:31:16Z</end></TimeSpan><styleUrl>#point</styleUrl><Point><altitudeMode>clampToGround</altitudeMode><coordinates>11.942889438942075,46.590296979993582,1922.77</coordinates></Point></Placemark><Placemark><TimeSpan><begin>2026-08-05T06:31:16Z</begin><end>2026-08-05T06:31:18Z</end></TimeSpan><styleUrl>#point</styleUrl><Point><altitudeMode>clampToGround</altitudeMode><coordinates>11.942909890785813,46.59030276350677,1923.25</coordinates></Point></Placemark><Placemark><TimeSpan><begin>2026-08-05T06:31:18Z</begin><end>2026-08-05T06:31:29Z</end></TimeSpan><styleUrl>#point</styleUrl><Point><altitudeMode>clampToGround</altitudeMode><coordinates>11.943027740344405,46.590282311663032,1925.1800000000001</coordinates></Point></Placemark><Placemark><TimeSpan><begin>2026-08-05T06:31:29Z</begin><end>2026-08-05T06:31:39Z</end></TimeSpan><styleUrl>#point</styleUrl><Point><altitudeMode>clampToGround</altitudeMode><coordinates>11.943131675943732,46.590294297784567,1926.6199999999999</coordinates></Point></Placemark><Placemark><TimeSpan><begin>2026-08-05T06:31:39Z</begin><end>2026-08-05T06:31:50Z</end></TimeSpan><styleUrl>#point</styleUrl><Point><altitudeMode>clampToGround</altitudeMode><coordinates>11.943246005102992,46.590310893952847,1928.0599999999999</coordinates></Point></Placemark><Placemark><TimeSpan><begin>2026-08-05T06:31:50Z</begin><end>2026-08-05T06:31:59Z</end></TimeSpan><styleUrl>#point</styleUrl><Point><altitudeMode>clampToGround</altitudeMode><coordinates>11.943349353969097,46.590314917266369,1929.5</coordinates></Point></Placemark><Placemark><TimeSpan><begin>2026-08-05T06:31:59Z</begin><end>2026-08-05T06:32:08Z</end></TimeSpan><styleUrl>#point</styleUrl><Point><altitudeMode>clampToGround</altitudeMode><coordinates>11.943440297618508,46.590303601697087,1930.95</coordinates></Point></Placemark><Placemark><TimeSpan><begin>2026-08-05T06:32:08Z</begin><end>2026-08-05T06:32:20Z</end></TimeSpan><styleUrl>#point</styleUrl><Point><altitudeMode>clampToGround</altitudeMode><coordinates>11.943573569878936,46.590313827618957,1932.3900000000001</coordinates></Point></Placemark><Placemark><TimeSpan><begin>2026-08-05T06:32:20Z</begin><end>2026-08-05T06:32:31Z</end></TimeSpan><styleUrl>#point</styleUrl><Point><altitudeMode>clampToGround</altitudeMode><coordinates>11.943687563762069,46.590300081297755,1934.3099999999999</coordinates></Point></Placemark><Placemark><TimeSpan><begin>2026-08-05T06:32:31Z</begin><end>2026-08-05T06:32:40Z</end></TimeSpan><styleUrl>#point</styleUrl><Point><altitudeMode>clampToGround</altitudeMode><coordinates>11.943773813545704,46.590301338583231,1935.75</coordinates></Point></Placemark><Placemark><TimeSpan><begin>2026-08-05T06:32:40Z</begin><end>2026-08-05T06:32:52Z</end></TimeSpan><styleUrl>#point</styleUrl><Point><altitudeMode>clampToGround</altitudeMode><coordinates>11.94389333948493,46.59030326642096,1937.6700000000001</coordinates></Point></Placemark><Placemark><TimeSpan><begin>2026-08-05T06:32:52Z</begin><end>2026-08-05T06:33:01Z</end></TimeSpan><styleUrl>#point</styleUrl><Point><altitudeMode>clampToGround</altitudeMode><coordinates>11.943950587883592,46.590314246714115,1939.1199999999999</coordinates></Point></Placemark><Placemark><TimeSpan><begin>2026-08-05T06:33:01Z</begin><end>2026-08-05T06:33:11Z</end></TimeSpan><styleUrl>#point</styleUrl><Point><altitudeMode>clampToGround</altitudeMode><coordinates>11.943996604532003,46.590322125703096,1939.5999999999999</coordinates></Point></Placemark><Placemark><TimeSpan><begin>2026-08-05T06:33:11Z</begin><end>2026-08-05T06:33:19Z</end></TimeSpan><styleUrl>#point</styleUrl><Point><altitudeMode>clampToGround</altitudeMode><coordinates>11.944079082459211,46.590325394645333,1940.5599999999999</coordinates></Point></Placemark><Placemark><TimeSpan><begin>2026-08-05T06:33:19Z</begin><end>2026-08-05T06:33:28Z</end></TimeSpan><styleUrl>#point</styleUrl><Point><altitudeMode>clampToGround</altitudeMode><coordinates>11.944161476567388,46.590355150401592,1942.48</coordinates></Point></Placemark><Placemark><TimeSpan><begin>2026-08-05T06:33:28Z</begin><end>2026-08-05T06:33:40Z</end></TimeSpan><styleUrl>#point</styleUrl><Point><altitudeMode>clampToGround</altitudeMode><coordinates>11.944242445752025,46.590410051867366,1944.4000000000001</coordinates></Point></Placemark><Placemark><TimeSpan><begin>2026-08-05T06:33:40Z</begin><end>2026-08-05T06:33:51Z</end></TimeSpan><styleUrl>#point</styleUrl><Point><altitudeMode>clampToGround</altitudeMode><coordinates>11.944328946992755,46.590436371043324,1946.3299999999999</coordinates></Point></Placemark><Placemark><TimeSpan><begin>2026-08-05T06:33:51Z</begin><end>2026-08-05T06:34:01Z</end></TimeSpan><styleUrl>#point</styleUrl><Point><altitudeMode>clampToGround</altitudeMode><coordinates>11.944409245625138,46.590459253638983,1947.77</coordinates></Point></Placemark><Placemark><TimeSpan><begin>2026-08-05T06:34:01Z</begin><end>2026-08-05T06:34:11Z</end></TimeSpan><styleUrl>#point</styleUrl><Point><altitudeMode>clampToGround</altitudeMode><coordinates>11.944472445175052,46.590507198125124,1948.73</coordinates></Point></Placemark><Placemark><TimeSpan><begin>2026-08-05T06:34:11Z</begin><end>2026-08-05T06:34:21Z</end></TimeSpan><styleUrl>#point</styleUrl><Point><altitudeMode>clampToGround</altitudeMode><coordinates>11.944534219801426,46.59054609015584,1950.6500000000001</coordinates></Point></Placemark><Placemark><TimeSpan><begin>2026-08-05T06:34:21Z</begin><end>2026-08-05T06:34:32Z</end></TimeSpan><styleUrl>#point</styleUrl><Point><altitudeMode>clampToGround</altitudeMode><coordinates>11.944633461534977,46.590564111247659,1951.6099999999999</coordinates></Point></Placemark><Placemark><TimeSpan><begin>2026-08-05T06:34:32Z</begin><end>2026-08-05T06:34:44Z</end></TimeSpan><styleUrl>#point</styleUrl><Point><altitudeMode>clampToGround</altitudeMode><coordinates>11.94474846124649,46.590594789013267,1954.02</coordinates></Point></Placemark><Placemark><TimeSpan><begin>2026-08-05T06:34:44Z</begin><end>2026-08-05T06:34:58Z</end></TimeSpan><styleUrl>#point</styleUrl><Point><altitudeMode>clampToGround</altitudeMode><coordinates>11.944745779037476,46.590604176744819,1954.5</coordinates></Point></Placemark><Placemark><TimeSpan><begin>2026-08-05T06:34:58Z</begin><end>2026-08-05T06:35:19Z</end></TimeSpan><styleUrl>#point</styleUrl><Point><altitudeMode>clampToGround</altitudeMode><coordinates>11.944728344678879,46.590600488707423,1954.5</coordinates></Point></Placemark><Placemark><TimeSpan><begin>2026-08-05T06:35:19Z</begin><end>2026-08-05T06:35:37Z</end></TimeSpan><styleUrl>#point</styleUrl><Point><altitudeMode>clampToGround</altitudeMode><coordinates>11.944760615006089,46.590603170916438,1954.98</coordinates></Point></Placemark><Placemark><TimeSpan><begin>2026-08-05T06:35:37Z</begin><end>2026-08-05T06:35:51Z</end></TimeSpan><styleUrl>#point</styleUrl><Point><altitudeMode>clampToGround</altitudeMode><coordinates>11.944773271679878,46.590612139552832,1955.46</coordinates></Point></Placemark><Placemark><TimeSpan><begin>2026-08-05T06:35:51Z</begin><end>2026-08-05T06:36:07Z</end></TimeSpan><styleUrl>#point</styleUrl><Point><altitudeMode>clampToGround</altitudeMode><coordinates>11.944759860634804,46.590610379353166,1954.02</coordinates></Point></Placemark><Placemark><TimeSpan><begin>2026-08-05T06:36:07Z</begin><end>2026-08-05T06:36:40Z</end></TimeSpan><styleUrl>#point</styleUrl><Point><altitudeMode>clampToGround</altitudeMode><coordinates>11.94476162083447,46.590614905580878,1954.5</coordinates></Point></Placemark><Placemark><TimeSpan><begin>2026-08-05T06:36:40Z</begin><end>2026-08-05T06:36:52Z</end></TimeSpan><styleUrl>#point</styleUrl><Point><altitudeMode>clampToGround</altitudeMode><coordinates>11.944778133183718,46.59062085673213,1955.46</coordinates></Point></Placemark><Placemark><TimeSpan><begin>2026-08-05T06:36:52Z</begin><end>2026-08-05T06:37:06Z</end></TimeSpan><styleUrl>#point</styleUrl><Point><altitudeMode>clampToGround</altitudeMode><coordinates>11.944809732958674,46.59060912206769,1955.46</coordinates></Point></Placemark><Placemark><TimeSpan><begin>2026-08-05T06:37:06Z</begin><end>2026-08-05T06:37:19Z</end></TimeSpan><styleUrl>#point</styleUrl><Point><altitudeMode>clampToGround</altitudeMode><coordinates>11.944841584190726,46.590616330504417,1955.46</coordinates></Point></Placemark><Placemark><TimeSpan><begin>2026-08-05T06:37:19Z</begin><end>2026-08-05T06:37:31Z</end></TimeSpan><styleUrl>#point</styleUrl><Point><altitudeMode>clampToGround</altitudeMode><coordinates>11.944900676608086,46.590655306354165,1956.9000000000001</coordinates></Point></Placemark><Placemark><TimeSpan><begin>2026-08-05T06:37:31Z</begin><end>2026-08-05T06:37:43Z</end></TimeSpan><styleUrl>#point</styleUrl><Point><altitudeMode>clampToGround</altitudeMode><coordinates>11.944946777075529,46.590681960806251,1958.3399999999999</coordinates></Point></Placemark><Placemark><TimeSpan><begin>2026-08-05T06:37:43Z</begin><end>2026-08-05T06:37:53Z</end></TimeSpan><styleUrl>#point</styleUrl><Point><altitudeMode>clampToGround</altitudeMode><coordinates>11.944987596943974,46.590697970241308,1958.8199999999999</coordinates></Point></Placemark><Placemark><TimeSpan><begin>2026-08-05T06:37:53Z</begin><end>2026-08-05T06:38:08Z</end></TimeSpan><styleUrl>#point</styleUrl><Point><altitudeMode>clampToGround</altitudeMode><coordinates>11.945027997717261,46.590716661885381,1959.78</coordinates></Point></Placemark><Placemark><TimeSpan><begin>2026-08-05T06:38:08Z</begin><end>2026-08-05T06:38:22Z</end></TimeSpan><styleUrl>#point</styleUrl><Point><altitudeMode>clampToGround</altitudeMode><coordinates>11.945138471201062,46.590756056830287,1962.6700000000001</coordinates></Point></Placemark><Placemark><TimeSpan><begin>2026-08-05T06:38:22Z</begin><end>2026-08-05T06:38:33Z</end></TimeSpan><styleUrl>#point</styleUrl><Point><altitudeMode>clampToGround</altitudeMode><coordinates>11.945227319374681,46.590791931375861,1964.5899999999999</coordinates></Point></Placemark><Placemark><TimeSpan><begin>2026-08-05T06:38:33Z</begin><end>2026-08-05T06:38:44Z</end></TimeSpan><styleUrl>#point</styleUrl><Point><altitudeMode>clampToGround</altitudeMode><coordinates>11.945246430113912,46.590800816193223,1965.55</coordinates></Point></Placemark><Placemark><TimeSpan><begin>2026-08-05T06:38:44Z</begin><end>2026-08-05T06:38:56Z</end></TimeSpan><styleUrl>#point</styleUrl><Point><altitudeMode>clampToGround</altitudeMode><coordinates>11.945333182811737,46.590827973559499,1966.99</coordinates></Point></Placemark><Placemark><TimeSpan><begin>2026-08-05T06:38:56Z</begin><end>2026-08-05T06:39:07Z</end></TimeSpan><styleUrl>#point</styleUrl><Point><altitudeMode>clampToGround</altitudeMode><coordinates>11.945416163653135,46.590880360454321,1968.9200000000001</coordinates></Point></Placemark><Placemark><TimeSpan><begin>2026-08-05T06:39:07Z</begin><end>2026-08-05T06:39:19Z</end></TimeSpan><styleUrl>#point</styleUrl><Point><altitudeMode>clampToGround</altitudeMode><coordinates>11.945522278547287,46.590899890288711,1970.8399999999999</coordinates></Point></Placemark><Placemark><TimeSpan><begin>2026-08-05T06:39:19Z</begin><end>2026-08-05T06:39:30Z</end></TimeSpan><styleUrl>#point</styleUrl><Point><altitudeMode>clampToGround</altitudeMode><coordinates>11.945624873042107,46.590903913602233,1972.28</coordinates></Point></Placemark><Placemark><TimeSpan><begin>2026-08-05T06:39:30Z</begin><end>2026-08-05T06:39:40Z</end></TimeSpan><styleUrl>#point</styleUrl><Point><altitudeMode>clampToGround</altitudeMode><coordinates>11.945719588547945,46.59093065187335,1974.2</coordinates></Point></Placemark><Placemark><TimeSpan><begin>2026-08-05T06:39:40Z</begin><end>2026-08-05T06:39:51Z</end></TimeSpan><styleUrl>#point</styleUrl><Point><altitudeMode>clampToGround</altitudeMode><coordinates>11.945799719542265,46.590985972434282,1976.1300000000001</coordinates></Point></Placemark><Placemark><TimeSpan><begin>2026-08-05T06:39:51Z</begin><end>2026-08-05T06:39:59Z</end></TimeSpan><styleUrl>#point</styleUrl><Point><altitudeMode>clampToGround</altitudeMode><coordinates>11.945878593251109,46.591011872515082,1977.0899999999999</coordinates></Point></Placemark><Placemark><TimeSpan><begin>2026-08-05T06:39:59Z</begin><end>2026-08-05T06:40:09Z</end></TimeSpan><styleUrl>#point</styleUrl><Point><altitudeMode>clampToGround</altitudeMode><coordinates>11.945968950167298,46.591040706261992,1979.01</coordinates></Point></Placemark><Placemark><TimeSpan><begin>2026-08-05T06:40:09Z</begin><end>2026-08-05T06:40:20Z</end></TimeSpan><styleUrl>#point</styleUrl><Point><altitudeMode>clampToGround</altitudeMode><coordinates>11.946080094203353,46.591053698211908,1980.9300000000001</coordinates></Point></Placemark><Placemark><TimeSpan><begin>2026-08-05T06:40:20Z</begin><end>2026-08-05T06:40:32Z</end></TimeSpan><styleUrl>#point</styleUrl><Point><altitudeMode>clampToGround</altitudeMode><coordinates>11.946191405877471,46.591074652969837,1982.3800000000001</coordinates></Point></Placemark><Placemark><TimeSpan><begin>2026-08-05T06:40:32Z</begin><end>2026-08-05T06:40:45Z</end></TimeSpan><styleUrl>#point</styleUrl><Point><altitudeMode>clampToGround</altitudeMode><coordinates>11.946311602368951,46.591073898598552,1984.78</coordinates></Point></Placemark><Placemark><TimeSpan><begin>2026-08-05T06:40:45Z</begin><end>2026-08-05T06:40:57Z</end></TimeSpan><styleUrl>#point</styleUrl><Point><altitudeMode>clampToGround</altitudeMode><coordinates>11.946430373936892,46.591070210561156,1986.22</coordinates></Point></Placemark><Placemark><TimeSpan><begin>2026-08-05T06:40:57Z</begin><end>2026-08-05T06:41:10Z</end></TimeSpan><styleUrl>#point</styleUrl><Point><altitudeMode>clampToGround</altitudeMode><coordinates>11.946539338678122,46.591055458411574,1988.6199999999999</coordinates></Point></Placemark><Placemark><TimeSpan><begin>2026-08-05T06:41:10Z</begin><end>2026-08-05T06:41:24Z</end></TimeSpan><styleUrl>#point</styleUrl><Point><altitudeMode>clampToGround</altitudeMode><coordinates>11.946669174358249,46.591046908870339,1991.03</coordinates></Point></Placemark><Placemark><TimeSpan><begin>2026-08-05T06:41:24Z</begin><end>2026-08-05T06:41:34Z</end></TimeSpan><styleUrl>#point</styleUrl><Point><altitudeMode>clampToGround</altitudeMode><coordinates>11.946764392778277,46.591056631878018,1992.47</coordinates></Point></Placemark><Placemark><TimeSpan><begin>2026-08-05T06:41:34Z</begin><end>2026-08-05T06:41:46Z</end></TimeSpan><styleUrl>#point</styleUrl><Point><altitudeMode>clampToGround</altitudeMode><coordinates>11.946895737200975,46.591066857799888,1994.3900000000001</coordinates></Point></Placemark><Placemark><TimeSpan><begin>2026-08-05T06:41:46Z</begin><end>2026-08-05T06:41:57Z</end></TimeSpan><styleUrl>#point</styleUrl><Point><altitudeMode>clampToGround</altitudeMode><coordinates>11.947014005854726,46.591086806729436,1996.3199999999999</coordinates></Point></Placemark><Placemark><TimeSpan><begin>2026-08-05T06:41:57Z</begin><end>2026-08-05T06:42:07Z</end></TimeSpan><styleUrl>#point</styleUrl><Point><altitudeMode>clampToGround</altitudeMode><coordinates>11.947108134627342,46.59111094661057,1997.76</coordinates></Point></Placemark><Placemark><TimeSpan><begin>2026-08-05T06:42:07Z</begin><end>2026-08-05T06:42:18Z</end></TimeSpan><styleUrl>#point</styleUrl><Point><altitudeMode>clampToGround</altitudeMode><coordinates>11.947111068293452,46.591122345998883,1998.24</coordinates></Point></Placemark><Placemark><TimeSpan><begin>2026-08-05T06:42:18Z</begin><end>2026-08-05T06:42:35Z</end></TimeSpan><styleUrl>#point</styleUrl><Point><altitudeMode>clampToGround</altitudeMode><coordinates>11.947094555944204,46.591117987409234,1998.72</coordinates></Point></Placemark><Placemark><TimeSpan><begin>2026-08-05T06:42:35Z</begin><end>2026-08-05T06:42:57Z</end></TimeSpan><styleUrl>#point</styleUrl><Point><altitudeMode>clampToGround</altitudeMode><coordinates>11.947093969210982,46.5911231841892,1993.9100000000001</coordinates></Point></Placemark><Placemark><TimeSpan><begin>2026-08-05T06:42:57Z</begin><end>2026-08-05T06:42:58Z</end></TimeSpan><styleUrl>#point</styleUrl><Point><altitudeMode>clampToGround</altitudeMode><coordinates>11.947097154334188,46.591120585799217,1997.76</coordinates></Point></Placemark><Placemark><TimeSpan><begin>2026-08-05T06:42:58Z</begin><end>2026-08-05T06:43:00Z</end></TimeSpan><styleUrl>#point</styleUrl><Point><altitudeMode>clampToGround</altitudeMode><coordinates>11.947098830714822,46.591118238866329,2000.1600000000001</coordinates></Point></Placemark><Placemark><TimeSpan><begin>2026-08-05T06:43:00Z</begin><end>2026-08-05T06:43:27Z</end></TimeSpan><styleUrl>#point</styleUrl><Point><altitudeMode>clampToGround</altitudeMode><coordinates>11.947116851806641,46.591101894155145,1998.24</coordinates></Point></Placemark><Placemark><TimeSpan><begin>2026-08-05T06:43:27Z</begin><end>2026-08-05T06:43:38Z</end></TimeSpan><styleUrl>#point</styleUrl><Point><altitudeMode>clampToGround</altitudeMode><coordinates>11.947122886776924,46.591097619384527,1998.24</coordinates></Point></Placemark><Placemark><TimeSpan><begin>2026-08-05T06:43:38Z</begin><end>2026-08-05T06:44:06Z</end></TimeSpan><styleUrl>#point</styleUrl><Point><altitudeMode>clampToGround</altitudeMode><coordinates>11.947082569822669,46.591088818386197,1998.24</coordinates></Point></Placemark><Placemark><TimeSpan><begin>2026-08-05T06:44:06Z</begin><end>2026-08-05T06:44:23Z</end></TimeSpan><styleUrl>#point</styleUrl><Point><altitudeMode>clampToGround</altitudeMode><coordinates>11.947080390527844,46.591091752052307,1998.24</coordinates></Point></Placemark><Placemark><TimeSpan><begin>2026-08-05T06:44:23Z</begin><end>2026-08-05T06:44:37Z</end></TimeSpan><styleUrl>#point</styleUrl><Point><altitudeMode>clampToGround</altitudeMode><coordinates>11.947090867906809,46.591121004894376,1998.24</coordinates></Point></Placemark><Placemark><TimeSpan><begin>2026-08-05T06:44:37Z</begin><end>2026-08-05T06:44:59Z</end></TimeSpan><styleUrl>#point</styleUrl><Point><altitudeMode>clampToGround</altitudeMode><coordinates>11.9471275806427,46.591141037642956,1998.24</coordinates></Point></Placemark><Placemark><TimeSpan><begin>2026-08-05T06:44:59Z</begin><end>2026-08-05T06:45:17Z</end></TimeSpan><styleUrl>#point</styleUrl><Point><altitudeMode>clampToGround</altitudeMode><coordinates>11.947124982252717,46.591119496151805,1998.72</coordinates></Point></Placemark><Placemark><TimeSpan><begin>2026-08-05T06:45:17Z</begin><end>2026-08-05T06:45:41Z</end></TimeSpan><styleUrl>#point</styleUrl><Point><altitudeMode>clampToGround</altitudeMode><coordinates>11.947139985859394,46.591093512251973,1998.72</coordinates></Point></Placemark><Placemark><TimeSpan><begin>2026-08-05T06:45:41Z</begin><end>2026-08-05T06:46:02Z</end></TimeSpan><styleUrl>#point</styleUrl><Point><altitudeMode>clampToGround</altitudeMode><coordinates>11.9471207074821,46.591080101206899,1998.72</coordinates></Point></Placemark><Placemark><TimeSpan><begin>2026-08-05T06:46:02Z</begin><end>2026-08-05T06:46:15Z</end></TimeSpan><styleUrl>#point</styleUrl><Point><altitudeMode>clampToGround</altitudeMode><coordinates>11.947188265621662,46.59112217836082,1998.72</coordinates></Point></Placemark><Placemark><TimeSpan><begin>2026-08-05T06:46:15Z</begin><end>2026-08-05T06:46:19Z</end></TimeSpan><styleUrl>#point</styleUrl><Point><altitudeMode>clampToGround</altitudeMode><coordinates>11.947218608111143,46.59114028327167,2000.1600000000001</coordinates></Point></Placemark><Placemark><TimeSpan><begin>2026-08-05T06:46:19Z</begin><end>2026-08-05T06:46:31Z</end></TimeSpan><styleUrl>#point</styleUrl><Point><altitudeMode>clampToGround</altitudeMode><coordinates>11.947314077988267,46.591171883046627,2002.0799999999999</coordinates></Point></Placemark><Placemark><TimeSpan><begin>2026-08-05T06:46:31Z</begin><end>2026-08-05T06:46:41Z</end></TimeSpan><styleUrl>#point</styleUrl><Point><altitudeMode>clampToGround</altitudeMode><coordinates>11.947401082143188,46.591181186959147,2004.01</coordinates></Point></Placemark><Placemark><TimeSpan><begin>2026-08-05T06:46:41Z</begin><end>2026-08-05T06:46:52Z</end></TimeSpan><styleUrl>#point</styleUrl><Point><altitudeMode>clampToGround</altitudeMode><coordinates>11.947492193430662,46.591160064563155,2005.45</coordinates></Point></Placemark><Placemark><TimeSpan><begin>2026-08-05T06:46:52Z</begin><end>2026-08-05T06:47:04Z</end></TimeSpan><styleUrl>#point</styleUrl><Point><altitudeMode>clampToGround</altitudeMode><coordinates>11.947608701884747,46.591139947995543,2007.3699999999999</coordinates></Point></Placemark><Placemark><TimeSpan><begin>2026-08-05T06:47:04Z</begin><end>2026-08-05T06:47:16Z</end></TimeSpan><styleUrl>#point</styleUrl><Point><altitudeMode>clampToGround</altitudeMode><coordinates>11.947714146226645,46.59113391302526,2009.29</coordinates></Point></Placemark><Placemark><TimeSpan><begin>2026-08-05T06:47:16Z</begin><end>2026-08-05T06:47:29Z</end></TimeSpan><styleUrl>#point</styleUrl><Point><altitudeMode>clampToGround</altitudeMode><coordinates>11.947838952764869,46.591152939945459,2011.22</coordinates></Point></Placemark><Placemark><TimeSpan><begin>2026-08-05T06:47:29Z</begin><end>2026-08-05T06:47:41Z</end></TimeSpan><styleUrl>#point</styleUrl><Point><altitudeMode>clampToGround</altitudeMode><coordinates>11.947892513126135,46.591163333505392,2012.1800000000001</coordinates></Point></Placemark><Placemark><TimeSpan><begin>2026-08-05T06:47:41Z</begin><end>2026-08-05T06:47:51Z</end></TimeSpan><styleUrl>#point</styleUrl><Point><altitudeMode>clampToGround</altitudeMode><coordinates>11.947848759591579,46.591160567477345,2012.6600000000001</coordinates></Point></Placemark><Placemark><TimeSpan><begin>2026-08-05T06:47:51Z</begin><end>2026-08-05T06:48:12Z</end></TimeSpan><styleUrl>#point</styleUrl><Point><altitudeMode>clampToGround</altitudeMode><coordinates>11.947871055454016,46.591153610497713,2013.1400000000001</coordinates></Point></Placemark><Placemark><TimeSpan><begin>2026-08-05T06:48:12Z</begin><end>2026-08-05T06:48:28Z</end></TimeSpan><styleUrl>#point</styleUrl><Point><altitudeMode>clampToGround</altitudeMode><coordinates>11.94792352616787,46.591155789792538,2013.1400000000001</coordinates></Point></Placemark><Placemark><TimeSpan><begin>2026-08-05T06:48:28Z</begin><end>2026-08-05T06:48:39Z</end></TimeSpan><styleUrl>#point</styleUrl><Point><altitudeMode>clampToGround</altitudeMode><coordinates>11.947998460382223,46.591158891096711,2014.0999999999999</coordinates></Point></Placemark><Placemark><TimeSpan><begin>2026-08-05T06:48:39Z</begin><end>2026-08-05T06:48:53Z</end></TimeSpan><styleUrl>#point</styleUrl><Point><altitudeMode>clampToGround</altitudeMode><coordinates>11.948137599974871,46.591177247464657,2016.5</coordinates></Point></Placemark><Placemark><TimeSpan><begin>2026-08-05T06:48:53Z</begin><end>2026-08-05T06:49:07Z</end></TimeSpan><styleUrl>#point</styleUrl><Point><altitudeMode>clampToGround</altitudeMode><coordinates>11.948282103985548,46.591205494478345,2018.9100000000001</coordinates></Point></Placemark><Placemark><TimeSpan><begin>2026-08-05T06:49:07Z</begin><end>2026-08-05T06:49:18Z</end></TimeSpan><styleUrl>#point</styleUrl><Point><altitudeMode>clampToGround</altitudeMode><coordinates>11.948323091492057,46.591218737885356,2019.8699999999999</coordinates></Point></Placemark><Placemark><TimeSpan><begin>2026-08-05T06:49:18Z</begin><end>2026-08-05T06:49:29Z</end></TimeSpan><styleUrl>#point</styleUrl><Point><altitudeMode>clampToGround</altitudeMode><coordinates>11.948265172541142,46.591215468943119,2019.8699999999999</coordinates></Point></Placemark><Placemark><TimeSpan><begin>2026-08-05T06:49:29Z</begin><end>2026-08-05T06:49:44Z</end></TimeSpan><styleUrl>#point</styleUrl><Point><altitudeMode>clampToGround</altitudeMode><coordinates>11.948280762881041,46.591185126453638,2020.3499999999999</coordinates></Point></Placemark><Placemark><TimeSpan><begin>2026-08-05T06:49:44Z</begin><end>2026-08-05T06:49:55Z</end></TimeSpan><styleUrl>#point</styleUrl><Point><altitudeMode>clampToGround</altitudeMode><coordinates>11.948362151160836,46.591137014329433,2020.8299999999999</coordinates></Point></Placemark><Placemark><TimeSpan><begin>2026-08-05T06:49:55Z</begin><end>2026-08-05T06:50:05Z</end></TimeSpan><styleUrl>#point</styleUrl><Point><altitudeMode>clampToGround</altitudeMode><coordinates>11.9484400190413,46.591081358492374,2021.79</coordinates></Point></Placemark><Placemark><TimeSpan><begin>2026-08-05T06:50:05Z</begin><end>2026-08-05T06:50:16Z</end></TimeSpan><styleUrl>#point</styleUrl><Point><altitudeMode>clampToGround</altitudeMode><coordinates>11.948493830859661,46.591030480340123,2023.71</coordinates></Point></Placemark><Placemark><TimeSpan><begin>2026-08-05T06:50:16Z</begin><end>2026-08-05T06:50:26Z</end></TimeSpan><styleUrl>#point</styleUrl><Point><altitudeMode>clampToGround</altitudeMode><coordinates>11.948600616306067,46.591063421219587,2024.6700000000001</coordinates></Point></Placemark><Placemark><TimeSpan><begin>2026-08-05T06:50:26Z</begin><end>2026-08-05T06:50:36Z</end></TimeSpan><styleUrl>#point</styleUrl><Point><altitudeMode>clampToGround</altitudeMode><coordinates>11.948701115325093,46.59107674844563,2027.0799999999999</coordinates></Point></Placemark><Placemark><TimeSpan><begin>2026-08-05T06:50:36Z</begin><end>2026-08-05T06:50:48Z</end></TimeSpan><styleUrl>#point</styleUrl><Point><altitudeMode>clampToGround</altitudeMode><coordinates>11.94882458075881,46.591092003509402,2027.0799999999999</coordinates></Point></Placemark><Placemark><TimeSpan><begin>2026-08-05T06:50:48Z</begin><end>2026-08-05T06:50:58Z</end></TimeSpan><styleUrl>#point</styleUrl><Point><altitudeMode>clampToGround</altitudeMode><coordinates>11.948857521638274,46.59103425219655,2028.04</coordinates></Point></Placemark><Placemark><TimeSpan><begin>2026-08-05T06:50:58Z</begin><end>2026-08-05T06:51:09Z</end></TimeSpan><styleUrl>#point</styleUrl><Point><altitudeMode>clampToGround</altitudeMode><coordinates>11.948848385363817,46.590958815068007,2029</coordinates></Point></Placemark><Placemark><TimeSpan><begin>2026-08-05T06:51:09Z</begin><end>2026-08-05T06:51:19Z</end></TimeSpan><styleUrl>#point</styleUrl><Point><altitudeMode>clampToGround</altitudeMode><coordinates>11.948815695941448,46.590895364060998,2030.4400000000001</coordinates></Point></Placemark><Placemark><TimeSpan><begin>2026-08-05T06:51:19Z</begin><end>2026-08-05T06:51:30Z</end></TimeSpan><styleUrl>#point</styleUrl><Point><altitudeMode>clampToGround</altitudeMode><coordinates>11.948793902993202,46.590839456766844,2031.4000000000001</coordinates></Point></Placemark><Placemark><TimeSpan><begin>2026-08-05T06:51:30Z</begin><end>2026-08-05T06:51:42Z</end></TimeSpan><styleUrl>#point</styleUrl><Point><altitudeMode>clampToGround</altitudeMode><coordinates>11.948859617114067,46.590785309672356,2031.8800000000001</coordinates></Point></Placemark><Placemark><TimeSpan><begin>2026-08-05T06:51:42Z</begin><end>2026-08-05T06:51:55Z</end></TimeSpan><styleUrl>#point</styleUrl><Point><altitudeMode>clampToGround</altitudeMode><coordinates>11.948926672339439,46.590728061273694,2034.29</coordinates></Point></Placemark><Placemark><TimeSpan><begin>2026-08-05T06:51:55Z</begin><end>2026-08-05T06:52:06Z</end></TimeSpan><styleUrl>#point</styleUrl><Point><altitudeMode>clampToGround</altitudeMode><coordinates>11.948971515521407,46.590678188949823,2034.77</coordinates></Point></Placemark><Placemark><TimeSpan><begin>2026-08-05T06:52:06Z</begin><end>2026-08-05T06:52:16Z</end></TimeSpan><styleUrl>#point</styleUrl><Point><altitudeMode>clampToGround</altitudeMode><coordinates>11.949008982628584,46.590691264718771,2036.21</coordinates></Point></Placemark><Placemark><TimeSpan><begin>2026-08-05T06:52:16Z</begin><end>2026-08-05T06:52:29Z</end></TimeSpan><styleUrl>#point</styleUrl><Point><altitudeMode>clampToGround</altitudeMode><coordinates>11.949135884642601,46.590676344931126,2037.1700000000001</coordinates></Point></Placemark><Placemark><TimeSpan><begin>2026-08-05T06:52:29Z</begin><end>2026-08-05T06:52:41Z</end></TimeSpan><styleUrl>#point</styleUrl><Point><altitudeMode>clampToGround</altitudeMode><coordinates>11.949279801920056,46.590668633580208,2038.1300000000001</coordinates></Point></Placemark><Placemark><TimeSpan><begin>2026-08-05T06:52:41Z</begin><end>2026-08-05T06:52:53Z</end></TimeSpan><styleUrl>#point</styleUrl><Point><altitudeMode>clampToGround</altitudeMode><coordinates>11.949360771104693,46.590654468163848,2040.05</coordinates></Point></Placemark><Placemark><TimeSpan><begin>2026-08-05T06:52:53Z</begin><end>2026-08-05T06:53:08Z</end></TimeSpan><styleUrl>#point</styleUrl><Point><altitudeMode>clampToGround</altitudeMode><coordinates>11.949462108314037,46.590675255283713,2042.9400000000001</coordinates></Point></Placemark><Placemark><TimeSpan><begin>2026-08-05T06:53:08Z</begin><end>2026-08-05T06:53:29Z</end></TimeSpan><styleUrl>#point</styleUrl><Point><altitudeMode>clampToGround</altitudeMode><coordinates>11.949545424431562,46.59071029163897,2043.4200000000001</coordinates></Point></Placemark><Placemark><TimeSpan><begin>2026-08-05T06:53:29Z</begin><end>2026-08-05T06:53:40Z</end></TimeSpan><styleUrl>#point</styleUrl><Point><altitudeMode>clampToGround</altitudeMode><coordinates>11.9496108032763,46.590705513954163,2045.3399999999999</coordinates></Point></Placemark><Placemark><TimeSpan><begin>2026-08-05T06:53:40Z</begin><end>2026-08-05T06:53:52Z</end></TimeSpan><styleUrl>#point</styleUrl><Point><altitudeMode>clampToGround</altitudeMode><coordinates>11.949665620923042,46.5906638558954,2046.78</coordinates></Point></Placemark><Placemark><TimeSpan><begin>2026-08-05T06:53:52Z</begin><end>2026-08-05T06:54:03Z</end></TimeSpan><styleUrl>#point</styleUrl><Point><altitudeMode>clampToGround</altitudeMode><coordinates>11.949749188497663,46.590652205049992,2049.1900000000001</coordinates></Point></Placemark><Placemark><TimeSpan><begin>2026-08-05T06:54:03Z</begin><end>2026-08-05T06:54:14Z</end></TimeSpan><styleUrl>#point</styleUrl><Point><altitudeMode>clampToGround</altitudeMode><coordinates>11.949811633676291,46.590626640245318,2050.6300000000001</coordinates></Point></Placemark><Placemark><TimeSpan><begin>2026-08-05T06:54:14Z</begin><end>2026-08-05T06:54:26Z</end></TimeSpan><styleUrl>#point</styleUrl><Point><altitudeMode>clampToGround</altitudeMode><coordinates>11.94993132725358,46.590629825368524,2052.5500000000002</coordinates></Point></Placemark><Placemark><TimeSpan><begin>2026-08-05T06:54:26Z</begin><end>2026-08-05T06:54:37Z</end></TimeSpan><styleUrl>#point</styleUrl><Point><altitudeMode>clampToGround</altitudeMode><coordinates>11.950014811009169,46.590601159259677,2053.9899999999998</coordinates></Point></Placemark><Placemark><TimeSpan><begin>2026-08-05T06:54:37Z</begin><end>2026-08-05T06:54:48Z</end></TimeSpan><styleUrl>#point</styleUrl><Point><altitudeMode>clampToGround</altitudeMode><coordinates>11.950091505423188,46.590581964701414,2055.4400000000001</coordinates></Point></Placemark><Placemark><TimeSpan><begin>2026-08-05T06:54:48Z</begin><end>2026-08-05T06:54:55Z</end></TimeSpan><styleUrl>#point</styleUrl><Point><altitudeMode>clampToGround</altitudeMode><coordinates>11.950155794620514,46.590562267228961,2056.4000000000001</coordinates></Point></Placemark><Placemark><TimeSpan><begin>2026-08-05T06:54:55Z</begin><end>2026-08-05T06:55:05Z</end></TimeSpan><styleUrl>#point</styleUrl><Point><altitudeMode>clampToGround</altitudeMode><coordinates>11.950217988342047,46.590528404340148,2058.3200000000002</coordinates></Point></Placemark><Placemark><TimeSpan><begin>2026-08-05T06:55:05Z</begin><end>2026-08-05T06:55:14Z</end></TimeSpan><styleUrl>#point</styleUrl><Point><altitudeMode>clampToGround</altitudeMode><coordinates>11.950291497632861,46.590489344671369,2058.8000000000002</coordinates></Point></Placemark><Placemark><TimeSpan><begin>2026-08-05T06:55:14Z</begin><end>2026-08-05T06:55:24Z</end></TimeSpan><styleUrl>#point</styleUrl><Point><altitudeMode>clampToGround</altitudeMode><coordinates>11.950374394655228,46.590477274730802,2060.2399999999998</coordinates></Point></Placemark><Placemark><TimeSpan><begin>2026-08-05T06:55:24Z</begin><end>2026-08-05T06:55:32Z</end></TimeSpan><styleUrl>#point</styleUrl><Point><altitudeMode>clampToGround</altitudeMode><coordinates>11.950476821511984,46.590478615835309,2061.1999999999998</coordinates></Point></Placemark><Placemark><TimeSpan><begin>2026-08-05T06:55:32Z</begin><end>2026-08-05T06:55:42Z</end></TimeSpan><styleUrl>#point</styleUrl><Point><altitudeMode>clampToGround</altitudeMode><coordinates>11.95056214928627,46.590438382700086,2062.6500000000001</coordinates></Point></Placemark><Placemark><TimeSpan><begin>2026-08-05T06:55:42Z</begin><end>2026-08-05T06:55:52Z</end></TimeSpan><styleUrl>#point</styleUrl><Point><altitudeMode>clampToGround</altitudeMode><coordinates>11.950615290552378,46.590394377708435,2063.6100000000001</coordinates></Point></Placemark><Placemark><TimeSpan><begin>2026-08-05T06:55:52Z</begin><end>2026-08-05T06:56:02Z</end></TimeSpan><styleUrl>#point</styleUrl><Point><altitudeMode>clampToGround</altitudeMode><coordinates>11.950674802064896,46.590382643043995,2064.5700000000002</coordinates></Point></Placemark><Placemark><TimeSpan><begin>2026-08-05T06:56:02Z</begin><end>2026-08-05T06:56:12Z</end></TimeSpan><styleUrl>#point</styleUrl><Point><altitudeMode>clampToGround</altitudeMode><coordinates>11.950790137052536,46.59037166275084,2066.0100000000002</coordinates></Point></Placemark><Placemark><TimeSpan><begin>2026-08-05T06:56:12Z</begin><end>2026-08-05T06:56:24Z</end></TimeSpan><styleUrl>#point</styleUrl><Point><altitudeMode>clampToGround</altitudeMode><coordinates>11.950864233076572,46.590410135686398,2067.9299999999998</coordinates></Point></Placemark><Placemark><TimeSpan><begin>2026-08-05T06:56:24Z</begin><end>2026-08-05T06:56:38Z</end></TimeSpan><styleUrl>#point</styleUrl><Point><altitudeMode>clampToGround</altitudeMode><coordinates>11.950814696028829,46.590432683005929,2067.9299999999998</coordinates></Point></Placemark><Placemark><TimeSpan><begin>2026-08-05T06:56:38Z</begin><end>2026-08-05T06:56:58Z</end></TimeSpan><styleUrl>#point</styleUrl><Point><altitudeMode>clampToGround</altitudeMode><coordinates>11.950806146487594,46.59047132357955,2068.4099999999999</coordinates></Point></Placemark><Placemark><TimeSpan><begin>2026-08-05T06:56:58Z</begin><end>2026-08-05T06:57:11Z</end></TimeSpan><styleUrl>#point</styleUrl><Point><altitudeMode>clampToGround</altitudeMode><coordinates>11.950773959979415,46.590478112921119,2068.4099999999999</coordinates></Point></Placemark><Placemark><TimeSpan><begin>2026-08-05T06:57:11Z</begin><end>2026-08-05T06:57:23Z</end></TimeSpan><styleUrl>#point</styleUrl><Point><altitudeMode>clampToGround</altitudeMode><coordinates>11.950841182842851,46.59046302549541,2068.4099999999999</coordinates></Point></Placemark><Placemark><TimeSpan><begin>2026-08-05T06:57:23Z</begin><end>2026-08-05T06:57:44Z</end></TimeSpan><styleUrl>#point</styleUrl><Point><altitudeMode>clampToGround</altitudeMode><coordinates>11.950868424028158,46.590471239760518,2068.4099999999999</coordinates></Point></Placemark><Placemark><TimeSpan><begin>2026-08-05T06:57:44Z</begin><end>2026-08-05T06:57:56Z</end></TimeSpan><styleUrl>#point</styleUrl><Point><altitudeMode>clampToGround</altitudeMode><coordinates>11.950904214754701,46.59050066024065,2068.4099999999999</coordinates></Point></Placemark><Placemark><TimeSpan><begin>2026-08-05T06:57:56Z</begin><end>2026-08-05T06:58:08Z</end></TimeSpan><styleUrl>#point</styleUrl><Point><altitudeMode>clampToGround</altitudeMode><coordinates>11.950918044894934,46.590528320521116,2068.8899999999999</coordinates></Point></Placemark><Placemark><TimeSpan><begin>2026-08-05T06:58:08Z</begin><end>2026-08-05T06:58:25Z</end></TimeSpan><styleUrl>#point</styleUrl><Point><altitudeMode>clampToGround</altitudeMode><coordinates>11.95095794275403,46.590477945283055,2068.8899999999999</coordinates></Point></Placemark><Placemark><TimeSpan><begin>2026-08-05T06:58:25Z</begin><end>2026-08-05T06:58:34Z</end></TimeSpan><styleUrl>#point</styleUrl><Point><altitudeMode>clampToGround</altitudeMode><coordinates>11.950979651883245,46.590423295274377,2069.3800000000001</coordinates></Point></Placemark><Placemark><TimeSpan><begin>2026-08-05T06:58:34Z</begin><end>2026-08-05T06:58:44Z</end></TimeSpan><styleUrl>#point</styleUrl><Point><altitudeMode>clampToGround</altitudeMode><coordinates>11.951051987707615,46.590370489284396,2071.7800000000002</coordinates></Point></Placemark><Placemark><TimeSpan><begin>2026-08-05T06:58:44Z</begin><end>2026-08-05T06:58:56Z</end></TimeSpan><styleUrl>#point</styleUrl><Point><altitudeMode>clampToGround</altitudeMode><coordinates>11.951161958277225,46.590309469029307,2072.7399999999998</coordinates></Point></Placemark><Placemark><TimeSpan><begin>2026-08-05T06:58:56Z</begin><end>2026-08-05T06:59:07Z</end></TimeSpan><styleUrl>#point</styleUrl><Point><altitudeMode>clampToGround</altitudeMode><coordinates>11.951274443417788,46.590281976386905,2074.1799999999998</coordinates></Point></Placemark><Placemark><TimeSpan><begin>2026-08-05T06:59:07Z</begin><end>2026-08-05T06:59:18Z</end></TimeSpan><styleUrl>#point</styleUrl><Point><altitudeMode>clampToGround</altitudeMode><coordinates>11.951349712908268,46.590275354683399,2076.0999999999999</coordinates></Point></Placemark><Placemark><TimeSpan><begin>2026-08-05T06:59:18Z</begin><end>2026-08-05T06:59:28Z</end></TimeSpan><styleUrl>#point</styleUrl><Point><altitudeMode>clampToGround</altitudeMode><coordinates>11.951443506404757,46.590260099619627,2077.5500000000002</coordinates></Point></Placemark><Placemark><TimeSpan><begin>2026-08-05T06:59:28Z</begin><end>2026-08-05T06:59:39Z</end></TimeSpan><styleUrl>#point</styleUrl><Point><altitudeMode>clampToGround</altitudeMode><coordinates>11.951542664319277,46.590240988880396,2078.5100000000002</coordinates></Point></Placemark><Placemark><TimeSpan><begin>2026-08-05T06:59:39Z</begin><end>2026-08-05T06:59:50Z</end></TimeSpan><styleUrl>#point</styleUrl><Point><altitudeMode>clampToGround</altitudeMode><coordinates>11.951578622683883,46.590202767401934,2079.9499999999998</coordinates></Point></Placemark><Placemark><TimeSpan><begin>2026-08-05T06:59:50Z</begin><end>2026-08-05T06:59:59Z</end></TimeSpan><styleUrl>#point</styleUrl><Point><altitudeMode>clampToGround</altitudeMode><coordinates>11.951634027063847,46.590187093243003,2081.3899999999999</coordinates></Point></Placemark><Placemark><TimeSpan><begin>2026-08-05T06:59:59Z</begin><end>2026-08-05T07:00:10Z</end></TimeSpan><styleUrl>#point</styleUrl><Point><altitudeMode>clampToGround</altitudeMode><coordinates>11.951779453083873,46.590199498459697,2082.3499999999999</coordinates></Point></Placemark><Placemark><TimeSpan><begin>2026-08-05T07:00:10Z</begin><end>2026-08-05T07:00:21Z</end></TimeSpan><styleUrl>#point</styleUrl><Point><altitudeMode>clampToGround</altitudeMode><coordinates>11.951862936839461,46.590144261717796,2084.7600000000002</coordinates></Point></Placemark><Placemark><TimeSpan><begin>2026-08-05T07:00:21Z</begin><end>2026-08-05T07:00:33Z</end></TimeSpan><styleUrl>#point</styleUrl><Point><altitudeMode>clampToGround</altitudeMode><coordinates>11.951904175803065,46.590096820145845,2085.7199999999998</coordinates></Point></Placemark><Placemark><TimeSpan><begin>2026-08-05T07:00:33Z</begin><end>2026-08-05T07:00:46Z</end></TimeSpan><styleUrl>#point</styleUrl><Point><altitudeMode>clampToGround</altitudeMode><coordinates>11.951926136389375,46.590059353038669,2085.7199999999998</coordinates></Point></Placemark><Placemark><TimeSpan><begin>2026-08-05T07:00:46Z</begin><end>2026-08-05T07:00:48Z</end></TimeSpan><styleUrl>#point</styleUrl><Point><altitudeMode>clampToGround</altitudeMode><coordinates>11.95192881859839,46.590046444907784,2084.2800000000002</coordinates></Point></Placemark><Placemark><TimeSpan><begin>2026-08-05T07:00:48Z</begin><end>2026-08-05T07:00:59Z</end></TimeSpan><styleUrl>#point</styleUrl><Point><altitudeMode>clampToGround</altitudeMode><coordinates>11.951984306797385,46.589989615604281,2086.1999999999998</coordinates></Point></Placemark><Placemark><TimeSpan><begin>2026-08-05T07:00:59Z</begin><end>2026-08-05T07:01:11Z</end></TimeSpan><styleUrl>#point</styleUrl><Point><altitudeMode>clampToGround</altitudeMode><coordinates>11.952118081972003,46.589956842362881,2087.6399999999999</coordinates></Point></Placemark><Placemark><TimeSpan><begin>2026-08-05T07:01:11Z</begin><end>2026-08-05T07:01:23Z</end></TimeSpan><styleUrl>#point</styleUrl><Point><altitudeMode>clampToGround</altitudeMode><coordinates>11.952244061976671,46.589930774644017,2089.5599999999999</coordinates></Point></Placemark><Placemark><TimeSpan><begin>2026-08-05T07:01:23Z</begin><end>2026-08-05T07:01:35Z</end></TimeSpan><styleUrl>#point</styleUrl><Point><altitudeMode>clampToGround</altitudeMode><coordinates>11.95237641222775,46.589920883998275,2091</coordinates></Point></Placemark><Placemark><TimeSpan><begin>2026-08-05T07:01:35Z</begin><end>2026-08-05T07:01:46Z</end></TimeSpan><styleUrl>#point</styleUrl><Point><altitudeMode>clampToGround</altitudeMode><coordinates>11.952471127733588,46.589883919805288,2092.4499999999998</coordinates></Point></Placemark><Placemark><TimeSpan><begin>2026-08-05T07:01:46Z</begin><end>2026-08-05T07:01:59Z</end></TimeSpan><styleUrl>#point</styleUrl><Point><altitudeMode>clampToGround</altitudeMode><coordinates>11.952569112181664,46.589825497940183,2094.8499999999999</coordinates></Point></Placemark><Placemark><TimeSpan><begin>2026-08-05T07:01:59Z</begin><end>2026-08-05T07:02:10Z</end></TimeSpan><styleUrl>#point</styleUrl><Point><altitudeMode>clampToGround</altitudeMode><coordinates>11.952676735818386,46.589783085510135,2096.77</coordinates></Point></Placemark><Placemark><TimeSpan><begin>2026-08-05T07:02:10Z</begin><end>2026-08-05T07:02:24Z</end></TimeSpan><styleUrl>#point</styleUrl><Point><altitudeMode>clampToGround</altitudeMode><coordinates>11.952805649489164,46.589740170165896,2098.6999999999998</coordinates></Point></Placemark><Placemark><TimeSpan><begin>2026-08-05T07:02:24Z</begin><end>2026-08-05T07:02:38Z</end></TimeSpan><styleUrl>#point</styleUrl><Point><altitudeMode>clampToGround</altitudeMode><coordinates>11.952860550954938,46.589732710272074,2099.6599999999999</coordinates></Point></Placemark><Placemark><TimeSpan><begin>2026-08-05T07:02:38Z</begin><end>2026-08-05T07:02:56Z</end></TimeSpan><styleUrl>#point</styleUrl><Point><altitudeMode>clampToGround</altitudeMode><coordinates>11.952973371371627,46.589748719707131,2099.6599999999999</coordinates></Point></Placemark><Placemark><TimeSpan><begin>2026-08-05T07:02:56Z</begin><end>2026-08-05T07:03:06Z</end></TimeSpan><styleUrl>#point</styleUrl><Point><altitudeMode>clampToGround</altitudeMode><coordinates>11.953086610883474,46.58974913880229,2101.5799999999999</coordinates></Point></Placemark><Placemark><TimeSpan><begin>2026-08-05T07:03:06Z</begin><end>2026-08-05T07:03:16Z</end></TimeSpan><styleUrl>#point</styleUrl><Point><altitudeMode>clampToGround</altitudeMode><coordinates>11.953185517340899,46.589753916487098,2103.5</coordinates></Point></Placemark><Placemark><TimeSpan><begin>2026-08-05T07:03:16Z</begin><end>2026-08-05T07:03:29Z</end></TimeSpan><styleUrl>#point</styleUrl><Point><altitudeMode>clampToGround</altitudeMode><coordinates>11.95325056090951,46.58974427729845,2103.98</coordinates></Point></Placemark><Placemark><TimeSpan><begin>2026-08-05T07:03:29Z</begin><end>2026-08-05T07:03:48Z</end></TimeSpan><styleUrl>#point</styleUrl><Point><altitudeMode>clampToGround</altitudeMode><coordinates>11.953249052166939,46.589766992256045,2104.46</coordinates></Point></Placemark><Placemark><TimeSpan><begin>2026-08-05T07:03:48Z</begin><end>2026-08-05T07:04:05Z</end></TimeSpan><styleUrl>#point</styleUrl><Point><altitudeMode>clampToGround</altitudeMode><coordinates>11.953274281695485,46.589758107438684,2104.46</coordinates></Point></Placemark><Placemark><TimeSpan><begin>2026-08-05T07:04:05Z</begin><end>2026-08-05T07:04:30Z</end></TimeSpan><styleUrl>#point</styleUrl><Point><altitudeMode>clampToGround</altitudeMode><coordinates>11.953319376334548,46.589741930365562,2104.46</coordinates></Point></Placemark><Placemark><TimeSpan><begin>2026-08-05T07:04:30Z</begin><end>2026-08-05T07:04:41Z</end></TimeSpan><styleUrl>#point</styleUrl><Point><altitudeMode>clampToGround</altitudeMode><coordinates>11.953414175659418,46.589747630059719,2106.3899999999999</coordinates></Point></Placemark><Placemark><TimeSpan><begin>2026-08-05T07:04:41Z</begin><end>2026-08-05T07:04:52Z</end></TimeSpan><styleUrl>#point</styleUrl><Point><altitudeMode>clampToGround</altitudeMode><coordinates>11.953518446534872,46.589821223169565,2107.8299999999999</coordinates></Point></Placemark><Placemark><TimeSpan><begin>2026-08-05T07:04:52Z</begin><end>2026-08-05T07:05:06Z</end></TimeSpan><styleUrl>#point</styleUrl><Point><altitudeMode>clampToGround</altitudeMode><coordinates>11.953582400456071,46.589911999180913,2110.23</coordinates></Point></Placemark><Placemark><TimeSpan><begin>2026-08-05T07:05:06Z</begin><end>2026-08-05T07:05:16Z</end></TimeSpan><styleUrl>#point</styleUrl><Point><altitudeMode>clampToGround</altitudeMode><coordinates>11.953632356598973,46.589983915910125,2111.6700000000001</coordinates></Point></Placemark><Placemark><TimeSpan><begin>2026-08-05T07:05:16Z</begin><end>2026-08-05T07:05:26Z</end></TimeSpan><styleUrl>#point</styleUrl><Point><altitudeMode>clampToGround</altitudeMode><coordinates>11.953680049628019,46.590048791840672,2112.6300000000001</coordinates></Point></Placemark><Placemark><TimeSpan><begin>2026-08-05T07:05:26Z</begin><end>2026-08-05T07:05:36Z</end></TimeSpan><styleUrl>#point</styleUrl><Point><altitudeMode>clampToGround</altitudeMode><coordinates>11.953719025477767,46.590113919228315,2114.0799999999999</coordinates></Point></Placemark><Placemark><TimeSpan><begin>2026-08-05T07:05:36Z</begin><end>2026-08-05T07:05:47Z</end></TimeSpan><styleUrl>#point</styleUrl><Point><altitudeMode>clampToGround</altitudeMode><coordinates>11.953776692971587,46.590109476819634,2116</coordinates></Point></Placemark><Placemark><TimeSpan><begin>2026-08-05T07:05:47Z</begin><end>2026-08-05T07:05:58Z</end></TimeSpan><styleUrl>#point</styleUrl><Point><altitudeMode>clampToGround</altitudeMode><coordinates>11.95385355502367,46.590141914784908,2117.4400000000001</coordinates></Point></Placemark><Placemark><TimeSpan><begin>2026-08-05T07:05:58Z</begin><end>2026-08-05T07:06:10Z</end></TimeSpan><styleUrl>#point</styleUrl><Point><altitudeMode>clampToGround</altitudeMode><coordinates>11.953885490074754,46.590094808489084,2118.8800000000001</coordinates></Point></Placemark><Placemark><TimeSpan><begin>2026-08-05T07:06:10Z</begin><end>2026-08-05T07:06:21Z</end></TimeSpan><styleUrl>#point</styleUrl><Point><altitudeMode>clampToGround</altitudeMode><coordinates>11.953941900283098,46.590034123510122,2120.3200000000002</coordinates></Point></Placemark><Placemark><TimeSpan><begin>2026-08-05T07:06:21Z</begin><end>2026-08-05T07:06:33Z</end></TimeSpan><styleUrl>#point</styleUrl><Point><altitudeMode>clampToGround</altitudeMode><coordinates>11.954007279127836,46.59005063585937,2121.29</coordinates></Point></Placemark><Placemark><TimeSpan><begin>2026-08-05T07:06:33Z</begin><end>2026-08-05T07:06:44Z</end></TimeSpan><styleUrl>#point</styleUrl><Point><altitudeMode>clampToGround</altitudeMode><coordinates>11.953981379047036,46.590027250349522,2122.25</coordinates></Point></Placemark><Placemark><TimeSpan><begin>2026-08-05T07:06:44Z</begin><end>2026-08-05T07:06:45Z</end></TimeSpan><styleUrl>#point</styleUrl><Point><altitudeMode>clampToGround</altitudeMode><coordinates>11.953982636332512,46.590027837082744,2116.96</coordinates></Point></Placemark><Placemark><TimeSpan><begin>2026-08-05T07:06:45Z</begin><end>2026-08-05T07:06:46Z</end></TimeSpan><styleUrl>#point</styleUrl><Point><altitudeMode>clampToGround</altitudeMode><coordinates>11.953977271914482,46.590028004720807,2126.0900000000001</coordinates></Point></Placemark><Placemark><TimeSpan><begin>2026-08-05T07:06:46Z</begin><end>2026-08-05T07:06:47Z</end></TimeSpan><styleUrl>#point</styleUrl><Point><altitudeMode>clampToGround</altitudeMode><coordinates>11.953968135640025,46.590027082711458,2124.6500000000001</coordinates></Point></Placemark><Placemark><TimeSpan><begin>2026-08-05T07:06:47Z</begin><end>2026-08-05T07:06:49Z</end></TimeSpan><styleUrl>#point</styleUrl><Point><altitudeMode>clampToGround</altitudeMode><coordinates>11.953957406803966,46.590023310855031,2122.73</coordinates></Point></Placemark><Placemark><TimeSpan><begin>2026-08-05T07:06:49Z</begin><end>2026-08-05T07:07:07Z</end></TimeSpan><styleUrl>#point</styleUrl><Point><altitudeMode>clampToGround</altitudeMode><coordinates>11.953944666311145,46.590019203722477,2122.73</coordinates></Point></Placemark><Placemark><TimeSpan><begin>2026-08-05T07:07:07Z</begin><end>2026-08-05T07:07:21Z</end></TimeSpan><styleUrl>#point</styleUrl><Point><altitudeMode>clampToGround</altitudeMode><coordinates>11.953974170610309,46.590005792677402,2122.73</coordinates></Point></Placemark><Placemark><TimeSpan><begin>2026-08-05T07:07:21Z</begin><end>2026-08-05T07:07:41Z</end></TimeSpan><styleUrl>#point</styleUrl><Point><altitudeMode>clampToGround</altitudeMode><coordinates>11.953972494229674,46.589990872889757,2122.73</coordinates></Point></Placemark><Placemark><TimeSpan><begin>2026-08-05T07:07:41Z</begin><end>2026-08-05T07:07:53Z</end></TimeSpan><styleUrl>#point</styleUrl><Point><altitudeMode>clampToGround</altitudeMode><coordinates>11.95397861301899,46.589980144053698,2124.1700000000001</coordinates></Point></Placemark><Placemark><TimeSpan><begin>2026-08-05T07:07:53Z</begin><end>2026-08-05T07:07:54Z</end></TimeSpan><styleUrl>#point</styleUrl><Point><altitudeMode>clampToGround</altitudeMode><coordinates>11.953989593312144,46.589977294206619,2124.1700000000001</coordinates></Point></Placemark><Placemark><TimeSpan><begin>2026-08-05T07:07:54Z</begin><end>2026-08-05T07:08:05Z</end></TimeSpan><styleUrl>#point</styleUrl><Point><altitudeMode>clampToGround</altitudeMode><coordinates>11.954063605517149,46.589932031929493,2125.6100000000001</coordinates></Point></Placemark><Placemark><TimeSpan><begin>2026-08-05T07:08:05Z</begin><end>2026-08-05T07:08:17Z</end></TimeSpan><styleUrl>#point</styleUrl><Point><altitudeMode>clampToGround</altitudeMode><coordinates>11.954154968261719,46.589920883998275,2126.0900000000001</coordinates></Point></Placemark><Placemark><TimeSpan><begin>2026-08-05T07:08:17Z</begin><end>2026-08-05T07:08:26Z</end></TimeSpan><styleUrl>#point</styleUrl><Point><altitudeMode>clampToGround</altitudeMode><coordinates>11.954255970194936,46.58989624120295,2127.5300000000002</coordinates></Point></Placemark><Placemark><TimeSpan><begin>2026-08-05T07:08:26Z</begin><end>2026-08-05T07:08:37Z</end></TimeSpan><styleUrl>#point</styleUrl><Point><altitudeMode>clampToGround</altitudeMode><coordinates>11.954291509464383,46.589827677235007,2129.46</coordinates></Point></Placemark><Placemark><TimeSpan><begin>2026-08-05T07:08:37Z</begin><end>2026-08-05T07:08:46Z</end></TimeSpan><styleUrl>#point</styleUrl><Point><altitudeMode>clampToGround</altitudeMode><coordinates>11.954311961308122,46.589779146015644,2130.4200000000001</coordinates></Point></Placemark><Placemark><TimeSpan><begin>2026-08-05T07:08:46Z</begin><end>2026-08-05T07:08:57Z</end></TimeSpan><styleUrl>#point</styleUrl><Point><altitudeMode>clampToGround</altitudeMode><coordinates>11.954420506954193,46.589789455756545,2131.8600000000001</coordinates></Point></Placemark><Placemark><TimeSpan><begin>2026-08-05T07:08:57Z</begin><end>2026-08-05T07:09:08Z</end></TimeSpan><styleUrl>#point</styleUrl><Point><altitudeMode>clampToGround</altitudeMode><coordinates>11.954429391771555,46.589725837111473,2133.7800000000002</coordinates></Point></Placemark><Placemark><TimeSpan><begin>2026-08-05T07:09:08Z</begin><end>2026-08-05T07:09:19Z</end></TimeSpan><styleUrl>#point</styleUrl><Point><altitudeMode>clampToGround</altitudeMode><coordinates>11.954441210255027,46.589670265093446,2135.71</coordinates></Point></Placemark><Placemark><TimeSpan><begin>2026-08-05T07:09:19Z</begin><end>2026-08-05T07:09:28Z</end></TimeSpan><styleUrl>#point</styleUrl><Point><altitudeMode>clampToGround</altitudeMode><coordinates>11.954447412863374,46.589614190161228,2136.6700000000001</coordinates></Point></Placemark><Placemark><TimeSpan><begin>2026-08-05T07:09:28Z</begin><end>2026-08-05T07:09:39Z</end></TimeSpan><styleUrl>#point</styleUrl><Point><altitudeMode>clampToGround</altitudeMode><coordinates>11.954441461712122,46.589546632021666,2137.6300000000001</coordinates></Point></Placemark><Placemark><TimeSpan><begin>2026-08-05T07:09:39Z</begin><end>2026-08-05T07:09:50Z</end></TimeSpan><styleUrl>#point</styleUrl><Point><altitudeMode>clampToGround</altitudeMode><coordinates>11.954477252438664,46.589533891528845,2138.5900000000001</coordinates></Point></Placemark><Placemark><TimeSpan><begin>2026-08-05T07:09:50Z</begin><end>2026-08-05T07:10:05Z</end></TimeSpan><styleUrl>#point</styleUrl><Point><altitudeMode>clampToGround</altitudeMode><coordinates>11.954559898003936,46.589551409706473,2139.0700000000002</coordinates></Point></Placemark><Placemark><TimeSpan><begin>2026-08-05T07:10:05Z</begin><end>2026-08-05T07:10:21Z</end></TimeSpan><styleUrl>#point</styleUrl><Point><altitudeMode>clampToGround</altitudeMode><coordinates>11.954585295170546,46.589556857943535,2139.5500000000002</coordinates></Point></Placemark><Placemark><TimeSpan><begin>2026-08-05T07:10:21Z</begin><end>2026-08-05T07:10:32Z</end></TimeSpan><styleUrl>#point</styleUrl><Point><altitudeMode>clampToGround</altitudeMode><coordinates>11.954687722027302,46.589586194604635,2141.4699999999998</coordinates></Point></Placemark><Placemark><TimeSpan><begin>2026-08-05T07:10:32Z</begin><end>2026-08-05T07:10:44Z</end></TimeSpan><styleUrl>#point</styleUrl><Point><altitudeMode>clampToGround</altitudeMode><coordinates>11.954807667061687,46.589596504345536,2142.9200000000001</coordinates></Point></Placemark><Placemark><TimeSpan><begin>2026-08-05T07:10:44Z</begin><end>2026-08-05T07:10:56Z</end></TimeSpan><styleUrl>#point</styleUrl><Point><altitudeMode>clampToGround</altitudeMode><coordinates>11.954926773905754,46.589612765237689,2144.8400000000001</coordinates></Point></Placemark><Placemark><TimeSpan><begin>2026-08-05T07:10:56Z</begin><end>2026-08-05T07:11:07Z</end></TimeSpan><styleUrl>#point</styleUrl><Point><altitudeMode>clampToGround</altitudeMode><coordinates>11.954898694530129,46.589571693912148,2146.7600000000002</coordinates></Point></Placemark><Placemark><TimeSpan><begin>2026-08-05T07:11:07Z</begin><end>2026-08-05T07:11:17Z</end></TimeSpan><styleUrl>#point</styleUrl><Point><altitudeMode>clampToGround</altitudeMode><coordinates>11.954840859398246,46.589512936770916,2147.7199999999998</coordinates></Point></Placemark><Placemark><TimeSpan><begin>2026-08-05T07:11:17Z</begin><end>2026-08-05T07:11:27Z</end></TimeSpan><styleUrl>#point</styleUrl><Point><altitudeMode>clampToGround</altitudeMode><coordinates>11.954932473599911,46.589527856558561,2149.1599999999999</coordinates></Point></Placemark><Placemark><TimeSpan><begin>2026-08-05T07:11:27Z</begin><end>2026-08-05T07:11:37Z</end></TimeSpan><styleUrl>#point</styleUrl><Point><altitudeMode>clampToGround</altitudeMode><coordinates>11.955036325380206,46.589519809931517,2150.6100000000001</coordinates></Point></Placemark><Placemark><TimeSpan><begin>2026-08-05T07:11:37Z</begin><end>2026-08-05T07:11:49Z</end></TimeSpan><styleUrl>#point</styleUrl><Point><altitudeMode>clampToGround</altitudeMode><coordinates>11.955043198540807,46.58948234282434,2152.0500000000002</coordinates></Point></Placemark><Placemark><TimeSpan><begin>2026-08-05T07:11:49Z</begin><end>2026-08-05T07:12:00Z</end></TimeSpan><styleUrl>#point</styleUrl><Point><altitudeMode>clampToGround</altitudeMode><coordinates>11.954953176900744,46.589436158537865,2153.9699999999998</coordinates></Point></Placemark><Placemark><TimeSpan><begin>2026-08-05T07:12:00Z</begin><end>2026-08-05T07:12:12Z</end></TimeSpan><styleUrl>#point</styleUrl><Point><altitudeMode>clampToGround</altitudeMode><coordinates>11.954950662329793,46.589421406388283,2154.4499999999998</coordinates></Point></Placemark><Placemark><TimeSpan><begin>2026-08-05T07:12:12Z</begin><end>2026-08-05T07:12:25Z</end></TimeSpan><styleUrl>#point</styleUrl><Point><altitudeMode>clampToGround</altitudeMode><coordinates>11.954956781119108,46.589389219880104,2154.9299999999998</coordinates></Point></Placemark><Placemark><TimeSpan><begin>2026-08-05T07:12:25Z</begin><end>2026-08-05T07:12:37Z</end></TimeSpan><styleUrl>#point</styleUrl><Point><altitudeMode>clampToGround</altitudeMode><coordinates>11.955085024237633,46.589414030313492,2156.8600000000001</coordinates></Point></Placemark><Placemark><TimeSpan><begin>2026-08-05T07:12:37Z</begin><end>2026-08-05T07:12:48Z</end></TimeSpan><styleUrl>#point</styleUrl><Point><altitudeMode>clampToGround</altitudeMode><coordinates>11.955075887963176,46.589384861290455,2158.7800000000002</coordinates></Point></Placemark><Placemark><TimeSpan><begin>2026-08-05T07:12:48Z</begin><end>2026-08-05T07:12:58Z</end></TimeSpan><styleUrl>#point</styleUrl><Point><altitudeMode>clampToGround</altitudeMode><coordinates>11.955048395320773,46.589325182139874,2159.7399999999998</coordinates></Point></Placemark><Placemark><TimeSpan><begin>2026-08-05T07:12:58Z</begin><end>2026-08-05T07:13:08Z</end></TimeSpan><styleUrl>#point</styleUrl><Point><altitudeMode>clampToGround</altitudeMode><coordinates>11.955116288736463,46.589336581528187,2161.1799999999998</coordinates></Point></Placemark><Placemark><TimeSpan><begin>2026-08-05T07:13:08Z</begin><end>2026-08-05T07:13:20Z</end></TimeSpan><styleUrl>#point</styleUrl><Point><altitudeMode>clampToGround</altitudeMode><coordinates>11.955154594033957,46.589337754994631,2161.6599999999999</coordinates></Point></Placemark><Placemark><TimeSpan><begin>2026-08-05T07:13:20Z</begin><end>2026-08-05T07:13:32Z</end></TimeSpan><styleUrl>#point</styleUrl><Point><altitudeMode>clampToGround</altitudeMode><coordinates>11.95522609166801,46.589374300092459,2162.1399999999999</coordinates></Point></Placemark><Placemark><TimeSpan><begin>2026-08-05T07:13:32Z</begin><end>2026-08-05T07:13:43Z</end></TimeSpan><styleUrl>#point</styleUrl><Point><altitudeMode>clampToGround</altitudeMode><coordinates>11.955340169370174,46.589419981464744,2164.0599999999999</coordinates></Point></Placemark><Placemark><TimeSpan><begin>2026-08-05T07:13:43Z</begin><end>2026-08-05T07:13:54Z</end></TimeSpan><styleUrl>#point</styleUrl><Point><altitudeMode>clampToGround</altitudeMode><coordinates>11.955443434417248,46.589494496583939,2165.9899999999998</coordinates></Point></Placemark><Placemark><TimeSpan><begin>2026-08-05T07:13:54Z</begin><end>2026-08-05T07:14:06Z</end></TimeSpan><styleUrl>#point</styleUrl><Point><altitudeMode>clampToGround</altitudeMode><coordinates>11.95553295314312,46.589564988389611,2167.9099999999999</coordinates></Point></Placemark><Placemark><TimeSpan><begin>2026-08-05T07:14:06Z</begin><end>2026-08-05T07:14:19Z</end></TimeSpan><styleUrl>#point</styleUrl><Point><altitudeMode>clampToGround</altitudeMode><coordinates>11.955621130764484,46.589623661711812,2169.8299999999999</coordinates></Point></Placemark><Placemark><TimeSpan><begin>2026-08-05T07:14:19Z</begin><end>2026-08-05T07:14:32Z</end></TimeSpan><styleUrl>#point</styleUrl><Point><altitudeMode>clampToGround</altitudeMode><coordinates>11.955696316435933,46.589693147689104,2171.7600000000002</coordinates></Point></Placemark><Placemark><TimeSpan><begin>2026-08-05T07:14:32Z</begin><end>2026-08-05T07:14:43Z</end></TimeSpan><styleUrl>#point</styleUrl><Point><altitudeMode>clampToGround</altitudeMode><coordinates>11.955774687230587,46.589733883738518,2172.7199999999998</coordinates></Point></Placemark><Placemark><TimeSpan><begin>2026-08-05T07:14:43Z</begin><end>2026-08-05T07:14:54Z</end></TimeSpan><styleUrl>#point</styleUrl><Point><altitudeMode>clampToGround</altitudeMode><coordinates>11.955823050811887,46.589742517098784,2174.6399999999999</coordinates></Point></Placemark><Placemark><TimeSpan><begin>2026-08-05T07:14:54Z</begin><end>2026-08-05T07:15:05Z</end></TimeSpan><styleUrl>#point</styleUrl><Point><altitudeMode>clampToGround</altitudeMode><coordinates>11.955902595072985,46.589755676686764,2175.5999999999999</coordinates></Point></Placemark><Placemark><TimeSpan><begin>2026-08-05T07:15:05Z</begin><end>2026-08-05T07:15:18Z</end></TimeSpan><styleUrl>#point</styleUrl><Point><altitudeMode>clampToGround</altitudeMode><coordinates>11.955989850685,46.589767327532172,2178.48</coordinates></Point></Placemark><Placemark><TimeSpan><begin>2026-08-05T07:15:18Z</begin><end>2026-08-05T07:15:27Z</end></TimeSpan><styleUrl>#point</styleUrl><Point><altitudeMode>clampToGround</altitudeMode><coordinates>11.956019774079323,46.589770009741187,2179.4499999999998</coordinates></Point></Placemark><Placemark><TimeSpan><begin>2026-08-05T07:15:27Z</begin><end>2026-08-05T07:15:39Z</end></TimeSpan><styleUrl>#point</styleUrl><Point><altitudeMode>clampToGround</altitudeMode><coordinates>11.956094205379486,46.58980437554419,2181.8499999999999</coordinates></Point></Placemark><Placemark><TimeSpan><begin>2026-08-05T07:15:39Z</begin><end>2026-08-05T07:15:49Z</end></TimeSpan><styleUrl>#point</styleUrl><Point><altitudeMode>clampToGround</altitudeMode><coordinates>11.956167295575142,46.589836394414306,2183.29</coordinates></Point></Placemark><Placemark><TimeSpan><begin>2026-08-05T07:15:49Z</begin><end>2026-08-05T07:16:04Z</end></TimeSpan><styleUrl>#point</styleUrl><Point><altitudeMode>clampToGround</altitudeMode><coordinates>11.95624927058816,46.589866485446692,2185.21</coordinates></Point></Placemark><Placemark><TimeSpan><begin>2026-08-05T07:16:04Z</begin><end>2026-08-05T07:16:16Z</end></TimeSpan><styleUrl>#point</styleUrl><Point><altitudeMode>clampToGround</altitudeMode><coordinates>11.956196632236242,46.589821223169565,2187.1399999999999</coordinates></Point></Placemark><Placemark><TimeSpan><begin>2026-08-05T07:16:16Z</begin><end>2026-08-05T07:16:34Z</end></TimeSpan><styleUrl>#point</styleUrl><Point><altitudeMode>clampToGround</altitudeMode><coordinates>11.956159165129066,46.589807225391269,2187.6199999999999</coordinates></Point></Placemark><Placemark><TimeSpan><begin>2026-08-05T07:16:34Z</begin><end>2026-08-05T07:16:47Z</end></TimeSpan><styleUrl>#point</styleUrl><Point><altitudeMode>clampToGround</altitudeMode><coordinates>11.956134019419551,46.589748887345195,2188.5799999999999</coordinates></Point></Placemark><Placemark><TimeSpan><begin>2026-08-05T07:16:47Z</begin><end>2026-08-05T07:16:57Z</end></TimeSpan><styleUrl>#point</styleUrl><Point><altitudeMode>clampToGround</altitudeMode><coordinates>11.956104934215546,46.589686442166567,2190.5</coordinates></Point></Placemark><Placemark><TimeSpan><begin>2026-08-05T07:16:57Z</begin><end>2026-08-05T07:17:08Z</end></TimeSpan><styleUrl>#point</styleUrl><Point><altitudeMode>clampToGround</altitudeMode><coordinates>11.956080542877316,46.589621482416987,2192.4200000000001</coordinates></Point></Placemark><Placemark><TimeSpan><begin>2026-08-05T07:17:08Z</begin><end>2026-08-05T07:17:19Z</end></TimeSpan><styleUrl>#point</styleUrl><Point><altitudeMode>clampToGround</altitudeMode><coordinates>11.956052798777819,46.589541183784604,2193.8699999999999</coordinates></Point></Placemark><Placemark><TimeSpan><begin>2026-08-05T07:17:19Z</begin><end>2026-08-05T07:17:29Z</end></TimeSpan><styleUrl>#point</styleUrl><Point><altitudeMode>clampToGround</altitudeMode><coordinates>11.956084230914712,46.589491227641702,2195.3099999999999</coordinates></Point></Placemark><Placemark><TimeSpan><begin>2026-08-05T07:17:29Z</begin><end>2026-08-05T07:17:39Z</end></TimeSpan><styleUrl>#point</styleUrl><Point><altitudeMode>clampToGround</altitudeMode><coordinates>11.956057408824563,46.589449485763907,2196.75</coordinates></Point></Placemark><Placemark><TimeSpan><begin>2026-08-05T07:17:39Z</begin><end>2026-08-05T07:17:48Z</end></TimeSpan><styleUrl>#point</styleUrl><Point><altitudeMode>clampToGround</altitudeMode><coordinates>11.956044333055615,46.589411767199636,2198.1900000000001</coordinates></Point></Placemark><Placemark><TimeSpan><begin>2026-08-05T07:17:48Z</begin><end>2026-08-05T07:17:59Z</end></TimeSpan><styleUrl>#point</styleUrl><Point><altitudeMode>clampToGround</altitudeMode><coordinates>11.956050032749772,46.589390644803643,2199.1500000000001</coordinates></Point></Placemark><Placemark><TimeSpan><begin>2026-08-05T07:17:59Z</begin><end>2026-08-05T07:18:16Z</end></TimeSpan><styleUrl>#point</styleUrl><Point><altitudeMode>clampToGround</altitudeMode><coordinates>11.956012649461627,46.589399529621005,2199.1500000000001</coordinates></Point></Placemark><Placemark><TimeSpan><begin>2026-08-05T07:18:16Z</begin><end>2026-08-05T07:18:35Z</end></TimeSpan><styleUrl>#point</styleUrl><Point><altitudeMode>clampToGround</altitudeMode><coordinates>11.956045925617218,46.589401206001639,2199.1500000000001</coordinates></Point></Placemark><Placemark><TimeSpan><begin>2026-08-05T07:18:35Z</begin><end>2026-08-05T07:18:52Z</end></TimeSpan><styleUrl>#point</styleUrl><Point><altitudeMode>clampToGround</altitudeMode><coordinates>11.95604944601655,46.589405313134193,2199.6300000000001</coordinates></Point></Placemark><Placemark><TimeSpan><begin>2026-08-05T07:18:52Z</begin><end>2026-08-05T07:19:08Z</end></TimeSpan><styleUrl>#point</styleUrl><Point><altitudeMode>clampToGround</altitudeMode><coordinates>11.956041650846601,46.589412102475762,2199.6300000000001</coordinates></Point></Placemark><Placemark><TimeSpan><begin>2026-08-05T07:19:08Z</begin><end>2026-08-05T07:19:22Z</end></TimeSpan><styleUrl>#point</styleUrl><Point><altitudeMode>clampToGround</altitudeMode><coordinates>11.956045338883996,46.589364325627685,2200.5900000000001</coordinates></Point></Placemark><Placemark><TimeSpan><begin>2026-08-05T07:19:22Z</begin><end>2026-08-05T07:19:32Z</end></TimeSpan><styleUrl>#point</styleUrl><Point><altitudeMode>clampToGround</altitudeMode><coordinates>11.956036789342761,46.589292911812663,2202.04</coordinates></Point></Placemark><Placemark><TimeSpan><begin>2026-08-05T07:19:32Z</begin><end>2026-08-05T07:19:42Z</end></TimeSpan><styleUrl>#point</styleUrl><Point><altitudeMode>clampToGround</altitudeMode><coordinates>11.956011475995183,46.589233987033367,2203.48</coordinates></Point></Placemark><Placemark><TimeSpan><begin>2026-08-05T07:19:42Z</begin><end>2026-08-05T07:19:53Z</end></TimeSpan><styleUrl>#point</styleUrl><Point><altitudeMode>clampToGround</altitudeMode><coordinates>11.956043327227235,46.589198531582952,2204.9200000000001</coordinates></Point></Placemark><Placemark><TimeSpan><begin>2026-08-05T07:19:53Z</begin><end>2026-08-05T07:20:05Z</end></TimeSpan><styleUrl>#point</styleUrl><Point><altitudeMode>clampToGround</altitudeMode><coordinates>11.956126475706697,46.58922141417861,2206.8400000000001</coordinates></Point></Placemark><Placemark><TimeSpan><begin>2026-08-05T07:20:05Z</begin><end>2026-08-05T07:20:15Z</end></TimeSpan><styleUrl>#point</styleUrl><Point><altitudeMode>clampToGround</altitudeMode><coordinates>11.956219095736742,46.589263323694468,2207.8099999999999</coordinates></Point></Placemark><Placemark><TimeSpan><begin>2026-08-05T07:20:15Z</begin><end>2026-08-05T07:20:27Z</end></TimeSpan><styleUrl>#point</styleUrl><Point><altitudeMode>clampToGround</altitudeMode><coordinates>11.956289587542415,46.589314788579941,2210.21</coordinates></Point></Placemark><Placemark><TimeSpan><begin>2026-08-05T07:20:27Z</begin><end>2026-08-05T07:20:38Z</end></TimeSpan><styleUrl>#point</styleUrl><Point><altitudeMode>clampToGround</altitudeMode><coordinates>11.956365443766117,46.589342197403312,2212.1300000000001</coordinates></Point></Placemark><Placemark><TimeSpan><begin>2026-08-05T07:20:38Z</begin><end>2026-08-05T07:20:59Z</end></TimeSpan><styleUrl>#point</styleUrl><Point><altitudeMode>clampToGround</altitudeMode><coordinates>11.956495782360435,46.589387794956565,2214.5300000000002</coordinates></Point></Placemark><Placemark><TimeSpan><begin>2026-08-05T07:20:59Z</begin><end>2026-08-05T07:21:12Z</end></TimeSpan><styleUrl>#point</styleUrl><Point><altitudeMode>clampToGround</altitudeMode><coordinates>11.956573817878962,46.589416293427348,2216.46</coordinates></Point></Placemark><Placemark><TimeSpan><begin>2026-08-05T07:21:12Z</begin><end>2026-08-05T07:21:17Z</end></TimeSpan><styleUrl>#point</styleUrl><Point><altitudeMode>clampToGround</altitudeMode><coordinates>11.956611117348075,46.58941101282835,2217.9000000000001</coordinates></Point></Placemark><Placemark><TimeSpan><begin>2026-08-05T07:21:17Z</begin><end>2026-08-05T07:21:28Z</end></TimeSpan><styleUrl>#point</styleUrl><Point><altitudeMode>clampToGround</altitudeMode><coordinates>11.956656547263265,46.589416544884443,2219.3400000000001</coordinates></Point></Placemark><Placemark><TimeSpan><begin>2026-08-05T07:21:28Z</begin><end>2026-08-05T07:21:49Z</end></TimeSpan><styleUrl>#point</styleUrl><Point><altitudeMode>clampToGround</altitudeMode><coordinates>11.956721171736717,46.589449988678098,2220.3000000000002</coordinates></Point></Placemark><Placemark><TimeSpan><begin>2026-08-05T07:21:49Z</begin><end>2026-08-05T07:22:03Z</end></TimeSpan><styleUrl>#point</styleUrl><Point><altitudeMode>clampToGround</altitudeMode><coordinates>11.956800129264593,46.589490892365575,2223.1900000000001</coordinates></Point></Placemark><Placemark><TimeSpan><begin>2026-08-05T07:22:03Z</begin><end>2026-08-05T07:22:16Z</end></TimeSpan><styleUrl>#point</styleUrl><Point><altitudeMode>clampToGround</altitudeMode><coordinates>11.95687472820282,46.589533053338528,2225.1100000000001</coordinates></Point></Placemark><Placemark><TimeSpan><begin>2026-08-05T07:22:16Z</begin><end>2026-08-05T07:22:28Z</end></TimeSpan><styleUrl>#point</styleUrl><Point><altitudeMode>clampToGround</altitudeMode><coordinates>11.956944717094302,46.589591894298792,2226.5500000000002</coordinates></Point></Placemark><Placemark><TimeSpan><begin>2026-08-05T07:22:28Z</begin><end>2026-08-05T07:22:39Z</end></TimeSpan><styleUrl>#point</styleUrl><Point><altitudeMode>clampToGround</altitudeMode><coordinates>11.957020573318005,46.589627182111144,2228.4699999999998</coordinates></Point></Placemark><Placemark><TimeSpan><begin>2026-08-05T07:22:39Z</begin><end>2026-08-05T07:22:51Z</end></TimeSpan><styleUrl>#point</styleUrl><Point><altitudeMode>clampToGround</altitudeMode><coordinates>11.957094753161073,46.589656854048371,2229.9200000000001</coordinates></Point></Placemark><Placemark><TimeSpan><begin>2026-08-05T07:22:51Z</begin><end>2026-08-05T07:23:03Z</end></TimeSpan><styleUrl>#point</styleUrl><Point><altitudeMode>clampToGround</altitudeMode><coordinates>11.957163568586111,46.589685184881091,2231.8400000000001</coordinates></Point></Placemark><Placemark><TimeSpan><begin>2026-08-05T07:23:03Z</begin><end>2026-08-05T07:23:17Z</end></TimeSpan><styleUrl>#point</styleUrl><Point><altitudeMode>clampToGround</altitudeMode><coordinates>11.957218302413821,46.589712426066399,2233.2800000000002</coordinates></Point></Placemark><Placemark><TimeSpan><begin>2026-08-05T07:23:17Z</begin><end>2026-08-05T07:23:35Z</end></TimeSpan><styleUrl>#point</styleUrl><Point><altitudeMode>clampToGround</altitudeMode><coordinates>11.957189049571753,46.589722316712141,2234.2399999999998</coordinates></Point></Placemark><Placemark><TimeSpan><begin>2026-08-05T07:23:35Z</begin><end>2026-08-05T07:23:48Z</end></TimeSpan><styleUrl>#point</styleUrl><Point><altitudeMode>clampToGround</altitudeMode><coordinates>11.957303881645203,46.589757101610303,2235.6799999999998</coordinates></Point></Placemark><Placemark><TimeSpan><begin>2026-08-05T07:23:48Z</begin><end>2026-08-05T07:24:04Z</end></TimeSpan><styleUrl>#point</styleUrl><Point><altitudeMode>clampToGround</altitudeMode><coordinates>11.957355514168739,46.589751653373241,2236.6399999999999</coordinates></Point></Placemark><Placemark><TimeSpan><begin>2026-08-05T07:24:04Z</begin><end>2026-08-05T07:24:24Z</end></TimeSpan><styleUrl>#point</styleUrl><Point><altitudeMode>clampToGround</altitudeMode><coordinates>11.957375882193446,46.589756766334176,2236.6399999999999</coordinates></Point></Placemark><Placemark><TimeSpan><begin>2026-08-05T07:24:24Z</begin><end>2026-08-05T07:24:35Z</end></TimeSpan><styleUrl>#point</styleUrl><Point><altitudeMode>clampToGround</altitudeMode><coordinates>11.957441680133343,46.589764645323157,2238.5700000000002</coordinates></Point></Placemark><Placemark><TimeSpan><begin>2026-08-05T07:24:35Z</begin><end>2026-08-05T07:24:48Z</end></TimeSpan><styleUrl>#point</styleUrl><Point><altitudeMode>clampToGround</altitudeMode><coordinates>11.957515357062221,46.589780738577247,2240.4899999999998</coordinates></Point></Placemark><Placemark><TimeSpan><begin>2026-08-05T07:24:48Z</begin><end>2026-08-05T07:25:02Z</end></TimeSpan><styleUrl>#point</styleUrl><Point><altitudeMode>clampToGround</altitudeMode><coordinates>11.957579730078578,46.589789036661386,2242.4099999999999</coordinates></Point></Placemark><Placemark><TimeSpan><begin>2026-08-05T07:25:02Z</begin><end>2026-08-05T07:25:12Z</end></TimeSpan><styleUrl>#point</styleUrl><Point><altitudeMode>clampToGround</altitudeMode><coordinates>11.957643935456872,46.589807644486427,2244.3299999999999</coordinates></Point></Placemark><Placemark><TimeSpan><begin>2026-08-05T07:25:12Z</begin><end>2026-08-05T07:25:26Z</end></TimeSpan><styleUrl>#point</styleUrl><Point><altitudeMode>clampToGround</altitudeMode><coordinates>11.957705374807119,46.589851398020983,2245.7800000000002</coordinates></Point></Placemark><Placemark><TimeSpan><begin>2026-08-05T07:25:26Z</begin><end>2026-08-05T07:25:49Z</end></TimeSpan><styleUrl>#point</styleUrl><Point><altitudeMode>clampToGround</altitudeMode><coordinates>11.957747703418136,46.589896408841014,2246.2600000000002</coordinates></Point></Placemark><Placemark><TimeSpan><begin>2026-08-05T07:25:49Z</begin><end>2026-08-05T07:26:01Z</end></TimeSpan><styleUrl>#point</styleUrl><Point><altitudeMode>clampToGround</altitudeMode><coordinates>11.957860020920634,46.589919626712799,2248.1799999999998</coordinates></Point></Placemark><Placemark><TimeSpan><begin>2026-08-05T07:26:01Z</begin><end>2026-08-05T07:26:14Z</end></TimeSpan><styleUrl>#point</styleUrl><Point><altitudeMode>clampToGround</altitudeMode><coordinates>11.957965297624469,46.58994116820395,2250.0999999999999</coordinates></Point></Placemark><Placemark><TimeSpan><begin>2026-08-05T07:26:14Z</begin><end>2026-08-05T07:26:28Z</end></TimeSpan><styleUrl>#point</styleUrl><Point><altitudeMode>clampToGround</altitudeMode><coordinates>11.95805573835969,46.589970672503114,2252.5100000000002</coordinates></Point></Placemark><Placemark><TimeSpan><begin>2026-08-05T07:26:28Z</begin><end>2026-08-05T07:26:40Z</end></TimeSpan><styleUrl>#point</styleUrl><Point><altitudeMode>clampToGround</altitudeMode><coordinates>11.958127152174711,46.590041080489755,2252.9899999999998</coordinates></Point></Placemark><Placemark><TimeSpan><begin>2026-08-05T07:26:40Z</begin><end>2026-08-05T07:26:51Z</end></TimeSpan><styleUrl>#point</styleUrl><Point><altitudeMode>clampToGround</altitudeMode><coordinates>11.958160093054175,46.59005549736321,2254.4299999999998</coordinates></Point></Placemark><Placemark><TimeSpan><begin>2026-08-05T07:26:51Z</begin><end>2026-08-05T07:27:10Z</end></TimeSpan><styleUrl>#point</styleUrl><Point><altitudeMode>clampToGround</altitudeMode><coordinates>11.95818180218339,46.590069327503443,2254.9099999999999</coordinates></Point></Placemark><Placemark><TimeSpan><begin>2026-08-05T07:27:10Z</begin><end>2026-08-05T07:27:24Z</end></TimeSpan><styleUrl>#point</styleUrl><Point><altitudeMode>clampToGround</altitudeMode><coordinates>11.958263777196407,46.590138226747513,2256.3499999999999</coordinates></Point></Placemark><Placemark><TimeSpan><begin>2026-08-05T07:27:24Z</begin><end>2026-08-05T07:27:36Z</end></TimeSpan><styleUrl>#point</styleUrl><Point><altitudeMode>clampToGround</altitudeMode><coordinates>11.958333849906921,46.590175442397594,2258.27</coordinates></Point></Placemark><Placemark><TimeSpan><begin>2026-08-05T07:27:36Z</begin><end>2026-08-05T07:27:46Z</end></TimeSpan><styleUrl>#point</styleUrl><Point><altitudeMode>clampToGround</altitudeMode><coordinates>11.95839780382812,46.590228751301765,2259.7199999999998</coordinates></Point></Placemark><Placemark><TimeSpan><begin>2026-08-05T07:27:46Z</begin><end>2026-08-05T07:27:58Z</end></TimeSpan><styleUrl>#point</styleUrl><Point><altitudeMode>clampToGround</altitudeMode><coordinates>11.958464272320271,46.590290777385235,2260.6799999999998</coordinates></Point></Placemark><Placemark><TimeSpan><begin>2026-08-05T07:27:58Z</begin><end>2026-08-05T07:28:13Z</end></TimeSpan><styleUrl>#point</styleUrl><Point><altitudeMode>clampToGround</altitudeMode><coordinates>11.958529483526945,46.590351378545165,2262.5999999999999</coordinates></Point></Placemark><Placemark><TimeSpan><begin>2026-08-05T07:28:13Z</begin><end>2026-08-05T07:28:24Z</end></TimeSpan><styleUrl>#point</styleUrl><Point><altitudeMode>clampToGround</altitudeMode><coordinates>11.958551863208413,46.590396054089069,2263.5599999999999</coordinates></Point></Placemark><Placemark><TimeSpan><begin>2026-08-05T07:28:24Z</begin><end>2026-08-05T07:28:33Z</end></TimeSpan><styleUrl>#point</styleUrl><Point><altitudeMode>clampToGround</altitudeMode><coordinates>11.958539709448814,46.590445507317781,2265</coordinates></Point></Placemark><Placemark><TimeSpan><begin>2026-08-05T07:28:33Z</begin><end>2026-08-05T07:28:42Z</end></TimeSpan><styleUrl>#point</styleUrl><Point><altitudeMode>clampToGround</altitudeMode><coordinates>11.95851992815733,46.590479956939816,2265.96</coordinates></Point></Placemark><Placemark><TimeSpan><begin>2026-08-05T07:28:42Z</begin><end>2026-08-05T07:28:51Z</end></TimeSpan><styleUrl>#point</styleUrl><Point><altitudeMode>clampToGround</altitudeMode><coordinates>11.958546498790383,46.5904825553298,2266.4499999999998</coordinates></Point></Placemark><Placemark><TimeSpan><begin>2026-08-05T07:28:51Z</begin><end>2026-08-05T07:29:02Z</end></TimeSpan><styleUrl>#point</styleUrl><Point><altitudeMode>clampToGround</altitudeMode><coordinates>11.958550941199064,46.590522956103086,2267.4099999999999</coordinates></Point></Placemark><Placemark><TimeSpan><begin>2026-08-05T07:29:02Z</begin><end>2026-08-05T07:29:13Z</end></TimeSpan><styleUrl>#point</styleUrl><Point><altitudeMode>clampToGround</altitudeMode><coordinates>11.958610536530614,46.590562770143151,2268.8499999999999</coordinates></Point></Placemark><Placemark><TimeSpan><begin>2026-08-05T07:29:13Z</begin><end>2026-08-05T07:29:22Z</end></TimeSpan><styleUrl>#point</styleUrl><Point><altitudeMode>clampToGround</altitudeMode><coordinates>11.958633922040462,46.59052949398756,2269.8099999999999</coordinates></Point></Placemark><Placemark><TimeSpan><begin>2026-08-05T07:29:22Z</begin><end>2026-08-05T07:29:34Z</end></TimeSpan><styleUrl>#point</styleUrl><Point><altitudeMode>clampToGround</altitudeMode><coordinates>11.958703240379691,46.59053485840559,2271.25</coordinates></Point></Placemark><Placemark><TimeSpan><begin>2026-08-05T07:29:34Z</begin><end>2026-08-05T07:29:45Z</end></TimeSpan><styleUrl>#point</styleUrl><Point><altitudeMode>clampToGround</altitudeMode><coordinates>11.958766020834446,46.590521112084389,2272.6900000000001</coordinates></Point></Placemark><Placemark><TimeSpan><begin>2026-08-05T07:29:45Z</begin><end>2026-08-05T07:29:55Z</end></TimeSpan><styleUrl>#point</styleUrl><Point><altitudeMode>clampToGround</altitudeMode><coordinates>11.958779515698552,46.590561680495739,2273.1700000000001</coordinates></Point></Placemark><Placemark><TimeSpan><begin>2026-08-05T07:29:55Z</begin><end>2026-08-05T07:30:06Z</end></TimeSpan><styleUrl>#point</styleUrl><Point><altitudeMode>clampToGround</altitudeMode><coordinates>11.958817401900887,46.590583473443985,2273.6599999999999</coordinates></Point></Placemark><Placemark><TimeSpan><begin>2026-08-05T07:30:06Z</begin><end>2026-08-05T07:30:17Z</end></TimeSpan><styleUrl>#point</styleUrl><Point><altitudeMode>clampToGround</altitudeMode><coordinates>11.958801057189703,46.590601243078709,2274.6199999999999</coordinates></Point></Placemark><Placemark><TimeSpan><begin>2026-08-05T07:30:17Z</begin><end>2026-08-05T07:30:36Z</end></TimeSpan><styleUrl>#point</styleUrl><Point><altitudeMode>clampToGround</altitudeMode><coordinates>11.958785802125931,46.590602165088058,2274.6199999999999</coordinates></Point></Placemark><Placemark><TimeSpan><begin>2026-08-05T07:30:36Z</begin><end>2026-08-05T07:30:52Z</end></TimeSpan><styleUrl>#point</styleUrl><Point><altitudeMode>clampToGround</altitudeMode><coordinates>11.958760656416416,46.590587832033634,2274.6199999999999</coordinates></Point></Placemark><Placemark><TimeSpan><begin>2026-08-05T07:30:52Z</begin><end>2026-08-05T07:31:08Z</end></TimeSpan><styleUrl>#point</styleUrl><Point><altitudeMode>clampToGround</altitudeMode><coordinates>11.958730733022094,46.590593867003918,2274.6199999999999</coordinates></Point></Placemark><Placemark><TimeSpan><begin>2026-08-05T07:31:08Z</begin><end>2026-08-05T07:31:31Z</end></TimeSpan><styleUrl>#point</styleUrl><Point><altitudeMode>clampToGround</altitudeMode><coordinates>11.958726122975349,46.590589256957173,2275.5799999999999</coordinates></Point></Placemark><Placemark><TimeSpan><begin>2026-08-05T07:31:31Z</begin><end>2026-08-05T07:31:47Z</end></TimeSpan><styleUrl>#point</styleUrl><Point><altitudeMode>clampToGround</altitudeMode><coordinates>11.958745904266834,46.590595627203584,2275.5799999999999</coordinates></Point></Placemark><Placemark><TimeSpan><begin>2026-08-05T07:31:47Z</begin><end>2026-08-05T07:32:05Z</end></TimeSpan><styleUrl>#point</styleUrl><Point><altitudeMode>clampToGround</altitudeMode><coordinates>11.958782197907567,46.590612810105085,2275.5799999999999</coordinates></Point></Placemark><Placemark><TimeSpan><begin>2026-08-05T07:32:05Z</begin><end>2026-08-05T07:32:18Z</end></TimeSpan><styleUrl>#point</styleUrl><Point><altitudeMode>clampToGround</altitudeMode><coordinates>11.958775240927935,46.590626472607255,2276.0599999999999</coordinates></Point></Placemark><Placemark><TimeSpan><begin>2026-08-05T07:32:18Z</begin><end>2026-08-05T07:32:30Z</end></TimeSpan><styleUrl>#point</styleUrl><Point><altitudeMode>clampToGround</altitudeMode><coordinates>11.958744982257485,46.59061448648572,2276.0599999999999</coordinates></Point></Placemark><Placemark><TimeSpan><begin>2026-08-05T07:32:30Z</begin><end>2026-08-05T07:32:49Z</end></TimeSpan><styleUrl>#point</styleUrl><Point><altitudeMode>clampToGround</altitudeMode><coordinates>11.958724362775683,46.590597471222281,2276.0599999999999</coordinates></Point></Placemark><Placemark><TimeSpan><begin>2026-08-05T07:32:49Z</begin><end>2026-08-05T07:33:08Z</end></TimeSpan><styleUrl>#point</styleUrl><Point><altitudeMode>clampToGround</altitudeMode><coordinates>11.958714304491878,46.590620521456003,2276.54</coordinates></Point></Placemark><Placemark><TimeSpan><begin>2026-08-05T07:33:08Z</begin><end>2026-08-05T07:33:17Z</end></TimeSpan><styleUrl>#point</styleUrl><Point><altitudeMode>clampToGround</altitudeMode><coordinates>11.958750346675515,46.590615576133132,2276.54</coordinates></Point></Placemark><Placemark><TimeSpan><begin>2026-08-05T07:33:17Z</begin><end>2026-08-05T07:33:29Z</end></TimeSpan><styleUrl>#point</styleUrl><Point><altitudeMode>clampToGround</altitudeMode><coordinates>11.958771971985698,46.590613983571529,2276.54</coordinates></Point></Placemark><Placemark><TimeSpan><begin>2026-08-05T07:33:29Z</begin><end>2026-08-05T07:33:47Z</end></TimeSpan><styleUrl>#point</styleUrl><Point><altitudeMode>clampToGround</altitudeMode><coordinates>11.958796866238117,46.590617336332798,2276.54</coordinates></Point></Placemark><Placemark><TimeSpan><begin>2026-08-05T07:33:47Z</begin><end>2026-08-05T07:34:04Z</end></TimeSpan><styleUrl>#point</styleUrl><Point><altitudeMode>clampToGround</altitudeMode><coordinates>11.958795944228768,46.590631920844316,2277.02</coordinates></Point></Placemark><Placemark><TimeSpan><begin>2026-08-05T07:34:04Z</begin><end>2026-08-05T07:34:23Z</end></TimeSpan><styleUrl>#point</styleUrl><Point><altitudeMode>clampToGround</altitudeMode><coordinates>11.95882142521441,46.590633178129792,2277.02</coordinates></Point></Placemark><Placemark><TimeSpan><begin>2026-08-05T07:34:23Z</begin><end>2026-08-05T07:34:41Z</end></TimeSpan><styleUrl>#point</styleUrl><Point><altitudeMode>clampToGround</altitudeMode><coordinates>11.958810025826097,46.590633848682046,2277.02</coordinates></Point></Placemark><Placemark><TimeSpan><begin>2026-08-05T07:34:41Z</begin><end>2026-08-05T07:34:56Z</end></TimeSpan><styleUrl>#point</styleUrl><Point><altitudeMode>clampToGround</altitudeMode><coordinates>11.958788316696882,46.590636530891061,2277.5</coordinates></Point></Placemark><Placemark><TimeSpan><begin>2026-08-05T07:34:56Z</begin><end>2026-08-05T07:35:06Z</end></TimeSpan><styleUrl>#point</styleUrl><Point><altitudeMode>clampToGround</altitudeMode><coordinates>11.958805415779352,46.590669639408588,2277.5</coordinates></Point></Placemark><Placemark><TimeSpan><begin>2026-08-05T07:35:06Z</begin><end>2026-08-05T07:35:16Z</end></TimeSpan><styleUrl>#point</styleUrl><Point><altitudeMode>clampToGround</altitudeMode><coordinates>11.958812372758985,46.590713476762176,2279.9000000000001</coordinates></Point></Placemark><Placemark><TimeSpan><begin>2026-08-05T07:35:16Z</begin><end>2026-08-05T07:35:26Z</end></TimeSpan><styleUrl>#point</styleUrl><Point><altitudeMode>clampToGround</altitudeMode><coordinates>11.958793764933944,46.590739041566849,2280.8699999999999</coordinates></Point></Placemark><Placemark><TimeSpan><begin>2026-08-05T07:35:26Z</begin><end>2026-08-05T07:35:37Z</end></TimeSpan><styleUrl>#point</styleUrl><Point><altitudeMode>clampToGround</altitudeMode><coordinates>11.958784628659487,46.590755386278033,2282.3099999999999</coordinates></Point></Placemark><Placemark><TimeSpan><begin>2026-08-05T07:35:37Z</begin><end>2026-08-05T07:35:47Z</end></TimeSpan><styleUrl>#point</styleUrl><Point><altitudeMode>clampToGround</altitudeMode><coordinates>11.958822179585695,46.590747926384211,2283.27</coordinates></Point></Placemark><Placemark><TimeSpan><begin>2026-08-05T07:35:47Z</begin><end>2026-08-05T07:35:59Z</end></TimeSpan><styleUrl>#point</styleUrl><Point><altitudeMode>clampToGround</altitudeMode><coordinates>11.958909602835774,46.590695036575198,2284.71</coordinates></Point></Placemark><Placemark><TimeSpan><begin>2026-08-05T07:35:59Z</begin><end>2026-08-05T07:36:10Z</end></TimeSpan><styleUrl>#point</styleUrl><Point><altitudeMode>clampToGround</altitudeMode><coordinates>11.959030386060476,46.590661341324449,2285.6700000000001</coordinates></Point></Placemark><Placemark><TimeSpan><begin>2026-08-05T07:36:10Z</begin><end>2026-08-05T07:36:20Z</end></TimeSpan><styleUrl>#point</styleUrl><Point><altitudeMode>clampToGround</altitudeMode><coordinates>11.959020243957639,46.590668885037303,2289.04</coordinates></Point></Placemark><Placemark><TimeSpan><begin>2026-08-05T07:36:20Z</begin><end>2026-08-05T07:36:21Z</end></TimeSpan><styleUrl>#point</styleUrl><Point><altitudeMode>clampToGround</altitudeMode><coordinates>11.959027703851461,46.590666621923447,2287.1100000000001</coordinates></Point></Placemark><Placemark><TimeSpan><begin>2026-08-05T07:36:21Z</begin><end>2026-08-05T07:36:32Z</end></TimeSpan><styleUrl>#point</styleUrl><Point><altitudeMode>clampToGround</altitudeMode><coordinates>11.959156114608049,46.590659748762846,2288.0799999999999</coordinates></Point></Placemark><Placemark><TimeSpan><begin>2026-08-05T07:36:32Z</begin><end>2026-08-05T07:36:44Z</end></TimeSpan><styleUrl>#point</styleUrl><Point><altitudeMode>clampToGround</altitudeMode><coordinates>11.959230629727244,46.590705513954163,2290.48</coordinates></Point></Placemark><Placemark><TimeSpan><begin>2026-08-05T07:36:44Z</begin><end>2026-08-05T07:36:53Z</end></TimeSpan><styleUrl>#point</styleUrl><Point><altitudeMode>clampToGround</altitudeMode><coordinates>11.959128621965647,46.590757900848985,2291.9200000000001</coordinates></Point></Placemark><Placemark><TimeSpan><begin>2026-08-05T07:36:53Z</begin><end>2026-08-05T07:37:04Z</end></TimeSpan><styleUrl>#point</styleUrl><Point><altitudeMode>clampToGround</altitudeMode><coordinates>11.959046563133597,46.590811377391219,2292.4000000000001</coordinates></Point></Placemark><Placemark><TimeSpan><begin>2026-08-05T07:37:04Z</begin><end>2026-08-05T07:37:19Z</end></TimeSpan><styleUrl>#point</styleUrl><Point><altitudeMode>clampToGround</altitudeMode><coordinates>11.95898805744946,46.59091841429472,2294.3200000000002</coordinates></Point></Placemark><Placemark><TimeSpan><begin>2026-08-05T07:37:19Z</begin><end>2026-08-05T07:37:29Z</end></TimeSpan><styleUrl>#point</styleUrl><Point><altitudeMode>clampToGround</altitudeMode><coordinates>11.958916140720248,46.590981613844633,2295.2800000000002</coordinates></Point></Placemark><Placemark><TimeSpan><begin>2026-08-05T07:37:29Z</begin><end>2026-08-05T07:37:40Z</end></TimeSpan><styleUrl>#point</styleUrl><Point><altitudeMode>clampToGround</altitudeMode><coordinates>11.958905579522252,46.591042717918754,2296.73</coordinates></Point></Placemark><Placemark><TimeSpan><begin>2026-08-05T07:37:40Z</begin><end>2026-08-05T07:37:52Z</end></TimeSpan><styleUrl>#point</styleUrl><Point><altitudeMode>clampToGround</altitudeMode><coordinates>11.959063410758972,46.590986223891377,2298.6500000000001</coordinates></Point></Placemark><Placemark><TimeSpan><begin>2026-08-05T07:37:52Z</begin><end>2026-08-05T07:38:04Z</end></TimeSpan><styleUrl>#point</styleUrl><Point><altitudeMode>clampToGround</altitudeMode><coordinates>11.959162652492523,46.590950768440962,2299.6100000000001</coordinates></Point></Placemark><Placemark><TimeSpan><begin>2026-08-05T07:38:04Z</begin><end>2026-08-05T07:38:14Z</end></TimeSpan><styleUrl>#point</styleUrl><Point><altitudeMode>clampToGround</altitudeMode><coordinates>11.95920255035162,46.590986056253314,2301.0500000000002</coordinates></Point></Placemark><Placemark><TimeSpan><begin>2026-08-05T07:38:14Z</begin><end>2026-08-05T07:38:17Z</end></TimeSpan><styleUrl>#point</styleUrl><Point><altitudeMode>clampToGround</altitudeMode><coordinates>11.959151169285178,46.591011537238955,2302.0100000000002</coordinates></Point></Placemark><Placemark><TimeSpan><begin>2026-08-05T07:38:17Z</begin><end>2026-08-05T07:38:28Z</end></TimeSpan><styleUrl>#point</styleUrl><Point><altitudeMode>clampToGround</altitudeMode><coordinates>11.959054274484515,46.591088147833943,2302.4899999999998</coordinates></Point></Placemark><Placemark><TimeSpan><begin>2026-08-05T07:38:28Z</begin><end>2026-08-05T07:38:40Z</end></TimeSpan><styleUrl>#point</styleUrl><Point><altitudeMode>clampToGround</altitudeMode><coordinates>11.958962073549628,46.591163333505392,2303.9400000000001</coordinates></Point></Placemark><Placemark><TimeSpan><begin>2026-08-05T07:38:40Z</begin><end>2026-08-05T07:38:51Z</end></TimeSpan><styleUrl>#point</styleUrl><Point><altitudeMode>clampToGround</altitudeMode><coordinates>11.958909016102552,46.59121354110539,2304.9000000000001</coordinates></Point></Placemark><Placemark><TimeSpan><begin>2026-08-05T07:38:51Z</begin><end>2026-08-05T07:39:02Z</end></TimeSpan><styleUrl>#point</styleUrl><Point><altitudeMode>clampToGround</altitudeMode><coordinates>11.959032984450459,46.591159058734775,2306.3400000000001</coordinates></Point></Placemark><Placemark><TimeSpan><begin>2026-08-05T07:39:02Z</begin><end>2026-08-05T07:39:14Z</end></TimeSpan><styleUrl>#point</styleUrl><Point><altitudeMode>clampToGround</altitudeMode><coordinates>11.959205316379666,46.59112804569304,2307.3000000000002</coordinates></Point></Placemark><Placemark><TimeSpan><begin>2026-08-05T07:39:14Z</begin><end>2026-08-05T07:39:24Z</end></TimeSpan><styleUrl>#point</styleUrl><Point><altitudeMode>clampToGround</altitudeMode><coordinates>11.959359208121896,46.591092338785529,2309.2199999999998</coordinates></Point></Placemark><Placemark><TimeSpan><begin>2026-08-05T07:39:24Z</begin><end>2026-08-05T07:39:35Z</end></TimeSpan><styleUrl>#point</styleUrl><Point><altitudeMode>clampToGround</altitudeMode><coordinates>11.959373457357287,46.591131649911404,2311.1500000000001</coordinates></Point></Placemark><Placemark><TimeSpan><begin>2026-08-05T07:39:35Z</begin><end>2026-08-05T07:39:46Z</end></TimeSpan><styleUrl>#point</styleUrl><Point><altitudeMode>clampToGround</altitudeMode><coordinates>11.95924362167716,46.591223683208227,2312.5900000000001</coordinates></Point></Placemark><Placemark><TimeSpan><begin>2026-08-05T07:39:46Z</begin><end>2026-08-05T07:39:57Z</end></TimeSpan><styleUrl>#point</styleUrl><Point><altitudeMode>clampToGround</altitudeMode><coordinates>11.959173465147614,46.591292833909392,2313.5500000000002</coordinates></Point></Placemark><Placemark><TimeSpan><begin>2026-08-05T07:39:57Z</begin><end>2026-08-05T07:40:09Z</end></TimeSpan><styleUrl>#point</styleUrl><Point><altitudeMode>clampToGround</altitudeMode><coordinates>11.959110936149955,46.591364415362477,2315.9499999999998</coordinates></Point></Placemark><Placemark><TimeSpan><begin>2026-08-05T07:40:09Z</begin><end>2026-08-05T07:40:21Z</end></TimeSpan><styleUrl>#point</styleUrl><Point><altitudeMode>clampToGround</altitudeMode><coordinates>11.959041617810726,46.591436415910721,2317.4000000000001</coordinates></Point></Placemark><Placemark><TimeSpan><begin>2026-08-05T07:40:21Z</begin><end>2026-08-05T07:40:34Z</end></TimeSpan><styleUrl>#point</styleUrl><Point><altitudeMode>clampToGround</altitudeMode><coordinates>11.959055531769991,46.591492658481002,2319.3200000000002</coordinates></Point></Placemark><Placemark><TimeSpan><begin>2026-08-05T07:40:34Z</begin><end>2026-08-05T07:40:53Z</end></TimeSpan><styleUrl>#point</styleUrl><Point><altitudeMode>clampToGround</altitudeMode><coordinates>11.959144212305546,46.591471284627914,2320.7600000000002</coordinates></Point></Placemark><Placemark><TimeSpan><begin>2026-08-05T07:40:53Z</begin><end>2026-08-05T07:41:03Z</end></TimeSpan><styleUrl>#point</styleUrl><Point><altitudeMode>clampToGround</altitudeMode><coordinates>11.959259631112218,46.591436667367816,2322.1999999999998</coordinates></Point></Placemark><Placemark><TimeSpan><begin>2026-08-05T07:41:03Z</begin><end>2026-08-05T07:41:13Z</end></TimeSpan><styleUrl>#point</styleUrl><Point><altitudeMode>clampToGround</altitudeMode><coordinates>11.959232809022069,46.591488467529416,2323.6399999999999</coordinates></Point></Placemark><Placemark><TimeSpan><begin>2026-08-05T07:41:13Z</begin><end>2026-08-05T07:41:24Z</end></TimeSpan><styleUrl>#point</styleUrl><Point><altitudeMode>clampToGround</altitudeMode><coordinates>11.959207830950618,46.591505482792854,2324.1199999999999</coordinates></Point></Placemark><Placemark><TimeSpan><begin>2026-08-05T07:41:24Z</begin><end>2026-08-05T07:41:35Z</end></TimeSpan><styleUrl>#point</styleUrl><Point><altitudeMode>clampToGround</altitudeMode><coordinates>11.959171453490853,46.591566419228911,2324.6100000000001</coordinates></Point></Placemark><Placemark><TimeSpan><begin>2026-08-05T07:41:35Z</begin><end>2026-08-05T07:41:46Z</end></TimeSpan><styleUrl>#point</styleUrl><Point><altitudeMode>clampToGround</altitudeMode><coordinates>11.95929198525846,46.591527611017227,2326.5300000000002</coordinates></Point></Placemark><Placemark><TimeSpan><begin>2026-08-05T07:41:46Z</begin><end>2026-08-05T07:41:55Z</end></TimeSpan><styleUrl>#point</styleUrl><Point><altitudeMode>clampToGround</altitudeMode><coordinates>11.959346551448107,46.591546721756458,2327.4899999999998</coordinates></Point></Placemark><Placemark><TimeSpan><begin>2026-08-05T07:41:55Z</begin><end>2026-08-05T07:42:05Z</end></TimeSpan><styleUrl>#point</styleUrl><Point><altitudeMode>clampToGround</altitudeMode><coordinates>11.959273042157292,46.591605395078659,2329.4099999999999</coordinates></Point></Placemark><Placemark><TimeSpan><begin>2026-08-05T07:42:05Z</begin><end>2026-08-05T07:42:15Z</end></TimeSpan><styleUrl>#point</styleUrl><Point><altitudeMode>clampToGround</altitudeMode><coordinates>11.959234904497862,46.591660967096686,2330.8499999999999</coordinates></Point></Placemark><Placemark><TimeSpan><begin>2026-08-05T07:42:15Z</begin><end>2026-08-05T07:42:26Z</end></TimeSpan><styleUrl>#point</styleUrl><Point><altitudeMode>clampToGround</altitudeMode><coordinates>11.959366668015718,46.591647639870644,2332.3000000000002</coordinates></Point></Placemark><Placemark><TimeSpan><begin>2026-08-05T07:42:26Z</begin><end>2026-08-05T07:42:37Z</end></TimeSpan><styleUrl>#point</styleUrl><Point><altitudeMode>clampToGround</altitudeMode><coordinates>11.959437662735581,46.591641437262297,2333.7399999999998</coordinates></Point></Placemark><Placemark><TimeSpan><begin>2026-08-05T07:42:37Z</begin><end>2026-08-05T07:42:49Z</end></TimeSpan><styleUrl>#point</styleUrl><Point><altitudeMode>clampToGround</altitudeMode><coordinates>11.959351077675819,46.59171293489635,2335.1799999999998</coordinates></Point></Placemark><Placemark><TimeSpan><begin>2026-08-05T07:42:49Z</begin><end>2026-08-05T07:42:58Z</end></TimeSpan><styleUrl>#point</styleUrl><Point><altitudeMode>clampToGround</altitudeMode><coordinates>11.959300870075822,46.591757610440254,2336.6199999999999</coordinates></Point></Placemark><Placemark><TimeSpan><begin>2026-08-05T07:42:58Z</begin><end>2026-08-05T07:43:08Z</end></TimeSpan><styleUrl>#point</styleUrl><Point><altitudeMode>clampToGround</altitudeMode><coordinates>11.959393238648772,46.591783007606864,2338.0599999999999</coordinates></Point></Placemark><Placemark><TimeSpan><begin>2026-08-05T07:43:08Z</begin><end>2026-08-05T07:43:19Z</end></TimeSpan><styleUrl>#point</styleUrl><Point><altitudeMode>clampToGround</altitudeMode><coordinates>11.959450654685497,46.591762723401189,2339.5100000000002</coordinates></Point></Placemark><Placemark><TimeSpan><begin>2026-08-05T07:43:19Z</begin><end>2026-08-05T07:43:32Z</end></TimeSpan><styleUrl>#point</styleUrl><Point><altitudeMode>clampToGround</altitudeMode><coordinates>11.959384437650442,46.591832377016544,2341.9099999999999</coordinates></Point></Placemark><Placemark><TimeSpan><begin>2026-08-05T07:43:32Z</begin><end>2026-08-05T07:43:42Z</end></TimeSpan><styleUrl>#point</styleUrl><Point><altitudeMode>clampToGround</altitudeMode><coordinates>11.95936624892056,46.59187713637948,2342.8699999999999</coordinates></Point></Placemark><Placemark><TimeSpan><begin>2026-08-05T07:43:42Z</begin><end>2026-08-05T07:43:54Z</end></TimeSpan><styleUrl>#point</styleUrl><Point><altitudeMode>clampToGround</altitudeMode><coordinates>11.959477309137583,46.591815948486328,2344.3099999999999</coordinates></Point></Placemark><Placemark><TimeSpan><begin>2026-08-05T07:43:54Z</begin><end>2026-08-05T07:44:04Z</end></TimeSpan><styleUrl>#point</styleUrl><Point><altitudeMode>clampToGround</altitudeMode><coordinates>11.959552494809031,46.591816367581487,2345.27</coordinates></Point></Placemark><Placemark><TimeSpan><begin>2026-08-05T07:44:04Z</begin><end>2026-08-05T07:44:14Z</end></TimeSpan><styleUrl>#point</styleUrl><Point><altitudeMode>clampToGround</altitudeMode><coordinates>11.959643438458443,46.591803124174476,2345.75</coordinates></Point></Placemark><Placemark><TimeSpan><begin>2026-08-05T07:44:14Z</begin><end>2026-08-05T07:44:25Z</end></TimeSpan><styleUrl>#point</styleUrl><Point><altitudeMode>clampToGround</altitudeMode><coordinates>11.95952357724309,46.591889625415206,2347.6799999999998</coordinates></Point></Placemark><Placemark><TimeSpan><begin>2026-08-05T07:44:25Z</begin><end>2026-08-05T07:44:38Z</end></TimeSpan><styleUrl>#point</styleUrl><Point><altitudeMode>clampToGround</altitudeMode><coordinates>11.959492396563292,46.591950142756104,2348.6399999999999</coordinates></Point></Placemark><Placemark><TimeSpan><begin>2026-08-05T07:44:38Z</begin><end>2026-08-05T07:44:48Z</end></TimeSpan><styleUrl>#point</styleUrl><Point><altitudeMode>clampToGround</altitudeMode><coordinates>11.959594236686826,46.591908736154437,2350.5599999999999</coordinates></Point></Placemark><Placemark><TimeSpan><begin>2026-08-05T07:44:48Z</begin><end>2026-08-05T07:44:59Z</end></TimeSpan><styleUrl>#point</styleUrl><Point><altitudeMode>clampToGround</altitudeMode><coordinates>11.959681073203683,46.591880153864622,2351.52</coordinates></Point></Placemark><Placemark><TimeSpan><begin>2026-08-05T07:44:59Z</begin><end>2026-08-05T07:45:09Z</end></TimeSpan><styleUrl>#point</styleUrl><Point><altitudeMode>clampToGround</altitudeMode><coordinates>11.959609910845757,46.591959949582815,2352.48</coordinates></Point></Placemark><Placemark><TimeSpan><begin>2026-08-05T07:45:09Z</begin><end>2026-08-05T07:45:20Z</end></TimeSpan><styleUrl>#point</styleUrl><Point><altitudeMode>clampToGround</altitudeMode><coordinates>11.959606809541583,46.591992555186152,2353.9299999999998</coordinates></Point></Placemark><Placemark><TimeSpan><begin>2026-08-05T07:45:20Z</begin><end>2026-08-05T07:45:30Z</end></TimeSpan><styleUrl>#point</styleUrl><Point><altitudeMode>clampToGround</altitudeMode><coordinates>11.959708062931895,46.591940503567457,2355.3699999999999</coordinates></Point></Placemark><Placemark><TimeSpan><begin>2026-08-05T07:45:30Z</begin><end>2026-08-05T07:45:40Z</end></TimeSpan><styleUrl>#point</styleUrl><Point><altitudeMode>clampToGround</altitudeMode><coordinates>11.959821553900838,46.591893397271633,2356.3299999999999</coordinates></Point></Placemark><Placemark><TimeSpan><begin>2026-08-05T07:45:40Z</begin><end>2026-08-05T07:45:50Z</end></TimeSpan><styleUrl>#point</styleUrl><Point><altitudeMode>clampToGround</altitudeMode><coordinates>11.959875281900167,46.591916782781482,2357.77</coordinates></Point></Placemark><Placemark><TimeSpan><begin>2026-08-05T07:45:50Z</begin><end>2026-08-05T07:46:00Z</end></TimeSpan><styleUrl>#point</styleUrl><Point><altitudeMode>clampToGround</altitudeMode><coordinates>11.959785595536232,46.591999009251595,2359.21</coordinates></Point></Placemark><Placemark><TimeSpan><begin>2026-08-05T07:46:00Z</begin><end>2026-08-05T07:46:11Z</end></TimeSpan><styleUrl>#point</styleUrl><Point><altitudeMode>clampToGround</altitudeMode><coordinates>11.959770424291492,46.592044020071626,2360.6500000000001</coordinates></Point></Placemark><Placemark><TimeSpan><begin>2026-08-05T07:46:11Z</begin><end>2026-08-05T07:46:22Z</end></TimeSpan><styleUrl>#point</styleUrl><Point><altitudeMode>clampToGround</altitudeMode><coordinates>11.959887100383639,46.592023652046919,2362.0999999999999</coordinates></Point></Placemark><Placemark><TimeSpan><begin>2026-08-05T07:46:22Z</begin><end>2026-08-05T07:46:33Z</end></TimeSpan><styleUrl>#point</styleUrl><Point><altitudeMode>clampToGround</altitudeMode><coordinates>11.959995813667774,46.591996159404516,2363.54</coordinates></Point></Placemark><Placemark><TimeSpan><begin>2026-08-05T07:46:33Z</begin><end>2026-08-05T07:46:46Z</end></TimeSpan><styleUrl>#point</styleUrl><Point><altitudeMode>clampToGround</altitudeMode><coordinates>11.960109807550907,46.591965146362782,2364.98</coordinates></Point></Placemark><Placemark><TimeSpan><begin>2026-08-05T07:46:46Z</begin><end>2026-08-05T07:46:57Z</end></TimeSpan><styleUrl>#point</styleUrl><Point><altitudeMode>clampToGround</altitudeMode><coordinates>11.960210977122188,46.591963637620211,2366.4200000000001</coordinates></Point></Placemark><Placemark><TimeSpan><begin>2026-08-05T07:46:57Z</begin><end>2026-08-05T07:47:06Z</end></TimeSpan><styleUrl>#point</styleUrl><Point><altitudeMode>clampToGround</altitudeMode><coordinates>11.96024970151484,46.591984424740076,2367.8600000000001</coordinates></Point></Placemark><Placemark><TimeSpan><begin>2026-08-05T07:47:06Z</begin><end>2026-08-05T07:47:16Z</end></TimeSpan><styleUrl>#point</styleUrl><Point><altitudeMode>clampToGround</altitudeMode><coordinates>11.960291275754571,46.591977635398507,2368.8299999999999</coordinates></Point></Placemark><Placemark><TimeSpan><begin>2026-08-05T07:47:16Z</begin><end>2026-08-05T07:47:19Z</end></TimeSpan><styleUrl>#point</styleUrl><Point><altitudeMode>clampToGround</altitudeMode><coordinates>11.960315583273768,46.591965984553099,2368.8299999999999</coordinates></Point></Placemark><Placemark><TimeSpan><begin>2026-08-05T07:47:19Z</begin><end>2026-08-05T07:47:30Z</end></TimeSpan><styleUrl>#point</styleUrl><Point><altitudeMode>clampToGround</altitudeMode><coordinates>11.960413567721844,46.591931870207191,2368.8299999999999</coordinates></Point></Placemark><Placemark><TimeSpan><begin>2026-08-05T07:47:30Z</begin><end>2026-08-05T07:47:43Z</end></TimeSpan><styleUrl>#point</styleUrl><Point><altitudeMode>clampToGround</altitudeMode><coordinates>11.960470816120505,46.591972438618541,2369.79</coordinates></Point></Placemark><Placemark><TimeSpan><begin>2026-08-05T07:47:43Z</begin><end>2026-08-05T07:47:59Z</end></TimeSpan><styleUrl>#point</styleUrl><Point><altitudeMode>clampToGround</altitudeMode><coordinates>11.96039236150682,46.592007977887988,2370.75</coordinates></Point></Placemark><Placemark><TimeSpan><begin>2026-08-05T07:47:59Z</begin><end>2026-08-05T07:48:20Z</end></TimeSpan><styleUrl>#point</styleUrl><Point><altitudeMode>clampToGround</altitudeMode><coordinates>11.960375178605318,46.592024741694331,2370.75</coordinates></Point></Placemark><Placemark><TimeSpan><begin>2026-08-05T07:48:20Z</begin><end>2026-08-05T07:48:36Z</end></TimeSpan><styleUrl>#point</styleUrl><Point><altitudeMode>clampToGround</altitudeMode><coordinates>11.960391690954566,46.59200856462121,2368.8299999999999</coordinates></Point></Placemark><Placemark><TimeSpan><begin>2026-08-05T07:48:36Z</begin><end>2026-08-05T07:48:37Z</end></TimeSpan><styleUrl>#point</styleUrl><Point><altitudeMode>clampToGround</altitudeMode><coordinates>11.960394876077771,46.592004960402846,2371.71</coordinates></Point></Placemark><Placemark><TimeSpan><begin>2026-08-05T07:48:37Z</begin><end>2026-08-05T07:48:53Z</end></TimeSpan><styleUrl>#point</styleUrl><Point><altitudeMode>clampToGround</altitudeMode><coordinates>11.960377441719174,46.592007894068956,2370.27</coordinates></Point></Placemark><Placemark><TimeSpan><begin>2026-08-05T07:48:53Z</begin><end>2026-08-05T07:49:18Z</end></TimeSpan><styleUrl>#point</styleUrl><Point><altitudeMode>clampToGround</altitudeMode><coordinates>11.960367802530527,46.5920090675354,2370.27</coordinates></Point></Placemark><Placemark><TimeSpan><begin>2026-08-05T07:49:18Z</begin><end>2026-08-05T07:49:37Z</end></TimeSpan><styleUrl>#point</styleUrl><Point><altitudeMode>clampToGround</altitudeMode><coordinates>11.960422955453396,46.592023987323046,2370.27</coordinates></Point></Placemark><Placemark><TimeSpan><begin>2026-08-05T07:49:37Z</begin><end>2026-08-05T07:49:48Z</end></TimeSpan><styleUrl>#point</styleUrl><Point><altitudeMode>clampToGround</altitudeMode><coordinates>11.960499482229352,46.591999847441912,2370.27</coordinates></Point></Placemark><Placemark><TimeSpan><begin>2026-08-05T07:49:48Z</begin><end>2026-08-05T07:49:51Z</end></TimeSpan><styleUrl>#point</styleUrl><Point><altitudeMode>clampToGround</altitudeMode><coordinates>11.960521191358566,46.592002445831895,2371.71</coordinates></Point></Placemark><Placemark><TimeSpan><begin>2026-08-05T07:49:51Z</begin><end>2026-08-05T07:50:02Z</end></TimeSpan><styleUrl>#point</styleUrl><Point><altitudeMode>clampToGround</altitudeMode><coordinates>11.960484394803643,46.592017533257604,2372.6700000000001</coordinates></Point></Placemark><Placemark><TimeSpan><begin>2026-08-05T07:50:02Z</begin><end>2026-08-05T07:50:20Z</end></TimeSpan><styleUrl>#point</styleUrl><Point><altitudeMode>clampToGround</altitudeMode><coordinates>11.960463859140873,46.592009402811527,2372.6700000000001</coordinates></Point></Placemark><Placemark><TimeSpan><begin>2026-08-05T07:50:20Z</begin><end>2026-08-05T07:50:29Z</end></TimeSpan><styleUrl>#point</styleUrl><Point><altitudeMode>clampToGround</altitudeMode><coordinates>11.960545750334859,46.59203689545393,2373.1500000000001</coordinates></Point></Placemark><Placemark><TimeSpan><begin>2026-08-05T07:50:29Z</begin><end>2026-08-05T07:50:42Z</end></TimeSpan><styleUrl>#point</styleUrl><Point><altitudeMode>clampToGround</altitudeMode><coordinates>11.960658151656389,46.592035554349422,2375.5500000000002</coordinates></Point></Placemark><Placemark><TimeSpan><begin>2026-08-05T07:50:42Z</begin><end>2026-08-05T07:50:51Z</end></TimeSpan><styleUrl>#point</styleUrl><Point><altitudeMode>clampToGround</altitudeMode><coordinates>11.960721183568239,46.592000350356102,2375.5500000000002</coordinates></Point></Placemark><Placemark><TimeSpan><begin>2026-08-05T07:50:51Z</begin><end>2026-08-05T07:51:02Z</end></TimeSpan><styleUrl>#point</styleUrl><Point><altitudeMode>clampToGround</altitudeMode><coordinates>11.960805421695113,46.591980736702681,2377</coordinates></Point></Placemark><Placemark><TimeSpan><begin>2026-08-05T07:51:02Z</begin><end>2026-08-05T07:51:10Z</end></TimeSpan><styleUrl>#point</styleUrl><Point><altitudeMode>clampToGround</altitudeMode><coordinates>11.960841799154878,46.59198610112071,2377.96</coordinates></Point></Placemark><Placemark><TimeSpan><begin>2026-08-05T07:51:10Z</begin><end>2026-08-05T07:51:20Z</end></TimeSpan><styleUrl>#point</styleUrl><Point><altitudeMode>clampToGround</altitudeMode><coordinates>11.960935592651367,46.591989286243916,2379.4000000000001</coordinates></Point></Placemark><Placemark><TimeSpan><begin>2026-08-05T07:51:20Z</begin><end>2026-08-05T07:51:34Z</end></TimeSpan><styleUrl>#point</styleUrl><Point><altitudeMode>clampToGround</altitudeMode><coordinates>11.961006671190262,46.591990543529391,2380.8400000000001</coordinates></Point></Placemark><Placemark><TimeSpan><begin>2026-08-05T07:51:34Z</begin><end>2026-08-05T07:51:46Z</end></TimeSpan><styleUrl>#point</styleUrl><Point><altitudeMode>clampToGround</altitudeMode><coordinates>11.961102141067386,46.591971348971128,2382.7600000000002</coordinates></Point></Placemark><Placemark><TimeSpan><begin>2026-08-05T07:51:46Z</begin><end>2026-08-05T07:51:59Z</end></TimeSpan><styleUrl>#point</styleUrl><Point><altitudeMode>clampToGround</altitudeMode><coordinates>11.961232060566545,46.59194502979517,2383.73</coordinates></Point></Placemark><Placemark><TimeSpan><begin>2026-08-05T07:51:59Z</begin><end>2026-08-05T07:52:09Z</end></TimeSpan><styleUrl>#point</styleUrl><Point><altitudeMode>clampToGround</altitudeMode><coordinates>11.961284196004272,46.591956345364451,2385.1700000000001</coordinates></Point></Placemark><Placemark><TimeSpan><begin>2026-08-05T07:52:09Z</begin><end>2026-08-05T07:52:18Z</end></TimeSpan><styleUrl>#point</styleUrl><Point><altitudeMode>clampToGround</altitudeMode><coordinates>11.961322166025639,46.591998925432563,2386.1300000000001</coordinates></Point></Placemark><Placemark><TimeSpan><begin>2026-08-05T07:52:18Z</begin><end>2026-08-05T07:52:29Z</end></TimeSpan><styleUrl>#point</styleUrl><Point><altitudeMode>clampToGround</altitudeMode><coordinates>11.961362063884735,46.592010576277971,2388.0500000000002</coordinates></Point></Placemark><Placemark><TimeSpan><begin>2026-08-05T07:52:29Z</begin><end>2026-08-05T07:52:40Z</end></TimeSpan><styleUrl>#point</styleUrl><Point><altitudeMode>clampToGround</altitudeMode><coordinates>11.961419647559524,46.592031111940742,2389.4899999999998</coordinates></Point></Placemark><Placemark><TimeSpan><begin>2026-08-05T07:52:40Z</begin><end>2026-08-05T07:52:51Z</end></TimeSpan><styleUrl>#point</styleUrl><Point><altitudeMode>clampToGround</altitudeMode><coordinates>11.961522744968534,46.592026837170124,2390.46</coordinates></Point></Placemark><Placemark><TimeSpan><begin>2026-08-05T07:52:51Z</begin><end>2026-08-05T07:53:04Z</end></TimeSpan><styleUrl>#point</styleUrl><Point><altitudeMode>clampToGround</altitudeMode><coordinates>11.961586950346828,46.592037985101342,2391.9000000000001</coordinates></Point></Placemark><Placemark><TimeSpan><begin>2026-08-05T07:53:04Z</begin><end>2026-08-05T07:53:15Z</end></TimeSpan><styleUrl>#point</styleUrl><Point><altitudeMode>clampToGround</altitudeMode><coordinates>11.961649227887392,46.592046283185482,2393.3400000000001</coordinates></Point></Placemark><Placemark><TimeSpan><begin>2026-08-05T07:53:15Z</begin><end>2026-08-05T07:53:28Z</end></TimeSpan><styleUrl>#point</styleUrl><Point><altitudeMode>clampToGround</altitudeMode><coordinates>11.96170287206769,46.592057347297668,2394.7800000000002</coordinates></Point></Placemark><Placemark><TimeSpan><begin>2026-08-05T07:53:28Z</begin><end>2026-08-05T07:53:40Z</end></TimeSpan><styleUrl>#point</styleUrl><Point><altitudeMode>clampToGround</altitudeMode><coordinates>11.961746625602245,46.592097245156765,2396.2199999999998</coordinates></Point></Placemark><Placemark><TimeSpan><begin>2026-08-05T07:53:40Z</begin><end>2026-08-05T07:53:52Z</end></TimeSpan><styleUrl>#point</styleUrl><Point><altitudeMode>clampToGround</altitudeMode><coordinates>11.961698848754168,46.592145776376128,2397.1799999999998</coordinates></Point></Placemark><Placemark><TimeSpan><begin>2026-08-05T07:53:52Z</begin><end>2026-08-05T07:54:04Z</end></TimeSpan><styleUrl>#point</styleUrl><Point><altitudeMode>clampToGround</altitudeMode><coordinates>11.961631206795573,46.592181483283639,2398.6300000000001</coordinates></Point></Placemark><Placemark><TimeSpan><begin>2026-08-05T07:54:04Z</begin><end>2026-08-05T07:54:15Z</end></TimeSpan><styleUrl>#point</styleUrl><Point><altitudeMode>clampToGround</altitudeMode><coordinates>11.961583849042654,46.592199839651585,2399.1100000000001</coordinates></Point></Placemark><Placemark><TimeSpan><begin>2026-08-05T07:54:15Z</begin><end>2026-08-05T07:54:25Z</end></TimeSpan><styleUrl>#point</styleUrl><Point><altitudeMode>clampToGround</altitudeMode><coordinates>11.96157194674015,46.592212244868279,2399.1100000000001</coordinates></Point></Placemark><Placemark><TimeSpan><begin>2026-08-05T07:54:25Z</begin><end>2026-08-05T07:54:27Z</end></TimeSpan><styleUrl>#point</styleUrl><Point><altitudeMode>clampToGround</altitudeMode><coordinates>11.961584016680717,46.592217022553086,2399.1100000000001</coordinates></Point></Placemark><Placemark><TimeSpan><begin>2026-08-05T07:54:27Z</begin><end>2026-08-05T07:54:38Z</end></TimeSpan><styleUrl>#point</styleUrl><Point><altitudeMode>clampToGround</altitudeMode><coordinates>11.961690550670028,46.592202773317695,2401.5100000000002</coordinates></Point></Placemark><Placemark><TimeSpan><begin>2026-08-05T07:54:38Z</begin><end>2026-08-05T07:54:49Z</end></TimeSpan><styleUrl>#point</styleUrl><Point><altitudeMode>clampToGround</altitudeMode><coordinates>11.96178643964231,46.592201935127378,2402.9499999999998</coordinates></Point></Placemark><Placemark><TimeSpan><begin>2026-08-05T07:54:49Z</begin><end>2026-08-05T07:55:00Z</end></TimeSpan><styleUrl>#point</styleUrl><Point><altitudeMode>clampToGround</altitudeMode><coordinates>11.961856177076697,46.592212747782469,2404.3899999999999</coordinates></Point></Placemark><Placemark><TimeSpan><begin>2026-08-05T07:55:00Z</begin><end>2026-08-05T07:55:10Z</end></TimeSpan><styleUrl>#point</styleUrl><Point><altitudeMode>clampToGround</altitudeMode><coordinates>11.96184360422194,46.592262117192149,2404.8800000000001</coordinates></Point></Placemark><Placemark><TimeSpan><begin>2026-08-05T07:55:10Z</begin><end>2026-08-05T07:55:20Z</end></TimeSpan><styleUrl>#point</styleUrl><Point><altitudeMode>clampToGround</altitudeMode><coordinates>11.961800269782543,46.592293297871947,2405.3600000000001</coordinates></Point></Placemark><Placemark><TimeSpan><begin>2026-08-05T07:55:20Z</begin><end>2026-08-05T07:55:31Z</end></TimeSpan><styleUrl>#point</styleUrl><Point><altitudeMode>clampToGround</altitudeMode><coordinates>11.961815943941474,46.592275695875287,2405.8400000000001</coordinates></Point></Placemark><Placemark><TimeSpan><begin>2026-08-05T07:55:31Z</begin><end>2026-08-05T07:55:45Z</end></TimeSpan><styleUrl>#point</styleUrl><Point><altitudeMode>clampToGround</altitudeMode><coordinates>11.961715696379542,46.592332106083632,2407.7600000000002</coordinates></Point></Placemark><Placemark><TimeSpan><begin>2026-08-05T07:55:45Z</begin><end>2026-08-05T07:55:58Z</end></TimeSpan><styleUrl>#point</styleUrl><Point><altitudeMode>clampToGround</altitudeMode><coordinates>11.961616454645991,46.592384241521358,2409.6799999999998</coordinates></Point></Placemark><Placemark><TimeSpan><begin>2026-08-05T07:55:58Z</begin><end>2026-08-05T07:56:09Z</end></TimeSpan><styleUrl>#point</styleUrl><Point><altitudeMode>clampToGround</altitudeMode><coordinates>11.961674960330129,46.592377368360758,2411.5999999999999</coordinates></Point></Placemark><Placemark><TimeSpan><begin>2026-08-05T07:56:09Z</begin><end>2026-08-05T07:56:20Z</end></TimeSpan><styleUrl>#point</styleUrl><Point><altitudeMode>clampToGround</altitudeMode><coordinates>11.961780907586217,46.592356665059924,2412.5700000000002</coordinates></Point></Placemark><Placemark><TimeSpan><begin>2026-08-05T07:56:20Z</begin><end>2026-08-05T07:56:33Z</end></TimeSpan><styleUrl>#point</styleUrl><Point><altitudeMode>clampToGround</altitudeMode><coordinates>11.961897164583206,46.592367980629206,2413.5300000000002</coordinates></Point></Placemark><Placemark><TimeSpan><begin>2026-08-05T07:56:33Z</begin><end>2026-08-05T07:56:44Z</end></TimeSpan><styleUrl>#point</styleUrl><Point><altitudeMode>clampToGround</altitudeMode><coordinates>11.961878556758165,46.592406705021858,2415.4499999999998</coordinates></Point></Placemark><Placemark><TimeSpan><begin>2026-08-05T07:56:44Z</begin><end>2026-08-05T07:56:57Z</end></TimeSpan><styleUrl>#point</styleUrl><Point><altitudeMode>clampToGround</altitudeMode><coordinates>11.961734723299742,46.592453140765429,2416.8899999999999</coordinates></Point></Placemark><Placemark><TimeSpan><begin>2026-08-05T07:56:57Z</begin><end>2026-08-05T07:57:10Z</end></TimeSpan><styleUrl>#point</styleUrl><Point><altitudeMode>clampToGround</altitudeMode><coordinates>11.961646713316441,46.592475771903992,2418.3299999999999</coordinates></Point></Placemark><Placemark><TimeSpan><begin>2026-08-05T07:57:10Z</begin><end>2026-08-05T07:57:22Z</end></TimeSpan><styleUrl>#point</styleUrl><Point><altitudeMode>clampToGround</altitudeMode><coordinates>11.961786020547152,46.592472502961755,2419.7800000000002</coordinates></Point></Placemark><Placemark><TimeSpan><begin>2026-08-05T07:57:22Z</begin><end>2026-08-05T07:57:33Z</end></TimeSpan><styleUrl>#point</styleUrl><Point><altitudeMode>clampToGround</altitudeMode><coordinates>11.961879897862673,46.592486668378115,2421.2199999999998</coordinates></Point></Placemark><Placemark><TimeSpan><begin>2026-08-05T07:57:33Z</begin><end>2026-08-05T07:57:47Z</end></TimeSpan><styleUrl>#point</styleUrl><Point><altitudeMode>clampToGround</altitudeMode><coordinates>11.961937732994556,46.592528242617846,2423.1399999999999</coordinates></Point></Placemark><Placemark><TimeSpan><begin>2026-08-05T07:57:47Z</begin><end>2026-08-05T07:58:01Z</end></TimeSpan><styleUrl>#point</styleUrl><Point><altitudeMode>clampToGround</altitudeMode><coordinates>11.961924489587545,46.592572750523686,2425.54</coordinates></Point></Placemark><Placemark><TimeSpan><begin>2026-08-05T07:58:01Z</begin><end>2026-08-05T07:58:12Z</end></TimeSpan><styleUrl>#point</styleUrl><Point><altitudeMode>clampToGround</altitudeMode><coordinates>11.961815524846315,46.592611307278275,2426.5</coordinates></Point></Placemark><Placemark><TimeSpan><begin>2026-08-05T07:58:12Z</begin><end>2026-08-05T07:58:23Z</end></TimeSpan><styleUrl>#point</styleUrl><Point><altitudeMode>clampToGround</altitudeMode><coordinates>11.961735393851995,46.592648522928357,2427.9499999999998</coordinates></Point></Placemark><Placemark><TimeSpan><begin>2026-08-05T07:58:23Z</begin><end>2026-08-05T07:58:35Z</end></TimeSpan><styleUrl>#point</styleUrl><Point><altitudeMode>clampToGround</altitudeMode><coordinates>11.961651826277375,46.592691941186786,2429.8699999999999</coordinates></Point></Placemark><Placemark><TimeSpan><begin>2026-08-05T07:58:35Z</begin><end>2026-08-05T07:58:46Z</end></TimeSpan><styleUrl>#point</styleUrl><Point><altitudeMode>clampToGround</altitudeMode><coordinates>11.961678061634302,46.592686325311661,2431.79</coordinates></Point></Placemark><Placemark><TimeSpan><begin>2026-08-05T07:58:46Z</begin><end>2026-08-05T07:59:01Z</end></TimeSpan><styleUrl>#point</styleUrl><Point><altitudeMode>clampToGround</altitudeMode><coordinates>11.961730448529124,46.592637794092298,2432.27</coordinates></Point></Placemark><Placemark><TimeSpan><begin>2026-08-05T07:59:01Z</begin><end>2026-08-05T07:59:14Z</end></TimeSpan><styleUrl>#point</styleUrl><Point><altitudeMode>clampToGround</altitudeMode><coordinates>11.961812088266015,46.592652294784784,2433.71</coordinates></Point></Placemark><Placemark><TimeSpan><begin>2026-08-05T07:59:14Z</begin><end>2026-08-05T07:59:25Z</end></TimeSpan><styleUrl>#point</styleUrl><Point><altitudeMode>clampToGround</altitudeMode><coordinates>11.961878053843975,46.592682804912329,2435.1599999999999</coordinates></Point></Placemark><Placemark><TimeSpan><begin>2026-08-05T07:59:25Z</begin><end>2026-08-05T07:59:36Z</end></TimeSpan><styleUrl>#point</styleUrl><Point><altitudeMode>clampToGround</altitudeMode><coordinates>11.961789792403579,46.592733599245548,2436.5999999999999</coordinates></Point></Placemark><Placemark><TimeSpan><begin>2026-08-05T07:59:36Z</begin><end>2026-08-05T07:59:48Z</end></TimeSpan><styleUrl>#point</styleUrl><Point><altitudeMode>clampToGround</altitudeMode><coordinates>11.961749810725451,46.592772491276264,2438.04</coordinates></Point></Placemark><Placemark><TimeSpan><begin>2026-08-05T07:59:48Z</begin><end>2026-08-05T08:00:05Z</end></TimeSpan><styleUrl>#point</styleUrl><Point><altitudeMode>clampToGround</altitudeMode><coordinates>11.961752492934465,46.592730078846216,2438.52</coordinates></Point></Placemark><Placemark><TimeSpan><begin>2026-08-05T08:00:05Z</begin><end>2026-08-05T08:00:13Z</end></TimeSpan><styleUrl>#point</styleUrl><Point><altitudeMode>clampToGround</altitudeMode><coordinates>11.961799850687385,46.59273904748261,2439.48</coordinates></Point></Placemark><Placemark><TimeSpan><begin>2026-08-05T08:00:13Z</begin><end>2026-08-05T08:00:24Z</end></TimeSpan><styleUrl>#point</styleUrl><Point><altitudeMode>clampToGround</altitudeMode><coordinates>11.961827930063009,46.592766456305981,2440.9200000000001</coordinates></Point></Placemark><Placemark><TimeSpan><begin>2026-08-05T08:00:24Z</begin><end>2026-08-05T08:00:36Z</end></TimeSpan><styleUrl>#point</styleUrl><Point><altitudeMode>clampToGround</altitudeMode><coordinates>11.961721312254667,46.59280601888895,2442.3699999999999</coordinates></Point></Placemark><Placemark><TimeSpan><begin>2026-08-05T08:00:36Z</begin><end>2026-08-05T08:00:46Z</end></TimeSpan><styleUrl>#point</styleUrl><Point><altitudeMode>clampToGround</altitudeMode><coordinates>11.961642941460013,46.592836109921336,2443.3299999999999</coordinates></Point></Placemark><Placemark><TimeSpan><begin>2026-08-05T08:00:46Z</begin><end>2026-08-05T08:00:57Z</end></TimeSpan><styleUrl>#point</styleUrl><Point><altitudeMode>clampToGround</altitudeMode><coordinates>11.961652329191566,46.592828147113323,2444.77</coordinates></Point></Placemark><Placemark><TimeSpan><begin>2026-08-05T08:00:57Z</begin><end>2026-08-05T08:01:16Z</end></TimeSpan><styleUrl>#point</styleUrl><Point><altitudeMode>clampToGround</altitudeMode><coordinates>11.96164864115417,46.592833511531353,2445.25</coordinates></Point></Placemark><Placemark><TimeSpan><begin>2026-08-05T08:01:16Z</begin><end>2026-08-05T08:01:28Z</end></TimeSpan><styleUrl>#point</styleUrl><Point><altitudeMode>clampToGround</altitudeMode><coordinates>11.961707733571529,46.592843988910317,2445.73</coordinates></Point></Placemark><Placemark><TimeSpan><begin>2026-08-05T08:01:28Z</begin><end>2026-08-05T08:01:39Z</end></TimeSpan><styleUrl>#point</styleUrl><Point><altitudeMode>clampToGround</altitudeMode><coordinates>11.961799515411258,46.592841641977429,2447.1700000000001</coordinates></Point></Placemark><Placemark><TimeSpan><begin>2026-08-05T08:01:39Z</begin><end>2026-08-05T08:01:55Z</end></TimeSpan><styleUrl>#point</styleUrl><Point><altitudeMode>clampToGround</altitudeMode><coordinates>11.961728520691395,46.592837031930685,2447.1700000000001</coordinates></Point></Placemark><Placemark><TimeSpan><begin>2026-08-05T08:01:55Z</begin><end>2026-08-05T08:02:09Z</end></TimeSpan><styleUrl>#point</styleUrl><Point><altitudeMode>clampToGround</altitudeMode><coordinates>11.961733717471361,46.59285094588995,2447.1700000000001</coordinates></Point></Placemark><Placemark><TimeSpan><begin>2026-08-05T08:02:09Z</begin><end>2026-08-05T08:02:36Z</end></TimeSpan><styleUrl>#point</styleUrl><Point><altitudeMode>clampToGround</altitudeMode><coordinates>11.961766323074698,46.592870559543371,2447.1700000000001</coordinates></Point></Placemark><Placemark><TimeSpan><begin>2026-08-05T08:02:36Z</begin><end>2026-08-05T08:02:47Z</end></TimeSpan><styleUrl>#point</styleUrl><Point><altitudeMode>clampToGround</altitudeMode><coordinates>11.961716618388891,46.59283384680748,2447.6500000000001</coordinates></Point></Placemark><Placemark><TimeSpan><begin>2026-08-05T08:02:47Z</begin><end>2026-08-05T08:03:00Z</end></TimeSpan><styleUrl>#point</styleUrl><Point><altitudeMode>clampToGround</altitudeMode><coordinates>11.961801359429955,46.592835523188114,2448.1300000000001</coordinates></Point></Placemark><Placemark><TimeSpan><begin>2026-08-05T08:03:00Z</begin><end>2026-08-05T08:03:11Z</end></TimeSpan><styleUrl>#point</styleUrl><Point><altitudeMode>clampToGround</altitudeMode><coordinates>11.961871599778533,46.592887155711651,2449.5799999999999</coordinates></Point></Placemark><Placemark><TimeSpan><begin>2026-08-05T08:03:11Z</begin><end>2026-08-05T08:03:20Z</end></TimeSpan><styleUrl>#point</styleUrl><Point><altitudeMode>clampToGround</altitudeMode><coordinates>11.96181527338922,46.592915654182434,2450.54</coordinates></Point></Placemark><Placemark><TimeSpan><begin>2026-08-05T08:03:20Z</begin><end>2026-08-05T08:03:30Z</end></TimeSpan><styleUrl>#point</styleUrl><Point><altitudeMode>clampToGround</altitudeMode><coordinates>11.961858607828617,46.592941386625171,2451.98</coordinates></Point></Placemark><Placemark><TimeSpan><begin>2026-08-05T08:03:30Z</begin><end>2026-08-05T08:03:40Z</end></TimeSpan><styleUrl>#point</styleUrl><Point><altitudeMode>clampToGround</altitudeMode><coordinates>11.961917448788881,46.592970890924335,2453.4200000000001</coordinates></Point></Placemark><Placemark><TimeSpan><begin>2026-08-05T08:03:40Z</begin><end>2026-08-05T08:03:51Z</end></TimeSpan><styleUrl>#point</styleUrl><Point><altitudeMode>clampToGround</altitudeMode><coordinates>11.961786607280374,46.593008525669575,2454.8600000000001</coordinates></Point></Placemark><Placemark><TimeSpan><begin>2026-08-05T08:03:51Z</begin><end>2026-08-05T08:04:03Z</end></TimeSpan><styleUrl>#point</styleUrl><Point><altitudeMode>clampToGround</altitudeMode><coordinates>11.961654843762517,46.593056553974748,2456.79</coordinates></Point></Placemark><Placemark><TimeSpan><begin>2026-08-05T08:04:03Z</begin><end>2026-08-05T08:04:11Z</end></TimeSpan><styleUrl>#point</styleUrl><Point><altitudeMode>clampToGround</altitudeMode><coordinates>11.961613772436976,46.593077760189772,2457.27</coordinates></Point></Placemark><Placemark><TimeSpan><begin>2026-08-05T08:04:11Z</begin><end>2026-08-05T08:04:23Z</end></TimeSpan><styleUrl>#point</styleUrl><Point><altitudeMode>clampToGround</altitudeMode><coordinates>11.961696669459343,46.593067282810807,2459.1900000000001</coordinates></Point></Placemark><Placemark><TimeSpan><begin>2026-08-05T08:04:23Z</begin><end>2026-08-05T08:04:34Z</end></TimeSpan><styleUrl>#point</styleUrl><Point><altitudeMode>clampToGround</altitudeMode><coordinates>11.961773363873363,46.59308890812099,2460.6300000000001</coordinates></Point></Placemark><Placemark><TimeSpan><begin>2026-08-05T08:04:34Z</begin><end>2026-08-05T08:04:46Z</end></TimeSpan><styleUrl>#point</styleUrl><Point><altitudeMode>clampToGround</altitudeMode><coordinates>11.961829857900739,46.593103827908635,2462.5500000000002</coordinates></Point></Placemark><Placemark><TimeSpan><begin>2026-08-05T08:04:46Z</begin><end>2026-08-05T08:04:56Z</end></TimeSpan><styleUrl>#point</styleUrl><Point><altitudeMode>clampToGround</altitudeMode><coordinates>11.961813597008586,46.593126375228167,2463.52</coordinates></Point></Placemark><Placemark><TimeSpan><begin>2026-08-05T08:04:56Z</begin><end>2026-08-05T08:05:07Z</end></TimeSpan><styleUrl>#point</styleUrl><Point><altitudeMode>clampToGround</altitudeMode><coordinates>11.961877970024943,46.593150515109301,2464.48</coordinates></Point></Placemark><Placemark><TimeSpan><begin>2026-08-05T08:05:07Z</begin><end>2026-08-05T08:05:19Z</end></TimeSpan><styleUrl>#point</styleUrl><Point><altitudeMode>clampToGround</altitudeMode><coordinates>11.961973775178194,46.593173565343022,2465.9200000000001</coordinates></Point></Placemark><Placemark><TimeSpan><begin>2026-08-05T08:05:19Z</begin><end>2026-08-05T08:05:30Z</end></TimeSpan><styleUrl>#point</styleUrl><Point><altitudeMode>clampToGround</altitudeMode><coordinates>11.961903451010585,46.593244643881917,2467.3600000000001</coordinates></Point></Placemark><Placemark><TimeSpan><begin>2026-08-05T08:05:30Z</begin><end>2026-08-05T08:05:41Z</end></TimeSpan><styleUrl>#point</styleUrl><Point><altitudeMode>clampToGround</altitudeMode><coordinates>11.961876126006246,46.593247493728995,2468.8000000000002</coordinates></Point></Placemark><Placemark><TimeSpan><begin>2026-08-05T08:05:41Z</begin><end>2026-08-05T08:05:53Z</end></TimeSpan><styleUrl>#point</styleUrl><Point><altitudeMode>clampToGround</altitudeMode><coordinates>11.961960280314088,46.593251600861549,2470.2399999999998</coordinates></Point></Placemark><Placemark><TimeSpan><begin>2026-08-05T08:05:53Z</begin><end>2026-08-05T08:06:04Z</end></TimeSpan><styleUrl>#point</styleUrl><Point><altitudeMode>clampToGround</altitudeMode><coordinates>11.962042171508074,46.593260988593102,2471.21</coordinates></Point></Placemark><Placemark><TimeSpan><begin>2026-08-05T08:06:04Z</begin><end>2026-08-05T08:06:26Z</end></TimeSpan><styleUrl>#point</styleUrl><Point><altitudeMode>clampToGround</altitudeMode><coordinates>11.962089445441961,46.593267191201448,2471.6900000000001</coordinates></Point></Placemark><Placemark><TimeSpan><begin>2026-08-05T08:06:26Z</begin><end>2026-08-05T08:06:39Z</end></TimeSpan><styleUrl>#point</styleUrl><Point><altitudeMode>clampToGround</altitudeMode><coordinates>11.962186591699719,46.593312621116638,2474.0900000000001</coordinates></Point></Placemark><Placemark><TimeSpan><begin>2026-08-05T08:06:39Z</begin><end>2026-08-05T08:06:50Z</end></TimeSpan><styleUrl>#point</styleUrl><Point><altitudeMode>clampToGround</altitudeMode><coordinates>11.962268901988864,46.593328965827823,2475.0500000000002</coordinates></Point></Placemark><Placemark><TimeSpan><begin>2026-08-05T08:06:50Z</begin><end>2026-08-05T08:06:51Z</end></TimeSpan><styleUrl>#point</styleUrl><Point><altitudeMode>clampToGround</altitudeMode><coordinates>11.962281642481685,46.59332687035203,2475.0500000000002</coordinates></Point></Placemark><Placemark><TimeSpan><begin>2026-08-05T08:06:51Z</begin><end>2026-08-05T08:07:03Z</end></TimeSpan><styleUrl>#point</styleUrl><Point><altitudeMode>clampToGround</altitudeMode><coordinates>11.962348697707057,46.593324355781078,2475.0500000000002</coordinates></Point></Placemark><Placemark><TimeSpan><begin>2026-08-05T08:07:03Z</begin><end>2026-08-05T08:07:11Z</end></TimeSpan><styleUrl>#point</styleUrl><Point><altitudeMode>clampToGround</altitudeMode><coordinates>11.962419273331761,46.593327624723315,2476.0100000000002</coordinates></Point></Placemark><Placemark><TimeSpan><begin>2026-08-05T08:07:11Z</begin><end>2026-08-05T08:07:21Z</end></TimeSpan><styleUrl>#point</styleUrl><Point><altitudeMode>clampToGround</altitudeMode><coordinates>11.96245389059186,46.593320248648524,2476.0100000000002</coordinates></Point></Placemark><Placemark><TimeSpan><begin>2026-08-05T08:07:21Z</begin><end>2026-08-05T08:07:34Z</end></TimeSpan><styleUrl>#point</styleUrl><Point><altitudeMode>clampToGround</altitudeMode><coordinates>11.962623707950115,46.593303149566054,2476.9699999999998</coordinates></Point></Placemark><Placemark><TimeSpan><begin>2026-08-05T08:07:34Z</begin><end>2026-08-05T08:07:46Z</end></TimeSpan><styleUrl>#point</styleUrl><Point><altitudeMode>clampToGround</altitudeMode><coordinates>11.962801236659288,46.593295186758041,2477.9400000000001</coordinates></Point></Placemark><Placemark><TimeSpan><begin>2026-08-05T08:07:46Z</begin><end>2026-08-05T08:07:59Z</end></TimeSpan><styleUrl>#point</styleUrl><Point><altitudeMode>clampToGround</altitudeMode><coordinates>11.962980190292001,46.593288648873568,2478.9000000000001</coordinates></Point></Placemark><Placemark><TimeSpan><begin>2026-08-05T08:07:59Z</begin><end>2026-08-05T08:08:10Z</end></TimeSpan><styleUrl>#point</styleUrl><Point><altitudeMode>clampToGround</altitudeMode><coordinates>11.963099045678973,46.59328387118876,2479.8600000000001</coordinates></Point></Placemark><Placemark><TimeSpan><begin>2026-08-05T08:08:10Z</begin><end>2026-08-05T08:08:21Z</end></TimeSpan><styleUrl>#point</styleUrl><Point><altitudeMode>clampToGround</altitudeMode><coordinates>11.963223181664944,46.5932662691921,2480.8200000000002</coordinates></Point></Placemark><Placemark><TimeSpan><begin>2026-08-05T08:08:21Z</begin><end>2026-08-05T08:08:28Z</end></TimeSpan><styleUrl>#point</styleUrl><Point><altitudeMode>clampToGround</altitudeMode><coordinates>11.963312365114689,46.593239111825824,2481.3000000000002</coordinates></Point></Placemark><Placemark><TimeSpan><begin>2026-08-05T08:08:28Z</begin><end>2026-08-05T08:08:39Z</end></TimeSpan><styleUrl>#point</styleUrl><Point><altitudeMode>clampToGround</altitudeMode><coordinates>11.963433064520359,46.593240452930331,2482.7399999999998</coordinates></Point></Placemark><Placemark><TimeSpan><begin>2026-08-05T08:08:39Z</begin><end>2026-08-05T08:08:50Z</end></TimeSpan><styleUrl>#point</styleUrl><Point><altitudeMode>clampToGround</altitudeMode><coordinates>11.963519314303994,46.593248331919312,2483.6999999999998</coordinates></Point></Placemark><Placemark><TimeSpan><begin>2026-08-05T08:08:50Z</begin><end>2026-08-05T08:08:59Z</end></TimeSpan><styleUrl>#point</styleUrl><Point><altitudeMode>clampToGround</altitudeMode><coordinates>11.963611096143723,46.593245901167393,2484.6599999999999</coordinates></Point></Placemark><Placemark><TimeSpan><begin>2026-08-05T08:08:59Z</begin><end>2026-08-05T08:09:11Z</end></TimeSpan><styleUrl>#point</styleUrl><Point><altitudeMode>clampToGround</altitudeMode><coordinates>11.963672786951065,46.593232322484255,2486.5900000000001</coordinates></Point></Placemark><Placemark><TimeSpan><begin>2026-08-05T08:09:11Z</begin><end>2026-08-05T08:09:31Z</end></TimeSpan><styleUrl>#point</styleUrl><Point><altitudeMode>clampToGround</altitudeMode><coordinates>11.963735232129693,46.593223353847861,2486.5900000000001</coordinates></Point></Placemark><Placemark><TimeSpan><begin>2026-08-05T08:09:31Z</begin><end>2026-08-05T08:09:42Z</end></TimeSpan><styleUrl>#point</styleUrl><Point><altitudeMode>clampToGround</altitudeMode><coordinates>11.963791474699974,46.593233412131667,2487.0700000000002</coordinates></Point></Placemark><Placemark><TimeSpan><begin>2026-08-05T08:09:42Z</begin><end>2026-08-05T08:09:53Z</end></TimeSpan><styleUrl>#point</styleUrl><Point><altitudeMode>clampToGround</altitudeMode><coordinates>11.96381620131433,46.59324623644352,2488.9899999999998</coordinates></Point></Placemark><Placemark><TimeSpan><begin>2026-08-05T08:09:53Z</begin><end>2026-08-05T08:10:05Z</end></TimeSpan><styleUrl>#point</styleUrl><Point><altitudeMode>clampToGround</altitudeMode><coordinates>11.963782757520676,46.593296192586422,2490.4299999999998</coordinates></Point></Placemark><Placemark><TimeSpan><begin>2026-08-05T08:10:05Z</begin><end>2026-08-05T08:10:15Z</end></TimeSpan><styleUrl>#point</styleUrl><Point><altitudeMode>clampToGround</altitudeMode><coordinates>11.96385626681149,46.593311447650194,2492.3600000000001</coordinates></Point></Placemark><Placemark><TimeSpan><begin>2026-08-05T08:10:15Z</begin><end>2026-08-05T08:10:24Z</end></TimeSpan><styleUrl>#point</styleUrl><Point><altitudeMode>clampToGround</altitudeMode><coordinates>11.963885938748717,46.593280183151364,2493.3200000000002</coordinates></Point></Placemark><Placemark><TimeSpan><begin>2026-08-05T08:10:24Z</begin><end>2026-08-05T08:10:34Z</end></TimeSpan><styleUrl>#point</styleUrl><Point><altitudeMode>clampToGround</altitudeMode><coordinates>11.963912174105644,46.593277584761381,2494.7600000000002</coordinates></Point></Placemark><Placemark><TimeSpan><begin>2026-08-05T08:10:34Z</begin><end>2026-08-05T08:10:45Z</end></TimeSpan><styleUrl>#point</styleUrl><Point><altitudeMode>clampToGround</altitudeMode><coordinates>11.963990293443203,46.593274567276239,2495.7199999999998</coordinates></Point></Placemark><Placemark><TimeSpan><begin>2026-08-05T08:10:45Z</begin><end>2026-08-05T08:10:56Z</end></TimeSpan><styleUrl>#point</styleUrl><Point><altitudeMode>clampToGround</altitudeMode><coordinates>11.964063718914986,46.59324967302382,2496.6799999999998</coordinates></Point></Placemark><Placemark><TimeSpan><begin>2026-08-05T08:10:56Z</begin><end>2026-08-05T08:11:07Z</end></TimeSpan><styleUrl>#point</styleUrl><Point><altitudeMode>clampToGround</altitudeMode><coordinates>11.964142341166735,46.593216396868229,2496.6799999999998</coordinates></Point></Placemark><Placemark><TimeSpan><begin>2026-08-05T08:11:07Z</begin><end>2026-08-05T08:11:16Z</end></TimeSpan><styleUrl>#point</styleUrl><Point><altitudeMode>clampToGround</altitudeMode><coordinates>11.964213335886598,46.593217402696609,2497.1599999999999</coordinates></Point></Placemark><Placemark><TimeSpan><begin>2026-08-05T08:11:16Z</begin><end>2026-08-05T08:11:27Z</end></TimeSpan><styleUrl>#point</styleUrl><Point><altitudeMode>clampToGround</altitudeMode><coordinates>11.964320875704288,46.593231232836843,2498.5999999999999</coordinates></Point></Placemark><Placemark><TimeSpan><begin>2026-08-05T08:11:27Z</begin><end>2026-08-05T08:11:38Z</end></TimeSpan><styleUrl>#point</styleUrl><Point><altitudeMode>clampToGround</altitudeMode><coordinates>11.964436629787087,46.593258390203118,2501.0100000000002</coordinates></Point></Placemark><Placemark><TimeSpan><begin>2026-08-05T08:11:38Z</begin><end>2026-08-05T08:11:50Z</end></TimeSpan><styleUrl>#point</styleUrl><Point><altitudeMode>clampToGround</altitudeMode><coordinates>11.964506031945348,46.593285715207458,2502.9299999999998</coordinates></Point></Placemark><Placemark><TimeSpan><begin>2026-08-05T08:11:50Z</begin><end>2026-08-05T08:12:00Z</end></TimeSpan><styleUrl>#point</styleUrl><Point><altitudeMode>clampToGround</altitudeMode><coordinates>11.96458088234067,46.593295941129327,2504.3699999999999</coordinates></Point></Placemark><Placemark><TimeSpan><begin>2026-08-05T08:12:00Z</begin><end>2026-08-05T08:12:12Z</end></TimeSpan><styleUrl>#point</styleUrl><Point><altitudeMode>clampToGround</altitudeMode><coordinates>11.96470694616437,46.593292336910963,2506.29</coordinates></Point></Placemark><Placemark><TimeSpan><begin>2026-08-05T08:12:12Z</begin><end>2026-08-05T08:12:23Z</end></TimeSpan><styleUrl>#point</styleUrl><Point><altitudeMode>clampToGround</altitudeMode><coordinates>11.964825382456183,46.593276998028159,2507.2600000000002</coordinates></Point></Placemark><Placemark><TimeSpan><begin>2026-08-05T08:12:23Z</begin><end>2026-08-05T08:12:34Z</end></TimeSpan><styleUrl>#point</styleUrl><Point><altitudeMode>clampToGround</altitudeMode><coordinates>11.964936442673206,46.593245314434171,2508.6999999999998</coordinates></Point></Placemark><Placemark><TimeSpan><begin>2026-08-05T08:12:34Z</begin><end>2026-08-05T08:12:43Z</end></TimeSpan><styleUrl>#point</styleUrl><Point><altitudeMode>clampToGround</altitudeMode><coordinates>11.965002743527293,46.593239279463887,2510.1399999999999</coordinates></Point></Placemark><Placemark><TimeSpan><begin>2026-08-05T08:12:43Z</begin><end>2026-08-05T08:12:59Z</end></TimeSpan><styleUrl>#point</styleUrl><Point><altitudeMode>clampToGround</altitudeMode><coordinates>11.965049766004086,46.593232657760382,2510.6199999999999</coordinates></Point></Placemark><Placemark><TimeSpan><begin>2026-08-05T08:12:59Z</begin><end>2026-08-05T08:13:12Z</end></TimeSpan><styleUrl>#point</styleUrl><Point><altitudeMode>clampToGround</altitudeMode><coordinates>11.965015903115273,46.59325310960412,2511.0999999999999</coordinates></Point></Placemark><Placemark><TimeSpan><begin>2026-08-05T08:13:12Z</begin><end>2026-08-05T08:13:22Z</end></TimeSpan><styleUrl>#point</styleUrl><Point><altitudeMode>clampToGround</altitudeMode><coordinates>11.964988326653838,46.593250427395105,2511.5799999999999</coordinates></Point></Placemark><Placemark><TimeSpan><begin>2026-08-05T08:13:22Z</begin><end>2026-08-05T08:13:37Z</end></TimeSpan><styleUrl>#point</styleUrl><Point><altitudeMode>clampToGround</altitudeMode><coordinates>11.964982710778713,46.593247829005122,2511.5799999999999</coordinates></Point></Placemark><Placemark><TimeSpan><begin>2026-08-05T08:13:37Z</begin><end>2026-08-05T08:13:49Z</end></TimeSpan><styleUrl>#point</styleUrl><Point><altitudeMode>clampToGround</altitudeMode><coordinates>11.964986817911267,46.593308178707957,2511.5799999999999</coordinates></Point></Placemark><Placemark><TimeSpan><begin>2026-08-05T08:13:49Z</begin><end>2026-08-05T08:14:04Z</end></TimeSpan><styleUrl>#point</styleUrl><Point><altitudeMode>clampToGround</altitudeMode><coordinates>11.96506661362946,46.593387722969055,2511.5799999999999</coordinates></Point></Placemark><Placemark><TimeSpan><begin>2026-08-05T08:14:04Z</begin><end>2026-08-05T08:14:14Z</end></TimeSpan><styleUrl>#point</styleUrl><Point><altitudeMode>clampToGround</altitudeMode><coordinates>11.965088825672865,46.593417311087251,2512.0599999999999</coordinates></Point></Placemark><Placemark><TimeSpan><begin>2026-08-05T08:14:14Z</begin><end>2026-08-05T08:14:22Z</end></TimeSpan><styleUrl>#point</styleUrl><Point><altitudeMode>clampToGround</altitudeMode><coordinates>11.965078851208091,46.593438601121306,2512.0599999999999</coordinates></Point></Placemark><Placemark><TimeSpan><begin>2026-08-05T08:14:22Z</begin><end>2026-08-05T08:14:39Z</end></TimeSpan><styleUrl>#point</styleUrl><Point><altitudeMode>clampToGround</altitudeMode><coordinates>11.965057728812099,46.593445641919971,2513.02</coordinates></Point></Placemark><Placemark><TimeSpan><begin>2026-08-05T08:14:39Z</begin><end>2026-08-05T08:14:58Z</end></TimeSpan><styleUrl>#point</styleUrl><Point><altitudeMode>clampToGround</altitudeMode><coordinates>11.965045072138309,46.593427369371057,2513.02</coordinates></Point></Placemark><Placemark><TimeSpan><begin>2026-08-05T08:14:58Z</begin><end>2026-08-05T08:15:09Z</end></TimeSpan><styleUrl>#point</styleUrl><Point><altitudeMode>clampToGround</altitudeMode><coordinates>11.964992517605424,46.593359308317304,2511.5799999999999</coordinates></Point></Placemark><Placemark><TimeSpan><begin>2026-08-05T08:15:09Z</begin><end>2026-08-05T08:15:10Z</end></TimeSpan><styleUrl>#point</styleUrl><Point><altitudeMode>clampToGround</altitudeMode><coordinates>11.96498597972095,46.593351596966386,2511.5799999999999</coordinates></Point></Placemark><Placemark><TimeSpan><begin>2026-08-05T08:15:10Z</begin><end>2026-08-05T08:15:23Z</end></TimeSpan><styleUrl>#point</styleUrl><Point><altitudeMode>clampToGround</altitudeMode><coordinates>11.964964019134641,46.593256127089262,2511.5799999999999</coordinates></Point></Placemark><Placemark><TimeSpan><begin>2026-08-05T08:15:23Z</begin><end>2026-08-05T08:15:38Z</end></TimeSpan><styleUrl>#point</styleUrl><Point><altitudeMode>clampToGround</altitudeMode><coordinates>11.964966617524624,46.593245482072234,2512.0599999999999</coordinates></Point></Placemark><Placemark><TimeSpan><begin>2026-08-05T08:15:38Z</begin><end>2026-08-05T08:15:51Z</end></TimeSpan><styleUrl>#point</styleUrl><Point><altitudeMode>clampToGround</altitudeMode><coordinates>11.964961756020784,46.593261491507292,2512.0599999999999</coordinates></Point></Placemark><Placemark><TimeSpan><begin>2026-08-05T08:15:51Z</begin><end>2026-08-05T08:16:13Z</end></TimeSpan><styleUrl>#point</styleUrl><Point><altitudeMode>clampToGround</altitudeMode><coordinates>11.96498061530292,46.593275992199779,2512.0599999999999</coordinates></Point></Placemark><Placemark><TimeSpan><begin>2026-08-05T08:16:13Z</begin><end>2026-08-05T08:16:31Z</end></TimeSpan><styleUrl>#point</styleUrl><Point><altitudeMode>clampToGround</altitudeMode><coordinates>11.964975753799081,46.59326434135437,2512.54</coordinates></Point></Placemark><Placemark><TimeSpan><begin>2026-08-05T08:16:31Z</begin><end>2026-08-05T08:16:47Z</end></TimeSpan><styleUrl>#point</styleUrl><Point><altitudeMode>clampToGround</altitudeMode><coordinates>11.964956559240818,46.593256462365389,2512.54</coordinates></Point></Placemark><Placemark><TimeSpan><begin>2026-08-05T08:16:47Z</begin><end>2026-08-05T08:16:51Z</end></TimeSpan><styleUrl>#point</styleUrl><Point><altitudeMode>clampToGround</altitudeMode><coordinates>11.964961001649499,46.593263167887926,2512.54</coordinates></Point></Placemark><Placemark><TimeSpan><begin>2026-08-05T08:16:51Z</begin><end>2026-08-05T08:17:05Z</end></TimeSpan><styleUrl>#point</styleUrl><Point><altitudeMode>clampToGround</altitudeMode><coordinates>11.965027470141649,46.593375485390425,2512.54</coordinates></Point></Placemark><Placemark><TimeSpan><begin>2026-08-05T08:17:05Z</begin><end>2026-08-05T08:17:15Z</end></TimeSpan><styleUrl>#point</styleUrl><Point><altitudeMode>clampToGround</altitudeMode><coordinates>11.965065104886889,46.593428794294596,2512.54</coordinates></Point></Placemark><Placemark><TimeSpan><begin>2026-08-05T08:17:15Z</begin><end>2026-08-05T08:17:24Z</end></TimeSpan><styleUrl>#point</styleUrl><Point><altitudeMode>clampToGround</altitudeMode><coordinates>11.965050017461181,46.593444971367717,2512.54</coordinates></Point></Placemark><Placemark><TimeSpan><begin>2026-08-05T08:17:24Z</begin><end>2026-08-05T08:17:31Z</end></TimeSpan><styleUrl>#point</styleUrl><Point><altitudeMode>clampToGround</altitudeMode><coordinates>11.965029900893569,46.593439606949687,2512.54</coordinates></Point></Placemark><Placemark><TimeSpan><begin>2026-08-05T08:17:31Z</begin><end>2026-08-05T08:17:45Z</end></TimeSpan><styleUrl>#point</styleUrl><Point><altitudeMode>clampToGround</altitudeMode><coordinates>11.964946752414107,46.593333659693599,2512.54</coordinates></Point></Placemark><Placemark><TimeSpan><begin>2026-08-05T08:17:45Z</begin><end>2026-08-05T08:17:57Z</end></TimeSpan><styleUrl>#point</styleUrl><Point><altitudeMode>clampToGround</altitudeMode><coordinates>11.964921271428466,46.593298120424151,2513.02</coordinates></Point></Placemark><Placemark><TimeSpan><begin>2026-08-05T08:17:57Z</begin><end>2026-08-05T08:18:15Z</end></TimeSpan><styleUrl>#point</styleUrl><Point><altitudeMode>clampToGround</altitudeMode><coordinates>11.964900316670537,46.593324188143015,2513.02</coordinates></Point></Placemark><Placemark><TimeSpan><begin>2026-08-05T08:18:15Z</begin><end>2026-08-05T08:18:30Z</end></TimeSpan><styleUrl>#point</styleUrl><Point><altitudeMode>clampToGround</altitudeMode><coordinates>11.96490584872663,46.593316560611129,2513.02</coordinates></Point></Placemark><Placemark><TimeSpan><begin>2026-08-05T08:18:30Z</begin><end>2026-08-05T08:18:45Z</end></TimeSpan><styleUrl>#point</styleUrl><Point><altitudeMode>clampToGround</altitudeMode><coordinates>11.964915152639151,46.593298874795437,2513.02</coordinates></Point></Placemark><Placemark><TimeSpan><begin>2026-08-05T08:18:45Z</begin><end>2026-08-05T08:19:04Z</end></TimeSpan><styleUrl>#point</styleUrl><Point><altitudeMode>clampToGround</altitudeMode><coordinates>11.964926049113274,46.593288732692599,2513.5</coordinates></Point></Placemark><Placemark><TimeSpan><begin>2026-08-05T08:19:04Z</begin><end>2026-08-05T08:19:24Z</end></TimeSpan><styleUrl>#point</styleUrl><Point><altitudeMode>clampToGround</altitudeMode><coordinates>11.964917918667197,46.593295186758041,2513.5</coordinates></Point></Placemark><Placemark><TimeSpan><begin>2026-08-05T08:19:24Z</begin><end>2026-08-05T08:19:36Z</end></TimeSpan><styleUrl>#point</styleUrl><Point><altitudeMode>clampToGround</altitudeMode><coordinates>11.964892186224461,46.593289487063885,2513.5</coordinates></Point></Placemark><Placemark><TimeSpan><begin>2026-08-05T08:19:36Z</begin><end>2026-08-05T08:19:49Z</end></TimeSpan><styleUrl>#point</styleUrl><Point><altitudeMode>clampToGround</altitudeMode><coordinates>11.96489118039608,46.593289570882916,2513.5</coordinates></Point></Placemark><Placemark><TimeSpan><begin>2026-08-05T08:19:49Z</begin><end>2026-08-05T08:20:08Z</end></TimeSpan><styleUrl>#point</styleUrl><Point><altitudeMode>clampToGround</altitudeMode><coordinates>11.964897802099586,46.593279764056206,2513.98</coordinates></Point></Placemark><Placemark><TimeSpan><begin>2026-08-05T08:20:08Z</begin><end>2026-08-05T08:20:33Z</end></TimeSpan><styleUrl>#point</styleUrl><Point><altitudeMode>clampToGround</altitudeMode><coordinates>11.964883469045162,46.593289403244853,2513.98</coordinates></Point></Placemark><Placemark><TimeSpan><begin>2026-08-05T08:20:33Z</begin><end>2026-08-05T08:20:51Z</end></TimeSpan><styleUrl>#point</styleUrl><Point><altitudeMode>clampToGround</altitudeMode><coordinates>11.964914062991738,46.593297282233834,2513.98</coordinates></Point></Placemark><Placemark><TimeSpan><begin>2026-08-05T08:20:51Z</begin><end>2026-08-05T08:21:03Z</end></TimeSpan><styleUrl>#point</styleUrl><Point><altitudeMode>clampToGround</altitudeMode><coordinates>11.964927893131971,46.593300215899944,2514.4699999999998</coordinates></Point></Placemark><Placemark><TimeSpan><begin>2026-08-05T08:21:03Z</begin><end>2026-08-05T08:21:22Z</end></TimeSpan><styleUrl>#point</styleUrl><Point><altitudeMode>clampToGround</altitudeMode><coordinates>11.964957565069199,46.593297785148025,2514.4699999999998</coordinates></Point></Placemark><Placemark><TimeSpan><begin>2026-08-05T08:21:22Z</begin><end>2026-08-05T08:21:35Z</end></TimeSpan><styleUrl>#point</styleUrl><Point><altitudeMode>clampToGround</altitudeMode><coordinates>11.964963180944324,46.59328680485487,2514.4699999999998</coordinates></Point></Placemark><Placemark><TimeSpan><begin>2026-08-05T08:21:35Z</begin><end>2026-08-05T08:21:46Z</end></TimeSpan><styleUrl>#point</styleUrl><Point><altitudeMode>clampToGround</altitudeMode><coordinates>11.964936694130301,46.59329267218709,2514.4699999999998</coordinates></Point></Placemark><Placemark><TimeSpan><begin>2026-08-05T08:21:46Z</begin><end>2026-08-05T08:22:00Z</end></TimeSpan><styleUrl>#point</styleUrl><Point><altitudeMode>clampToGround</altitudeMode><coordinates>11.964961672201753,46.593281105160713,2514.4699999999998</coordinates></Point></Placemark><Placemark><TimeSpan><begin>2026-08-05T08:22:00Z</begin><end>2026-08-05T08:22:21Z</end></TimeSpan><styleUrl>#point</styleUrl><Point><altitudeMode>clampToGround</altitudeMode><coordinates>11.964961923658848,46.593299461528659,2514.4699999999998</coordinates></Point></Placemark><Placemark><TimeSpan><begin>2026-08-05T08:22:21Z</begin><end>2026-08-05T08:22:33Z</end></TimeSpan><styleUrl>#point</styleUrl><Point><altitudeMode>clampToGround</altitudeMode><coordinates>11.964930910617113,46.593299712985754,2514.9499999999998</coordinates></Point></Placemark><Placemark><TimeSpan><begin>2026-08-05T08:22:33Z</begin><end>2026-08-05T08:22:45Z</end></TimeSpan><styleUrl>#point</styleUrl><Point><altitudeMode>clampToGround</altitudeMode><coordinates>11.964909033849835,46.59331027418375,2514.9499999999998</coordinates></Point></Placemark><Placemark><TimeSpan><begin>2026-08-05T08:22:45Z</begin><end>2026-08-05T08:23:09Z</end></TimeSpan><styleUrl>#point</styleUrl><Point><altitudeMode>clampToGround</altitudeMode><coordinates>11.964902747422457,46.593331899493933,2514.9499999999998</coordinates></Point></Placemark><Placemark><TimeSpan><begin>2026-08-05T08:23:09Z</begin><end>2026-08-05T08:23:28Z</end></TimeSpan><styleUrl>#point</styleUrl><Point><altitudeMode>clampToGround</altitudeMode><coordinates>11.964898724108934,46.593318153172731,2514.9499999999998</coordinates></Point></Placemark><Placemark><TimeSpan><begin>2026-08-05T08:23:28Z</begin><end>2026-08-05T08:23:52Z</end></TimeSpan><styleUrl>#point</styleUrl><Point><altitudeMode>clampToGround</altitudeMode><coordinates>11.96488874964416,46.593327624723315,2515.4299999999998</coordinates></Point></Placemark><Placemark><TimeSpan><begin>2026-08-05T08:23:52Z</begin><end>2026-08-05T08:24:10Z</end></TimeSpan><styleUrl>#point</styleUrl><Point><altitudeMode>clampToGround</altitudeMode><coordinates>11.964878858998418,46.593328546732664,2515.4299999999998</coordinates></Point></Placemark><Placemark><TimeSpan><begin>2026-08-05T08:24:10Z</begin><end>2026-08-05T08:24:34Z</end></TimeSpan><styleUrl>#point</styleUrl><Point><altitudeMode>clampToGround</altitudeMode><coordinates>11.964883301407099,46.593336258083582,2515.4299999999998</coordinates></Point></Placemark><Placemark><TimeSpan><begin>2026-08-05T08:24:34Z</begin><end>2026-08-05T08:24:56Z</end></TimeSpan><styleUrl>#point</styleUrl><Point><altitudeMode>clampToGround</altitudeMode><coordinates>11.964882463216782,46.593324271962047,2515.4299999999998</coordinates></Point></Placemark><Placemark><TimeSpan><begin>2026-08-05T08:24:56Z</begin><end>2026-08-05T08:25:13Z</end></TimeSpan><styleUrl>#point</styleUrl><Point><altitudeMode>clampToGround</altitudeMode><coordinates>11.96489947848022,46.593320751562715,2515.9099999999999</coordinates></Point></Placemark><Placemark><TimeSpan><begin>2026-08-05T08:25:13Z</begin><end>2026-08-05T08:25:28Z</end></TimeSpan><styleUrl>#point</styleUrl><Point><altitudeMode>clampToGround</altitudeMode><coordinates>11.964894952252507,46.5932990424335,2514.4699999999998</coordinates></Point></Placemark><Placemark><TimeSpan><begin>2026-08-05T08:25:28Z</begin><end>2026-08-05T08:26:01Z</end></TimeSpan><styleUrl>#point</styleUrl><Point><altitudeMode>clampToGround</altitudeMode><coordinates>11.96487944573164,46.593273812904954,2514.9499999999998</coordinates></Point></Placemark><Placemark><TimeSpan><begin>2026-08-05T08:26:01Z</begin><end>2026-08-05T08:26:27Z</end></TimeSpan><styleUrl>#point</styleUrl><Point><altitudeMode>clampToGround</altitudeMode><coordinates>11.964864358305931,46.593265598639846,2514.9499999999998</coordinates></Point></Placemark><Placemark><TimeSpan><begin>2026-08-05T08:26:27Z</begin><end>2026-08-05T08:27:11Z</end></TimeSpan><styleUrl>#point</styleUrl><Point><altitudeMode>clampToGround</altitudeMode><coordinates>11.964885648339987,46.593271968886256,2515.4299999999998</coordinates></Point></Placemark><Placemark><TimeSpan><begin>2026-08-05T08:27:11Z</begin><end>2026-08-05T08:27:30Z</end></TimeSpan><styleUrl>#point</styleUrl><Point><altitudeMode>clampToGround</altitudeMode><coordinates>11.964889252558351,46.593302227556705,2515.4299999999998</coordinates></Point></Placemark><Placemark><TimeSpan><begin>2026-08-05T08:27:30Z</begin><end>2026-08-05T08:28:06Z</end></TimeSpan><styleUrl>#point</styleUrl><Point><altitudeMode>clampToGround</altitudeMode><coordinates>11.964902831241488,46.59331320784986,2515.9099999999999</coordinates></Point></Placemark><Placemark><TimeSpan><begin>2026-08-05T08:28:06Z</begin><end>2026-08-05T08:28:38Z</end></TimeSpan><styleUrl>#point</styleUrl><Point><altitudeMode>clampToGround</altitudeMode><coordinates>11.964890761300921,46.593324188143015,2515.9099999999999</coordinates></Point></Placemark><Placemark><TimeSpan><begin>2026-08-05T08:28:38Z</begin><end>2026-08-05T08:29:12Z</end></TimeSpan><styleUrl>#point</styleUrl><Point><altitudeMode>clampToGround</altitudeMode><coordinates>11.964896293357015,46.593317566439509,2516.3899999999999</coordinates></Point></Placemark><Placemark><TimeSpan><begin>2026-08-05T08:29:12Z</begin><end>2026-08-05T08:29:26Z</end></TimeSpan><styleUrl>#point</styleUrl><Point><altitudeMode>clampToGround</altitudeMode><coordinates>11.964914062991738,46.593293510377407,2516.3899999999999</coordinates></Point></Placemark><Placemark><TimeSpan><begin>2026-08-05T08:29:26Z</begin><end>2026-08-05T08:29:54Z</end></TimeSpan><styleUrl>#point</styleUrl><Point><altitudeMode>clampToGround</altitudeMode><coordinates>11.964932754635811,46.593278842046857,2515.9099999999999</coordinates></Point></Placemark><Placemark><TimeSpan><begin>2026-08-05T08:29:54Z</begin><end>2026-08-05T08:30:22Z</end></TimeSpan><styleUrl>#point</styleUrl><Point><altitudeMode>clampToGround</altitudeMode><coordinates>11.964996373280883,46.593264508992434,2516.3899999999999</coordinates></Point></Placemark><Placemark><TimeSpan><begin>2026-08-05T08:30:22Z</begin><end>2026-08-05T08:30:48Z</end></TimeSpan><styleUrl>#point</styleUrl><Point><altitudeMode>clampToGround</altitudeMode><coordinates>11.964964019134641,46.593256546184421,2516.3899999999999</coordinates></Point></Placemark><Placemark><TimeSpan><begin>2026-08-05T08:30:48Z</begin><end>2026-08-05T08:31:14Z</end></TimeSpan><styleUrl>#point</styleUrl><Point><altitudeMode>clampToGround</altitudeMode><coordinates>11.964952787384391,46.593270460143685,2516.8699999999999</coordinates></Point></Placemark><Placemark><TimeSpan><begin>2026-08-05T08:31:14Z</begin><end>2026-08-05T08:31:39Z</end></TimeSpan><styleUrl>#point</styleUrl><Point><altitudeMode>clampToGround</altitudeMode><coordinates>11.964947171509266,46.593283116817474,2516.8699999999999</coordinates></Point></Placemark><Placemark><TimeSpan><begin>2026-08-05T08:31:39Z</begin><end>2026-08-05T08:32:04Z</end></TimeSpan><styleUrl>#point</styleUrl><Point><altitudeMode>clampToGround</altitudeMode><coordinates>11.96491414681077,46.593350591138005,2517.3499999999999</coordinates></Point></Placemark><Placemark><TimeSpan><begin>2026-08-05T08:32:04Z</begin><end>2026-08-05T08:32:29Z</end></TimeSpan><styleUrl>#point</styleUrl><Point><altitudeMode>clampToGround</altitudeMode><coordinates>11.964861927554011,46.59335570409894,2517.3499999999999</coordinates></Point></Placemark><Placemark><TimeSpan><begin>2026-08-05T08:32:29Z</begin><end>2026-08-05T08:32:56Z</end></TimeSpan><styleUrl>#point</styleUrl><Point><altitudeMode>clampToGround</altitudeMode><coordinates>11.964829824864864,46.593346567824483,2517.8299999999999</coordinates></Point></Placemark><Placemark><TimeSpan><begin>2026-08-05T08:32:56Z</begin><end>2026-08-05T08:33:20Z</end></TimeSpan><styleUrl>#point</styleUrl><Point><altitudeMode>clampToGround</altitudeMode><coordinates>11.964862681925297,46.593326535075903,2517.8299999999999</coordinates></Point></Placemark><Placemark><TimeSpan><begin>2026-08-05T08:33:20Z</begin><end>2026-08-05T08:33:49Z</end></TimeSpan><styleUrl>#point</styleUrl><Point><altitudeMode>clampToGround</altitudeMode><coordinates>11.964856646955013,46.593315890058875,2517.8299999999999</coordinates></Point></Placemark><Placemark><TimeSpan><begin>2026-08-05T08:33:49Z</begin><end>2026-08-05T08:34:16Z</end></TimeSpan><styleUrl>#point</styleUrl><Point><altitudeMode>clampToGround</altitudeMode><coordinates>11.964854383841157,46.593337850645185,2518.3099999999999</coordinates></Point></Placemark><Placemark><TimeSpan><begin>2026-08-05T08:34:16Z</begin><end>2026-08-05T08:34:40Z</end></TimeSpan><styleUrl>#point</styleUrl><Point><altitudeMode>clampToGround</altitudeMode><coordinates>11.964902579784393,46.593347573652864,2518.3099999999999</coordinates></Point></Placemark><Placemark><TimeSpan><begin>2026-08-05T08:34:40Z</begin><end>2026-08-05T08:35:09Z</end></TimeSpan><styleUrl>#point</styleUrl><Point><altitudeMode>clampToGround</altitudeMode><coordinates>11.964899394661188,46.593311950564384,2518.79</coordinates></Point></Placemark><Placemark><TimeSpan><begin>2026-08-05T08:35:09Z</begin><end>2026-08-05T08:35:33Z</end></TimeSpan><styleUrl>#point</styleUrl><Point><altitudeMode>clampToGround</altitudeMode><coordinates>11.96491171605885,46.593317817896605,2518.79</coordinates></Point></Placemark><Placemark><TimeSpan><begin>2026-08-05T08:35:33Z</begin><end>2026-08-05T08:35:54Z</end></TimeSpan><styleUrl>#point</styleUrl><Point><altitudeMode>clampToGround</altitudeMode><coordinates>11.964946668595076,46.593310693278909,2518.79</coordinates></Point></Placemark><Placemark><TimeSpan><begin>2026-08-05T08:35:54Z</begin><end>2026-08-05T08:36:24Z</end></TimeSpan><styleUrl>#point</styleUrl><Point><altitudeMode>clampToGround</altitudeMode><coordinates>11.964936442673206,46.593294600024819,2519.27</coordinates></Point></Placemark><Placemark><TimeSpan><begin>2026-08-05T08:36:24Z</begin><end>2026-08-05T08:36:50Z</end></TimeSpan><styleUrl>#point</styleUrl><Point><altitudeMode>clampToGround</altitudeMode><coordinates>11.964923953637481,46.593297030776739,2519.27</coordinates></Point></Placemark><Placemark><TimeSpan><begin>2026-08-05T08:36:50Z</begin><end>2026-08-05T08:37:15Z</end></TimeSpan><styleUrl>#point</styleUrl><Point><altitudeMode>clampToGround</altitudeMode><coordinates>11.96492588147521,46.593288732692599,2519.75</coordinates></Point></Placemark><Placemark><TimeSpan><begin>2026-08-05T08:37:15Z</begin><end>2026-08-05T08:37:37Z</end></TimeSpan><styleUrl>#point</styleUrl><Point><altitudeMode>clampToGround</altitudeMode><coordinates>11.964915571734309,46.593298958614469,2519.75</coordinates></Point></Placemark><Placemark><TimeSpan><begin>2026-08-05T08:37:37Z</begin><end>2026-08-05T08:38:03Z</end></TimeSpan><styleUrl>#point</styleUrl><Point><altitudeMode>clampToGround</altitudeMode><coordinates>11.964903753250837,46.593300048261881,2519.75</coordinates></Point></Placemark><Placemark><TimeSpan><begin>2026-08-05T08:38:03Z</begin><end>2026-08-05T08:38:30Z</end></TimeSpan><styleUrl>#point</styleUrl><Point><altitudeMode>clampToGround</altitudeMode><coordinates>11.964896125718951,46.593317147344351,2520.23</coordinates></Point></Placemark><Placemark><TimeSpan><begin>2026-08-05T08:38:30Z</begin><end>2026-08-05T08:38:51Z</end></TimeSpan><styleUrl>#point</styleUrl><Point><altitudeMode>clampToGround</altitudeMode><coordinates>11.964883636683226,46.593303484842181,2520.23</coordinates></Point></Placemark><Placemark><TimeSpan><begin>2026-08-05T08:38:51Z</begin><end>2026-08-05T08:39:14Z</end></TimeSpan><styleUrl>#point</styleUrl><Point><altitudeMode>clampToGround</altitudeMode><coordinates>11.96490190923214,46.593303401023149,2520.23</coordinates></Point></Placemark><Placemark><TimeSpan><begin>2026-08-05T08:39:14Z</begin><end>2026-08-05T08:39:26Z</end></TimeSpan><styleUrl>#point</styleUrl><Point><altitudeMode>clampToGround</altitudeMode><coordinates>11.964912554249167,46.593289151787758,2520.23</coordinates></Point></Placemark><Placemark><TimeSpan><begin>2026-08-05T08:39:26Z</begin><end>2026-08-05T08:39:57Z</end></TimeSpan><styleUrl>#point</styleUrl><Point><altitudeMode>clampToGround</altitudeMode><coordinates>11.964928647503257,46.593279596418142,2520.71</coordinates></Point></Placemark><Placemark><TimeSpan><begin>2026-08-05T08:39:57Z</begin><end>2026-08-05T08:40:23Z</end></TimeSpan><styleUrl>#point</styleUrl><Point><altitudeMode>clampToGround</altitudeMode><coordinates>11.964935772120953,46.593261659145355,2520.71</coordinates></Point></Placemark><Placemark><TimeSpan><begin>2026-08-05T08:40:23Z</begin><end>2026-08-05T08:40:47Z</end></TimeSpan><styleUrl>#point</styleUrl><Point><altitudeMode>clampToGround</altitudeMode><coordinates>11.964959409087896,46.593266353011131,2520.71</coordinates></Point></Placemark><Placemark><TimeSpan><begin>2026-08-05T08:40:47Z</begin><end>2026-08-05T08:41:22Z</end></TimeSpan><styleUrl>#point</styleUrl><Point><altitudeMode>clampToGround</altitudeMode><coordinates>11.964949602261186,46.593251684680581,2520.71</coordinates></Point></Placemark><Placemark><TimeSpan><begin>2026-08-05T08:41:22Z</begin><end>2026-08-05T08:41:46Z</end></TimeSpan><styleUrl>#point</styleUrl><Point><altitudeMode>clampToGround</altitudeMode><coordinates>11.964909536764026,46.59326090477407,2521.1900000000001</coordinates></Point></Placemark><Placemark><TimeSpan><begin>2026-08-05T08:41:46Z</begin><end>2026-08-05T08:42:09Z</end></TimeSpan><styleUrl>#point</styleUrl><Point><altitudeMode>clampToGround</altitudeMode><coordinates>11.964934347197413,46.593246068805456,2521.1900000000001</coordinates></Point></Placemark><Placemark><TimeSpan><begin>2026-08-05T08:42:09Z</begin><end>2026-08-05T08:42:42Z</end></TimeSpan><styleUrl>#point</styleUrl><Point><altitudeMode>clampToGround</altitudeMode><coordinates>11.964965276420116,46.593238273635507,2521.1900000000001</coordinates></Point></Placemark><Placemark><TimeSpan><begin>2026-08-05T08:42:42Z</begin><end>2026-08-05T08:43:00Z</end></TimeSpan><styleUrl>#point</styleUrl><Point><altitudeMode>clampToGround</altitudeMode><coordinates>11.964989919215441,46.593254869803786,2520.71</coordinates></Point></Placemark><Placemark><TimeSpan><begin>2026-08-05T08:43:00Z</begin><end>2026-08-05T08:43:21Z</end></TimeSpan><styleUrl>#point</styleUrl><Point><altitudeMode>clampToGround</altitudeMode><coordinates>11.965011712163687,46.59324623644352,2520.71</coordinates></Point></Placemark><Placemark><TimeSpan><begin>2026-08-05T08:43:21Z</begin><end>2026-08-05T08:43:45Z</end></TimeSpan><styleUrl>#point</styleUrl><Point><altitudeMode>clampToGround</altitudeMode><coordinates>11.965023446828127,46.593256797641516,2521.1900000000001</coordinates></Point></Placemark><Placemark><TimeSpan><begin>2026-08-05T08:43:45Z</begin><end>2026-08-05T08:44:11Z</end></TimeSpan><styleUrl>#point</styleUrl><Point><altitudeMode>clampToGround</altitudeMode><coordinates>11.964969467371702,46.593269957229495,2521.1900000000001</coordinates></Point></Placemark><Placemark><TimeSpan><begin>2026-08-05T08:44:11Z</begin><end>2026-08-05T08:44:33Z</end></TimeSpan><styleUrl>#point</styleUrl><Point><altitudeMode>clampToGround</altitudeMode><coordinates>11.964987656101584,46.593267610296607,2521.1900000000001</coordinates></Point></Placemark><Placemark><TimeSpan><begin>2026-08-05T08:44:33Z</begin><end>2026-08-05T08:44:58Z</end></TimeSpan><styleUrl>#point</styleUrl><Point><altitudeMode>clampToGround</altitudeMode><coordinates>11.964966114610434,46.593255456537008,2521.1900000000001</coordinates></Point></Placemark><Placemark><TimeSpan><begin>2026-08-05T08:44:58Z</begin><end>2026-08-05T08:45:30Z</end></TimeSpan><styleUrl>#point</styleUrl><Point><altitudeMode>clampToGround</altitudeMode><coordinates>11.964928563684225,46.593244476243854,2520.71</coordinates></Point></Placemark><Placemark><TimeSpan><begin>2026-08-05T08:45:30Z</begin><end>2026-08-05T08:45:51Z</end></TimeSpan><styleUrl>#point</styleUrl><Point><altitudeMode>clampToGround</altitudeMode><coordinates>11.964942310005426,46.593260234221816,2520.71</coordinates></Point></Placemark><Placemark><TimeSpan><begin>2026-08-05T08:45:51Z</begin><end>2026-08-05T08:46:07Z</end></TimeSpan><styleUrl>#point</styleUrl><Point><altitudeMode>clampToGround</altitudeMode><coordinates>11.964951697736979,46.593256294727325,2520.71</coordinates></Point></Placemark><Placemark><TimeSpan><begin>2026-08-05T08:46:07Z</begin><end>2026-08-05T08:46:30Z</end></TimeSpan><styleUrl>#point</styleUrl><Point><altitudeMode>clampToGround</altitudeMode><coordinates>11.964964270591736,46.593258306384087,2520.71</coordinates></Point></Placemark><Placemark><TimeSpan><begin>2026-08-05T08:46:30Z</begin><end>2026-08-05T08:46:57Z</end></TimeSpan><styleUrl>#point</styleUrl><Point><altitudeMode>clampToGround</altitudeMode><coordinates>11.964954631403089,46.593257468193769,2520.71</coordinates></Point></Placemark><Placemark><TimeSpan><begin>2026-08-05T08:46:57Z</begin><end>2026-08-05T08:47:24Z</end></TimeSpan><styleUrl>#point</styleUrl><Point><altitudeMode>clampToGround</altitudeMode><coordinates>11.964934431016445,46.593252522870898,2520.71</coordinates></Point></Placemark><Placemark><TimeSpan><begin>2026-08-05T08:47:24Z</begin><end>2026-08-05T08:47:47Z</end></TimeSpan><styleUrl>#point</styleUrl><Point><altitudeMode>clampToGround</altitudeMode><coordinates>11.964981285855174,46.593243386596441,2520.71</coordinates></Point></Placemark><Placemark><TimeSpan><begin>2026-08-05T08:47:47Z</begin><end>2026-08-05T08:48:11Z</end></TimeSpan><styleUrl>#point</styleUrl><Point><altitudeMode>clampToGround</altitudeMode><coordinates>11.964995451271534,46.593252941966057,2520.71</coordinates></Point></Placemark><Placemark><TimeSpan><begin>2026-08-05T08:48:11Z</begin><end>2026-08-05T08:48:36Z</end></TimeSpan><styleUrl>#point</styleUrl><Point><altitudeMode>clampToGround</altitudeMode><coordinates>11.964939879253507,46.593256630003452,2520.71</coordinates></Point></Placemark><Placemark><TimeSpan><begin>2026-08-05T08:48:36Z</begin><end>2026-08-05T08:49:01Z</end></TimeSpan><styleUrl>#point</styleUrl><Point><altitudeMode>clampToGround</altitudeMode><coordinates>11.964952871203423,46.593247158452868,2520.71</coordinates></Point></Placemark><Placemark><TimeSpan><begin>2026-08-05T08:49:01Z</begin><end>2026-08-05T08:49:19Z</end></TimeSpan><styleUrl>#point</styleUrl><Point><altitudeMode>clampToGround</altitudeMode><coordinates>11.964925797656178,46.593252690508962,2520.71</coordinates></Point></Placemark><Placemark><TimeSpan><begin>2026-08-05T08:49:19Z</begin><end>2026-08-05T08:49:40Z</end></TimeSpan><styleUrl>#point</styleUrl><Point><altitudeMode>clampToGround</altitudeMode><coordinates>11.964892437681556,46.593251768499613,2520.71</coordinates></Point></Placemark><Placemark><TimeSpan><begin>2026-08-05T08:49:40Z</begin><end>2026-08-05T08:50:05Z</end></TimeSpan><styleUrl>#point</styleUrl><Point><altitudeMode>clampToGround</altitudeMode><coordinates>11.964874668046832,46.593238273635507,2520.71</coordinates></Point></Placemark><Placemark><TimeSpan><begin>2026-08-05T08:50:05Z</begin><end>2026-08-05T08:50:32Z</end></TimeSpan><styleUrl>#point</styleUrl><Point><altitudeMode>clampToGround</altitudeMode><coordinates>11.964890174567699,46.593246404081583,2520.71</coordinates></Point></Placemark><Placemark><TimeSpan><begin>2026-08-05T08:50:32Z</begin><end>2026-08-05T08:50:51Z</end></TimeSpan><styleUrl>#point</styleUrl><Point><altitudeMode>clampToGround</altitudeMode><coordinates>11.964911045506597,46.593245733529329,2520.71</coordinates></Point></Placemark><Placemark><TimeSpan><begin>2026-08-05T08:50:51Z</begin><end>2026-08-05T08:51:16Z</end></TimeSpan><styleUrl>#point</styleUrl><Point><altitudeMode>clampToGround</altitudeMode><coordinates>11.964935353025794,46.593237603083253,2520.71</coordinates></Point></Placemark><Placemark><TimeSpan><begin>2026-08-05T08:51:16Z</begin><end>2026-08-05T08:51:41Z</end></TimeSpan><styleUrl>#point</styleUrl><Point><altitudeMode>clampToGround</altitudeMode><coordinates>11.964903920888901,46.593220587819815,2520.71</coordinates></Point></Placemark><Placemark><TimeSpan><begin>2026-08-05T08:51:41Z</begin><end>2026-08-05T08:52:08Z</end></TimeSpan><styleUrl>#point</styleUrl><Point><altitudeMode>clampToGround</altitudeMode><coordinates>11.964870309457183,46.5932179056108,2520.23</coordinates></Point></Placemark><Placemark><TimeSpan><begin>2026-08-05T08:52:08Z</begin><end>2026-08-05T08:52:29Z</end></TimeSpan><styleUrl>#point</styleUrl><Point><altitudeMode>clampToGround</altitudeMode><coordinates>11.964876428246498,46.593206841498613,2520.23</coordinates></Point></Placemark><Placemark><TimeSpan><begin>2026-08-05T08:52:29Z</begin><end>2026-08-05T08:52:55Z</end></TimeSpan><styleUrl>#point</styleUrl><Point><altitudeMode>clampToGround</altitudeMode><coordinates>11.964873997494578,46.593228466808796,2520.23</coordinates></Point></Placemark><Placemark><TimeSpan><begin>2026-08-05T08:52:55Z</begin><end>2026-08-05T08:53:23Z</end></TimeSpan><styleUrl>#point</styleUrl><Point><altitudeMode>clampToGround</altitudeMode><coordinates>11.964882295578718,46.593252019956708,2520.23</coordinates></Point></Placemark><Placemark><TimeSpan><begin>2026-08-05T08:53:23Z</begin><end>2026-08-05T08:53:47Z</end></TimeSpan><styleUrl>#point</styleUrl><Point><altitudeMode>clampToGround</altitudeMode><coordinates>11.964883888140321,46.593277920037508,2520.23</coordinates></Point></Placemark><Placemark><TimeSpan><begin>2026-08-05T08:53:47Z</begin><end>2026-08-05T08:54:20Z</end></TimeSpan><styleUrl>#point</styleUrl><Point><altitudeMode>clampToGround</altitudeMode><coordinates>11.964872907847166,46.593274734914303,2519.75</coordinates></Point></Placemark><Placemark><TimeSpan><begin>2026-08-05T08:54:20Z</begin><end>2026-08-05T08:54:50Z</end></TimeSpan><styleUrl>#point</styleUrl><Point><altitudeMode>clampToGround</altitudeMode><coordinates>11.964867543429136,46.593272807076573,2519.75</coordinates></Point></Placemark><Placemark><TimeSpan><begin>2026-08-05T08:54:50Z</begin><end>2026-08-05T08:55:21Z</end></TimeSpan><styleUrl>#point</styleUrl><Point><altitudeMode>clampToGround</altitudeMode><coordinates>11.964892689138651,46.593276998028159,2519.75</coordinates></Point></Placemark><Placemark><TimeSpan><begin>2026-08-05T08:55:21Z</begin><end>2026-08-05T08:55:50Z</end></TimeSpan><styleUrl>#point</styleUrl><Point><altitudeMode>clampToGround</altitudeMode><coordinates>11.964872991666198,46.593282865360379,2519.75</coordinates></Point></Placemark><Placemark><TimeSpan><begin>2026-08-05T08:55:50Z</begin><end>2026-08-05T08:56:12Z</end></TimeSpan><styleUrl>#point</styleUrl><Point><altitudeMode>clampToGround</altitudeMode><coordinates>11.964881373569369,46.593285631388426,2519.75</coordinates></Point></Placemark><Placemark><TimeSpan><begin>2026-08-05T08:56:12Z</begin><end>2026-08-05T08:56:29Z</end></TimeSpan><styleUrl>#point</styleUrl><Point><altitudeMode>clampToGround</altitudeMode><coordinates>11.964899143204093,46.593294264748693,2519.75</coordinates></Point></Placemark><Placemark><TimeSpan><begin>2026-08-05T08:56:29Z</begin><end>2026-08-05T08:56:54Z</end></TimeSpan><styleUrl>#point</styleUrl><Point><altitudeMode>clampToGround</altitudeMode><coordinates>11.964892856776714,46.593291414901614,2520.23</coordinates></Point></Placemark><Placemark><TimeSpan><begin>2026-08-05T08:56:54Z</begin><end>2026-08-05T08:57:20Z</end></TimeSpan><styleUrl>#point</styleUrl><Point><altitudeMode>clampToGround</altitudeMode><coordinates>11.964894952252507,46.593294097110629,2520.23</coordinates></Point></Placemark><Placemark><TimeSpan><begin>2026-08-05T08:57:20Z</begin><end>2026-08-05T08:57:38Z</end></TimeSpan><styleUrl>#point</styleUrl><Point><altitudeMode>clampToGround</altitudeMode><coordinates>11.964897131547332,46.59330197609961,2520.23</coordinates></Point></Placemark><Placemark><TimeSpan><begin>2026-08-05T08:57:38Z</begin><end>2026-08-05T08:57:53Z</end></TimeSpan><styleUrl>#point</styleUrl><Point><altitudeMode>clampToGround</altitudeMode><coordinates>11.964898221194744,46.593314548954368,2520.23</coordinates></Point></Placemark><Placemark><TimeSpan><begin>2026-08-05T08:57:53Z</begin><end>2026-08-05T08:58:15Z</end></TimeSpan><styleUrl>#point</styleUrl><Point><altitudeMode>clampToGround</altitudeMode><coordinates>11.964903250336647,46.593309855088592,2520.23</coordinates></Point></Placemark><Placemark><TimeSpan><begin>2026-08-05T08:58:15Z</begin><end>2026-08-05T08:58:39Z</end></TimeSpan><styleUrl>#point</styleUrl><Point><altitudeMode>clampToGround</altitudeMode><coordinates>11.964882630854845,46.593305831775069,2520.23</coordinates></Point></Placemark><Placemark><TimeSpan><begin>2026-08-05T08:58:39Z</begin><end>2026-08-05T08:59:06Z</end></TimeSpan><styleUrl>#point</styleUrl><Point><altitudeMode>clampToGround</altitudeMode><coordinates>11.96486871689558,46.593294683843851,2520.23</coordinates></Point></Placemark><Placemark><TimeSpan><begin>2026-08-05T08:59:06Z</begin><end>2026-08-05T08:59:28Z</end></TimeSpan><styleUrl>#point</styleUrl><Point><altitudeMode>clampToGround</altitudeMode><coordinates>11.964892521500587,46.593294097110629,2520.23</coordinates></Point></Placemark><Placemark><TimeSpan><begin>2026-08-05T08:59:28Z</begin><end>2026-08-05T08:59:55Z</end></TimeSpan><styleUrl>#point</styleUrl><Point><altitudeMode>clampToGround</altitudeMode><coordinates>11.964875338599086,46.593299461528659,2520.23</coordinates></Point></Placemark><Placemark><TimeSpan><begin>2026-08-05T08:59:55Z</begin><end>2026-08-05T09:00:16Z</end></TimeSpan><styleUrl>#point</styleUrl><Point><altitudeMode>clampToGround</altitudeMode><coordinates>11.964892437681556,46.593303736299276,2520.23</coordinates></Point></Placemark><Placemark><TimeSpan><begin>2026-08-05T09:00:16Z</begin><end>2026-08-05T09:00:42Z</end></TimeSpan><styleUrl>#point</styleUrl><Point><altitudeMode>clampToGround</altitudeMode><coordinates>11.964893359690905,46.593323517590761,2520.23</coordinates></Point></Placemark><Placemark><TimeSpan><begin>2026-08-05T09:00:42Z</begin><end>2026-08-05T09:00:58Z</end></TimeSpan><styleUrl>#point</styleUrl><Point><altitudeMode>clampToGround</altitudeMode><coordinates>11.964893862605095,46.59332636743784,2520.23</coordinates></Point></Placemark><Placemark><TimeSpan><begin>2026-08-05T09:00:58Z</begin><end>2026-08-05T09:01:15Z</end></TimeSpan><styleUrl>#point</styleUrl><Point><altitudeMode>clampToGround</altitudeMode><coordinates>11.964905178174376,46.593342628329992,2520.23</coordinates></Point></Placemark><Placemark><TimeSpan><begin>2026-08-05T09:01:15Z</begin><end>2026-08-05T09:01:44Z</end></TimeSpan><styleUrl>#point</styleUrl><Point><altitudeMode>clampToGround</altitudeMode><coordinates>11.964894700795412,46.593336090445518,2520.71</coordinates></Point></Placemark><Placemark><TimeSpan><begin>2026-08-05T09:01:44Z</begin><end>2026-08-05T09:02:05Z</end></TimeSpan><styleUrl>#point</styleUrl><Point><altitudeMode>clampToGround</altitudeMode><coordinates>11.964877853170037,46.593322595581412,2520.71</coordinates></Point></Placemark><Placemark><TimeSpan><begin>2026-08-05T09:02:05Z</begin><end>2026-08-05T09:02:28Z</end></TimeSpan><styleUrl>#point</styleUrl><Point><altitudeMode>clampToGround</altitudeMode><coordinates>11.964888665825129,46.593303233385086,2520.71</coordinates></Point></Placemark><Placemark><TimeSpan><begin>2026-08-05T09:02:28Z</begin><end>2026-08-05T09:02:49Z</end></TimeSpan><styleUrl>#point</styleUrl><Point><altitudeMode>clampToGround</altitudeMode><coordinates>11.964899813756347,46.593302311375737,2520.71</coordinates></Point></Placemark><Placemark><TimeSpan><begin>2026-08-05T09:02:49Z</begin><end>2026-08-05T09:03:10Z</end></TimeSpan><styleUrl>#point</styleUrl><Point><altitudeMode>clampToGround</altitudeMode><coordinates>11.964885648339987,46.5932990424335,2520.71</coordinates></Point></Placemark><Placemark><TimeSpan><begin>2026-08-05T09:03:10Z</begin><end>2026-08-05T09:03:30Z</end></TimeSpan><styleUrl>#point</styleUrl><Point><altitudeMode>clampToGround</altitudeMode><coordinates>11.964884977787733,46.593291498720646,2520.71</coordinates></Point></Placemark><Placemark><TimeSpan><begin>2026-08-05T09:03:30Z</begin><end>2026-08-05T09:03:48Z</end></TimeSpan><styleUrl>#point</styleUrl><Point><altitudeMode>clampToGround</altitudeMode><coordinates>11.964866705238819,46.593287643045187,2520.71</coordinates></Point></Placemark><Placemark><TimeSpan><begin>2026-08-05T09:03:48Z</begin><end>2026-08-05T09:04:06Z</end></TimeSpan><styleUrl>#point</styleUrl><Point><altitudeMode>clampToGround</altitudeMode><coordinates>11.964856563135982,46.593284625560045,2520.23</coordinates></Point></Placemark><Placemark><TimeSpan><begin>2026-08-05T09:04:06Z</begin><end>2026-08-05T09:04:24Z</end></TimeSpan><styleUrl>#point</styleUrl><Point><altitudeMode>clampToGround</altitudeMode><coordinates>11.964850695803761,46.593277836218476,2520.23</coordinates></Point></Placemark><Placemark><TimeSpan><begin>2026-08-05T09:04:24Z</begin><end>2026-08-05T09:04:49Z</end></TimeSpan><styleUrl>#point</styleUrl><Point><altitudeMode>clampToGround</altitudeMode><coordinates>11.964859748259187,46.593284038826823,2520.23</coordinates></Point></Placemark><Placemark><TimeSpan><begin>2026-08-05T09:04:49Z</begin><end>2026-08-05T09:05:06Z</end></TimeSpan><styleUrl>#point</styleUrl><Point><altitudeMode>clampToGround</altitudeMode><coordinates>11.964833429083228,46.593280434608459,2520.23</coordinates></Point></Placemark><Placemark><TimeSpan><begin>2026-08-05T09:05:06Z</begin><end>2026-08-05T09:05:29Z</end></TimeSpan><styleUrl>#point</styleUrl><Point><altitudeMode>clampToGround</altitudeMode><coordinates>11.964816832914948,46.593280099332333,2520.23</coordinates></Point></Placemark><Placemark><TimeSpan><begin>2026-08-05T09:05:29Z</begin><end>2026-08-05T09:05:51Z</end></TimeSpan><styleUrl>#point</styleUrl><Point><altitudeMode>clampToGround</altitudeMode><coordinates>11.964827561751008,46.593300383538008,2520.23</coordinates></Point></Placemark><Placemark><TimeSpan><begin>2026-08-05T09:05:51Z</begin><end>2026-08-05T09:06:18Z</end></TimeSpan><styleUrl>#point</styleUrl><Point><altitudeMode>clampToGround</altitudeMode><coordinates>11.964863771572709,46.5932990424335,2520.71</coordinates></Point></Placemark><Placemark><TimeSpan><begin>2026-08-05T09:06:18Z</begin><end>2026-08-05T09:06:47Z</end></TimeSpan><styleUrl>#point</styleUrl><Point><altitudeMode>clampToGround</altitudeMode><coordinates>11.964873410761356,46.593300299718976,2520.71</coordinates></Point></Placemark><Placemark><TimeSpan><begin>2026-08-05T09:06:47Z</begin><end>2026-08-05T09:07:09Z</end></TimeSpan><styleUrl>#point</styleUrl><Point><altitudeMode>clampToGround</altitudeMode><coordinates>11.96485161781311,46.593309603631496,2520.71</coordinates></Point></Placemark><Placemark><TimeSpan><begin>2026-08-05T09:07:09Z</begin><end>2026-08-05T09:07:37Z</end></TimeSpan><styleUrl>#point</styleUrl><Point><altitudeMode>clampToGround</altitudeMode><coordinates>11.964838122949004,46.59332100301981,2520.71</coordinates></Point></Placemark><Placemark><TimeSpan><begin>2026-08-05T09:07:37Z</begin><end>2026-08-05T09:08:05Z</end></TimeSpan><styleUrl>#point</styleUrl><Point><altitudeMode>clampToGround</altitudeMode><coordinates>11.964817252010107,46.59330440685153,2520.71</coordinates></Point></Placemark><Placemark><TimeSpan><begin>2026-08-05T09:08:05Z</begin><end>2026-08-05T09:08:23Z</end></TimeSpan><styleUrl>#point</styleUrl><Point><altitudeMode>clampToGround</altitudeMode><coordinates>11.964823789894581,46.593305999413133,2521.1900000000001</coordinates></Point></Placemark><Placemark><TimeSpan><begin>2026-08-05T09:08:23Z</begin><end>2026-08-05T09:08:46Z</end></TimeSpan><styleUrl>#point</styleUrl><Point><altitudeMode>clampToGround</altitudeMode><coordinates>11.964853629469872,46.593298623338342,2521.6799999999998</coordinates></Point></Placemark><Placemark><TimeSpan><begin>2026-08-05T09:08:46Z</begin><end>2026-08-05T09:09:06Z</end></TimeSpan><styleUrl>#point</styleUrl><Point><altitudeMode>clampToGround</altitudeMode><coordinates>11.964848851785064,46.593295689672232,2521.6799999999998</coordinates></Point></Placemark><Placemark><TimeSpan><begin>2026-08-05T09:09:06Z</begin><end>2026-08-05T09:09:34Z</end></TimeSpan><styleUrl>#point</styleUrl><Point><altitudeMode>clampToGround</altitudeMode><coordinates>11.964844996109605,46.593295354396105,2521.1900000000001</coordinates></Point></Placemark><Placemark><TimeSpan><begin>2026-08-05T09:09:34Z</begin><end>2026-08-05T09:09:56Z</end></TimeSpan><styleUrl>#point</styleUrl><Point><altitudeMode>clampToGround</altitudeMode><coordinates>11.964859999716282,46.593307591974735,2521.1900000000001</coordinates></Point></Placemark><Placemark><TimeSpan><begin>2026-08-05T09:09:56Z</begin><end>2026-08-05T09:10:22Z</end></TimeSpan><styleUrl>#point</styleUrl><Point><altitudeMode>clampToGround</altitudeMode><coordinates>11.96486041881144,46.5932990424335,2521.1900000000001</coordinates></Point></Placemark><Placemark><TimeSpan><begin>2026-08-05T09:10:22Z</begin><end>2026-08-05T09:10:42Z</end></TimeSpan><styleUrl>#point</styleUrl><Point><altitudeMode>clampToGround</altitudeMode><coordinates>11.9648452475667,46.593294683843851,2521.1900000000001</coordinates></Point></Placemark><Placemark><TimeSpan><begin>2026-08-05T09:10:42Z</begin><end>2026-08-05T09:11:08Z</end></TimeSpan><styleUrl>#point</styleUrl><Point><altitudeMode>clampToGround</altitudeMode><coordinates>11.964838290587068,46.593290073797107,2521.1900000000001</coordinates></Point></Placemark><Placemark><TimeSpan><begin>2026-08-05T09:11:08Z</begin><end>2026-08-05T09:11:34Z</end></TimeSpan><styleUrl>#point</styleUrl><Point><altitudeMode>clampToGround</altitudeMode><coordinates>11.964844577014446,46.593296360224485,2521.1900000000001</coordinates></Point></Placemark><Placemark><TimeSpan><begin>2026-08-05T09:11:34Z</begin><end>2026-08-05T09:11:59Z</end></TimeSpan><styleUrl>#point</styleUrl><Point><altitudeMode>clampToGround</altitudeMode><coordinates>11.964867124333978,46.593269454315305,2521.1900000000001</coordinates></Point></Placemark><Placemark><TimeSpan><begin>2026-08-05T09:11:59Z</begin><end>2026-08-05T09:12:24Z</end></TimeSpan><styleUrl>#point</styleUrl><Point><altitudeMode>clampToGround</altitudeMode><coordinates>11.964880116283894,46.593279931694269,2521.6799999999998</coordinates></Point></Placemark><Placemark><TimeSpan><begin>2026-08-05T09:12:24Z</begin><end>2026-08-05T09:12:43Z</end></TimeSpan><styleUrl>#point</styleUrl><Point><altitudeMode>clampToGround</altitudeMode><coordinates>11.964881122112274,46.593283787369728,2521.6799999999998</coordinates></Point></Placemark><Placemark><TimeSpan><begin>2026-08-05T09:12:43Z</begin><end>2026-08-05T09:13:10Z</end></TimeSpan><styleUrl>#point</styleUrl><Point><altitudeMode>clampToGround</altitudeMode><coordinates>11.964886737987399,46.593289570882916,2521.6799999999998</coordinates></Point></Placemark><Placemark><TimeSpan><begin>2026-08-05T09:13:10Z</begin><end>2026-08-05T09:13:31Z</end></TimeSpan><styleUrl>#point</styleUrl><Point><altitudeMode>clampToGround</altitudeMode><coordinates>11.964883049950004,46.593284960836172,2521.6799999999998</coordinates></Point></Placemark><Placemark><TimeSpan><begin>2026-08-05T09:13:31Z</begin><end>2026-08-05T09:14:07Z</end></TimeSpan><styleUrl>#point</styleUrl><Point><altitudeMode>clampToGround</altitudeMode><coordinates>11.964891850948334,46.593302646651864,2521.6799999999998</coordinates></Point></Placemark><Placemark><TimeSpan><begin>2026-08-05T09:14:07Z</begin><end>2026-08-05T09:14:41Z</end></TimeSpan><styleUrl>#point</styleUrl><Point><altitudeMode>clampToGround</altitudeMode><coordinates>11.964875087141991,46.593315973877907,2521.6799999999998</coordinates></Point></Placemark><Placemark><TimeSpan><begin>2026-08-05T09:14:41Z</begin><end>2026-08-05T09:15:19Z</end></TimeSpan><styleUrl>#point</styleUrl><Point><altitudeMode>clampToGround</altitudeMode><coordinates>11.964839631691575,46.593352016061544,2522.1599999999999</coordinates></Point></Placemark><Placemark><TimeSpan><begin>2026-08-05T09:15:19Z</begin><end>2026-08-05T09:15:52Z</end></TimeSpan><styleUrl>#point</styleUrl><Point><altitudeMode>clampToGround</altitudeMode><coordinates>11.964876931160688,46.593307675793767,2522.1599999999999</coordinates></Point></Placemark><Placemark><TimeSpan><begin>2026-08-05T09:15:52Z</begin><end>2026-08-05T09:16:19Z</end></TimeSpan><styleUrl>#point</styleUrl><Point><altitudeMode>clampToGround</altitudeMode><coordinates>11.964889420196414,46.59331220202148,2522.1599999999999</coordinates></Point></Placemark><Placemark><TimeSpan><begin>2026-08-05T09:16:19Z</begin><end>2026-08-05T09:16:51Z</end></TimeSpan><styleUrl>#point</styleUrl><Point><altitudeMode>clampToGround</altitudeMode><coordinates>11.96488824672997,46.59330977126956,2522.1599999999999</coordinates></Point></Placemark><Placemark><TimeSpan><begin>2026-08-05T09:16:51Z</begin><end>2026-08-05T09:17:28Z</end></TimeSpan><styleUrl>#point</styleUrl><Point><altitudeMode>clampToGround</altitudeMode><coordinates>11.964876092970371,46.593315806239843,2522.1599999999999</coordinates></Point></Placemark><Placemark><TimeSpan><begin>2026-08-05T09:17:28Z</begin><end>2026-08-05T09:18:03Z</end></TimeSpan><styleUrl>#point</styleUrl><Point><altitudeMode>clampToGround</altitudeMode><coordinates>11.964863771572709,46.593307927250862,2521.1900000000001</coordinates></Point></Placemark><Placemark><TimeSpan><begin>2026-08-05T09:18:03Z</begin><end>2026-08-05T09:18:34Z</end></TimeSpan><styleUrl>#point</styleUrl><Point><altitudeMode>clampToGround</altitudeMode><coordinates>11.964869638904929,46.593318404629827,2521.1900000000001</coordinates></Point></Placemark><Placemark><TimeSpan><begin>2026-08-05T09:18:34Z</begin><end>2026-08-05T09:19:01Z</end></TimeSpan><styleUrl>#point</styleUrl><Point><altitudeMode>clampToGround</altitudeMode><coordinates>11.964856730774045,46.593320248648524,2521.6799999999998</coordinates></Point></Placemark><Placemark><TimeSpan><begin>2026-08-05T09:19:01Z</begin><end>2026-08-05T09:19:31Z</end></TimeSpan><styleUrl>#point</styleUrl><Point><altitudeMode>clampToGround</altitudeMode><coordinates>11.964853461831808,46.593319494277239,2521.6799999999998</coordinates></Point></Placemark><Placemark><TimeSpan><begin>2026-08-05T09:19:31Z</begin><end>2026-08-05T09:20:03Z</end></TimeSpan><styleUrl>#point</styleUrl><Point><altitudeMode>clampToGround</altitudeMode><coordinates>11.964853461831808,46.593317147344351,2521.6799999999998</coordinates></Point></Placemark><Placemark><TimeSpan><begin>2026-08-05T09:20:03Z</begin><end>2026-08-05T09:20:29Z</end></TimeSpan><styleUrl>#point</styleUrl><Point><altitudeMode>clampToGround</altitudeMode><coordinates>11.964855389669538,46.593318236991763,2521.6799999999998</coordinates></Point></Placemark><Placemark><TimeSpan><begin>2026-08-05T09:20:29Z</begin><end>2026-08-05T09:21:03Z</end></TimeSpan><styleUrl>#point</styleUrl><Point><altitudeMode>clampToGround</altitudeMode><coordinates>11.964871818199754,46.593338018283248,2521.6799999999998</coordinates></Point></Placemark><Placemark><TimeSpan><begin>2026-08-05T09:21:03Z</begin><end>2026-08-05T09:21:22Z</end></TimeSpan><styleUrl>#point</styleUrl><Point><altitudeMode>clampToGround</altitudeMode><coordinates>11.964873829856515,46.593330390751362,2521.6799999999998</coordinates></Point></Placemark><Placemark><TimeSpan><begin>2026-08-05T09:21:22Z</begin><end>2026-08-05T09:21:53Z</end></TimeSpan><styleUrl>#point</styleUrl><Point><altitudeMode>clampToGround</altitudeMode><coordinates>11.964878523722291,46.593335755169392,2521.6799999999998</coordinates></Point></Placemark><Placemark><TimeSpan><begin>2026-08-05T09:21:53Z</begin><end>2026-08-05T09:22:28Z</end></TimeSpan><styleUrl>#point</styleUrl><Point><altitudeMode>clampToGround</altitudeMode><coordinates>11.964867291972041,46.593343382701278,2521.6799999999998</coordinates></Point></Placemark><Placemark><TimeSpan><begin>2026-08-05T09:22:28Z</begin><end>2026-08-05T09:23:02Z</end></TimeSpan><styleUrl>#point</styleUrl><Point><altitudeMode>clampToGround</altitudeMode><coordinates>11.96484575048089,46.593348830938339,2521.6799999999998</coordinates></Point></Placemark><Placemark><TimeSpan><begin>2026-08-05T09:23:02Z</begin><end>2026-08-05T09:23:31Z</end></TimeSpan><styleUrl>#point</styleUrl><Point><altitudeMode>clampToGround</altitudeMode><coordinates>11.96485161781311,46.593322511762381,2522.1599999999999</coordinates></Point></Placemark><Placemark><TimeSpan><begin>2026-08-05T09:23:31Z</begin><end>2026-08-05T09:23:56Z</end></TimeSpan><styleUrl>#point</styleUrl><Point><altitudeMode>clampToGround</altitudeMode><coordinates>11.964864609763026,46.593313626945019,2522.1599999999999</coordinates></Point></Placemark><Placemark><TimeSpan><begin>2026-08-05T09:23:56Z</begin><end>2026-08-05T09:24:26Z</end></TimeSpan><styleUrl>#point</styleUrl><Point><altitudeMode>clampToGround</altitudeMode><coordinates>11.964848097413778,46.593342544510961,2522.1599999999999</coordinates></Point></Placemark><Placemark><TimeSpan><begin>2026-08-05T09:24:26Z</begin><end>2026-08-05T09:24:49Z</end></TimeSpan><styleUrl>#point</styleUrl><Point><altitudeMode>clampToGround</altitudeMode><coordinates>11.964861257001758,46.593337263911963,2522.1599999999999</coordinates></Point></Placemark><Placemark><TimeSpan><begin>2026-08-05T09:24:49Z</begin><end>2026-08-05T09:25:16Z</end></TimeSpan><styleUrl>#point</styleUrl><Point><altitudeMode>clampToGround</altitudeMode><coordinates>11.964865364134312,46.593320835381746,2522.1599999999999</coordinates></Point></Placemark><Placemark><TimeSpan><begin>2026-08-05T09:25:16Z</begin><end>2026-08-05T09:25:43Z</end></TimeSpan><styleUrl>#point</styleUrl><Point><altitudeMode>clampToGround</altitudeMode><coordinates>11.96485404856503,46.593329468742013,2522.1599999999999</coordinates></Point></Placemark><Placemark><TimeSpan><begin>2026-08-05T09:25:43Z</begin><end>2026-08-05T09:26:06Z</end></TimeSpan><styleUrl>#point</styleUrl><Point><altitudeMode>clampToGround</altitudeMode><coordinates>11.964884474873543,46.593317482620478,2522.1599999999999</coordinates></Point></Placemark><Placemark><TimeSpan><begin>2026-08-05T09:26:06Z</begin><end>2026-08-05T09:26:45Z</end></TimeSpan><styleUrl>#point</styleUrl><Point><altitudeMode>clampToGround</altitudeMode><coordinates>11.964884307235479,46.593312956392765,2522.1599999999999</coordinates></Point></Placemark><Placemark><TimeSpan><begin>2026-08-05T09:26:45Z</begin><end>2026-08-05T09:27:12Z</end></TimeSpan><styleUrl>#point</styleUrl><Point><altitudeMode>clampToGround</altitudeMode><coordinates>11.964893527328968,46.593304490670562,2522.1599999999999</coordinates></Point></Placemark><Placemark><TimeSpan><begin>2026-08-05T09:27:12Z</begin><end>2026-08-05T09:27:35Z</end></TimeSpan><styleUrl>#point</styleUrl><Point><altitudeMode>clampToGround</altitudeMode><coordinates>11.964886905625463,46.593303820118308,2522.1599999999999</coordinates></Point></Placemark><Placemark><TimeSpan><begin>2026-08-05T09:27:35Z</begin><end>2026-08-05T09:27:59Z</end></TimeSpan><styleUrl>#point</styleUrl><Point><altitudeMode>clampToGround</altitudeMode><coordinates>11.964895371347666,46.593297617509961,2522.1599999999999</coordinates></Point></Placemark><Placemark><TimeSpan><begin>2026-08-05T09:27:59Z</begin><end>2026-08-05T09:28:21Z</end></TimeSpan><styleUrl>#point</styleUrl><Point><altitudeMode>clampToGround</altitudeMode><coordinates>11.96488874964416,46.59329074434936,2522.6399999999999</coordinates></Point></Placemark><Placemark><TimeSpan><begin>2026-08-05T09:28:21Z</begin><end>2026-08-05T09:28:46Z</end></TimeSpan><styleUrl>#point</styleUrl><Point><altitudeMode>clampToGround</altitudeMode><coordinates>11.964887659996748,46.5932956058532,2522.6399999999999</coordinates></Point></Placemark><Placemark><TimeSpan><begin>2026-08-05T09:28:46Z</begin><end>2026-08-05T09:29:12Z</end></TimeSpan><styleUrl>#point</styleUrl><Point><altitudeMode>clampToGround</altitudeMode><coordinates>11.964876260608435,46.593294432386756,2522.6399999999999</coordinates></Point></Placemark><Placemark><TimeSpan><begin>2026-08-05T09:29:12Z</begin><end>2026-08-05T09:29:31Z</end></TimeSpan><styleUrl>#point</styleUrl><Point><altitudeMode>clampToGround</altitudeMode><coordinates>11.964875673875213,46.593294683843851,2522.6399999999999</coordinates></Point></Placemark><Placemark><TimeSpan><begin>2026-08-05T09:29:31Z</begin><end>2026-08-05T09:29:55Z</end></TimeSpan><styleUrl>#point</styleUrl><Point><altitudeMode>clampToGround</altitudeMode><coordinates>11.964865196496248,46.593297282233834,2522.6399999999999</coordinates></Point></Placemark><Placemark><TimeSpan><begin>2026-08-05T09:29:55Z</begin><end>2026-08-05T09:30:12Z</end></TimeSpan><styleUrl>#point</styleUrl><Point><altitudeMode>clampToGround</altitudeMode><coordinates>11.964845079928637,46.593315219506621,2522.6399999999999</coordinates></Point></Placemark><Placemark><TimeSpan><begin>2026-08-05T09:30:12Z</begin><end>2026-08-05T09:30:39Z</end></TimeSpan><styleUrl>#point</styleUrl><Point><altitudeMode>clampToGround</altitudeMode><coordinates>11.964855138212442,46.593313375487924,2522.6399999999999</coordinates></Point></Placemark><Placemark><TimeSpan><begin>2026-08-05T09:30:39Z</begin><end>2026-08-05T09:31:11Z</end></TimeSpan><styleUrl>#point</styleUrl><Point><altitudeMode>clampToGround</altitudeMode><coordinates>11.964843068271875,46.593317482620478,2522.6399999999999</coordinates></Point></Placemark><Placemark><TimeSpan><begin>2026-08-05T09:31:11Z</begin><end>2026-08-05T09:31:31Z</end></TimeSpan><styleUrl>#point</styleUrl><Point><altitudeMode>clampToGround</altitudeMode><coordinates>11.964832339435816,46.593327205628157,2522.6399999999999</coordinates></Point></Placemark><Placemark><TimeSpan><begin>2026-08-05T09:31:31Z</begin><end>2026-08-05T09:31:54Z</end></TimeSpan><styleUrl>#point</styleUrl><Point><altitudeMode>clampToGround</altitudeMode><coordinates>11.964823538437486,46.593326199799776,2522.6399999999999</coordinates></Point></Placemark><Placemark><TimeSpan><begin>2026-08-05T09:31:54Z</begin><end>2026-08-05T09:32:15Z</end></TimeSpan><styleUrl>#point</styleUrl><Point><altitudeMode>clampToGround</altitudeMode><coordinates>11.964841056615114,46.593330390751362,2522.6399999999999</coordinates></Point></Placemark><Placemark><TimeSpan><begin>2026-08-05T09:32:15Z</begin><end>2026-08-05T09:32:44Z</end></TimeSpan><styleUrl>#point</styleUrl><Point><altitudeMode>clampToGround</altitudeMode><coordinates>11.964870141819119,46.593308849260211,2522.6399999999999</coordinates></Point></Placemark><Placemark><TimeSpan><begin>2026-08-05T09:32:44Z</begin><end>2026-08-05T09:33:16Z</end></TimeSpan><styleUrl>#point</styleUrl><Point><altitudeMode>clampToGround</altitudeMode><coordinates>11.964860670268536,46.593308262526989,2522.6399999999999</coordinates></Point></Placemark><Placemark><TimeSpan><begin>2026-08-05T09:33:16Z</begin><end>2026-08-05T09:33:41Z</end></TimeSpan><styleUrl>#point</styleUrl><Point><altitudeMode>clampToGround</altitudeMode><coordinates>11.964838458225131,46.593339862301946,2522.6399999999999</coordinates></Point></Placemark><Placemark><TimeSpan><begin>2026-08-05T09:33:41Z</begin><end>2026-08-05T09:33:57Z</end></TimeSpan><styleUrl>#point</styleUrl><Point><altitudeMode>clampToGround</altitudeMode><coordinates>11.964843822643161,46.593309938907623,2522.6399999999999</coordinates></Point></Placemark><Placemark><TimeSpan><begin>2026-08-05T09:33:57Z</begin><end>2026-08-05T09:34:22Z</end></TimeSpan><styleUrl>#point</styleUrl><Point><altitudeMode>clampToGround</altitudeMode><coordinates>11.964875422418118,46.593304742127657,2522.6399999999999</coordinates></Point></Placemark><Placemark><TimeSpan><begin>2026-08-05T09:34:22Z</begin><end>2026-08-05T09:34:42Z</end></TimeSpan><styleUrl>#point</styleUrl><Point><altitudeMode>clampToGround</altitudeMode><coordinates>11.964868968352675,46.593302227556705,2520.71</coordinates></Point></Placemark><Placemark><TimeSpan><begin>2026-08-05T09:34:42Z</begin><end>2026-08-05T09:34:43Z</end></TimeSpan><styleUrl>#point</styleUrl><Point><altitudeMode>clampToGround</altitudeMode><coordinates>11.964869135990739,46.593302730470896,2523.5999999999999</coordinates></Point></Placemark><Placemark><TimeSpan><begin>2026-08-05T09:34:43Z</begin><end>2026-08-05T09:34:44Z</end></TimeSpan><styleUrl>#point</styleUrl><Point><altitudeMode>clampToGround</altitudeMode><coordinates>11.964869974181056,46.593303233385086,2523.5999999999999</coordinates></Point></Placemark><Placemark><TimeSpan><begin>2026-08-05T09:34:44Z</begin><end>2026-08-05T09:35:04Z</end></TimeSpan><styleUrl>#point</styleUrl><Point><altitudeMode>clampToGround</altitudeMode><coordinates>11.964857568964362,46.59330926835537,2523.1199999999999</coordinates></Point></Placemark><Placemark><TimeSpan><begin>2026-08-05T09:35:04Z</begin><end>2026-08-05T09:35:08Z</end></TimeSpan><styleUrl>#point</styleUrl><Point><altitudeMode>clampToGround</altitudeMode><coordinates>11.964861927554011,46.593309435993433,2522.6399999999999</coordinates></Point></Placemark></Folder><Placemark><name>Rudiferia - Forcella Medesc</name><Style><LineStyle><color>ff600000</color><width>4</width></LineStyle></Style><MultiGeometry><LineString><coordinates>11.927836462855339,46.582737928256392,1578.1400000000001 11.927864039316773,46.582757290452719,1581.51 11.927866553887725,46.582757709547877,1584.3900000000001 11.927891531959176,46.582751590758562,1587.27 11.927948445081711,46.582759553566575,1591.5999999999999 11.927959676831961,46.582767264917493,1594.96 11.927965125069022,46.582766342908144,1598.3299999999999 11.927948612719774,46.582768773660064,1602.1700000000001 11.927956826984882,46.582770366221666,1605.54 11.927953558042645,46.582774389535189,1608.9000000000001 11.927947942167521,46.582777323201299,1609.8599999999999 11.927854232490063,46.582767013460398,1612.27 11.927867811173201,46.582743963226676,1615.6300000000001 11.927858423441648,46.5827427059412,1618.52 11.927868230268359,46.582732480019331,1621.8800000000001 11.927903182804585,46.582734659314156,1624.77 11.927975853905082,46.58273046836257,1627.1700000000001 11.928077694028616,46.582719320431352,1628.1300000000001 11.928241057321429,46.582671040669084,1630.53 11.928247846662998,46.582668023183942,1631.49 11.928330743685365,46.582694593816996,1633.9000000000001 11.928428392857313,46.582860220223665,1636.78 11.928426716476679,46.582919899374247,1583.4300000000001 11.928431745618582,46.582935657352209,1638.22 11.928486479446292,46.583076808601618,1639.6700000000001 11.928524114191532,46.583143444731832,1640.6300000000001 11.928543644025922,46.583198262378573,1641.5899999999999 11.928603071719408,46.5833471249789,1643.03 11.928635593503714,46.58344485796988,1643.51 11.928630899637938,46.583569161593914,1645.4300000000001 11.928499471396208,46.583712575957179,1646.4000000000001 11.928484383970499,46.583717856556177,1646.4000000000001 11.928429650142789,46.583726657554507,1646.4000000000001 11.92823619581759,46.583795389160514,1648.3199999999999 11.928023463115096,46.583887003362179,1650.24 11.927851466462016,46.583986496552825,1652.1600000000001 11.927776532247663,46.584126222878695,1654.0899999999999 11.927773766219616,46.584137454628944,1654.0899999999999 11.927845431491733,46.584184058010578,1655.53 11.927988426759839,46.584160337224603,1656.01 11.927977614104748,46.584183136001229,1656.01 11.928006615489721,46.584213059395552,1656.49 11.928094960749149,46.584221441298723,1656.97 11.92809353582561,46.584253124892712,1657.9300000000001 11.928073586896062,46.58424231223762,1658.4100000000001 11.928028827533126,46.584231415763497,1658.4100000000001 11.928051542490721,46.58423007465899,1658.4100000000001 11.928059589117765,46.584246251732111,1658.4100000000001 11.928050871938467,46.584232337772846,1658.8900000000001 11.92804659716785,46.584242228418589,1658.8900000000001 11.928011309355497,46.584264859557152,1658.8900000000001 11.928017092868686,46.584273995831609,1658.8900000000001 11.928133182227612,46.584262009710073,1659.3699999999999 11.928218677639961,46.584310792386532,1660.3299999999999 11.928232759237289,46.584364352747798,1661.3 11.928163943812251,46.584381116554141,1662.26 11.927984822541475,46.58440550789237,1663.7 11.927816430106759,46.584415901452303,1664.6600000000001 11.92780083976686,46.584417829290032,1664.6600000000001 11.92766890861094,46.58444750122726,1666.5799999999999 11.927619790658355,46.584461834281683,1668.02 11.927600428462029,46.584467198699713,1668.02 11.927565224468708,46.584451021626592,1668.02 11.927563967183232,46.584444316104054,1668.51 11.927576707676053,46.58447440713644,1668.51 11.92741678096354,46.584619833156466,1669.95 11.927311085164547,46.584758888930082,1671.8699999999999 11.927180914208293,46.584869278594851,1673.3099999999999 11.926998859271407,46.585017889738083,1676.2 11.926827700808644,46.585155185312033,1678.5999999999999 11.926771122962236,46.585203381255269,1679.5599999999999 11.926637347787619,46.585310837253928,1681.96 11.926526287570596,46.585401277989149,1683.8900000000001 11.926430985331535,46.585494987666607,1685.8099999999999 11.926370719447732,46.585576795041561,1687.73 11.926318919286132,46.585656423121691,1690.1400000000001 11.926289917901158,46.585704870522022,1690.6199999999999 11.926214816048741,46.585783157497644,1692.54 11.926090847700834,46.585876867175102,1694.9400000000001 11.92597140558064,46.585951214656234,1696.3800000000001 11.925922706723213,46.585985329002142,1697.3399999999999 11.925855232402682,46.58607367426157,1699.75 11.925867050886154,46.586162438616157,1699.75 11.925866631790996,46.586197391152382,1700.23 11.925878450274467,46.586193200200796,1700.23 11.925851125270128,46.58610594458878,1700.23 11.925890101119876,46.586055150255561,1700.23 11.92585070617497,46.586115835234523,1700.23 11.925856824964285,46.586211137473583,1700.23 11.925926394760609,46.586322449147701,1701.1900000000001 11.925984732806683,46.586376177147031,1701.1900000000001 11.925999820232391,46.586414398625493,1701.1900000000001 11.926057739183307,46.586504839360714,1701.1900000000001 11.926152035593987,46.586612714454532,1702.1500000000001 11.926277596503496,46.586709525436163,1704.0699999999999 11.926375161856413,46.586810778826475,1705.04 11.926504913717508,46.586909182369709,1706.96 11.926632067188621,46.586981099098921,1707.9200000000001 11.926761902868748,46.587032899260521,1708.8800000000001 11.926872041076422,46.587055949494243,1710.3199999999999 11.926927529275417,46.58708075992763,1710.3199999999999 11.927029034122825,46.587133649736643,1711.76 11.927078990265727,46.58716382458806,1714.1700000000001 11.927148476243019,46.58720824867487,1714.1700000000001 11.927212262526155,46.587263401597738,1715.6099999999999 11.92727261222899,46.587353926151991,1717.53 11.927311420440674,46.58742668107152,1718.97 11.927388031035662,46.587507650256157,1720.9000000000001 11.927466737106442,46.587594151496887,1722.3399999999999 11.92754577845335,46.587674282491207,1723.78 11.927633201703429,46.587739661335945,1724.26 11.927738813683391,46.587781235575676,1725.22 11.927834618836641,46.587824234738946,1726.1800000000001 11.927915085107088,46.587936971336603,1727.1500000000001 11.928005693480372,46.588036632165313,1728.5899999999999 11.928086662665009,46.588129503652453,1730.03 11.928145168349147,46.588165210559964,1730.51 11.928230663761497,46.588194211944938,1732.4300000000001 11.9283133931458,46.588210640475154,1732.9100000000001 11.928424453362823,46.588222458958626,1733.8800000000001 11.928530232980847,46.588247185572982,1735.3199999999999 11.928659314289689,46.588275181129575,1736.28 11.928811864927411,46.588294878602028,1737.72 11.928952345624566,46.588322622701526,1739.1600000000001 11.929122162982821,46.588358161970973,1741.0799999999999 11.929202042520046,46.588371573016047,1742.53 11.929273204877973,46.588384062051773,1743.49 11.929315617308021,46.5883878339082,1744.45 11.929400777444243,46.588395712897182,1745.8900000000001 11.929487194865942,46.588412811979651,1747.8099999999999 11.929590962827206,46.588408034294844,1749.26 11.929686265066266,46.588400155305862,1751.1800000000001 11.929814089089632,46.588416332378983,1752.6199999999999 11.929934872314334,46.588452961295843,1754.54 11.930078119039536,46.588491853326559,1755.02 11.930195968598127,46.588510209694505,1756.95 11.930313650518656,46.588536612689495,1758.8699999999999 11.930453795939684,46.588574331253767,1759.8299999999999 11.930629396811128,46.588632166385651,1760.3099999999999 11.930787060409784,46.58871665596962,1761.27 11.93088655360043,46.588738784193993,1762.71 11.930917399004102,46.588739538565278,1763.6800000000001 11.931058634072542,46.588746160268784,1765.1199999999999 11.931229289621115,46.588734341785312,1766.5599999999999 11.93136096931994,46.588722942396998,1767.52 11.931508323177695,46.588709112256765,1768.96 11.931669758632779,46.588702071458101,1769.9200000000001 11.931809652596712,46.588691929355264,1771.8499999999999 11.931970836594701,46.588720344007015,1773.77 11.932191113010049,46.588763929903507,1774.25 11.932375598698854,46.588819585740566,1775.21 11.932535357773304,46.588874738663435,1777.1300000000001 11.932710371911526,46.588892675936222,1778.5799999999999 11.932753622531891,46.588899465277791,1779.54 11.932902568951249,46.588934082537889,1780.5 11.932946322485805,46.58896584995091,1780.98 11.93292997777462,46.588971633464098,1780.98 11.932955961674452,46.588954953476787,1780.98 11.932950597256422,46.588977416977286,1781.46 11.93298127502203,46.589005663990974,1781.9400000000001 11.932874573394656,46.588985798880458,1782.4200000000001 11.932793436571956,46.588964760303497,1782.4200000000001 11.932777259498835,46.588930562138557,1782.4200000000001 11.932868789881468,46.588937854394317,1782.9000000000001 11.932986220344901,46.588971633464098,1783.3800000000001 11.933127539232373,46.58902301453054,1784.8199999999999 11.933243628591299,46.589083950966597,1785.79 11.933315293863416,46.589158717542887,1788.1900000000001 11.933252345770597,46.5892478171736,1790.1099999999999 11.933148913085461,46.589312274008989,1791.55 11.933070961385965,46.58935870975256,1793 11.933092419058084,46.58939735032618,1793.48 11.933231391012669,46.589394751936197,1795.4000000000001 11.933399364352226,46.589374300092459,1796.8399999999999 11.933499025180936,46.589389471337199,1797.3199999999999 11.933590471744537,46.58940170891583,1797.8 11.933765485882759,46.589403301477432,1798.76 11.933923233300447,46.589348735287786,1800.21 11.933966483920813,46.589275393635035,1801.6500000000001 11.934052398428321,46.589181264862418,1803.0899999999999 11.934100091457367,46.589161567389965,1804.05 11.934105791151524,46.589159974828362,1804.05 11.934206625446677,46.589154442772269,1804.53 11.934352722018957,46.589154275134206,1805.01 11.934555228799582,46.589158214628696,1806.45 11.934581464156508,46.589160729199648,1806.45 11.934770392253995,46.589185874909163,1807.4200000000001 11.934981532394886,46.589198280125856,1807.4200000000001 11.935064848512411,46.589209344238043,1807.4200000000001 11.935256794095039,46.589233484119177,1807.9000000000001 11.935448488220572,46.589257875457406,1808.3800000000001 11.935618473216891,46.58929861150682,1809.3399999999999 11.935826260596514,46.589332725852728,1810.3 11.936013093218207,46.589330714195967,1811.26 11.936168996617198,46.589350663125515,1813.1800000000001 11.936258263885975,46.589363906532526,1814.6300000000001 11.936401342973113,46.589412186294794,1816.55 11.936525227501988,46.589443450793624,1817.99 11.936598988249898,46.589478570967913,1818.95 11.936698565259576,46.589535903185606,1820.8699999999999 11.936778780072927,46.589589631184936,1822.8 11.93685756996274,46.589615615084767,1824.24 11.936977514997125,46.589642688632011,1825.6800000000001 11.937097208574414,46.589687447994947,1828.0799999999999 11.937183709815145,46.589715695008636,1830.01 11.937271216884255,46.589737655594945,1831.9300000000001 11.93735989741981,46.589747881516814,1833.3699999999999 11.937465760856867,46.589734805747867,1835.77 11.937578748911619,46.589721478521824,1837.7 11.937697269022465,46.58972080796957,1838.6600000000001 11.937759965658188,46.589719466865063,1838.6600000000001 11.937855603173375,46.589734219014645,1839.1400000000001 11.937846383079886,46.589743858203292,1839.6199999999999 11.937883766368032,46.589712677523494,1839.6199999999999 11.9378871191293,46.589699853211641,1839.6199999999999 11.937979152426124,46.589704798534513,1840.5799999999999 11.938071101903915,46.589723909273744,1842.98 11.938160955905914,46.589774200692773,1844.9100000000001 11.938214097172022,46.589784426614642,1846.3499999999999 11.938288612291217,46.589828263968229,1846.3499999999999 11.93827603943646,46.589762968942523,1848.75 11.938364887610078,46.589782666414976,1850.1900000000001 11.938470248132944,46.58982147462666,1852.5999999999999 11.938632605597377,46.589841172099113,1854.04 11.938778618350625,46.589873190969229,1854.52 11.938864197582006,46.589889116585255,1855.96 11.938911471515894,46.5898297727108,1858.3699999999999 11.939033009111881,46.589849218726158,1860.29 11.939121354371309,46.589880902320147,1861.25 11.939238701015711,46.589926332235336,1863.6500000000001 11.939322939142585,46.589949633926153,1865.0899999999999 11.9394551217556,46.589951645582914,1867.02 11.93950985558331,46.589918117970228,1869.4200000000001 11.939648073166609,46.589876627549529,1869.9000000000001 11.939760139212012,46.589856510981917,1871.8199999999999 11.939897937700152,46.589846285060048,1873.75 11.940000867471099,46.589833963662386,1875.6700000000001 11.940120393410325,46.589819630607963,1876.6300000000001 11.940226340666413,46.589802447706461,1879.03 11.940326252952218,46.589767662808299,1880.48 11.940398253500462,46.589740086346865,1880.96 11.940519120544195,46.589733297005296,1882.8800000000001 11.94063026458025,46.589773278683424,1884.3199999999999 11.94072456099093,46.589804207906127,1885.76 11.940819192677736,46.589821558445692,1887.21 11.940933186560869,46.589864054694772,1888.1700000000001 11.941049359738827,46.589852571487427,1890.5699999999999 11.941138543188572,46.589873358607292,1891.53 11.941252704709768,46.589869083836675,1893.9300000000001 11.941383127123117,46.58989473246038,1894.9000000000001 11.941463006660342,46.589923063293099,1896.8199999999999 11.941573731601238,46.589944520965219,1898.74 11.941667776554823,46.589941252022982,1900.1800000000001 11.94178344681859,46.58996949903667,1902.5899999999999 11.941839354112744,46.590008391067386,1903.55 11.941826781257987,46.590010905638337,1904.03 11.941789397969842,46.590042924508452,1904.03 11.941786799579859,46.590083660557866,1904.51 11.941806999966502,46.590039320290089,1904.51 11.941835582256317,46.59001006744802,1904.51 11.941798701882362,46.590013587847352,1904.99 11.941762575879693,46.589982490986586,1904.99 11.941742040216923,46.589995566755533,1904.99 11.941738519817591,46.590001937001944,1905.47 11.941792080178857,46.590024316683412,1905.47 11.941828290000558,46.590028423815966,1905.47 11.941826026886702,46.590045355260372,1905.47 11.941780094057322,46.589997913688421,1905.95 11.941790487617254,46.590007217600942,1905.95 11.941850502043962,46.590015599504113,1906.4300000000001 11.941895764321089,46.590010318905115,1906.9100000000001 11.941853351891041,46.590013923123479,1907.3900000000001 11.941927196457982,46.59002716653049,1907.8699999999999 11.942011518403888,46.590048037469387,1909.8 11.942112855613232,46.590050049126148,1910.76 11.942231459543109,46.590059101581573,1912.6800000000001 11.942287618294358,46.590054407715797,1912.6800000000001 11.942409155890346,46.590083660557866,1915.5599999999999 11.942487442865968,46.590131772682071,1917.01 11.942528849467635,46.590155577287078,1917.97 11.942635467275977,46.590149626135826,1919.8900000000001 11.942724818363786,46.590127665549517,1921.3299999999999 11.94283789023757,46.590147027745843,1922.29 11.942867394536734,46.590181142091751,1921.8099999999999 11.942889438942075,46.590296979993582,1922.77 11.942909890785813,46.59030276350677,1923.25 11.943027740344405,46.590282311663032,1925.1800000000001 11.943131675943732,46.590294297784567,1926.6199999999999 11.943246005102992,46.590310893952847,1928.0599999999999 11.943349353969097,46.590314917266369,1929.5 11.943440297618508,46.590303601697087,1930.95 11.943573569878936,46.590313827618957,1932.3900000000001 11.943687563762069,46.590300081297755,1934.3099999999999 11.943773813545704,46.590301338583231,1935.75 11.94389333948493,46.59030326642096,1937.6700000000001 11.943950587883592,46.590314246714115,1939.1199999999999 11.943996604532003,46.590322125703096,1939.5999999999999 11.944079082459211,46.590325394645333,1940.5599999999999 11.944161476567388,46.590355150401592,1942.48 11.944242445752025,46.590410051867366,1944.4000000000001 11.944328946992755,46.590436371043324,1946.3299999999999 11.944409245625138,46.590459253638983,1947.77 11.944472445175052,46.590507198125124,1948.73 11.944534219801426,46.59054609015584,1950.6500000000001 11.944633461534977,46.590564111247659,1951.6099999999999 11.94474846124649,46.590594789013267,1954.02 11.944745779037476,46.590604176744819,1954.5 11.944728344678879,46.590600488707423,1954.5 11.944760615006089,46.590603170916438,1954.98 11.944773271679878,46.590612139552832,1955.46 11.944759860634804,46.590610379353166,1954.02 11.94476162083447,46.590614905580878,1954.5 11.944778133183718,46.59062085673213,1955.46 11.944809732958674,46.59060912206769,1955.46 11.944841584190726,46.590616330504417,1955.46 11.944900676608086,46.590655306354165,1956.9000000000001 11.944946777075529,46.590681960806251,1958.3399999999999 11.944987596943974,46.590697970241308,1958.8199999999999 11.945027997717261,46.590716661885381,1959.78 11.945138471201062,46.590756056830287,1962.6700000000001 11.945227319374681,46.590791931375861,1964.5899999999999 11.945246430113912,46.590800816193223,1965.55 11.945333182811737,46.590827973559499,1966.99 11.945416163653135,46.590880360454321,1968.9200000000001 11.945522278547287,46.590899890288711,1970.8399999999999 11.945624873042107,46.590903913602233,1972.28 11.945719588547945,46.59093065187335,1974.2 11.945799719542265,46.590985972434282,1976.1300000000001 11.945878593251109,46.591011872515082,1977.0899999999999 11.945968950167298,46.591040706261992,1979.01 11.946080094203353,46.591053698211908,1980.9300000000001 11.946191405877471,46.591074652969837,1982.3800000000001 11.946311602368951,46.591073898598552,1984.78 11.946430373936892,46.591070210561156,1986.22 11.946539338678122,46.591055458411574,1988.6199999999999 11.946669174358249,46.591046908870339,1991.03 11.946764392778277,46.591056631878018,1992.47 11.946895737200975,46.591066857799888,1994.3900000000001 11.947014005854726,46.591086806729436,1996.3199999999999 11.947108134627342,46.59111094661057,1997.76 11.947111068293452,46.591122345998883,1998.24 11.947094555944204,46.591117987409234,1998.72 11.947093969210982,46.5911231841892,1993.9100000000001 11.947097154334188,46.591120585799217,1997.76 11.947098830714822,46.591118238866329,2000.1600000000001 11.947116851806641,46.591101894155145,1998.24 11.947122886776924,46.591097619384527,1998.24 11.947082569822669,46.591088818386197,1998.24 11.947080390527844,46.591091752052307,1998.24 11.947090867906809,46.591121004894376,1998.24 11.9471275806427,46.591141037642956,1998.24 11.947124982252717,46.591119496151805,1998.72 11.947139985859394,46.591093512251973,1998.72 11.9471207074821,46.591080101206899,1998.72 11.947188265621662,46.59112217836082,1998.72 11.947218608111143,46.59114028327167,2000.1600000000001 11.947314077988267,46.591171883046627,2002.0799999999999 11.947401082143188,46.591181186959147,2004.01 11.947492193430662,46.591160064563155,2005.45 11.947608701884747,46.591139947995543,2007.3699999999999 11.947714146226645,46.59113391302526,2009.29 11.947838952764869,46.591152939945459,2011.22 11.947892513126135,46.591163333505392,2012.1800000000001 11.947848759591579,46.591160567477345,2012.6600000000001 11.947871055454016,46.591153610497713,2013.1400000000001 11.94792352616787,46.591155789792538,2013.1400000000001 11.947998460382223,46.591158891096711,2014.0999999999999 11.948137599974871,46.591177247464657,2016.5 11.948282103985548,46.591205494478345,2018.9100000000001 11.948323091492057,46.591218737885356,2019.8699999999999 11.948265172541142,46.591215468943119,2019.8699999999999 11.948280762881041,46.591185126453638,2020.3499999999999 11.948362151160836,46.591137014329433,2020.8299999999999 11.9484400190413,46.591081358492374,2021.79 11.948493830859661,46.591030480340123,2023.71 11.948600616306067,46.591063421219587,2024.6700000000001 11.948701115325093,46.59107674844563,2027.0799999999999 11.94882458075881,46.591092003509402,2027.0799999999999 11.948857521638274,46.59103425219655,2028.04 11.948848385363817,46.590958815068007,2029 11.948815695941448,46.590895364060998,2030.4400000000001 11.948793902993202,46.590839456766844,2031.4000000000001 11.948859617114067,46.590785309672356,2031.8800000000001 11.948926672339439,46.590728061273694,2034.29 11.948971515521407,46.590678188949823,2034.77 11.949008982628584,46.590691264718771,2036.21 11.949135884642601,46.590676344931126,2037.1700000000001 11.949279801920056,46.590668633580208,2038.1300000000001 11.949360771104693,46.590654468163848,2040.05 11.949462108314037,46.590675255283713,2042.9400000000001 11.949545424431562,46.59071029163897,2043.4200000000001 11.9496108032763,46.590705513954163,2045.3399999999999 11.949665620923042,46.5906638558954,2046.78 11.949749188497663,46.590652205049992,2049.1900000000001 11.949811633676291,46.590626640245318,2050.6300000000001 11.94993132725358,46.590629825368524,2052.5500000000002 11.950014811009169,46.590601159259677,2053.9899999999998 11.950091505423188,46.590581964701414,2055.4400000000001 11.950155794620514,46.590562267228961,2056.4000000000001 11.950217988342047,46.590528404340148,2058.3200000000002 11.950291497632861,46.590489344671369,2058.8000000000002 11.950374394655228,46.590477274730802,2060.2399999999998 11.950476821511984,46.590478615835309,2061.1999999999998 11.95056214928627,46.590438382700086,2062.6500000000001 11.950615290552378,46.590394377708435,2063.6100000000001 11.950674802064896,46.590382643043995,2064.5700000000002 11.950790137052536,46.59037166275084,2066.0100000000002 11.950864233076572,46.590410135686398,2067.9299999999998 11.950814696028829,46.590432683005929,2067.9299999999998 11.950806146487594,46.59047132357955,2068.4099999999999 11.950773959979415,46.590478112921119,2068.4099999999999 11.950841182842851,46.59046302549541,2068.4099999999999 11.950868424028158,46.590471239760518,2068.4099999999999 11.950904214754701,46.59050066024065,2068.4099999999999 11.950918044894934,46.590528320521116,2068.8899999999999 11.95095794275403,46.590477945283055,2068.8899999999999 11.950979651883245,46.590423295274377,2069.3800000000001 11.951051987707615,46.590370489284396,2071.7800000000002 11.951161958277225,46.590309469029307,2072.7399999999998 11.951274443417788,46.590281976386905,2074.1799999999998 11.951349712908268,46.590275354683399,2076.0999999999999 11.951443506404757,46.590260099619627,2077.5500000000002 11.951542664319277,46.590240988880396,2078.5100000000002 11.951578622683883,46.590202767401934,2079.9499999999998 11.951634027063847,46.590187093243003,2081.3899999999999 11.951779453083873,46.590199498459697,2082.3499999999999 11.951862936839461,46.590144261717796,2084.7600000000002 11.951904175803065,46.590096820145845,2085.7199999999998 11.951926136389375,46.590059353038669,2085.7199999999998 11.95192881859839,46.590046444907784,2084.2800000000002 11.951984306797385,46.589989615604281,2086.1999999999998 11.952118081972003,46.589956842362881,2087.6399999999999 11.952244061976671,46.589930774644017,2089.5599999999999 11.95237641222775,46.589920883998275,2091 11.952471127733588,46.589883919805288,2092.4499999999998 11.952569112181664,46.589825497940183,2094.8499999999999 11.952676735818386,46.589783085510135,2096.77 11.952805649489164,46.589740170165896,2098.6999999999998 11.952860550954938,46.589732710272074,2099.6599999999999 11.952973371371627,46.589748719707131,2099.6599999999999 11.953086610883474,46.58974913880229,2101.5799999999999 11.953185517340899,46.589753916487098,2103.5 11.95325056090951,46.58974427729845,2103.98 11.953249052166939,46.589766992256045,2104.46 11.953274281695485,46.589758107438684,2104.46 11.953319376334548,46.589741930365562,2104.46 11.953414175659418,46.589747630059719,2106.3899999999999 11.953518446534872,46.589821223169565,2107.8299999999999 11.953582400456071,46.589911999180913,2110.23 11.953632356598973,46.589983915910125,2111.6700000000001 11.953680049628019,46.590048791840672,2112.6300000000001 11.953719025477767,46.590113919228315,2114.0799999999999 11.953776692971587,46.590109476819634,2116 11.95385355502367,46.590141914784908,2117.4400000000001 11.953885490074754,46.590094808489084,2118.8800000000001 11.953941900283098,46.590034123510122,2120.3200000000002 11.954007279127836,46.59005063585937,2121.29 11.953981379047036,46.590027250349522,2122.25 11.953982636332512,46.590027837082744,2116.96 11.953977271914482,46.590028004720807,2126.0900000000001 11.953968135640025,46.590027082711458,2124.6500000000001 11.953957406803966,46.590023310855031,2122.73 11.953944666311145,46.590019203722477,2122.73 11.953974170610309,46.590005792677402,2122.73 11.953972494229674,46.589990872889757,2122.73 11.95397861301899,46.589980144053698,2124.1700000000001 11.953989593312144,46.589977294206619,2124.1700000000001 11.954063605517149,46.589932031929493,2125.6100000000001 11.954154968261719,46.589920883998275,2126.0900000000001 11.954255970194936,46.58989624120295,2127.5300000000002 11.954291509464383,46.589827677235007,2129.46 11.954311961308122,46.589779146015644,2130.4200000000001 11.954420506954193,46.589789455756545,2131.8600000000001 11.954429391771555,46.589725837111473,2133.7800000000002 11.954441210255027,46.589670265093446,2135.71 11.954447412863374,46.589614190161228,2136.6700000000001 11.954441461712122,46.589546632021666,2137.6300000000001 11.954477252438664,46.589533891528845,2138.5900000000001 11.954559898003936,46.589551409706473,2139.0700000000002 11.954585295170546,46.589556857943535,2139.5500000000002 11.954687722027302,46.589586194604635,2141.4699999999998 11.954807667061687,46.589596504345536,2142.9200000000001 11.954926773905754,46.589612765237689,2144.8400000000001 11.954898694530129,46.589571693912148,2146.7600000000002 11.954840859398246,46.589512936770916,2147.7199999999998 11.954932473599911,46.589527856558561,2149.1599999999999 11.955036325380206,46.589519809931517,2150.6100000000001 11.955043198540807,46.58948234282434,2152.0500000000002 11.954953176900744,46.589436158537865,2153.9699999999998 11.954950662329793,46.589421406388283,2154.4499999999998 11.954956781119108,46.589389219880104,2154.9299999999998 11.955085024237633,46.589414030313492,2156.8600000000001 11.955075887963176,46.589384861290455,2158.7800000000002 11.955048395320773,46.589325182139874,2159.7399999999998 11.955116288736463,46.589336581528187,2161.1799999999998 11.955154594033957,46.589337754994631,2161.6599999999999 11.95522609166801,46.589374300092459,2162.1399999999999 11.955340169370174,46.589419981464744,2164.0599999999999 11.955443434417248,46.589494496583939,2165.9899999999998 11.95553295314312,46.589564988389611,2167.9099999999999 11.955621130764484,46.589623661711812,2169.8299999999999 11.955696316435933,46.589693147689104,2171.7600000000002 11.955774687230587,46.589733883738518,2172.7199999999998 11.955823050811887,46.589742517098784,2174.6399999999999 11.955902595072985,46.589755676686764,2175.5999999999999 11.955989850685,46.589767327532172,2178.48 11.956019774079323,46.589770009741187,2179.4499999999998 11.956094205379486,46.58980437554419,2181.8499999999999 11.956167295575142,46.589836394414306,2183.29 11.95624927058816,46.589866485446692,2185.21 11.956196632236242,46.589821223169565,2187.1399999999999 11.956159165129066,46.589807225391269,2187.6199999999999 11.956134019419551,46.589748887345195,2188.5799999999999 11.956104934215546,46.589686442166567,2190.5 11.956080542877316,46.589621482416987,2192.4200000000001 11.956052798777819,46.589541183784604,2193.8699999999999 11.956084230914712,46.589491227641702,2195.3099999999999 11.956057408824563,46.589449485763907,2196.75 11.956044333055615,46.589411767199636,2198.1900000000001 11.956050032749772,46.589390644803643,2199.1500000000001 11.956012649461627,46.589399529621005,2199.1500000000001 11.956045925617218,46.589401206001639,2199.1500000000001 11.95604944601655,46.589405313134193,2199.6300000000001 11.956041650846601,46.589412102475762,2199.6300000000001 11.956045338883996,46.589364325627685,2200.5900000000001 11.956036789342761,46.589292911812663,2202.04 11.956011475995183,46.589233987033367,2203.48 11.956043327227235,46.589198531582952,2204.9200000000001 11.956126475706697,46.58922141417861,2206.8400000000001 11.956219095736742,46.589263323694468,2207.8099999999999 11.956289587542415,46.589314788579941,2210.21 11.956365443766117,46.589342197403312,2212.1300000000001 11.956495782360435,46.589387794956565,2214.5300000000002 11.956573817878962,46.589416293427348,2216.46 11.956611117348075,46.58941101282835,2217.9000000000001 11.956656547263265,46.589416544884443,2219.3400000000001 11.956721171736717,46.589449988678098,2220.3000000000002 11.956800129264593,46.589490892365575,2223.1900000000001 11.95687472820282,46.589533053338528,2225.1100000000001 11.956944717094302,46.589591894298792,2226.5500000000002 11.957020573318005,46.589627182111144,2228.4699999999998 11.957094753161073,46.589656854048371,2229.9200000000001 11.957163568586111,46.589685184881091,2231.8400000000001 11.957218302413821,46.589712426066399,2233.2800000000002 11.957189049571753,46.589722316712141,2234.2399999999998 11.957303881645203,46.589757101610303,2235.6799999999998 11.957355514168739,46.589751653373241,2236.6399999999999 11.957375882193446,46.589756766334176,2236.6399999999999 11.957441680133343,46.589764645323157,2238.5700000000002 11.957515357062221,46.589780738577247,2240.4899999999998 11.957579730078578,46.589789036661386,2242.4099999999999 11.957643935456872,46.589807644486427,2244.3299999999999 11.957705374807119,46.589851398020983,2245.7800000000002 11.957747703418136,46.589896408841014,2246.2600000000002 11.957860020920634,46.589919626712799,2248.1799999999998 11.957965297624469,46.58994116820395,2250.0999999999999 11.95805573835969,46.589970672503114,2252.5100000000002 11.958127152174711,46.590041080489755,2252.9899999999998 11.958160093054175,46.59005549736321,2254.4299999999998 11.95818180218339,46.590069327503443,2254.9099999999999 11.958263777196407,46.590138226747513,2256.3499999999999 11.958333849906921,46.590175442397594,2258.27 11.95839780382812,46.590228751301765,2259.7199999999998 11.958464272320271,46.590290777385235,2260.6799999999998 11.958529483526945,46.590351378545165,2262.5999999999999 11.958551863208413,46.590396054089069,2263.5599999999999 11.958539709448814,46.590445507317781,2265 11.95851992815733,46.590479956939816,2265.96 11.958546498790383,46.5904825553298,2266.4499999999998 11.958550941199064,46.590522956103086,2267.4099999999999 11.958610536530614,46.590562770143151,2268.8499999999999 11.958633922040462,46.59052949398756,2269.8099999999999 11.958703240379691,46.59053485840559,2271.25 11.958766020834446,46.590521112084389,2272.6900000000001 11.958779515698552,46.590561680495739,2273.1700000000001 11.958817401900887,46.590583473443985,2273.6599999999999 11.958801057189703,46.590601243078709,2274.6199999999999 11.958785802125931,46.590602165088058,2274.6199999999999 11.958760656416416,46.590587832033634,2274.6199999999999 11.958730733022094,46.590593867003918,2274.6199999999999 11.958726122975349,46.590589256957173,2275.5799999999999 11.958745904266834,46.590595627203584,2275.5799999999999 11.958782197907567,46.590612810105085,2275.5799999999999 11.958775240927935,46.590626472607255,2276.0599999999999 11.958744982257485,46.59061448648572,2276.0599999999999 11.958724362775683,46.590597471222281,2276.0599999999999 11.958714304491878,46.590620521456003,2276.54 11.958750346675515,46.590615576133132,2276.54 11.958771971985698,46.590613983571529,2276.54 11.958796866238117,46.590617336332798,2276.54 11.958795944228768,46.590631920844316,2277.02 11.95882142521441,46.590633178129792,2277.02 11.958810025826097,46.590633848682046,2277.02 11.958788316696882,46.590636530891061,2277.5 11.958805415779352,46.590669639408588,2277.5 11.958812372758985,46.590713476762176,2279.9000000000001 11.958793764933944,46.590739041566849,2280.8699999999999 11.958784628659487,46.590755386278033,2282.3099999999999 11.958822179585695,46.590747926384211,2283.27 11.958909602835774,46.590695036575198,2284.71 11.959030386060476,46.590661341324449,2285.6700000000001 11.959020243957639,46.590668885037303,2289.04 11.959027703851461,46.590666621923447,2287.1100000000001 11.959156114608049,46.590659748762846,2288.0799999999999 11.959230629727244,46.590705513954163,2290.48 11.959128621965647,46.590757900848985,2291.9200000000001 11.959046563133597,46.590811377391219,2292.4000000000001 11.95898805744946,46.59091841429472,2294.3200000000002 11.958916140720248,46.590981613844633,2295.2800000000002 11.958905579522252,46.591042717918754,2296.73 11.959063410758972,46.590986223891377,2298.6500000000001 11.959162652492523,46.590950768440962,2299.6100000000001 11.95920255035162,46.590986056253314,2301.0500000000002 11.959151169285178,46.591011537238955,2302.0100000000002 11.959054274484515,46.591088147833943,2302.4899999999998 11.958962073549628,46.591163333505392,2303.9400000000001 11.958909016102552,46.59121354110539,2304.9000000000001 11.959032984450459,46.591159058734775,2306.3400000000001 11.959205316379666,46.59112804569304,2307.3000000000002 11.959359208121896,46.591092338785529,2309.2199999999998 11.959373457357287,46.591131649911404,2311.1500000000001 11.95924362167716,46.591223683208227,2312.5900000000001 11.959173465147614,46.591292833909392,2313.5500000000002 11.959110936149955,46.591364415362477,2315.9499999999998 11.959041617810726,46.591436415910721,2317.4000000000001 11.959055531769991,46.591492658481002,2319.3200000000002 11.959144212305546,46.591471284627914,2320.7600000000002 11.959259631112218,46.591436667367816,2322.1999999999998 11.959232809022069,46.591488467529416,2323.6399999999999 11.959207830950618,46.591505482792854,2324.1199999999999 11.959171453490853,46.591566419228911,2324.6100000000001 11.95929198525846,46.591527611017227,2326.5300000000002 11.959346551448107,46.591546721756458,2327.4899999999998 11.959273042157292,46.591605395078659,2329.4099999999999 11.959234904497862,46.591660967096686,2330.8499999999999 11.959366668015718,46.591647639870644,2332.3000000000002 11.959437662735581,46.591641437262297,2333.7399999999998 11.959351077675819,46.59171293489635,2335.1799999999998 11.959300870075822,46.591757610440254,2336.6199999999999 11.959393238648772,46.591783007606864,2338.0599999999999 11.959450654685497,46.591762723401189,2339.5100000000002 11.959384437650442,46.591832377016544,2341.9099999999999 11.95936624892056,46.59187713637948,2342.8699999999999 11.959477309137583,46.591815948486328,2344.3099999999999 11.959552494809031,46.591816367581487,2345.27 11.959643438458443,46.591803124174476,2345.75 11.95952357724309,46.591889625415206,2347.6799999999998 11.959492396563292,46.591950142756104,2348.6399999999999 11.959594236686826,46.591908736154437,2350.5599999999999 11.959681073203683,46.591880153864622,2351.52 11.959609910845757,46.591959949582815,2352.48 11.959606809541583,46.591992555186152,2353.9299999999998 11.959708062931895,46.591940503567457,2355.3699999999999 11.959821553900838,46.591893397271633,2356.3299999999999 11.959875281900167,46.591916782781482,2357.77 11.959785595536232,46.591999009251595,2359.21 11.959770424291492,46.592044020071626,2360.6500000000001 11.959887100383639,46.592023652046919,2362.0999999999999 11.959995813667774,46.591996159404516,2363.54 11.960109807550907,46.591965146362782,2364.98 11.960210977122188,46.591963637620211,2366.4200000000001 11.96024970151484,46.591984424740076,2367.8600000000001 11.960291275754571,46.591977635398507,2368.8299999999999 11.960315583273768,46.591965984553099,2368.8299999999999 11.960413567721844,46.591931870207191,2368.8299999999999 11.960470816120505,46.591972438618541,2369.79 11.96039236150682,46.592007977887988,2370.75 11.960375178605318,46.592024741694331,2370.75 11.960391690954566,46.59200856462121,2368.8299999999999 11.960394876077771,46.592004960402846,2371.71 11.960377441719174,46.592007894068956,2370.27 11.960367802530527,46.5920090675354,2370.27 11.960422955453396,46.592023987323046,2370.27 11.960499482229352,46.591999847441912,2370.27 11.960521191358566,46.592002445831895,2371.71 11.960484394803643,46.592017533257604,2372.6700000000001 11.960463859140873,46.592009402811527,2372.6700000000001 11.960545750334859,46.59203689545393,2373.1500000000001 11.960658151656389,46.592035554349422,2375.5500000000002 11.960721183568239,46.592000350356102,2375.5500000000002 11.960805421695113,46.591980736702681,2377 11.960841799154878,46.59198610112071,2377.96 11.960935592651367,46.591989286243916,2379.4000000000001 11.961006671190262,46.591990543529391,2380.8400000000001 11.961102141067386,46.591971348971128,2382.7600000000002 11.961232060566545,46.59194502979517,2383.73 11.961284196004272,46.591956345364451,2385.1700000000001 11.961322166025639,46.591998925432563,2386.1300000000001 11.961362063884735,46.592010576277971,2388.0500000000002 11.961419647559524,46.592031111940742,2389.4899999999998 11.961522744968534,46.592026837170124,2390.46 11.961586950346828,46.592037985101342,2391.9000000000001 11.961649227887392,46.592046283185482,2393.3400000000001 11.96170287206769,46.592057347297668,2394.7800000000002 11.961746625602245,46.592097245156765,2396.2199999999998 11.961698848754168,46.592145776376128,2397.1799999999998 11.961631206795573,46.592181483283639,2398.6300000000001 11.961583849042654,46.592199839651585,2399.1100000000001 11.96157194674015,46.592212244868279,2399.1100000000001 11.961584016680717,46.592217022553086,2399.1100000000001 11.961690550670028,46.592202773317695,2401.5100000000002 11.96178643964231,46.592201935127378,2402.9499999999998 11.961856177076697,46.592212747782469,2404.3899999999999 11.96184360422194,46.592262117192149,2404.8800000000001 11.961800269782543,46.592293297871947,2405.3600000000001 11.961815943941474,46.592275695875287,2405.8400000000001 11.961715696379542,46.592332106083632,2407.7600000000002 11.961616454645991,46.592384241521358,2409.6799999999998 11.961674960330129,46.592377368360758,2411.5999999999999 11.961780907586217,46.592356665059924,2412.5700000000002 11.961897164583206,46.592367980629206,2413.5300000000002 11.961878556758165,46.592406705021858,2415.4499999999998 11.961734723299742,46.592453140765429,2416.8899999999999 11.961646713316441,46.592475771903992,2418.3299999999999 11.961786020547152,46.592472502961755,2419.7800000000002 11.961879897862673,46.592486668378115,2421.2199999999998 11.961937732994556,46.592528242617846,2423.1399999999999 11.961924489587545,46.592572750523686,2425.54 11.961815524846315,46.592611307278275,2426.5 11.961735393851995,46.592648522928357,2427.9499999999998 11.961651826277375,46.592691941186786,2429.8699999999999 11.961678061634302,46.592686325311661,2431.79 11.961730448529124,46.592637794092298,2432.27 11.961812088266015,46.592652294784784,2433.71 11.961878053843975,46.592682804912329,2435.1599999999999 11.961789792403579,46.592733599245548,2436.5999999999999 11.961749810725451,46.592772491276264,2438.04 11.961752492934465,46.592730078846216,2438.52 11.961799850687385,46.59273904748261,2439.48 11.961827930063009,46.592766456305981,2440.9200000000001 11.961721312254667,46.59280601888895,2442.3699999999999 11.961642941460013,46.592836109921336,2443.3299999999999 11.961652329191566,46.592828147113323,2444.77 11.96164864115417,46.592833511531353,2445.25 11.961707733571529,46.592843988910317,2445.73 11.961799515411258,46.592841641977429,2447.1700000000001 11.961728520691395,46.592837031930685,2447.1700000000001 11.961733717471361,46.59285094588995,2447.1700000000001 11.961766323074698,46.592870559543371,2447.1700000000001 11.961716618388891,46.59283384680748,2447.6500000000001 11.961801359429955,46.592835523188114,2448.1300000000001 11.961871599778533,46.592887155711651,2449.5799999999999 11.96181527338922,46.592915654182434,2450.54 11.961858607828617,46.592941386625171,2451.98 11.961917448788881,46.592970890924335,2453.4200000000001 11.961786607280374,46.593008525669575,2454.8600000000001 11.961654843762517,46.593056553974748,2456.79 11.961613772436976,46.593077760189772,2457.27 11.961696669459343,46.593067282810807,2459.1900000000001 11.961773363873363,46.59308890812099,2460.6300000000001 11.961829857900739,46.593103827908635,2462.5500000000002 11.961813597008586,46.593126375228167,2463.52 11.961877970024943,46.593150515109301,2464.48 11.961973775178194,46.593173565343022,2465.9200000000001 11.961903451010585,46.593244643881917,2467.3600000000001 11.961876126006246,46.593247493728995,2468.8000000000002 11.961960280314088,46.593251600861549,2470.2399999999998 11.962042171508074,46.593260988593102,2471.21 11.962089445441961,46.593267191201448,2471.6900000000001 11.962186591699719,46.593312621116638,2474.0900000000001 11.962268901988864,46.593328965827823,2475.0500000000002 11.962281642481685,46.59332687035203,2475.0500000000002 11.962348697707057,46.593324355781078,2475.0500000000002 11.962419273331761,46.593327624723315,2476.0100000000002 11.96245389059186,46.593320248648524,2476.0100000000002 11.962623707950115,46.593303149566054,2476.9699999999998 11.962801236659288,46.593295186758041,2477.9400000000001 11.962980190292001,46.593288648873568,2478.9000000000001 11.963099045678973,46.59328387118876,2479.8600000000001 11.963223181664944,46.5932662691921,2480.8200000000002 11.963312365114689,46.593239111825824,2481.3000000000002 11.963433064520359,46.593240452930331,2482.7399999999998 11.963519314303994,46.593248331919312,2483.6999999999998 11.963611096143723,46.593245901167393,2484.6599999999999 11.963672786951065,46.593232322484255,2486.5900000000001 11.963735232129693,46.593223353847861,2486.5900000000001 11.963791474699974,46.593233412131667,2487.0700000000002 11.96381620131433,46.59324623644352,2488.9899999999998 11.963782757520676,46.593296192586422,2490.4299999999998 11.96385626681149,46.593311447650194,2492.3600000000001 11.963885938748717,46.593280183151364,2493.3200000000002 11.963912174105644,46.593277584761381,2494.7600000000002 11.963990293443203,46.593274567276239,2495.7199999999998 11.964063718914986,46.59324967302382,2496.6799999999998 11.964142341166735,46.593216396868229,2496.6799999999998 11.964213335886598,46.593217402696609,2497.1599999999999 11.964320875704288,46.593231232836843,2498.5999999999999 11.964436629787087,46.593258390203118,2501.0100000000002 11.964506031945348,46.593285715207458,2502.9299999999998 11.96458088234067,46.593295941129327,2504.3699999999999 11.96470694616437,46.593292336910963,2506.29 11.964825382456183,46.593276998028159,2507.2600000000002 11.964936442673206,46.593245314434171,2508.6999999999998 11.965002743527293,46.593239279463887,2510.1399999999999 11.965049766004086,46.593232657760382,2510.6199999999999 11.965015903115273,46.59325310960412,2511.0999999999999 11.964988326653838,46.593250427395105,2511.5799999999999 11.964982710778713,46.593247829005122,2511.5799999999999 11.964986817911267,46.593308178707957,2511.5799999999999 11.96506661362946,46.593387722969055,2511.5799999999999 11.965088825672865,46.593417311087251,2512.0599999999999 11.965078851208091,46.593438601121306,2512.0599999999999 11.965057728812099,46.593445641919971,2513.02 11.965045072138309,46.593427369371057,2513.02 11.964992517605424,46.593359308317304,2511.5799999999999 11.96498597972095,46.593351596966386,2511.5799999999999 11.964964019134641,46.593256127089262,2511.5799999999999 11.964966617524624,46.593245482072234,2512.0599999999999 11.964961756020784,46.593261491507292,2512.0599999999999 11.96498061530292,46.593275992199779,2512.0599999999999 11.964975753799081,46.59326434135437,2512.54 11.964956559240818,46.593256462365389,2512.54 11.964961001649499,46.593263167887926,2512.54 11.965027470141649,46.593375485390425,2512.54 11.965065104886889,46.593428794294596,2512.54 11.965050017461181,46.593444971367717,2512.54 11.965029900893569,46.593439606949687,2512.54 11.964946752414107,46.593333659693599,2512.54 11.964921271428466,46.593298120424151,2513.02 11.964900316670537,46.593324188143015,2513.02 11.96490584872663,46.593316560611129,2513.02 11.964915152639151,46.593298874795437,2513.02 11.964926049113274,46.593288732692599,2513.5 11.964917918667197,46.593295186758041,2513.5 11.964892186224461,46.593289487063885,2513.5 11.96489118039608,46.593289570882916,2513.5 11.964897802099586,46.593279764056206,2513.98 11.964883469045162,46.593289403244853,2513.98 11.964914062991738,46.593297282233834,2513.98 11.964927893131971,46.593300215899944,2514.4699999999998 11.964957565069199,46.593297785148025,2514.4699999999998 11.964963180944324,46.59328680485487,2514.4699999999998 11.964936694130301,46.59329267218709,2514.4699999999998 11.964961672201753,46.593281105160713,2514.4699999999998 11.964961923658848,46.593299461528659,2514.4699999999998 11.964930910617113,46.593299712985754,2514.9499999999998 11.964909033849835,46.59331027418375,2514.9499999999998 11.964902747422457,46.593331899493933,2514.9499999999998 11.964898724108934,46.593318153172731,2514.9499999999998 11.96488874964416,46.593327624723315,2515.4299999999998 11.964878858998418,46.593328546732664,2515.4299999999998 11.964883301407099,46.593336258083582,2515.4299999999998 11.964882463216782,46.593324271962047,2515.4299999999998 11.96489947848022,46.593320751562715,2515.9099999999999 11.964894952252507,46.5932990424335,2514.4699999999998 11.96487944573164,46.593273812904954,2514.9499999999998 11.964864358305931,46.593265598639846,2514.9499999999998 11.964885648339987,46.593271968886256,2515.4299999999998 11.964889252558351,46.593302227556705,2515.4299999999998 11.964902831241488,46.59331320784986,2515.9099999999999 11.964890761300921,46.593324188143015,2515.9099999999999 11.964896293357015,46.593317566439509,2516.3899999999999 11.964914062991738,46.593293510377407,2516.3899999999999 11.964932754635811,46.593278842046857,2515.9099999999999 11.964996373280883,46.593264508992434,2516.3899999999999 11.964964019134641,46.593256546184421,2516.3899999999999 11.964952787384391,46.593270460143685,2516.8699999999999 11.964947171509266,46.593283116817474,2516.8699999999999 11.96491414681077,46.593350591138005,2517.3499999999999 11.964861927554011,46.59335570409894,2517.3499999999999 11.964829824864864,46.593346567824483,2517.8299999999999 11.964862681925297,46.593326535075903,2517.8299999999999 11.964856646955013,46.593315890058875,2517.8299999999999 11.964854383841157,46.593337850645185,2518.3099999999999 11.964902579784393,46.593347573652864,2518.3099999999999 11.964899394661188,46.593311950564384,2518.79 11.96491171605885,46.593317817896605,2518.79 11.964946668595076,46.593310693278909,2518.79 11.964936442673206,46.593294600024819,2519.27 11.964923953637481,46.593297030776739,2519.27 11.96492588147521,46.593288732692599,2519.75 11.964915571734309,46.593298958614469,2519.75 11.964903753250837,46.593300048261881,2519.75 11.964896125718951,46.593317147344351,2520.23 11.964883636683226,46.593303484842181,2520.23 11.96490190923214,46.593303401023149,2520.23 11.964912554249167,46.593289151787758,2520.23 11.964928647503257,46.593279596418142,2520.71 11.964935772120953,46.593261659145355,2520.71 11.964959409087896,46.593266353011131,2520.71 11.964949602261186,46.593251684680581,2520.71 11.964909536764026,46.59326090477407,2521.1900000000001 11.964934347197413,46.593246068805456,2521.1900000000001 11.964965276420116,46.593238273635507,2521.1900000000001 11.964989919215441,46.593254869803786,2520.71 11.965011712163687,46.59324623644352,2520.71 11.965023446828127,46.593256797641516,2521.1900000000001 11.964969467371702,46.593269957229495,2521.1900000000001 11.964987656101584,46.593267610296607,2521.1900000000001 11.964966114610434,46.593255456537008,2521.1900000000001 11.964928563684225,46.593244476243854,2520.71 11.964942310005426,46.593260234221816,2520.71 11.964951697736979,46.593256294727325,2520.71 11.964964270591736,46.593258306384087,2520.71 11.964954631403089,46.593257468193769,2520.71 11.964934431016445,46.593252522870898,2520.71 11.964981285855174,46.593243386596441,2520.71 11.964995451271534,46.593252941966057,2520.71 11.964939879253507,46.593256630003452,2520.71 11.964952871203423,46.593247158452868,2520.71 11.964925797656178,46.593252690508962,2520.71 11.964892437681556,46.593251768499613,2520.71 11.964874668046832,46.593238273635507,2520.71 11.964890174567699,46.593246404081583,2520.71 11.964911045506597,46.593245733529329,2520.71 11.964935353025794,46.593237603083253,2520.71 11.964903920888901,46.593220587819815,2520.71 11.964870309457183,46.5932179056108,2520.23 11.964876428246498,46.593206841498613,2520.23 11.964873997494578,46.593228466808796,2520.23 11.964882295578718,46.593252019956708,2520.23 11.964883888140321,46.593277920037508,2520.23 11.964872907847166,46.593274734914303,2519.75 11.964867543429136,46.593272807076573,2519.75 11.964892689138651,46.593276998028159,2519.75 11.964872991666198,46.593282865360379,2519.75 11.964881373569369,46.593285631388426,2519.75 11.964899143204093,46.593294264748693,2519.75 11.964892856776714,46.593291414901614,2520.23 11.964894952252507,46.593294097110629,2520.23 11.964897131547332,46.59330197609961,2520.23 11.964898221194744,46.593314548954368,2520.23 11.964903250336647,46.593309855088592,2520.23 11.964882630854845,46.593305831775069,2520.23 11.96486871689558,46.593294683843851,2520.23 11.964892521500587,46.593294097110629,2520.23 11.964875338599086,46.593299461528659,2520.23 11.964892437681556,46.593303736299276,2520.23 11.964893359690905,46.593323517590761,2520.23 11.964893862605095,46.59332636743784,2520.23 11.964905178174376,46.593342628329992,2520.23 11.964894700795412,46.593336090445518,2520.71 11.964877853170037,46.593322595581412,2520.71 11.964888665825129,46.593303233385086,2520.71 11.964899813756347,46.593302311375737,2520.71 11.964885648339987,46.5932990424335,2520.71 11.964884977787733,46.593291498720646,2520.71 11.964866705238819,46.593287643045187,2520.71 11.964856563135982,46.593284625560045,2520.23 11.964850695803761,46.593277836218476,2520.23 11.964859748259187,46.593284038826823,2520.23 11.964833429083228,46.593280434608459,2520.23 11.964816832914948,46.593280099332333,2520.23 11.964827561751008,46.593300383538008,2520.23 11.964863771572709,46.5932990424335,2520.71 11.964873410761356,46.593300299718976,2520.71 11.96485161781311,46.593309603631496,2520.71 11.964838122949004,46.59332100301981,2520.71 11.964817252010107,46.59330440685153,2520.71 11.964823789894581,46.593305999413133,2521.1900000000001 11.964853629469872,46.593298623338342,2521.6799999999998 11.964848851785064,46.593295689672232,2521.6799999999998 11.964844996109605,46.593295354396105,2521.1900000000001 11.964859999716282,46.593307591974735,2521.1900000000001 11.96486041881144,46.5932990424335,2521.1900000000001 11.9648452475667,46.593294683843851,2521.1900000000001 11.964838290587068,46.593290073797107,2521.1900000000001 11.964844577014446,46.593296360224485,2521.1900000000001 11.964867124333978,46.593269454315305,2521.1900000000001 11.964880116283894,46.593279931694269,2521.6799999999998 11.964881122112274,46.593283787369728,2521.6799999999998 11.964886737987399,46.593289570882916,2521.6799999999998 11.964883049950004,46.593284960836172,2521.6799999999998 11.964891850948334,46.593302646651864,2521.6799999999998 11.964875087141991,46.593315973877907,2521.6799999999998 11.964839631691575,46.593352016061544,2522.1599999999999 11.964876931160688,46.593307675793767,2522.1599999999999 11.964889420196414,46.59331220202148,2522.1599999999999 11.96488824672997,46.59330977126956,2522.1599999999999 11.964876092970371,46.593315806239843,2522.1599999999999 11.964863771572709,46.593307927250862,2521.1900000000001 11.964869638904929,46.593318404629827,2521.1900000000001 11.964856730774045,46.593320248648524,2521.6799999999998 11.964853461831808,46.593319494277239,2521.6799999999998 11.964853461831808,46.593317147344351,2521.6799999999998 11.964855389669538,46.593318236991763,2521.6799999999998 11.964871818199754,46.593338018283248,2521.6799999999998 11.964873829856515,46.593330390751362,2521.6799999999998 11.964878523722291,46.593335755169392,2521.6799999999998 11.964867291972041,46.593343382701278,2521.6799999999998 11.96484575048089,46.593348830938339,2521.6799999999998 11.96485161781311,46.593322511762381,2522.1599999999999 11.964864609763026,46.593313626945019,2522.1599999999999 11.964848097413778,46.593342544510961,2522.1599999999999 11.964861257001758,46.593337263911963,2522.1599999999999 11.964865364134312,46.593320835381746,2522.1599999999999 11.96485404856503,46.593329468742013,2522.1599999999999 11.964884474873543,46.593317482620478,2522.1599999999999 11.964884307235479,46.593312956392765,2522.1599999999999 11.964893527328968,46.593304490670562,2522.1599999999999 11.964886905625463,46.593303820118308,2522.1599999999999 11.964895371347666,46.593297617509961,2522.1599999999999 11.96488874964416,46.59329074434936,2522.6399999999999 11.964887659996748,46.5932956058532,2522.6399999999999 11.964876260608435,46.593294432386756,2522.6399999999999 11.964875673875213,46.593294683843851,2522.6399999999999 11.964865196496248,46.593297282233834,2522.6399999999999 11.964845079928637,46.593315219506621,2522.6399999999999 11.964855138212442,46.593313375487924,2522.6399999999999 11.964843068271875,46.593317482620478,2522.6399999999999 11.964832339435816,46.593327205628157,2522.6399999999999 11.964823538437486,46.593326199799776,2522.6399999999999 11.964841056615114,46.593330390751362,2522.6399999999999 11.964870141819119,46.593308849260211,2522.6399999999999 11.964860670268536,46.593308262526989,2522.6399999999999 11.964838458225131,46.593339862301946,2522.6399999999999 11.964843822643161,46.593309938907623,2522.6399999999999 11.964875422418118,46.593304742127657,2522.6399999999999 11.964868968352675,46.593302227556705,2520.71 11.964869135990739,46.593302730470896,2523.5999999999999 11.964869974181056,46.593303233385086,2523.5999999999999 11.964857568964362,46.59330926835537,2523.1199999999999 11.964861927554011,46.593309435993433,2522.6399999999999 </coordinates></LineString></MultiGeometry></Placemark></Folder></Folder></Document></kml>