<?xml version="1.0" encoding="utf-8"?><kml xmlns="http://www.opengis.net/kml/2.2" xmlns:xsi="http://www.w3.org/2001/XMLSchema-instance" xmlns:kmlx="http://www.google.com/kml/ext/2.2" xmlns:atom="http://www.w3.org/2005/Atom" xmlns:gpxx="http://www.garmin.com/xmlschemas/GpxExtensions/v3"><Document><Style id="point"><IconStyle><scale>0.9</scale><Icon><href>http://maps.google.com/mapfiles/kml/shapes/placemark_circle.png</href></Icon></IconStyle></Style><Folder><name>Tracce</name><Folder><name>Valle Argentera</name><Folder><name>Punti</name><Style><ListStyle><listItemType>checkHideChildren</listItemType></ListStyle></Style><Placemark><TimeSpan><begin>2024-10-13T08:25:42Z</begin><end>2024-10-13T08:25:42Z</end></TimeSpan><Style><IconStyle><scale>0.9</scale><Icon><href>http://connect.garmin.com/image/main/icons/kml/grn-play.png</href></Icon></IconStyle></Style><Point><altitudeMode>clampToGround</altitudeMode><coordinates>6.880607502534986,44.922094149515033,1593.52</coordinates></Point></Placemark><Placemark><TimeSpan><begin>2024-10-13T08:25:42Z</begin><end>2024-10-13T08:25:51Z</end></TimeSpan><styleUrl>#point</styleUrl><Point><altitudeMode>clampToGround</altitudeMode><coordinates>6.880649495869875,44.922100771218538,1594.96</coordinates></Point></Placemark><Placemark><TimeSpan><begin>2024-10-13T08:25:51Z</begin><end>2024-10-13T08:25:52Z</end></TimeSpan><styleUrl>#point</styleUrl><Point><altitudeMode>clampToGround</altitudeMode><coordinates>6.880655027925968,44.922098843380809,1595.45</coordinates></Point></Placemark><Placemark><TimeSpan><begin>2024-10-13T08:25:52Z</begin><end>2024-10-13T08:26:01Z</end></TimeSpan><styleUrl>#point</styleUrl><Point><altitudeMode>clampToGround</altitudeMode><coordinates>6.88073867931962,44.922065818682313,1596.8900000000001</coordinates></Point></Placemark><Placemark><TimeSpan><begin>2024-10-13T08:26:01Z</begin><end>2024-10-13T08:26:06Z</end></TimeSpan><styleUrl>#point</styleUrl><Point><altitudeMode>clampToGround</altitudeMode><coordinates>6.880789641290903,44.922060705721378,1597.8499999999999</coordinates></Point></Placemark><Placemark><TimeSpan><begin>2024-10-13T08:26:06Z</begin><end>2024-10-13T08:26:18Z</end></TimeSpan><styleUrl>#point</styleUrl><Point><altitudeMode>clampToGround</altitudeMode><coordinates>6.88090673647821,44.922062885016203,1597.8499999999999</coordinates></Point></Placemark><Placemark><TimeSpan><begin>2024-10-13T08:26:18Z</begin><end>2024-10-13T08:26:30Z</end></TimeSpan><styleUrl>#point</styleUrl><Point><altitudeMode>clampToGround</altitudeMode><coordinates>6.880977982655168,44.922064142301679,1598.3299999999999</coordinates></Point></Placemark><Placemark><TimeSpan><begin>2024-10-13T08:26:30Z</begin><end>2024-10-13T08:26:40Z</end></TimeSpan><styleUrl>#point</styleUrl><Point><altitudeMode>clampToGround</altitudeMode><coordinates>6.881114775314927,44.922021981328726,1599.77</coordinates></Point></Placemark><Placemark><TimeSpan><begin>2024-10-13T08:26:40Z</begin><end>2024-10-13T08:26:49Z</end></TimeSpan><styleUrl>#point</styleUrl><Point><altitudeMode>clampToGround</altitudeMode><coordinates>6.881145536899567,44.922029105946422,1600.25</coordinates></Point></Placemark><Placemark><TimeSpan><begin>2024-10-13T08:26:49Z</begin><end>2024-10-13T08:27:00Z</end></TimeSpan><styleUrl>#point</styleUrl><Point><altitudeMode>clampToGround</altitudeMode><coordinates>6.881221393123269,44.921987531706691,1601.21</coordinates></Point></Placemark><Placemark><TimeSpan><begin>2024-10-13T08:27:00Z</begin><end>2024-10-13T08:27:21Z</end></TimeSpan><styleUrl>#point</styleUrl><Point><altitudeMode>clampToGround</altitudeMode><coordinates>6.881416942924261,44.921815786510706,1604.5799999999999</coordinates></Point></Placemark><Placemark><TimeSpan><begin>2024-10-13T08:27:21Z</begin><end>2024-10-13T08:27:24Z</end></TimeSpan><styleUrl>#point</styleUrl><Point><altitudeMode>clampToGround</altitudeMode><coordinates>6.881424570456147,44.921814864501357,1608.9000000000001</coordinates></Point></Placemark><Placemark><TimeSpan><begin>2024-10-13T08:27:24Z</begin><end>2024-10-13T08:27:26Z</end></TimeSpan><styleUrl>#point</styleUrl><Point><altitudeMode>clampToGround</altitudeMode><coordinates>6.881454326212406,44.92181159555912,1612.75</coordinates></Point></Placemark><Placemark><TimeSpan><begin>2024-10-13T08:27:26Z</begin><end>2024-10-13T08:27:28Z</end></TimeSpan><styleUrl>#point</styleUrl><Point><altitudeMode>clampToGround</altitudeMode><coordinates>6.881481567397714,44.921813607215881,1614.1900000000001</coordinates></Point></Placemark><Placemark><TimeSpan><begin>2024-10-13T08:27:28Z</begin><end>2024-10-13T08:27:30Z</end></TimeSpan><styleUrl>#point</styleUrl><Point><altitudeMode>clampToGround</altitudeMode><coordinates>6.881510820239782,44.921813774853945,1618.04</coordinates></Point></Placemark><Placemark><TimeSpan><begin>2024-10-13T08:27:30Z</begin><end>2024-10-13T08:27:32Z</end></TimeSpan><styleUrl>#point</styleUrl><Point><altitudeMode>clampToGround</altitudeMode><coordinates>6.881535295397043,44.921805812045932,1620.9200000000001</coordinates></Point></Placemark><Placemark><TimeSpan><begin>2024-10-13T08:27:32Z</begin><end>2024-10-13T08:27:35Z</end></TimeSpan><styleUrl>#point</styleUrl><Point><altitudeMode>clampToGround</altitudeMode><coordinates>6.881589023396373,44.921808829531074,1624.77</coordinates></Point></Placemark><Placemark><TimeSpan><begin>2024-10-13T08:27:35Z</begin><end>2024-10-13T08:27:38Z</end></TimeSpan><styleUrl>#point</styleUrl><Point><altitudeMode>clampToGround</altitudeMode><coordinates>6.881642416119576,44.921799106523395,1628.6099999999999</coordinates></Point></Placemark><Placemark><TimeSpan><begin>2024-10-13T08:27:38Z</begin><end>2024-10-13T08:27:41Z</end></TimeSpan><styleUrl>#point</styleUrl><Point><altitudeMode>clampToGround</altitudeMode><coordinates>6.881693378090859,44.921787204220891,1631.98</coordinates></Point></Placemark><Placemark><TimeSpan><begin>2024-10-13T08:27:41Z</begin><end>2024-10-13T08:27:45Z</end></TimeSpan><styleUrl>#point</styleUrl><Point><altitudeMode>clampToGround</altitudeMode><coordinates>6.881767306476831,44.921781504526734,1637.26</coordinates></Point></Placemark><Placemark><TimeSpan><begin>2024-10-13T08:27:45Z</begin><end>2024-10-13T08:27:46Z</end></TimeSpan><styleUrl>#point</styleUrl><Point><altitudeMode>clampToGround</altitudeMode><coordinates>6.881786920130253,44.921782091259956,1638.22</coordinates></Point></Placemark><Placemark><TimeSpan><begin>2024-10-13T08:27:46Z</begin><end>2024-10-13T08:27:49Z</end></TimeSpan><styleUrl>#point</styleUrl><Point><altitudeMode>clampToGround</altitudeMode><coordinates>6.881841821596026,44.921778570860624,1641.1099999999999</coordinates></Point></Placemark><Placemark><TimeSpan><begin>2024-10-13T08:27:49Z</begin><end>2024-10-13T08:27:54Z</end></TimeSpan><styleUrl>#point</styleUrl><Point><altitudeMode>clampToGround</altitudeMode><coordinates>6.881926394999027,44.921781420707703,1645.4300000000001</coordinates></Point></Placemark><Placemark><TimeSpan><begin>2024-10-13T08:27:54Z</begin><end>2024-10-13T08:27:57Z</end></TimeSpan><styleUrl>#point</styleUrl><Point><altitudeMode>clampToGround</altitudeMode><coordinates>6.881960928440094,44.921778151765466,1647.8399999999999</coordinates></Point></Placemark><Placemark><TimeSpan><begin>2024-10-13T08:27:57Z</begin><end>2024-10-13T08:28:03Z</end></TimeSpan><styleUrl>#point</styleUrl><Point><altitudeMode>clampToGround</altitudeMode><coordinates>6.882064109668136,44.921753676608205,1652.1600000000001</coordinates></Point></Placemark><Placemark><TimeSpan><begin>2024-10-13T08:28:03Z</begin><end>2024-10-13T08:28:09Z</end></TimeSpan><styleUrl>#point</styleUrl><Point><altitudeMode>clampToGround</altitudeMode><coordinates>6.882157232612371,44.921713275834918,1655.53</coordinates></Point></Placemark><Placemark><TimeSpan><begin>2024-10-13T08:28:09Z</begin><end>2024-10-13T08:28:11Z</end></TimeSpan><styleUrl>#point</styleUrl><Point><altitudeMode>clampToGround</altitudeMode><coordinates>6.882184306159616,44.921698356047273,1656.49</coordinates></Point></Placemark><Placemark><TimeSpan><begin>2024-10-13T08:28:11Z</begin><end>2024-10-13T08:28:22Z</end></TimeSpan><styleUrl>#point</styleUrl><Point><altitudeMode>clampToGround</altitudeMode><coordinates>6.882307687774301,44.921601209789515,1658.8900000000001</coordinates></Point></Placemark><Placemark><TimeSpan><begin>2024-10-13T08:28:22Z</begin><end>2024-10-13T08:28:30Z</end></TimeSpan><styleUrl>#point</styleUrl><Point><altitudeMode>clampToGround</altitudeMode><coordinates>6.882380191236734,44.921549577265978,1658.8900000000001</coordinates></Point></Placemark><Placemark><TimeSpan><begin>2024-10-13T08:28:30Z</begin><end>2024-10-13T08:28:39Z</end></TimeSpan><styleUrl>#point</styleUrl><Point><altitudeMode>clampToGround</altitudeMode><coordinates>6.882448336109519,44.921487551182508,1659.8499999999999</coordinates></Point></Placemark><Placemark><TimeSpan><begin>2024-10-13T08:28:39Z</begin><end>2024-10-13T08:28:43Z</end></TimeSpan><styleUrl>#point</styleUrl><Point><altitudeMode>clampToGround</altitudeMode><coordinates>6.882500387728214,44.921444216743112,1660.3299999999999</coordinates></Point></Placemark><Placemark><TimeSpan><begin>2024-10-13T08:28:43Z</begin><end>2024-10-13T08:28:57Z</end></TimeSpan><styleUrl>#point</styleUrl><Point><altitudeMode>clampToGround</altitudeMode><coordinates>6.882703313603997,44.921342460438609,1660.3299999999999</coordinates></Point></Placemark><Placemark><TimeSpan><begin>2024-10-13T08:28:57Z</begin><end>2024-10-13T08:29:07Z</end></TimeSpan><styleUrl>#point</styleUrl><Point><altitudeMode>clampToGround</altitudeMode><coordinates>6.882826024666429,44.92130977101624,1661.78</coordinates></Point></Placemark><Placemark><TimeSpan><begin>2024-10-13T08:29:07Z</begin><end>2024-10-13T08:29:16Z</end></TimeSpan><styleUrl>#point</styleUrl><Point><altitudeMode>clampToGround</altitudeMode><coordinates>6.882896181195974,44.921288816258311,1660.3299999999999</coordinates></Point></Placemark><Placemark><TimeSpan><begin>2024-10-13T08:29:16Z</begin><end>2024-10-13T08:29:26Z</end></TimeSpan><styleUrl>#point</styleUrl><Point><altitudeMode>clampToGround</altitudeMode><coordinates>6.882933648303151,44.921262077987194,1660.3299999999999</coordinates></Point></Placemark><Placemark><TimeSpan><begin>2024-10-13T08:29:26Z</begin><end>2024-10-13T08:29:46Z</end></TimeSpan><styleUrl>#point</styleUrl><Point><altitudeMode>clampToGround</altitudeMode><coordinates>6.882934235036373,44.921249086037278,1660.3299999999999</coordinates></Point></Placemark><Placemark><TimeSpan><begin>2024-10-13T08:29:46Z</begin><end>2024-10-13T08:29:57Z</end></TimeSpan><styleUrl>#point</styleUrl><Point><altitudeMode>clampToGround</altitudeMode><coordinates>6.882938761264086,44.921222012490034,1661.78</coordinates></Point></Placemark><Placemark><TimeSpan><begin>2024-10-13T08:29:57Z</begin><end>2024-10-13T08:30:11Z</end></TimeSpan><styleUrl>#point</styleUrl><Point><altitudeMode>clampToGround</altitudeMode><coordinates>6.88297170214355,44.921212205663323,1661.78</coordinates></Point></Placemark><Placemark><TimeSpan><begin>2024-10-13T08:30:11Z</begin><end>2024-10-13T08:30:22Z</end></TimeSpan><styleUrl>#point</styleUrl><Point><altitudeMode>clampToGround</altitudeMode><coordinates>6.883108410984278,44.921165518462658,1663.22</coordinates></Point></Placemark><Placemark><TimeSpan><begin>2024-10-13T08:30:22Z</begin><end>2024-10-13T08:30:33Z</end></TimeSpan><styleUrl>#point</styleUrl><Point><altitudeMode>clampToGround</altitudeMode><coordinates>6.883228858932853,44.921065187081695,1663.22</coordinates></Point></Placemark><Placemark><TimeSpan><begin>2024-10-13T08:30:33Z</begin><end>2024-10-13T08:30:45Z</end></TimeSpan><styleUrl>#point</styleUrl><Point><altitudeMode>clampToGround</altitudeMode><coordinates>6.883400939404964,44.920966448262334,1664.6600000000001</coordinates></Point></Placemark><Placemark><TimeSpan><begin>2024-10-13T08:30:45Z</begin><end>2024-10-13T08:30:58Z</end></TimeSpan><styleUrl>#point</styleUrl><Point><altitudeMode>clampToGround</altitudeMode><coordinates>6.883578468114138,44.920876426622272,1666.5799999999999</coordinates></Point></Placemark><Placemark><TimeSpan><begin>2024-10-13T08:30:58Z</begin><end>2024-10-13T08:31:10Z</end></TimeSpan><styleUrl>#point</styleUrl><Point><altitudeMode>clampToGround</altitudeMode><coordinates>6.883751805871725,44.920815238729119,1666.5799999999999</coordinates></Point></Placemark><Placemark><TimeSpan><begin>2024-10-13T08:31:10Z</begin><end>2024-10-13T08:31:21Z</end></TimeSpan><styleUrl>#point</styleUrl><Point><altitudeMode>clampToGround</altitudeMode><coordinates>6.883774101734161,44.920769138261676,1667.0599999999999</coordinates></Point></Placemark><Placemark><TimeSpan><begin>2024-10-13T08:31:21Z</begin><end>2024-10-13T08:31:33Z</end></TimeSpan><styleUrl>#point</styleUrl><Point><altitudeMode>clampToGround</altitudeMode><coordinates>6.883761696517468,44.920763606205583,1667.54</coordinates></Point></Placemark><Placemark><TimeSpan><begin>2024-10-13T08:31:33Z</begin><end>2024-10-13T08:31:45Z</end></TimeSpan><styleUrl>#point</styleUrl><Point><altitudeMode>clampToGround</altitudeMode><coordinates>6.883866973221302,44.920777855440974,1667.54</coordinates></Point></Placemark><Placemark><TimeSpan><begin>2024-10-13T08:31:45Z</begin><end>2024-10-13T08:31:56Z</end></TimeSpan><styleUrl>#point</styleUrl><Point><altitudeMode>clampToGround</altitudeMode><coordinates>6.883916007354856,44.920738795772195,1668.02</coordinates></Point></Placemark><Placemark><TimeSpan><begin>2024-10-13T08:31:56Z</begin><end>2024-10-13T08:32:12Z</end></TimeSpan><styleUrl>#point</styleUrl><Point><altitudeMode>clampToGround</altitudeMode><coordinates>6.883975686505437,44.920748015865684,1668.02</coordinates></Point></Placemark><Placemark><TimeSpan><begin>2024-10-13T08:32:12Z</begin><end>2024-10-13T08:32:21Z</end></TimeSpan><styleUrl>#point</styleUrl><Point><altitudeMode>clampToGround</altitudeMode><coordinates>6.884121028706431,44.920761175453663,1668.99</coordinates></Point></Placemark><Placemark><TimeSpan><begin>2024-10-13T08:32:21Z</begin><end>2024-10-13T08:32:27Z</end></TimeSpan><styleUrl>#point</styleUrl><Point><altitudeMode>clampToGround</altitudeMode><coordinates>6.884241979569197,44.920722115784883,1669.95</coordinates></Point></Placemark><Placemark><TimeSpan><begin>2024-10-13T08:32:27Z</begin><end>2024-10-13T08:32:37Z</end></TimeSpan><styleUrl>#point</styleUrl><Point><altitudeMode>clampToGround</altitudeMode><coordinates>6.884434092789888,44.920728653669357,1670.9100000000001</coordinates></Point></Placemark><Placemark><TimeSpan><begin>2024-10-13T08:32:37Z</begin><end>2024-10-13T08:32:47Z</end></TimeSpan><styleUrl>#point</styleUrl><Point><altitudeMode>clampToGround</altitudeMode><coordinates>6.884570466354489,44.920851616188884,1671.8699999999999</coordinates></Point></Placemark><Placemark><TimeSpan><begin>2024-10-13T08:32:47Z</begin><end>2024-10-13T08:32:53Z</end></TimeSpan><styleUrl>#point</styleUrl><Point><altitudeMode>clampToGround</altitudeMode><coordinates>6.884634084999561,44.92093694396317,1671.8699999999999</coordinates></Point></Placemark><Placemark><TimeSpan><begin>2024-10-13T08:32:53Z</begin><end>2024-10-13T08:32:55Z</end></TimeSpan><styleUrl>#point</styleUrl><Point><altitudeMode>clampToGround</altitudeMode><coordinates>6.884656799957156,44.920945409685373,1671.8699999999999</coordinates></Point></Placemark><Placemark><TimeSpan><begin>2024-10-13T08:32:55Z</begin><end>2024-10-13T08:33:04Z</end></TimeSpan><styleUrl>#point</styleUrl><Point><altitudeMode>clampToGround</altitudeMode><coordinates>6.884743804112077,44.921008944511414,1672.3499999999999</coordinates></Point></Placemark><Placemark><TimeSpan><begin>2024-10-13T08:33:04Z</begin><end>2024-10-13T08:33:08Z</end></TimeSpan><styleUrl>#point</styleUrl><Point><altitudeMode>clampToGround</altitudeMode><coordinates>6.884794011712074,44.921024870127439,1672.8299999999999</coordinates></Point></Placemark><Placemark><TimeSpan><begin>2024-10-13T08:33:08Z</begin><end>2024-10-13T08:33:20Z</end></TimeSpan><styleUrl>#point</styleUrl><Point><altitudeMode>clampToGround</altitudeMode><coordinates>6.884931055828929,44.920961922034621,1673.3099999999999</coordinates></Point></Placemark><Placemark><TimeSpan><begin>2024-10-13T08:33:20Z</begin><end>2024-10-13T08:33:33Z</end></TimeSpan><styleUrl>#point</styleUrl><Point><altitudeMode>clampToGround</altitudeMode><coordinates>6.885082181543112,44.920953707769513,1672.8299999999999</coordinates></Point></Placemark><Placemark><TimeSpan><begin>2024-10-13T08:33:33Z</begin><end>2024-10-13T08:33:48Z</end></TimeSpan><styleUrl>#point</styleUrl><Point><altitudeMode>clampToGround</altitudeMode><coordinates>6.885144291445613,44.920926801860332,1673.3099999999999</coordinates></Point></Placemark><Placemark><TimeSpan><begin>2024-10-13T08:33:48Z</begin><end>2024-10-13T08:34:02Z</end></TimeSpan><styleUrl>#point</styleUrl><Point><altitudeMode>clampToGround</altitudeMode><coordinates>6.88523598946631,44.920910373330116,1673.3099999999999</coordinates></Point></Placemark><Placemark><TimeSpan><begin>2024-10-13T08:34:02Z</begin><end>2024-10-13T08:34:13Z</end></TimeSpan><styleUrl>#point</styleUrl><Point><altitudeMode>clampToGround</altitudeMode><coordinates>6.885340260341764,44.920979524031281,1674.75</coordinates></Point></Placemark><Placemark><TimeSpan><begin>2024-10-13T08:34:13Z</begin><end>2024-10-13T08:34:18Z</end></TimeSpan><styleUrl>#point</styleUrl><Point><altitudeMode>clampToGround</altitudeMode><coordinates>6.885396586731076,44.921006849035621,1675.23</coordinates></Point></Placemark><Placemark><TimeSpan><begin>2024-10-13T08:34:18Z</begin><end>2024-10-13T08:34:20Z</end></TimeSpan><styleUrl>#point</styleUrl><Point><altitudeMode>clampToGround</altitudeMode><coordinates>6.885432209819555,44.921022607013583,1675.72</coordinates></Point></Placemark><Placemark><TimeSpan><begin>2024-10-13T08:34:20Z</begin><end>2024-10-13T08:34:30Z</end></TimeSpan><styleUrl>#point</styleUrl><Point><altitudeMode>clampToGround</altitudeMode><coordinates>6.885543772950769,44.921114640310407,1676.6800000000001</coordinates></Point></Placemark><Placemark><TimeSpan><begin>2024-10-13T08:34:30Z</begin><end>2024-10-13T08:34:41Z</end></TimeSpan><styleUrl>#point</styleUrl><Point><altitudeMode>clampToGround</altitudeMode><coordinates>6.885713757947087,44.921205332502723,1678.1199999999999</coordinates></Point></Placemark><Placemark><TimeSpan><begin>2024-10-13T08:34:41Z</begin><end>2024-10-13T08:34:52Z</end></TimeSpan><styleUrl>#point</styleUrl><Point><altitudeMode>clampToGround</altitudeMode><coordinates>6.8858961481601,44.921348746865988,1678.5999999999999</coordinates></Point></Placemark><Placemark><TimeSpan><begin>2024-10-13T08:34:52Z</begin><end>2024-10-13T08:34:53Z</end></TimeSpan><styleUrl>#point</styleUrl><Point><altitudeMode>clampToGround</altitudeMode><coordinates>6.885912576690316,44.921355620026588,1674.75</coordinates></Point></Placemark><Placemark><TimeSpan><begin>2024-10-13T08:34:53Z</begin><end>2024-10-13T08:34:54Z</end></TimeSpan><styleUrl>#point</styleUrl><Point><altitudeMode>clampToGround</altitudeMode><coordinates>6.885929508134723,44.921359643340111,1681.48</coordinates></Point></Placemark><Placemark><TimeSpan><begin>2024-10-13T08:34:54Z</begin><end>2024-10-13T08:34:56Z</end></TimeSpan><styleUrl>#point</styleUrl><Point><altitudeMode>clampToGround</altitudeMode><coordinates>6.885970076546073,44.921360649168491,1680.04</coordinates></Point></Placemark><Placemark><TimeSpan><begin>2024-10-13T08:34:56Z</begin><end>2024-10-13T08:35:07Z</end></TimeSpan><styleUrl>#point</styleUrl><Point><altitudeMode>clampToGround</altitudeMode><coordinates>6.886129332706332,44.921322846785188,1679.5599999999999</coordinates></Point></Placemark><Placemark><TimeSpan><begin>2024-10-13T08:35:07Z</begin><end>2024-10-13T08:35:21Z</end></TimeSpan><styleUrl>#point</styleUrl><Point><altitudeMode>clampToGround</altitudeMode><coordinates>6.886192029342055,44.921341203153133,1679.0799999999999</coordinates></Point></Placemark><Placemark><TimeSpan><begin>2024-10-13T08:35:21Z</begin><end>2024-10-13T08:35:24Z</end></TimeSpan><styleUrl>#point</styleUrl><Point><altitudeMode>clampToGround</altitudeMode><coordinates>6.886231089010835,44.921355368569493,1679.0799999999999</coordinates></Point></Placemark><Placemark><TimeSpan><begin>2024-10-13T08:35:24Z</begin><end>2024-10-13T08:35:30Z</end></TimeSpan><styleUrl>#point</styleUrl><Point><altitudeMode>clampToGround</altitudeMode><coordinates>6.886319015175104,44.921373557299376,1681</coordinates></Point></Placemark><Placemark><TimeSpan><begin>2024-10-13T08:35:30Z</begin><end>2024-10-13T08:35:41Z</end></TimeSpan><styleUrl>#point</styleUrl><Point><altitudeMode>clampToGround</altitudeMode><coordinates>6.886480199173093,44.921385962516069,1682.9300000000001</coordinates></Point></Placemark><Placemark><TimeSpan><begin>2024-10-13T08:35:41Z</begin><end>2024-10-13T08:35:54Z</end></TimeSpan><styleUrl>#point</styleUrl><Point><altitudeMode>clampToGround</altitudeMode><coordinates>6.886662673205137,44.921409264206886,1684.8499999999999</coordinates></Point></Placemark><Placemark><TimeSpan><begin>2024-10-13T08:35:54Z</begin><end>2024-10-13T08:36:03Z</end></TimeSpan><styleUrl>#point</styleUrl><Point><altitudeMode>clampToGround</altitudeMode><coordinates>6.88678982667625,44.92138160392642,1686.77</coordinates></Point></Placemark><Placemark><TimeSpan><begin>2024-10-13T08:36:03Z</begin><end>2024-10-13T08:36:15Z</end></TimeSpan><styleUrl>#point</styleUrl><Point><altitudeMode>clampToGround</altitudeMode><coordinates>6.88693349249661,44.921289989724755,1688.21</coordinates></Point></Placemark><Placemark><TimeSpan><begin>2024-10-13T08:36:15Z</begin><end>2024-10-13T08:36:31Z</end></TimeSpan><styleUrl>#point</styleUrl><Point><altitudeMode>clampToGround</altitudeMode><coordinates>6.886997865512967,44.921126123517752,1689.1700000000001</coordinates></Point></Placemark><Placemark><TimeSpan><begin>2024-10-13T08:36:31Z</begin><end>2024-10-13T08:36:36Z</end></TimeSpan><styleUrl>#point</styleUrl><Point><altitudeMode>clampToGround</altitudeMode><coordinates>6.887049917131662,44.921075664460659,1689.1700000000001</coordinates></Point></Placemark><Placemark><TimeSpan><begin>2024-10-13T08:36:36Z</begin><end>2024-10-13T08:36:48Z</end></TimeSpan><styleUrl>#point</styleUrl><Point><altitudeMode>clampToGround</altitudeMode><coordinates>6.887093083932996,44.920946331694722,1689.6500000000001</coordinates></Point></Placemark><Placemark><TimeSpan><begin>2024-10-13T08:36:48Z</begin><end>2024-10-13T08:36:58Z</end></TimeSpan><styleUrl>#point</styleUrl><Point><altitudeMode>clampToGround</altitudeMode><coordinates>6.887114541605115,44.92083091288805,1690.6199999999999</coordinates></Point></Placemark><Placemark><TimeSpan><begin>2024-10-13T08:36:58Z</begin><end>2024-10-13T08:37:06Z</end></TimeSpan><styleUrl>#point</styleUrl><Point><altitudeMode>clampToGround</altitudeMode><coordinates>6.887181093916297,44.920764192938805,1691.0999999999999</coordinates></Point></Placemark><Placemark><TimeSpan><begin>2024-10-13T08:37:06Z</begin><end>2024-10-13T08:37:27Z</end></TimeSpan><styleUrl>#point</styleUrl><Point><altitudeMode>clampToGround</altitudeMode><coordinates>6.887202551588416,44.92070535197854,1690.6199999999999</coordinates></Point></Placemark><Placemark><TimeSpan><begin>2024-10-13T08:37:27Z</begin><end>2024-10-13T08:37:41Z</end></TimeSpan><styleUrl>#point</styleUrl><Point><altitudeMode>clampToGround</altitudeMode><coordinates>6.887115547433496,44.920567218214273,1692.0599999999999</coordinates></Point></Placemark><Placemark><TimeSpan><begin>2024-10-13T08:37:41Z</begin><end>2024-10-13T08:37:49Z</end></TimeSpan><styleUrl>#point</styleUrl><Point><altitudeMode>clampToGround</altitudeMode><coordinates>6.887192158028483,44.92053042165935,1692.54</coordinates></Point></Placemark><Placemark><TimeSpan><begin>2024-10-13T08:37:49Z</begin><end>2024-10-13T08:38:06Z</end></TimeSpan><styleUrl>#point</styleUrl><Point><altitudeMode>clampToGround</altitudeMode><coordinates>6.887243622913957,44.920466803014278,1693.02</coordinates></Point></Placemark><Placemark><TimeSpan><begin>2024-10-13T08:38:06Z</begin><end>2024-10-13T08:38:19Z</end></TimeSpan><styleUrl>#point</styleUrl><Point><altitudeMode>clampToGround</altitudeMode><coordinates>6.887272959575057,44.920295057818294,1693.98</coordinates></Point></Placemark><Placemark><TimeSpan><begin>2024-10-13T08:38:19Z</begin><end>2024-10-13T08:38:33Z</end></TimeSpan><styleUrl>#point</styleUrl><Point><altitudeMode>clampToGround</altitudeMode><coordinates>6.887344876304269,44.920125743374228,1695.4200000000001</coordinates></Point></Placemark><Placemark><TimeSpan><begin>2024-10-13T08:38:33Z</begin><end>2024-10-13T08:38:45Z</end></TimeSpan><styleUrl>#point</styleUrl><Point><altitudeMode>clampToGround</altitudeMode><coordinates>6.887385947629809,44.920007809996605,1696.3800000000001</coordinates></Point></Placemark><Placemark><TimeSpan><begin>2024-10-13T08:38:45Z</begin><end>2024-10-13T08:38:59Z</end></TimeSpan><styleUrl>#point</styleUrl><Point><altitudeMode>clampToGround</altitudeMode><coordinates>6.887508407235146,44.919832879677415,1698.79</coordinates></Point></Placemark><Placemark><TimeSpan><begin>2024-10-13T08:38:59Z</begin><end>2024-10-13T08:39:13Z</end></TimeSpan><styleUrl>#point</styleUrl><Point><altitudeMode>clampToGround</altitudeMode><coordinates>6.887598345056176,44.919647304341197,1700.71</coordinates></Point></Placemark><Placemark><TimeSpan><begin>2024-10-13T08:39:13Z</begin><end>2024-10-13T08:39:26Z</end></TimeSpan><styleUrl>#point</styleUrl><Point><altitudeMode>clampToGround</altitudeMode><coordinates>6.887667663395405,44.919471619650722,1701.6700000000001</coordinates></Point></Placemark><Placemark><TimeSpan><begin>2024-10-13T08:39:26Z</begin><end>2024-10-13T08:39:40Z</end></TimeSpan><styleUrl>#point</styleUrl><Point><altitudeMode>clampToGround</altitudeMode><coordinates>6.887691216543317,44.919296773150563,1702.6300000000001</coordinates></Point></Placemark><Placemark><TimeSpan><begin>2024-10-13T08:39:40Z</begin><end>2024-10-13T08:39:54Z</end></TimeSpan><styleUrl>#point</styleUrl><Point><altitudeMode>clampToGround</altitudeMode><coordinates>6.887762881815434,44.919091081246734,1703.5899999999999</coordinates></Point></Placemark><Placemark><TimeSpan><begin>2024-10-13T08:39:54Z</begin><end>2024-10-13T08:40:06Z</end></TimeSpan><styleUrl>#point</styleUrl><Point><altitudeMode>clampToGround</altitudeMode><coordinates>6.887826165184379,44.918956384062767,1704.55</coordinates></Point></Placemark><Placemark><TimeSpan><begin>2024-10-13T08:40:06Z</begin><end>2024-10-13T08:40:18Z</end></TimeSpan><styleUrl>#point</styleUrl><Point><altitudeMode>clampToGround</altitudeMode><coordinates>6.887895232066512,44.918829314410686,1706</coordinates></Point></Placemark><Placemark><TimeSpan><begin>2024-10-13T08:40:18Z</begin><end>2024-10-13T08:40:25Z</end></TimeSpan><styleUrl>#point</styleUrl><Point><altitudeMode>clampToGround</altitudeMode><coordinates>6.887946361675859,44.918770389631391,1707.4400000000001</coordinates></Point></Placemark><Placemark><TimeSpan><begin>2024-10-13T08:40:25Z</begin><end>2024-10-13T08:40:37Z</end></TimeSpan><styleUrl>#point</styleUrl><Point><altitudeMode>clampToGround</altitudeMode><coordinates>6.888040406629443,44.918670309707522,1708.8800000000001</coordinates></Point></Placemark><Placemark><TimeSpan><begin>2024-10-13T08:40:37Z</begin><end>2024-10-13T08:40:47Z</end></TimeSpan><styleUrl>#point</styleUrl><Point><altitudeMode>clampToGround</altitudeMode><coordinates>6.888127578422427,44.918553214520216,1709.8399999999999</coordinates></Point></Placemark><Placemark><TimeSpan><begin>2024-10-13T08:40:47Z</begin><end>2024-10-13T08:40:52Z</end></TimeSpan><styleUrl>#point</styleUrl><Point><altitudeMode>clampToGround</altitudeMode><coordinates>6.888164710253477,44.918519267812371,1710.3199999999999</coordinates></Point></Placemark><Placemark><TimeSpan><begin>2024-10-13T08:40:52Z</begin><end>2024-10-13T08:41:03Z</end></TimeSpan><styleUrl>#point</styleUrl><Point><altitudeMode>clampToGround</altitudeMode><coordinates>6.888247271999717,44.918423462659121,1711.28</coordinates></Point></Placemark><Placemark><TimeSpan><begin>2024-10-13T08:41:03Z</begin><end>2024-10-13T08:41:12Z</end></TimeSpan><styleUrl>#point</styleUrl><Point><altitudeMode>clampToGround</altitudeMode><coordinates>6.888351794332266,44.91834182292223,1712.25</coordinates></Point></Placemark><Placemark><TimeSpan><begin>2024-10-13T08:41:12Z</begin><end>2024-10-13T08:41:23Z</end></TimeSpan><styleUrl>#point</styleUrl><Point><altitudeMode>clampToGround</altitudeMode><coordinates>6.8884570710361,44.918300667777658,1713.6900000000001</coordinates></Point></Placemark><Placemark><TimeSpan><begin>2024-10-13T08:41:23Z</begin><end>2024-10-13T08:41:35Z</end></TimeSpan><styleUrl>#point</styleUrl><Point><altitudeMode>clampToGround</altitudeMode><coordinates>6.888542734086514,44.918248783797026,1714.6500000000001</coordinates></Point></Placemark><Placemark><TimeSpan><begin>2024-10-13T08:41:35Z</begin><end>2024-10-13T08:41:40Z</end></TimeSpan><styleUrl>#point</styleUrl><Point><altitudeMode>clampToGround</altitudeMode><coordinates>6.888576932251453,44.918205365538597,1715.1300000000001</coordinates></Point></Placemark><Placemark><TimeSpan><begin>2024-10-13T08:41:40Z</begin><end>2024-10-13T08:41:51Z</end></TimeSpan><styleUrl>#point</styleUrl><Point><altitudeMode>clampToGround</altitudeMode><coordinates>6.888640383258462,44.918096316978335,1715.6099999999999</coordinates></Point></Placemark><Placemark><TimeSpan><begin>2024-10-13T08:41:51Z</begin><end>2024-10-13T08:42:02Z</end></TimeSpan><styleUrl>#point</styleUrl><Point><altitudeMode>clampToGround</altitudeMode><coordinates>6.888764267787337,44.917988190427423,1717.05</coordinates></Point></Placemark><Placemark><TimeSpan><begin>2024-10-13T08:42:02Z</begin><end>2024-10-13T08:42:13Z</end></TimeSpan><styleUrl>#point</styleUrl><Point><altitudeMode>clampToGround</altitudeMode><coordinates>6.888850266113877,44.917936306446791,1718.49</coordinates></Point></Placemark><Placemark><TimeSpan><begin>2024-10-13T08:42:13Z</begin><end>2024-10-13T08:42:24Z</end></TimeSpan><styleUrl>#point</styleUrl><Point><altitudeMode>clampToGround</altitudeMode><coordinates>6.888912878930569,44.917807308956981,1719.9400000000001</coordinates></Point></Placemark><Placemark><TimeSpan><begin>2024-10-13T08:42:24Z</begin><end>2024-10-13T08:42:27Z</end></TimeSpan><styleUrl>#point</styleUrl><Point><altitudeMode>clampToGround</altitudeMode><coordinates>6.888930480927229,44.917772607877851,1720.9000000000001</coordinates></Point></Placemark><Placemark><TimeSpan><begin>2024-10-13T08:42:27Z</begin><end>2024-10-13T08:42:39Z</end></TimeSpan><styleUrl>#point</styleUrl><Point><altitudeMode>clampToGround</altitudeMode><coordinates>6.888980017974973,44.917664481326938,1721.8599999999999</coordinates></Point></Placemark><Placemark><TimeSpan><begin>2024-10-13T08:42:39Z</begin><end>2024-10-13T08:42:51Z</end></TimeSpan><styleUrl>#point</styleUrl><Point><altitudeMode>clampToGround</altitudeMode><coordinates>6.889115301892161,44.917579991742969,1721.8599999999999</coordinates></Point></Placemark><Placemark><TimeSpan><begin>2024-10-13T08:42:51Z</begin><end>2024-10-13T08:43:14Z</end></TimeSpan><styleUrl>#point</styleUrl><Point><altitudeMode>clampToGround</altitudeMode><coordinates>6.889152936637402,44.917591977864504,1722.3399999999999</coordinates></Point></Placemark><Placemark><TimeSpan><begin>2024-10-13T08:43:14Z</begin><end>2024-10-13T08:43:37Z</end></TimeSpan><styleUrl>#point</styleUrl><Point><altitudeMode>clampToGround</altitudeMode><coordinates>6.88917925581336,44.91758837364614,1721.3800000000001</coordinates></Point></Placemark><Placemark><TimeSpan><begin>2024-10-13T08:43:37Z</begin><end>2024-10-13T08:43:45Z</end></TimeSpan><styleUrl>#point</styleUrl><Point><altitudeMode>clampToGround</altitudeMode><coordinates>6.889169281348586,44.91756297647953,1722.8199999999999</coordinates></Point></Placemark><Placemark><TimeSpan><begin>2024-10-13T08:43:45Z</begin><end>2024-10-13T08:43:57Z</end></TimeSpan><styleUrl>#point</styleUrl><Point><altitudeMode>clampToGround</altitudeMode><coordinates>6.889186296612024,44.917524755001068,1723.3</coordinates></Point></Placemark><Placemark><TimeSpan><begin>2024-10-13T08:43:57Z</begin><end>2024-10-13T08:44:09Z</end></TimeSpan><styleUrl>#point</styleUrl><Point><altitudeMode>clampToGround</altitudeMode><coordinates>6.889220075681806,44.917423417791724,1724.26</coordinates></Point></Placemark><Placemark><TimeSpan><begin>2024-10-13T08:44:09Z</begin><end>2024-10-13T08:44:22Z</end></TimeSpan><styleUrl>#point</styleUrl><Point><altitudeMode>clampToGround</altitudeMode><coordinates>6.889240024611354,44.91729324683547,1725.7</coordinates></Point></Placemark><Placemark><TimeSpan><begin>2024-10-13T08:44:22Z</begin><end>2024-10-13T08:44:34Z</end></TimeSpan><styleUrl>#point</styleUrl><Point><altitudeMode>clampToGround</altitudeMode><coordinates>6.889277743175626,44.917160896584392,1727.6300000000001</coordinates></Point></Placemark><Placemark><TimeSpan><begin>2024-10-13T08:44:34Z</begin><end>2024-10-13T08:44:47Z</end></TimeSpan><styleUrl>#point</styleUrl><Point><altitudeMode>clampToGround</altitudeMode><coordinates>6.889357538893819,44.917033659294248,1729.0699999999999</coordinates></Point></Placemark><Placemark><TimeSpan><begin>2024-10-13T08:44:47Z</begin><end>2024-10-13T08:45:01Z</end></TimeSpan><styleUrl>#point</styleUrl><Point><altitudeMode>clampToGround</altitudeMode><coordinates>6.88947337679565,44.9169238563627,1730.51</coordinates></Point></Placemark><Placemark><TimeSpan><begin>2024-10-13T08:45:01Z</begin><end>2024-10-13T08:45:14Z</end></TimeSpan><styleUrl>#point</styleUrl><Point><altitudeMode>clampToGround</altitudeMode><coordinates>6.889615198597312,44.916861830279231,1731.47</coordinates></Point></Placemark><Placemark><TimeSpan><begin>2024-10-13T08:45:14Z</begin><end>2024-10-13T08:45:29Z</end></TimeSpan><styleUrl>#point</styleUrl><Point><altitudeMode>clampToGround</altitudeMode><coordinates>6.889741346240044,44.91674205288291,1733.3900000000001</coordinates></Point></Placemark><Placemark><TimeSpan><begin>2024-10-13T08:45:29Z</begin><end>2024-10-13T08:45:43Z</end></TimeSpan><styleUrl>#point</styleUrl><Point><altitudeMode>clampToGround</altitudeMode><coordinates>6.889890292659402,44.916599309071898,1734.8399999999999</coordinates></Point></Placemark><Placemark><TimeSpan><begin>2024-10-13T08:45:43Z</begin><end>2024-10-13T08:45:57Z</end></TimeSpan><styleUrl>#point</styleUrl><Point><altitudeMode>clampToGround</altitudeMode><coordinates>6.890050051733851,44.916516831144691,1736.76</coordinates></Point></Placemark><Placemark><TimeSpan><begin>2024-10-13T08:45:57Z</begin><end>2024-10-13T08:46:09Z</end></TimeSpan><styleUrl>#point</styleUrl><Point><altitudeMode>clampToGround</altitudeMode><coordinates>6.890216181054711,44.916468299925327,1738.2</coordinates></Point></Placemark><Placemark><TimeSpan><begin>2024-10-13T08:46:09Z</begin><end>2024-10-13T08:46:19Z</end></TimeSpan><styleUrl>#point</styleUrl><Point><altitudeMode>clampToGround</altitudeMode><coordinates>6.890375688672066,44.916450278833508,1739.1600000000001</coordinates></Point></Placemark><Placemark><TimeSpan><begin>2024-10-13T08:46:19Z</begin><end>2024-10-13T08:46:31Z</end></TimeSpan><styleUrl>#point</styleUrl><Point><altitudeMode>clampToGround</altitudeMode><coordinates>6.890565622597933,44.916384061798453,1740.5999999999999</coordinates></Point></Placemark><Placemark><TimeSpan><begin>2024-10-13T08:46:31Z</begin><end>2024-10-13T08:46:44Z</end></TimeSpan><styleUrl>#point</styleUrl><Point><altitudeMode>clampToGround</altitudeMode><coordinates>6.890747090801597,44.916339470073581,1742.53</coordinates></Point></Placemark><Placemark><TimeSpan><begin>2024-10-13T08:46:44Z</begin><end>2024-10-13T08:46:56Z</end></TimeSpan><styleUrl>#point</styleUrl><Point><altitudeMode>clampToGround</altitudeMode><coordinates>6.890901234000921,44.916303008794785,1744.9300000000001</coordinates></Point></Placemark><Placemark><TimeSpan><begin>2024-10-13T08:46:56Z</begin><end>2024-10-13T08:47:08Z</end></TimeSpan><styleUrl>#point</styleUrl><Point><altitudeMode>clampToGround</altitudeMode><coordinates>6.891027549281716,44.916264619678259,1746.3699999999999</coordinates></Point></Placemark><Placemark><TimeSpan><begin>2024-10-13T08:47:08Z</begin><end>2024-10-13T08:47:19Z</end></TimeSpan><styleUrl>#point</styleUrl><Point><altitudeMode>clampToGround</altitudeMode><coordinates>6.891094939783216,44.916191613301635,1747.8099999999999</coordinates></Point></Placemark><Placemark><TimeSpan><begin>2024-10-13T08:47:19Z</begin><end>2024-10-13T08:47:31Z</end></TimeSpan><styleUrl>#point</styleUrl><Point><altitudeMode>clampToGround</altitudeMode><coordinates>6.891212873160839,44.916086671873927,1749.74</coordinates></Point></Placemark><Placemark><TimeSpan><begin>2024-10-13T08:47:31Z</begin><end>2024-10-13T08:47:40Z</end></TimeSpan><styleUrl>#point</styleUrl><Point><altitudeMode>clampToGround</altitudeMode><coordinates>6.89129794947803,44.916050210595131,1750.7</coordinates></Point></Placemark><Placemark><TimeSpan><begin>2024-10-13T08:47:40Z</begin><end>2024-10-13T08:47:52Z</end></TimeSpan><styleUrl>#point</styleUrl><Point><altitudeMode>clampToGround</altitudeMode><coordinates>6.891406076028943,44.91601794026792,1752.6199999999999</coordinates></Point></Placemark><Placemark><TimeSpan><begin>2024-10-13T08:47:52Z</begin><end>2024-10-13T08:48:03Z</end></TimeSpan><styleUrl>#point</styleUrl><Point><altitudeMode>clampToGround</altitudeMode><coordinates>6.8915637396276,44.91597100161016,1754.0599999999999</coordinates></Point></Placemark><Placemark><TimeSpan><begin>2024-10-13T08:48:03Z</begin><end>2024-10-13T08:48:17Z</end></TimeSpan><styleUrl>#point</styleUrl><Point><altitudeMode>clampToGround</altitudeMode><coordinates>6.891734562814236,44.91586597636342,1756.95</coordinates></Point></Placemark><Placemark><TimeSpan><begin>2024-10-13T08:48:17Z</begin><end>2024-10-13T08:48:31Z</end></TimeSpan><styleUrl>#point</styleUrl><Point><altitudeMode>clampToGround</altitudeMode><coordinates>6.891898093745112,44.915715353563428,1758.8699999999999</coordinates></Point></Placemark><Placemark><TimeSpan><begin>2024-10-13T08:48:31Z</begin><end>2024-10-13T08:48:43Z</end></TimeSpan><styleUrl>#point</styleUrl><Point><altitudeMode>clampToGround</altitudeMode><coordinates>6.892009405419231,44.915620470419526,1761.27</coordinates></Point></Placemark><Placemark><TimeSpan><begin>2024-10-13T08:48:43Z</begin><end>2024-10-13T08:48:56Z</end></TimeSpan><styleUrl>#point</styleUrl><Point><altitudeMode>clampToGround</altitudeMode><coordinates>6.892131194472313,44.915535394102335,1763.2</coordinates></Point></Placemark><Placemark><TimeSpan><begin>2024-10-13T08:48:56Z</begin><end>2024-10-13T08:49:07Z</end></TimeSpan><styleUrl>#point</styleUrl><Point><altitudeMode>clampToGround</altitudeMode><coordinates>6.892216857522726,44.915475463494658,1765.5999999999999</coordinates></Point></Placemark><Placemark><TimeSpan><begin>2024-10-13T08:49:07Z</begin><end>2024-10-13T08:49:14Z</end></TimeSpan><styleUrl>#point</styleUrl><Point><altitudeMode>clampToGround</altitudeMode><coordinates>6.89229279756546,44.915422238409519,1767.04</coordinates></Point></Placemark><Placemark><TimeSpan><begin>2024-10-13T08:49:14Z</begin><end>2024-10-13T08:49:25Z</end></TimeSpan><styleUrl>#point</styleUrl><Point><altitudeMode>clampToGround</altitudeMode><coordinates>6.892296066507697,44.915336742997169,1768.48</coordinates></Point></Placemark><Placemark><TimeSpan><begin>2024-10-13T08:49:25Z</begin><end>2024-10-13T08:49:36Z</end></TimeSpan><styleUrl>#point</styleUrl><Point><altitudeMode>clampToGround</altitudeMode><coordinates>6.892343088984489,44.915315369144082,1768.96</coordinates></Point></Placemark><Placemark><TimeSpan><begin>2024-10-13T08:49:36Z</begin><end>2024-10-13T08:49:48Z</end></TimeSpan><styleUrl>#point</styleUrl><Point><altitudeMode>clampToGround</altitudeMode><coordinates>6.892321547493339,44.915289133787155,1768.96</coordinates></Point></Placemark><Placemark><TimeSpan><begin>2024-10-13T08:49:48Z</begin><end>2024-10-13T08:49:57Z</end></TimeSpan><styleUrl>#point</styleUrl><Point><altitudeMode>clampToGround</altitudeMode><coordinates>6.892341496422887,44.915265580639243,1769.4400000000001</coordinates></Point></Placemark><Placemark><TimeSpan><begin>2024-10-13T08:49:57Z</begin><end>2024-10-13T08:50:02Z</end></TimeSpan><styleUrl>#point</styleUrl><Point><altitudeMode>clampToGround</altitudeMode><coordinates>6.892354488372803,44.915248481556773,1769.4400000000001</coordinates></Point></Placemark><Placemark><TimeSpan><begin>2024-10-13T08:50:02Z</begin><end>2024-10-13T08:50:11Z</end></TimeSpan><styleUrl>#point</styleUrl><Point><altitudeMode>clampToGround</altitudeMode><coordinates>6.892457837238908,44.915270777419209,1769.4400000000001</coordinates></Point></Placemark><Placemark><TimeSpan><begin>2024-10-13T08:50:11Z</begin><end>2024-10-13T08:50:12Z</end></TimeSpan><styleUrl>#point</styleUrl><Point><altitudeMode>clampToGround</altitudeMode><coordinates>6.892472505569458,44.915272202342749,1769.4400000000001</coordinates></Point></Placemark><Placemark><TimeSpan><begin>2024-10-13T08:50:12Z</begin><end>2024-10-13T08:50:24Z</end></TimeSpan><styleUrl>#point</styleUrl><Point><altitudeMode>clampToGround</altitudeMode><coordinates>6.892649531364441,44.915291396901011,1769.9200000000001</coordinates></Point></Placemark><Placemark><TimeSpan><begin>2024-10-13T08:50:24Z</begin><end>2024-10-13T08:50:38Z</end></TimeSpan><styleUrl>#point</styleUrl><Point><altitudeMode>clampToGround</altitudeMode><coordinates>6.892828484997153,44.915306819602847,1770.8900000000001</coordinates></Point></Placemark><Placemark><TimeSpan><begin>2024-10-13T08:50:38Z</begin><end>2024-10-13T08:50:50Z</end></TimeSpan><styleUrl>#point</styleUrl><Point><altitudeMode>clampToGround</altitudeMode><coordinates>6.892963098362088,44.915271196514368,1772.3299999999999</coordinates></Point></Placemark><Placemark><TimeSpan><begin>2024-10-13T08:50:50Z</begin><end>2024-10-13T08:51:01Z</end></TimeSpan><styleUrl>#point</styleUrl><Point><altitudeMode>clampToGround</altitudeMode><coordinates>6.893079439178109,44.915289971977472,1773.29</coordinates></Point></Placemark><Placemark><TimeSpan><begin>2024-10-13T08:51:01Z</begin><end>2024-10-13T08:51:12Z</end></TimeSpan><styleUrl>#point</styleUrl><Point><altitudeMode>clampToGround</altitudeMode><coordinates>6.893184715881944,44.915229538455606,1774.73</coordinates></Point></Placemark><Placemark><TimeSpan><begin>2024-10-13T08:51:12Z</begin><end>2024-10-13T08:51:23Z</end></TimeSpan><styleUrl>#point</styleUrl><Point><altitudeMode>clampToGround</altitudeMode><coordinates>6.893247915431857,44.915170446038246,1776.1700000000001</coordinates></Point></Placemark><Placemark><TimeSpan><begin>2024-10-13T08:51:23Z</begin><end>2024-10-13T08:51:33Z</end></TimeSpan><styleUrl>#point</styleUrl><Point><altitudeMode>clampToGround</altitudeMode><coordinates>6.893325196579099,44.915111856535077,1777.1300000000001</coordinates></Point></Placemark><Placemark><TimeSpan><begin>2024-10-13T08:51:33Z</begin><end>2024-10-13T08:51:46Z</end></TimeSpan><styleUrl>#point</styleUrl><Point><altitudeMode>clampToGround</altitudeMode><coordinates>6.893452266231179,44.915040945634246,1778.0999999999999</coordinates></Point></Placemark><Placemark><TimeSpan><begin>2024-10-13T08:51:46Z</begin><end>2024-10-13T08:51:56Z</end></TimeSpan><styleUrl>#point</styleUrl><Point><altitudeMode>clampToGround</altitudeMode><coordinates>6.893565757200122,44.914972465485334,1779.54</coordinates></Point></Placemark><Placemark><TimeSpan><begin>2024-10-13T08:51:56Z</begin><end>2024-10-13T08:52:08Z</end></TimeSpan><styleUrl>#point</styleUrl><Point><altitudeMode>clampToGround</altitudeMode><coordinates>6.893679834902287,44.91490968503058,1780.5</coordinates></Point></Placemark><Placemark><TimeSpan><begin>2024-10-13T08:52:08Z</begin><end>2024-10-13T08:52:23Z</end></TimeSpan><styleUrl>#point</styleUrl><Point><altitudeMode>clampToGround</altitudeMode><coordinates>6.893799863755703,44.91480465978384,1781.46</coordinates></Point></Placemark><Placemark><TimeSpan><begin>2024-10-13T08:52:23Z</begin><end>2024-10-13T08:52:36Z</end></TimeSpan><styleUrl>#point</styleUrl><Point><altitudeMode>clampToGround</altitudeMode><coordinates>6.893934896215797,44.914715476334095,1782.4200000000001</coordinates></Point></Placemark><Placemark><TimeSpan><begin>2024-10-13T08:52:36Z</begin><end>2024-10-13T08:52:46Z</end></TimeSpan><styleUrl>#point</styleUrl><Point><altitudeMode>clampToGround</altitudeMode><coordinates>6.894069006666541,44.914669962599874,1782.4200000000001</coordinates></Point></Placemark><Placemark><TimeSpan><begin>2024-10-13T08:52:46Z</begin><end>2024-10-13T08:52:56Z</end></TimeSpan><styleUrl>#point</styleUrl><Point><altitudeMode>clampToGround</altitudeMode><coordinates>6.894153244793415,44.914683122187853,1782.9000000000001</coordinates></Point></Placemark><Placemark><TimeSpan><begin>2024-10-13T08:52:56Z</begin><end>2024-10-13T08:53:23Z</end></TimeSpan><styleUrl>#point</styleUrl><Point><altitudeMode>clampToGround</altitudeMode><coordinates>6.894151736050844,44.91466736420989,1782.9000000000001</coordinates></Point></Placemark><Placemark><TimeSpan><begin>2024-10-13T08:53:23Z</begin><end>2024-10-13T08:53:34Z</end></TimeSpan><styleUrl>#point</styleUrl><Point><altitudeMode>clampToGround</altitudeMode><coordinates>6.894201189279556,44.91465219296515,1783.3800000000001</coordinates></Point></Placemark><Placemark><TimeSpan><begin>2024-10-13T08:53:34Z</begin><end>2024-10-13T08:53:47Z</end></TimeSpan><styleUrl>#point</styleUrl><Point><altitudeMode>clampToGround</altitudeMode><coordinates>6.894229268655181,44.914625370875001,1783.3800000000001</coordinates></Point></Placemark><Placemark><TimeSpan><begin>2024-10-13T08:53:47Z</begin><end>2024-10-13T08:53:49Z</end></TimeSpan><styleUrl>#point</styleUrl><Point><altitudeMode>clampToGround</altitudeMode><coordinates>6.894254079088569,44.914610618725419,1783.3800000000001</coordinates></Point></Placemark><Placemark><TimeSpan><begin>2024-10-13T08:53:49Z</begin><end>2024-10-13T08:54:00Z</end></TimeSpan><styleUrl>#point</styleUrl><Point><altitudeMode>clampToGround</altitudeMode><coordinates>6.894415346905589,44.91453249938786,1783.8599999999999</coordinates></Point></Placemark><Placemark><TimeSpan><begin>2024-10-13T08:54:00Z</begin><end>2024-10-13T08:54:10Z</end></TimeSpan><styleUrl>#point</styleUrl><Point><altitudeMode>clampToGround</altitudeMode><coordinates>6.89457225613296,44.914467455819249,1783.8599999999999</coordinates></Point></Placemark><Placemark><TimeSpan><begin>2024-10-13T08:54:10Z</begin><end>2024-10-13T08:54:21Z</end></TimeSpan><styleUrl>#point</styleUrl><Point><altitudeMode>clampToGround</altitudeMode><coordinates>6.89463671296835,44.914367375895381,1785.3099999999999</coordinates></Point></Placemark><Placemark><TimeSpan><begin>2024-10-13T08:54:21Z</begin><end>2024-10-13T08:54:37Z</end></TimeSpan><styleUrl>#point</styleUrl><Point><altitudeMode>clampToGround</altitudeMode><coordinates>6.894668564200401,44.914354803040624,1785.3099999999999</coordinates></Point></Placemark><Placemark><TimeSpan><begin>2024-10-13T08:54:37Z</begin><end>2024-10-13T08:54:39Z</end></TimeSpan><styleUrl>#point</styleUrl><Point><altitudeMode>clampToGround</altitudeMode><coordinates>6.894694129005075,44.914367040619254,1785.3099999999999</coordinates></Point></Placemark><Placemark><TimeSpan><begin>2024-10-13T08:54:39Z</begin><end>2024-10-13T08:54:43Z</end></TimeSpan><styleUrl>#point</styleUrl><Point><altitudeMode>clampToGround</altitudeMode><coordinates>6.894769566133618,44.914369974285364,1785.3099999999999</coordinates></Point></Placemark><Placemark><TimeSpan><begin>2024-10-13T08:54:43Z</begin><end>2024-10-13T08:54:59Z</end></TimeSpan><styleUrl>#point</styleUrl><Point><altitudeMode>clampToGround</altitudeMode><coordinates>6.894993782043457,44.914242904633284,1785.79</coordinates></Point></Placemark><Placemark><TimeSpan><begin>2024-10-13T08:54:59Z</begin><end>2024-10-13T08:55:11Z</end></TimeSpan><styleUrl>#point</styleUrl><Point><altitudeMode>clampToGround</altitudeMode><coordinates>6.895172400400043,44.914166294038296,1785.79</coordinates></Point></Placemark><Placemark><TimeSpan><begin>2024-10-13T08:55:11Z</begin><end>2024-10-13T08:55:22Z</end></TimeSpan><styleUrl>#point</styleUrl><Point><altitudeMode>clampToGround</altitudeMode><coordinates>6.895341295748949,44.914062358438969,1786.75</coordinates></Point></Placemark><Placemark><TimeSpan><begin>2024-10-13T08:55:22Z</begin><end>2024-10-13T08:55:36Z</end></TimeSpan><styleUrl>#point</styleUrl><Point><altitudeMode>clampToGround</altitudeMode><coordinates>6.895552268251777,44.913922045379877,1786.75</coordinates></Point></Placemark><Placemark><TimeSpan><begin>2024-10-13T08:55:36Z</begin><end>2024-10-13T08:55:49Z</end></TimeSpan><styleUrl>#point</styleUrl><Point><altitudeMode>clampToGround</altitudeMode><coordinates>6.895756870508194,44.913816601037979,1785.79</coordinates></Point></Placemark><Placemark><TimeSpan><begin>2024-10-13T08:55:49Z</begin><end>2024-10-13T08:56:05Z</end></TimeSpan><styleUrl>#point</styleUrl><Point><altitudeMode>clampToGround</altitudeMode><coordinates>6.895961137488484,44.913629349321127,1785.3099999999999</coordinates></Point></Placemark><Placemark><TimeSpan><begin>2024-10-13T08:56:05Z</begin><end>2024-10-13T08:56:18Z</end></TimeSpan><styleUrl>#point</styleUrl><Point><altitudeMode>clampToGround</altitudeMode><coordinates>6.896110754460096,44.91348241455853,1785.3099999999999</coordinates></Point></Placemark><Placemark><TimeSpan><begin>2024-10-13T08:56:18Z</begin><end>2024-10-13T08:56:29Z</end></TimeSpan><styleUrl>#point</styleUrl><Point><altitudeMode>clampToGround</altitudeMode><coordinates>6.896087788045406,44.913398511707783,1785.3099999999999</coordinates></Point></Placemark><Placemark><TimeSpan><begin>2024-10-13T08:56:29Z</begin><end>2024-10-13T08:56:31Z</end></TimeSpan><styleUrl>#point</styleUrl><Point><altitudeMode>clampToGround</altitudeMode><coordinates>6.896095247939229,44.913389878347516,1785.79</coordinates></Point></Placemark><Placemark><TimeSpan><begin>2024-10-13T08:56:31Z</begin><end>2024-10-13T08:56:35Z</end></TimeSpan><styleUrl>#point</styleUrl><Point><altitudeMode>clampToGround</altitudeMode><coordinates>6.896146377548575,44.913345035165548,1785.79</coordinates></Point></Placemark><Placemark><TimeSpan><begin>2024-10-13T08:56:35Z</begin><end>2024-10-13T08:56:37Z</end></TimeSpan><styleUrl>#point</styleUrl><Point><altitudeMode>clampToGround</altitudeMode><coordinates>6.896176720038056,44.913334809243679,1785.79</coordinates></Point></Placemark><Placemark><TimeSpan><begin>2024-10-13T08:56:37Z</begin><end>2024-10-13T08:56:39Z</end></TimeSpan><styleUrl>#point</styleUrl><Point><altitudeMode>clampToGround</altitudeMode><coordinates>6.896198345348239,44.913326343521476,1785.79</coordinates></Point></Placemark><Placemark><TimeSpan><begin>2024-10-13T08:56:39Z</begin><end>2024-10-13T08:56:44Z</end></TimeSpan><styleUrl>#point</styleUrl><Point><altitudeMode>clampToGround</altitudeMode><coordinates>6.89626288600266,44.913297593593597,1785.3099999999999</coordinates></Point></Placemark><Placemark><TimeSpan><begin>2024-10-13T08:56:44Z</begin><end>2024-10-13T08:56:55Z</end></TimeSpan><styleUrl>#point</styleUrl><Point><altitudeMode>clampToGround</altitudeMode><coordinates>6.896381406113505,44.913206063210964,1785.79</coordinates></Point></Placemark><Placemark><TimeSpan><begin>2024-10-13T08:56:55Z</begin><end>2024-10-13T08:57:09Z</end></TimeSpan><styleUrl>#point</styleUrl><Point><altitudeMode>clampToGround</altitudeMode><coordinates>6.896522808820009,44.913070779293776,1785.3099999999999</coordinates></Point></Placemark><Placemark><TimeSpan><begin>2024-10-13T08:57:09Z</begin><end>2024-10-13T08:57:25Z</end></TimeSpan><styleUrl>#point</styleUrl><Point><altitudeMode>clampToGround</altitudeMode><coordinates>6.89663085155189,44.912921916693449,1785.79</coordinates></Point></Placemark><Placemark><TimeSpan><begin>2024-10-13T08:57:25Z</begin><end>2024-10-13T08:57:38Z</end></TimeSpan><styleUrl>#point</styleUrl><Point><altitudeMode>clampToGround</altitudeMode><coordinates>6.89673000946641,44.912812197580934,1785.79</coordinates></Point></Placemark><Placemark><TimeSpan><begin>2024-10-13T08:57:38Z</begin><end>2024-10-13T08:57:52Z</end></TimeSpan><styleUrl>#point</styleUrl><Point><altitudeMode>clampToGround</altitudeMode><coordinates>6.896871160715818,44.912716308608651,1785.79</coordinates></Point></Placemark><Placemark><TimeSpan><begin>2024-10-13T08:57:52Z</begin><end>2024-10-13T08:58:02Z</end></TimeSpan><styleUrl>#point</styleUrl><Point><altitudeMode>clampToGround</altitudeMode><coordinates>6.896979454904795,44.912657719105482,1785.79</coordinates></Point></Placemark><Placemark><TimeSpan><begin>2024-10-13T08:58:02Z</begin><end>2024-10-13T08:58:17Z</end></TimeSpan><styleUrl>#point</styleUrl><Point><altitudeMode>clampToGround</altitudeMode><coordinates>6.897082719951868,44.912577252835035,1784.8199999999999</coordinates></Point></Placemark><Placemark><TimeSpan><begin>2024-10-13T08:58:17Z</begin><end>2024-10-13T08:58:47Z</end></TimeSpan><styleUrl>#point</styleUrl><Point><altitudeMode>clampToGround</altitudeMode><coordinates>6.897049443796277,44.912571553140879,1784.8199999999999</coordinates></Point></Placemark><Placemark><TimeSpan><begin>2024-10-13T08:58:47Z</begin><end>2024-10-13T08:59:07Z</end></TimeSpan><styleUrl>#point</styleUrl><Point><altitudeMode>clampToGround</altitudeMode><coordinates>6.897073332220316,44.91257012821734,1786.75</coordinates></Point></Placemark><Placemark><TimeSpan><begin>2024-10-13T08:59:07Z</begin><end>2024-10-13T08:59:15Z</end></TimeSpan><styleUrl>#point</styleUrl><Point><altitudeMode>clampToGround</altitudeMode><coordinates>6.897052880376577,44.912565601989627,1786.75</coordinates></Point></Placemark><Placemark><TimeSpan><begin>2024-10-13T08:59:15Z</begin><end>2024-10-13T08:59:20Z</end></TimeSpan><styleUrl>#point</styleUrl><Point><altitudeMode>clampToGround</altitudeMode><coordinates>6.896941149607301,44.912547580897808,1786.75</coordinates></Point></Placemark><Placemark><TimeSpan><begin>2024-10-13T08:59:20Z</begin><end>2024-10-13T08:59:25Z</end></TimeSpan><styleUrl>#point</styleUrl><Point><altitudeMode>clampToGround</altitudeMode><coordinates>6.896854061633349,44.912529559805989,1787.23</coordinates></Point></Placemark><Placemark><TimeSpan><begin>2024-10-13T08:59:25Z</begin><end>2024-10-13T08:59:36Z</end></TimeSpan><styleUrl>#point</styleUrl><Point><altitudeMode>clampToGround</altitudeMode><coordinates>6.896797316148877,44.912421181797981,1788.6700000000001</coordinates></Point></Placemark><Placemark><TimeSpan><begin>2024-10-13T08:59:36Z</begin><end>2024-10-13T08:59:52Z</end></TimeSpan><styleUrl>#point</styleUrl><Point><altitudeMode>clampToGround</altitudeMode><coordinates>6.896860767155886,44.912239713594317,1788.6700000000001</coordinates></Point></Placemark><Placemark><TimeSpan><begin>2024-10-13T08:59:52Z</begin><end>2024-10-13T09:00:03Z</end></TimeSpan><styleUrl>#point</styleUrl><Point><altitudeMode>clampToGround</altitudeMode><coordinates>6.896937964484096,44.912121444940567,1789.1500000000001</coordinates></Point></Placemark><Placemark><TimeSpan><begin>2024-10-13T09:00:03Z</begin><end>2024-10-13T09:00:15Z</end></TimeSpan><styleUrl>#point</styleUrl><Point><altitudeMode>clampToGround</altitudeMode><coordinates>6.896999571472406,44.911991860717535,1789.1500000000001</coordinates></Point></Placemark><Placemark><TimeSpan><begin>2024-10-13T09:00:15Z</begin><end>2024-10-13T09:00:28Z</end></TimeSpan><styleUrl>#point</styleUrl><Point><altitudeMode>clampToGround</altitudeMode><coordinates>6.897094286978245,44.911860851570964,1790.1099999999999</coordinates></Point></Placemark><Placemark><TimeSpan><begin>2024-10-13T09:00:28Z</begin><end>2024-10-13T09:00:42Z</end></TimeSpan><styleUrl>#point</styleUrl><Point><altitudeMode>clampToGround</altitudeMode><coordinates>6.897222949191928,44.91174291819334,1790.1099999999999</coordinates></Point></Placemark><Placemark><TimeSpan><begin>2024-10-13T09:00:42Z</begin><end>2024-10-13T09:00:55Z</end></TimeSpan><styleUrl>#point</styleUrl><Point><altitudeMode>clampToGround</altitudeMode><coordinates>6.897367872297764,44.91164468228817,1790.5899999999999</coordinates></Point></Placemark><Placemark><TimeSpan><begin>2024-10-13T09:00:55Z</begin><end>2024-10-13T09:01:10Z</end></TimeSpan><styleUrl>#point</styleUrl><Point><altitudeMode>clampToGround</altitudeMode><coordinates>6.897540707141161,44.91153814829886,1790.5899999999999</coordinates></Point></Placemark><Placemark><TimeSpan><begin>2024-10-13T09:01:10Z</begin><end>2024-10-13T09:01:25Z</end></TimeSpan><styleUrl>#point</styleUrl><Point><altitudeMode>clampToGround</altitudeMode><coordinates>6.897721085697413,44.911419041454792,1791.0699999999999</coordinates></Point></Placemark><Placemark><TimeSpan><begin>2024-10-13T09:01:25Z</begin><end>2024-10-13T09:01:39Z</end></TimeSpan><styleUrl>#point</styleUrl><Point><altitudeMode>clampToGround</altitudeMode><coordinates>6.897888388484716,44.911321811378002,1791.0699999999999</coordinates></Point></Placemark><Placemark><TimeSpan><begin>2024-10-13T09:01:39Z</begin><end>2024-10-13T09:01:52Z</end></TimeSpan><styleUrl>#point</styleUrl><Point><altitudeMode>clampToGround</altitudeMode><coordinates>6.898045549169183,44.911236651241779,1791.0699999999999</coordinates></Point></Placemark><Placemark><TimeSpan><begin>2024-10-13T09:01:52Z</begin><end>2024-10-13T09:02:05Z</end></TimeSpan><styleUrl>#point</styleUrl><Point><altitudeMode>clampToGround</altitudeMode><coordinates>6.898194076493383,44.911147635430098,1791.55</coordinates></Point></Placemark><Placemark><TimeSpan><begin>2024-10-13T09:02:05Z</begin><end>2024-10-13T09:02:18Z</end></TimeSpan><styleUrl>#point</styleUrl><Point><altitudeMode>clampToGround</altitudeMode><coordinates>6.898203045129776,44.911116706207395,1791.55</coordinates></Point></Placemark><Placemark><TimeSpan><begin>2024-10-13T09:02:18Z</begin><end>2024-10-13T09:02:43Z</end></TimeSpan><styleUrl>#point</styleUrl><Point><altitudeMode>clampToGround</altitudeMode><coordinates>6.898197513073683,44.911118550226092,1792.03</coordinates></Point></Placemark><Placemark><TimeSpan><begin>2024-10-13T09:02:43Z</begin><end>2024-10-13T09:02:50Z</end></TimeSpan><styleUrl>#point</styleUrl><Point><altitudeMode>clampToGround</altitudeMode><coordinates>6.898207319900394,44.911116873845458,1792.03</coordinates></Point></Placemark><Placemark><TimeSpan><begin>2024-10-13T09:02:50Z</begin><end>2024-10-13T09:02:55Z</end></TimeSpan><styleUrl>#point</styleUrl><Point><altitudeMode>clampToGround</altitudeMode><coordinates>6.898322654888034,44.911084603518248,1792.03</coordinates></Point></Placemark><Placemark><TimeSpan><begin>2024-10-13T09:02:55Z</begin><end>2024-10-13T09:03:11Z</end></TimeSpan><styleUrl>#point</styleUrl><Point><altitudeMode>clampToGround</altitudeMode><coordinates>6.89855701290071,44.910931382328272,1792.52</coordinates></Point></Placemark><Placemark><TimeSpan><begin>2024-10-13T09:03:11Z</begin><end>2024-10-13T09:03:27Z</end></TimeSpan><styleUrl>#point</styleUrl><Point><altitudeMode>clampToGround</altitudeMode><coordinates>6.898766979575157,44.910745974630117,1792.52</coordinates></Point></Placemark><Placemark><TimeSpan><begin>2024-10-13T09:03:27Z</begin><end>2024-10-13T09:03:42Z</end></TimeSpan><styleUrl>#point</styleUrl><Point><altitudeMode>clampToGround</altitudeMode><coordinates>6.898964792490006,44.910535588860512,1793.48</coordinates></Point></Placemark><Placemark><TimeSpan><begin>2024-10-13T09:03:42Z</begin><end>2024-10-13T09:03:57Z</end></TimeSpan><styleUrl>#point</styleUrl><Point><altitudeMode>clampToGround</altitudeMode><coordinates>6.899080462753773,44.910425366833806,1793.48</coordinates></Point></Placemark><Placemark><TimeSpan><begin>2024-10-13T09:03:57Z</begin><end>2024-10-13T09:04:08Z</end></TimeSpan><styleUrl>#point</styleUrl><Point><altitudeMode>clampToGround</altitudeMode><coordinates>6.899172328412533,44.910343224182725,1793.96</coordinates></Point></Placemark><Placemark><TimeSpan><begin>2024-10-13T09:04:08Z</begin><end>2024-10-13T09:04:18Z</end></TimeSpan><styleUrl>#point</styleUrl><Point><altitudeMode>clampToGround</altitudeMode><coordinates>6.899261092767119,44.91029217839241,1793.96</coordinates></Point></Placemark><Placemark><TimeSpan><begin>2024-10-13T09:04:18Z</begin><end>2024-10-13T09:04:33Z</end></TimeSpan><styleUrl>#point</styleUrl><Point><altitudeMode>clampToGround</altitudeMode><coordinates>6.899403752759099,44.910141723230481,1794.4400000000001</coordinates></Point></Placemark><Placemark><TimeSpan><begin>2024-10-13T09:04:33Z</begin><end>2024-10-13T09:04:47Z</end></TimeSpan><styleUrl>#point</styleUrl><Point><altitudeMode>clampToGround</altitudeMode><coordinates>6.89950299449265,44.910015743225813,1794.4400000000001</coordinates></Point></Placemark><Placemark><TimeSpan><begin>2024-10-13T09:04:47Z</begin><end>2024-10-13T09:05:02Z</end></TimeSpan><styleUrl>#point</styleUrl><Point><altitudeMode>clampToGround</altitudeMode><coordinates>6.899645989760757,44.909892780706286,1794.4400000000001</coordinates></Point></Placemark><Placemark><TimeSpan><begin>2024-10-13T09:05:02Z</begin><end>2024-10-13T09:05:14Z</end></TimeSpan><styleUrl>#point</styleUrl><Point><altitudeMode>clampToGround</altitudeMode><coordinates>6.89974095672369,44.90978054702282,1794.9200000000001</coordinates></Point></Placemark><Placemark><TimeSpan><begin>2024-10-13T09:05:14Z</begin><end>2024-10-13T09:05:27Z</end></TimeSpan><styleUrl>#point</styleUrl><Point><altitudeMode>clampToGround</altitudeMode><coordinates>6.899862326681614,44.909661104902625,1795.4000000000001</coordinates></Point></Placemark><Placemark><TimeSpan><begin>2024-10-13T09:05:27Z</begin><end>2024-10-13T09:05:42Z</end></TimeSpan><styleUrl>#point</styleUrl><Point><altitudeMode>clampToGround</altitudeMode><coordinates>6.899984367191792,44.909519366919994,1796.3599999999999</coordinates></Point></Placemark><Placemark><TimeSpan><begin>2024-10-13T09:05:42Z</begin><end>2024-10-13T09:05:56Z</end></TimeSpan><styleUrl>#point</styleUrl><Point><altitudeMode>clampToGround</altitudeMode><coordinates>6.90007665194571,44.909394225105643,1796.3599999999999</coordinates></Point></Placemark><Placemark><TimeSpan><begin>2024-10-13T09:05:56Z</begin><end>2024-10-13T09:06:03Z</end></TimeSpan><styleUrl>#point</styleUrl><Point><altitudeMode>clampToGround</altitudeMode><coordinates>6.900124261155725,44.909331779927015,1796.3599999999999</coordinates></Point></Placemark><Placemark><TimeSpan><begin>2024-10-13T09:06:03Z</begin><end>2024-10-13T09:06:16Z</end></TimeSpan><styleUrl>#point</styleUrl><Point><altitudeMode>clampToGround</altitudeMode><coordinates>6.900201374664903,44.909216947853565,1796.8399999999999</coordinates></Point></Placemark><Placemark><TimeSpan><begin>2024-10-13T09:06:16Z</begin><end>2024-10-13T09:06:31Z</end></TimeSpan><styleUrl>#point</styleUrl><Point><altitudeMode>clampToGround</altitudeMode><coordinates>6.900309668853879,44.909077808260918,1797.3199999999999</coordinates></Point></Placemark><Placemark><TimeSpan><begin>2024-10-13T09:06:31Z</begin><end>2024-10-13T09:06:45Z</end></TimeSpan><styleUrl>#point</styleUrl><Point><altitudeMode>clampToGround</altitudeMode><coordinates>6.900448137894273,44.908962724730372,1797.8</coordinates></Point></Placemark><Placemark><TimeSpan><begin>2024-10-13T09:06:45Z</begin><end>2024-10-13T09:07:02Z</end></TimeSpan><styleUrl>#point</styleUrl><Point><altitudeMode>clampToGround</altitudeMode><coordinates>6.900547463446856,44.908806486055255,1798.28</coordinates></Point></Placemark><Placemark><TimeSpan><begin>2024-10-13T09:07:02Z</begin><end>2024-10-13T09:07:17Z</end></TimeSpan><styleUrl>#point</styleUrl><Point><altitudeMode>clampToGround</altitudeMode><coordinates>6.900601526722312,44.908661227673292,1799.24</coordinates></Point></Placemark><Placemark><TimeSpan><begin>2024-10-13T09:07:17Z</begin><end>2024-10-13T09:07:31Z</end></TimeSpan><styleUrl>#point</styleUrl><Point><altitudeMode>clampToGround</altitudeMode><coordinates>6.900625079870224,44.908507503569126,1799.24</coordinates></Point></Placemark><Placemark><TimeSpan><begin>2024-10-13T09:07:31Z</begin><end>2024-10-13T09:07:45Z</end></TimeSpan><styleUrl>#point</styleUrl><Point><altitudeMode>clampToGround</altitudeMode><coordinates>6.900745024904609,44.908374147489667,1799.73</coordinates></Point></Placemark><Placemark><TimeSpan><begin>2024-10-13T09:07:45Z</begin><end>2024-10-13T09:07:49Z</end></TimeSpan><styleUrl>#point</styleUrl><Point><altitudeMode>clampToGround</altitudeMode><coordinates>6.900778552517295,44.908338189125061,1799.73</coordinates></Point></Placemark><Placemark><TimeSpan><begin>2024-10-13T09:07:49Z</begin><end>2024-10-13T09:08:01Z</end></TimeSpan><styleUrl>#point</styleUrl><Point><altitudeMode>clampToGround</altitudeMode><coordinates>6.900882991030812,44.908246574923396,1800.21</coordinates></Point></Placemark><Placemark><TimeSpan><begin>2024-10-13T09:08:01Z</begin><end>2024-10-13T09:08:14Z</end></TimeSpan><styleUrl>#point</styleUrl><Point><altitudeMode>clampToGround</altitudeMode><coordinates>6.901001930236816,44.908124785870314,1800.21</coordinates></Point></Placemark><Placemark><TimeSpan><begin>2024-10-13T09:08:14Z</begin><end>2024-10-13T09:08:28Z</end></TimeSpan><styleUrl>#point</styleUrl><Point><altitudeMode>clampToGround</altitudeMode><coordinates>6.901129418984056,44.907982377335429,1800.21</coordinates></Point></Placemark><Placemark><TimeSpan><begin>2024-10-13T09:08:28Z</begin><end>2024-10-13T09:08:41Z</end></TimeSpan><styleUrl>#point</styleUrl><Point><altitudeMode>clampToGround</altitudeMode><coordinates>6.901246262714267,44.907865114510059,1800.6900000000001</coordinates></Point></Placemark><Placemark><TimeSpan><begin>2024-10-13T09:08:41Z</begin><end>2024-10-13T09:08:48Z</end></TimeSpan><styleUrl>#point</styleUrl><Point><altitudeMode>clampToGround</altitudeMode><coordinates>6.901298649609089,44.907847680151463,1800.6900000000001</coordinates></Point></Placemark><Placemark><TimeSpan><begin>2024-10-13T09:08:48Z</begin><end>2024-10-13T09:08:56Z</end></TimeSpan><styleUrl>#point</styleUrl><Point><altitudeMode>clampToGround</altitudeMode><coordinates>6.90141499042511,44.907869892194867,1800.6900000000001</coordinates></Point></Placemark><Placemark><TimeSpan><begin>2024-10-13T09:08:56Z</begin><end>2024-10-13T09:08:59Z</end></TimeSpan><styleUrl>#point</styleUrl><Point><altitudeMode>clampToGround</altitudeMode><coordinates>6.901453295722604,44.907875172793865,1800.6900000000001</coordinates></Point></Placemark><Placemark><TimeSpan><begin>2024-10-13T09:08:59Z</begin><end>2024-10-13T09:09:05Z</end></TimeSpan><styleUrl>#point</styleUrl><Point><altitudeMode>clampToGround</altitudeMode><coordinates>6.901536947116256,44.907899564132094,1800.6900000000001</coordinates></Point></Placemark><Placemark><TimeSpan><begin>2024-10-13T09:09:05Z</begin><end>2024-10-13T09:09:07Z</end></TimeSpan><styleUrl>#point</styleUrl><Point><altitudeMode>clampToGround</altitudeMode><coordinates>6.901553459465504,44.907899731770158,1800.6900000000001</coordinates></Point></Placemark><Placemark><TimeSpan><begin>2024-10-13T09:09:07Z</begin><end>2024-10-13T09:09:17Z</end></TimeSpan><styleUrl>#point</styleUrl><Point><altitudeMode>clampToGround</altitudeMode><coordinates>6.901722438633442,44.907937617972493,1799.73</coordinates></Point></Placemark><Placemark><TimeSpan><begin>2024-10-13T09:09:17Z</begin><end>2024-10-13T09:09:29Z</end></TimeSpan><styleUrl>#point</styleUrl><Point><altitudeMode>clampToGround</altitudeMode><coordinates>6.90180785022676,44.907971732318401,1799.73</coordinates></Point></Placemark><Placemark><TimeSpan><begin>2024-10-13T09:09:29Z</begin><end>2024-10-13T09:09:45Z</end></TimeSpan><styleUrl>#point</styleUrl><Point><altitudeMode>clampToGround</altitudeMode><coordinates>6.901749428361654,44.907953711226583,1800.21</coordinates></Point></Placemark><Placemark><TimeSpan><begin>2024-10-13T09:09:45Z</begin><end>2024-10-13T09:09:56Z</end></TimeSpan><styleUrl>#point</styleUrl><Point><altitudeMode>clampToGround</altitudeMode><coordinates>6.901826625689864,44.907987993210554,1800.21</coordinates></Point></Placemark><Placemark><TimeSpan><begin>2024-10-13T09:09:56Z</begin><end>2024-10-13T09:10:02Z</end></TimeSpan><styleUrl>#point</styleUrl><Point><altitudeMode>clampToGround</altitudeMode><coordinates>6.901825703680515,44.907982461154461,1800.21</coordinates></Point></Placemark><Placemark><TimeSpan><begin>2024-10-13T09:10:02Z</begin><end>2024-10-13T09:10:06Z</end></TimeSpan><styleUrl>#point</styleUrl><Point><altitudeMode>clampToGround</altitudeMode><coordinates>6.90176828764379,44.907968631014228,1800.21</coordinates></Point></Placemark><Placemark><TimeSpan><begin>2024-10-13T09:10:06Z</begin><end>2024-10-13T09:10:17Z</end></TimeSpan><styleUrl>#point</styleUrl><Point><altitudeMode>clampToGround</altitudeMode><coordinates>6.90160651691258,44.907881710678339,1800.6900000000001</coordinates></Point></Placemark><Placemark><TimeSpan><begin>2024-10-13T09:10:17Z</begin><end>2024-10-13T09:10:22Z</end></TimeSpan><styleUrl>#point</styleUrl><Point><altitudeMode>clampToGround</altitudeMode><coordinates>6.901544155552983,44.907835694029927,1800.6900000000001</coordinates></Point></Placemark><Placemark><TimeSpan><begin>2024-10-13T09:10:22Z</begin><end>2024-10-13T09:10:28Z</end></TimeSpan><styleUrl>#point</styleUrl><Point><altitudeMode>clampToGround</altitudeMode><coordinates>6.901545664295554,44.907746594399214,1801.6500000000001</coordinates></Point></Placemark><Placemark><TimeSpan><begin>2024-10-13T09:10:28Z</begin><end>2024-10-13T09:10:42Z</end></TimeSpan><styleUrl>#point</styleUrl><Point><altitudeMode>clampToGround</altitudeMode><coordinates>6.901705507189035,44.907551379874349,1802.6099999999999</coordinates></Point></Placemark><Placemark><TimeSpan><begin>2024-10-13T09:10:42Z</begin><end>2024-10-13T09:11:00Z</end></TimeSpan><styleUrl>#point</styleUrl><Point><altitudeMode>clampToGround</altitudeMode><coordinates>6.901956209912896,44.907340407371521,1803.0899999999999</coordinates></Point></Placemark><Placemark><TimeSpan><begin>2024-10-13T09:11:00Z</begin><end>2024-10-13T09:11:16Z</end></TimeSpan><styleUrl>#point</styleUrl><Point><altitudeMode>clampToGround</altitudeMode><coordinates>6.902170954272151,44.907149048522115,1804.53</coordinates></Point></Placemark><Placemark><TimeSpan><begin>2024-10-13T09:11:16Z</begin><end>2024-10-13T09:11:30Z</end></TimeSpan><styleUrl>#point</styleUrl><Point><altitudeMode>clampToGround</altitudeMode><coordinates>6.902335826307535,44.907007981091738,1805.01</coordinates></Point></Placemark><Placemark><TimeSpan><begin>2024-10-13T09:11:30Z</begin><end>2024-10-13T09:11:40Z</end></TimeSpan><styleUrl>#point</styleUrl><Point><altitudeMode>clampToGround</altitudeMode><coordinates>6.902405396103859,44.906953247264028,1805.49</coordinates></Point></Placemark><Placemark><TimeSpan><begin>2024-10-13T09:11:40Z</begin><end>2024-10-13T09:11:54Z</end></TimeSpan><styleUrl>#point</styleUrl><Point><altitudeMode>clampToGround</altitudeMode><coordinates>6.902540763840079,44.906798768788576,1806.45</coordinates></Point></Placemark><Placemark><TimeSpan><begin>2024-10-13T09:11:54Z</begin><end>2024-10-13T09:12:06Z</end></TimeSpan><styleUrl>#point</styleUrl><Point><altitudeMode>clampToGround</altitudeMode><coordinates>6.902657356113195,44.906659293919802,1806.45</coordinates></Point></Placemark><Placemark><TimeSpan><begin>2024-10-13T09:12:06Z</begin><end>2024-10-13T09:12:10Z</end></TimeSpan><styleUrl>#point</styleUrl><Point><altitudeMode>clampToGround</altitudeMode><coordinates>6.902712006121874,44.906628867611289,1806.45</coordinates></Point></Placemark><Placemark><TimeSpan><begin>2024-10-13T09:12:10Z</begin><end>2024-10-13T09:12:23Z</end></TimeSpan><styleUrl>#point</styleUrl><Point><altitudeMode>clampToGround</altitudeMode><coordinates>6.902813175693154,44.906480927020311,1806.9400000000001</coordinates></Point></Placemark><Placemark><TimeSpan><begin>2024-10-13T09:12:23Z</begin><end>2024-10-13T09:12:37Z</end></TimeSpan><styleUrl>#point</styleUrl><Point><altitudeMode>clampToGround</altitudeMode><coordinates>6.902896659448743,44.906321419402957,1807.4200000000001</coordinates></Point></Placemark><Placemark><TimeSpan><begin>2024-10-13T09:12:37Z</begin><end>2024-10-13T09:12:50Z</end></TimeSpan><styleUrl>#point</styleUrl><Point><altitudeMode>clampToGround</altitudeMode><coordinates>6.902983579784632,44.906200300902128,1807.4200000000001</coordinates></Point></Placemark><Placemark><TimeSpan><begin>2024-10-13T09:12:50Z</begin><end>2024-10-13T09:12:58Z</end></TimeSpan><styleUrl>#point</styleUrl><Point><altitudeMode>clampToGround</altitudeMode><coordinates>6.90303236246109,44.90612025372684,1807.4200000000001</coordinates></Point></Placemark><Placemark><TimeSpan><begin>2024-10-13T09:12:58Z</begin><end>2024-10-13T09:13:13Z</end></TimeSpan><styleUrl>#point</styleUrl><Point><altitudeMode>clampToGround</altitudeMode><coordinates>6.903183236718178,44.905986478552222,1807.4200000000001</coordinates></Point></Placemark><Placemark><TimeSpan><begin>2024-10-13T09:13:13Z</begin><end>2024-10-13T09:13:26Z</end></TimeSpan><styleUrl>#point</styleUrl><Point><altitudeMode>clampToGround</altitudeMode><coordinates>6.903323968872428,44.905866365879774,1807.4200000000001</coordinates></Point></Placemark><Placemark><TimeSpan><begin>2024-10-13T09:13:26Z</begin><end>2024-10-13T09:13:41Z</end></TimeSpan><styleUrl>#point</styleUrl><Point><altitudeMode>clampToGround</altitudeMode><coordinates>6.903463443741202,44.905725214630365,1807.9000000000001</coordinates></Point></Placemark><Placemark><TimeSpan><begin>2024-10-13T09:13:41Z</begin><end>2024-10-13T09:13:56Z</end></TimeSpan><styleUrl>#point</styleUrl><Point><altitudeMode>clampToGround</altitudeMode><coordinates>6.90362311899662,44.905596300959587,1808.3800000000001</coordinates></Point></Placemark><Placemark><TimeSpan><begin>2024-10-13T09:13:56Z</begin><end>2024-10-13T09:14:04Z</end></TimeSpan><styleUrl>#point</styleUrl><Point><altitudeMode>clampToGround</altitudeMode><coordinates>6.903720600530505,44.905524970963597,1808.3800000000001</coordinates></Point></Placemark><Placemark><TimeSpan><begin>2024-10-13T09:14:04Z</begin><end>2024-10-13T09:14:18Z</end></TimeSpan><styleUrl>#point</styleUrl><Point><altitudeMode>clampToGround</altitudeMode><coordinates>6.903876923024654,44.905404858291149,1808.3800000000001</coordinates></Point></Placemark><Placemark><TimeSpan><begin>2024-10-13T09:14:18Z</begin><end>2024-10-13T09:14:30Z</end></TimeSpan><styleUrl>#point</styleUrl><Point><altitudeMode>clampToGround</altitudeMode><coordinates>6.904020169749856,44.905297737568617,1808.8599999999999</coordinates></Point></Placemark><Placemark><TimeSpan><begin>2024-10-13T09:14:30Z</begin><end>2024-10-13T09:14:44Z</end></TimeSpan><styleUrl>#point</styleUrl><Point><altitudeMode>clampToGround</altitudeMode><coordinates>6.904169199988246,44.905181648209691,1808.8599999999999</coordinates></Point></Placemark><Placemark><TimeSpan><begin>2024-10-13T09:14:44Z</begin><end>2024-10-13T09:14:55Z</end></TimeSpan><styleUrl>#point</styleUrl><Point><altitudeMode>clampToGround</altitudeMode><coordinates>6.904298113659024,44.905098248273134,1807.9000000000001</coordinates></Point></Placemark><Placemark><TimeSpan><begin>2024-10-13T09:14:55Z</begin><end>2024-10-13T09:15:08Z</end></TimeSpan><styleUrl>#point</styleUrl><Point><altitudeMode>clampToGround</altitudeMode><coordinates>6.904445718973875,44.904995318502188,1807.9000000000001</coordinates></Point></Placemark><Placemark><TimeSpan><begin>2024-10-13T09:15:08Z</begin><end>2024-10-13T09:15:22Z</end></TimeSpan><styleUrl>#point</styleUrl><Point><altitudeMode>clampToGround</altitudeMode><coordinates>6.904587876051664,44.904839918017387,1807.9000000000001</coordinates></Point></Placemark><Placemark><TimeSpan><begin>2024-10-13T09:15:22Z</begin><end>2024-10-13T09:15:36Z</end></TimeSpan><styleUrl>#point</styleUrl><Point><altitudeMode>clampToGround</altitudeMode><coordinates>6.904700696468353,44.904712764546275,1807.9000000000001</coordinates></Point></Placemark><Placemark><TimeSpan><begin>2024-10-13T09:15:36Z</begin><end>2024-10-13T09:15:48Z</end></TimeSpan><styleUrl>#point</styleUrl><Point><altitudeMode>clampToGround</altitudeMode><coordinates>6.904765237122774,44.904605140909553,1808.3800000000001</coordinates></Point></Placemark><Placemark><TimeSpan><begin>2024-10-13T09:15:48Z</begin><end>2024-10-13T09:15:58Z</end></TimeSpan><styleUrl>#point</styleUrl><Point><altitudeMode>clampToGround</altitudeMode><coordinates>6.904759118333459,44.904602961614728,1808.3800000000001</coordinates></Point></Placemark><Placemark><TimeSpan><begin>2024-10-13T09:15:58Z</begin><end>2024-10-13T09:16:10Z</end></TimeSpan><styleUrl>#point</styleUrl><Point><altitudeMode>clampToGround</altitudeMode><coordinates>6.904762471094728,44.904460469260812,1809.8199999999999</coordinates></Point></Placemark><Placemark><TimeSpan><begin>2024-10-13T09:16:10Z</begin><end>2024-10-13T09:16:23Z</end></TimeSpan><styleUrl>#point</styleUrl><Point><altitudeMode>clampToGround</altitudeMode><coordinates>6.904809912666678,44.904318982735276,1810.3</coordinates></Point></Placemark><Placemark><TimeSpan><begin>2024-10-13T09:16:23Z</begin><end>2024-10-13T09:16:31Z</end></TimeSpan><styleUrl>#point</styleUrl><Point><altitudeMode>clampToGround</altitudeMode><coordinates>6.904817037284374,44.90426441654563,1810.78</coordinates></Point></Placemark><Placemark><TimeSpan><begin>2024-10-13T09:16:31Z</begin><end>2024-10-13T09:16:33Z</end></TimeSpan><styleUrl>#point</styleUrl><Point><altitudeMode>clampToGround</altitudeMode><coordinates>6.90480312332511,44.904245557263494,1810.78</coordinates></Point></Placemark><Placemark><TimeSpan><begin>2024-10-13T09:16:33Z</begin><end>2024-10-13T09:16:46Z</end></TimeSpan><styleUrl>#point</styleUrl><Point><altitudeMode>clampToGround</altitudeMode><coordinates>6.904872693121433,44.904083954170346,1811.26</coordinates></Point></Placemark><Placemark><TimeSpan><begin>2024-10-13T09:16:46Z</begin><end>2024-10-13T09:16:59Z</end></TimeSpan><styleUrl>#point</styleUrl><Point><altitudeMode>clampToGround</altitudeMode><coordinates>6.904900101944804,44.903934253379703,1811.26</coordinates></Point></Placemark><Placemark><TimeSpan><begin>2024-10-13T09:16:59Z</begin><end>2024-10-13T09:17:13Z</end></TimeSpan><styleUrl>#point</styleUrl><Point><altitudeMode>clampToGround</altitudeMode><coordinates>6.904946286231279,44.903779439628124,1811.26</coordinates></Point></Placemark><Placemark><TimeSpan><begin>2024-10-13T09:17:13Z</begin><end>2024-10-13T09:17:24Z</end></TimeSpan><styleUrl>#point</styleUrl><Point><altitudeMode>clampToGround</altitudeMode><coordinates>6.904970677569509,44.903666116297245,1811.26</coordinates></Point></Placemark><Placemark><TimeSpan><begin>2024-10-13T09:17:24Z</begin><end>2024-10-13T09:17:36Z</end></TimeSpan><styleUrl>#point</styleUrl><Point><altitudeMode>clampToGround</altitudeMode><coordinates>6.905012000352144,44.903557235375047,1811.26</coordinates></Point></Placemark><Placemark><TimeSpan><begin>2024-10-13T09:17:36Z</begin><end>2024-10-13T09:17:47Z</end></TimeSpan><styleUrl>#point</styleUrl><Point><altitudeMode>clampToGround</altitudeMode><coordinates>6.905035972595215,44.90345967002213,1811.74</coordinates></Point></Placemark><Placemark><TimeSpan><begin>2024-10-13T09:17:47Z</begin><end>2024-10-13T09:18:01Z</end></TimeSpan><styleUrl>#point</styleUrl><Point><altitudeMode>clampToGround</altitudeMode><coordinates>6.905074780806899,44.903291529044509,1810.3</coordinates></Point></Placemark><Placemark><TimeSpan><begin>2024-10-13T09:18:01Z</begin><end>2024-10-13T09:18:13Z</end></TimeSpan><styleUrl>#point</styleUrl><Point><altitudeMode>clampToGround</altitudeMode><coordinates>6.905095065012574,44.903175942599773,1810.3</coordinates></Point></Placemark><Placemark><TimeSpan><begin>2024-10-13T09:18:13Z</begin><end>2024-10-13T09:18:28Z</end></TimeSpan><styleUrl>#point</styleUrl><Point><altitudeMode>clampToGround</altitudeMode><coordinates>6.905101519078016,44.903151635080576,1810.78</coordinates></Point></Placemark><Placemark><TimeSpan><begin>2024-10-13T09:18:28Z</begin><end>2024-10-13T09:18:36Z</end></TimeSpan><styleUrl>#point</styleUrl><Point><altitudeMode>clampToGround</altitudeMode><coordinates>6.905157258734107,44.903111737221479,1810.78</coordinates></Point></Placemark><Placemark><TimeSpan><begin>2024-10-13T09:18:36Z</begin><end>2024-10-13T09:18:47Z</end></TimeSpan><styleUrl>#point</styleUrl><Point><altitudeMode>clampToGround</altitudeMode><coordinates>6.90522531978786,44.903111737221479,1810.78</coordinates></Point></Placemark><Placemark><TimeSpan><begin>2024-10-13T09:18:47Z</begin><end>2024-10-13T09:18:50Z</end></TimeSpan><styleUrl>#point</styleUrl><Point><altitudeMode>clampToGround</altitudeMode><coordinates>6.905219284817576,44.903087932616472,1810.78</coordinates></Point></Placemark><Placemark><TimeSpan><begin>2024-10-13T09:18:50Z</begin><end>2024-10-13T09:19:04Z</end></TimeSpan><styleUrl>#point</styleUrl><Point><altitudeMode>clampToGround</altitudeMode><coordinates>6.905268067494035,44.90289531648159,1810.78</coordinates></Point></Placemark><Placemark><TimeSpan><begin>2024-10-13T09:19:04Z</begin><end>2024-10-13T09:19:14Z</end></TimeSpan><styleUrl>#point</styleUrl><Point><altitudeMode>clampToGround</altitudeMode><coordinates>6.905346103012562,44.902778640389442,1810.78</coordinates></Point></Placemark><Placemark><TimeSpan><begin>2024-10-13T09:19:14Z</begin><end>2024-10-13T09:19:17Z</end></TimeSpan><styleUrl>#point</styleUrl><Point><altitudeMode>clampToGround</altitudeMode><coordinates>6.905346270650625,44.902737820520997,1812.22</coordinates></Point></Placemark><Placemark><TimeSpan><begin>2024-10-13T09:19:17Z</begin><end>2024-10-13T09:19:29Z</end></TimeSpan><styleUrl>#point</styleUrl><Point><altitudeMode>clampToGround</altitudeMode><coordinates>6.905421623960137,44.902600860223174,1812.22</coordinates></Point></Placemark><Placemark><TimeSpan><begin>2024-10-13T09:19:29Z</begin><end>2024-10-13T09:19:30Z</end></TimeSpan><styleUrl>#point</styleUrl><Point><altitudeMode>clampToGround</altitudeMode><coordinates>6.905440147966147,44.902595579624176,1812.22</coordinates></Point></Placemark><Placemark><TimeSpan><begin>2024-10-13T09:19:30Z</begin><end>2024-10-13T09:19:43Z</end></TimeSpan><styleUrl>#point</styleUrl><Point><altitudeMode>clampToGround</altitudeMode><coordinates>6.905537797138095,44.902527770027518,1812.7</coordinates></Point></Placemark><Placemark><TimeSpan><begin>2024-10-13T09:19:43Z</begin><end>2024-10-13T09:19:52Z</end></TimeSpan><styleUrl>#point</styleUrl><Point><altitudeMode>clampToGround</altitudeMode><coordinates>6.905524218454957,44.902533385902643,1812.7</coordinates></Point></Placemark><Placemark><TimeSpan><begin>2024-10-13T09:19:52Z</begin><end>2024-10-13T09:20:05Z</end></TimeSpan><styleUrl>#point</styleUrl><Point><altitudeMode>clampToGround</altitudeMode><coordinates>6.905528828501701,44.902372872456908,1812.7</coordinates></Point></Placemark><Placemark><TimeSpan><begin>2024-10-13T09:20:05Z</begin><end>2024-10-13T09:20:21Z</end></TimeSpan><styleUrl>#point</styleUrl><Point><altitudeMode>clampToGround</altitudeMode><coordinates>6.90564407967031,44.902192326262593,1813.1800000000001</coordinates></Point></Placemark><Placemark><TimeSpan><begin>2024-10-13T09:20:21Z</begin><end>2024-10-13T09:20:32Z</end></TimeSpan><styleUrl>#point</styleUrl><Point><altitudeMode>clampToGround</altitudeMode><coordinates>6.905737118795514,44.902116637676954,1813.1800000000001</coordinates></Point></Placemark><Placemark><TimeSpan><begin>2024-10-13T09:20:32Z</begin><end>2024-10-13T09:20:48Z</end></TimeSpan><styleUrl>#point</styleUrl><Point><altitudeMode>clampToGround</altitudeMode><coordinates>6.905916994437575,44.901978420093656,1813.1800000000001</coordinates></Point></Placemark><Placemark><TimeSpan><begin>2024-10-13T09:20:48Z</begin><end>2024-10-13T09:21:03Z</end></TimeSpan><styleUrl>#point</styleUrl><Point><altitudeMode>clampToGround</altitudeMode><coordinates>6.906040962785482,44.90184917114675,1813.6600000000001</coordinates></Point></Placemark><Placemark><TimeSpan><begin>2024-10-13T09:21:03Z</begin><end>2024-10-13T09:21:17Z</end></TimeSpan><styleUrl>#point</styleUrl><Point><altitudeMode>clampToGround</altitudeMode><coordinates>6.906066276133061,44.901719000190496,1813.6600000000001</coordinates></Point></Placemark><Placemark><TimeSpan><begin>2024-10-13T09:21:17Z</begin><end>2024-10-13T09:21:31Z</end></TimeSpan><styleUrl>#point</styleUrl><Point><altitudeMode>clampToGround</altitudeMode><coordinates>6.90606527030468,44.90164146758616,1813.6600000000001</coordinates></Point></Placemark><Placemark><TimeSpan><begin>2024-10-13T09:21:31Z</begin><end>2024-10-13T09:21:50Z</end></TimeSpan><styleUrl>#point</styleUrl><Point><altitudeMode>clampToGround</altitudeMode><coordinates>6.906086979433894,44.901590337976813,1813.6600000000001</coordinates></Point></Placemark><Placemark><TimeSpan><begin>2024-10-13T09:21:50Z</begin><end>2024-10-13T09:21:59Z</end></TimeSpan><styleUrl>#point</styleUrl><Point><altitudeMode>clampToGround</altitudeMode><coordinates>6.906206421554089,44.901513140648603,1813.6600000000001</coordinates></Point></Placemark><Placemark><TimeSpan><begin>2024-10-13T09:21:59Z</begin><end>2024-10-13T09:22:08Z</end></TimeSpan><styleUrl>#point</styleUrl><Point><altitudeMode>clampToGround</altitudeMode><coordinates>6.906262161210179,44.901501908898354,1813.6600000000001</coordinates></Point></Placemark><Placemark><TimeSpan><begin>2024-10-13T09:22:08Z</begin><end>2024-10-13T09:22:18Z</end></TimeSpan><styleUrl>#point</styleUrl><Point><altitudeMode>clampToGround</altitudeMode><coordinates>6.906305747106671,44.901429656893015,1813.6600000000001</coordinates></Point></Placemark><Placemark><TimeSpan><begin>2024-10-13T09:22:18Z</begin><end>2024-10-13T09:22:19Z</end></TimeSpan><styleUrl>#point</styleUrl><Point><altitudeMode>clampToGround</altitudeMode><coordinates>6.90631253644824,44.901435859501362,1813.6600000000001</coordinates></Point></Placemark><Placemark><TimeSpan><begin>2024-10-13T09:22:19Z</begin><end>2024-10-13T09:22:29Z</end></TimeSpan><styleUrl>#point</styleUrl><Point><altitudeMode>clampToGround</altitudeMode><coordinates>6.906353188678622,44.901441894471645,1813.6600000000001</coordinates></Point></Placemark><Placemark><TimeSpan><begin>2024-10-13T09:22:29Z</begin><end>2024-10-13T09:22:34Z</end></TimeSpan><styleUrl>#point</styleUrl><Point><altitudeMode>clampToGround</altitudeMode><coordinates>6.906377244740725,44.901421945542097,1813.6600000000001</coordinates></Point></Placemark><Placemark><TimeSpan><begin>2024-10-13T09:22:34Z</begin><end>2024-10-13T09:22:41Z</end></TimeSpan><styleUrl>#point</styleUrl><Point><altitudeMode>clampToGround</altitudeMode><coordinates>6.906455447897315,44.901350615546107,1813.1800000000001</coordinates></Point></Placemark><Placemark><TimeSpan><begin>2024-10-13T09:22:41Z</begin><end>2024-10-13T09:22:47Z</end></TimeSpan><styleUrl>#point</styleUrl><Point><altitudeMode>clampToGround</altitudeMode><coordinates>6.906506326049566,44.901289343833923,1813.1800000000001</coordinates></Point></Placemark><Placemark><TimeSpan><begin>2024-10-13T09:22:47Z</begin><end>2024-10-13T09:22:52Z</end></TimeSpan><styleUrl>#point</styleUrl><Point><altitudeMode>clampToGround</altitudeMode><coordinates>6.90657346509397,44.90124324336648,1813.1800000000001</coordinates></Point></Placemark><Placemark><TimeSpan><begin>2024-10-13T09:22:52Z</begin><end>2024-10-13T09:23:02Z</end></TimeSpan><styleUrl>#point</styleUrl><Point><altitudeMode>clampToGround</altitudeMode><coordinates>6.906719645485282,44.90122077986598,1814.1500000000001</coordinates></Point></Placemark><Placemark><TimeSpan><begin>2024-10-13T09:23:02Z</begin><end>2024-10-13T09:23:14Z</end></TimeSpan><styleUrl>#point</styleUrl><Point><altitudeMode>clampToGround</altitudeMode><coordinates>6.906730709597468,44.90119680762291,1815.1099999999999</coordinates></Point></Placemark><Placemark><TimeSpan><begin>2024-10-13T09:23:14Z</begin><end>2024-10-13T09:23:33Z</end></TimeSpan><styleUrl>#point</styleUrl><Point><altitudeMode>clampToGround</altitudeMode><coordinates>6.906734146177769,44.901214074343443,1814.6300000000001</coordinates></Point></Placemark><Placemark><TimeSpan><begin>2024-10-13T09:23:33Z</begin><end>2024-10-13T09:23:46Z</end></TimeSpan><styleUrl>#point</styleUrl><Point><altitudeMode>clampToGround</altitudeMode><coordinates>6.906947214156389,44.901293953880668,1814.6300000000001</coordinates></Point></Placemark><Placemark><TimeSpan><begin>2024-10-13T09:23:46Z</begin><end>2024-10-13T09:23:48Z</end></TimeSpan><styleUrl>#point</styleUrl><Point><altitudeMode>clampToGround</altitudeMode><coordinates>6.906983256340027,44.90130920894444,1814.6300000000001</coordinates></Point></Placemark><Placemark><TimeSpan><begin>2024-10-13T09:23:48Z</begin><end>2024-10-13T09:24:02Z</end></TimeSpan><styleUrl>#point</styleUrl><Point><altitudeMode>clampToGround</altitudeMode><coordinates>6.907214596867561,44.901381293311715,1816.0699999999999</coordinates></Point></Placemark><Placemark><TimeSpan><begin>2024-10-13T09:24:02Z</begin><end>2024-10-13T09:24:12Z</end></TimeSpan><styleUrl>#point</styleUrl><Point><altitudeMode>clampToGround</altitudeMode><coordinates>6.907256841659546,44.901366792619228,1815.5899999999999</coordinates></Point></Placemark><Placemark><TimeSpan><begin>2024-10-13T09:24:12Z</begin><end>2024-10-13T09:24:30Z</end></TimeSpan><styleUrl>#point</styleUrl><Point><altitudeMode>clampToGround</altitudeMode><coordinates>6.907367231324315,44.901297306641936,1816.0699999999999</coordinates></Point></Placemark><Placemark><TimeSpan><begin>2024-10-13T09:24:30Z</begin><end>2024-10-13T09:24:44Z</end></TimeSpan><styleUrl>#point</styleUrl><Point><altitudeMode>clampToGround</altitudeMode><coordinates>6.907597901299596,44.901337204501033,1816.55</coordinates></Point></Placemark><Placemark><TimeSpan><begin>2024-10-13T09:24:44Z</begin><end>2024-10-13T09:24:55Z</end></TimeSpan><styleUrl>#point</styleUrl><Point><altitudeMode>clampToGround</altitudeMode><coordinates>6.907777022570372,44.901287499815226,1816.55</coordinates></Point></Placemark><Placemark><TimeSpan><begin>2024-10-13T09:24:55Z</begin><end>2024-10-13T09:25:00Z</end></TimeSpan><styleUrl>#point</styleUrl><Point><altitudeMode>clampToGround</altitudeMode><coordinates>6.907884227111936,44.901261851191521,1816.55</coordinates></Point></Placemark><Placemark><TimeSpan><begin>2024-10-13T09:25:00Z</begin><end>2024-10-13T09:25:06Z</end></TimeSpan><styleUrl>#point</styleUrl><Point><altitudeMode>clampToGround</altitudeMode><coordinates>6.907993778586388,44.901223629713058,1817.03</coordinates></Point></Placemark><Placemark><TimeSpan><begin>2024-10-13T09:25:06Z</begin><end>2024-10-13T09:25:12Z</end></TimeSpan><styleUrl>#point</styleUrl><Point><altitudeMode>clampToGround</altitudeMode><coordinates>6.908088577911258,44.901188341900706,1817.51</coordinates></Point></Placemark><Placemark><TimeSpan><begin>2024-10-13T09:25:12Z</begin><end>2024-10-13T09:25:24Z</end></TimeSpan><styleUrl>#point</styleUrl><Point><altitudeMode>clampToGround</altitudeMode><coordinates>6.908235512673855,44.901108210906386,1817.99</coordinates></Point></Placemark><Placemark><TimeSpan><begin>2024-10-13T09:25:24Z</begin><end>2024-10-13T09:25:27Z</end></TimeSpan><styleUrl>#point</styleUrl><Point><altitudeMode>clampToGround</altitudeMode><coordinates>6.908275159075856,44.901083065196872,1817.99</coordinates></Point></Placemark><Placemark><TimeSpan><begin>2024-10-13T09:25:27Z</begin><end>2024-10-13T09:25:31Z</end></TimeSpan><styleUrl>#point</styleUrl><Point><altitudeMode>clampToGround</altitudeMode><coordinates>6.908358559012413,44.901043670251966,1817.99</coordinates></Point></Placemark><Placemark><TimeSpan><begin>2024-10-13T09:25:31Z</begin><end>2024-10-13T09:25:44Z</end></TimeSpan><styleUrl>#point</styleUrl><Point><altitudeMode>clampToGround</altitudeMode><coordinates>6.908564502373338,44.9009227193892,1818.47</coordinates></Point></Placemark><Placemark><TimeSpan><begin>2024-10-13T09:25:44Z</begin><end>2024-10-13T09:25:54Z</end></TimeSpan><styleUrl>#point</styleUrl><Point><altitudeMode>clampToGround</altitudeMode><coordinates>6.908713951706886,44.900839487090707,1818.95</coordinates></Point></Placemark><Placemark><TimeSpan><begin>2024-10-13T09:25:54Z</begin><end>2024-10-13T09:26:05Z</end></TimeSpan><styleUrl>#point</styleUrl><Point><altitudeMode>clampToGround</altitudeMode><coordinates>6.908814953640103,44.90075365640223,1818.95</coordinates></Point></Placemark><Placemark><TimeSpan><begin>2024-10-13T09:26:05Z</begin><end>2024-10-13T09:26:21Z</end></TimeSpan><styleUrl>#point</styleUrl><Point><altitudeMode>clampToGround</altitudeMode><coordinates>6.908856779336929,44.900729013606906,1818.95</coordinates></Point></Placemark><Placemark><TimeSpan><begin>2024-10-13T09:26:21Z</begin><end>2024-10-13T09:26:30Z</end></TimeSpan><styleUrl>#point</styleUrl><Point><altitudeMode>clampToGround</altitudeMode><coordinates>6.908855689689517,44.900714512914419,1818.95</coordinates></Point></Placemark><Placemark><TimeSpan><begin>2024-10-13T09:26:30Z</begin><end>2024-10-13T09:26:44Z</end></TimeSpan><styleUrl>#point</styleUrl><Point><altitudeMode>clampToGround</altitudeMode><coordinates>6.908855605870485,44.900723397731781,1818.95</coordinates></Point></Placemark><Placemark><TimeSpan><begin>2024-10-13T09:26:44Z</begin><end>2024-10-13T09:26:50Z</end></TimeSpan><styleUrl>#point</styleUrl><Point><altitudeMode>clampToGround</altitudeMode><coordinates>6.90889885649085,44.900710489600897,1818.95</coordinates></Point></Placemark><Placemark><TimeSpan><begin>2024-10-13T09:26:50Z</begin><end>2024-10-13T09:27:00Z</end></TimeSpan><styleUrl>#point</styleUrl><Point><altitudeMode>clampToGround</altitudeMode><coordinates>6.908989045768976,44.900732114911079,1818.95</coordinates></Point></Placemark><Placemark><TimeSpan><begin>2024-10-13T09:27:00Z</begin><end>2024-10-13T09:27:15Z</end></TimeSpan><styleUrl>#point</styleUrl><Point><altitudeMode>clampToGround</altitudeMode><coordinates>6.90903908573091,44.900699844583869,1819.4300000000001</coordinates></Point></Placemark><Placemark><TimeSpan><begin>2024-10-13T09:27:15Z</begin><end>2024-10-13T09:27:31Z</end></TimeSpan><styleUrl>#point</styleUrl><Point><altitudeMode>clampToGround</altitudeMode><coordinates>6.908990722149611,44.900688361376524,1819.4300000000001</coordinates></Point></Placemark><Placemark><TimeSpan><begin>2024-10-13T09:27:31Z</begin><end>2024-10-13T09:27:43Z</end></TimeSpan><styleUrl>#point</styleUrl><Point><altitudeMode>clampToGround</altitudeMode><coordinates>6.909110667183995,44.900587107986212,1819.4300000000001</coordinates></Point></Placemark><Placemark><TimeSpan><begin>2024-10-13T09:27:43Z</begin><end>2024-10-13T09:27:55Z</end></TimeSpan><styleUrl>#point</styleUrl><Point><altitudeMode>clampToGround</altitudeMode><coordinates>6.909274617210031,44.900411507114768,1819.4300000000001</coordinates></Point></Placemark><Placemark><TimeSpan><begin>2024-10-13T09:27:55Z</begin><end>2024-10-13T09:28:08Z</end></TimeSpan><styleUrl>#point</styleUrl><Point><altitudeMode>clampToGround</altitudeMode><coordinates>6.909468490630388,44.900266667827964,1820.8699999999999</coordinates></Point></Placemark><Placemark><TimeSpan><begin>2024-10-13T09:28:08Z</begin><end>2024-10-13T09:28:20Z</end></TimeSpan><styleUrl>#point</styleUrl><Point><altitudeMode>clampToGround</altitudeMode><coordinates>6.909626992419362,44.900143034756184,1821.3499999999999</coordinates></Point></Placemark><Placemark><TimeSpan><begin>2024-10-13T09:28:20Z</begin><end>2024-10-13T09:28:32Z</end></TimeSpan><styleUrl>#point</styleUrl><Point><altitudeMode>clampToGround</altitudeMode><coordinates>6.909771580249071,44.89997673779726,1822.3199999999999</coordinates></Point></Placemark><Placemark><TimeSpan><begin>2024-10-13T09:28:32Z</begin><end>2024-10-13T09:28:45Z</end></TimeSpan><styleUrl>#point</styleUrl><Point><altitudeMode>clampToGround</altitudeMode><coordinates>6.909939218312502,44.89984086714685,1824.24</coordinates></Point></Placemark><Placemark><TimeSpan><begin>2024-10-13T09:28:45Z</begin><end>2024-10-13T09:28:56Z</end></TimeSpan><styleUrl>#point</styleUrl><Point><altitudeMode>clampToGround</altitudeMode><coordinates>6.910129571333528,44.899756964296103,1825.2</coordinates></Point></Placemark><Placemark><TimeSpan><begin>2024-10-13T09:28:56Z</begin><end>2024-10-13T09:29:04Z</end></TimeSpan><styleUrl>#point</styleUrl><Point><altitudeMode>clampToGround</altitudeMode><coordinates>6.910274159163237,44.899717317894101,1826.1600000000001</coordinates></Point></Placemark><Placemark><TimeSpan><begin>2024-10-13T09:29:04Z</begin><end>2024-10-13T09:29:16Z</end></TimeSpan><styleUrl>#point</styleUrl><Point><altitudeMode>clampToGround</altitudeMode><coordinates>6.910468116402626,44.899667026475072,1827.1199999999999</coordinates></Point></Placemark><Placemark><TimeSpan><begin>2024-10-13T09:29:16Z</begin><end>2024-10-13T09:29:28Z</end></TimeSpan><styleUrl>#point</styleUrl><Point><altitudeMode>clampToGround</altitudeMode><coordinates>6.910656793043017,44.899623021483421,1827.5999999999999</coordinates></Point></Placemark><Placemark><TimeSpan><begin>2024-10-13T09:29:28Z</begin><end>2024-10-13T09:29:39Z</end></TimeSpan><styleUrl>#point</styleUrl><Point><altitudeMode>clampToGround</altitudeMode><coordinates>6.910816049203277,44.89958580583334,1829.05</coordinates></Point></Placemark><Placemark><TimeSpan><begin>2024-10-13T09:29:39Z</begin><end>2024-10-13T09:29:53Z</end></TimeSpan><styleUrl>#point</styleUrl><Point><altitudeMode>clampToGround</altitudeMode><coordinates>6.911009587347508,44.899542387574911,1829.05</coordinates></Point></Placemark><Placemark><TimeSpan><begin>2024-10-13T09:29:53Z</begin><end>2024-10-13T09:29:56Z</end></TimeSpan><styleUrl>#point</styleUrl><Point><altitudeMode>clampToGround</altitudeMode><coordinates>6.911053340882063,44.899533335119486,1829.53</coordinates></Point></Placemark><Placemark><TimeSpan><begin>2024-10-13T09:29:56Z</begin><end>2024-10-13T09:30:00Z</end></TimeSpan><styleUrl>#point</styleUrl><Point><altitudeMode>clampToGround</altitudeMode><coordinates>6.911102207377553,44.899519672617316,1830.01</coordinates></Point></Placemark><Placemark><TimeSpan><begin>2024-10-13T09:30:00Z</begin><end>2024-10-13T09:30:15Z</end></TimeSpan><styleUrl>#point</styleUrl><Point><altitudeMode>clampToGround</altitudeMode><coordinates>6.911316029727459,44.899469632655382,1830.49</coordinates></Point></Placemark><Placemark><TimeSpan><begin>2024-10-13T09:30:15Z</begin><end>2024-10-13T09:30:28Z</end></TimeSpan><styleUrl>#point</styleUrl><Point><altitudeMode>clampToGround</altitudeMode><coordinates>6.911505628377199,44.899413054808974,1830.97</coordinates></Point></Placemark><Placemark><TimeSpan><begin>2024-10-13T09:30:28Z</begin><end>2024-10-13T09:30:42Z</end></TimeSpan><styleUrl>#point</styleUrl><Point><altitudeMode>clampToGround</altitudeMode><coordinates>6.911704782396555,44.899354465305805,1831.45</coordinates></Point></Placemark><Placemark><TimeSpan><begin>2024-10-13T09:30:42Z</begin><end>2024-10-13T09:30:56Z</end></TimeSpan><styleUrl>#point</styleUrl><Point><altitudeMode>clampToGround</altitudeMode><coordinates>6.911900416016579,44.899311047047377,1831.9300000000001</coordinates></Point></Placemark><Placemark><TimeSpan><begin>2024-10-13T09:30:56Z</begin><end>2024-10-13T09:31:09Z</end></TimeSpan><styleUrl>#point</styleUrl><Point><altitudeMode>clampToGround</altitudeMode><coordinates>6.912102168425918,44.899253211915493,1831.9300000000001</coordinates></Point></Placemark><Placemark><TimeSpan><begin>2024-10-13T09:31:09Z</begin><end>2024-10-13T09:31:17Z</end></TimeSpan><styleUrl>#point</styleUrl><Point><altitudeMode>clampToGround</altitudeMode><coordinates>6.912233512848616,44.899229994043708,1831.9300000000001</coordinates></Point></Placemark><Placemark><TimeSpan><begin>2024-10-13T09:31:17Z</begin><end>2024-10-13T09:31:32Z</end></TimeSpan><styleUrl>#point</styleUrl><Point><altitudeMode>clampToGround</altitudeMode><coordinates>6.912454208359122,44.899172075092793,1830.97</coordinates></Point></Placemark><Placemark><TimeSpan><begin>2024-10-13T09:31:32Z</begin><end>2024-10-13T09:31:43Z</end></TimeSpan><styleUrl>#point</styleUrl><Point><altitudeMode>clampToGround</altitudeMode><coordinates>6.912614973261952,44.899140726774931,1830.97</coordinates></Point></Placemark><Placemark><TimeSpan><begin>2024-10-13T09:31:43Z</begin><end>2024-10-13T09:31:59Z</end></TimeSpan><styleUrl>#point</styleUrl><Point><altitudeMode>clampToGround</altitudeMode><coordinates>6.912843380123377,44.899091357365251,1830.49</coordinates></Point></Placemark><Placemark><TimeSpan><begin>2024-10-13T09:31:59Z</begin><end>2024-10-13T09:32:06Z</end></TimeSpan><styleUrl>#point</styleUrl><Point><altitudeMode>clampToGround</altitudeMode><coordinates>6.912928121164441,44.899064702913165,1830.97</coordinates></Point></Placemark><Placemark><TimeSpan><begin>2024-10-13T09:32:06Z</begin><end>2024-10-13T09:32:19Z</end></TimeSpan><styleUrl>#point</styleUrl><Point><altitudeMode>clampToGround</altitudeMode><coordinates>6.913085533306003,44.899022793397307,1830.97</coordinates></Point></Placemark><Placemark><TimeSpan><begin>2024-10-13T09:32:19Z</begin><end>2024-10-13T09:32:30Z</end></TimeSpan><styleUrl>#point</styleUrl><Point><altitudeMode>clampToGround</altitudeMode><coordinates>6.913230624049902,44.898980800062418,1830.97</coordinates></Point></Placemark><Placemark><TimeSpan><begin>2024-10-13T09:32:30Z</begin><end>2024-10-13T09:32:44Z</end></TimeSpan><styleUrl>#point</styleUrl><Point><altitudeMode>clampToGround</altitudeMode><coordinates>6.913421815261245,44.898932352662086,1830.97</coordinates></Point></Placemark><Placemark><TimeSpan><begin>2024-10-13T09:32:44Z</begin><end>2024-10-13T09:32:58Z</end></TimeSpan><styleUrl>#point</styleUrl><Point><altitudeMode>clampToGround</altitudeMode><coordinates>6.913592638447881,44.89885825663805,1830.97</coordinates></Point></Placemark><Placemark><TimeSpan><begin>2024-10-13T09:32:58Z</begin><end>2024-10-13T09:33:14Z</end></TimeSpan><styleUrl>#point</styleUrl><Point><altitudeMode>clampToGround</altitudeMode><coordinates>6.913577048107982,44.898802600800991,1830.49</coordinates></Point></Placemark><Placemark><TimeSpan><begin>2024-10-13T09:33:14Z</begin><end>2024-10-13T09:33:24Z</end></TimeSpan><styleUrl>#point</styleUrl><Point><altitudeMode>clampToGround</altitudeMode><coordinates>6.913627507165074,44.898810647428036,1830.49</coordinates></Point></Placemark><Placemark><TimeSpan><begin>2024-10-13T09:33:24Z</begin><end>2024-10-13T09:33:31Z</end></TimeSpan><styleUrl>#point</styleUrl><Point><altitudeMode>clampToGround</altitudeMode><coordinates>6.913687521591783,44.898803103715181,1830.49</coordinates></Point></Placemark><Placemark><TimeSpan><begin>2024-10-13T09:33:31Z</begin><end>2024-10-13T09:33:41Z</end></TimeSpan><styleUrl>#point</styleUrl><Point><altitudeMode>clampToGround</altitudeMode><coordinates>6.9138212967664,44.898786675184965,1830.49</coordinates></Point></Placemark><Placemark><TimeSpan><begin>2024-10-13T09:33:41Z</begin><end>2024-10-13T09:33:54Z</end></TimeSpan><styleUrl>#point</styleUrl><Point><altitudeMode>clampToGround</altitudeMode><coordinates>6.913967560976744,44.898732360452414,1830.49</coordinates></Point></Placemark><Placemark><TimeSpan><begin>2024-10-13T09:33:54Z</begin><end>2024-10-13T09:34:01Z</end></TimeSpan><styleUrl>#point</styleUrl><Point><altitudeMode>clampToGround</altitudeMode><coordinates>6.914008380845189,44.898700341582298,1830.49</coordinates></Point></Placemark><Placemark><TimeSpan><begin>2024-10-13T09:34:01Z</begin><end>2024-10-13T09:34:08Z</end></TimeSpan><styleUrl>#point</styleUrl><Point><altitudeMode>clampToGround</altitudeMode><coordinates>6.914083566516638,44.898653822019696,1831.9300000000001</coordinates></Point></Placemark><Placemark><TimeSpan><begin>2024-10-13T09:34:08Z</begin><end>2024-10-13T09:34:19Z</end></TimeSpan><styleUrl>#point</styleUrl><Point><altitudeMode>clampToGround</altitudeMode><coordinates>6.914125643670559,44.898601854220033,1831.9300000000001</coordinates></Point></Placemark><Placemark><TimeSpan><begin>2024-10-13T09:34:19Z</begin><end>2024-10-13T09:34:33Z</end></TimeSpan><styleUrl>#point</styleUrl><Point><altitudeMode>clampToGround</altitudeMode><coordinates>6.914129080250859,44.898593472316861,1831.9300000000001</coordinates></Point></Placemark><Placemark><TimeSpan><begin>2024-10-13T09:34:33Z</begin><end>2024-10-13T09:34:47Z</end></TimeSpan><styleUrl>#point</styleUrl><Point><altitudeMode>clampToGround</altitudeMode><coordinates>6.914155064150691,44.898599842563272,1831.9300000000001</coordinates></Point></Placemark><Placemark><TimeSpan><begin>2024-10-13T09:34:47Z</begin><end>2024-10-13T09:35:09Z</end></TimeSpan><styleUrl>#point</styleUrl><Point><altitudeMode>clampToGround</altitudeMode><coordinates>6.914180377498269,44.898572517558932,1832.4100000000001</coordinates></Point></Placemark><Placemark><TimeSpan><begin>2024-10-13T09:35:09Z</begin><end>2024-10-13T09:35:20Z</end></TimeSpan><styleUrl>#point</styleUrl><Point><altitudeMode>clampToGround</altitudeMode><coordinates>6.914244331419468,44.898557513952255,1832.4100000000001</coordinates></Point></Placemark><Placemark><TimeSpan><begin>2024-10-13T09:35:20Z</begin><end>2024-10-13T09:35:39Z</end></TimeSpan><styleUrl>#point</styleUrl><Point><altitudeMode>clampToGround</altitudeMode><coordinates>6.914248187094927,44.898561537265778,1832.8900000000001</coordinates></Point></Placemark><Placemark><TimeSpan><begin>2024-10-13T09:35:39Z</begin><end>2024-10-13T09:35:45Z</end></TimeSpan><styleUrl>#point</styleUrl><Point><altitudeMode>clampToGround</altitudeMode><coordinates>6.914258245378733,44.898569919168949,1832.8900000000001</coordinates></Point></Placemark><Placemark><TimeSpan><begin>2024-10-13T09:35:45Z</begin><end>2024-10-13T09:35:49Z</end></TimeSpan><styleUrl>#point</styleUrl><Point><altitudeMode>clampToGround</altitudeMode><coordinates>6.914307363331318,44.898545192554593,1832.8900000000001</coordinates></Point></Placemark><Placemark><TimeSpan><begin>2024-10-13T09:35:49Z</begin><end>2024-10-13T09:35:51Z</end></TimeSpan><styleUrl>#point</styleUrl><Point><altitudeMode>clampToGround</altitudeMode><coordinates>6.914344076067209,44.898535972461104,1832.8900000000001</coordinates></Point></Placemark><Placemark><TimeSpan><begin>2024-10-13T09:35:51Z</begin><end>2024-10-13T09:36:08Z</end></TimeSpan><styleUrl>#point</styleUrl><Point><altitudeMode>clampToGround</altitudeMode><coordinates>6.914549935609102,44.898405717685819,1833.3699999999999</coordinates></Point></Placemark><Placemark><TimeSpan><begin>2024-10-13T09:36:08Z</begin><end>2024-10-13T09:36:25Z</end></TimeSpan><styleUrl>#point</styleUrl><Point><altitudeMode>clampToGround</altitudeMode><coordinates>6.914745820686221,44.898269847035408,1833.8499999999999</coordinates></Point></Placemark><Placemark><TimeSpan><begin>2024-10-13T09:36:25Z</begin><end>2024-10-13T09:36:39Z</end></TimeSpan><styleUrl>#point</styleUrl><Point><altitudeMode>clampToGround</altitudeMode><coordinates>6.914902897551656,44.898163313046098,1833.8499999999999</coordinates></Point></Placemark><Placemark><TimeSpan><begin>2024-10-13T09:36:39Z</begin><end>2024-10-13T09:36:52Z</end></TimeSpan><styleUrl>#point</styleUrl><Point><altitudeMode>clampToGround</altitudeMode><coordinates>6.914961989969015,44.898136407136917,1834.8099999999999</coordinates></Point></Placemark><Placemark><TimeSpan><begin>2024-10-13T09:36:52Z</begin><end>2024-10-13T09:37:04Z</end></TimeSpan><styleUrl>#point</styleUrl><Point><altitudeMode>clampToGround</altitudeMode><coordinates>6.914952769875526,44.898104220628738,1834.8099999999999</coordinates></Point></Placemark><Placemark><TimeSpan><begin>2024-10-13T09:37:04Z</begin><end>2024-10-13T09:37:16Z</end></TimeSpan><styleUrl>#point</styleUrl><Point><altitudeMode>clampToGround</altitudeMode><coordinates>6.915103727951646,44.897965081036091,1835.29</coordinates></Point></Placemark><Placemark><TimeSpan><begin>2024-10-13T09:37:16Z</begin><end>2024-10-13T09:37:27Z</end></TimeSpan><styleUrl>#point</styleUrl><Point><altitudeMode>clampToGround</altitudeMode><coordinates>6.915140021592379,44.897866509854794,1835.29</coordinates></Point></Placemark><Placemark><TimeSpan><begin>2024-10-13T09:37:27Z</begin><end>2024-10-13T09:37:35Z</end></TimeSpan><styleUrl>#point</styleUrl><Point><altitudeMode>clampToGround</altitudeMode><coordinates>6.915138931944966,44.897824600338936,1835.77</coordinates></Point></Placemark><Placemark><TimeSpan><begin>2024-10-13T09:37:35Z</begin><end>2024-10-13T09:37:52Z</end></TimeSpan><styleUrl>#point</styleUrl><Point><altitudeMode>clampToGround</altitudeMode><coordinates>6.915162652730942,44.897834826260805,1835.77</coordinates></Point></Placemark><Placemark><TimeSpan><begin>2024-10-13T09:37:52Z</begin><end>2024-10-13T09:38:13Z</end></TimeSpan><styleUrl>#point</styleUrl><Point><altitudeMode>clampToGround</altitudeMode><coordinates>6.915159299969673,44.897790653631091,1836.26</coordinates></Point></Placemark><Placemark><TimeSpan><begin>2024-10-13T09:38:13Z</begin><end>2024-10-13T09:38:26Z</end></TimeSpan><styleUrl>#point</styleUrl><Point><altitudeMode>clampToGround</altitudeMode><coordinates>6.915182434022427,44.897782690823078,1836.74</coordinates></Point></Placemark><Placemark><TimeSpan><begin>2024-10-13T09:38:26Z</begin><end>2024-10-13T09:38:55Z</end></TimeSpan><styleUrl>#point</styleUrl><Point><altitudeMode>clampToGround</altitudeMode><coordinates>6.915141865611076,44.897759640589356,1837.22</coordinates></Point></Placemark><Placemark><TimeSpan><begin>2024-10-13T09:38:55Z</begin><end>2024-10-13T09:38:59Z</end></TimeSpan><styleUrl>#point</styleUrl><Point><altitudeMode>clampToGround</altitudeMode><coordinates>6.915215207263827,44.897747151553631,1837.22</coordinates></Point></Placemark><Placemark><TimeSpan><begin>2024-10-13T09:38:59Z</begin><end>2024-10-13T09:39:10Z</end></TimeSpan><styleUrl>#point</styleUrl><Point><altitudeMode>clampToGround</altitudeMode><coordinates>6.915451912209392,44.897708930075169,1837.7</coordinates></Point></Placemark><Placemark><TimeSpan><begin>2024-10-13T09:39:10Z</begin><end>2024-10-13T09:39:21Z</end></TimeSpan><styleUrl>#point</styleUrl><Point><altitudeMode>clampToGround</altitudeMode><coordinates>6.915632039308548,44.897615807130933,1837.7</coordinates></Point></Placemark><Placemark><TimeSpan><begin>2024-10-13T09:39:21Z</begin><end>2024-10-13T09:39:37Z</end></TimeSpan><styleUrl>#point</styleUrl><Point><altitudeMode>clampToGround</altitudeMode><coordinates>6.915899254381657,44.897439116612077,1837.7</coordinates></Point></Placemark><Placemark><TimeSpan><begin>2024-10-13T09:39:37Z</begin><end>2024-10-13T09:39:51Z</end></TimeSpan><styleUrl>#point</styleUrl><Point><altitudeMode>clampToGround</altitudeMode><coordinates>6.916129002347589,44.897290337830782,1837.7</coordinates></Point></Placemark><Placemark><TimeSpan><begin>2024-10-13T09:39:51Z</begin><end>2024-10-13T09:40:05Z</end></TimeSpan><styleUrl>#point</styleUrl><Point><altitudeMode>clampToGround</altitudeMode><coordinates>6.916343662887812,44.897141978144646,1838.6600000000001</coordinates></Point></Placemark><Placemark><TimeSpan><begin>2024-10-13T09:40:05Z</begin><end>2024-10-13T09:40:20Z</end></TimeSpan><styleUrl>#point</styleUrl><Point><altitudeMode>clampToGround</altitudeMode><coordinates>6.916561340913177,44.89697802811861,1839.6199999999999</coordinates></Point></Placemark><Placemark><TimeSpan><begin>2024-10-13T09:40:20Z</begin><end>2024-10-13T09:40:32Z</end></TimeSpan><styleUrl>#point</styleUrl><Point><altitudeMode>clampToGround</altitudeMode><coordinates>6.916733253747225,44.896897058933973,1839.6199999999999</coordinates></Point></Placemark><Placemark><TimeSpan><begin>2024-10-13T09:40:32Z</begin><end>2024-10-13T09:40:41Z</end></TimeSpan><styleUrl>#point</styleUrl><Point><altitudeMode>clampToGround</altitudeMode><coordinates>6.916811959818006,44.896785244345665,1839.6199999999999</coordinates></Point></Placemark><Placemark><TimeSpan><begin>2024-10-13T09:40:41Z</begin><end>2024-10-13T09:40:46Z</end></TimeSpan><styleUrl>#point</styleUrl><Point><altitudeMode>clampToGround</altitudeMode><coordinates>6.916823610663414,44.896734450012445,1840.0999999999999</coordinates></Point></Placemark><Placemark><TimeSpan><begin>2024-10-13T09:40:46Z</begin><end>2024-10-13T09:40:57Z</end></TimeSpan><styleUrl>#point</styleUrl><Point><altitudeMode>clampToGround</altitudeMode><coordinates>6.916918158531189,44.896620120853186,1840.0999999999999</coordinates></Point></Placemark><Placemark><TimeSpan><begin>2024-10-13T09:40:57Z</begin><end>2024-10-13T09:41:07Z</end></TimeSpan><styleUrl>#point</styleUrl><Point><altitudeMode>clampToGround</altitudeMode><coordinates>6.916979514062405,44.89652699790895,1840.0999999999999</coordinates></Point></Placemark><Placemark><TimeSpan><begin>2024-10-13T09:41:07Z</begin><end>2024-10-13T09:41:17Z</end></TimeSpan><styleUrl>#point</styleUrl><Point><altitudeMode>clampToGround</altitudeMode><coordinates>6.917073307558894,44.896426917985082,1840.0999999999999</coordinates></Point></Placemark><Placemark><TimeSpan><begin>2024-10-13T09:41:17Z</begin><end>2024-10-13T09:41:28Z</end></TimeSpan><styleUrl>#point</styleUrl><Point><altitudeMode>clampToGround</altitudeMode><coordinates>6.917170621454716,44.896294064819813,1840.5799999999999</coordinates></Point></Placemark><Placemark><TimeSpan><begin>2024-10-13T09:41:28Z</begin><end>2024-10-13T09:41:40Z</end></TimeSpan><styleUrl>#point</styleUrl><Point><altitudeMode>clampToGround</altitudeMode><coordinates>6.917280340567231,44.896150566637516,1840.5799999999999</coordinates></Point></Placemark><Placemark><TimeSpan><begin>2024-10-13T09:41:40Z</begin><end>2024-10-13T09:41:52Z</end></TimeSpan><styleUrl>#point</styleUrl><Point><altitudeMode>clampToGround</altitudeMode><coordinates>6.917267432436347,44.896117374300957,1840.5799999999999</coordinates></Point></Placemark><Placemark><TimeSpan><begin>2024-10-13T09:41:52Z</begin><end>2024-10-13T09:42:20Z</end></TimeSpan><styleUrl>#point</styleUrl><Point><altitudeMode>clampToGround</altitudeMode><coordinates>6.917293081060052,44.89606280811131,1840.5799999999999</coordinates></Point></Placemark><Placemark><TimeSpan><begin>2024-10-13T09:42:20Z</begin><end>2024-10-13T09:42:37Z</end></TimeSpan><styleUrl>#point</styleUrl><Point><altitudeMode>clampToGround</altitudeMode><coordinates>6.917294254526496,44.896102622151375,1840.5799999999999</coordinates></Point></Placemark><Placemark><TimeSpan><begin>2024-10-13T09:42:37Z</begin><end>2024-10-13T09:42:56Z</end></TimeSpan><styleUrl>#point</styleUrl><Point><altitudeMode>clampToGround</altitudeMode><coordinates>6.917333817109466,44.896094910800457,1841.0599999999999</coordinates></Point></Placemark><Placemark><TimeSpan><begin>2024-10-13T09:42:56Z</begin><end>2024-10-13T09:43:09Z</end></TimeSpan><styleUrl>#point</styleUrl><Point><altitudeMode>clampToGround</altitudeMode><coordinates>6.917474213987589,44.895949317142367,1839.6199999999999</coordinates></Point></Placemark><Placemark><TimeSpan><begin>2024-10-13T09:43:09Z</begin><end>2024-10-13T09:43:20Z</end></TimeSpan><styleUrl>#point</styleUrl><Point><altitudeMode>clampToGround</altitudeMode><coordinates>6.917573623359203,44.89579651504755,1839.6199999999999</coordinates></Point></Placemark><Placemark><TimeSpan><begin>2024-10-13T09:43:20Z</begin><end>2024-10-13T09:43:31Z</end></TimeSpan><styleUrl>#point</styleUrl><Point><altitudeMode>clampToGround</altitudeMode><coordinates>6.917691808193922,44.895682269707322,1839.6199999999999</coordinates></Point></Placemark><Placemark><TimeSpan><begin>2024-10-13T09:43:31Z</begin><end>2024-10-13T09:43:43Z</end></TimeSpan><styleUrl>#point</styleUrl><Point><altitudeMode>clampToGround</altitudeMode><coordinates>6.917705219238997,44.895631140097976,1839.6199999999999</coordinates></Point></Placemark><Placemark><TimeSpan><begin>2024-10-13T09:43:43Z</begin><end>2024-10-13T09:43:49Z</end></TimeSpan><styleUrl>#point</styleUrl><Point><altitudeMode>clampToGround</altitudeMode><coordinates>6.917719217017293,44.895544638857245,1839.1400000000001</coordinates></Point></Placemark><Placemark><TimeSpan><begin>2024-10-13T09:43:49Z</begin><end>2024-10-13T09:44:00Z</end></TimeSpan><styleUrl>#point</styleUrl><Point><altitudeMode>clampToGround</altitudeMode><coordinates>6.917811837047339,44.895356632769108,1839.1400000000001</coordinates></Point></Placemark><Placemark><TimeSpan><begin>2024-10-13T09:44:00Z</begin><end>2024-10-13T09:44:14Z</end></TimeSpan><styleUrl>#point</styleUrl><Point><altitudeMode>clampToGround</altitudeMode><coordinates>6.917903870344162,44.895170638337731,1838.6600000000001</coordinates></Point></Placemark><Placemark><TimeSpan><begin>2024-10-13T09:44:14Z</begin><end>2024-10-13T09:44:26Z</end></TimeSpan><styleUrl>#point</styleUrl><Point><altitudeMode>clampToGround</altitudeMode><coordinates>6.917985342442989,44.895018842071295,1838.6600000000001</coordinates></Point></Placemark><Placemark><TimeSpan><begin>2024-10-13T09:44:26Z</begin><end>2024-10-13T09:44:39Z</end></TimeSpan><styleUrl>#point</styleUrl><Point><altitudeMode>clampToGround</altitudeMode><coordinates>6.918091792613268,44.894831171259284,1838.6600000000001</coordinates></Point></Placemark><Placemark><TimeSpan><begin>2024-10-13T09:44:39Z</begin><end>2024-10-13T09:44:51Z</end></TimeSpan><styleUrl>#point</styleUrl><Point><altitudeMode>clampToGround</altitudeMode><coordinates>6.918169911950827,44.89461206831038,1838.6600000000001</coordinates></Point></Placemark><Placemark><TimeSpan><begin>2024-10-13T09:44:51Z</begin><end>2024-10-13T09:45:02Z</end></TimeSpan><styleUrl>#point</styleUrl><Point><altitudeMode>clampToGround</altitudeMode><coordinates>6.918252808973193,44.894435126334429,1838.6600000000001</coordinates></Point></Placemark><Placemark><TimeSpan><begin>2024-10-13T09:45:02Z</begin><end>2024-10-13T09:45:13Z</end></TimeSpan><styleUrl>#point</styleUrl><Point><altitudeMode>clampToGround</altitudeMode><coordinates>6.918380800634623,44.894296573475003,1838.6600000000001</coordinates></Point></Placemark><Placemark><TimeSpan><begin>2024-10-13T09:45:13Z</begin><end>2024-10-13T09:45:25Z</end></TimeSpan><styleUrl>#point</styleUrl><Point><altitudeMode>clampToGround</altitudeMode><coordinates>6.918575093150139,44.894191715866327,1838.6600000000001</coordinates></Point></Placemark><Placemark><TimeSpan><begin>2024-10-13T09:45:25Z</begin><end>2024-10-13T09:45:37Z</end></TimeSpan><styleUrl>#point</styleUrl><Point><altitudeMode>clampToGround</altitudeMode><coordinates>6.918775755912066,44.894157182425261,1840.0999999999999</coordinates></Point></Placemark><Placemark><TimeSpan><begin>2024-10-13T09:45:37Z</begin><end>2024-10-13T09:45:47Z</end></TimeSpan><styleUrl>#point</styleUrl><Point><altitudeMode>clampToGround</altitudeMode><coordinates>6.918925289064646,44.89413321018219,1840.0999999999999</coordinates></Point></Placemark><Placemark><TimeSpan><begin>2024-10-13T09:45:47Z</begin><end>2024-10-13T09:45:58Z</end></TimeSpan><styleUrl>#point</styleUrl><Point><altitudeMode>clampToGround</altitudeMode><coordinates>6.919045485556126,44.894114518538117,1841.0599999999999</coordinates></Point></Placemark><Placemark><TimeSpan><begin>2024-10-13T09:45:58Z</begin><end>2024-10-13T09:46:07Z</end></TimeSpan><styleUrl>#point</styleUrl><Point><altitudeMode>clampToGround</altitudeMode><coordinates>6.919131819158793,44.894094653427601,1841.0599999999999</coordinates></Point></Placemark><Placemark><TimeSpan><begin>2024-10-13T09:46:07Z</begin><end>2024-10-13T09:46:18Z</end></TimeSpan><styleUrl>#point</styleUrl><Point><altitudeMode>clampToGround</altitudeMode><coordinates>6.919307336211205,44.89405794069171,1841.54</coordinates></Point></Placemark><Placemark><TimeSpan><begin>2024-10-13T09:46:18Z</begin><end>2024-10-13T09:46:29Z</end></TimeSpan><styleUrl>#point</styleUrl><Point><altitudeMode>clampToGround</altitudeMode><coordinates>6.919466508552432,44.894020557403564,1842.02</coordinates></Point></Placemark><Placemark><TimeSpan><begin>2024-10-13T09:46:29Z</begin><end>2024-10-13T09:46:40Z</end></TimeSpan><styleUrl>#point</styleUrl><Point><altitudeMode>clampToGround</altitudeMode><coordinates>6.919609839096665,44.893982000648975,1842.98</coordinates></Point></Placemark><Placemark><TimeSpan><begin>2024-10-13T09:46:40Z</begin><end>2024-10-13T09:46:53Z</end></TimeSpan><styleUrl>#point</styleUrl><Point><altitudeMode>clampToGround</altitudeMode><coordinates>6.919831372797489,44.893930535763502,1843.95</coordinates></Point></Placemark><Placemark><TimeSpan><begin>2024-10-13T09:46:53Z</begin><end>2024-10-13T09:47:04Z</end></TimeSpan><styleUrl>#point</styleUrl><Point><altitudeMode>clampToGround</altitudeMode><coordinates>6.919966153800488,44.89388451911509,1844.9100000000001</coordinates></Point></Placemark><Placemark><TimeSpan><begin>2024-10-13T09:47:04Z</begin><end>2024-10-13T09:47:25Z</end></TimeSpan><styleUrl>#point</styleUrl><Point><altitudeMode>clampToGround</altitudeMode><coordinates>6.920040752738714,44.893877226859331,1845.3900000000001</coordinates></Point></Placemark><Placemark><TimeSpan><begin>2024-10-13T09:47:25Z</begin><end>2024-10-13T09:47:49Z</end></TimeSpan><styleUrl>#point</styleUrl><Point><altitudeMode>clampToGround</altitudeMode><coordinates>6.920185256749392,44.893840597942472,1845.3900000000001</coordinates></Point></Placemark><Placemark><TimeSpan><begin>2024-10-13T09:47:49Z</begin><end>2024-10-13T09:47:59Z</end></TimeSpan><styleUrl>#point</styleUrl><Point><altitudeMode>clampToGround</altitudeMode><coordinates>6.920310063287616,44.893801957368851,1846.3499999999999</coordinates></Point></Placemark><Placemark><TimeSpan><begin>2024-10-13T09:47:59Z</begin><end>2024-10-13T09:48:11Z</end></TimeSpan><styleUrl>#point</styleUrl><Point><altitudeMode>clampToGround</altitudeMode><coordinates>6.920492704957724,44.893782678991556,1848.27</coordinates></Point></Placemark><Placemark><TimeSpan><begin>2024-10-13T09:48:11Z</begin><end>2024-10-13T09:48:24Z</end></TimeSpan><styleUrl>#point</styleUrl><Point><altitudeMode>clampToGround</altitudeMode><coordinates>6.920774504542351,44.893727190792561,1850.1900000000001</coordinates></Point></Placemark><Placemark><TimeSpan><begin>2024-10-13T09:48:24Z</begin><end>2024-10-13T09:48:32Z</end></TimeSpan><styleUrl>#point</styleUrl><Point><altitudeMode>clampToGround</altitudeMode><coordinates>6.920901909470558,44.893717551603913,1850.6800000000001</coordinates></Point></Placemark><Placemark><TimeSpan><begin>2024-10-13T09:48:32Z</begin><end>2024-10-13T09:48:36Z</end></TimeSpan><styleUrl>#point</styleUrl><Point><altitudeMode>clampToGround</altitudeMode><coordinates>6.920973910018802,44.893708163872361,1850.6800000000001</coordinates></Point></Placemark><Placemark><TimeSpan><begin>2024-10-13T09:48:36Z</begin><end>2024-10-13T09:48:49Z</end></TimeSpan><styleUrl>#point</styleUrl><Point><altitudeMode>clampToGround</altitudeMode><coordinates>6.921123275533319,44.893590733408928,1850.6800000000001</coordinates></Point></Placemark><Placemark><TimeSpan><begin>2024-10-13T09:48:49Z</begin><end>2024-10-13T09:49:00Z</end></TimeSpan><styleUrl>#point</styleUrl><Point><altitudeMode>clampToGround</altitudeMode><coordinates>6.921194018796086,44.893496688455343,1851.1600000000001</coordinates></Point></Placemark><Placemark><TimeSpan><begin>2024-10-13T09:49:00Z</begin><end>2024-10-13T09:49:01Z</end></TimeSpan><styleUrl>#point</styleUrl><Point><altitudeMode>clampToGround</altitudeMode><coordinates>6.921201646327972,44.893486546352506,1851.1600000000001</coordinates></Point></Placemark><Placemark><TimeSpan><begin>2024-10-13T09:49:01Z</begin><end>2024-10-13T09:49:14Z</end></TimeSpan><styleUrl>#point</styleUrl><Point><altitudeMode>clampToGround</altitudeMode><coordinates>6.921290578320622,44.893425609916449,1851.6400000000001</coordinates></Point></Placemark><Placemark><TimeSpan><begin>2024-10-13T09:49:14Z</begin><end>2024-10-13T09:49:23Z</end></TimeSpan><styleUrl>#point</styleUrl><Point><altitudeMode>clampToGround</altitudeMode><coordinates>6.921380097046495,44.893373809754848,1851.6400000000001</coordinates></Point></Placemark><Placemark><TimeSpan><begin>2024-10-13T09:49:23Z</begin><end>2024-10-13T09:49:33Z</end></TimeSpan><styleUrl>#point</styleUrl><Point><altitudeMode>clampToGround</altitudeMode><coordinates>6.921404404565692,44.893332067877054,1852.1199999999999</coordinates></Point></Placemark><Placemark><TimeSpan><begin>2024-10-13T09:49:33Z</begin><end>2024-10-13T09:49:56Z</end></TimeSpan><styleUrl>#point</styleUrl><Point><altitudeMode>clampToGround</altitudeMode><coordinates>6.921348916366696,44.893296528607607,1852.1199999999999</coordinates></Point></Placemark><Placemark><TimeSpan><begin>2024-10-13T09:49:56Z</begin><end>2024-10-13T09:50:19Z</end></TimeSpan><styleUrl>#point</styleUrl><Point><altitudeMode>clampToGround</altitudeMode><coordinates>6.92136324942112,44.89325855858624,1852.5999999999999</coordinates></Point></Placemark><Placemark><TimeSpan><begin>2024-10-13T09:50:19Z</begin><end>2024-10-13T09:50:30Z</end></TimeSpan><styleUrl>#point</styleUrl><Point><altitudeMode>clampToGround</altitudeMode><coordinates>6.921555530279875,44.89320432767272,1853.5599999999999</coordinates></Point></Placemark><Placemark><TimeSpan><begin>2024-10-13T09:50:30Z</begin><end>2024-10-13T09:50:35Z</end></TimeSpan><styleUrl>#point</styleUrl><Point><altitudeMode>clampToGround</altitudeMode><coordinates>6.921637505292893,44.893166776746511,1854.04</coordinates></Point></Placemark><Placemark><TimeSpan><begin>2024-10-13T09:50:35Z</begin><end>2024-10-13T09:50:47Z</end></TimeSpan><styleUrl>#point</styleUrl><Point><altitudeMode>clampToGround</altitudeMode><coordinates>6.921904217451811,44.893091591075063,1855.96</coordinates></Point></Placemark><Placemark><TimeSpan><begin>2024-10-13T09:50:47Z</begin><end>2024-10-13T09:51:01Z</end></TimeSpan><styleUrl>#point</styleUrl><Point><altitudeMode>clampToGround</altitudeMode><coordinates>6.922115022316575,44.893022775650024,1857.8900000000001</coordinates></Point></Placemark><Placemark><TimeSpan><begin>2024-10-13T09:51:01Z</begin><end>2024-10-13T09:51:09Z</end></TimeSpan><styleUrl>#point</styleUrl><Point><altitudeMode>clampToGround</altitudeMode><coordinates>6.922250641509891,44.893013471737504,1859.3299999999999</coordinates></Point></Placemark><Placemark><TimeSpan><begin>2024-10-13T09:51:09Z</begin><end>2024-10-13T09:51:22Z</end></TimeSpan><styleUrl>#point</styleUrl><Point><altitudeMode>clampToGround</altitudeMode><coordinates>6.922489944845438,44.892993103712797,1859.3299999999999</coordinates></Point></Placemark><Placemark><TimeSpan><begin>2024-10-13T09:51:22Z</begin><end>2024-10-13T09:51:34Z</end></TimeSpan><styleUrl>#point</styleUrl><Point><altitudeMode>clampToGround</altitudeMode><coordinates>6.922707036137581,44.8929722327739,1858.8499999999999</coordinates></Point></Placemark><Placemark><TimeSpan><begin>2024-10-13T09:51:34Z</begin><end>2024-10-13T09:51:38Z</end></TimeSpan><styleUrl>#point</styleUrl><Point><altitudeMode>clampToGround</altitudeMode><coordinates>6.922783562913537,44.892941387370229,1858.8499999999999</coordinates></Point></Placemark><Placemark><TimeSpan><begin>2024-10-13T09:51:38Z</begin><end>2024-10-13T09:51:51Z</end></TimeSpan><styleUrl>#point</styleUrl><Point><altitudeMode>clampToGround</altitudeMode><coordinates>6.923070475459099,44.89288916811347,1859.3299999999999</coordinates></Point></Placemark><Placemark><TimeSpan><begin>2024-10-13T09:51:51Z</begin><end>2024-10-13T09:52:02Z</end></TimeSpan><styleUrl>#point</styleUrl><Point><altitudeMode>clampToGround</altitudeMode><coordinates>6.923279855400324,44.892815742641687,1859.8099999999999</coordinates></Point></Placemark><Placemark><TimeSpan><begin>2024-10-13T09:52:02Z</begin><end>2024-10-13T09:52:13Z</end></TimeSpan><styleUrl>#point</styleUrl><Point><altitudeMode>clampToGround</altitudeMode><coordinates>6.923474818468094,44.89273427054286,1860.77</coordinates></Point></Placemark><Placemark><TimeSpan><begin>2024-10-13T09:52:13Z</begin><end>2024-10-13T09:52:18Z</end></TimeSpan><styleUrl>#point</styleUrl><Point><altitudeMode>clampToGround</altitudeMode><coordinates>6.923552518710494,44.892721781507134,1860.77</coordinates></Point></Placemark><Placemark><TimeSpan><begin>2024-10-13T09:52:18Z</begin><end>2024-10-13T09:52:30Z</end></TimeSpan><styleUrl>#point</styleUrl><Point><altitudeMode>clampToGround</altitudeMode><coordinates>6.923730717971921,44.892679704353213,1860.29</coordinates></Point></Placemark><Placemark><TimeSpan><begin>2024-10-13T09:52:30Z</begin><end>2024-10-13T09:52:49Z</end></TimeSpan><styleUrl>#point</styleUrl><Point><altitudeMode>clampToGround</altitudeMode><coordinates>6.923748990520835,44.892692109569907,1860.29</coordinates></Point></Placemark><Placemark><TimeSpan><begin>2024-10-13T09:52:49Z</begin><end>2024-10-13T09:53:01Z</end></TimeSpan><styleUrl>#point</styleUrl><Point><altitudeMode>clampToGround</altitudeMode><coordinates>6.923775896430016,44.892700826749206,1860.29</coordinates></Point></Placemark><Placemark><TimeSpan><begin>2024-10-13T09:53:01Z</begin><end>2024-10-13T09:53:14Z</end></TimeSpan><styleUrl>#point</styleUrl><Point><altitudeMode>clampToGround</altitudeMode><coordinates>6.923779752105475,44.89266294054687,1860.29</coordinates></Point></Placemark><Placemark><TimeSpan><begin>2024-10-13T09:53:14Z</begin><end>2024-10-13T09:53:24Z</end></TimeSpan><styleUrl>#point</styleUrl><Point><altitudeMode>clampToGround</altitudeMode><coordinates>6.923865666612983,44.892551880329847,1860.29</coordinates></Point></Placemark><Placemark><TimeSpan><begin>2024-10-13T09:53:24Z</begin><end>2024-10-13T09:53:28Z</end></TimeSpan><styleUrl>#point</styleUrl><Point><altitudeMode>clampToGround</altitudeMode><coordinates>6.923889638856053,44.892498068511486,1858.8499999999999</coordinates></Point></Placemark><Placemark><TimeSpan><begin>2024-10-13T09:53:28Z</begin><end>2024-10-13T09:53:41Z</end></TimeSpan><styleUrl>#point</styleUrl><Point><altitudeMode>clampToGround</altitudeMode><coordinates>6.923933308571577,44.892340404912829,1858.8499999999999</coordinates></Point></Placemark><Placemark><TimeSpan><begin>2024-10-13T09:53:41Z</begin><end>2024-10-13T09:53:44Z</end></TimeSpan><styleUrl>#point</styleUrl><Point><altitudeMode>clampToGround</altitudeMode><coordinates>6.923964656889439,44.892292460426688,1858.8499999999999</coordinates></Point></Placemark><Placemark><TimeSpan><begin>2024-10-13T09:53:44Z</begin><end>2024-10-13T09:53:52Z</end></TimeSpan><styleUrl>#point</styleUrl><Point><altitudeMode>clampToGround</altitudeMode><coordinates>6.924094744026661,44.892183914780617,1858.3699999999999</coordinates></Point></Placemark><Placemark><TimeSpan><begin>2024-10-13T09:53:52Z</begin><end>2024-10-13T09:53:56Z</end></TimeSpan><styleUrl>#point</styleUrl><Point><altitudeMode>clampToGround</altitudeMode><coordinates>6.92416506819427,44.892148459330201,1858.3699999999999</coordinates></Point></Placemark><Placemark><TimeSpan><begin>2024-10-13T09:53:56Z</begin><end>2024-10-13T09:54:07Z</end></TimeSpan><styleUrl>#point</styleUrl><Point><altitudeMode>clampToGround</altitudeMode><coordinates>6.924332538619638,44.892098838463426,1856.9200000000001</coordinates></Point></Placemark><Placemark><TimeSpan><begin>2024-10-13T09:54:07Z</begin><end>2024-10-13T09:54:12Z</end></TimeSpan><styleUrl>#point</styleUrl><Point><altitudeMode>clampToGround</altitudeMode><coordinates>6.924394061788917,44.89212641492486,1856.9200000000001</coordinates></Point></Placemark><Placemark><TimeSpan><begin>2024-10-13T09:54:12Z</begin><end>2024-10-13T09:54:16Z</end></TimeSpan><styleUrl>#point</styleUrl><Point><altitudeMode>clampToGround</altitudeMode><coordinates>6.924490286037326,44.892131192609668,1856.4400000000001</coordinates></Point></Placemark><Placemark><TimeSpan><begin>2024-10-13T09:54:16Z</begin><end>2024-10-13T09:54:27Z</end></TimeSpan><styleUrl>#point</styleUrl><Point><altitudeMode>clampToGround</altitudeMode><coordinates>6.924644010141492,44.892187351360917,1856.9200000000001</coordinates></Point></Placemark><Placemark><TimeSpan><begin>2024-10-13T09:54:27Z</begin><end>2024-10-13T09:54:38Z</end></TimeSpan><styleUrl>#point</styleUrl><Point><altitudeMode>clampToGround</altitudeMode><coordinates>6.924663791432977,44.892193470150232,1856.9200000000001</coordinates></Point></Placemark><Placemark><TimeSpan><begin>2024-10-13T09:54:38Z</begin><end>2024-10-13T09:55:03Z</end></TimeSpan><styleUrl>#point</styleUrl><Point><altitudeMode>clampToGround</altitudeMode><coordinates>6.924692206084728,44.892134042456746,1856.9200000000001</coordinates></Point></Placemark><Placemark><TimeSpan><begin>2024-10-13T09:55:03Z</begin><end>2024-10-13T09:55:12Z</end></TimeSpan><styleUrl>#point</styleUrl><Point><altitudeMode>clampToGround</altitudeMode><coordinates>6.924626994878054,44.892077213153243,1856.9200000000001</coordinates></Point></Placemark><Placemark><TimeSpan><begin>2024-10-13T09:55:12Z</begin><end>2024-10-13T09:55:18Z</end></TimeSpan><styleUrl>#point</styleUrl><Point><altitudeMode>clampToGround</altitudeMode><coordinates>6.924716681241989,44.892038488760591,1856.9200000000001</coordinates></Point></Placemark><Placemark><TimeSpan><begin>2024-10-13T09:55:18Z</begin><end>2024-10-13T09:55:21Z</end></TimeSpan><styleUrl>#point</styleUrl><Point><altitudeMode>clampToGround</altitudeMode><coordinates>6.924768732860684,44.892036812379956,1857.8900000000001</coordinates></Point></Placemark><Placemark><TimeSpan><begin>2024-10-13T09:55:21Z</begin><end>2024-10-13T09:55:32Z</end></TimeSpan><styleUrl>#point</styleUrl><Point><altitudeMode>clampToGround</altitudeMode><coordinates>6.924877110868692,44.892024490982294,1858.3699999999999</coordinates></Point></Placemark><Placemark><TimeSpan><begin>2024-10-13T09:55:32Z</begin><end>2024-10-13T09:55:45Z</end></TimeSpan><styleUrl>#point</styleUrl><Point><altitudeMode>clampToGround</altitudeMode><coordinates>6.925063356757164,44.89200814627111,1858.8499999999999</coordinates></Point></Placemark><Placemark><TimeSpan><begin>2024-10-13T09:55:45Z</begin><end>2024-10-13T09:55:48Z</end></TimeSpan><styleUrl>#point</styleUrl><Point><altitudeMode>clampToGround</altitudeMode><coordinates>6.925117922946811,44.892007643356919,1859.3299999999999</coordinates></Point></Placemark><Placemark><TimeSpan><begin>2024-10-13T09:55:48Z</begin><end>2024-10-13T09:55:59Z</end></TimeSpan><styleUrl>#point</styleUrl><Point><altitudeMode>clampToGround</altitudeMode><coordinates>6.925332164391875,44.89197788760066,1859.3299999999999</coordinates></Point></Placemark><Placemark><TimeSpan><begin>2024-10-13T09:55:59Z</begin><end>2024-10-13T09:56:09Z</end></TimeSpan><styleUrl>#point</styleUrl><Point><altitudeMode>clampToGround</altitudeMode><coordinates>6.925390167161822,44.891978222876787,1859.8099999999999</coordinates></Point></Placemark><Placemark><TimeSpan><begin>2024-10-13T09:56:09Z</begin><end>2024-10-13T09:56:35Z</end></TimeSpan><styleUrl>#point</styleUrl><Point><altitudeMode>clampToGround</altitudeMode><coordinates>6.925504244863987,44.891955424100161,1859.8099999999999</coordinates></Point></Placemark><Placemark><TimeSpan><begin>2024-10-13T09:56:35Z</begin><end>2024-10-13T09:56:36Z</end></TimeSpan><styleUrl>#point</styleUrl><Point><altitudeMode>clampToGround</altitudeMode><coordinates>6.925519416108728,44.891940839588642,1859.8099999999999</coordinates></Point></Placemark><Placemark><TimeSpan><begin>2024-10-13T09:56:36Z</begin><end>2024-10-13T09:56:47Z</end></TimeSpan><styleUrl>#point</styleUrl><Point><altitudeMode>clampToGround</altitudeMode><coordinates>6.925654951483011,44.891901779919863,1860.29</coordinates></Point></Placemark><Placemark><TimeSpan><begin>2024-10-13T09:56:47Z</begin><end>2024-10-13T09:57:10Z</end></TimeSpan><styleUrl>#point</styleUrl><Point><altitudeMode>clampToGround</altitudeMode><coordinates>6.925644893199205,44.891898091882467,1860.29</coordinates></Point></Placemark><Placemark><TimeSpan><begin>2024-10-13T09:57:10Z</begin><end>2024-10-13T09:57:14Z</end></TimeSpan><styleUrl>#point</styleUrl><Point><altitudeMode>clampToGround</altitudeMode><coordinates>6.925732987001538,44.891878645867109,1860.29</coordinates></Point></Placemark><Placemark><TimeSpan><begin>2024-10-13T09:57:14Z</begin><end>2024-10-13T09:57:24Z</end></TimeSpan><styleUrl>#point</styleUrl><Point><altitudeMode>clampToGround</altitudeMode><coordinates>6.925861984491348,44.891868503764272,1861.25</coordinates></Point></Placemark><Placemark><TimeSpan><begin>2024-10-13T09:57:24Z</begin><end>2024-10-13T09:57:32Z</end></TimeSpan><styleUrl>#point</styleUrl><Point><altitudeMode>clampToGround</altitudeMode><coordinates>6.925907079130411,44.891864061355591,1861.73</coordinates></Point></Placemark><Placemark><TimeSpan><begin>2024-10-13T09:57:32Z</begin><end>2024-10-13T09:57:41Z</end></TimeSpan><styleUrl>#point</styleUrl><Point><altitudeMode>clampToGround</altitudeMode><coordinates>6.926006739959121,44.891827935352921,1862.21</coordinates></Point></Placemark><Placemark><TimeSpan><begin>2024-10-13T09:57:41Z</begin><end>2024-10-13T09:57:45Z</end></TimeSpan><styleUrl>#point</styleUrl><Point><altitudeMode>clampToGround</altitudeMode><coordinates>6.926058875396848,44.891811506822705,1862.21</coordinates></Point></Placemark><Placemark><TimeSpan><begin>2024-10-13T09:57:45Z</begin><end>2024-10-13T09:57:58Z</end></TimeSpan><styleUrl>#point</styleUrl><Point><altitudeMode>clampToGround</altitudeMode><coordinates>6.926310667768121,44.891707990318537,1863.6500000000001</coordinates></Point></Placemark><Placemark><TimeSpan><begin>2024-10-13T09:57:58Z</begin><end>2024-10-13T09:58:11Z</end></TimeSpan><styleUrl>#point</styleUrl><Point><altitudeMode>clampToGround</altitudeMode><coordinates>6.926535554230213,44.891605563461781,1866.0599999999999</coordinates></Point></Placemark><Placemark><TimeSpan><begin>2024-10-13T09:58:11Z</begin><end>2024-10-13T09:58:14Z</end></TimeSpan><styleUrl>#point</styleUrl><Point><altitudeMode>clampToGround</altitudeMode><coordinates>6.926586264744401,44.89158502779901,1866.0599999999999</coordinates></Point></Placemark><Placemark><TimeSpan><begin>2024-10-13T09:58:14Z</begin><end>2024-10-13T09:58:19Z</end></TimeSpan><styleUrl>#point</styleUrl><Point><altitudeMode>clampToGround</altitudeMode><coordinates>6.92664384841919,44.891540519893169,1866.0599999999999</coordinates></Point></Placemark><Placemark><TimeSpan><begin>2024-10-13T09:58:19Z</begin><end>2024-10-13T09:58:31Z</end></TimeSpan><styleUrl>#point</styleUrl><Point><altitudeMode>clampToGround</altitudeMode><coordinates>6.926807798445225,44.891446139663458,1867.02</coordinates></Point></Placemark><Placemark><TimeSpan><begin>2024-10-13T09:58:31Z</begin><end>2024-10-13T09:58:44Z</end></TimeSpan><styleUrl>#point</styleUrl><Point><altitudeMode>clampToGround</altitudeMode><coordinates>6.927012735977769,44.891347903758287,1867.98</coordinates></Point></Placemark><Placemark><TimeSpan><begin>2024-10-13T09:58:44Z</begin><end>2024-10-13T09:58:56Z</end></TimeSpan><styleUrl>#point</styleUrl><Point><altitudeMode>clampToGround</altitudeMode><coordinates>6.927199736237526,44.891267772763968,1868.46</coordinates></Point></Placemark><Placemark><TimeSpan><begin>2024-10-13T09:58:56Z</begin><end>2024-10-13T09:59:07Z</end></TimeSpan><styleUrl>#point</styleUrl><Point><altitudeMode>clampToGround</altitudeMode><coordinates>6.927287494763732,44.891246566548944,1867.02</coordinates></Point></Placemark><Placemark><TimeSpan><begin>2024-10-13T09:59:07Z</begin><end>2024-10-13T09:59:23Z</end></TimeSpan><styleUrl>#point</styleUrl><Point><altitudeMode>clampToGround</altitudeMode><coordinates>6.927335020154715,44.89120532758534,1867.02</coordinates></Point></Placemark><Placemark><TimeSpan><begin>2024-10-13T09:59:23Z</begin><end>2024-10-13T09:59:33Z</end></TimeSpan><styleUrl>#point</styleUrl><Point><altitudeMode>clampToGround</altitudeMode><coordinates>6.927320770919323,44.891182109713554,1867.98</coordinates></Point></Placemark><Placemark><TimeSpan><begin>2024-10-13T09:59:33Z</begin><end>2024-10-13T09:59:52Z</end></TimeSpan><styleUrl>#point</styleUrl><Point><altitudeMode>clampToGround</altitudeMode><coordinates>6.927285315468907,44.891151515766978,1867.98</coordinates></Point></Placemark><Placemark><TimeSpan><begin>2024-10-13T09:59:52Z</begin><end>2024-10-13T10:00:03Z</end></TimeSpan><styleUrl>#point</styleUrl><Point><altitudeMode>clampToGround</altitudeMode><coordinates>6.927420515567064,44.891072809696198,1867.98</coordinates></Point></Placemark><Placemark><TimeSpan><begin>2024-10-13T10:00:03Z</begin><end>2024-10-13T10:00:15Z</end></TimeSpan><styleUrl>#point</styleUrl><Point><altitudeMode>clampToGround</altitudeMode><coordinates>6.927562337368727,44.890908021479845,1867.98</coordinates></Point></Placemark><Placemark><TimeSpan><begin>2024-10-13T10:00:15Z</begin><end>2024-10-13T10:00:23Z</end></TimeSpan><styleUrl>#point</styleUrl><Point><altitudeMode>clampToGround</altitudeMode><coordinates>6.927626375108957,44.890802325680852,1867.98</coordinates></Point></Placemark><Placemark><TimeSpan><begin>2024-10-13T10:00:23Z</begin><end>2024-10-13T10:00:28Z</end></TimeSpan><styleUrl>#point</styleUrl><Point><altitudeMode>clampToGround</altitudeMode><coordinates>6.927691167220473,44.890720685943961,1867.98</coordinates></Point></Placemark><Placemark><TimeSpan><begin>2024-10-13T10:00:28Z</begin><end>2024-10-13T10:00:43Z</end></TimeSpan><styleUrl>#point</styleUrl><Point><altitudeMode>clampToGround</altitudeMode><coordinates>6.927809352055192,44.890508120879531,1867.02</coordinates></Point></Placemark><Placemark><TimeSpan><begin>2024-10-13T10:00:43Z</begin><end>2024-10-13T10:00:54Z</end></TimeSpan><styleUrl>#point</styleUrl><Point><altitudeMode>clampToGround</altitudeMode><coordinates>6.927943713963032,44.890356240794063,1866.54</coordinates></Point></Placemark><Placemark><TimeSpan><begin>2024-10-13T10:00:54Z</begin><end>2024-10-13T10:01:07Z</end></TimeSpan><styleUrl>#point</styleUrl><Point><altitudeMode>clampToGround</altitudeMode><coordinates>6.92815569229424,44.890224644914269,1866.54</coordinates></Point></Placemark><Placemark><TimeSpan><begin>2024-10-13T10:01:07Z</begin><end>2024-10-13T10:01:18Z</end></TimeSpan><styleUrl>#point</styleUrl><Point><altitudeMode>clampToGround</altitudeMode><coordinates>6.928340597078204,44.890144430100918,1866.54</coordinates></Point></Placemark><Placemark><TimeSpan><begin>2024-10-13T10:01:18Z</begin><end>2024-10-13T10:01:32Z</end></TimeSpan><styleUrl>#point</styleUrl><Point><altitudeMode>clampToGround</altitudeMode><coordinates>6.928546959534288,44.8900365550071,1867.5</coordinates></Point></Placemark><Placemark><TimeSpan><begin>2024-10-13T10:01:32Z</begin><end>2024-10-13T10:01:45Z</end></TimeSpan><styleUrl>#point</styleUrl><Point><altitudeMode>clampToGround</altitudeMode><coordinates>6.928736390545964,44.889954077079892,1867.98</coordinates></Point></Placemark><Placemark><TimeSpan><begin>2024-10-13T10:01:45Z</begin><end>2024-10-13T10:01:56Z</end></TimeSpan><styleUrl>#point</styleUrl><Point><altitudeMode>clampToGround</altitudeMode><coordinates>6.92890134640038,44.88991099409759,1868.9400000000001</coordinates></Point></Placemark><Placemark><TimeSpan><begin>2024-10-13T10:01:56Z</begin><end>2024-10-13T10:02:08Z</end></TimeSpan><styleUrl>#point</styleUrl><Point><altitudeMode>clampToGround</altitudeMode><coordinates>6.929013496264815,44.889857517555356,1869.9000000000001</coordinates></Point></Placemark><Placemark><TimeSpan><begin>2024-10-13T10:02:08Z</begin><end>2024-10-13T10:02:20Z</end></TimeSpan><styleUrl>#point</styleUrl><Point><altitudeMode>clampToGround</altitudeMode><coordinates>6.929107876494527,44.889763807877898,1869.9000000000001</coordinates></Point></Placemark><Placemark><TimeSpan><begin>2024-10-13T10:02:20Z</begin><end>2024-10-13T10:02:30Z</end></TimeSpan><styleUrl>#point</styleUrl><Point><altitudeMode>clampToGround</altitudeMode><coordinates>6.929191946983337,44.889699937775731,1870.3800000000001</coordinates></Point></Placemark><Placemark><TimeSpan><begin>2024-10-13T10:02:30Z</begin><end>2024-10-13T10:02:42Z</end></TimeSpan><styleUrl>#point</styleUrl><Point><altitudeMode>clampToGround</altitudeMode><coordinates>6.92930594086647,44.889608658850193,1870.3800000000001</coordinates></Point></Placemark><Placemark><TimeSpan><begin>2024-10-13T10:02:42Z</begin><end>2024-10-13T10:02:47Z</end></TimeSpan><styleUrl>#point</styleUrl><Point><altitudeMode>clampToGround</altitudeMode><coordinates>6.929346341639757,44.889574376866221,1870.3800000000001</coordinates></Point></Placemark><Placemark><TimeSpan><begin>2024-10-13T10:02:47Z</begin><end>2024-10-13T10:02:58Z</end></TimeSpan><styleUrl>#point</styleUrl><Point><altitudeMode>clampToGround</altitudeMode><coordinates>6.929467292502523,44.889508914202452,1871.3399999999999</coordinates></Point></Placemark><Placemark><TimeSpan><begin>2024-10-13T10:02:58Z</begin><end>2024-10-13T10:03:11Z</end></TimeSpan><styleUrl>#point</styleUrl><Point><altitudeMode>clampToGround</altitudeMode><coordinates>6.929631661623716,44.889440601691604,1871.3399999999999</coordinates></Point></Placemark><Placemark><TimeSpan><begin>2024-10-13T10:03:11Z</begin><end>2024-10-13T10:03:18Z</end></TimeSpan><styleUrl>#point</styleUrl><Point><altitudeMode>clampToGround</altitudeMode><coordinates>6.929668290540576,44.889430375769734,1871.3399999999999</coordinates></Point></Placemark><Placemark><TimeSpan><begin>2024-10-13T10:03:18Z</begin><end>2024-10-13T10:03:29Z</end></TimeSpan><styleUrl>#point</styleUrl><Point><altitudeMode>clampToGround</altitudeMode><coordinates>6.929817907512188,44.889383018016815,1871.8199999999999</coordinates></Point></Placemark><Placemark><TimeSpan><begin>2024-10-13T10:03:29Z</begin><end>2024-10-13T10:03:38Z</end></TimeSpan><styleUrl>#point</styleUrl><Point><altitudeMode>clampToGround</altitudeMode><coordinates>6.929957550019026,44.889346221461892,1872.3</coordinates></Point></Placemark><Placemark><TimeSpan><begin>2024-10-13T10:03:38Z</begin><end>2024-10-13T10:03:49Z</end></TimeSpan><styleUrl>#point</styleUrl><Point><altitudeMode>clampToGround</altitudeMode><coordinates>6.930120410397649,44.889302384108305,1872.79</coordinates></Point></Placemark><Placemark><TimeSpan><begin>2024-10-13T10:03:49Z</begin><end>2024-10-13T10:04:01Z</end></TimeSpan><styleUrl>#point</styleUrl><Point><altitudeMode>clampToGround</altitudeMode><coordinates>6.930301124230027,44.889261815696955,1873.27</coordinates></Point></Placemark><Placemark><TimeSpan><begin>2024-10-13T10:04:01Z</begin><end>2024-10-13T10:04:12Z</end></TimeSpan><styleUrl>#point</styleUrl><Point><altitudeMode>clampToGround</altitudeMode><coordinates>6.930471109226346,44.889217726886272,1873.27</coordinates></Point></Placemark><Placemark><TimeSpan><begin>2024-10-13T10:04:12Z</begin><end>2024-10-13T10:04:23Z</end></TimeSpan><styleUrl>#point</styleUrl><Point><altitudeMode>clampToGround</altitudeMode><coordinates>6.9305719435215,44.889135751873255,1873.27</coordinates></Point></Placemark><Placemark><TimeSpan><begin>2024-10-13T10:04:23Z</begin><end>2024-10-13T10:04:31Z</end></TimeSpan><styleUrl>#point</styleUrl><Point><altitudeMode>clampToGround</altitudeMode><coordinates>6.93062961101532,44.889140194281936,1873.27</coordinates></Point></Placemark><Placemark><TimeSpan><begin>2024-10-13T10:04:31Z</begin><end>2024-10-13T10:04:46Z</end></TimeSpan><styleUrl>#point</styleUrl><Point><altitudeMode>clampToGround</altitudeMode><coordinates>6.930670011788607,44.88914480432868,1873.27</coordinates></Point></Placemark><Placemark><TimeSpan><begin>2024-10-13T10:04:46Z</begin><end>2024-10-13T10:04:55Z</end></TimeSpan><styleUrl>#point</styleUrl><Point><altitudeMode>clampToGround</altitudeMode><coordinates>6.930802278220654,44.889070121571422,1873.27</coordinates></Point></Placemark><Placemark><TimeSpan><begin>2024-10-13T10:04:55Z</begin><end>2024-10-13T10:05:07Z</end></TimeSpan><styleUrl>#point</styleUrl><Point><altitudeMode>clampToGround</altitudeMode><coordinates>6.930959271267057,44.889037432149053,1873.27</coordinates></Point></Placemark><Placemark><TimeSpan><begin>2024-10-13T10:05:07Z</begin><end>2024-10-13T10:05:20Z</end></TimeSpan><styleUrl>#point</styleUrl><Point><altitudeMode>clampToGround</altitudeMode><coordinates>6.931200502440333,44.889024943113327,1873.27</coordinates></Point></Placemark><Placemark><TimeSpan><begin>2024-10-13T10:05:20Z</begin><end>2024-10-13T10:05:30Z</end></TimeSpan><styleUrl>#point</styleUrl><Point><altitudeMode>clampToGround</altitudeMode><coordinates>6.931377109140158,44.889032319188118,1873.75</coordinates></Point></Placemark><Placemark><TimeSpan><begin>2024-10-13T10:05:30Z</begin><end>2024-10-13T10:05:42Z</end></TimeSpan><styleUrl>#point</styleUrl><Point><altitudeMode>clampToGround</altitudeMode><coordinates>6.931556146591902,44.889093423262239,1873.75</coordinates></Point></Placemark><Placemark><TimeSpan><begin>2024-10-13T10:05:42Z</begin><end>2024-10-13T10:05:53Z</end></TimeSpan><styleUrl>#point</styleUrl><Point><altitudeMode>clampToGround</altitudeMode><coordinates>6.931743482127786,44.8891247715801,1874.71</coordinates></Point></Placemark><Placemark><TimeSpan><begin>2024-10-13T10:05:53Z</begin><end>2024-10-13T10:06:03Z</end></TimeSpan><styleUrl>#point</styleUrl><Point><altitudeMode>clampToGround</altitudeMode><coordinates>6.931897373870015,44.889157712459564,1875.1900000000001</coordinates></Point></Placemark><Placemark><TimeSpan><begin>2024-10-13T10:06:03Z</begin><end>2024-10-13T10:06:16Z</end></TimeSpan><styleUrl>#point</styleUrl><Point><altitudeMode>clampToGround</altitudeMode><coordinates>6.932102059945464,44.889164920896292,1875.1900000000001</coordinates></Point></Placemark><Placemark><TimeSpan><begin>2024-10-13T10:06:16Z</begin><end>2024-10-13T10:06:30Z</end></TimeSpan><styleUrl>#point</styleUrl><Point><altitudeMode>clampToGround</altitudeMode><coordinates>6.932307668030262,44.88918780349195,1876.1500000000001</coordinates></Point></Placemark><Placemark><TimeSpan><begin>2024-10-13T10:06:30Z</begin><end>2024-10-13T10:06:42Z</end></TimeSpan><styleUrl>#point</styleUrl><Point><altitudeMode>clampToGround</altitudeMode><coordinates>6.932464241981506,44.889238765463233,1876.1500000000001</coordinates></Point></Placemark><Placemark><TimeSpan><begin>2024-10-13T10:06:42Z</begin><end>2024-10-13T10:06:59Z</end></TimeSpan><styleUrl>#point</styleUrl><Point><altitudeMode>clampToGround</altitudeMode><coordinates>6.932435743510723,44.889237927272916,1876.1500000000001</coordinates></Point></Placemark><Placemark><TimeSpan><begin>2024-10-13T10:06:59Z</begin><end>2024-10-13T10:07:06Z</end></TimeSpan><styleUrl>#point</styleUrl><Point><altitudeMode>clampToGround</altitudeMode><coordinates>6.93246248178184,44.889250248670578,1875.6700000000001</coordinates></Point></Placemark><Placemark><TimeSpan><begin>2024-10-13T10:07:06Z</begin><end>2024-10-13T10:07:12Z</end></TimeSpan><styleUrl>#point</styleUrl><Point><altitudeMode>clampToGround</altitudeMode><coordinates>6.932556107640266,44.889234658330679,1876.1500000000001</coordinates></Point></Placemark><Placemark><TimeSpan><begin>2024-10-13T10:07:12Z</begin><end>2024-10-13T10:07:16Z</end></TimeSpan><styleUrl>#point</styleUrl><Point><altitudeMode>clampToGround</altitudeMode><coordinates>6.932640010491014,44.889231640845537,1876.1500000000001</coordinates></Point></Placemark><Placemark><TimeSpan><begin>2024-10-13T10:07:16Z</begin><end>2024-10-13T10:07:29Z</end></TimeSpan><styleUrl>#point</styleUrl><Point><altitudeMode>clampToGround</altitudeMode><coordinates>6.93287143483758,44.889247231185436,1876.6300000000001</coordinates></Point></Placemark><Placemark><TimeSpan><begin>2024-10-13T10:07:29Z</begin><end>2024-10-13T10:07:41Z</end></TimeSpan><styleUrl>#point</styleUrl><Point><altitudeMode>clampToGround</altitudeMode><coordinates>6.933078551664949,44.889264078810811,1877.5899999999999</coordinates></Point></Placemark><Placemark><TimeSpan><begin>2024-10-13T10:07:41Z</begin><end>2024-10-13T10:07:50Z</end></TimeSpan><styleUrl>#point</styleUrl><Point><altitudeMode>clampToGround</altitudeMode><coordinates>6.933121718466282,44.889261061325669,1877.5899999999999</coordinates></Point></Placemark><Placemark><TimeSpan><begin>2024-10-13T10:07:50Z</begin><end>2024-10-13T10:08:02Z</end></TimeSpan><styleUrl>#point</styleUrl><Point><altitudeMode>clampToGround</altitudeMode><coordinates>6.9333366304636,44.889284614473581,1879.03</coordinates></Point></Placemark><Placemark><TimeSpan><begin>2024-10-13T10:08:02Z</begin><end>2024-10-13T10:08:13Z</end></TimeSpan><styleUrl>#point</styleUrl><Point><altitudeMode>clampToGround</altitudeMode><coordinates>6.933510974049568,44.889280255883932,1880</coordinates></Point></Placemark><Placemark><TimeSpan><begin>2024-10-13T10:08:13Z</begin><end>2024-10-13T10:08:24Z</end></TimeSpan><styleUrl>#point</styleUrl><Point><altitudeMode>clampToGround</altitudeMode><coordinates>6.933588925749064,44.889289643615484,1880.48</coordinates></Point></Placemark><Placemark><TimeSpan><begin>2024-10-13T10:08:24Z</begin><end>2024-10-13T10:08:35Z</end></TimeSpan><styleUrl>#point</styleUrl><Point><altitudeMode>clampToGround</altitudeMode><coordinates>6.933787660673261,44.889303054660559,1881.4400000000001</coordinates></Point></Placemark><Placemark><TimeSpan><begin>2024-10-13T10:08:35Z</begin><end>2024-10-13T10:08:47Z</end></TimeSpan><styleUrl>#point</styleUrl><Point><altitudeMode>clampToGround</altitudeMode><coordinates>6.933990586549044,44.889298947528005,1881.4400000000001</coordinates></Point></Placemark><Placemark><TimeSpan><begin>2024-10-13T10:08:47Z</begin><end>2024-10-13T10:09:01Z</end></TimeSpan><styleUrl>#point</styleUrl><Point><altitudeMode>clampToGround</altitudeMode><coordinates>6.93422544747591,44.889273885637522,1881.9200000000001</coordinates></Point></Placemark><Placemark><TimeSpan><begin>2024-10-13T10:09:01Z</begin><end>2024-10-13T10:09:12Z</end></TimeSpan><styleUrl>#point</styleUrl><Point><altitudeMode>clampToGround</altitudeMode><coordinates>6.93426551297307,44.889269275590777,1881.9200000000001</coordinates></Point></Placemark><Placemark><TimeSpan><begin>2024-10-13T10:09:12Z</begin><end>2024-10-13T10:09:22Z</end></TimeSpan><styleUrl>#point</styleUrl><Point><altitudeMode>clampToGround</altitudeMode><coordinates>6.934435581788421,44.889234490692616,1882.4000000000001</coordinates></Point></Placemark><Placemark><TimeSpan><begin>2024-10-13T10:09:22Z</begin><end>2024-10-13T10:09:31Z</end></TimeSpan><styleUrl>#point</styleUrl><Point><altitudeMode>clampToGround</altitudeMode><coordinates>6.934512611478567,44.88921613432467,1882.4000000000001</coordinates></Point></Placemark><Placemark><TimeSpan><begin>2024-10-13T10:09:31Z</begin><end>2024-10-13T10:09:41Z</end></TimeSpan><styleUrl>#point</styleUrl><Point><altitudeMode>clampToGround</altitudeMode><coordinates>6.934654349461198,44.889191910624504,1883.3599999999999</coordinates></Point></Placemark><Placemark><TimeSpan><begin>2024-10-13T10:09:41Z</begin><end>2024-10-13T10:09:54Z</end></TimeSpan><styleUrl>#point</styleUrl><Point><altitudeMode>clampToGround</altitudeMode><coordinates>6.934889042750001,44.889142541214824,1884.8</coordinates></Point></Placemark><Placemark><TimeSpan><begin>2024-10-13T10:09:54Z</begin><end>2024-10-13T10:10:06Z</end></TimeSpan><styleUrl>#point</styleUrl><Point><altitudeMode>clampToGround</altitudeMode><coordinates>6.935086017474532,44.889113456010818,1885.28</coordinates></Point></Placemark><Placemark><TimeSpan><begin>2024-10-13T10:10:06Z</begin><end>2024-10-13T10:10:18Z</end></TimeSpan><styleUrl>#point</styleUrl><Point><altitudeMode>clampToGround</altitudeMode><coordinates>6.93527989089489,44.88907054066658,1885.28</coordinates></Point></Placemark><Placemark><TimeSpan><begin>2024-10-13T10:10:18Z</begin><end>2024-10-13T10:10:30Z</end></TimeSpan><styleUrl>#point</styleUrl><Point><altitudeMode>clampToGround</altitudeMode><coordinates>6.935430429875851,44.889035420492291,1885.28</coordinates></Point></Placemark><Placemark><TimeSpan><begin>2024-10-13T10:10:30Z</begin><end>2024-10-13T10:10:42Z</end></TimeSpan><styleUrl>#point</styleUrl><Point><altitudeMode>clampToGround</altitudeMode><coordinates>6.935606366023421,44.888999545946717,1885.28</coordinates></Point></Placemark><Placemark><TimeSpan><begin>2024-10-13T10:10:42Z</begin><end>2024-10-13T10:10:46Z</end></TimeSpan><styleUrl>#point</styleUrl><Point><altitudeMode>clampToGround</altitudeMode><coordinates>6.935664284974337,44.888977250084281,1885.28</coordinates></Point></Placemark><Placemark><TimeSpan><begin>2024-10-13T10:10:46Z</begin><end>2024-10-13T10:10:59Z</end></TimeSpan><styleUrl>#point</styleUrl><Point><altitudeMode>clampToGround</altitudeMode><coordinates>6.935769226402044,44.888948416337371,1885.28</coordinates></Point></Placemark><Placemark><TimeSpan><begin>2024-10-13T10:10:59Z</begin><end>2024-10-13T10:11:09Z</end></TimeSpan><styleUrl>#point</styleUrl><Point><altitudeMode>clampToGround</altitudeMode><coordinates>6.935914820060134,44.888906506821513,1883.8399999999999</coordinates></Point></Placemark><Placemark><TimeSpan><begin>2024-10-13T10:11:09Z</begin><end>2024-10-13T10:11:22Z</end></TimeSpan><styleUrl>#point</styleUrl><Point><altitudeMode>clampToGround</altitudeMode><coordinates>6.93606267683208,44.888856383040547,1883.8399999999999</coordinates></Point></Placemark><Placemark><TimeSpan><begin>2024-10-13T10:11:22Z</begin><end>2024-10-13T10:11:35Z</end></TimeSpan><styleUrl>#point</styleUrl><Point><altitudeMode>clampToGround</altitudeMode><coordinates>6.936196368187666,44.888784131035209,1883.8399999999999</coordinates></Point></Placemark><Placemark><TimeSpan><begin>2024-10-13T10:11:35Z</begin><end>2024-10-13T10:11:36Z</end></TimeSpan><styleUrl>#point</styleUrl><Point><altitudeMode>clampToGround</altitudeMode><coordinates>6.936206761747599,44.888776587322354,1883.8399999999999</coordinates></Point></Placemark><Placemark><TimeSpan><begin>2024-10-13T10:11:36Z</begin><end>2024-10-13T10:11:40Z</end></TimeSpan><styleUrl>#point</styleUrl><Point><altitudeMode>clampToGround</altitudeMode><coordinates>6.936246743425727,44.888740042224526,1883.8399999999999</coordinates></Point></Placemark><Placemark><TimeSpan><begin>2024-10-13T10:11:40Z</begin><end>2024-10-13T10:11:54Z</end></TimeSpan><styleUrl>#point</styleUrl><Point><altitudeMode>clampToGround</altitudeMode><coordinates>6.936391750350595,44.888636441901326,1883.8399999999999</coordinates></Point></Placemark><Placemark><TimeSpan><begin>2024-10-13T10:11:54Z</begin><end>2024-10-13T10:12:07Z</end></TimeSpan><styleUrl>#point</styleUrl><Point><altitudeMode>clampToGround</altitudeMode><coordinates>6.936510521918535,44.888548599556088,1883.8399999999999</coordinates></Point></Placemark><Placemark><TimeSpan><begin>2024-10-13T10:12:07Z</begin><end>2024-10-13T10:12:16Z</end></TimeSpan><styleUrl>#point</styleUrl><Point><altitudeMode>clampToGround</altitudeMode><coordinates>6.93661630153656,44.88848514854908,1885.28</coordinates></Point></Placemark><Placemark><TimeSpan><begin>2024-10-13T10:12:16Z</begin><end>2024-10-13T10:12:24Z</end></TimeSpan><styleUrl>#point</styleUrl><Point><altitudeMode>clampToGround</altitudeMode><coordinates>6.936695091426373,44.888441478833556,1885.76</coordinates></Point></Placemark><Placemark><TimeSpan><begin>2024-10-13T10:12:24Z</begin><end>2024-10-13T10:12:38Z</end></TimeSpan><styleUrl>#point</styleUrl><Point><altitudeMode>clampToGround</altitudeMode><coordinates>6.936855688691139,44.888311978429556,1885.76</coordinates></Point></Placemark><Placemark><TimeSpan><begin>2024-10-13T10:12:38Z</begin><end>2024-10-13T10:12:50Z</end></TimeSpan><styleUrl>#point</styleUrl><Point><altitudeMode>clampToGround</altitudeMode><coordinates>6.936983596533537,44.88822371698916,1885.76</coordinates></Point></Placemark><Placemark><TimeSpan><begin>2024-10-13T10:12:50Z</begin><end>2024-10-13T10:13:04Z</end></TimeSpan><styleUrl>#point</styleUrl><Point><altitudeMode>clampToGround</altitudeMode><coordinates>6.937166573479772,44.888100670650601,1886.72</coordinates></Point></Placemark><Placemark><TimeSpan><begin>2024-10-13T10:13:04Z</begin><end>2024-10-13T10:13:17Z</end></TimeSpan><styleUrl>#point</styleUrl><Point><altitudeMode>clampToGround</altitudeMode><coordinates>6.937328847125173,44.887997740879655,1887.21</coordinates></Point></Placemark><Placemark><TimeSpan><begin>2024-10-13T10:13:17Z</begin><end>2024-10-13T10:13:30Z</end></TimeSpan><styleUrl>#point</styleUrl><Point><altitudeMode>clampToGround</altitudeMode><coordinates>6.937481984496117,44.887885842472315,1887.21</coordinates></Point></Placemark><Placemark><TimeSpan><begin>2024-10-13T10:13:30Z</begin><end>2024-10-13T10:13:46Z</end></TimeSpan><styleUrl>#point</styleUrl><Point><altitudeMode>clampToGround</altitudeMode><coordinates>6.937633445486426,44.887726586312056,1885.76</coordinates></Point></Placemark><Placemark><TimeSpan><begin>2024-10-13T10:13:46Z</begin><end>2024-10-13T10:13:49Z</end></TimeSpan><styleUrl>#point</styleUrl><Point><altitudeMode>clampToGround</altitudeMode><coordinates>6.937650796025991,44.887703787535429,1885.76</coordinates></Point></Placemark><Placemark><TimeSpan><begin>2024-10-13T10:13:49Z</begin><end>2024-10-13T10:14:04Z</end></TimeSpan><styleUrl>#point</styleUrl><Point><altitudeMode>clampToGround</altitudeMode><coordinates>6.93778214044869,44.887561043724418,1885.28</coordinates></Point></Placemark><Placemark><TimeSpan><begin>2024-10-13T10:14:04Z</begin><end>2024-10-13T10:14:18Z</end></TimeSpan><styleUrl>#point</styleUrl><Point><altitudeMode>clampToGround</altitudeMode><coordinates>6.937877861782908,44.887405894696712,1885.28</coordinates></Point></Placemark><Placemark><TimeSpan><begin>2024-10-13T10:14:18Z</begin><end>2024-10-13T10:14:30Z</end></TimeSpan><styleUrl>#point</styleUrl><Point><altitudeMode>clampToGround</altitudeMode><coordinates>6.937927566468716,44.887265246361494,1885.28</coordinates></Point></Placemark><Placemark><TimeSpan><begin>2024-10-13T10:14:30Z</begin><end>2024-10-13T10:14:40Z</end></TimeSpan><styleUrl>#point</styleUrl><Point><altitudeMode>clampToGround</altitudeMode><coordinates>6.937958244234324,44.887205148115754,1885.28</coordinates></Point></Placemark><Placemark><TimeSpan><begin>2024-10-13T10:14:40Z</begin><end>2024-10-13T10:14:42Z</end></TimeSpan><styleUrl>#point</styleUrl><Point><altitudeMode>clampToGround</altitudeMode><coordinates>6.937954891473055,44.88720154389739,1886.72</coordinates></Point></Placemark><Placemark><TimeSpan><begin>2024-10-13T10:14:42Z</begin><end>2024-10-13T10:14:55Z</end></TimeSpan><styleUrl>#point</styleUrl><Point><altitudeMode>clampToGround</altitudeMode><coordinates>6.937974337488413,44.887195341289043,1886.72</coordinates></Point></Placemark><Placemark><TimeSpan><begin>2024-10-13T10:14:55Z</begin><end>2024-10-13T10:15:17Z</end></TimeSpan><styleUrl>#point</styleUrl><Point><altitudeMode>clampToGround</altitudeMode><coordinates>6.937968218699098,44.887182014063001,1886.72</coordinates></Point></Placemark><Placemark><TimeSpan><begin>2024-10-13T10:15:17Z</begin><end>2024-10-13T10:15:28Z</end></TimeSpan><styleUrl>#point</styleUrl><Point><altitudeMode>clampToGround</altitudeMode><coordinates>6.938033932819963,44.887195928022265,1886.72</coordinates></Point></Placemark><Placemark><TimeSpan><begin>2024-10-13T10:15:28Z</begin><end>2024-10-13T10:15:40Z</end></TimeSpan><styleUrl>#point</styleUrl><Point><altitudeMode>clampToGround</altitudeMode><coordinates>6.938175586983562,44.887132979929447,1886.72</coordinates></Point></Placemark><Placemark><TimeSpan><begin>2024-10-13T10:15:40Z</begin><end>2024-10-13T10:15:54Z</end></TimeSpan><styleUrl>#point</styleUrl><Point><altitudeMode>clampToGround</altitudeMode><coordinates>6.938324952498078,44.887022506445646,1886.72</coordinates></Point></Placemark><Placemark><TimeSpan><begin>2024-10-13T10:15:54Z</begin><end>2024-10-13T10:16:05Z</end></TimeSpan><styleUrl>#point</styleUrl><Point><altitudeMode>clampToGround</altitudeMode><coordinates>6.938410280272365,44.886947404593229,1887.21</coordinates></Point></Placemark><Placemark><TimeSpan><begin>2024-10-13T10:16:05Z</begin><end>2024-10-13T10:16:15Z</end></TimeSpan><styleUrl>#point</styleUrl><Point><altitudeMode>clampToGround</altitudeMode><coordinates>6.938492925837636,44.886853359639645,1887.21</coordinates></Point></Placemark><Placemark><TimeSpan><begin>2024-10-13T10:16:15Z</begin><end>2024-10-13T10:16:27Z</end></TimeSpan><styleUrl>#point</styleUrl><Point><altitudeMode>clampToGround</altitudeMode><coordinates>6.938549419865012,44.886756632477045,1887.21</coordinates></Point></Placemark><Placemark><TimeSpan><begin>2024-10-13T10:16:27Z</begin><end>2024-10-13T10:16:39Z</end></TimeSpan><styleUrl>#point</styleUrl><Point><altitudeMode>clampToGround</altitudeMode><coordinates>6.93867732770741,44.886680021882057,1887.21</coordinates></Point></Placemark><Placemark><TimeSpan><begin>2024-10-13T10:16:39Z</begin><end>2024-10-13T10:16:49Z</end></TimeSpan><styleUrl>#point</styleUrl><Point><altitudeMode>clampToGround</altitudeMode><coordinates>6.938808504492044,44.886661833152175,1887.6900000000001</coordinates></Point></Placemark><Placemark><TimeSpan><begin>2024-10-13T10:16:49Z</begin><end>2024-10-13T10:17:02Z</end></TimeSpan><styleUrl>#point</styleUrl><Point><altitudeMode>clampToGround</altitudeMode><coordinates>6.938962982967496,44.886615481227636,1887.6900000000001</coordinates></Point></Placemark><Placemark><TimeSpan><begin>2024-10-13T10:17:02Z</begin><end>2024-10-13T10:17:14Z</end></TimeSpan><styleUrl>#point</styleUrl><Point><altitudeMode>clampToGround</altitudeMode><coordinates>6.939115533605218,44.886604668572545,1888.1700000000001</coordinates></Point></Placemark><Placemark><TimeSpan><begin>2024-10-13T10:17:14Z</begin><end>2024-10-13T10:17:26Z</end></TimeSpan><styleUrl>#point</styleUrl><Point><altitudeMode>clampToGround</altitudeMode><coordinates>6.939263390377164,44.886571979150176,1888.6500000000001</coordinates></Point></Placemark><Placemark><TimeSpan><begin>2024-10-13T10:17:26Z</begin><end>2024-10-13T10:17:35Z</end></TimeSpan><styleUrl>#point</styleUrl><Point><altitudeMode>clampToGround</altitudeMode><coordinates>6.93937168456614,44.886532835662365,1888.6500000000001</coordinates></Point></Placemark><Placemark><TimeSpan><begin>2024-10-13T10:17:35Z</begin><end>2024-10-13T10:17:46Z</end></TimeSpan><styleUrl>#point</styleUrl><Point><altitudeMode>clampToGround</altitudeMode><coordinates>6.939380737021565,44.886500313878059,1889.1300000000001</coordinates></Point></Placemark><Placemark><TimeSpan><begin>2024-10-13T10:17:46Z</begin><end>2024-10-13T10:18:06Z</end></TimeSpan><styleUrl>#point</styleUrl><Point><altitudeMode>clampToGround</altitudeMode><coordinates>6.939396830275655,44.886466702446342,1889.1300000000001</coordinates></Point></Placemark><Placemark><TimeSpan><begin>2024-10-13T10:18:06Z</begin><end>2024-10-13T10:18:29Z</end></TimeSpan><styleUrl>#point</styleUrl><Point><altitudeMode>clampToGround</altitudeMode><coordinates>6.939430693164468,44.886456392705441,1889.1300000000001</coordinates></Point></Placemark><Placemark><TimeSpan><begin>2024-10-13T10:18:29Z</begin><end>2024-10-13T10:18:39Z</end></TimeSpan><styleUrl>#point</styleUrl><Point><altitudeMode>clampToGround</altitudeMode><coordinates>6.93949188105762,44.886480951681733,1889.1300000000001</coordinates></Point></Placemark><Placemark><TimeSpan><begin>2024-10-13T10:18:39Z</begin><end>2024-10-13T10:18:55Z</end></TimeSpan><styleUrl>#point</styleUrl><Point><altitudeMode>clampToGround</altitudeMode><coordinates>6.939715258777142,44.886443736031651,1889.1300000000001</coordinates></Point></Placemark><Placemark><TimeSpan><begin>2024-10-13T10:18:55Z</begin><end>2024-10-13T10:19:05Z</end></TimeSpan><styleUrl>#point</styleUrl><Point><altitudeMode>clampToGround</altitudeMode><coordinates>6.939834030345082,44.886448010802269,1887.6900000000001</coordinates></Point></Placemark><Placemark><TimeSpan><begin>2024-10-13T10:19:05Z</begin><end>2024-10-13T10:19:09Z</end></TimeSpan><styleUrl>#point</styleUrl><Point><altitudeMode>clampToGround</altitudeMode><coordinates>6.939847860485315,44.886433845385909,1887.6900000000001</coordinates></Point></Placemark><Placemark><TimeSpan><begin>2024-10-13T10:19:09Z</begin><end>2024-10-13T10:19:13Z</end></TimeSpan><styleUrl>#point</styleUrl><Point><altitudeMode>clampToGround</altitudeMode><coordinates>6.939909383654594,44.886410040780902,1887.6900000000001</coordinates></Point></Placemark><Placemark><TimeSpan><begin>2024-10-13T10:19:13Z</begin><end>2024-10-13T10:19:23Z</end></TimeSpan><styleUrl>#point</styleUrl><Point><altitudeMode>clampToGround</altitudeMode><coordinates>6.940071070566773,44.886366371065378,1888.1700000000001</coordinates></Point></Placemark><Placemark><TimeSpan><begin>2024-10-13T10:19:23Z</begin><end>2024-10-13T10:19:36Z</end></TimeSpan><styleUrl>#point</styleUrl><Point><altitudeMode>clampToGround</altitudeMode><coordinates>6.940290173515678,44.886309122666717,1888.1700000000001</coordinates></Point></Placemark><Placemark><TimeSpan><begin>2024-10-13T10:19:36Z</begin><end>2024-10-13T10:19:48Z</end></TimeSpan><styleUrl>#point</styleUrl><Point><altitudeMode>clampToGround</altitudeMode><coordinates>6.940510617569089,44.886260088533163,1888.1700000000001</coordinates></Point></Placemark><Placemark><TimeSpan><begin>2024-10-13T10:19:48Z</begin><end>2024-10-13T10:19:53Z</end></TimeSpan><styleUrl>#point</styleUrl><Point><altitudeMode>clampToGround</altitudeMode><coordinates>6.940598376095295,44.886226812377572,1887.6900000000001</coordinates></Point></Placemark><Placemark><TimeSpan><begin>2024-10-13T10:19:53Z</begin><end>2024-10-13T10:20:07Z</end></TimeSpan><styleUrl>#point</styleUrl><Point><altitudeMode>clampToGround</altitudeMode><coordinates>6.940859891474247,44.886184819042683,1887.6900000000001</coordinates></Point></Placemark><Placemark><TimeSpan><begin>2024-10-13T10:20:07Z</begin><end>2024-10-13T10:20:22Z</end></TimeSpan><styleUrl>#point</styleUrl><Point><altitudeMode>clampToGround</altitudeMode><coordinates>6.941121658310294,44.886156907305121,1887.6900000000001</coordinates></Point></Placemark><Placemark><TimeSpan><begin>2024-10-13T10:20:22Z</begin><end>2024-10-13T10:20:36Z</end></TimeSpan><styleUrl>#point</styleUrl><Point><altitudeMode>clampToGround</altitudeMode><coordinates>6.941340006887913,44.886155147105455,1887.21</coordinates></Point></Placemark><Placemark><TimeSpan><begin>2024-10-13T10:20:36Z</begin><end>2024-10-13T10:20:47Z</end></TimeSpan><styleUrl>#point</styleUrl><Point><altitudeMode>clampToGround</altitudeMode><coordinates>6.941521978005767,44.886163612827659,1887.21</coordinates></Point></Placemark><Placemark><TimeSpan><begin>2024-10-13T10:20:47Z</begin><end>2024-10-13T10:20:50Z</end></TimeSpan><styleUrl>#point</styleUrl><Point><altitudeMode>clampToGround</altitudeMode><coordinates>6.941546453163028,44.88617492839694,1888.6500000000001</coordinates></Point></Placemark><Placemark><TimeSpan><begin>2024-10-13T10:20:50Z</begin><end>2024-10-13T10:21:02Z</end></TimeSpan><styleUrl>#point</styleUrl><Point><altitudeMode>clampToGround</altitudeMode><coordinates>6.941611832007766,44.886171827092767,1888.6500000000001</coordinates></Point></Placemark><Placemark><TimeSpan><begin>2024-10-13T10:21:02Z</begin><end>2024-10-13T10:21:14Z</end></TimeSpan><styleUrl>#point</styleUrl><Point><altitudeMode>clampToGround</altitudeMode><coordinates>6.941657178103924,44.886207869276404,1888.6500000000001</coordinates></Point></Placemark><Placemark><TimeSpan><begin>2024-10-13T10:21:14Z</begin><end>2024-10-13T10:21:28Z</end></TimeSpan><styleUrl>#point</styleUrl><Point><altitudeMode>clampToGround</altitudeMode><coordinates>6.941656842827797,44.886210048571229,1888.6500000000001</coordinates></Point></Placemark><Placemark><TimeSpan><begin>2024-10-13T10:21:28Z</begin><end>2024-10-13T10:21:39Z</end></TimeSpan><styleUrl>#point</styleUrl><Point><altitudeMode>clampToGround</altitudeMode><coordinates>6.941742673516274,44.886206109076738,1888.6500000000001</coordinates></Point></Placemark><Placemark><TimeSpan><begin>2024-10-13T10:21:39Z</begin><end>2024-10-13T10:21:53Z</end></TimeSpan><styleUrl>#point</styleUrl><Point><altitudeMode>clampToGround</altitudeMode><coordinates>6.941790198907256,44.88619739189744,1889.1300000000001</coordinates></Point></Placemark><Placemark><TimeSpan><begin>2024-10-13T10:21:53Z</begin><end>2024-10-13T10:22:05Z</end></TimeSpan><styleUrl>#point</styleUrl><Point><altitudeMode>clampToGround</altitudeMode><coordinates>6.94190084002912,44.886163948103786,1889.1300000000001</coordinates></Point></Placemark><Placemark><TimeSpan><begin>2024-10-13T10:22:05Z</begin><end>2024-10-13T10:22:16Z</end></TimeSpan><styleUrl>#point</styleUrl><Point><altitudeMode>clampToGround</altitudeMode><coordinates>6.941970158368349,44.886154057458043,1889.1300000000001</coordinates></Point></Placemark><Placemark><TimeSpan><begin>2024-10-13T10:22:16Z</begin><end>2024-10-13T10:22:17Z</end></TimeSpan><styleUrl>#point</styleUrl><Point><altitudeMode>clampToGround</altitudeMode><coordinates>6.941984407603741,44.886149279773235,1889.1300000000001</coordinates></Point></Placemark><Placemark><TimeSpan><begin>2024-10-13T10:22:17Z</begin><end>2024-10-13T10:22:29Z</end></TimeSpan><styleUrl>#point</styleUrl><Point><altitudeMode>clampToGround</altitudeMode><coordinates>6.942179622128606,44.886154057458043,1889.1300000000001</coordinates></Point></Placemark><Placemark><TimeSpan><begin>2024-10-13T10:22:29Z</begin><end>2024-10-13T10:22:42Z</end></TimeSpan><styleUrl>#point</styleUrl><Point><altitudeMode>clampToGround</altitudeMode><coordinates>6.942354468628764,44.886164870113134,1889.1300000000001</coordinates></Point></Placemark><Placemark><TimeSpan><begin>2024-10-13T10:22:42Z</begin><end>2024-10-13T10:23:09Z</end></TimeSpan><styleUrl>#point</styleUrl><Point><altitudeMode>clampToGround</altitudeMode><coordinates>6.942420434206724,44.88616612739861,1889.1300000000001</coordinates></Point></Placemark><Placemark><TimeSpan><begin>2024-10-13T10:23:09Z</begin><end>2024-10-13T10:23:19Z</end></TimeSpan><styleUrl>#point</styleUrl><Point><altitudeMode>clampToGround</altitudeMode><coordinates>6.94255412556231,44.886096054688096,1887.6900000000001</coordinates></Point></Placemark><Placemark><TimeSpan><begin>2024-10-13T10:23:19Z</begin><end>2024-10-13T10:23:33Z</end></TimeSpan><styleUrl>#point</styleUrl><Point><altitudeMode>clampToGround</altitudeMode><coordinates>6.942807594314218,44.88598239608109,1887.6900000000001</coordinates></Point></Placemark><Placemark><TimeSpan><begin>2024-10-13T10:23:33Z</begin><end>2024-10-13T10:23:47Z</end></TimeSpan><styleUrl>#point</styleUrl><Point><altitudeMode>clampToGround</altitudeMode><coordinates>6.943073133006692,44.88594769500196,1887.6900000000001</coordinates></Point></Placemark><Placemark><TimeSpan><begin>2024-10-13T10:23:47Z</begin><end>2024-10-13T10:23:59Z</end></TimeSpan><styleUrl>#point</styleUrl><Point><altitudeMode>clampToGround</altitudeMode><coordinates>6.943302378058434,44.885962279513478,1887.6900000000001</coordinates></Point></Placemark><Placemark><TimeSpan><begin>2024-10-13T10:23:59Z</begin><end>2024-10-13T10:24:11Z</end></TimeSpan><styleUrl>#point</styleUrl><Point><altitudeMode>clampToGround</altitudeMode><coordinates>6.943570682778955,44.885988431051373,1888.6500000000001</coordinates></Point></Placemark><Placemark><TimeSpan><begin>2024-10-13T10:24:11Z</begin><end>2024-10-13T10:24:22Z</end></TimeSpan><styleUrl>#point</styleUrl><Point><altitudeMode>clampToGround</altitudeMode><coordinates>6.943816021084786,44.886039979755878,1888.6500000000001</coordinates></Point></Placemark><Placemark><TimeSpan><begin>2024-10-13T10:24:22Z</begin><end>2024-10-13T10:24:36Z</end></TimeSpan><styleUrl>#point</styleUrl><Point><altitudeMode>clampToGround</altitudeMode><coordinates>6.944075943902135,44.88618322648108,1889.1300000000001</coordinates></Point></Placemark><Placemark><TimeSpan><begin>2024-10-13T10:24:36Z</begin><end>2024-10-13T10:24:47Z</end></TimeSpan><styleUrl>#point</styleUrl><Point><altitudeMode>clampToGround</altitudeMode><coordinates>6.94424768909812,44.886286407709122,1889.6099999999999</coordinates></Point></Placemark><Placemark><TimeSpan><begin>2024-10-13T10:24:47Z</begin><end>2024-10-13T10:24:57Z</end></TimeSpan><styleUrl>#point</styleUrl><Point><altitudeMode>clampToGround</altitudeMode><coordinates>6.944268895313144,44.886348014697433,1890.0899999999999</coordinates></Point></Placemark><Placemark><TimeSpan><begin>2024-10-13T10:24:57Z</begin><end>2024-10-13T10:25:08Z</end></TimeSpan><styleUrl>#point</styleUrl><Point><altitudeMode>clampToGround</altitudeMode><coordinates>6.944295801222324,44.886370226740837,1890.0899999999999</coordinates></Point></Placemark><Placemark><TimeSpan><begin>2024-10-13T10:25:08Z</begin><end>2024-10-13T10:25:12Z</end></TimeSpan><styleUrl>#point</styleUrl><Point><altitudeMode>clampToGround</altitudeMode><coordinates>6.944361347705126,44.886397300288081,1890.0899999999999</coordinates></Point></Placemark><Placemark><TimeSpan><begin>2024-10-13T10:25:12Z</begin><end>2024-10-13T10:25:24Z</end></TimeSpan><styleUrl>#point</styleUrl><Point><altitudeMode>clampToGround</altitudeMode><coordinates>6.944543989375234,44.886452117934823,1890.0899999999999</coordinates></Point></Placemark><Placemark><TimeSpan><begin>2024-10-13T10:25:24Z</begin><end>2024-10-13T10:25:35Z</end></TimeSpan><styleUrl>#point</styleUrl><Point><altitudeMode>clampToGround</altitudeMode><coordinates>6.944707101210952,44.886470977216959,1891.05</coordinates></Point></Placemark><Placemark><TimeSpan><begin>2024-10-13T10:25:35Z</begin><end>2024-10-13T10:25:41Z</end></TimeSpan><styleUrl>#point</styleUrl><Point><altitudeMode>clampToGround</altitudeMode><coordinates>6.944808019325137,44.886482963338494,1892.01</coordinates></Point></Placemark><Placemark><TimeSpan><begin>2024-10-13T10:25:41Z</begin><end>2024-10-13T10:25:44Z</end></TimeSpan><styleUrl>#point</styleUrl><Point><altitudeMode>clampToGround</altitudeMode><coordinates>6.94486191496253,44.886490255594254,1892.01</coordinates></Point></Placemark><Placemark><TimeSpan><begin>2024-10-13T10:25:44Z</begin><end>2024-10-13T10:25:53Z</end></TimeSpan><styleUrl>#point</styleUrl><Point><altitudeMode>clampToGround</altitudeMode><coordinates>6.945008430629969,44.886508192867041,1892.49</coordinates></Point></Placemark><Placemark><TimeSpan><begin>2024-10-13T10:25:53Z</begin><end>2024-10-13T10:25:56Z</end></TimeSpan><styleUrl>#point</styleUrl><Point><altitudeMode>clampToGround</altitudeMode><coordinates>6.945055956020951,44.886506600305438,1892.49</coordinates></Point></Placemark><Placemark><TimeSpan><begin>2024-10-13T10:25:56Z</begin><end>2024-10-13T10:26:00Z</end></TimeSpan><styleUrl>#point</styleUrl><Point><altitudeMode>clampToGround</altitudeMode><coordinates>6.945122089236975,44.886493775993586,1892.49</coordinates></Point></Placemark><Placemark><TimeSpan><begin>2024-10-13T10:26:00Z</begin><end>2024-10-13T10:26:06Z</end></TimeSpan><styleUrl>#point</styleUrl><Point><altitudeMode>clampToGround</altitudeMode><coordinates>6.9452313054353,44.88647248595953,1892.49</coordinates></Point></Placemark><Placemark><TimeSpan><begin>2024-10-13T10:26:06Z</begin><end>2024-10-13T10:26:17Z</end></TimeSpan><styleUrl>#point</styleUrl><Point><altitudeMode>clampToGround</altitudeMode><coordinates>6.945417886599898,44.886418674141169,1892.49</coordinates></Point></Placemark><Placemark><TimeSpan><begin>2024-10-13T10:26:17Z</begin><end>2024-10-13T10:26:30Z</end></TimeSpan><styleUrl>#point</styleUrl><Point><altitudeMode>clampToGround</altitudeMode><coordinates>6.945617208257318,44.88640165887773,1892.97</coordinates></Point></Placemark><Placemark><TimeSpan><begin>2024-10-13T10:26:30Z</begin><end>2024-10-13T10:26:40Z</end></TimeSpan><styleUrl>#point</styleUrl><Point><altitudeMode>clampToGround</altitudeMode><coordinates>6.945787277072668,44.886393360793591,1892.97</coordinates></Point></Placemark><Placemark><TimeSpan><begin>2024-10-13T10:26:40Z</begin><end>2024-10-13T10:26:52Z</end></TimeSpan><styleUrl>#point</styleUrl><Point><altitudeMode>clampToGround</altitudeMode><coordinates>6.945959273725748,44.886342231184244,1893.45</coordinates></Point></Placemark><Placemark><TimeSpan><begin>2024-10-13T10:26:52Z</begin><end>2024-10-13T10:27:06Z</end></TimeSpan><styleUrl>#point</styleUrl><Point><altitudeMode>clampToGround</altitudeMode><coordinates>6.946196313947439,44.886292945593596,1893.45</coordinates></Point></Placemark><Placemark><TimeSpan><begin>2024-10-13T10:27:06Z</begin><end>2024-10-13T10:27:18Z</end></TimeSpan><styleUrl>#point</styleUrl><Point><altitudeMode>clampToGround</altitudeMode><coordinates>6.946380129083991,44.886285066604614,1893.45</coordinates></Point></Placemark><Placemark><TimeSpan><begin>2024-10-13T10:27:18Z</begin><end>2024-10-13T10:27:30Z</end></TimeSpan><styleUrl>#point</styleUrl><Point><altitudeMode>clampToGround</altitudeMode><coordinates>6.946548102423549,44.886277103796601,1893.9300000000001</coordinates></Point></Placemark><Placemark><TimeSpan><begin>2024-10-13T10:27:30Z</begin><end>2024-10-13T10:27:39Z</end></TimeSpan><styleUrl>#point</styleUrl><Point><altitudeMode>clampToGround</altitudeMode><coordinates>6.946690594777465,44.886273834854364,1893.9300000000001</coordinates></Point></Placemark><Placemark><TimeSpan><begin>2024-10-13T10:27:39Z</begin><end>2024-10-13T10:27:49Z</end></TimeSpan><styleUrl>#point</styleUrl><Point><altitudeMode>clampToGround</altitudeMode><coordinates>6.946871727705002,44.886268386617303,1893.45</coordinates></Point></Placemark><Placemark><TimeSpan><begin>2024-10-13T10:27:49Z</begin><end>2024-10-13T10:28:00Z</end></TimeSpan><styleUrl>#point</styleUrl><Point><altitudeMode>clampToGround</altitudeMode><coordinates>6.947041461244226,44.886278947815299,1894.4200000000001</coordinates></Point></Placemark><Placemark><TimeSpan><begin>2024-10-13T10:28:00Z</begin><end>2024-10-13T10:28:02Z</end></TimeSpan><styleUrl>#point</styleUrl><Point><altitudeMode>clampToGround</altitudeMode><coordinates>6.947072222828865,44.886286910623312,1894.4200000000001</coordinates></Point></Placemark><Placemark><TimeSpan><begin>2024-10-13T10:28:02Z</begin><end>2024-10-13T10:28:12Z</end></TimeSpan><styleUrl>#point</styleUrl><Point><altitudeMode>clampToGround</altitudeMode><coordinates>6.947213793173432,44.886310212314129,1894.4200000000001</coordinates></Point></Placemark><Placemark><TimeSpan><begin>2024-10-13T10:28:12Z</begin><end>2024-10-13T10:28:23Z</end></TimeSpan><styleUrl>#point</styleUrl><Point><altitudeMode>clampToGround</altitudeMode><coordinates>6.947410181164742,44.88637575879693,1894.9000000000001</coordinates></Point></Placemark><Placemark><TimeSpan><begin>2024-10-13T10:28:23Z</begin><end>2024-10-13T10:28:24Z</end></TimeSpan><styleUrl>#point</styleUrl><Point><altitudeMode>clampToGround</altitudeMode><coordinates>6.947420239448547,44.886386319994926,1894.9000000000001</coordinates></Point></Placemark><Placemark><TimeSpan><begin>2024-10-13T10:28:24Z</begin><end>2024-10-13T10:28:36Z</end></TimeSpan><styleUrl>#point</styleUrl><Point><altitudeMode>clampToGround</altitudeMode><coordinates>6.947520654648542,44.886537613347173,1894.9000000000001</coordinates></Point></Placemark><Placemark><TimeSpan><begin>2024-10-13T10:28:36Z</begin><end>2024-10-13T10:28:48Z</end></TimeSpan><styleUrl>#point</styleUrl><Point><altitudeMode>clampToGround</altitudeMode><coordinates>6.947697261348367,44.886643057689071,1895.3800000000001</coordinates></Point></Placemark><Placemark><TimeSpan><begin>2024-10-13T10:28:48Z</begin><end>2024-10-13T10:28:59Z</end></TimeSpan><styleUrl>#point</styleUrl><Point><altitudeMode>clampToGround</altitudeMode><coordinates>6.947797425091267,44.886698042973876,1895.8599999999999</coordinates></Point></Placemark><Placemark><TimeSpan><begin>2024-10-13T10:28:59Z</begin><end>2024-10-13T10:29:10Z</end></TimeSpan><styleUrl>#point</styleUrl><Point><altitudeMode>clampToGround</altitudeMode><coordinates>6.94792851805687,44.886738108471036,1896.3399999999999</coordinates></Point></Placemark><Placemark><TimeSpan><begin>2024-10-13T10:29:10Z</begin><end>2024-10-13T10:29:22Z</end></TimeSpan><styleUrl>#point</styleUrl><Point><altitudeMode>clampToGround</altitudeMode><coordinates>6.948098251596093,44.886771133169532,1896.8199999999999</coordinates></Point></Placemark><Placemark><TimeSpan><begin>2024-10-13T10:29:22Z</begin><end>2024-10-13T10:29:34Z</end></TimeSpan><styleUrl>#point</styleUrl><Point><altitudeMode>clampToGround</altitudeMode><coordinates>6.948277372866869,44.886807091534138,1896.8199999999999</coordinates></Point></Placemark><Placemark><TimeSpan><begin>2024-10-13T10:29:34Z</begin><end>2024-10-13T10:29:46Z</end></TimeSpan><styleUrl>#point</styleUrl><Point><altitudeMode>clampToGround</altitudeMode><coordinates>6.94851391017437,44.886839780956507,1896.3399999999999</coordinates></Point></Placemark><Placemark><TimeSpan><begin>2024-10-13T10:29:46Z</begin><end>2024-10-13T10:29:56Z</end></TimeSpan><styleUrl>#point</styleUrl><Point><altitudeMode>clampToGround</altitudeMode><coordinates>6.94866050966084,44.886889988556504,1896.8199999999999</coordinates></Point></Placemark><Placemark><TimeSpan><begin>2024-10-13T10:29:56Z</begin><end>2024-10-13T10:30:08Z</end></TimeSpan><styleUrl>#point</styleUrl><Point><altitudeMode>clampToGround</altitudeMode><coordinates>6.948804259300232,44.886934077367187,1896.8199999999999</coordinates></Point></Placemark><Placemark><TimeSpan><begin>2024-10-13T10:30:08Z</begin><end>2024-10-13T10:30:21Z</end></TimeSpan><styleUrl>#point</styleUrl><Point><altitudeMode>clampToGround</altitudeMode><coordinates>6.949001736938953,44.886941956356168,1896.8199999999999</coordinates></Point></Placemark><Placemark><TimeSpan><begin>2024-10-13T10:30:21Z</begin><end>2024-10-13T10:30:31Z</end></TimeSpan><styleUrl>#point</styleUrl><Point><altitudeMode>clampToGround</altitudeMode><coordinates>6.949126878753305,44.886947739869356,1897.3</coordinates></Point></Placemark><Placemark><TimeSpan><begin>2024-10-13T10:30:31Z</begin><end>2024-10-13T10:30:41Z</end></TimeSpan><styleUrl>#point</styleUrl><Point><altitudeMode>clampToGround</altitudeMode><coordinates>6.9492272939533,44.886955367401242,1897.78</coordinates></Point></Placemark><Placemark><TimeSpan><begin>2024-10-13T10:30:41Z</begin><end>2024-10-13T10:30:53Z</end></TimeSpan><styleUrl>#point</styleUrl><Point><altitudeMode>clampToGround</altitudeMode><coordinates>6.949310023337603,44.886942207813263,1897.78</coordinates></Point></Placemark><Placemark><TimeSpan><begin>2024-10-13T10:30:53Z</begin><end>2024-10-13T10:31:05Z</end></TimeSpan><styleUrl>#point</styleUrl><Point><altitudeMode>clampToGround</altitudeMode><coordinates>6.949338521808386,44.886970538645983,1897.78</coordinates></Point></Placemark><Placemark><TimeSpan><begin>2024-10-13T10:31:05Z</begin><end>2024-10-13T10:31:15Z</end></TimeSpan><styleUrl>#point</styleUrl><Point><altitudeMode>clampToGround</altitudeMode><coordinates>6.949297534301877,44.886979339644313,1897.78</coordinates></Point></Placemark><Placemark><TimeSpan><begin>2024-10-13T10:31:15Z</begin><end>2024-10-13T10:31:28Z</end></TimeSpan><styleUrl>#point</styleUrl><Point><altitudeMode>clampToGround</altitudeMode><coordinates>6.949195945635438,44.886949667707086,1897.3</coordinates></Point></Placemark><Placemark><TimeSpan><begin>2024-10-13T10:31:28Z</begin><end>2024-10-13T10:31:39Z</end></TimeSpan><styleUrl>#point</styleUrl><Point><altitudeMode>clampToGround</altitudeMode><coordinates>6.949061499908567,44.886949667707086,1897.3</coordinates></Point></Placemark><Placemark><TimeSpan><begin>2024-10-13T10:31:39Z</begin><end>2024-10-13T10:31:46Z</end></TimeSpan><styleUrl>#point</styleUrl><Point><altitudeMode>clampToGround</altitudeMode><coordinates>6.948945997282863,44.886941704899073,1897.3</coordinates></Point></Placemark><Placemark><TimeSpan><begin>2024-10-13T10:31:46Z</begin><end>2024-10-13T10:31:59Z</end></TimeSpan><styleUrl>#point</styleUrl><Point><altitudeMode>clampToGround</altitudeMode><coordinates>6.948717338964343,44.886980261653662,1893.45</coordinates></Point></Placemark><Placemark><TimeSpan><begin>2024-10-13T10:31:59Z</begin><end>2024-10-13T10:32:10Z</end></TimeSpan><styleUrl>#point</styleUrl><Point><altitudeMode>clampToGround</altitudeMode><coordinates>6.948651038110256,44.886996941640973,1892.97</coordinates></Point></Placemark><Placemark><TimeSpan><begin>2024-10-13T10:32:10Z</begin><end>2024-10-13T10:32:20Z</end></TimeSpan><styleUrl>#point</styleUrl><Point><altitudeMode>clampToGround</altitudeMode><coordinates>6.948516760021448,44.887030133977532,1892.01</coordinates></Point></Placemark><Placemark><TimeSpan><begin>2024-10-13T10:32:20Z</begin><end>2024-10-13T10:32:32Z</end></TimeSpan><styleUrl>#point</styleUrl><Point><altitudeMode>clampToGround</altitudeMode><coordinates>6.948417602106929,44.887041701003909,1891.53</coordinates></Point></Placemark><Placemark><TimeSpan><begin>2024-10-13T10:32:32Z</begin><end>2024-10-13T10:32:39Z</end></TimeSpan><styleUrl>#point</styleUrl><Point><altitudeMode>clampToGround</altitudeMode><coordinates>6.948346607387066,44.887046311050653,1891.05</coordinates></Point></Placemark><Placemark><TimeSpan><begin>2024-10-13T10:32:39Z</begin><end>2024-10-13T10:32:43Z</end></TimeSpan><styleUrl>#point</styleUrl><Point><altitudeMode>clampToGround</altitudeMode><coordinates>6.94829254411161,44.887032732367516,1891.05</coordinates></Point></Placemark><Placemark><TimeSpan><begin>2024-10-13T10:32:43Z</begin><end>2024-10-13T10:32:55Z</end></TimeSpan><styleUrl>#point</styleUrl><Point><altitudeMode>clampToGround</altitudeMode><coordinates>6.948117949068546,44.886980010196567,1891.05</coordinates></Point></Placemark><Placemark><TimeSpan><begin>2024-10-13T10:32:55Z</begin><end>2024-10-13T10:33:06Z</end></TimeSpan><styleUrl>#point</styleUrl><Point><altitudeMode>clampToGround</altitudeMode><coordinates>6.947993142530322,44.88698361441493,1890.5699999999999</coordinates></Point></Placemark><Placemark><TimeSpan><begin>2024-10-13T10:33:06Z</begin><end>2024-10-13T10:33:18Z</end></TimeSpan><styleUrl>#point</styleUrl><Point><altitudeMode>clampToGround</altitudeMode><coordinates>6.947877388447523,44.886964000761509,1891.05</coordinates></Point></Placemark><Placemark><TimeSpan><begin>2024-10-13T10:33:18Z</begin><end>2024-10-13T10:33:20Z</end></TimeSpan><styleUrl>#point</styleUrl><Point><altitudeMode>clampToGround</altitudeMode><coordinates>6.947858361527324,44.886966850608587,1891.05</coordinates></Point></Placemark><Placemark><TimeSpan><begin>2024-10-13T10:33:20Z</begin><end>2024-10-13T10:33:30Z</end></TimeSpan><styleUrl>#point</styleUrl><Point><altitudeMode>clampToGround</altitudeMode><coordinates>6.947741769254208,44.886996941640973,1891.05</coordinates></Point></Placemark><Placemark><TimeSpan><begin>2024-10-13T10:33:30Z</begin><end>2024-10-13T10:33:33Z</end></TimeSpan><styleUrl>#point</styleUrl><Point><altitudeMode>clampToGround</altitudeMode><coordinates>6.947703044861555,44.887003563344479,1891.05</coordinates></Point></Placemark><Placemark><TimeSpan><begin>2024-10-13T10:33:33Z</begin><end>2024-10-13T10:33:45Z</end></TimeSpan><styleUrl>#point</styleUrl><Point><altitudeMode>clampToGround</altitudeMode><coordinates>6.947552170604467,44.887001719325781,1890.5699999999999</coordinates></Point></Placemark><Placemark><TimeSpan><begin>2024-10-13T10:33:45Z</begin><end>2024-10-13T10:33:55Z</end></TimeSpan><styleUrl>#point</styleUrl><Point><altitudeMode>clampToGround</altitudeMode><coordinates>6.947506070137024,44.88699677400291,1890.5699999999999</coordinates></Point></Placemark><Placemark><TimeSpan><begin>2024-10-13T10:33:55Z</begin><end>2024-10-13T10:34:05Z</end></TimeSpan><styleUrl>#point</styleUrl><Point><altitudeMode>clampToGround</altitudeMode><coordinates>6.947519145905972,44.886997444555163,1890.5699999999999</coordinates></Point></Placemark><Placemark><TimeSpan><begin>2024-10-13T10:34:05Z</begin><end>2024-10-13T10:34:27Z</end></TimeSpan><styleUrl>#point</styleUrl><Point><altitudeMode>clampToGround</altitudeMode><coordinates>6.947512356564403,44.887023009359837,1889.6099999999999</coordinates></Point></Placemark><Placemark><TimeSpan><begin>2024-10-13T10:34:27Z</begin><end>2024-10-13T10:34:51Z</end></TimeSpan><styleUrl>#point</styleUrl><Point><altitudeMode>clampToGround</altitudeMode><coordinates>6.947505651041865,44.886996271088719,1889.6099999999999</coordinates></Point></Placemark><Placemark><TimeSpan><begin>2024-10-13T10:34:51Z</begin><end>2024-10-13T10:35:22Z</end></TimeSpan><styleUrl>#point</styleUrl><Point><altitudeMode>clampToGround</altitudeMode><coordinates>6.947511937469244,44.886970371007919,1889.1300000000001</coordinates></Point></Placemark><Placemark><TimeSpan><begin>2024-10-13T10:35:22Z</begin><end>2024-10-13T10:35:42Z</end></TimeSpan><styleUrl>#point</styleUrl><Point><altitudeMode>clampToGround</altitudeMode><coordinates>6.947516882792115,44.88698948174715,1889.6099999999999</coordinates></Point></Placemark><Placemark><TimeSpan><begin>2024-10-13T10:35:42Z</begin><end>2024-10-13T10:36:02Z</end></TimeSpan><styleUrl>#point</styleUrl><Point><altitudeMode>clampToGround</altitudeMode><coordinates>6.947536747902632,44.886970706284046,1889.6099999999999</coordinates></Point></Placemark><Placemark><TimeSpan><begin>2024-10-13T10:36:02Z</begin><end>2024-10-13T10:36:22Z</end></TimeSpan><styleUrl>#point</styleUrl><Point><altitudeMode>clampToGround</altitudeMode><coordinates>6.947565581649542,44.886978417634964,1889.6099999999999</coordinates></Point></Placemark><Placemark><TimeSpan><begin>2024-10-13T10:36:22Z</begin><end>2024-10-13T10:36:49Z</end></TimeSpan><styleUrl>#point</styleUrl><Point><altitudeMode>clampToGround</altitudeMode><coordinates>6.947559546679258,44.886949667707086,1889.1300000000001</coordinates></Point></Placemark><Placemark><TimeSpan><begin>2024-10-13T10:36:49Z</begin><end>2024-10-13T10:37:06Z</end></TimeSpan><styleUrl>#point</styleUrl><Point><altitudeMode>clampToGround</altitudeMode><coordinates>6.947541441768408,44.886936759576201,1889.1300000000001</coordinates></Point></Placemark><Placemark><TimeSpan><begin>2024-10-13T10:37:06Z</begin><end>2024-10-13T10:37:28Z</end></TimeSpan><styleUrl>#point</styleUrl><Point><altitudeMode>clampToGround</altitudeMode><coordinates>6.947508668527007,44.886956959962845,1889.1300000000001</coordinates></Point></Placemark><Placemark><TimeSpan><begin>2024-10-13T10:37:28Z</begin><end>2024-10-13T10:37:49Z</end></TimeSpan><styleUrl>#point</styleUrl><Point><altitudeMode>clampToGround</altitudeMode><coordinates>6.947548231109977,44.886924270540476,1889.1300000000001</coordinates></Point></Placemark><Placemark><TimeSpan><begin>2024-10-13T10:37:49Z</begin><end>2024-10-13T10:38:17Z</end></TimeSpan><styleUrl>#point</styleUrl><Point><altitudeMode>clampToGround</altitudeMode><coordinates>6.947623332962394,44.886848498135805,1889.6099999999999</coordinates></Point></Placemark><Placemark><TimeSpan><begin>2024-10-13T10:38:17Z</begin><end>2024-10-13T10:38:46Z</end></TimeSpan><styleUrl>#point</styleUrl><Point><altitudeMode>clampToGround</altitudeMode><coordinates>6.947557032108307,44.886865261942148,1889.6099999999999</coordinates></Point></Placemark><Placemark><TimeSpan><begin>2024-10-13T10:38:46Z</begin><end>2024-10-13T10:39:15Z</end></TimeSpan><styleUrl>#point</styleUrl><Point><altitudeMode>clampToGround</altitudeMode><coordinates>6.947491904720664,44.886906333267689,1890.0899999999999</coordinates></Point></Placemark><Placemark><TimeSpan><begin>2024-10-13T10:39:15Z</begin><end>2024-10-13T10:39:42Z</end></TimeSpan><styleUrl>#point</styleUrl><Point><altitudeMode>clampToGround</altitudeMode><coordinates>6.947440188378096,44.886937346309423,1890.5699999999999</coordinates></Point></Placemark><Placemark><TimeSpan><begin>2024-10-13T10:39:42Z</begin><end>2024-10-13T10:40:12Z</end></TimeSpan><styleUrl>#point</styleUrl><Point><altitudeMode>clampToGround</altitudeMode><coordinates>6.9474883005023,44.88693424500525,1890.5699999999999</coordinates></Point></Placemark><Placemark><TimeSpan><begin>2024-10-13T10:40:12Z</begin><end>2024-10-13T10:40:35Z</end></TimeSpan><styleUrl>#point</styleUrl><Point><altitudeMode>clampToGround</altitudeMode><coordinates>6.947498442605138,44.886950757354498,1891.05</coordinates></Point></Placemark><Placemark><TimeSpan><begin>2024-10-13T10:40:35Z</begin><end>2024-10-13T10:40:56Z</end></TimeSpan><styleUrl>#point</styleUrl><Point><altitudeMode>clampToGround</altitudeMode><coordinates>6.947502801194787,44.886964922770858,1891.05</coordinates></Point></Placemark><Placemark><TimeSpan><begin>2024-10-13T10:40:56Z</begin><end>2024-10-13T10:41:26Z</end></TimeSpan><styleUrl>#point</styleUrl><Point><altitudeMode>clampToGround</altitudeMode><coordinates>6.947492323815823,44.88693374209106,1891.05</coordinates></Point></Placemark><Placemark><TimeSpan><begin>2024-10-13T10:41:26Z</begin><end>2024-10-13T10:41:56Z</end></TimeSpan><styleUrl>#point</styleUrl><Point><altitudeMode>clampToGround</altitudeMode><coordinates>6.947501627728343,44.886943381279707,1891.05</coordinates></Point></Placemark><Placemark><TimeSpan><begin>2024-10-13T10:41:56Z</begin><end>2024-10-13T10:42:24Z</end></TimeSpan><styleUrl>#point</styleUrl><Point><altitudeMode>clampToGround</altitudeMode><coordinates>6.947457958012819,44.886962072923779,1891.53</coordinates></Point></Placemark><Placemark><TimeSpan><begin>2024-10-13T10:42:24Z</begin><end>2024-10-13T10:42:52Z</end></TimeSpan><styleUrl>#point</styleUrl><Point><altitudeMode>clampToGround</altitudeMode><coordinates>6.947499280795455,44.886939777061343,1891.53</coordinates></Point></Placemark><Placemark><TimeSpan><begin>2024-10-13T10:42:52Z</begin><end>2024-10-13T10:43:20Z</end></TimeSpan><styleUrl>#point</styleUrl><Point><altitudeMode>clampToGround</altitudeMode><coordinates>6.947459382936359,44.886938268318772,1892.01</coordinates></Point></Placemark><Placemark><TimeSpan><begin>2024-10-13T10:43:20Z</begin><end>2024-10-13T10:43:46Z</end></TimeSpan><styleUrl>#point</styleUrl><Point><altitudeMode>clampToGround</altitudeMode><coordinates>6.947479834780097,44.886948661878705,1892.01</coordinates></Point></Placemark><Placemark><TimeSpan><begin>2024-10-13T10:43:46Z</begin><end>2024-10-13T10:44:19Z</end></TimeSpan><styleUrl>#point</styleUrl><Point><altitudeMode>clampToGround</altitudeMode><coordinates>6.947483690455556,44.886969113722444,1892.01</coordinates></Point></Placemark><Placemark><TimeSpan><begin>2024-10-13T10:44:19Z</begin><end>2024-10-13T10:44:50Z</end></TimeSpan><styleUrl>#point</styleUrl><Point><altitudeMode>clampToGround</altitudeMode><coordinates>6.947456113994122,44.886964084580541,1892.49</coordinates></Point></Placemark><Placemark><TimeSpan><begin>2024-10-13T10:44:50Z</begin><end>2024-10-13T10:45:15Z</end></TimeSpan><styleUrl>#point</styleUrl><Point><altitudeMode>clampToGround</altitudeMode><coordinates>6.947439685463905,44.886955451220274,1892.01</coordinates></Point></Placemark><Placemark><TimeSpan><begin>2024-10-13T10:45:15Z</begin><end>2024-10-13T10:45:32Z</end></TimeSpan><styleUrl>#point</styleUrl><Point><altitudeMode>clampToGround</altitudeMode><coordinates>6.947459550574422,44.886951176449656,1893.45</coordinates></Point></Placemark><Placemark><TimeSpan><begin>2024-10-13T10:45:32Z</begin><end>2024-10-13T10:45:53Z</end></TimeSpan><styleUrl>#point</styleUrl><Point><altitudeMode>clampToGround</altitudeMode><coordinates>6.947509590536356,44.886943297460675,1893.45</coordinates></Point></Placemark><Placemark><TimeSpan><begin>2024-10-13T10:45:53Z</begin><end>2024-10-13T10:46:10Z</end></TimeSpan><styleUrl>#point</styleUrl><Point><altitudeMode>clampToGround</altitudeMode><coordinates>6.94747656583786,44.886948494240642,1893.9300000000001</coordinates></Point></Placemark><Placemark><TimeSpan><begin>2024-10-13T10:46:10Z</begin><end>2024-10-13T10:46:30Z</end></TimeSpan><styleUrl>#point</styleUrl><Point><altitudeMode>clampToGround</altitudeMode><coordinates>6.947531551122665,44.88694304600358,1893.9300000000001</coordinates></Point></Placemark><Placemark><TimeSpan><begin>2024-10-13T10:46:30Z</begin><end>2024-10-13T10:46:56Z</end></TimeSpan><styleUrl>#point</styleUrl><Point><altitudeMode>clampToGround</altitudeMode><coordinates>6.947510093450546,44.886927120387554,1894.4200000000001</coordinates></Point></Placemark><Placemark><TimeSpan><begin>2024-10-13T10:46:56Z</begin><end>2024-10-13T10:47:24Z</end></TimeSpan><styleUrl>#point</styleUrl><Point><altitudeMode>clampToGround</altitudeMode><coordinates>6.947482181712985,44.886935921385884,1894.4200000000001</coordinates></Point></Placemark><Placemark><TimeSpan><begin>2024-10-13T10:47:24Z</begin><end>2024-10-13T10:47:55Z</end></TimeSpan><styleUrl>#point</styleUrl><Point><altitudeMode>clampToGround</altitudeMode><coordinates>6.94744965992868,44.886962072923779,1894.4200000000001</coordinates></Point></Placemark><Placemark><TimeSpan><begin>2024-10-13T10:47:55Z</begin><end>2024-10-13T10:48:21Z</end></TimeSpan><styleUrl>#point</styleUrl><Point><altitudeMode>clampToGround</altitudeMode><coordinates>6.947471536695957,44.886967688798904,1894.9000000000001</coordinates></Point></Placemark><Placemark><TimeSpan><begin>2024-10-13T10:48:21Z</begin><end>2024-10-13T10:48:45Z</end></TimeSpan><styleUrl>#point</styleUrl><Point><altitudeMode>clampToGround</altitudeMode><coordinates>6.947473464533687,44.886967102065682,1894.9000000000001</coordinates></Point></Placemark><Placemark><TimeSpan><begin>2024-10-13T10:48:45Z</begin><end>2024-10-13T10:49:16Z</end></TimeSpan><styleUrl>#point</styleUrl><Point><altitudeMode>clampToGround</altitudeMode><coordinates>6.947519481182098,44.88696550950408,1895.3800000000001</coordinates></Point></Placemark><Placemark><TimeSpan><begin>2024-10-13T10:49:16Z</begin><end>2024-10-13T10:49:42Z</end></TimeSpan><styleUrl>#point</styleUrl><Point><altitudeMode>clampToGround</altitudeMode><coordinates>6.947515457868576,44.88694061525166,1895.3800000000001</coordinates></Point></Placemark><Placemark><TimeSpan><begin>2024-10-13T10:49:42Z</begin><end>2024-10-13T10:50:17Z</end></TimeSpan><styleUrl>#point</styleUrl><Point><altitudeMode>clampToGround</altitudeMode><coordinates>6.947542699053884,44.886933825910091,1894.4200000000001</coordinates></Point></Placemark><Placemark><TimeSpan><begin>2024-10-13T10:50:17Z</begin><end>2024-10-13T10:50:42Z</end></TimeSpan><styleUrl>#point</styleUrl><Point><altitudeMode>clampToGround</altitudeMode><coordinates>6.947521576657891,44.886924102902412,1894.4200000000001</coordinates></Point></Placemark><Placemark><TimeSpan><begin>2024-10-13T10:50:42Z</begin><end>2024-10-13T10:51:09Z</end></TimeSpan><styleUrl>#point</styleUrl><Point><altitudeMode>clampToGround</altitudeMode><coordinates>6.947488132864237,44.886913793161511,1894.9000000000001</coordinates></Point></Placemark><Placemark><TimeSpan><begin>2024-10-13T10:51:09Z</begin><end>2024-10-13T10:51:34Z</end></TimeSpan><styleUrl>#point</styleUrl><Point><altitudeMode>clampToGround</altitudeMode><coordinates>6.947463490068913,44.88691370934248,1894.4200000000001</coordinates></Point></Placemark><Placemark><TimeSpan><begin>2024-10-13T10:51:34Z</begin><end>2024-10-13T10:52:01Z</end></TimeSpan><styleUrl>#point</styleUrl><Point><altitudeMode>clampToGround</altitudeMode><coordinates>6.947507495060563,44.886924102902412,1894.9000000000001</coordinates></Point></Placemark><Placemark><TimeSpan><begin>2024-10-13T10:52:01Z</begin><end>2024-10-13T10:52:13Z</end></TimeSpan><styleUrl>#point</styleUrl><Point><altitudeMode>clampToGround</altitudeMode><coordinates>6.94751369766891,44.886938855051994,1894.4200000000001</coordinates></Point></Placemark><Placemark><TimeSpan><begin>2024-10-13T10:52:13Z</begin><end>2024-10-13T10:52:16Z</end></TimeSpan><styleUrl>#point</styleUrl><Point><altitudeMode>clampToGround</altitudeMode><coordinates>6.947531048208475,44.886942207813263,1895.8599999999999</coordinates></Point></Placemark><Placemark><TimeSpan><begin>2024-10-13T10:52:16Z</begin><end>2024-10-13T10:52:19Z</end></TimeSpan><styleUrl>#point</styleUrl><Point><altitudeMode>clampToGround</altitudeMode><coordinates>6.94751855917275,44.886949667707086,1893.9300000000001</coordinates></Point></Placemark><Placemark><TimeSpan><begin>2024-10-13T10:52:19Z</begin><end>2024-10-13T10:52:21Z</end></TimeSpan><styleUrl>#point</styleUrl><Point><altitudeMode>clampToGround</altitudeMode><coordinates>6.947513110935688,44.886952098459005,1895.8599999999999</coordinates></Point></Placemark></Folder><Placemark><name>Valle Argentera</name><Style><LineStyle><color>ffffff00</color><width>4</width></LineStyle></Style><MultiGeometry><LineString><coordinates>6.880607502534986,44.922094149515033,1593.52 6.880649495869875,44.922100771218538,1594.96 6.880655027925968,44.922098843380809,1595.45 6.88073867931962,44.922065818682313,1596.8900000000001 6.880789641290903,44.922060705721378,1597.8499999999999 6.88090673647821,44.922062885016203,1597.8499999999999 6.880977982655168,44.922064142301679,1598.3299999999999 6.881114775314927,44.922021981328726,1599.77 6.881145536899567,44.922029105946422,1600.25 6.881221393123269,44.921987531706691,1601.21 6.881416942924261,44.921815786510706,1604.5799999999999 6.881424570456147,44.921814864501357,1608.9000000000001 6.881454326212406,44.92181159555912,1612.75 6.881481567397714,44.921813607215881,1614.1900000000001 6.881510820239782,44.921813774853945,1618.04 6.881535295397043,44.921805812045932,1620.9200000000001 6.881589023396373,44.921808829531074,1624.77 6.881642416119576,44.921799106523395,1628.6099999999999 6.881693378090859,44.921787204220891,1631.98 6.881767306476831,44.921781504526734,1637.26 6.881786920130253,44.921782091259956,1638.22 6.881841821596026,44.921778570860624,1641.1099999999999 6.881926394999027,44.921781420707703,1645.4300000000001 6.881960928440094,44.921778151765466,1647.8399999999999 6.882064109668136,44.921753676608205,1652.1600000000001 6.882157232612371,44.921713275834918,1655.53 6.882184306159616,44.921698356047273,1656.49 6.882307687774301,44.921601209789515,1658.8900000000001 6.882380191236734,44.921549577265978,1658.8900000000001 6.882448336109519,44.921487551182508,1659.8499999999999 6.882500387728214,44.921444216743112,1660.3299999999999 6.882703313603997,44.921342460438609,1660.3299999999999 6.882826024666429,44.92130977101624,1661.78 6.882896181195974,44.921288816258311,1660.3299999999999 6.882933648303151,44.921262077987194,1660.3299999999999 6.882934235036373,44.921249086037278,1660.3299999999999 6.882938761264086,44.921222012490034,1661.78 6.88297170214355,44.921212205663323,1661.78 6.883108410984278,44.921165518462658,1663.22 6.883228858932853,44.921065187081695,1663.22 6.883400939404964,44.920966448262334,1664.6600000000001 6.883578468114138,44.920876426622272,1666.5799999999999 6.883751805871725,44.920815238729119,1666.5799999999999 6.883774101734161,44.920769138261676,1667.0599999999999 6.883761696517468,44.920763606205583,1667.54 6.883866973221302,44.920777855440974,1667.54 6.883916007354856,44.920738795772195,1668.02 6.883975686505437,44.920748015865684,1668.02 6.884121028706431,44.920761175453663,1668.99 6.884241979569197,44.920722115784883,1669.95 6.884434092789888,44.920728653669357,1670.9100000000001 6.884570466354489,44.920851616188884,1671.8699999999999 6.884634084999561,44.92093694396317,1671.8699999999999 6.884656799957156,44.920945409685373,1671.8699999999999 6.884743804112077,44.921008944511414,1672.3499999999999 6.884794011712074,44.921024870127439,1672.8299999999999 6.884931055828929,44.920961922034621,1673.3099999999999 6.885082181543112,44.920953707769513,1672.8299999999999 6.885144291445613,44.920926801860332,1673.3099999999999 6.88523598946631,44.920910373330116,1673.3099999999999 6.885340260341764,44.920979524031281,1674.75 6.885396586731076,44.921006849035621,1675.23 6.885432209819555,44.921022607013583,1675.72 6.885543772950769,44.921114640310407,1676.6800000000001 6.885713757947087,44.921205332502723,1678.1199999999999 6.8858961481601,44.921348746865988,1678.5999999999999 6.885912576690316,44.921355620026588,1674.75 6.885929508134723,44.921359643340111,1681.48 6.885970076546073,44.921360649168491,1680.04 6.886129332706332,44.921322846785188,1679.5599999999999 6.886192029342055,44.921341203153133,1679.0799999999999 6.886231089010835,44.921355368569493,1679.0799999999999 6.886319015175104,44.921373557299376,1681 6.886480199173093,44.921385962516069,1682.9300000000001 6.886662673205137,44.921409264206886,1684.8499999999999 6.88678982667625,44.92138160392642,1686.77 6.88693349249661,44.921289989724755,1688.21 6.886997865512967,44.921126123517752,1689.1700000000001 6.887049917131662,44.921075664460659,1689.1700000000001 6.887093083932996,44.920946331694722,1689.6500000000001 6.887114541605115,44.92083091288805,1690.6199999999999 6.887181093916297,44.920764192938805,1691.0999999999999 6.887202551588416,44.92070535197854,1690.6199999999999 6.887115547433496,44.920567218214273,1692.0599999999999 6.887192158028483,44.92053042165935,1692.54 6.887243622913957,44.920466803014278,1693.02 6.887272959575057,44.920295057818294,1693.98 6.887344876304269,44.920125743374228,1695.4200000000001 6.887385947629809,44.920007809996605,1696.3800000000001 6.887508407235146,44.919832879677415,1698.79 6.887598345056176,44.919647304341197,1700.71 6.887667663395405,44.919471619650722,1701.6700000000001 6.887691216543317,44.919296773150563,1702.6300000000001 6.887762881815434,44.919091081246734,1703.5899999999999 6.887826165184379,44.918956384062767,1704.55 6.887895232066512,44.918829314410686,1706 6.887946361675859,44.918770389631391,1707.4400000000001 6.888040406629443,44.918670309707522,1708.8800000000001 6.888127578422427,44.918553214520216,1709.8399999999999 6.888164710253477,44.918519267812371,1710.3199999999999 6.888247271999717,44.918423462659121,1711.28 6.888351794332266,44.91834182292223,1712.25 6.8884570710361,44.918300667777658,1713.6900000000001 6.888542734086514,44.918248783797026,1714.6500000000001 6.888576932251453,44.918205365538597,1715.1300000000001 6.888640383258462,44.918096316978335,1715.6099999999999 6.888764267787337,44.917988190427423,1717.05 6.888850266113877,44.917936306446791,1718.49 6.888912878930569,44.917807308956981,1719.9400000000001 6.888930480927229,44.917772607877851,1720.9000000000001 6.888980017974973,44.917664481326938,1721.8599999999999 6.889115301892161,44.917579991742969,1721.8599999999999 6.889152936637402,44.917591977864504,1722.3399999999999 6.88917925581336,44.91758837364614,1721.3800000000001 6.889169281348586,44.91756297647953,1722.8199999999999 6.889186296612024,44.917524755001068,1723.3 6.889220075681806,44.917423417791724,1724.26 6.889240024611354,44.91729324683547,1725.7 6.889277743175626,44.917160896584392,1727.6300000000001 6.889357538893819,44.917033659294248,1729.0699999999999 6.88947337679565,44.9169238563627,1730.51 6.889615198597312,44.916861830279231,1731.47 6.889741346240044,44.91674205288291,1733.3900000000001 6.889890292659402,44.916599309071898,1734.8399999999999 6.890050051733851,44.916516831144691,1736.76 6.890216181054711,44.916468299925327,1738.2 6.890375688672066,44.916450278833508,1739.1600000000001 6.890565622597933,44.916384061798453,1740.5999999999999 6.890747090801597,44.916339470073581,1742.53 6.890901234000921,44.916303008794785,1744.9300000000001 6.891027549281716,44.916264619678259,1746.3699999999999 6.891094939783216,44.916191613301635,1747.8099999999999 6.891212873160839,44.916086671873927,1749.74 6.89129794947803,44.916050210595131,1750.7 6.891406076028943,44.91601794026792,1752.6199999999999 6.8915637396276,44.91597100161016,1754.0599999999999 6.891734562814236,44.91586597636342,1756.95 6.891898093745112,44.915715353563428,1758.8699999999999 6.892009405419231,44.915620470419526,1761.27 6.892131194472313,44.915535394102335,1763.2 6.892216857522726,44.915475463494658,1765.5999999999999 6.89229279756546,44.915422238409519,1767.04 6.892296066507697,44.915336742997169,1768.48 6.892343088984489,44.915315369144082,1768.96 6.892321547493339,44.915289133787155,1768.96 6.892341496422887,44.915265580639243,1769.4400000000001 6.892354488372803,44.915248481556773,1769.4400000000001 6.892457837238908,44.915270777419209,1769.4400000000001 6.892472505569458,44.915272202342749,1769.4400000000001 6.892649531364441,44.915291396901011,1769.9200000000001 6.892828484997153,44.915306819602847,1770.8900000000001 6.892963098362088,44.915271196514368,1772.3299999999999 6.893079439178109,44.915289971977472,1773.29 6.893184715881944,44.915229538455606,1774.73 6.893247915431857,44.915170446038246,1776.1700000000001 6.893325196579099,44.915111856535077,1777.1300000000001 6.893452266231179,44.915040945634246,1778.0999999999999 6.893565757200122,44.914972465485334,1779.54 6.893679834902287,44.91490968503058,1780.5 6.893799863755703,44.91480465978384,1781.46 6.893934896215797,44.914715476334095,1782.4200000000001 6.894069006666541,44.914669962599874,1782.4200000000001 6.894153244793415,44.914683122187853,1782.9000000000001 6.894151736050844,44.91466736420989,1782.9000000000001 6.894201189279556,44.91465219296515,1783.3800000000001 6.894229268655181,44.914625370875001,1783.3800000000001 6.894254079088569,44.914610618725419,1783.3800000000001 6.894415346905589,44.91453249938786,1783.8599999999999 6.89457225613296,44.914467455819249,1783.8599999999999 6.89463671296835,44.914367375895381,1785.3099999999999 6.894668564200401,44.914354803040624,1785.3099999999999 6.894694129005075,44.914367040619254,1785.3099999999999 6.894769566133618,44.914369974285364,1785.3099999999999 6.894993782043457,44.914242904633284,1785.79 6.895172400400043,44.914166294038296,1785.79 6.895341295748949,44.914062358438969,1786.75 6.895552268251777,44.913922045379877,1786.75 6.895756870508194,44.913816601037979,1785.79 6.895961137488484,44.913629349321127,1785.3099999999999 6.896110754460096,44.91348241455853,1785.3099999999999 6.896087788045406,44.913398511707783,1785.3099999999999 6.896095247939229,44.913389878347516,1785.79 6.896146377548575,44.913345035165548,1785.79 6.896176720038056,44.913334809243679,1785.79 6.896198345348239,44.913326343521476,1785.79 6.89626288600266,44.913297593593597,1785.3099999999999 6.896381406113505,44.913206063210964,1785.79 6.896522808820009,44.913070779293776,1785.3099999999999 6.89663085155189,44.912921916693449,1785.79 6.89673000946641,44.912812197580934,1785.79 6.896871160715818,44.912716308608651,1785.79 6.896979454904795,44.912657719105482,1785.79 6.897082719951868,44.912577252835035,1784.8199999999999 6.897049443796277,44.912571553140879,1784.8199999999999 6.897073332220316,44.91257012821734,1786.75 6.897052880376577,44.912565601989627,1786.75 6.896941149607301,44.912547580897808,1786.75 6.896854061633349,44.912529559805989,1787.23 6.896797316148877,44.912421181797981,1788.6700000000001 6.896860767155886,44.912239713594317,1788.6700000000001 6.896937964484096,44.912121444940567,1789.1500000000001 6.896999571472406,44.911991860717535,1789.1500000000001 6.897094286978245,44.911860851570964,1790.1099999999999 6.897222949191928,44.91174291819334,1790.1099999999999 6.897367872297764,44.91164468228817,1790.5899999999999 6.897540707141161,44.91153814829886,1790.5899999999999 6.897721085697413,44.911419041454792,1791.0699999999999 6.897888388484716,44.911321811378002,1791.0699999999999 6.898045549169183,44.911236651241779,1791.0699999999999 6.898194076493383,44.911147635430098,1791.55 6.898203045129776,44.911116706207395,1791.55 6.898197513073683,44.911118550226092,1792.03 6.898207319900394,44.911116873845458,1792.03 6.898322654888034,44.911084603518248,1792.03 6.89855701290071,44.910931382328272,1792.52 6.898766979575157,44.910745974630117,1792.52 6.898964792490006,44.910535588860512,1793.48 6.899080462753773,44.910425366833806,1793.48 6.899172328412533,44.910343224182725,1793.96 6.899261092767119,44.91029217839241,1793.96 6.899403752759099,44.910141723230481,1794.4400000000001 6.89950299449265,44.910015743225813,1794.4400000000001 6.899645989760757,44.909892780706286,1794.4400000000001 6.89974095672369,44.90978054702282,1794.9200000000001 6.899862326681614,44.909661104902625,1795.4000000000001 6.899984367191792,44.909519366919994,1796.3599999999999 6.90007665194571,44.909394225105643,1796.3599999999999 6.900124261155725,44.909331779927015,1796.3599999999999 6.900201374664903,44.909216947853565,1796.8399999999999 6.900309668853879,44.909077808260918,1797.3199999999999 6.900448137894273,44.908962724730372,1797.8 6.900547463446856,44.908806486055255,1798.28 6.900601526722312,44.908661227673292,1799.24 6.900625079870224,44.908507503569126,1799.24 6.900745024904609,44.908374147489667,1799.73 6.900778552517295,44.908338189125061,1799.73 6.900882991030812,44.908246574923396,1800.21 6.901001930236816,44.908124785870314,1800.21 6.901129418984056,44.907982377335429,1800.21 6.901246262714267,44.907865114510059,1800.6900000000001 6.901298649609089,44.907847680151463,1800.6900000000001 6.90141499042511,44.907869892194867,1800.6900000000001 6.901453295722604,44.907875172793865,1800.6900000000001 6.901536947116256,44.907899564132094,1800.6900000000001 6.901553459465504,44.907899731770158,1800.6900000000001 6.901722438633442,44.907937617972493,1799.73 6.90180785022676,44.907971732318401,1799.73 6.901749428361654,44.907953711226583,1800.21 6.901826625689864,44.907987993210554,1800.21 6.901825703680515,44.907982461154461,1800.21 6.90176828764379,44.907968631014228,1800.21 6.90160651691258,44.907881710678339,1800.6900000000001 6.901544155552983,44.907835694029927,1800.6900000000001 6.901545664295554,44.907746594399214,1801.6500000000001 6.901705507189035,44.907551379874349,1802.6099999999999 6.901956209912896,44.907340407371521,1803.0899999999999 6.902170954272151,44.907149048522115,1804.53 6.902335826307535,44.907007981091738,1805.01 6.902405396103859,44.906953247264028,1805.49 6.902540763840079,44.906798768788576,1806.45 6.902657356113195,44.906659293919802,1806.45 6.902712006121874,44.906628867611289,1806.45 6.902813175693154,44.906480927020311,1806.9400000000001 6.902896659448743,44.906321419402957,1807.4200000000001 6.902983579784632,44.906200300902128,1807.4200000000001 6.90303236246109,44.90612025372684,1807.4200000000001 6.903183236718178,44.905986478552222,1807.4200000000001 6.903323968872428,44.905866365879774,1807.4200000000001 6.903463443741202,44.905725214630365,1807.9000000000001 6.90362311899662,44.905596300959587,1808.3800000000001 6.903720600530505,44.905524970963597,1808.3800000000001 6.903876923024654,44.905404858291149,1808.3800000000001 6.904020169749856,44.905297737568617,1808.8599999999999 6.904169199988246,44.905181648209691,1808.8599999999999 6.904298113659024,44.905098248273134,1807.9000000000001 6.904445718973875,44.904995318502188,1807.9000000000001 6.904587876051664,44.904839918017387,1807.9000000000001 6.904700696468353,44.904712764546275,1807.9000000000001 6.904765237122774,44.904605140909553,1808.3800000000001 6.904759118333459,44.904602961614728,1808.3800000000001 6.904762471094728,44.904460469260812,1809.8199999999999 6.904809912666678,44.904318982735276,1810.3 6.904817037284374,44.90426441654563,1810.78 6.90480312332511,44.904245557263494,1810.78 6.904872693121433,44.904083954170346,1811.26 6.904900101944804,44.903934253379703,1811.26 6.904946286231279,44.903779439628124,1811.26 6.904970677569509,44.903666116297245,1811.26 6.905012000352144,44.903557235375047,1811.26 6.905035972595215,44.90345967002213,1811.74 6.905074780806899,44.903291529044509,1810.3 6.905095065012574,44.903175942599773,1810.3 6.905101519078016,44.903151635080576,1810.78 6.905157258734107,44.903111737221479,1810.78 6.90522531978786,44.903111737221479,1810.78 6.905219284817576,44.903087932616472,1810.78 6.905268067494035,44.90289531648159,1810.78 6.905346103012562,44.902778640389442,1810.78 6.905346270650625,44.902737820520997,1812.22 6.905421623960137,44.902600860223174,1812.22 6.905440147966147,44.902595579624176,1812.22 6.905537797138095,44.902527770027518,1812.7 6.905524218454957,44.902533385902643,1812.7 6.905528828501701,44.902372872456908,1812.7 6.90564407967031,44.902192326262593,1813.1800000000001 6.905737118795514,44.902116637676954,1813.1800000000001 6.905916994437575,44.901978420093656,1813.1800000000001 6.906040962785482,44.90184917114675,1813.6600000000001 6.906066276133061,44.901719000190496,1813.6600000000001 6.90606527030468,44.90164146758616,1813.6600000000001 6.906086979433894,44.901590337976813,1813.6600000000001 6.906206421554089,44.901513140648603,1813.6600000000001 6.906262161210179,44.901501908898354,1813.6600000000001 6.906305747106671,44.901429656893015,1813.6600000000001 6.90631253644824,44.901435859501362,1813.6600000000001 6.906353188678622,44.901441894471645,1813.6600000000001 6.906377244740725,44.901421945542097,1813.6600000000001 6.906455447897315,44.901350615546107,1813.1800000000001 6.906506326049566,44.901289343833923,1813.1800000000001 6.90657346509397,44.90124324336648,1813.1800000000001 6.906719645485282,44.90122077986598,1814.1500000000001 6.906730709597468,44.90119680762291,1815.1099999999999 6.906734146177769,44.901214074343443,1814.6300000000001 6.906947214156389,44.901293953880668,1814.6300000000001 6.906983256340027,44.90130920894444,1814.6300000000001 6.907214596867561,44.901381293311715,1816.0699999999999 6.907256841659546,44.901366792619228,1815.5899999999999 6.907367231324315,44.901297306641936,1816.0699999999999 6.907597901299596,44.901337204501033,1816.55 6.907777022570372,44.901287499815226,1816.55 6.907884227111936,44.901261851191521,1816.55 6.907993778586388,44.901223629713058,1817.03 6.908088577911258,44.901188341900706,1817.51 6.908235512673855,44.901108210906386,1817.99 6.908275159075856,44.901083065196872,1817.99 6.908358559012413,44.901043670251966,1817.99 6.908564502373338,44.9009227193892,1818.47 6.908713951706886,44.900839487090707,1818.95 6.908814953640103,44.90075365640223,1818.95 6.908856779336929,44.900729013606906,1818.95 6.908855689689517,44.900714512914419,1818.95 6.908855605870485,44.900723397731781,1818.95 6.90889885649085,44.900710489600897,1818.95 6.908989045768976,44.900732114911079,1818.95 6.90903908573091,44.900699844583869,1819.4300000000001 6.908990722149611,44.900688361376524,1819.4300000000001 6.909110667183995,44.900587107986212,1819.4300000000001 6.909274617210031,44.900411507114768,1819.4300000000001 6.909468490630388,44.900266667827964,1820.8699999999999 6.909626992419362,44.900143034756184,1821.3499999999999 6.909771580249071,44.89997673779726,1822.3199999999999 6.909939218312502,44.89984086714685,1824.24 6.910129571333528,44.899756964296103,1825.2 6.910274159163237,44.899717317894101,1826.1600000000001 6.910468116402626,44.899667026475072,1827.1199999999999 6.910656793043017,44.899623021483421,1827.5999999999999 6.910816049203277,44.89958580583334,1829.05 6.911009587347508,44.899542387574911,1829.05 6.911053340882063,44.899533335119486,1829.53 6.911102207377553,44.899519672617316,1830.01 6.911316029727459,44.899469632655382,1830.49 6.911505628377199,44.899413054808974,1830.97 6.911704782396555,44.899354465305805,1831.45 6.911900416016579,44.899311047047377,1831.9300000000001 6.912102168425918,44.899253211915493,1831.9300000000001 6.912233512848616,44.899229994043708,1831.9300000000001 6.912454208359122,44.899172075092793,1830.97 6.912614973261952,44.899140726774931,1830.97 6.912843380123377,44.899091357365251,1830.49 6.912928121164441,44.899064702913165,1830.97 6.913085533306003,44.899022793397307,1830.97 6.913230624049902,44.898980800062418,1830.97 6.913421815261245,44.898932352662086,1830.97 6.913592638447881,44.89885825663805,1830.97 6.913577048107982,44.898802600800991,1830.49 6.913627507165074,44.898810647428036,1830.49 6.913687521591783,44.898803103715181,1830.49 6.9138212967664,44.898786675184965,1830.49 6.913967560976744,44.898732360452414,1830.49 6.914008380845189,44.898700341582298,1830.49 6.914083566516638,44.898653822019696,1831.9300000000001 6.914125643670559,44.898601854220033,1831.9300000000001 6.914129080250859,44.898593472316861,1831.9300000000001 6.914155064150691,44.898599842563272,1831.9300000000001 6.914180377498269,44.898572517558932,1832.4100000000001 6.914244331419468,44.898557513952255,1832.4100000000001 6.914248187094927,44.898561537265778,1832.8900000000001 6.914258245378733,44.898569919168949,1832.8900000000001 6.914307363331318,44.898545192554593,1832.8900000000001 6.914344076067209,44.898535972461104,1832.8900000000001 6.914549935609102,44.898405717685819,1833.3699999999999 6.914745820686221,44.898269847035408,1833.8499999999999 6.914902897551656,44.898163313046098,1833.8499999999999 6.914961989969015,44.898136407136917,1834.8099999999999 6.914952769875526,44.898104220628738,1834.8099999999999 6.915103727951646,44.897965081036091,1835.29 6.915140021592379,44.897866509854794,1835.29 6.915138931944966,44.897824600338936,1835.77 6.915162652730942,44.897834826260805,1835.77 6.915159299969673,44.897790653631091,1836.26 6.915182434022427,44.897782690823078,1836.74 6.915141865611076,44.897759640589356,1837.22 6.915215207263827,44.897747151553631,1837.22 6.915451912209392,44.897708930075169,1837.7 6.915632039308548,44.897615807130933,1837.7 6.915899254381657,44.897439116612077,1837.7 6.916129002347589,44.897290337830782,1837.7 6.916343662887812,44.897141978144646,1838.6600000000001 6.916561340913177,44.89697802811861,1839.6199999999999 6.916733253747225,44.896897058933973,1839.6199999999999 6.916811959818006,44.896785244345665,1839.6199999999999 6.916823610663414,44.896734450012445,1840.0999999999999 6.916918158531189,44.896620120853186,1840.0999999999999 6.916979514062405,44.89652699790895,1840.0999999999999 6.917073307558894,44.896426917985082,1840.0999999999999 6.917170621454716,44.896294064819813,1840.5799999999999 6.917280340567231,44.896150566637516,1840.5799999999999 6.917267432436347,44.896117374300957,1840.5799999999999 6.917293081060052,44.89606280811131,1840.5799999999999 6.917294254526496,44.896102622151375,1840.5799999999999 6.917333817109466,44.896094910800457,1841.0599999999999 6.917474213987589,44.895949317142367,1839.6199999999999 6.917573623359203,44.89579651504755,1839.6199999999999 6.917691808193922,44.895682269707322,1839.6199999999999 6.917705219238997,44.895631140097976,1839.6199999999999 6.917719217017293,44.895544638857245,1839.1400000000001 6.917811837047339,44.895356632769108,1839.1400000000001 6.917903870344162,44.895170638337731,1838.6600000000001 6.917985342442989,44.895018842071295,1838.6600000000001 6.918091792613268,44.894831171259284,1838.6600000000001 6.918169911950827,44.89461206831038,1838.6600000000001 6.918252808973193,44.894435126334429,1838.6600000000001 6.918380800634623,44.894296573475003,1838.6600000000001 6.918575093150139,44.894191715866327,1838.6600000000001 6.918775755912066,44.894157182425261,1840.0999999999999 6.918925289064646,44.89413321018219,1840.0999999999999 6.919045485556126,44.894114518538117,1841.0599999999999 6.919131819158793,44.894094653427601,1841.0599999999999 6.919307336211205,44.89405794069171,1841.54 6.919466508552432,44.894020557403564,1842.02 6.919609839096665,44.893982000648975,1842.98 6.919831372797489,44.893930535763502,1843.95 6.919966153800488,44.89388451911509,1844.9100000000001 6.920040752738714,44.893877226859331,1845.3900000000001 6.920185256749392,44.893840597942472,1845.3900000000001 6.920310063287616,44.893801957368851,1846.3499999999999 6.920492704957724,44.893782678991556,1848.27 6.920774504542351,44.893727190792561,1850.1900000000001 6.920901909470558,44.893717551603913,1850.6800000000001 6.920973910018802,44.893708163872361,1850.6800000000001 6.921123275533319,44.893590733408928,1850.6800000000001 6.921194018796086,44.893496688455343,1851.1600000000001 6.921201646327972,44.893486546352506,1851.1600000000001 6.921290578320622,44.893425609916449,1851.6400000000001 6.921380097046495,44.893373809754848,1851.6400000000001 6.921404404565692,44.893332067877054,1852.1199999999999 6.921348916366696,44.893296528607607,1852.1199999999999 6.92136324942112,44.89325855858624,1852.5999999999999 6.921555530279875,44.89320432767272,1853.5599999999999 6.921637505292893,44.893166776746511,1854.04 6.921904217451811,44.893091591075063,1855.96 6.922115022316575,44.893022775650024,1857.8900000000001 6.922250641509891,44.893013471737504,1859.3299999999999 6.922489944845438,44.892993103712797,1859.3299999999999 6.922707036137581,44.8929722327739,1858.8499999999999 6.922783562913537,44.892941387370229,1858.8499999999999 6.923070475459099,44.89288916811347,1859.3299999999999 6.923279855400324,44.892815742641687,1859.8099999999999 6.923474818468094,44.89273427054286,1860.77 6.923552518710494,44.892721781507134,1860.77 6.923730717971921,44.892679704353213,1860.29 6.923748990520835,44.892692109569907,1860.29 6.923775896430016,44.892700826749206,1860.29 6.923779752105475,44.89266294054687,1860.29 6.923865666612983,44.892551880329847,1860.29 6.923889638856053,44.892498068511486,1858.8499999999999 6.923933308571577,44.892340404912829,1858.8499999999999 6.923964656889439,44.892292460426688,1858.8499999999999 6.924094744026661,44.892183914780617,1858.3699999999999 6.92416506819427,44.892148459330201,1858.3699999999999 6.924332538619638,44.892098838463426,1856.9200000000001 6.924394061788917,44.89212641492486,1856.9200000000001 6.924490286037326,44.892131192609668,1856.4400000000001 6.924644010141492,44.892187351360917,1856.9200000000001 6.924663791432977,44.892193470150232,1856.9200000000001 6.924692206084728,44.892134042456746,1856.9200000000001 6.924626994878054,44.892077213153243,1856.9200000000001 6.924716681241989,44.892038488760591,1856.9200000000001 6.924768732860684,44.892036812379956,1857.8900000000001 6.924877110868692,44.892024490982294,1858.3699999999999 6.925063356757164,44.89200814627111,1858.8499999999999 6.925117922946811,44.892007643356919,1859.3299999999999 6.925332164391875,44.89197788760066,1859.3299999999999 6.925390167161822,44.891978222876787,1859.8099999999999 6.925504244863987,44.891955424100161,1859.8099999999999 6.925519416108728,44.891940839588642,1859.8099999999999 6.925654951483011,44.891901779919863,1860.29 6.925644893199205,44.891898091882467,1860.29 6.925732987001538,44.891878645867109,1860.29 6.925861984491348,44.891868503764272,1861.25 6.925907079130411,44.891864061355591,1861.73 6.926006739959121,44.891827935352921,1862.21 6.926058875396848,44.891811506822705,1862.21 6.926310667768121,44.891707990318537,1863.6500000000001 6.926535554230213,44.891605563461781,1866.0599999999999 6.926586264744401,44.89158502779901,1866.0599999999999 6.92664384841919,44.891540519893169,1866.0599999999999 6.926807798445225,44.891446139663458,1867.02 6.927012735977769,44.891347903758287,1867.98 6.927199736237526,44.891267772763968,1868.46 6.927287494763732,44.891246566548944,1867.02 6.927335020154715,44.89120532758534,1867.02 6.927320770919323,44.891182109713554,1867.98 6.927285315468907,44.891151515766978,1867.98 6.927420515567064,44.891072809696198,1867.98 6.927562337368727,44.890908021479845,1867.98 6.927626375108957,44.890802325680852,1867.98 6.927691167220473,44.890720685943961,1867.98 6.927809352055192,44.890508120879531,1867.02 6.927943713963032,44.890356240794063,1866.54 6.92815569229424,44.890224644914269,1866.54 6.928340597078204,44.890144430100918,1866.54 6.928546959534288,44.8900365550071,1867.5 6.928736390545964,44.889954077079892,1867.98 6.92890134640038,44.88991099409759,1868.9400000000001 6.929013496264815,44.889857517555356,1869.9000000000001 6.929107876494527,44.889763807877898,1869.9000000000001 6.929191946983337,44.889699937775731,1870.3800000000001 6.92930594086647,44.889608658850193,1870.3800000000001 6.929346341639757,44.889574376866221,1870.3800000000001 6.929467292502523,44.889508914202452,1871.3399999999999 6.929631661623716,44.889440601691604,1871.3399999999999 6.929668290540576,44.889430375769734,1871.3399999999999 6.929817907512188,44.889383018016815,1871.8199999999999 6.929957550019026,44.889346221461892,1872.3 6.930120410397649,44.889302384108305,1872.79 6.930301124230027,44.889261815696955,1873.27 6.930471109226346,44.889217726886272,1873.27 6.9305719435215,44.889135751873255,1873.27 6.93062961101532,44.889140194281936,1873.27 6.930670011788607,44.88914480432868,1873.27 6.930802278220654,44.889070121571422,1873.27 6.930959271267057,44.889037432149053,1873.27 6.931200502440333,44.889024943113327,1873.27 6.931377109140158,44.889032319188118,1873.75 6.931556146591902,44.889093423262239,1873.75 6.931743482127786,44.8891247715801,1874.71 6.931897373870015,44.889157712459564,1875.1900000000001 6.932102059945464,44.889164920896292,1875.1900000000001 6.932307668030262,44.88918780349195,1876.1500000000001 6.932464241981506,44.889238765463233,1876.1500000000001 6.932435743510723,44.889237927272916,1876.1500000000001 6.93246248178184,44.889250248670578,1875.6700000000001 6.932556107640266,44.889234658330679,1876.1500000000001 6.932640010491014,44.889231640845537,1876.1500000000001 6.93287143483758,44.889247231185436,1876.6300000000001 6.933078551664949,44.889264078810811,1877.5899999999999 6.933121718466282,44.889261061325669,1877.5899999999999 6.9333366304636,44.889284614473581,1879.03 6.933510974049568,44.889280255883932,1880 6.933588925749064,44.889289643615484,1880.48 6.933787660673261,44.889303054660559,1881.4400000000001 6.933990586549044,44.889298947528005,1881.4400000000001 6.93422544747591,44.889273885637522,1881.9200000000001 6.93426551297307,44.889269275590777,1881.9200000000001 6.934435581788421,44.889234490692616,1882.4000000000001 6.934512611478567,44.88921613432467,1882.4000000000001 6.934654349461198,44.889191910624504,1883.3599999999999 6.934889042750001,44.889142541214824,1884.8 6.935086017474532,44.889113456010818,1885.28 6.93527989089489,44.88907054066658,1885.28 6.935430429875851,44.889035420492291,1885.28 6.935606366023421,44.888999545946717,1885.28 6.935664284974337,44.888977250084281,1885.28 6.935769226402044,44.888948416337371,1885.28 6.935914820060134,44.888906506821513,1883.8399999999999 6.93606267683208,44.888856383040547,1883.8399999999999 6.936196368187666,44.888784131035209,1883.8399999999999 6.936206761747599,44.888776587322354,1883.8399999999999 6.936246743425727,44.888740042224526,1883.8399999999999 6.936391750350595,44.888636441901326,1883.8399999999999 6.936510521918535,44.888548599556088,1883.8399999999999 6.93661630153656,44.88848514854908,1885.28 6.936695091426373,44.888441478833556,1885.76 6.936855688691139,44.888311978429556,1885.76 6.936983596533537,44.88822371698916,1885.76 6.937166573479772,44.888100670650601,1886.72 6.937328847125173,44.887997740879655,1887.21 6.937481984496117,44.887885842472315,1887.21 6.937633445486426,44.887726586312056,1885.76 6.937650796025991,44.887703787535429,1885.76 6.93778214044869,44.887561043724418,1885.28 6.937877861782908,44.887405894696712,1885.28 6.937927566468716,44.887265246361494,1885.28 6.937958244234324,44.887205148115754,1885.28 6.937954891473055,44.88720154389739,1886.72 6.937974337488413,44.887195341289043,1886.72 6.937968218699098,44.887182014063001,1886.72 6.938033932819963,44.887195928022265,1886.72 6.938175586983562,44.887132979929447,1886.72 6.938324952498078,44.887022506445646,1886.72 6.938410280272365,44.886947404593229,1887.21 6.938492925837636,44.886853359639645,1887.21 6.938549419865012,44.886756632477045,1887.21 6.93867732770741,44.886680021882057,1887.21 6.938808504492044,44.886661833152175,1887.6900000000001 6.938962982967496,44.886615481227636,1887.6900000000001 6.939115533605218,44.886604668572545,1888.1700000000001 6.939263390377164,44.886571979150176,1888.6500000000001 6.93937168456614,44.886532835662365,1888.6500000000001 6.939380737021565,44.886500313878059,1889.1300000000001 6.939396830275655,44.886466702446342,1889.1300000000001 6.939430693164468,44.886456392705441,1889.1300000000001 6.93949188105762,44.886480951681733,1889.1300000000001 6.939715258777142,44.886443736031651,1889.1300000000001 6.939834030345082,44.886448010802269,1887.6900000000001 6.939847860485315,44.886433845385909,1887.6900000000001 6.939909383654594,44.886410040780902,1887.6900000000001 6.940071070566773,44.886366371065378,1888.1700000000001 6.940290173515678,44.886309122666717,1888.1700000000001 6.940510617569089,44.886260088533163,1888.1700000000001 6.940598376095295,44.886226812377572,1887.6900000000001 6.940859891474247,44.886184819042683,1887.6900000000001 6.941121658310294,44.886156907305121,1887.6900000000001 6.941340006887913,44.886155147105455,1887.21 6.941521978005767,44.886163612827659,1887.21 6.941546453163028,44.88617492839694,1888.6500000000001 6.941611832007766,44.886171827092767,1888.6500000000001 6.941657178103924,44.886207869276404,1888.6500000000001 6.941656842827797,44.886210048571229,1888.6500000000001 6.941742673516274,44.886206109076738,1888.6500000000001 6.941790198907256,44.88619739189744,1889.1300000000001 6.94190084002912,44.886163948103786,1889.1300000000001 6.941970158368349,44.886154057458043,1889.1300000000001 6.941984407603741,44.886149279773235,1889.1300000000001 6.942179622128606,44.886154057458043,1889.1300000000001 6.942354468628764,44.886164870113134,1889.1300000000001 6.942420434206724,44.88616612739861,1889.1300000000001 6.94255412556231,44.886096054688096,1887.6900000000001 6.942807594314218,44.88598239608109,1887.6900000000001 6.943073133006692,44.88594769500196,1887.6900000000001 6.943302378058434,44.885962279513478,1887.6900000000001 6.943570682778955,44.885988431051373,1888.6500000000001 6.943816021084786,44.886039979755878,1888.6500000000001 6.944075943902135,44.88618322648108,1889.1300000000001 6.94424768909812,44.886286407709122,1889.6099999999999 6.944268895313144,44.886348014697433,1890.0899999999999 6.944295801222324,44.886370226740837,1890.0899999999999 6.944361347705126,44.886397300288081,1890.0899999999999 6.944543989375234,44.886452117934823,1890.0899999999999 6.944707101210952,44.886470977216959,1891.05 6.944808019325137,44.886482963338494,1892.01 6.94486191496253,44.886490255594254,1892.01 6.945008430629969,44.886508192867041,1892.49 6.945055956020951,44.886506600305438,1892.49 6.945122089236975,44.886493775993586,1892.49 6.9452313054353,44.88647248595953,1892.49 6.945417886599898,44.886418674141169,1892.49 6.945617208257318,44.88640165887773,1892.97 6.945787277072668,44.886393360793591,1892.97 6.945959273725748,44.886342231184244,1893.45 6.946196313947439,44.886292945593596,1893.45 6.946380129083991,44.886285066604614,1893.45 6.946548102423549,44.886277103796601,1893.9300000000001 6.946690594777465,44.886273834854364,1893.9300000000001 6.946871727705002,44.886268386617303,1893.45 6.947041461244226,44.886278947815299,1894.4200000000001 6.947072222828865,44.886286910623312,1894.4200000000001 6.947213793173432,44.886310212314129,1894.4200000000001 6.947410181164742,44.88637575879693,1894.9000000000001 6.947420239448547,44.886386319994926,1894.9000000000001 6.947520654648542,44.886537613347173,1894.9000000000001 6.947697261348367,44.886643057689071,1895.3800000000001 6.947797425091267,44.886698042973876,1895.8599999999999 6.94792851805687,44.886738108471036,1896.3399999999999 6.948098251596093,44.886771133169532,1896.8199999999999 6.948277372866869,44.886807091534138,1896.8199999999999 6.94851391017437,44.886839780956507,1896.3399999999999 6.94866050966084,44.886889988556504,1896.8199999999999 6.948804259300232,44.886934077367187,1896.8199999999999 6.949001736938953,44.886941956356168,1896.8199999999999 6.949126878753305,44.886947739869356,1897.3 6.9492272939533,44.886955367401242,1897.78 6.949310023337603,44.886942207813263,1897.78 6.949338521808386,44.886970538645983,1897.78 6.949297534301877,44.886979339644313,1897.78 6.949195945635438,44.886949667707086,1897.3 6.949061499908567,44.886949667707086,1897.3 6.948945997282863,44.886941704899073,1897.3 6.948717338964343,44.886980261653662,1893.45 6.948651038110256,44.886996941640973,1892.97 6.948516760021448,44.887030133977532,1892.01 6.948417602106929,44.887041701003909,1891.53 6.948346607387066,44.887046311050653,1891.05 6.94829254411161,44.887032732367516,1891.05 6.948117949068546,44.886980010196567,1891.05 6.947993142530322,44.88698361441493,1890.5699999999999 6.947877388447523,44.886964000761509,1891.05 6.947858361527324,44.886966850608587,1891.05 6.947741769254208,44.886996941640973,1891.05 6.947703044861555,44.887003563344479,1891.05 6.947552170604467,44.887001719325781,1890.5699999999999 6.947506070137024,44.88699677400291,1890.5699999999999 6.947519145905972,44.886997444555163,1890.5699999999999 6.947512356564403,44.887023009359837,1889.6099999999999 6.947505651041865,44.886996271088719,1889.6099999999999 6.947511937469244,44.886970371007919,1889.1300000000001 6.947516882792115,44.88698948174715,1889.6099999999999 6.947536747902632,44.886970706284046,1889.6099999999999 6.947565581649542,44.886978417634964,1889.6099999999999 6.947559546679258,44.886949667707086,1889.1300000000001 6.947541441768408,44.886936759576201,1889.1300000000001 6.947508668527007,44.886956959962845,1889.1300000000001 6.947548231109977,44.886924270540476,1889.1300000000001 6.947623332962394,44.886848498135805,1889.6099999999999 6.947557032108307,44.886865261942148,1889.6099999999999 6.947491904720664,44.886906333267689,1890.0899999999999 6.947440188378096,44.886937346309423,1890.5699999999999 6.9474883005023,44.88693424500525,1890.5699999999999 6.947498442605138,44.886950757354498,1891.05 6.947502801194787,44.886964922770858,1891.05 6.947492323815823,44.88693374209106,1891.05 6.947501627728343,44.886943381279707,1891.05 6.947457958012819,44.886962072923779,1891.53 6.947499280795455,44.886939777061343,1891.53 6.947459382936359,44.886938268318772,1892.01 6.947479834780097,44.886948661878705,1892.01 6.947483690455556,44.886969113722444,1892.01 6.947456113994122,44.886964084580541,1892.49 6.947439685463905,44.886955451220274,1892.01 6.947459550574422,44.886951176449656,1893.45 6.947509590536356,44.886943297460675,1893.45 6.94747656583786,44.886948494240642,1893.9300000000001 6.947531551122665,44.88694304600358,1893.9300000000001 6.947510093450546,44.886927120387554,1894.4200000000001 6.947482181712985,44.886935921385884,1894.4200000000001 6.94744965992868,44.886962072923779,1894.4200000000001 6.947471536695957,44.886967688798904,1894.9000000000001 6.947473464533687,44.886967102065682,1894.9000000000001 6.947519481182098,44.88696550950408,1895.3800000000001 6.947515457868576,44.88694061525166,1895.3800000000001 6.947542699053884,44.886933825910091,1894.4200000000001 6.947521576657891,44.886924102902412,1894.4200000000001 6.947488132864237,44.886913793161511,1894.9000000000001 6.947463490068913,44.88691370934248,1894.4200000000001 6.947507495060563,44.886924102902412,1894.9000000000001 6.94751369766891,44.886938855051994,1894.4200000000001 6.947531048208475,44.886942207813263,1895.8599999999999 6.94751855917275,44.886949667707086,1893.9300000000001 6.947513110935688,44.886952098459005,1895.8599999999999 </coordinates></LineString></MultiGeometry></Placemark></Folder></Folder></Document></kml>